CCSDS_OEM_VERS = 2.0
CREATION_DATE  = 2024-10-22T13:04:46.001000
ORIGINATOR     = BTAS3_OFEI

META_START
OBJECT_NAME    = Satellite
OBJECT_ID      = QK-1
CENTER_NAME    = EARTH
REF_FRAME      = J2000
TIME_SYSTEM    = UTC
START_TIME     = 2024-10-22T12:00:00.000000
STOP_TIME      = 2024-10-25T12:00:00.000000
META_STOP

COMMENT OEM data, unit is km and km/s.

2024-10-22T12:00:00.000000 -6678.409050354 -33.021430903 462.703591355 -0.54539564416 0.88062170647 -7.65144667743
2024-10-22T12:01:00.000000 -6695.120308845 19.852540770 2.873565388 -0.01144750004 0.88114059335 -7.67008377248
2024-10-22T12:02:00.000000 -6679.784859004 72.631115209 -456.969898931 0.52239576387 0.87744390321 -7.65189885750
2024-10-22T12:03:00.000000 -6632.486651157 125.061925158 -914.620024162 1.05354770521 0.86955358822 -7.59700636134
2024-10-22T12:04:00.000000 -6553.464378836 176.894449460 -1367.882298540 1.57943853354 0.85750915662 -7.50570166258
2024-10-22T12:05:00.000000 -6443.110042602 227.881136013 -1814.585376785 2.09752999858 0.84137110998 -7.37846048850
2024-10-22T12:06:00.000000 -6301.966700976 277.778759583 -2252.591743195 2.60532721728 0.82122249098 -7.21593431234
2024-10-22T12:07:00.000000 -6130.725493948 326.349640075 -2679.808175607 3.10039108327 0.79716474155 -7.01894797682
2024-10-22T12:08:00.000000 -5930.221829955 373.362723758 -3094.196069231 3.58035465463 0.76931738120 -6.78849528656
2024-10-22T12:09:00.000000 -5701.430703913 418.594689043 -3493.781203277 4.04293268135 0.73781883174 -6.52572737272
2024-10-22T12:10:00.000000 -5445.461606478 461.831095293 -3876.663067423 4.48592950853 0.70282634762 -6.23195005320
2024-10-22T12:11:00.000000 -5163.552657194 502.867411265 -4241.023982139 4.90725524670 0.66451237194 -5.90861589022
2024-10-22T12:12:00.000000 -4857.064034060 541.509880761 -4585.137514282 5.30493223621 0.62306395937 -5.55731294527
2024-10-22T12:13:00.000000 -4527.470966212 577.576419313 -4907.376387314 5.67710471997 0.57868253868 -5.17975645614
2024-10-22T12:14:00.000000 -4176.356188263 610.897386733 -5206.219754784 6.02204535308 0.53158166562 -4.77777694156
2024-10-22T12:15:00.000000 -3805.402162043 641.316355205 -5480.259878533 6.33815889215 0.48198795521 -4.35331325644
2024-10-22T12:16:00.000000 -3416.382887178 668.690839728 -5728.208307055 6.62398902781 0.43013947686 -3.90840112215
2024-10-22T12:17:00.000000 -3011.155470951 692.892944885 -5948.901567179 6.87822439850 0.37628394758 -3.44516922187
2024-10-22T12:18:00.000000 -2591.651141913 713.809888441 -6141.306340295 7.09970609845 0.32067730018 -2.96582581711
2024-10-22T12:19:00.000000 -2159.865912541 731.344432915 -6304.523901634 7.28743443409 0.26358143203 -2.47264587835
2024-10-22T12:20:00.000000 -1717.851044315 745.415215831 -6437.793607496 7.44056608374 0.20526364849 -1.96795593815
2024-10-22T12:21:00.000000 -1267.703756760 755.957111310 -6540.495939564 7.55841472688 0.14599788873 -1.45413328673
2024-10-22T12:22:00.000000 -811.557432046 762.921533618 -6612.155167253 7.64046085304 0.08606078539 -0.93358955122
2024-10-22T12:23:00.000000 -351.571828287 766.276544396 -6652.440923042 7.68634367319 0.02573069976 -0.40875855945
2024-10-22T12:24:00.000000 110.076454265 766.006976083 -6661.169552982 7.69586445384 -0.03471137125 0.11790437832
2024-10-22T12:25:00.000000 571.203951800 762.114601008 -6638.304971013 7.66899287833 -0.09498245598 0.64393895095
2024-10-22T12:26:00.000000 1029.630298678 754.618132074 -6583.958514460 7.60586170676 -0.15480108985 1.16689214596
2024-10-22T12:27:00.000000 1483.187959628 743.553103968 -6498.388361251 7.50676615129 -0.21388808859 1.68432372503
2024-10-22T12:28:00.000000 1929.731999271 728.971722851 -6381.998449529 7.37216396142 -0.27196729734 2.19381727546
2024-10-22T12:29:00.000000 2367.149754368 710.942585476 -6235.336734218 7.20267303970 -0.32876876015 2.69299019893
2024-10-22T12:30:00.000000 2793.370394123 689.550332314 -6059.092811087 6.99906880407 -0.38402739983 3.17950544993
2024-10-22T12:31:00.000000 3206.374244360 664.895334050 -5854.094988872 6.76228137181 -0.43748451331 3.65107727528
2024-10-22T12:32:00.000000 3604.202093254 637.093239795 -5621.306956847 6.49339574191 -0.48888939152 4.10548064238
2024-10-22T12:33:00.000000 3984.964407136 606.274521687 -5361.823771071 6.19364869140 -0.53799887347 4.54056387206
2024-10-22T12:34:00.000000 4346.850280617 572.583955825 -5076.867089830 5.86442351664 -0.58457970043 4.95426041513
2024-10-22T12:35:00.000000 4688.136052155 536.179978151 -4767.779756320 5.50724405582 -0.62840989805 5.34459872748
2024-10-22T12:36:00.000000 5007.193553829 497.233989076 -4436.019810331 5.12376804698 -0.66927949902 5.70971222923
2024-10-22T12:37:00.000000 5302.497890710 455.929582349 -4083.153978678 4.71577966448 -0.70699240679 6.04784530628
2024-10-22T12:38:00.000000 5572.634907625 412.461664799 -3710.850808791 4.28518508445 -0.74136761663 6.35736107401
2024-10-22T12:39:00.000000 5816.308338746 367.035547809 -3320.873177078 3.83400567316 -0.77223928642 6.63675490889
2024-10-22T12:40:00.000000 6032.346333292 319.866050408 -2915.070063052 3.36436660165 -0.79945668649 6.88466187046
2024-10-22T12:41:00.000000 6219.707437889 271.176481142 -2495.367904762 2.87848575415 -0.82288771923 7.09986590398
2024-10-22T12:42:00.000000 6377.485785602 221.197590169 -2063.761675509 2.37866565897 -0.84241616929 7.28129942841
2024-10-22T12:43:00.000000 6504.916118237 170.166542252 -1622.305587998 1.86728745741 -0.85794515070 7.42805789093
2024-10-22T12:44:00.000000 6601.377869018 118.325734839 -1173.103072002 1.34679055239 -0.86939661268 7.53940462829
2024-10-22T12:45:00.000000 6666.398424461 65.921698487 -718.296750969 0.81966670961 -0.87671130656 7.61477158205
2024-10-22T12:46:00.000000 6699.655890530 13.203879617 -260.058019092 0.28844497158 -0.87985171111 7.65376739741
2024-10-22T12:47:00.000000 6700.981009801 -39.576692990 199.423524092 -0.24431759401 -0.87880189240 7.65617874107
2024-10-22T12:48:00.000000 6670.358215585 -92.168551998 657.950987452 -0.77605802105 -0.87356302334 7.62197401586
2024-10-22T12:49:00.000000 6607.925756476 -144.320886918 1113.330919624 -1.30421365138 -0.86415644024 7.55130091058
2024-10-22T12:50:00.000000 6513.975208533 -195.784813899 1563.384181411 -1.82623871744 -0.85062497770 7.44448799801
2024-10-22T12:51:00.000000 6388.950064898 -246.314645849 2005.956693247 -2.33961753336 -0.83303227526 7.30204154587
2024-10-22T12:52:00.000000 6233.443513296 -295.669128402 2438.929990838 -2.84187784314 -0.81146232709 7.12464206459
2024-10-22T12:53:00.000000 6048.195461785 -343.612634659 2860.231589316 -3.33060320774 -0.78601842700 6.91314053624
2024-10-22T12:54:00.000000 5834.088914396 -389.916291601 3267.845068400 -3.80344224970 -0.75682286713 6.66855500244
2024-10-22T12:55:00.000000 5592.145537364 -434.359167695 3659.819970721 -4.25812678389 -0.72401707947 6.39206344826
2024-10-22T12:56:00.000000 5323.520501431 -476.729240224 4034.281047028 -4.69247469892 -0.68775706465 6.08499546713
2024-10-22T12:57:00.000000 5029.496998861 -516.824428547 4389.437447430 -5.10440510792 -0.64821802697 5.74883285878
2024-10-22T12:58:00.000000 4711.479672862 -554.453583839 4723.591358034 -5.49195012425 -0.60558859787 5.38519319938
2024-10-22T12:59:00.000000 4370.987768249 -589.437335460 5035.146013208 -5.85326042048 -0.56007337263 4.99582635954
2024-10-22T13:00:00.000000 4009.647590695 -621.609036131 5322.613277530 -6.18661688877 -0.51189090795 4.58260134292
2024-10-22T13:01:00.000000 3629.184573325 -650.815491499 5584.620566246 -6.49043629311 -0.46127124526 4.14749918665
2024-10-22T13:02:00.000000 3231.414908867 -676.917690256 5819.917217103 -6.76327723109 -0.40845713984 3.69260201737
2024-10-22T13:03:00.000000 2818.236741887 -699.791516446 6027.380349413 -7.00385159737 -0.35370169802 3.22008409938
2024-10-22T13:04:00.000000 2391.620838472 -719.328268457 6206.019775755 -7.21102477626 -0.29726514900 2.73219218200
2024-10-22T13:05:00.000000 1953.601584936 -735.435037449 6354.982290666 -7.38381268404 -0.23941403001 2.23124642677
2024-10-22T13:06:00.000000 1506.267502719 -748.035126452 6473.555932084 -7.52139685898 -0.18042179721 1.71963116772
2024-10-22T13:07:00.000000 1051.751184303 -757.068406061 6561.173183567 -7.62312550082 -0.12056737078 1.19977502089
2024-10-22T13:08:00.000000 592.219368503 -762.491642484 6617.413439750 -7.68851339990 -0.06013462499 0.67414490248
2024-10-22T13:09:00.000000 129.862836630 -764.278731039 6642.004942802 -7.71724402876 0.00058957643 0.14523393113
2024-10-22T13:10:00.000000 -333.113731090 -762.420822021 6634.826097225 -7.70917117737 0.06131734693 -0.38444754443
2024-10-22T13:11:00.000000 -794.502022760 -756.926338140 6595.906148824 -7.66431986777 0.12176074174 -0.91238345966
2024-10-22T13:12:00.000000 -1252.100401530 -747.820947015 6525.425275460 -7.58288895175 0.18163358197 -1.43606086090
2024-10-22T13:13:00.000000 -1703.724435611 -735.147375950 6423.713777116 -7.46525011939 0.24065301498 -1.95299208956
2024-10-22T13:14:00.000000 -2147.216850846 -718.965282444 6291.250462213 -7.31193895368 0.29853784783 -2.46071291892
2024-10-22T13:15:00.000000 -2580.457721414 -699.351040343 6128.661025888 -7.12366401102 0.35501255869 -2.95679528437
2024-10-22T13:16:00.000000 -3001.374693169 -676.397364663 5936.715386926 -6.90130241991 0.40980803163 -3.43886209899
2024-10-22T13:17:00.000000 -3407.952953168 -650.212920252 5716.324150567 -6.64589325044 0.46266156525 -3.90460236423
2024-10-22T13:18:00.000000 -3798.244774110 -620.921907647 5468.534483051 -6.35863372610 0.51331900132 -4.35177636212
2024-10-22T13:19:00.000000 -4170.378947743 -588.663418684 5194.525538361 -6.04087676538 0.56153786587 -4.77822610280
2024-10-22T13:20:00.000000 -4522.570014514 -553.590770074 4895.603122151 -5.69412571186 0.60708675961 -5.18189058721
2024-10-22T13:21:00.000000 -4853.126934145 -515.870823357 4573.193608884 -5.32002454247 0.64974525732 -5.56081193251
2024-10-22T13:22:00.000000 -5160.461572666 -475.683321665 4228.837488865 -4.92035819371 0.68930522313 -5.91314775628
2024-10-22T13:23:00.000000 -5443.096755118 -433.220010332 3864.181935396 -4.49703766250 0.72557502213 -6.23718499308
2024-10-22T13:24:00.000000 -5699.673511173 -388.683647279 3480.972980331 -4.05209188728 0.75837894663 -6.53134252531
2024-10-22T13:25:00.000000 -5928.958039677 -342.287050117 3081.047270699 -3.58766224835 0.78755777930 -6.79418322462
2024-10-22T13:26:00.000000 -6129.848059122 -294.252056824 2666.323120544 -3.10598945142 0.81297011151 -7.02442296256
2024-10-22T13:27:00.000000 -6301.378432785 -244.808438250 2238.791132021 -2.60940220093 0.83449296326 -7.22093738360
2024-10-22T13:28:00.000000 -6442.726095734 -194.192801150 1800.504428191 -2.10030582508 0.85202149388 -7.38276784841
2024-10-22T13:29:00.000000 -6553.214324521 -142.647444301 1353.568498918 -1.58117063029 0.86547142332 -7.50912877344
2024-10-22T13:30:00.000000 -6632.316150060 -90.419085786 900.130630868 -1.05451525153 0.87477928000 -7.59941286267
2024-10-22T13:31:00.000000 -6679.656781338 -37.757682681 442.369254281 -0.52289269097 0.87990012724 -7.65318811029
2024-10-22T13:32:00.000000 -6695.015607274 15.084667680 -17.516630507 0.01111305075 0.88080864752 -7.67020381334
2024-10-22T13:33:00.000000 -6678.327432092 67.855052968 -477.318605963 0.54490809400 0.87750285964 -7.65039601859
2024-10-22T13:34:00.000000 -6629.682637004 120.301105503 -934.830017168 1.07590386354 0.87000240438 -7.59388734573
2024-10-22T13:35:00.000000 -6549.326330760 172.172221530 -1387.857001278 1.60153249203 0.85834665970 -7.50098048356
2024-10-22T13:36:00.000000 -6437.656857736 223.220781565 -1834.229230026 2.11925642922 0.84259536507 -7.37215717731
2024-10-22T13:37:00.000000 -6295.223589337 273.203312056 -2271.810597994 2.62658085029 0.82282710065 -7.20807642852
2024-10-22T13:38:00.000000 -6122.723949092 321.881660233 -2698.509821184 3.12106815060 0.79914079234 -7.00957232645
2024-10-22T13:39:00.000000 -5920.999505667 369.024193047 -3112.290721239 3.60035325563 0.77165440254 -6.77764576579
2024-10-22T13:40:00.000000 -5691.031341649 414.406904495 -3511.181980189 4.06215249599 0.74050442261 -6.51345760966
2024-10-22T13:41:00.000000 -5433.934760656 457.814535019 -3893.286576638 4.50427732804 0.70584554651 -6.21832139089
2024-10-22T13:42:00.000000 -5150.953358899 499.041606393 -4256.790661855 4.92464121925 0.66784904408 -5.89369551597
2024-10-22T13:43:00.000000 -4843.452559912 537.893402954 -4599.972069753 5.32127183156 0.62670203306 -5.54117534086
2024-10-22T13:44:00.000000 -4512.912510828 574.186816001 -4921.208148284 5.69231814181 0.58260372065 -5.16248134026
2024-10-22T13:45:00.000000 -4160.920627544 607.751041225 -5218.983031391 6.03605672417 0.53576551778 -4.75945101208
2024-10-22T13:46:00.000000 -3789.163715957 638.428381085 -5491.894379702 6.35089935334 0.48641268051 -4.33402938204
2024-10-22T13:47:00.000000 -3399.419679258 666.074964508 -5738.659517072 6.63539811898 0.43478043551 -3.88825869925
2024-10-22T13:48:00.000000 -2993.548973096 690.561383722 -5958.121017622 6.88825049578 0.38111595251 -3.42427032783
2024-10-22T13:49:00.000000 -2573.485643714 711.773347839 -6149.251735620 7.10830678355 0.32567514791 -2.94427313229
2024-10-22T13:50:00.000000 -2141.228082584 729.612130888 -6311.159070503 7.29457211531 0.26872105305 -2.45054165737
2024-10-22T13:51:00.000000 -1698.829661557 743.994994047 -6443.088641425 7.44620922925 0.21052306843 -1.94540698235
2024-10-22T13:52:00.000000 -1248.389192763 754.855481200 -6544.427354220 7.56254092451 0.15135421231 -1.43124586229
2024-10-22T13:53:00.000000 -792.041271223 762.143577992 -6614.705850842 7.64305189347 0.09148942317 -0.91047091646
2024-10-22T13:54:00.000000 -331.946556142 765.825851489 -6653.600349158 7.68738888382 0.03120667917 -0.38552069967
2024-10-22T13:55:00.000000 129.718045649 765.885630053 -6660.933897100 7.69536384940 -0.02921348259 0.14115137562
2024-10-22T13:56:00.000000 590.769251656 762.323130892 -6636.676878226 7.66695151971 -0.08948873977 0.66708870220
2024-10-22T13:57:00.000000 1049.027118643 755.155535475 -6580.947055686 7.60228927866 -0.14933645205 1.18983629671
2024-10-22T13:58:00.000000 1502.324940910 744.416873225 -6494.009166279 7.50168121959 -0.20847852331 1.70695290277
2024-10-22T13:59:00.000000 1948.519142915 730.157701370 -6376.273565404 7.36559219006 -0.26664114378 2.21602753690
2024-10-22T14:00:00.000000 2385.498680010 712.444977263 -6228.294320423 7.19464236895 -0.32355192705 2.71468043744
2024-10-22T14:01:00.000000 2811.194544282 691.361844129 -6050.767220145 6.98961384984 -0.37894418135 3.20057000802
2024-10-22T14:02:00.000000 3223.589523142 667.007258569 -5844.526894594 6.75144915633 -0.43255765012 3.67141307900
2024-10-22T14:03:00.000000 3620.727427321 639.495533390 -5610.542974217 6.48123887105 -0.48414096960 4.12499220828
2024-10-22T14:04:00.000000 4000.722005205 608.955815642 -5349.916116481 6.18022431273 -0.53345096426 4.55915978340
2024-10-22T14:05:00.000000 4361.765938423 575.531559106 -5063.873360887 5.84979410784 -0.58025424303 4.97185250060
2024-10-22T14:06:00.000000 4702.139494424 539.379900889 -4753.762757962 5.49147822048 -0.62432819763 5.36110169896
2024-10-22T14:07:00.000000 5020.218820305 500.670986220 -4421.047379916 5.10694144275 -0.66546206243 5.72504353208
2024-10-22T14:08:00.000000 5314.483830767 459.587214258 -4067.298761641 4.69797691574 -0.70345836255 6.06192813863
2024-10-22T14:09:00.000000 5583.525678207 416.322399614 -3694.189710006 4.26649694311 -0.73813429532 6.37013162571
2024-10-22T14:10:00.000000 5826.053446987 371.080882735 -3303.486619987 3.81452013947 -0.76932156950 6.64815710476
2024-10-22T14:11:00.000000 6040.900662384 324.076652414 -2897.041729905 3.34417476577 -0.79686734523 6.89464377948
2024-10-22T14:12:00.000000 6227.031452977 275.532356424 -2476.784504734 2.85768394209 -0.82063593474 7.10837870994
2024-10-22T14:13:00.000000 6383.545958115 225.678257590 -2044.712601516 2.35735684304 -0.84050941706 7.28830330401
2024-10-22T14:14:00.000000 6509.685166880 174.751071257 -1602.882307619 1.84557601744 -0.85639125716 7.43352334198
2024-10-22T14:15:00.000000 6604.834761833 122.992708234 -1153.398570826 1.32478084341 -0.86820360894 7.54331093385
2024-10-22T14:16:00.000000 6668.528245713 70.649250754 -698.404935816 0.79745649628 -0.87588591924 7.61710643475
2024-10-22T14:17:00.000000 6700.449591693 17.969844789 -240.073622887 0.26613506980 -0.87939665317 7.65451732262
2024-10-22T14:18:00.000000 6700.435672293 -34.794485648 219.405212071 -0.26662482676 -0.87871488412 7.65533763825
2024-10-22T14:19:00.000000 6668.477251713 -87.392075242 677.834453518 -0.79825302133 -0.87384068373 7.61954226403
2024-10-22T14:20:00.000000 6604.719214650 -139.571965371 1133.021054362 -1.32618658501 -0.86479697986 7.54729104364
2024-10-22T14:21:00.000000 6509.459645688 -191.085165157 1582.786867318 -1.84788203250 -0.85162655505 7.43892031183
2024-10-22T14:22:00.000000 6383.148438232 -241.685863983 2024.979277325 -2.36082558593 -0.83439238597 7.29494472803
2024-10-22T14:23:00.000000 6226.385029459 -291.132611169 2457.481803497 -2.86254818554 -0.81317687071 7.11605319163
2024-10-22T14:24:00.000000 6039.915399242 -339.189491656 2878.224401422 -3.35063596946 -0.78808213611 6.90310417294
2024-10-22T14:25:00.000000 5824.628389003 -385.627277227 3285.193516071 -3.82274248326 -0.75922842251 6.65712128607
2024-10-22T14:26:00.000000 5581.551336763 -430.224476144 3676.441900661 -4.27660043222 -0.72675407218 6.37929048248
2024-10-22T14:27:00.000000 5311.844880514 -472.768460069 4050.098051934 -4.71003440529 -0.69081482222 6.07094876684
2024-10-22T14:28:00.000000 5016.797283273 -513.056350527 4404.375175938 -5.12096858294 -0.65158109648 5.73358272821
2024-10-22T14:29:00.000000 4697.817931918 -550.896099078 4737.579895609 -5.50744257147 -0.60924321021 5.36881673909
2024-10-22T14:30:00.000000 4356.430292903 -586.107537234 5048.120132145 -5.86761490973 -0.56400577164 4.97840209829
2024-10-22T14:31:00.000000 3994.264559865 -618.523121442 5334.512527819 -6.19977085120 -0.51608517971 4.56421027859
2024-10-22T14:32:00.000000 3613.049819354 -647.988643113 5595.389461696 -6.50233044245 -0.46570924652 4.12822676240
2024-10-22T14:33:00.000000 3214.605570878 -674.363917785 5829.505578024 -6.77386151603 -0.41311802900 3.67253791980
2024-10-22T14:34:00.000000 2800.832817336 -697.523508124 6035.743305860 -7.01307880086 -0.35856204066 3.19931650283
2024-10-22T14:35:00.000000 2373.705158792 -717.357215740 6213.117941044 -7.21884902383 -0.30229910621 2.71081660761
2024-10-22T14:36:00.000000 1935.259518048 -733.770610676 6360.782206614 -7.39019574904 -0.24459686148 2.20936418882
2024-10-22T14:37:00.000000 1487.586454169 -746.685526555 6478.030288023 -7.52630860510 -0.18572912194 1.69734546742
2024-10-22T14:38:00.000000 1032.820164750 -756.040358648 6564.300938638 -7.62654309769 -0.12597417007 1.17719161274
2024-10-22T14:39:00.000000 573.128526116 -761.790333078 6619.179876925 -7.69042091471 -0.06561474874 0.65136851912
2024-10-22T14:40:00.000000 110.703142514 -763.907783511 6642.401653695 -7.71763016560 -0.00493801472 0.12237072676
2024-10-22T14:41:00.000000 -352.250811983 -762.382298743 6633.851129863 -7.70803103323 0.05576854245 -0.40728859851
2024-10-22T14:42:00.000000 -813.524975410 -757.220687859 6593.564156450 -7.66165747337 0.11621855105 -0.93509167103
2024-10-22T14:43:00.000000 -1270.918237554 -748.446956221 6521.727418581 -7.57871582641 0.17612450448 -1.45853052618
2024-10-22T14:44:00.000000 -1722.246905590 -736.102339776 6418.677675494 -7.45958156496 0.23520099225 -1.97511152029
2024-10-22T14:45:00.000000 -2165.355019400 -720.245021190 6284.900495066 -7.30480272967 0.29316841011 -2.48237077951
2024-10-22T14:46:00.000000 -2598.124568177 -700.949840652 6121.028114020 -7.11509603057 0.34975049278 -2.97788505657
2024-10-22T14:47:00.000000 -3018.485534633 -678.308084947 5927.836693801 -6.89134448838 0.40467677056 -3.45928128048
2024-10-22T14:48:00.000000 -3424.425860387 -652.426966387 5706.242971418 -6.63459589792 0.45768643738 -3.92424933594
2024-10-22T14:49:00.000000 -3814.001130248 -623.429090739 5457.300108545 -6.34605677972 0.50852750447 -4.37055372363
2024-10-22T14:50:00.000000 -4185.343927007 -591.451897867 5182.192814067 -6.02708522499 0.55695725141 -4.79604649743
2024-10-22T14:51:00.000000 -4536.672715870 -556.647125883 4882.231954869 -5.67918632880 0.60274212793 -5.19867151877
2024-10-22T14:52:00.000000 -4866.300624118 -519.180180625 4558.848715555 -5.30400895216 0.64566058919 -5.57647607222
2024-10-22T14:53:00.000000 -5172.643891966 -479.229357749 4213.588124970 -4.90334127120 0.68550431165 -5.92762010895
2024-10-22T14:54:00.000000 -5454.230103611 -436.985071206 3848.101787637 -4.47910349798 0.72207819805 -6.25039439992
2024-10-22T14:55:00.000000 -5709.705521652 -392.648944418 3464.139724931 -4.03332998605 0.75520426300 -6.54322719709
2024-10-22T14:56:00.000000 -5937.841780920 -346.432710702 3063.542013745 -3.56816369649 0.78472324856 -6.80469039061
2024-10-22T14:57:00.000000 -6137.542084428 -298.557170408 2648.229921814 -3.08584625920 0.81049201437 -7.03350683947
2024-10-22T14:58:00.000000 -6307.846841514 -249.251219451 2220.196563398 -2.58870662981 0.83238377593 -7.22856019833
2024-10-22T14:59:00.000000 -6447.938463540 -198.750859662 1781.497172253 -2.07914903268 0.85028928680 -7.38889560462
2024-10-22T15:00:00.000000 -6557.145856610 -147.297989949 1334.239188679 -1.55964901677 0.86412104757 -7.51373207093
2024-10-22T15:01:00.000000 -6634.947828988 -95.139184046 880.571436144 -1.03272430874 0.87381104033 -7.60246861565
2024-10-22T15:02:00.000000 -6680.975376310 -42.524478176 422.673686979 -0.50093149983 0.87931118745 -7.65467494733
2024-10-22T15:03:00.000000 -6695.014119767 10.293856328 -37.253968866 0.03313589995 0.88059694872 -7.67010796552
2024-10-22T15:04:00.000000 -6677.005566198 63.062818635 -497.002634335 0.56687896623 0.87766646028 -7.64871583686
2024-10-22T15:05:00.000000 -6627.046828604 115.529790368 -954.365944246 1.09771307505 0.87053444837 -7.59063281758
2024-10-22T15:06:00.000000 -6545.389604306 167.443618297 -1407.150795333 1.62306807193 0.85923704450 -7.49616750981
2024-10-22T15:07:00.000000 -6432.439011760 218.556239096 -1853.188163347 2.14040711629 0.84383994728 -7.36581364707
2024-10-22T15:08:00.000000 -6288.750849100 268.623989748 -2290.343889538 2.64724303011 0.82442254842 -7.20023852437
2024-10-22T15:09:00.000000 -6115.028602603 317.408479687 -2716.529056720 3.14114351466 0.80108238617 -7.00028236398
2024-10-22T15:10:00.000000 -5912.119629877 364.677724970 -3129.710170983 3.61974672762 0.77393532177 -6.76695145537
2024-10-22T15:11:00.000000 -5681.010591656 410.207260795 -3527.918977017 4.08077329538 0.74311600661 -6.50141303463
2024-10-22T15:12:00.000000 -5422.822123890 453.781236545 -3909.261894858 4.52203873713 0.70877678234 -6.20498734123
2024-10-22T15:13:00.000000 -5138.802856304 495.193451976 -4271.928897620 4.94146238852 0.67108689039 -5.87913805516
2024-10-22T15:14:00.000000 -4830.322906222 534.248325370 -4614.201866307 5.33707650671 0.63023060581 -5.52546328081
2024-10-22T15:15:00.000000 -4498.866928913 570.761761356 -4934.462411334 5.70703234913 0.58640660418 -5.14568849069
2024-10-22T15:16:00.000000 -4146.026659560 604.561997371 -5231.199296432 6.04961094979 0.53982697910 -4.74165785349
2024-10-22T15:17:00.000000 -3773.492898355 635.490363094 -5503.015191668 6.36323007022 0.49071591411 -4.31532225777
2024-10-22T15:18:00.000000 -3383.047156385 663.401971157 -5748.632748731 6.64644880802 0.43930837385 -3.86872863556
2024-10-22T15:19:00.000000 -2976.553049825 688.166321577 -5966.900105295 6.89797225378 0.38584881217 -3.40401147046
2024-10-22T15:20:00.000000 -2555.947354201 709.667848242 -6156.795834828 7.11665739394 0.33059050530 -2.92338202596
2024-10-22T15:21:00.000000 -2123.230785538 727.806423385 -6317.433203100 7.30151665043 0.27379440340 -2.42911693348
2024-10-22T15:22:00.000000 -1680.458606613 742.497754750 -6448.063716800 7.45171859270 0.21572749905 -1.92354619735
2024-10-22T15:23:00.000000 -1229.731273344 753.673775867 -6548.080209287 7.56659008147 0.15666324402 -1.40904961628
2024-10-22T15:24:00.000000 -773.184696310 761.282908324 -6617.019446480 7.64562216748 0.09687728351 -0.88804271742
2024-10-22T15:25:00.000000 -312.980389552 765.290174316 -6654.563914720 7.68847083564 0.03664763938 -0.36296509345
2024-10-22T15:26:00.000000 148.704396125 765.677360537 -6660.542846929 7.69495432010 -0.02374514800 0.16373277126
2024-10-22T15:27:00.000000 609.686274016 762.443137821 -6634.932752428 7.66505079902 -0.08401899799 0.68959208958
2024-10-22T15:28:00.000000 1067.785585793 755.603061170 -6577.857721837 7.59890736390 -0.14389383220 1.21215615171
2024-10-22T15:29:00.000000 1520.836424349 745.189440699 -6489.588625177 7.49683260807 -0.20309055075 1.72898999790
2024-10-22T15:30:00.000000 1966.696134404 731.251315137 -6370.541827867 7.35929481843 -0.26133153234 2.23767994173
2024-10-22T15:31:00.000000 2403.255003450 713.854190021 -6221.277527490 7.18692256313 -0.31834605931 2.73584640781
2024-10-22T15:32:00.000000 2828.445826680 693.079624020 -6042.497543914 6.98050491658 -0.37386881456 3.22115047642
2024-10-22T15:33:00.000000 3240.253559173 669.025015560 -5835.042396580 6.74099036596 -0.42763779906 3.69131054915
2024-10-22T15:34:00.000000 3636.724591521 641.803218604 -5599.887508596 6.46947699300 -0.47940052587 4.14411141745
2024-10-22T15:35:00.000000 4015.975679386 611.541952443 -5338.139144321 6.16721252350 -0.52891355879 4.57740916202
2024-10-22T15:36:00.000000 4376.202867760 578.383281799 -5051.029727186 5.83559138141 -0.57594244855 4.98914423855
2024-10-22T15:37:00.000000 4715.690124443 542.483022951 -4739.912449439 5.47614877327 -0.62026348554 5.37735210580
2024-10-22T15:38:00.000000 5032.817612324 504.010073339 -4406.255293308 5.09055498386 -0.66166447947 5.74017283622
2024-10-22T15:39:00.000000 5326.069573390 463.145678679 -4051.634439909 4.68060773447 -0.69994627877 6.07586112983
2024-10-22T15:40:00.000000 5594.041750846 420.082616679 -3677.727133927 4.24822466487 -0.73492373299 6.38279504398
2024-10-22T15:41:00.000000 5835.448309985 375.024332284 -3286.304028430 3.79543396531 -0.76642662290 6.65948374625
2024-10-22T15:42:00.000000 6049.128274011 328.184010840 -2879.221163120 3.32436882086 -0.79430072848 6.90457360522
2024-10-22T15:43:00.000000 6234.051591423 279.783551283 -2458.411351149 2.83725754427 -0.81841000465 7.11686081537
2024-10-22T15:44:00.000000 6389.324415072 230.052509469 -2025.875001669 2.33641047612 -0.83863493110 7.29529654962
2024-10-22T15:45:00.000000 6514.193754407 179.227100411 -1583.670677156 1.82421075294 -0.85487348912 7.43899223458
2024-10-22T15:46:00.000000 6608.051512314 127.549064433 -1133.905297621 1.30310301633 -0.86704408290 7.54722545541
2024-10-22T15:47:00.000000 6670.437802738 75.264395607 -678.724005031 0.77558079512 -0.87508602686 7.61944536556
2024-10-22T15:48:00.000000 6701.043494510 22.622157673 -220.299763591 0.24417378137 -0.87895789928 7.65527567645
2024-10-22T15:49:00.000000 6699.712046436 -30.126743875 239.177193926 -0.28856346665 -0.87864005998 7.65451793559
2024-10-22T15:50:00.000000 6666.440573773 -82.730872336 697.510153864 -0.82006597215 -0.87413399785 7.61715455476
2024-10-22T15:51:00.000000 6601.380078403 -134.939463317 1152.506793761 -1.34777171928 -0.86546054176 7.54334985578
2024-10-22T15:52:00.000000 6504.834771570 -186.503575583 1601.990093405 -1.86913835914 -0.85265970146 7.43344880171
2024-10-22T15:53:00.000000 6377.260492866 -237.177283106 2043.809021177 -2.38165563751 -0.83579239706 7.28797217453
2024-10-22T15:54:00.000000 6219.262420797 -286.718961290 2475.848994902 -2.88285822891 -0.81494044044 7.10761292535
2024-10-22T15:55:00.000000 6031.592146587 -334.892374037 2896.042055355 -3.37033163412 -0.79020096166 6.89323431679
2024-10-22T15:56:00.000000 5815.143953078 -381.467645018 3302.377310654 -3.84174022044 -0.76169103315 6.64586899805
2024-10-22T15:57:00.000000 5570.950147530 -426.222727342 3692.909989350 -4.29481110485 -0.72955255416 6.36669357938
2024-10-22T15:58:00.000000 5300.177160502 -468.944402950 4065.771335691 -4.72735780502 -0.69393754008 6.05706303083
2024-10-22T15:59:00.000000 5004.119152143 -509.429129100 4419.178572413 -5.13731294737 -0.65501770963 5.71848604927
2024-10-22T16:00:00.000000 4684.190320279 -547.484118856 4751.443054206 -5.52273504505 -0.61297783345 5.35258447990
2024-10-22T16:01:00.000000 4341.918508822 -582.928008696 5060.977249224 -5.88178331459 -0.56801567114 4.96111320751
2024-10-22T16:02:00.000000 3978.938096735 -615.591888014 5346.302705524 -6.21274779111 -0.52034823979 4.54594908853
2024-10-22T16:03:00.000000 3596.981989633 -645.320263432 5606.056984425 -6.51405615688 -0.47020452752 4.10908067759
2024-10-22T16:04:00.000000 3197.873155235 -671.971686099 5839.000029198 -6.78427963683 -0.41782381630 3.65259729279
2024-10-22T16:05:00.000000 2783.515820446 -695.419348271 6044.019870269 -7.02213878857 -0.36345479301 3.17867710354
2024-10-22T16:06:00.000000 2355.886435979 -715.551655370 6220.137661676 -7.22650650007 -0.30735568610 2.68957828691
2024-10-22T16:07:00.000000 1917.024333928 -732.272735838 6366.512245154 -7.39641518188 -0.24979216571 2.18763039521
2024-10-22T16:08:00.000000 1469.021945213 -745.502891200 6482.444012318 -7.53106252838 -0.19103754115 1.67521923525
2024-10-22T16:09:00.000000 1014.014956769 -755.178978096 6567.377916302 -7.62980936292 -0.13136994038 1.15477723438
2024-10-22T16:10:00.000000 554.172389390 -761.254675510 6620.905986735 -7.69218316692 -0.07107208114 0.62877181789
2024-10-22T16:11:00.000000 91.686679855 -763.700747871 6642.769211871 -7.71787767301 -0.01043016824 0.09970068752
2024-10-22T16:12:00.000000 -371.236609544 -762.505142287 6632.859046144 -7.70676191993 0.05026929631 -0.42992163234
2024-10-22T16:13:00.000000 -832.389256427 -757.673056510 6591.217926952 -7.65887725275 0.11073764465 -0.95757841820
2024-10-22T16:14:00.000000 -1289.570662372 -749.226976459 6518.039161050 -7.57443727597 0.17068857953 -1.48075970732
2024-10-22T16:15:00.000000 -1740.598188321 -737.206426737 6413.666086208 -7.45382575422 0.22983942655 -1.99697556326
2024-10-22T16:16:00.000000 -2183.317271655 -721.667902356 6278.590775427 -7.29759655098 0.28790779720 -2.50375877903
2024-10-22T16:17:00.000000 -2615.611967524 -702.684638258 6113.452174908 -7.10648195123 0.34461893323 -2.99868706108
2024-10-22T16:18:00.000000 -3035.415092198 -680.346167128 5919.032669984 -6.88137202535 0.39970339035 -3.47939994058
2024-10-22T16:19:00.000000 -3440.717591179 -654.758041494 5696.254623540 -6.62331656392 0.45289775068 -3.94359339670
2024-10-22T16:20:00.000000 -3829.578278044 -626.041312972 5446.176488260 -6.33352593501 0.50394855251 -4.38903832793
2024-10-22T16:21:00.000000 -4200.133099912 -594.332000878 5169.987956777 -6.01336011919 0.55261034814 -4.81358960927
2024-10-22T16:22:00.000000 -4550.604072405 -559.780581005 4869.004775572 -5.66432827975 0.59864710549 -5.21519230313
2024-10-22T16:23:00.000000 -4879.308220890 -522.551339600 4544.662952201 -5.28808742033 0.64183468590 -5.59189545019
2024-10-22T16:24:00.000000 -5184.666199374 -482.821637046 4198.512017289 -4.88643249921 0.68196189370 -5.94186810520
2024-10-22T16:25:00.000000 -5465.210154905 -440.781030310 3832.207533832 -4.46128319733 0.71883378459 -6.26340741228
2024-10-22T16:26:00.000000 -5719.590982619 -396.630266606 3447.503300501 -4.01467771351 0.75227198969 -6.55494300291
2024-10-22T16:27:00.000000 -5946.585300056 -350.580331925 3046.243059850 -3.54876658581 0.78211384293 -6.81504935149
2024-10-22T16:28:00.000000 -6145.101799074 -302.851423652 2630.351462304 -3.06579920124 0.80821521691 -7.04245701972
2024-10-22T16:29:00.000000 -6314.186601029 -253.671891863 2201.824453920 -2.56810418988 0.83044792525 -7.23605791969
2024-10-22T16:30:00.000000 -6453.027831752 -203.277289409 1762.719810689 -2.05808864868 0.84870055960 -7.39490001889
2024-10-22T16:31:00.000000 -6560.960453813 -151.909215982 1315.147225262 -1.53823491295 0.86288434096 -7.51820924614
2024-10-22T16:32:00.000000 -6637.469742185 -99.813878346 861.257350793 -1.01106848716 0.87293332570 -7.60539209514
2024-10-22T16:33:00.000000 -6682.193634861 -47.240852637 403.231105555 -0.47915098204 0.87880118622 -7.65603449550
2024-10-22T16:34:00.000000 -6694.924513113 5.558104908 -56.731246855 0.05493360950 0.88046179120 -7.66990591388
2024-10-22T16:35:00.000000 -6675.610094393 58.330300321 -516.421127996 0.58859375824 0.87790995007 -7.64695959846
2024-10-22T16:36:00.000000 -6624.353485510 110.823333340 -973.632648216 1.11924340569 0.87116053352 -7.58733185693
2024-10-22T16:37:00.000000 -6541.412455131 162.786307121 -1426.173570873 1.64431567171 0.86024892693 -7.49134110565
2024-10-22T16:38:00.000000 -6427.197868048 213.971065982 -1871.876152794 2.16127620852 0.84523108891 -7.35948484122
2024-10-22T16:39:00.000000 -6282.271382110 264.133426427 -2308.607815045 2.66763515140 0.82618331033 -7.19243750932
2024-10-22T16:40:00.000000 -6107.342345956 313.034366975 -2734.281674454 3.16096170336 0.80320139819 -6.99104675295
2024-10-22T16:41:00.000000 -5903.263861272 360.441211768 -3146.866727569 3.63889680422 0.77640097222 -6.75632648362
2024-10-22T16:42:00.000000 -5671.028138440 406.128781764 -3544.397654051 4.09916472578 0.74591601445 -6.48945132788
2024-10-22T16:43:00.000000 -5411.761102931 449.880451992 -3924.984217344 4.53958560291 0.71189754648 -6.19174746732
2024-10-22T16:44:00.000000 -5126.716412491 491.489159980 -4286.820067276 4.95808295447 0.67451321214 -5.86468396694
2024-10-22T16:45:00.000000 -4817.268967302 530.758370231 -4628.191102473 5.35269338886 0.63394600169 -5.50986510994
2024-10-22T16:46:00.000000 -4484.907881084 567.502964326 -4947.483299466 5.72157437049 0.59039345213 -5.12902113022
2024-10-22T16:47:00.000000 -4131.228997883 601.550086359 -5243.190012128 6.06301210411 0.54406638036 -4.72399943926
2024-10-22T16:48:00.000000 -3757.926950658 632.739883501 -5513.918704350 6.37542838736 0.49518735343 -4.29675456985
2024-10-22T16:49:00.000000 -3366.786864148 660.926196748 -5758.397091559 6.65738617333 0.44399005040 -3.84933919710
2024-10-22T16:50:00.000000 -2959.675623420 685.977185545 -5975.478738247 6.90759821207 0.39071783180 -3.38389282308
2024-10-22T16:51:00.000000 -2538.532819957 707.775874413 -6164.147838889 7.12492832484 0.33562279919 -2.90262900489
2024-10-22T16:52:00.000000 -2105.361611142 726.220661427 -6323.523413617 7.30839440739 0.27896490350 -2.40782680989
2024-10-22T16:53:00.000000 -1662.219357654 741.225714606 -6452.862948803 7.45717245953 0.22100985858 -1.90182062186
2024-10-22T16:54:00.000000 -1211.208098211 752.721353941 -6551.565349215 7.57059679293 0.16203049781 -1.38698902415
2024-10-22T16:55:00.000000 -754.464978271 760.654444665 -6619.173467193 7.64816487750 0.10230461176 -0.86574962401
2024-10-22T16:56:00.000000 -294.152288975 764.988537118 -6655.375883763 7.68953942907 0.04211022422 -0.34053968050
2024-10-22T16:57:00.000000 167.552195752 765.703884115 -6660.007835973 7.69454166919 -0.01827340464 0.18618934524
2024-10-22T16:58:00.000000 628.464912075 762.797563470 -6633.052020819 7.66315948797 -0.07856536746 0.71197610201
2024-10-22T16:59:00.000000 1086.406590678 756.283473159 -6574.638554972 7.59554525416 -0.13848565756 1.23437054534
2024-10-22T17:00:00.000000 1539.211790776 746.192323011 -6485.044166111 7.49200905964 -0.19775410027 1.75093523287
2024-10-22T17:01:00.000000 1984.738645588 732.571575356 -6364.691254792 7.35302655401 -0.25609298937 2.25925473072
2024-10-22T17:02:00.000000 2420.878661192 715.485218298 -6214.146149745 7.17923369262 -0.31322937217 2.75694791326
2024-10-22T17:03:00.000000 2845.566346919 695.013447647 -6034.116838606 6.97142896365 -0.36889618008 3.24167672224
2024-10-22T17:04:00.000000 3256.788901665 671.252267251 -5825.449795552 6.73056733855 -0.42283364731 3.71116488771
2024-10-22T17:05:00.000000 3652.595247927 644.313069874 -5589.126183219 6.45775195209 -0.47478837098 4.16319892610
2024-10-22T17:06:00.000000 4031.105068221 614.322232504 -5326.257860619 6.15423775312 -0.52451497228 4.59563901505
2024-10-22T17:07:00.000000 4390.517668146 581.420551963 -5038.082545903 5.82142299063 -0.57177794208 5.00642999300
2024-10-22T17:08:00.000000 4729.120554045 545.762669637 -4725.958549790 5.46084900279 -0.61635183341 5.39361009057
2024-10-22T17:09:00.000000 5045.297796554 507.516379228 -4391.358734535 5.07419163548 -0.65802380177 5.75532405676
2024-10-22T17:10:00.000000 5337.537850589 466.861854541 -4035.863878467 4.66325326673 -0.69659418825 6.08983130820
2024-10-22T17:11:00.000000 5604.440931639 423.990827592 -3661.155563842 4.22995579505 -0.73187751451 6.39551364046
2024-10-22T17:12:00.000000 5844.725976915 379.105718908 -3269.008570290 3.77633333954 -0.76370306606 6.67088419576
2024-10-22T17:13:00.000000 6057.237129681 332.418726543 -2861.282737269 3.30452392558 -0.79191581288 6.91459583572
2024-10-22T17:14:00.000000 6240.949707566 284.150859592 -2439.914333797 2.81676026129 -0.81637724463 7.12544947056
2024-10-22T17:15:00.000000 6394.975555825 234.530912739 -2006.906938927 2.31535877268 -0.83696652308 7.30240163672
2024-10-22T17:16:00.000000 6518.567742366 183.794376535 -1564.321892891 1.80270833219 -0.85358144480 7.44457164343
2024-10-22T17:17:00.000000 6611.124506648 132.182304114 -1114.268354892 1.28125709225 -0.86613876715 7.55124670711
2024-10-22T17:18:00.000000 6672.192481716 79.940166653 -658.893127185 0.75350142474 -0.87457471017 7.62188565124
2024-10-22T17:19:00.000000 6701.469204119 27.316636066 -200.370228612 0.22197275308 -0.87884642291 7.65612295787
2024-10-22T17:20:00.000000 6698.804794837 -25.437645099 259.109719735 -0.31077644817 -0.87893086624 7.65377077778
2024-10-22T17:21:00.000000 6664.202860786 -78.071247203 717.350156489 -0.84218420440 -0.87482495928 7.61481923396
2024-10-22T17:22:00.000000 6597.820699835 -130.333168215 1172.159336774 -1.36969219337 -0.86654612565 7.53943905227
2024-10-22T17:23:00.000000 6499.968600496 -181.974066833 1621.361130833 -1.89076096540 -0.85413220898 7.42797919444
2024-10-22T17:24:00.000000 6371.108397604 -232.747477090 2062.805639536 -2.40288048137 -0.83764110510 7.28096510331
2024-10-22T17:25:00.000000 6211.851317635 -282.410993678 2494.379742892 -2.90358306433 -0.81715044408 7.09909677696
2024-10-22T17:26:00.000000 6022.955039922 -330.727503928 2914.017512170 -3.39045775177 -0.79275911979 6.88324674891
2024-10-22T17:27:00.000000 5805.319809469 -377.466425026 3319.710309308 -3.86116348216 -0.76458515887 6.63445023776
2024-10-22T17:28:00.000000 5559.984194905 -422.404749866 3709.516473552 -4.31343366160 -0.73276325724 6.35390519699
2024-10-22T17:29:00.000000 5288.120063734 -465.328146752 4081.570961605 -4.74509325142 -0.69744831258 6.04296711969
2024-10-22T17:30:00.000000 4991.026516566 -506.032061584 4434.094716324 -5.15408073117 -0.65880967634 5.70314226690
2024-10-22T17:31:00.000000 4670.122871616 -544.322509327 4765.402864159 -5.53844750944 -0.61703152405 5.33606353288
2024-10-22T17:32:00.000000 4326.941923632 -580.017029835 5073.912448027 -5.89636304601 -0.57231314399 4.94349403832
2024-10-22T17:33:00.000000 3963.122465504 -612.945553610 5358.149884278 -6.22612511989 -0.52486863150 4.52731490518
2024-10-22T17:34:00.000000 3580.401443095 -642.951292752 5616.757801987 -6.52616537743 -0.47492576274 4.08951758169
2024-10-22T17:35:00.000000 3180.605654758 -669.891428603 5848.501451370 -6.79505881441 -0.42272242124 3.63219623484
2024-10-22T17:36:00.000000 2765.642911451 -693.637734839 6052.274531684 -7.03153115590 -0.36850699568 3.15753643486
2024-10-22T17:37:00.000000 2337.492809402 -714.077182525 6227.104282306 -7.23446418373 -0.31253752128 2.66780186598
2024-10-22T17:38:00.000000 1898.197279354 -731.112465289 6372.155861053 -7.40289926064 -0.25507969463 2.16532440216
2024-10-22T17:39:00.000000 1449.850868934 -744.662424741 6486.736052931 -7.53604109219 -0.19640598243 1.65249065675
2024-10-22T17:40:00.000000 994.590985216 -754.662412850 6570.296236300 -7.63325649003 -0.13679384245 1.13173290460
2024-10-22T17:41:00.000000 534.588114218 -761.064538632 6622.434924502 -7.69407655026 -0.07652444563 0.60552245825
2024-10-22T17:42:00.000000 72.035737855 -763.837891364 6642.899913275 -7.71820550839 -0.01588252450 0.07636135712
2024-10-22T17:43:00.000000 -390.860165862 -762.968754326 6631.589547107 -7.70552107330 0.04484395915 -0.45323640870
2024-10-22T17:44:00.000000 -851.891392294 -758.460654035 6588.553182888 -7.65607244480 0.10536839686 -0.98075278585
2024-10-22T17:45:00.000000 -1308.857898732 -750.334347325 6513.991001410 -7.57008151720 0.16540300416 -1.50368023140
2024-10-22T17:46:00.000000 -1759.578071339 -738.627767689 6408.253158031 -7.44794121472 0.22466399973 -2.01952851654
2024-10-22T17:47:00.000000 -2201.899053813 -723.395744339 6271.838402818 -7.29021704150 0.28287124381 -2.52583714090
2024-10-22T17:48:00.000000 -2633.707014945 -704.709835709 6105.391830208 -7.09764298855 0.33974785490 -3.02019122037
2024-10-22T17:49:00.000000 -3052.936978344 -682.658050673 5909.701787901 -6.87111275561 0.39502205251 -3.50023060590
2024-10-22T17:50:00.000000 -3457.582432402 -657.344596188 5685.696516090 -6.61168203679 0.44842635901 -3.96365454037
2024-10-22T17:51:00.000000 -3845.704978139 -628.889432120 5434.440172514 -6.32056434113 0.49970372076 -4.40823471767
2024-10-22T17:52:00.000000 -4215.443686688 -597.427636582 5157.128200400 -5.99912825013 0.54860711788 -4.83182555614
2024-10-22T17:53:00.000000 -4565.024272898 -563.108795240 4855.081964585 -5.64889218580 0.59490003860 -5.23237701874
2024-10-22T17:54:00.000000 -4892.767896680 -526.096333293 4529.742726632 -5.27151826450 0.63835842500 -5.60794376195
2024-10-22T17:55:00.000000 -5197.099664245 -486.566666477 4182.665093437 -4.86880843527 0.67877308547 -5.95669604005
2024-10-22T17:56:00.000000 -5476.556688864 -444.708373555 3815.509543186 -4.44269163045 0.71594779711 -6.27693577729
2024-10-22T17:57:00.000000 -5729.795370251 -400.721348427 3430.034356911 -3.99521377934 0.74970213799 -6.56710246353
2024-10-22T17:58:00.000000 -5955.598106100 -354.815812093 3028.087134449 -3.52852747641 0.77987235067 -6.82577995941
2024-10-22T17:59:00.000000 -6152.879459791 -307.211282567 2611.595918646 -3.04488363610 0.80631230074 -7.05170489396
2024-10-22T18:00:00.000000 -6320.691685450 -258.135530454 2182.559777906 -2.54661947852 0.82889318548 -7.24377388356
2024-10-22T18:01:00.000000 -6458.229606027 -207.823487277 1743.039022536 -2.03614788083 0.84750536564 -7.40105010973
2024-10-22T18:02:00.000000 -6564.834765170 -156.516075374 1295.145021202 -1.51594456411 0.86205878009 -7.52276944932
2024-10-22T18:03:00.000000 -6639.998780143 -104.459022963 841.029687164 -0.98853380287 0.87248340884 -7.60834478229
2024-10-22T18:04:00.000000 -6683.365877485 -51.901648618 382.874821694 -0.45647669084 0.87872959926 -7.65736756507
2024-10-22T18:05:00.000000 -6694.734755557 0.904362895 -77.118752621 0.07764158467 0.88076818857 -7.66961307954
2024-10-22T18:06:00.000000 -6674.059522490 53.706202010 -536.742275762 0.61122824413 0.87859088445 -7.64504109935
2024-10-22T18:07:00.000000 -6621.449771156 106.251193752 -993.790086193 1.14169540475 0.87221051114 -7.58379539821
2024-10-22T18:08:00.000000 -6537.169827183 158.288065924 -1446.070673165 1.66647591159 0.86166097428 -7.48620310298
2024-10-22T18:09:00.000000 -6421.637112158 209.568211026 -1891.417537607 2.18303550083 0.84699714090 -7.35277066823
2024-10-22T18:10:00.000000 -6275.419779061 259.846933578 -2327.699914050 2.68888655133 0.82829451701 -7.18418205369
2024-10-22T18:11:00.000000 -6099.233475033 308.884673837 -2752.833270022 3.18160252139 0.80564853590 -6.98129319076
2024-10-22T18:12:00.000000 -5893.937326468 356.448158614 -3164.789403033 3.65882881519 0.77917321014 -6.74512502926
2024-10-22T18:13:00.000000 -5660.529281492 402.311504794 -3561.606203290 4.11829503168 0.74900074421 -6.47685827569
2024-10-22T18:14:00.000000 -5400.140719743 446.257282952 -3941.396940011 4.55782479728 0.71528056928 -6.17782360651
2024-10-22T18:15:00.000000 -5114.030582756 488.077522645 -4302.359102118 4.97534458885 0.67817837942 -5.84949673508
2024-10-22T18:16:00.000000 -4803.578824477 527.574660199 -4642.782842172 5.36889566311 0.63787527823 -5.49348874340
2024-10-22T18:17:00.000000 -4470.279299732 564.562447005 -4961.058776122 5.73664120178 0.59456719277 -5.11153586493
2024-10-22T18:18:00.000000 -4115.732234732 598.866813365 -5255.685228491 6.07687363580 0.54846401628 -4.70549063823
2024-10-22T18:19:00.000000 -3741.636236942 630.326662259 -5525.274897044 6.38802186441 0.49978785344 -4.27731084552
2024-10-22T18:20:00.000000 -3349.780045759 658.794548265 -5768.560896856 6.66865357156 0.44877167879 -3.82905240724
2024-10-22T18:21:00.000000 -2942.033873201 684.137323655 -5984.402455027 6.91748704040 0.39565874686 -3.36285986182
2024-10-22T18:22:00.000000 -2520.340253395 706.236679973 -6171.789708136 7.13339299240 0.34070018152 -2.88095088624
2024-10-22T18:23:00.000000 -2086.704865194 724.989606071 -6329.847858298 7.31539677363 0.28415488456 -2.38560852211
2024-10-22T18:24:00.000000 -1643.187089888 740.308841481 -6457.840763736 7.46268337266 0.22628852806 -1.87916911248
2024-10-22T18:25:00.000000 -1191.890444571 752.123239470 -6555.173733081 7.57459604323 0.16737290516 -1.36401006313
2024-10-22T18:26:00.000000 -734.953105897 760.378145725 -6621.395838420 7.65063714812 0.10768501191 -0.84254524353
2024-10-22T18:27:00.000000 -274.538205409 765.035534034 -6656.201830771 7.69047262754 0.04750189157 -0.31721432635
2024-10-22T18:28:00.000000 187.175973716 766.074071406 -6659.433339129 7.69393217579 -0.01289622145 0.20952751811
2024-10-22T18:29:00.000000 648.005969329 763.489325295 -6631.079434052 7.66101231856 -0.07322752150 0.73522431953
2024-10-22T18:30:00.000000 1105.772781061 757.293717535 -6571.276326203 7.59186453616 -0.13321123491 1.25742579025
2024-10-22T18:31:00.000000 1558.311407679 747.516584785 -6480.307171813 7.48680715807 -0.19256487210 1.77368688297
2024-10-22T18:32:00.000000 2003.481087436 734.204053744 -6358.601027609 7.34632735289 -0.25101273606 2.28159288681
2024-10-22T18:33:00.000000 2439.175008271 717.418550979 -6206.730662333 7.17106864971 -0.30828567853 2.77876825098
2024-10-22T18:34:00.000000 2863.329684239 697.238681888 -6025.410179188 6.96183332353 -0.36411351781 3.26287869520
2024-10-22T18:35:00.000000 3273.934605389 673.759091886 -5815.492077746 6.71958287633 -0.41823347754 3.73164823305
2024-10-22T18:36:00.000000 3669.041461326 647.089893610 -5577.963467355 6.44542895045 -0.47039228922 4.18286650051
2024-10-22T18:37:00.000000 4046.773117132 617.356140295 -5313.941891989 6.14063174448 -0.52034518346 4.61439787698
2024-10-22T18:38:00.000000 4405.332411854 584.697330399 -5024.670543604 5.80659629818 -0.56785552632 5.02419136480
2024-10-22T18:39:00.000000 4743.010725006 549.266855289 -4711.512880606 5.44486799325 -0.61269731518 5.41029064312
2024-10-22T18:40:00.000000 5058.196246621 511.231325891 -4375.946669382 5.05712771103 -0.65465588891 5.77084371398
2024-10-22T18:41:00.000000 5349.381890332 470.769857778 -4019.557347954 4.64518323408 -0.69352937728 6.10411513469
2024-10-22T18:42:00.000000 5615.172592078 428.073300052 -3644.030869866 4.21096075589 -0.72912852137 6.40849015024
2024-10-22T18:43:00.000000 5854.292420628 383.343375745 -3251.146196084 3.75650346070 -0.76128117411 6.68248669708
2024-10-22T18:44:00.000000 6065.591118355 336.791605042 -2842.766878015 3.28395471043 -0.78983207370 6.92476758087
2024-10-22T18:45:00.000000 6248.049768299 288.638357807 -2420.832304248 2.79554791328 -0.81464202806 7.13414266419
2024-10-22T18:46:00.000000 6400.785981234 239.111832862 -1987.348714105 2.29359918836 -0.83558881058 7.30957524044
2024-10-22T18:47:00.000000 6523.058606555 188.447121493 -1544.379769311 1.78049947862 -0.85256548239 7.45018886230
2024-10-22T18:48:00.000000 6614.271975037 136.885060757 -1094.036684082 1.25870399400 -0.86548844314 7.55527667905
2024-10-22T18:49:00.000000 6673.979117444 84.670865255 -638.467837487 0.73071115955 -0.87429422633 7.62430671358
2024-10-22T18:50:00.000000 6701.883966577 32.052995375 -179.848318235 0.19905174178 -0.87893861562 7.65692076673
2024-10-22T18:51:00.000000 6697.843036828 -20.718054378 279.630626283 -0.33372216055 -0.87939778680 7.65293915133
2024-10-22T18:52:00.000000 6661.866205091 -73.390879302 737.772261354 -0.86505097208 -0.87566476687 7.61235791718
2024-10-22T18:53:00.000000 6594.117010653 -125.714253084 1192.384988962 -1.39237568425 -0.86775376126 7.53535290732
2024-10-22T18:54:00.000000 6494.912095470 -177.438478319 1641.293090914 -1.91315303705 -0.85570081441 7.42227805590
2024-10-22T18:55:00.000000 6364.719875715 -228.316641759 2082.347540975 -2.42487041163 -0.83956319585 7.27366852328
2024-10-22T18:56:00.000000 6204.158206579 -278.105915055 2513.436742091 -2.92506158762 -0.81941874482 7.09023592487
2024-10-22T18:57:00.000000 6013.991231300 -326.568649782 2932.496887372 -3.41131773448 -0.79536295404 6.87286062357
2024-10-22T18:58:00.000000 5795.125648593 -373.473554691 3337.521997578 -3.88129834697 -0.76751199153 6.62258984571
2024-10-22T18:59:00.000000 5548.606087186 -418.596843017 3726.573821671 -4.33274904270 -0.73599922450 6.34063147336
2024-10-22T19:00:00.000000 5275.609683189 -461.723202114 4097.791036618 -4.76350711252 -0.70097426393 6.02834092901
2024-10-22T19:01:00.000000 4977.440523516 -502.646897803 4449.397972462 -5.17150402589 -0.66260693983 5.68721801772
2024-10-22T19:02:00.000000 4655.523605458 -541.172904387 4779.713534111 -5.55478575703 -0.62108352065 5.31891503355
2024-10-22T19:03:00.000000 4311.396978047 -577.117768183 5087.159480253 -5.91153385608 -0.57660287462 4.92520164768
2024-10-22T19:04:00.000000 3946.704287409 -610.310304411 5370.267209285 -6.24004949997 -0.52937543786 4.50796568534
2024-10-22T19:05:00.000000 3563.186977557 -640.592359947 5627.684823508 -6.53877287739 -0.47962546332 4.06920614399
2024-10-22T19:06:00.000000 3162.675816477 -667.819668823 5858.183390180 -6.80628766209 -0.42759125808 3.61102169043
2024-10-22T19:07:00.000000 2747.082036715 -691.862599118 6060.662613280 -7.04132859231 -0.37352181529 3.13559923955
2024-10-22T19:08:00.000000 2318.388190249 -712.606754350 6234.155773104 -7.24278439895 -0.31767595545 2.64520257962
2024-10-22T19:09:00.000000 1878.638822297 -729.953493005 6377.834033134 -7.40970024398 -0.26031920820 2.14216348110
2024-10-22T19:10:00.000000 1429.930906496 -743.820229880 6491.010327228 -7.54128403865 -0.20172112798 1.62887302454
2024-10-22T19:11:00.000000 974.404060177 -754.140687577 6573.142554308 -7.63690737461 -0.14215625481 1.10777162361
2024-10-22T19:12:00.000000 514.230482312 -760.865277573 6623.836261232 -7.69611361165 -0.08190650226 0.58133765690
2024-10-22T19:13:00.000000 51.604586890 -763.961517242 6642.846381123 -7.71861742843 -0.02125899357 0.05206999122
2024-10-22T19:14:00.000000 -411.267144092 -763.414098624 6630.078282049 -7.70430364386 0.03950116971 -0.47751683443
2024-10-22T19:15:00.000000 -872.176522424 -759.224893284 6585.588297529 -7.65322939897 0.10008562324 -1.00490686816
2024-10-22T19:16:00.000000 -1328.923968181 -751.413088547 6509.583597247 -7.56562560633 0.16020691673 -1.52759080394
2024-10-22T19:17:00.000000 -1779.328948374 -740.015023509 6402.421259541 -7.44189509305 0.21958025428 -2.04308294632
2024-10-22T19:18:00.000000 -2221.240131563 -725.084074796 6264.606561294 -7.28260759392 0.27792289758 -2.54893041988
2024-10-22T19:19:00.000000 -2652.545293923 -706.690452419 6096.790826064 -7.08849743857 0.33495698593 -3.04271887731
2024-10-22T19:20:00.000000 -3071.181245587 -684.920851146 5899.768771297 -6.86046368896 0.39041035625 -3.52208524905
2024-10-22T19:21:00.000000 -3475.143604019 -659.878198607 5674.475186223 -6.59956869470 0.44401461781 -3.98472483982
2024-10-22T19:22:00.000000 -3862.496673144 -631.681268804 5421.980994700 -6.30703836974 0.49551077966 -4.42840714920
2024-10-22T19:23:00.000000 -4231.383063340 -600.464000650 5143.488374689 -5.98425553170 0.54465245945 -4.85099040361
2024-10-22T19:24:00.000000 -4580.032762410 -566.374792230 4840.325036416 -5.63274867710 0.59120356946 -5.25043268386
2024-10-22T19:25:00.000000 -4906.771732845 -529.575885200 4513.938053198 -5.25418760594 0.63493951227 -5.62479889700
2024-10-22T19:26:00.000000 -5210.030181213 -490.242587567 4165.887147894 -4.85037632153 0.67564908962 -5.97227047896
2024-10-22T19:27:00.000000 -5488.350447870 -448.562476168 3797.837377529 -4.42324650977 0.71313506751 -6.29115737529
2024-10-22T19:28:00.000000 -5740.394236656 -404.734501891 3411.551153757 -3.97484417011 0.74721546170 -6.57990446193
2024-10-22T19:29:00.000000 -5964.949369643 -358.968062119 3008.880000316 -3.50732616539 0.77772436006 -6.83709883098
2024-10-22T19:30:00.000000 -6160.936130791 -311.482001394 2591.755632336 -3.02294888728 0.80451271607 -7.06148170442
2024-10-22T19:31:00.000000 -6327.412885766 -262.503579756 2162.180465372 -2.52405645755 0.82744954939 -7.25195671758
2024-10-22T19:32:00.000000 -6463.580892859 -212.267334025 1722.217654641 -2.01306542717 0.84642308791 -7.40759598029
2024-10-22T19:33:00.000000 -6568.788291011 -161.013934837 1273.980920540 -1.49245384262 0.86134104185 -7.52764251753
2024-10-22T19:34:00.000000 -6642.533500647 -108.988965472 819.624121420 -0.96475066014 0.87213185110 -7.61151669488
2024-10-22T19:35:00.000000 -6684.467788116 -56.441696657 361.330453258 -0.43251917045 0.87874416343 -7.65882011874
2024-10-22T19:36:00.000000 -6694.396939623 -3.623859220 -98.698419801 0.10165503103 0.88114749305 -7.66933602139
2024-10-22T19:37:00.000000 -6672.282245166 49.211618742 -558.253356903 0.63517645110 0.87933233396 -7.64303253109
2024-10-22T19:38:00.000000 -6618.240617987 101.811870054 -1015.128907565 1.16545608685 0.87331041053 -7.58006443372
2024-10-22T19:39:00.000000 -6532.543677507 153.925389801 -1467.134446330 1.68992871177 0.86311517245 -7.48077013949
2024-10-22T19:40:00.000000 -6415.615927279 205.303275119 -1912.105009788 2.20606510405 0.84879988113 -7.34566575033
2024-10-22T19:41:00.000000 -6268.032322505 255.700434814 -2347.911814142 2.71138067293 0.83043816245 -7.17544131701
2024-10-22T19:42:00.000000 -6090.515190484 304.876765498 -2772.472764743 3.20345155115 0.80812261632 -6.97096199548
2024-10-22T19:43:00.000000 -5883.930068763 352.598292882 -3183.762599169 3.67992847164 0.78196495100 -6.73325532287
2024-10-22T19:44:00.000000 -5649.281072262 398.638326377 -3579.822486282 4.13854366093 0.75209618963 -6.46350783317
2024-10-22T19:45:00.000000 -5387.705594078 442.778573556 -3958.769405611 4.57712417573 0.71866486160 -6.16305849381
2024-10-22T19:46:00.000000 -5100.468283816 484.810139600 -4318.805025789 4.99360276287 0.68183549649 -5.83338957549
2024-10-22T19:47:00.000000 -4788.954475697 524.534447565 -4658.224008627 5.38602486061 0.64178739153 -5.47611766398
2024-10-22T19:48:00.000000 -4454.663150496 561.764129238 -4975.421880399 5.75255872264 0.59871486503 -5.09298634318
2024-10-22T19:49:00.000000 -4099.199311629 596.323904689 -5268.902298124 6.09150312941 0.55282642456 -4.68585486614
2024-10-22T19:50:00.000000 -3724.265932445 628.051394216 -5537.283671033 6.40129429325 0.50434307913 -4.25668697807
2024-10-22T19:51:00.000000 -3331.655618411 656.797819031 -5779.305147243 6.68050935707 0.45349733788 -3.80754252139
2024-10-22T19:52:00.000000 -2923.241925613 682.428690805 -5993.832103163 6.92787360181 0.40053268895 -3.34056706050
2024-10-22T19:53:00.000000 -2500.970381077 704.824397822 -6179.860952039 7.14226336353 0.34570102752 -2.85798168656
2024-10-22T19:54:00.000000 -2066.849248524 723.880635290 -6336.523407276 7.32271219115 0.28926070659 -2.36207304828
2024-10-22T19:55:00.000000 -1622.939969170 739.508813094 -6463.089962062 7.46841357583 0.23147699111 -1.85517792976
2024-10-22T19:56:00.000000 -1171.347696741 751.636391394 -6558.972560195 7.57871642247 0.17261935945 -1.33967425735
2024-10-22T19:57:00.000000 -714.211907869 760.207147586 -6623.727016616 7.65312938035 0.11296235067 -0.81797859129
2024-10-22T19:58:00.000000 -253.696588499 765.181450774 -6657.054974537 7.69132691157 0.05278450472 -0.29253243868
2024-10-22T19:59:00.000000 208.019678996 766.536541084 -6658.804938883 7.69314762433 -0.00763092229 0.23421229769
2024-10-22T20:00:00.000000 668.753428205 764.266607084 -6628.972601591 7.65858866685 -0.06800295357 0.75980151168
2024-10-22T20:01:00.000000 1126.325783573 758.382655031 -6567.701070578 7.58780908990 -0.12805162612 1.28177572669
2024-10-22T20:02:00.000000 1578.572675801 748.912458223 -6475.280666332 7.48114228046 -0.18749797995 1.79769352186
2024-10-22T20:03:00.000000 2023.354809659 735.900514300 -6352.147161315 7.33907842265 -0.24606363384 2.30514661869
2024-10-22T20:04:00.000000 2458.567019324 719.407928153 -6198.879963992 7.16226692721 -0.30347426007 2.80175664406
2024-10-22T20:05:00.000000 2882.148079281 699.512047175 -6016.199891345 6.95152224404 -0.35946282410 3.28519241289
2024-10-22T20:06:00.000000 3292.090258437 676.306069409 -5804.965803928 6.70781110058 -0.41376759580 3.75318374228
2024-10-22T20:07:00.000000 3686.448323282 649.898732451 -5566.170917261 6.43225047052 -0.46613279710 4.20352388482
2024-10-22T20:08:00.000000 4063.348534489 620.413877839 -5300.938667836 6.12610583709 -0.51631118364 4.63408021695
2024-10-22T20:09:00.000000 4420.997510451 587.989865780 -5010.517999093 5.79079003280 -0.56406602654 5.04280455062
2024-10-22T20:10:00.000000 4757.690853611 552.778996911 -4696.277852168 5.42785474810 -0.60916929348 5.42774564833
2024-10-22T20:11:00.000000 5071.821378181 514.946869905 -4359.701207049 5.03898826759 -0.65140697844 5.78705655773
2024-10-22T20:12:00.000000 5361.886985319 474.671510968 -4002.378318915 4.62600292424 -0.69057744799 6.11900878367
2024-10-22T20:13:00.000000 5626.497929884 432.142720953 -3625.999533098 4.19083109106 -0.72649137593 6.42199663813
2024-10-22T20:14:00.000000 5864.383697159 387.561135020 -3232.347546160 3.73551194040 -0.75897602894 6.69454738056
2024-10-22T20:15:00.000000 6074.399281456 341.137423940 -2823.289501963 3.26219213877 -0.78787017966 6.93532084944
2024-10-22T20:16:00.000000 6255.531616098 293.091363808 -2400.768374599 2.77311769981 -0.81303231997 7.14313300581
2024-10-22T20:17:00.000000 6406.904671550 243.650673628 -1966.793401168 2.27060914556 -0.83433870855 7.31695752941
2024-10-22T20:18:00.000000 6527.783838297 193.049960925 -1523.430667804 1.75705879700 -0.85168354772 7.45592770023
2024-10-22T20:19:00.000000 6617.579910940 141.529646557 -1072.793287495 1.23491934080 -0.86497912841 7.55934307961
2024-10-22T20:20:00.000000 6675.852412530 89.334826107 -617.031266239 0.70669357148 -0.87415733343 7.62667613839
2024-10-22T20:21:00.000000 6702.312111269 36.714086283 -158.320873297 0.17491694958 -0.87917036603 7.65757904701
2024-10-22T20:22:00.000000 6696.822453069 -16.081801569 301.146095848 -0.35785910747 -0.87999322415 7.65188144097
2024-10-22T20:23:00.000000 6659.400212041 -68.801186945 759.172829750 -0.88907533200 -0.87662099055 7.60958635139
2024-10-22T20:24:00.000000 6590.215841763 -121.192672487 1213.568043355 -1.41617085231 -0.86906705781 7.53087671283
2024-10-22T20:25:00.000000 6489.592979651 -173.006255288 1662.156942889 -1.93660387875 -0.85736488836 7.41611822078
2024-10-22T20:26:00.000000 6358.006870340 -223.994586786 2102.791989703 -2.44786393972 -0.84156993609 7.26585385302
2024-10-22T20:27:00.000000 6196.082032356 -273.914335088 2533.363559700 -2.94748935220 -0.82175973004 7.08080247209
2024-10-22T20:28:00.000000 6004.589030317 -322.527286831 2951.810144805 -3.43307309692 -0.79802694822 6.86184988361
2024-10-22T20:29:00.000000 5784.440914302 -369.601371443 3356.128542086 -3.90227694604 -0.77048485174 6.61005234642
2024-10-22T20:30:00.000000 5536.688527950 -414.911934289 3744.383727645 -4.35284747758 -0.73926678983 6.32662500688
2024-10-22T20:31:00.000000 5262.515094838 -458.242894785 4114.718194084 -4.78262755499 -0.70452436484 6.01293474810
2024-10-22T20:32:00.000000 4963.230218731 -499.387625690 4465.360664437 -5.18956101845 -0.66642107292 5.67048771834
2024-10-22T20:33:00.000000 4640.263788766 -538.149847971 4794.634470810 -5.57169833599 -0.62513958667 5.30093234616
2024-10-22T20:34:00.000000 4295.158854068 -574.344812607 5100.965835473 -5.92721782592 -0.58088032014 4.90604562870
2024-10-22T20:35:00.000000 3929.563986030 -607.800179817 5382.891206518 -6.25442553177 -0.53385610720 4.48772554105
2024-10-22T20:36:00.000000 3545.225114062 -638.356730152 5639.064310282 -6.55177167802 -0.48429156321 4.04797896243
2024-10-22T20:37:00.000000 3143.976858518 -665.869075904 5868.262073308 -6.81784886093 -0.43242267110 3.58890495927
2024-10-22T20:38:00.000000 2727.733997544 -690.206267543 6069.390107822 -7.05139419146 -0.37849504309 3.11269380692
2024-10-22T20:39:00.000000 2298.482401025 -711.252419185 6241.487945927 -7.25130234288 -0.32276454977 2.62161562485
2024-10-22T20:40:00.000000 1858.269530248 -728.907223276 6383.733316303 -7.41662511963 -0.26549480827 2.11800615174
2024-10-22T20:41:00.000000 1409.194953373 -743.086432041 6495.445972958 -7.54657536759 -0.20695704370 1.60426286355
2024-10-22T20:42:00.000000 953.400344781 -753.722252922 6576.091097121 -7.64053847387 -0.14742868135 1.08283192371
2024-10-22T20:43:00.000000 493.059112341 -760.763699033 6625.281446387 -7.69806801210 -0.08719161122 0.55618473529
2024-10-22T20:44:00.000000 30.366579867 -764.176743885 6642.779010068 -7.71888373969 -0.02652958405 0.02682450332
2024-10-22T20:45:00.000000 -432.470436832 -763.944507835 6628.496368171 -7.70288019488 0.03426949248 -0.50273605561
2024-10-22T20:46:00.000000 -893.243843769 -760.067446525 6582.497039061 -7.65012235043 0.09491645357 -1.02997939425
2024-10-22T20:47:00.000000 -1349.754693965 -752.563347576 6504.995321700 -7.56084897258 0.15512284516 -1.55239946271
2024-10-22T20:48:00.000000 -1799.823458813 -741.467241675 6396.355273881 -7.43546819786 0.21460246606 -2.06751194218
2024-10-22T20:49:00.000000 -2241.300162592 -726.831252489 6257.089107056 -7.27455681728 0.27307225524 -2.57286507754
2024-10-22T20:50:00.000000 -2672.074313572 -708.724326503 6087.854907989 -7.07885322453 0.33025438300 -3.06604729777
2024-10-22T20:51:00.000000 -3090.084756052 -687.231943956 5889.454237454 -6.84926535698 0.38587603048 -3.54469141172
2024-10-22T20:52:00.000000 -3493.329863071 -662.455694678 5662.828775019 -6.58686807274 0.43967315802 -4.00649650843
2024-10-22T20:53:00.000000 -3879.877288237 -634.512837684 5409.055940795 -6.29289416594 0.49138698840 -4.44924013738
2024-10-22T20:54:00.000000 -4247.873250373 -603.535923733 5129.343998752 -5.96872960339 0.54076788499 -4.87078487374
2024-10-22T20:55:00.000000 -4595.551660273 -569.672111432 4825.026633494 -5.61591078014 0.58757804456 -5.26908954152
2024-10-22T20:56:00.000000 -4921.242949471 -533.082534871 4497.556740802 -5.23611664073 0.63158988140 -5.64222378526
2024-10-22T20:57:00.000000 -5223.382292661 -493.941571977 4148.499498115 -4.83115842481 0.67258991916 -5.98837630703
2024-10-22T20:58:00.000000 -5500.517330103 -452.435962732 3779.524998310 -4.40297260522 0.71037954878 -6.30586275059
2024-10-22T20:59:00.000000 -5751.315438850 -408.763909816 3392.400333136 -3.95361205444 0.74477552030 -6.59313566859
2024-10-22T21:00:00.000000 -5974.570408359 -363.134128761 2988.981167125 -3.48523633281 0.77561061869 -6.84879108651
2024-10-22T21:01:00.000000 -6169.208604464 -315.764879459 2571.202934194 -3.00010392578 0.80273412430 -7.07157531892
2024-10-22T21:02:00.000000 -6334.294692725 -266.882929036 2141.071521978 -2.50056476189 0.82601358037 -7.26039588012
2024-10-22T21:03:00.000000 -6469.036688184 -216.722391632 1700.653183533 -1.98904304243 0.84533650236 -7.41433427554
2024-10-22T21:04:00.000000 -6572.789788546 -165.523579421 1252.064095595 -1.46801954141 0.86060857018 -7.53264413337
2024-10-22T21:05:00.000000 -6645.059598981 -113.531877120 797.460010132 -0.94002550040 0.87175570992 -7.61475406626
2024-10-22T21:06:00.000000 -6685.504757203 -60.996442861 339.025497600 -0.40762753038 0.87872611086 -7.66027558854
2024-10-22T21:07:00.000000 -6693.938534596 -8.168912357 -121.037065441 0.12658859342 0.88148873219 -7.66900349627
2024-10-22T21:08:00.000000 -6670.329619715 44.697815601 -580.518497222 0.66003022443 0.88003260939 -7.64091628418
2024-10-22T21:09:00.000000 -6614.802128632 97.350824392 -1037.213851090 1.19011164736 0.87436842121 -7.57617671791
2024-10-22T21:10:00.000000 -6527.634706359 149.538497707 -1488.933428029 1.71426994233 0.86452838209 -7.47512929657
2024-10-22T21:11:00.000000 -6409.258827879 201.011721426 -1933.513536717 2.22997513760 0.85056363042 -7.33829636736
2024-10-22T21:12:00.000000 -6260.256462526 251.525048157 -2368.827160554 2.73474372572 0.83254516240 -7.16637756149
2024-10-22T21:13:00.000000 -6081.356789278 300.837835329 -2792.794461257 3.22615452136 0.81056212725 -6.96024505738
2024-10-22T21:14:00.000000 -5873.432067044 348.715388111 -3203.392912977 3.70186052217 0.78472396746 -6.72093523274
2024-10-22T21:15:00.000000 -5637.492993144 394.930177451 -3598.666962337 4.15959656970 0.75515973352 -6.44964404123
2024-10-22T21:16:00.000000 -5374.683299460 439.262971095 -3976.737420424 4.59719503449 0.72201682831 -6.14771876330
2024-10-22T21:17:00.000000 -5086.273669392 481.503904868 -4335.810237956 5.01259336537 0.68545974829 -5.81664913323
2024-10-22T21:18:00.000000 -4773.655145029 521.453415593 -4674.184805833 5.40384298192 0.64566695341 -5.45805831101
2024-10-22T21:19:00.000000 -4438.332141468 558.923091397 -4990.261779397 5.76911599408 0.60283219355 -5.07369831387
2024-10-22T21:20:00.000000 -4081.914689442 593.736579914 -5282.550459633 6.10672017476 0.55716290916 -4.66543484953
2024-10-22T21:21:00.000000 -3706.110318568 625.730331850 -5549.675227701 6.41509918190 0.50887857989 -4.23523767318
2024-10-22T21:22:00.000000 -3312.715649290 654.754329406 -5790.381521489 6.69284012168 0.45821061238 -3.78517030841
2024-10-22T21:23:00.000000 -2903.607683337 680.672772936 -6003.541137566 6.93867691833 0.40540132404 -3.31737908448
2024-10-22T21:24:00.000000 -2480.734973975 703.364679862 -6188.156922297 7.15149135953 0.35070180847 -2.83408579297
2024-10-22T21:25:00.000000 -2046.108465016 722.724322755 -6343.367145883 7.33032370880 0.29436913213 -2.33757964638
2024-10-22T21:26:00.000000 -1601.791928744 738.661580488 -6468.448991702 7.47437150629 0.23666695813 -1.83020078347
2024-10-22T21:27:00.000000 -1149.892529269 751.102381406 -6562.821473270 7.58299233249 0.17786615068 -1.31433455855
2024-10-22T21:28:00.000000 -692.551100145 759.989064770 -6626.047709485 7.65570610339 0.11824274823 -0.79239744012
2024-10-22T21:29:00.000000 -231.932415058 765.280652963 -6657.836474638 7.69219428824 0.05807650411 -0.26682639194
2024-10-22T21:30:00.000000 229.784419946 766.953006628 -6658.043233260 7.69229797770 -0.00235175947 0.25992647588
2024-10-22T21:31:00.000000 690.415608268 764.998785806 -6626.670921872 7.65602095495 -0.06276280682 0.78539829778
2024-10-22T21:32:00.000000 1147.782721868 759.427412222 -6563.870227819 7.58353857585 -0.12287664071 1.30713139852
2024-10-22T21:33:00.000000 1599.722775837 750.265149812 -6469.938647360 7.47518831669 -0.18241268623 1.82269062705
2024-10-22T21:34:00.000000 2044.097770406 737.554971164 -6345.319091376 7.33146637657 -0.24109459195 2.32966399019
2024-10-22T21:35:00.000000 2478.804466499 721.356386107 -6190.598251701 7.15303581838 -0.29864740125 2.82567510599
2024-10-22T21:36:00.000000 2901.784196134 701.745258345 -6006.503805765 6.94071656205 -0.35480160888 3.30840161372
2024-10-22T21:37:00.000000 3311.031980369 678.813439379 -5793.901172090 6.69547896382 -0.40929371062 3.77557446224
2024-10-22T21:38:00.000000 3704.605741563 652.668395073 -5553.790117170 6.41844973914 -0.46186709720 4.22498784551
2024-10-22T21:39:00.000000 4080.635486001 623.432705837 -5287.300382018 6.11090214498 -0.51227478665 4.65451600564
2024-10-22T21:40:00.000000 4437.331897808 591.243514015 -4995.686871266 5.77425426291 -0.56027818334 5.06211407102
2024-10-22T21:41:00.000000 4772.995115880 556.251989252 -4680.324251661 5.41006659063 -0.60564866857 5.44583762632
2024-10-22T21:42:00.000000 5086.022819397 518.622686994 -4342.700713750 5.02002985707 -0.64816895705 5.80384713626
2024-10-22T21:43:00.000000 5374.918024053 478.532802031 -3984.411451595 4.60596321843 -0.68763531644 6.13441798107
2024-10-22T21:44:00.000000 5638.296467844 436.171334865 -3607.151406524 4.16980335657 -0.72385788130 6.43595072347
2024-10-22T21:45:00.000000 5874.893428061 391.738249204 -3212.707576947 3.71359703052 -0.75666130181 6.70697751399
2024-10-22T21:46:00.000000 6083.570114044 345.443574032 -2802.950880648 3.23949397010 -0.78588546600 6.94617042847
2024-10-22T21:47:00.000000 6263.319607385 297.506471761 -2379.827503902 2.74973892952 -0.81138638815 7.15234974846
2024-10-22T21:48:00.000000 6413.272275562 248.154179388 -1945.349713282 2.24666051292 -0.83303929834 7.32449442741
2024-10-22T21:49:00.000000 6532.700272551 197.620862467 -1501.586120386 1.73265434052 -0.85073749433 7.46174723388
2024-10-22T21:50:00.000000 6621.021306967 146.146552635 -1050.651809909 1.21017517657 -0.86439275014 7.56341761751
2024-10-22T21:51:00.000000 6677.801809465 93.975967495 -594.698119331 0.68172283730 -0.87393677307 7.62898801953
2024-10-22T21:52:00.000000 6702.759241063 41.357400039 -135.902277634 0.14983120700 -0.87931857231 7.65811295464
2024-10-22T21:53:00.000000 6695.763976448 -11.458418976 323.543086118 -0.38293930176 -0.88050902490 7.65062673395
2024-10-22T21:54:00.000000 6656.840193270 -64.219707111 781.440949555 -0.91402647049 -0.87750120894 7.60654675384
2024-10-22T21:55:00.000000 6586.165665967 -116.674819693 1235.600496320 -1.44087103031 -0.87030698831 7.52606346296
2024-10-22T21:56:00.000000 6484.071385446 -168.573470161 1683.847924205 -1.96093089774 -0.85895958080 7.40955382696
2024-10-22T21:57:00.000000 6351.039796541 -219.667931236 2124.037368930 -2.47170025746 -0.84351095903 7.25757058863
2024-10-22T21:58:00.000000 6187.702458649 -269.714218421 2554.061337526 -2.97071656904 -0.82403481638 7.07084034327
2024-10-22T21:59:00.000000 5994.836924869 -318.473468915 2971.861139322 -3.45557948515 -0.80062709576 6.85026186355
2024-10-22T22:00:00.000000 5773.362561437 -365.713054210 3375.436890637 -3.92396296452 -0.77339911524 6.59689470070
2024-10-22T22:01:00.000000 5524.336094866 -411.207487322 3762.856878797 -4.37361288888 -0.74247825858 6.31195280607
2024-10-22T22:02:00.000000 5248.946965966 -454.739587340 4132.267287961 -4.80236916945 -0.70801485542 5.99681720216
2024-10-22T22:03:00.000000 4948.510723949 -496.101736683 4481.901222724 -5.20818250427 -0.67017555338 5.65300107997
2024-10-22T22:04:00.000000 4624.462882516 -535.096806468 4810.086898699 -5.58910968681 -0.62914413742 5.28216313042
2024-10-22T22:05:00.000000 4278.351552916 -571.539089699 5115.255931709 -5.94334088320 -0.58511607359 4.88608546195
2024-10-22T22:06:00.000000 3911.829750182 -605.254974519 5395.950198108 -6.26918823946 -0.53830044348 4.46666393723
2024-10-22T22:07:00.000000 3526.647734358 -636.083867868 5650.828907715 -6.56510214312 -0.48892142178 4.02591068598
2024-10-22T22:08:00.000000 3124.644281179 -663.878972313 5878.674930725 -6.82968155695 -0.43721413801 3.56593288224
2024-10-22T22:09:00.000000 2707.737806789 -688.507901012 6078.400150811 -7.06167273426 -0.38342397236 3.08892274688
2024-10-22T22:10:00.000000 2277.917497884 -709.853287037 6249.050479785 -7.25997241453 -0.32780602506 2.59715575459
2024-10-22T22:11:00.000000 1837.233834433 -727.813350178 6389.810561665 -7.42364166936 -0.27062464299 2.09297666639
2024-10-22T22:12:00.000000 1387.788705839 -742.302410007 6500.007390748 -7.55190615511 -0.21215170323 1.57878465285
2024-10-22T22:13:00.000000 931.725435542 -753.251245899 6579.113297517 -7.64415883241 -0.15266346699 1.05702266489
2024-10-22T22:14:00.000000 471.218838291 -760.607335889 6626.748286124 -7.69995824783 -0.09244090441 0.53016991484
2024-10-22T22:15:00.000000 8.464962899 -764.335189488 6642.681825531 -7.71903691249 -0.03177017080 0.00072501778
2024-10-22T22:16:00.000000 -454.329027354 -764.416554029 6626.833737155 -7.70129332193 0.02906066464 -0.52879767825
2024-10-22T22:17:00.000000 -914.955156606 -760.850481455 6579.274884263 -7.64680159932 0.08976295138 -1.05588179115
2024-10-22T22:18:00.000000 -1371.215044773 -753.653330150 6500.226779716 -7.55580668814 0.15004877843 -1.57802352568
2024-10-22T22:19:00.000000 -1820.930049928 -742.858686363 6390.060628251 -7.42872199803 0.20963173867 -2.09273796311
2024-10-22T22:20:00.000000 -2261.951447252 -728.517262668 6249.295896805 -7.26613107474 0.26822784949 -2.59757009367
2024-10-22T22:21:00.000000 -2692.170593593 -710.696652406 6078.598161587 -7.06878627821 0.32555875264 -3.09010693385
2024-10-22T22:22:00.000000 -3109.528949705 -689.480982813 5878.776190804 -6.83760453453 0.38135128586 -3.56798955920
2024-10-22T22:23:00.000000 -3512.027897031 -664.970621681 5650.778475929 -6.57366622660 0.43533799986 -4.02892144113
2024-10-22T22:24:00.000000 -3897.738501679 -637.281691570 5395.689093539 -6.27821278848 0.48726156806 -4.47068255844
2024-10-22T22:25:00.000000 -4264.810882086 -606.545479703 5114.722707050 -5.95263724177 0.53687306799 -4.89114038644
2024-10-22T22:26:00.000000 -4611.483270885 -572.907986097 4809.219036486 -5.59848135573 0.58393190234 -5.28826170219
2024-10-22T22:27:00.000000 -4936.090629765 -536.529263166 4480.636695763 -5.21742912959 0.62821057469 -5.66011786505
2024-10-22T22:28:00.000000 -5237.073148445 -497.582617147 4130.546380572 -4.81130012047 0.66949469707 -6.00490381443
2024-10-22T22:29:00.000000 -5512.983847110 -456.253816129 3760.623292191 -4.38203525496 0.70758352146 -6.32094138366
2024-10-22T22:30:00.000000 -5762.495789140 -412.740217183 3372.639367707 -3.93169446728 0.74229172200 -6.60668631308
2024-10-22T22:31:00.000000 -5984.408981433 -367.249815184 2968.454828438 -3.46244688950 0.77345030329 -6.86074178867
2024-10-22T22:32:00.000000 -6177.656525169 -320.000199271 2550.009059249 -2.97655744644 0.80090848538 -7.08186717069
2024-10-22T22:33:00.000000 -6341.309954965 -271.217485649 2119.311110202 -2.47637461852 0.82453287355 -7.26898107060
2024-10-22T22:34:00.000000 -6474.584072563 -221.135243625 1678.429964364 -1.96432351559 0.84420844721 -7.42116918738
2024-10-22T22:35:00.000000 -6576.841100666 -169.993375946 1229.484211963 -1.44289010579 0.85983947151 -7.53769287825
2024-10-22T22:36:00.000000 -6647.593879735 -118.036924612 774.631473801 -0.91460770465 0.87135033786 -7.61799002763
2024-10-22T22:37:00.000000 -6686.508417787 -65.514841331 316.057639334 -0.38204539650 0.87868663501 -7.66168170467
2024-10-22T22:38:00.000000 -6693.405453491 -12.678697145 -144.034184563 0.15221033963 0.88181512656 -7.66857229636
2024-10-22T22:39:00.000000 -6668.261157138 40.218534484 -603.434658951 0.68556726878 0.88072238397 -7.63865006131
2024-10-22T22:40:00.000000 -6611.207044465 92.923705587 -1059.939247760 1.21544196325 0.87541598983 -7.57208643027
2024-10-22T22:41:00.000000 -6522.529046866 145.184681512 -1511.359073720 1.73927128682 0.86592198786 -7.46923134879
2024-10-22T22:42:00.000000 -6402.666064002 196.751595645 -1955.531705837 2.25452346198 0.85229120312 -7.33061680670
2024-10-22T22:43:00.000000 -6252.207450884 247.378328195 -2390.331978954 2.75871692695 0.83459604502 -7.15695235749
2024-10-22T22:44:00.000000 -6071.889649544 296.823604301 -2813.682515902 3.24943202992 0.81292583770 -6.94912000011
2024-10-22T22:45:00.000000 -5862.592126763 344.852109903 -3223.563880669 3.72432399918 0.78739022821 -6.70816786631
2024-10-22T22:46:00.000000 -5625.332444360 391.235668460 -3618.024255762 4.18113543141 0.75811701456 -6.43530047655
2024-10-22T22:47:00.000000 -5361.260810998 435.754285639 -3995.188626480 4.61770356810 0.72525115569 -6.13187241763
2024-10-22T22:48:00.000000 -5071.654094466 478.197204863 -4353.267619631 5.03197174885 0.68895567727 -5.79938235309
2024-10-22T22:49:00.000000 -4757.909072465 518.363938382 -4690.565797568 5.42200045380 0.64940923609 -5.43946090182
2024-10-22T22:50:00.000000 -4421.535253293 556.065137727 -5005.489303561 5.78597278627 0.60680448151 -5.05386201516
2024-10-22T22:51:00.000000 -4064.147306052 591.123436346 -5296.552972993 6.12220121425 0.56134822893 -4.64445332144
2024-10-22T22:52:00.000000 -3687.457116967 623.374291053 -5562.386912279 6.42913403772 0.51326052709 -4.21320832106
2024-10-22T22:53:00.000000 -3293.265393007 652.666646687 -5801.742564741 6.70536307222 0.46277047076 -3.76219577902
2024-10-22T22:54:00.000000 -2883.452980034 678.863466856 -6013.498083357 6.94962577764 0.41011686563 -3.29356981288
2024-10-22T22:55:00.000000 -2459.971865937 701.842420757 -6196.663246936 7.16081539294 0.35555104162 -2.80956081172
2024-10-22T22:56:00.000000 -2024.835698029 721.496530642 -6350.383440324 7.33798183394 0.29933219741 -2.31245671071
2024-10-22T22:57:00.000000 -1580.110526655 737.734475811 -6473.942966909 7.48032968938 0.24172317740 -1.80459974235
2024-10-22T22:58:00.000000 -1127.905287920 750.480888491 -6566.768046246 7.58722535484 0.18299319268 -1.28837560673
2024-10-22T22:59:00.000000 -670.362081983 759.676731410 -6628.428986888 7.65819625719 0.12341690961 -0.76619963461
2024-10-22T23:00:00.000000 -209.646639102 765.279548768 -6658.641729141 7.69292745209 0.06327221489 -0.24051065209
2024-10-22T23:01:00.000000 252.061261829 767.263608059 -6657.269181543 7.69126700048 0.00283813625 0.28623228587
2024-10-22T23:02:00.000000 712.577839157 765.619950764 -6624.322064273 7.65323380273 -0.05760463998 0.81156524161
2024-10-22T23:03:00.000000 1169.725413881 760.356511248 -6559.958609479 7.57901095838 -0.11777446139 1.33303588254
2024-10-22T23:04:00.000000 1621.342174795 751.498064381 -6464.483683453 7.46894404741 -0.17739199974 1.84821122886
2024-10-22T23:05:00.000000 2065.291742970 739.086049652 -6338.347355308 7.32353529656 -0.23618054278 2.35468281187
2024-10-22T23:06:00.000000 2499.472885804 723.178509957 -6182.143380091 7.14345536918 -0.29386377973 2.85007471397
2024-10-22T23:07:00.000000 2921.829418897 703.849912560 -5996.606429479 6.92953211747 -0.35017149711 3.33206637283
2024-10-22T23:08:00.000000 3330.359369921 681.190696094 -5782.608749335 6.68274530877 -0.40484101214 3.79839366564
2024-10-22T23:09:00.000000 3723.124070895 655.306923270 -5541.156489073 6.40422435081 -0.45761422435 4.24685822466
2024-10-22T23:10:00.000000 4098.257112269 626.319913390 -5273.385603419 6.09524926302 -0.50824158427 4.67533377682
2024-10-22T23:11:00.000000 4453.973342600 594.365639774 -4980.557037672 5.75724678570 -0.55648393758 5.08178245944
2024-10-22T23:12:00.000000 4788.577390120 559.594134363 -4664.051133758 5.39178196898 -0.60211197704 5.46426340134
2024-10-22T23:13:00.000000 5100.471813935 522.168863515 -4325.361552617 5.00055303610 -0.64490738082 5.82094203961
2024-10-22T23:14:00.000000 5388.164869644 482.266026152 -3966.088600693 4.58538392696 -0.68466437905 6.15009926753
2024-10-22T23:15:00.000000 5650.277882445 440.073758619 -3587.932040068 4.14821828429 -0.72119081245 6.45014095333
2024-10-22T23:16:00.000000 5885.552136825 395.791306294 -3192.683304359 3.69110973627 -0.75430892632 6.71960649251
2024-10-22T23:17:00.000000 6092.855243293 349.628090146 -2782.217264658 3.21621390508 -0.78385746220 6.95717678379
2024-10-22T23:18:00.000000 6271.186965259 301.802701237 -2358.483487622 2.72577868037 -0.80969207444 7.16168253329
2024-10-22T23:19:00.000000 6419.684401734 252.541864954 -1923.496998575 2.22213168217 -0.83168609755 7.33211164527
2024-10-22T23:20:00.000000 6537.626453676 202.079367965 -1479.328767285 1.70767092727 -0.84973079791 7.46761261224
2024-10-22T23:21:00.000000 6624.437740765 150.654977816 -1028.095823158 1.18485318987 -0.86373575029 7.56750235520
2024-10-22T23:22:00.000000 6679.691748934 98.513290708 -571.951052955 0.65618216177 -0.87363075417 7.63126959466
2024-10-22T23:23:00.000000 6703.113255989 45.902491890 -113.072728352 0.12419450083 -0.87936618922 7.65857986702
2024-10-22T23:24:00.000000 6694.579879337 -6.926844161 346.346115320 -0.40855322114 -0.88091180328 7.64927547340
2024-10-22T23:25:00.000000 6654.122993388 -59.722879947 804.108374887 -0.93949493438 -0.87825596690 7.60337932952
2024-10-22T23:26:00.000000 6581.927829928 -112.233724107 1258.023769085 -1.46607038418 -0.87140904952 7.52109610878
2024-10-22T23:27:00.000000 6478.332617433 -164.208769583 1705.919776717 -1.98574348243 -0.86040293024 7.40281182334
2024-10-22T23:28:00.000000 6343.826752094 -215.399911970 2145.652175430 -2.49601064777 -0.84528941525 7.24908304707
2024-10-22T23:29:00.000000 6179.048789600 -265.562805136 2575.115452537 -2.99440778491 -0.82614172597 7.06064553030
2024-10-22T23:30:00.000000 5984.783201808 -314.458054232 2992.253531749 -3.47853806418 -0.80305149174 6.83840784563
2024-10-22T23:31:00.000000 5761.956110017 -361.852344403 3395.069637495 -3.94607664945 -0.77612984124 6.58343774154
2024-10-22T23:32:00.000000 5511.630777350 -407.519568892 3781.635839370 -4.39477961861 -0.74550539750 6.29696153327
2024-10-22T23:33:00.000000 5235.002371376 -451.241821880 4150.102335386 -4.82249506539 -0.71132306527 5.98035587946
2024-10-22T23:34:00.000000 4933.392245071 -492.810426657 4498.706336787 -5.22717071144 -0.67374584857 5.63514464026
2024-10-22T23:35:00.000000 4608.241481588 -532.027041374 4825.780794773 -5.60687075033 -0.63295501723 5.26299261733
2024-10-22T23:36:00.000000 4261.103547119 -568.704685872 5129.762352924 -5.95978561433 -0.58914752771 4.86568956132
2024-10-22T23:37:00.000000 3893.636560720 -602.668612875 5409.198560265 -6.28423733069 -0.54253376479 4.44514101442
2024-10-22T23:38:00.000000 3507.595270592 -633.757029840 5662.754566666 -6.57868363142 -0.49333507223 4.00336049839
2024-10-22T23:39:00.000000 3104.822696279 -661.821809616 5889.219417063 -6.84172662073 -0.44178620523 3.54246253763
2024-10-22T23:40:00.000000 2687.241136645 -686.729292064 6087.511656465 -7.07212153450 -0.38813337157 3.06464647937
2024-10-22T23:41:00.000000 2256.843048000 -708.360789334 6256.684136020 -7.26877521535 -0.33262978781 2.57219000459
2024-10-22T23:42:00.000000 1815.681635456 -726.613151752 6395.928554662 -7.43075783583 -0.27554062468 2.06743994236
2024-10-22T23:43:00.000000 1365.860983870 -741.399389067 6504.579016152 -7.55730238385 -0.21713786393 1.55279565225
2024-10-22T23:44:00.000000 909.526265869 -752.648954512 6582.115037674 -7.64780704871 -0.15769824374 1.03070312839
2024-10-22T23:45:00.000000 448.853622648 -760.308066146 6628.163997477 -7.70184239679 -0.09750311005 0.50364130903
2024-10-22T23:46:00.000000 -13.960009035 -764.339913682 6642.502596334 -7.71914334434 -0.03683735089 -0.02588990542
2024-10-22T23:47:00.000000 -476.706954719 -764.724889979 6625.058149926 -7.69961878912 0.02401123235 -0.55537398752
2024-10-22T23:48:00.000000 -937.179273072 -761.460688673 6575.908971722 -7.64335028955 0.08475374925 -1.08229578533
2024-10-22T23:49:00.000000 -1393.179025163 -754.562316211 6495.284010443 -7.55058933957 0.14510255156 -1.60415039964
2024-10-22T23:50:00.000000 -1842.528492976 -744.061961828 6383.562008089 -7.42175897807 0.20477240249 -2.11845196553
2024-10-22T23:51:00.000000 -2283.080470790 -730.008878015 6241.269917393 -7.25745261095 0.26347997378 -2.62274790861
2024-10-22T23:52:00.000000 -2712.728371421 -712.469181511 6069.080589871 -7.05843005800 0.32094682962 -3.11462891482
2024-10-22T23:53:00.000000 -3129.416151040 -691.525548396 5867.809947727 -6.82561664164 0.37689941898 -3.59173710471
2024-10-22T23:54:00.000000 -3531.148231353 -667.276885141 5638.413480286 -6.56010143925 0.43107060096 -4.05178073591
2024-10-22T23:55:00.000000 -3915.999094269 -639.837889897 5381.981928230 -6.26313012252 0.48320129793 -4.49254374860
2024-10-22T23:56:00.000000 -4282.122671263 -609.338593742 5099.736536859 -5.93610510116 0.53303911222 -4.91189484758
2024-10-22T23:57:00.000000 -4627.761564702 -575.923918523 4793.023443946 -5.58057751425 0.58034123153 -5.30780464764
2024-10-22T23:58:00.000000 -4951.255639833 -539.752945640 4463.307268942 -5.19823764685 0.62487902614 -5.67835397674
2024-10-22T23:59:00.000000 -5251.050229128 -500.997998274 4112.164304787 -4.79090959555 0.66643884463 -6.02174079382
2024-10-23T00:00:00.000000 -5525.703965908 -459.843922468 3741.275145933 -4.36054389296 0.70481741624 -6.33629339911
2024-10-23T00:01:00.000000 -5773.895959041 -416.487273053 3352.416565841 -3.90920491686 0.73982826008 -6.62047753758
2024-10-23T00:02:00.000000 -5994.432470034 -371.135302268 2947.453091481 -3.43906489120 0.77130110856 -6.87290432965
2024-10-23T00:03:00.000000 -6186.253027852 -324.004992644 2528.328003193 -2.95239193682 0.79908187284 -7.09233851548
2024-10-23T00:04:00.000000 -6348.435918402 -275.322069622 2097.053936180 -2.45154228016 0.82303379612 -7.27770511494
2024-10-23T00:05:00.000000 -6480.203155864 -225.319832505 1655.702942058 -1.93894721808 0.84304153529 -7.42809992463
2024-10-23T00:06:00.000000 -6580.924425226 -174.237898885 1206.396054644 -1.41709545307 0.85900935282 -7.54279535248
2024-10-23T00:07:00.000000 -6650.120063750 -122.321039144 751.292628444 -0.88851807398 0.87086125393 -7.62124001785
2024-10-23T00:08:00.000000 -6687.463490110 -69.818029716 292.579871242 -0.35578582929 0.87853987847 -7.66306012294
2024-10-23T00:09:00.000000 -6692.783023772 -16.980447896 -167.538281757 0.17851353542 0.88200933190 -7.66807085190
2024-10-23T00:10:00.000000 -6666.062353792 35.938575464 -626.852153667 0.71178799832 0.88125406006 -7.63626433270
2024-10-23T00:11:00.000000 -6607.440799933 88.685682794 -1083.157155945 1.24144670283 0.87628140457 -7.56782119169
2024-10-23T00:12:00.000000 -6517.212389481 141.008516520 -1534.265145740 1.76492499502 0.86711810543 -7.46310678620
2024-10-23T00:13:00.000000 -6395.823955683 192.656986535 -1978.015335665 2.27969689399 0.85381217077 -7.32266646416
2024-10-23T00:14:00.000000 -6243.872487359 243.384497543 -2412.284861198 2.78328452728 0.83643291767 -7.14721879875
2024-10-23T00:15:00.000000 -6062.101877628 292.949259288 -2834.999151588 3.27327156751 0.81507029610 -6.93765472408
2024-10-23T00:16:00.000000 -5851.398730917 341.115398690 -3244.142159061 3.74732013259 0.78983169894 -6.69503215265
2024-10-23T00:17:00.000000 -5612.787295263 387.654076278 -3637.765939088 4.20317990154 0.76084429974 -6.42056129603
2024-10-23T00:18:00.000000 -5347.424173712 432.344602281 -4013.999681162 4.63869157886 0.72825185970 -6.11560361116
2024-10-23T00:19:00.000000 -5056.592376833 474.975428348 -4371.058709479 5.05180407323 0.69221646514 -5.78166686548
2024-10-23T00:20:00.000000 -4741.694339322 515.345284740 -4707.252745779 5.44058754376 0.65291672585 -5.42038633800
2024-10-23T00:21:00.000000 -4404.244790303 553.263939138 -5020.993254615 5.80322945353 0.61054270323 -5.03351890946
2024-10-23T00:22:00.000000 -4045.863400487 588.553012967 -5310.800683205 6.13804614933 0.56529932286 -4.62293849970
2024-10-23T00:23:00.000000 -3668.266769950 621.046828096 -5575.311159821 6.44349178189 0.51740481722 -4.19062545762
2024-10-23T00:24:00.000000 -3273.259928631 650.593162706 -5813.282527939 6.71816532886 0.46708926092 -3.73865467769
2024-10-23T00:25:00.000000 -2862.727493797 677.053914452 -6023.599689314 6.96081597252 0.41459269752 -3.26918458546
2024-10-23T00:26:00.000000 -2438.624524006 700.305624756 -6205.279195608 7.17034577968 0.36016338757 -2.78444258331
2024-10-23T00:27:00.000000 -2002.967492881 720.240004919 -6357.473150051 7.34580626695 0.30405844479 -2.28672008978
2024-10-23T00:28:00.000000 -1557.825021113 736.764396725 -6479.472985519 7.48641019018 0.24654168607 -1.77836744851
2024-10-23T00:29:00.000000 -1105.307949666 749.802159718 -6570.712294803 7.59153484744 0.18788257318 -1.26176881998
2024-10-23T00:30:00.000000 -647.559927921 759.292896182 -6630.768665394 7.66071054412 0.12835317687 -0.73934192886
2024-10-23T00:31:00.000000 -186.747914560 765.192661445 -6659.365680070 7.69363060182 0.06822990706 -0.21353345119
2024-10-23T00:32:00.000000 274.947780586 767.474208059 -6656.374293528 7.69015784645 0.00779289604 0.31319451881
2024-10-23T00:33:00.000000 735.343630172 766.127176426 -6621.813136530 7.65032072317 -0.05267584897 0.83838284277
2024-10-23T00:34:00.000000 1192.262706301 761.158085178 -6555.848146256 7.57431083580 -0.11289560436 1.35958221944
2024-10-23T00:35:00.000000 1643.544385636 752.590287160 -6458.791671426 7.46247908924 -0.17258633820 1.87436206902
2024-10-23T00:36:00.000000 2087.053911433 740.463854536 -6331.101301958 7.31533874552 -0.23147065301 2.38031320970
2024-10-23T00:37:00.000000 2520.692334826 724.835428331 -6173.378046270 7.13356827876 -0.28927409084 2.87506800111
2024-10-23T00:38:00.000000 2942.406017540 705.777999805 -5986.363449374 6.91799857742 -0.34572593815 3.35630921993
2024-10-23T00:39:00.000000 3350.195753972 683.380657452 -5770.936532016 6.66961354315 -0.40056089255 3.82177290395
2024-10-23T00:40:00.000000 3742.126013232 657.748218469 -5528.110336448 6.38955241245 -0.45351976275 4.26925743266
2024-10-23T00:41:00.000000 4116.334306926 629.000864371 -5259.027709516 6.07910880176 -0.50435010081 4.69664147271
2024-10-23T00:42:00.000000 4471.040009910 597.273606713 -4964.956062080 5.73971705513 -0.55281083916 5.10189384597
2024-10-23T00:43:00.000000 4804.552770852 562.715542498 -4647.281801495 5.37295043174 -0.59867301842 5.48308199763
2024-10-23T00:44:00.000000 5115.280519845 525.489177379 -4307.504099959 4.98051090955 -0.64171892673 5.83838000668
2024-10-23T00:45:00.000000 5401.737103697 485.769721268 -3947.228340445 4.56422655991 -0.68174276569 6.16607523684
2024-10-23T00:46:00.000000 5662.549689567 443.744359091 -3568.158969282 4.12604497804 -0.71855141258 6.46458000182
2024-10-23T00:47:00.000000 5896.465649735 399.611432117 -3172.091744315 3.66802439728 -0.75196660608 6.73243937651
2024-10-23T00:48:00.000000 6102.359007773 353.579483537 -2760.905471366 3.19232610534 -0.78182649178 6.96834243578
2024-10-23T00:49:00.000000 6279.236136597 305.866292638 -2336.553096711 2.70119844039 -0.80798477702 7.17112819254
2024-10-23T00:50:00.000000 6426.240839809 256.697989039 -1901.052714080 2.19697404839 -0.83030995136 7.33978836857
2024-10-23T00:51:00.000000 6542.659132172 206.307984103 -1456.477958001 1.68205708814 -0.84869141212 7.47348082129
2024-10-23T00:52:00.000000 6627.923017951 154.935742413 -1004.947965710 1.15890800287 -0.86303735290 7.57153142585
2024-10-23T00:53:00.000000 6681.613565982 102.825679919 -548.617183677 0.63003362752 -0.87327520566 7.63343834792
2024-10-23T00:54:00.000000 6703.463279297 50.225895613 -89.664820676 0.09797125603 -0.87935468438 7.65887798249
2024-10-23T00:55:00.000000 6693.357506456 -2.613055319 369.715725716 -0.43472139161 -0.88124349230 7.64770151199
2024-10-23T00:56:00.000000 6651.335439767 -55.439234529 827.327611319 -0.96547795706 -0.87892858457 7.59994360411
2024-10-23T00:57:00.000000 6577.590004194 -108.000573925 1280.981530489 -1.49174269416 -0.87241882677 7.51582010534
2024-10-23T00:58:00.000000 6472.466841392 -160.046194082 1728.506433110 -2.01098219613 -0.86174475083 7.39572293232
2024-10-23T00:59:00.000000 6336.462724513 -211.327653527 2167.760042473 -2.52069402537 -0.84695676708 7.24021968428
2024-10-23T01:00:00.000000 6170.223282754 -261.600105453 2596.639424507 -3.01842163154 -0.82812444668 7.05005349797
2024-10-23T01:01:00.000000 5974.539792508 -310.623484170 3013.091349930 -3.50176849495 -0.80533764826 6.82613721815
2024-10-23T01:02:00.000000 5750.345221703 -358.163721369 3415.122335041 -3.96841019782 -0.77870637412 6.56954845810
2024-10-23T01:03:00.000000 5498.709548144 -403.993921482 3800.808333218 -4.41610608376 -0.74835930466 6.28152309907
2024-10-23T01:04:00.000000 5220.834409921 -447.895429785 4168.304019200 -4.84270954260 -0.71444235380 5.96344829174
2024-10-23T01:05:00.000000 4918.047154339 -489.658837730 4515.851705544 -5.24617935669 -0.67711765595 5.61685664659
2024-10-23T01:06:00.000000 4591.794167762 -529.084962996 4841.789689633 -5.62458899063 -0.63656422273 5.24341302497
2024-10-23T01:07:00.000000 4243.633918474 -565.985852034 5144.560023438 -5.97613097965 -0.59297661950 4.84491120791
2024-10-23T01:08:00.000000 3875.229371329 -600.185635956 5422.716102834 -6.29913168339 -0.54656338875 4.42326627069
2024-10-23T01:09:00.000000 3488.339669822 -631.521379364 5674.929450760 -6.59205947931 -0.49754658962 3.98049814734
2024-10-23T01:10:00.000000 3084.811564219 -659.843814684 5899.995641598 -6.85352568375 -0.44615953202 3.51872123305
2024-10-23T01:11:00.000000 2666.570725006 -685.017994258 6096.839869716 -7.08229027806 -0.39264639128 3.04014036083
2024-10-23T01:12:00.000000 2235.612517704 -706.923957817 6264.521997038 -7.27727096008 -0.33726244691 2.54703717701
2024-10-23T01:13:00.000000 1793.992431798 -725.457380422 6402.240738589 -7.43754568986 -0.28027326027 2.04175626432
2024-10-23T01:14:00.000000 1343.816539976 -740.530065151 6509.337203104 -7.56235101766 -0.22195012622 1.52669987744
2024-10-23T01:15:00.000000 887.231645617 -752.070240986 6585.298212381 -7.65109506524 -0.16256924115 1.00431848316
2024-10-23T01:16:00.000000 426.414957148 -760.022805701 6629.758442272 -7.70335352357 -0.10241024127 0.47708933297
2024-10-23T01:17:00.000000 -36.435827822 -764.349607108 6642.502056299 -7.71887022351 -0.04175815320 -0.05248335529
2024-10-23T01:18:00.000000 -499.112865562 -765.029674833 6623.463880608 -7.69756248170 0.01909938019 -0.58188399798
2024-10-23T01:19:00.000000 -959.408510615 -762.059345050 6572.729746317 -7.63951981042 0.07987383127 -1.10859658170
2024-10-23T01:20:00.000000 -1415.125652009 -755.452207301 6490.536141186 -7.54500312995 0.14027860271 -1.63011711213
2024-10-23T01:21:00.000000 -1864.087911684 -745.239042534 6377.269257052 -7.41444348483 0.20002698305 -2.14396076073
2024-10-23T01:22:00.000000 -2304.149951449 -731.467791194 6233.463427204 -7.24844347768 0.25883445847 -2.64767701130
2024-10-23T01:23:00.000000 -2733.207579027 -714.203320491 6059.798716806 -7.04777142814 0.31642139566 -3.13885984022
2024-10-23T01:24:00.000000 -3149.207635248 -693.527138301 5857.098035758 -6.81336047351 0.37251295712 -3.61515545448
2024-10-23T01:25:00.000000 -3550.157887141 -669.537001152 5626.323617147 -6.54630725916 0.42684289578 -4.07427589786
2024-10-23T01:26:00.000000 -3934.136626760 -642.346426294 5368.572712392 -6.24786528056 0.47915128692 -4.51401004781
2024-10-23T01:27:00.000000 -4299.301999937 -612.084350417 5085.072671400 -5.91944215134 0.52918491369 -4.93223447035
2024-10-23T01:28:00.000000 -4643.901067033 -578.894573285 4777.175334154 -5.56259278283 0.57670211122 -5.32692458080
2024-10-23T01:29:00.000000 -4966.278435117 -542.935017446 4446.350822063 -5.17901307913 0.62147364843 -5.69616367987
2024-10-23T01:30:00.000000 -5264.884576833 -504.377009481 4094.180729635 -4.77053437715 0.66328197506 -6.03815534035
2024-10-23T01:31:00.000000 -5538.283577292 -463.404523018 3722.350545053 -4.33911058380 0.70192378073 -6.35123315951
2024-10-23T01:32:00.000000 -5785.160342009 -420.213228824 3332.641758514 -3.88681516581 0.73721236958 -6.63386578163
2024-10-23T01:33:00.000000 -6004.327528847 -375.009552552 2926.923252467 -3.41582930321 0.76897573031 -6.88467343486
2024-10-23T01:34:00.000000 -6194.731453793 -328.009789007 2507.142040422 -2.92842605569 0.79705758615 -7.10243185768
2024-10-23T01:35:00.000000 -6355.457396575 -279.438972592 2075.313779529 -2.42696230139 0.82132333663 -7.28607822791
2024-10-23T01:36:00.000000 -6485.734271961 -229.529676592 1633.512944780 -1.91386765364 0.84165545260 -7.43471589303
2024-10-23T01:37:00.000000 -6584.938650798 -178.520955401 1183.862604221 -1.39163113337 0.85795624119 -7.54762272001
2024-10-23T01:38:00.000000 -6652.597844369 -126.657158045 728.523917724 -0.86278812054 0.87014623375 -7.62425087717
2024-10-23T01:39:00.000000 -6688.392598948 -74.186837544 269.685468602 -0.32991429388 0.87816542596 -7.66423647697
2024-10-23T01:40:00.000000 -6692.158822619 -21.361462580 -190.447944001 0.20439690869 0.88197757996 -7.66740282135
2024-10-23T01:41:00.000000 -6663.888015257 31.565992869 -649.666511932 0.73755517542 0.88156642835 -7.63375701488
2024-10-23T01:42:00.000000 -6603.727104620 84.342094324 -1105.766182293 1.26696966908 0.87693514799 -7.56348769296
2024-10-23T01:43:00.000000 -6511.977770994 136.714286277 -1556.560061680 1.79007972817 0.86810854503 -7.45697501134
2024-10-23T01:44:00.000000 -6389.094063680 188.432155087 -1999.889190498 2.30436486005 0.85513448138 -7.31476894446
2024-10-23T01:45:00.000000 -6235.680041042 239.248882648 -2433.632913503 2.80734948451 0.83808387638 -7.13759734028
2024-10-23T01:46:00.000000 -6052.486398030 288.922445984 -2855.719420015 3.29662302777 0.81704513846 -6.92635863602
2024-10-23T01:47:00.000000 -5840.406263574 337.216639213 -3264.135749608 3.76985016566 0.79212400420 -6.68211520633
2024-10-23T01:48:00.000000 -5600.470346813 383.902143898 -3656.937454447 4.22478205847 0.76344444685 -6.40608720692
2024-10-23T01:49:00.000000 -5333.841447072 428.757663868 -4032.257840466 4.65926632913 0.73114989579 -6.09964538274
2024-10-23T01:50:00.000000 -5041.808224121 471.571002135 -4388.316748962 5.07126212116 0.69539942822 -5.76430002302
2024-10-23T01:51:00.000000 -4725.778446888 512.139959954 -4723.428447889 5.45883951573 0.65636771848 -5.40168914117
2024-10-23T01:52:00.000000 -4387.272092537 550.273300889 -5036.009351992 5.82019072709 0.61424508566 -5.01357745375
2024-10-23T01:53:00.000000 -4027.913720490 585.791621365 -5324.585243346 6.15363844039 0.56923544430 -4.60184438183
2024-10-23T01:54:00.000000 -3649.424436087 618.528138835 -5587.797891340 6.45764314514 0.52155539673 -4.16847508497
2024-10-23T01:55:00.000000 -3253.613399930 648.329415442 -5824.411061945 6.73080998191 0.47143303924 -3.71554898555
2024-10-23T01:56:00.000000 -2842.368997257 675.056027386 -6033.315848011 6.97189414115 0.41910718031 -3.24522898586
2024-10-23T01:57:00.000000 -2417.649702698 698.583164865 -6213.535247585 7.17980318712 0.36482607451 -2.75974678371
2024-10-23T01:58:00.000000 -1981.475024966 718.801199753 -6364.228125930 7.35359718261 0.30884714890 -2.26139927204
2024-10-23T01:59:00.000000 -1535.916038715 735.616077612 -6484.692792363 7.49249648724 0.25143125677 -1.75253497306
2024-10-23T02:00:00.000000 -1083.085860232 748.949549044 -6574.369816796 7.59588062619 0.19284547874 -1.23554617590
2024-10-23T02:01:00.000000 -625.129952730 758.739621290 -6632.844282743 7.66329070538 0.13336425655 -0.71285611082
2024-10-23T02:02:00.000000 -164.216466469 764.940940945 -6659.847533052 7.69443180257 0.07326703666 -0.18691518807
2024-10-23T02:03:00.000000 297.473833927 767.524938226 -6655.258257902 7.68917698584 0.01283342425 0.33981808491
2024-10-23T02:04:00.000000 757.757478665 766.479821335 -6619.102663025 7.64756276048 -0.04765652529 0.86488659152
2024-10-23T02:05:00.000000 1214.458029017 761.810678909 -6551.554145524 7.56978724326 -0.10792052988 1.38584190570
2024-10-23T02:06:00.000000 1665.415822368 753.539445800 -6452.932508434 7.45621073038 -0.16768013459 1.90025417333
2024-10-23T02:07:00.000000 2108.497606974 741.704704399 -6323.702639232 7.30735423394 -0.22665756470 2.40571816945
2024-10-23T02:08:00.000000 2541.606287963 726.361744026 -6164.472625513 7.12390063123 -0.28457506653 2.89986882355
2024-10-23T02:09:00.000000 2962.690377826 707.582301496 -5975.991032479 6.90668695011 -0.34116238997 3.38038871364
2024-10-23T02:10:00.000000 3369.753268243 685.454181909 -5759.143930820 6.65670609741 -0.39615374349 3.84501324266
2024-10-23T02:11:00.000000 3760.862688691 660.080953658 -5514.951354827 6.37510907106 -0.44929028495 4.29154473748
2024-10-23T02:12:00.000000 4134.159973228 631.581453405 -5244.562804681 6.06319730515 -0.50032189621 4.71786758524
2024-10-23T02:13:00.000000 4487.868772160 600.089251899 -4949.251943575 5.72241089123 -0.54900746656 5.12195838598
2024-10-23T02:14:00.000000 4820.303282990 565.752131422 -4630.411079298 5.35432860885 -0.59511470654 5.50188884463
2024-10-23T02:15:00.000000 5129.876341740 528.731492976 -4289.544951498 4.96065744788 -0.63842207796 5.85583947783
2024-10-23T02:16:00.000000 5415.106989625 489.201660343 -3928.264189828 4.54323097161 -0.67872108246 6.18210196530
2024-10-23T02:17:00.000000 5674.627970387 447.348997280 -3548.278226398 4.10400378109 -0.71581884209 6.47909349091
2024-10-23T02:18:00.000000 5907.192646310 403.371012005 -3151.387412884 3.64504007196 -0.74953644832 6.74536760461
2024-10-23T02:19:00.000000 6111.681268295 357.475509180 -2739.474651077 3.16850383739 -0.77971034533 6.97961979428
2024-10-23T02:20:00.000000 6287.106700043 309.879594936 -2314.496687565 2.67664983482 -0.80619351961 7.18069472442
2024-10-23T02:21:00.000000 6432.619564947 260.808764716 -1878.474948700 2.17181455791 -0.82885331464 7.34759202329
2024-10-23T02:22:00.000000 6547.513001255 210.495973316 -1433.485970587 1.65640812893 -0.84757519077 7.47947840805
2024-10-23T02:23:00.000000 6631.226312571 159.180338668 -981.651204394 1.13289244747 -0.86226780302 7.57568779048
2024-10-23T02:24:00.000000 6683.348120958 107.105888199 -525.126885650 0.60377871200 -0.87285842455 7.63573019733
2024-10-23T02:25:00.000000 6703.618528558 54.520472798 -66.093334325 0.07160415287 -0.87929254247 7.65929086222
2024-10-23T02:26:00.000000 6691.930564277 1.674606417 393.255464057 -0.46107268434 -0.88153608586 7.64622997452
2024-10-23T02:27:00.000000 6648.331110771 -51.179755845 850.722558477 -0.99168487075 -0.87957534329 7.59658983851
2024-10-23T02:28:00.000000 6573.020819867 -103.790495691 1304.118987443 -1.51767526000 -0.87341833363 7.51059301539
2024-10-23T02:29:00.000000 6466.353323824 -155.906587715 1751.274601121 -2.03650549339 -0.86309355668 7.38864585394
2024-10-23T02:30:00.000000 6328.833290208 -207.279338725 2190.048945129 -2.54568000293 -0.84865018026 7.23132751658
2024-10-23T02:31:00.000000 6161.113997294 -257.663563215 2618.341440998 -3.04274337273 -0.83015525368 7.03939152569
2024-10-23T02:32:00.000000 5963.994137008 -306.818671098 3034.101928450 -3.52530637754 -0.80769602460 6.81376098638
2024-10-23T02:33:00.000000 5738.413674887 -354.509947347 3435.340449500 -3.99105006142 -0.78138055641 6.55552033104
2024-10-23T02:34:00.000000 5485.449272214 -400.509750146 3820.136952447 -4.43773989327 -0.75133622716 6.26591370570
2024-10-23T02:35:00.000000 5206.308813113 -444.598576311 4186.650511192 -4.86323665840 -0.71770648051 5.94633286309
2024-10-23T02:36:00.000000 4902.325608100 -486.565994695 4533.128058899 -5.26550050089 -0.68065078792 5.59831483724
2024-10-23T02:37:00.000000 4574.951994896 -526.211726469 4857.913001306 -5.64260657018 -0.64034841348 5.22353641978
2024-10-23T02:38:00.000000 4225.752020703 -563.346771707 5159.453200293 -5.99275698839 -0.59699474698 4.82380053774
2024-10-23T02:39:00.000000 3856.393658031 -597.794200098 5436.308242858 -6.31428702704 -0.55079675206 4.40102694501
2024-10-23T02:40:00.000000 3468.640562760 -629.389885216 5687.156110432 -6.60567262964 -0.50197432339 3.95724036828
2024-10-23T02:41:00.000000 3064.343523294 -657.983273271 5910.799161369 -6.86553413403 -0.45076005456 3.49456042197
2024-10-23T02:42:00.000000 2645.431654195 -683.438150750 6106.169566722 -7.09264143433 -0.39739896381 3.01519326126
2024-10-23T02:43:00.000000 2213.903242060 -705.633266169 6272.334219950 -7.28591959097 -0.34214401950 2.52142160770
2024-10-23T02:44:00.000000 1771.816314000 -724.462773804 6408.498969737 -7.44445237229 -0.28525646931 2.01559244057
2024-10-23T02:45:00.000000 1321.279093631 -739.836813741 6514.012233143 -7.56748427707 -0.22700768054 1.50011073126
2024-10-23T02:46:00.000000 864.440025845 -751.682009994 6588.368170919 -7.65443023568 -0.16767465814 0.97742587672
2024-10-23T02:47:00.000000 403.477665993 -759.941684771 6631.208922256 -7.70487208050 -0.10753747241 0.45002083668
2024-10-23T02:48:00.000000 -59.409511239 -764.576134568 6642.326364842 -7.71856395558 -0.04688177476 -0.07959904408
2024-10-23T02:49:00.000000 -522.013397790 -765.562891389 6621.663079705 -7.69543113194 0.01400424514 -0.60891679017
2024-10-23T02:50:00.000000 -982.126627889 -762.896791133 6569.312722496 -7.63557288601 0.07483201410 -1.13541643318
2024-10-23T02:51:00.000000 -1437.552891986 -756.589969151 6485.519547786 -7.53925781920 0.13531381953 -1.65659461978
2024-10-23T02:52:00.000000 -1886.117124695 -746.671788736 6370.677513813 -7.40692646517 0.19516290553 -2.16996681323
2024-10-23T02:53:00.000000 -2325.675858892 -733.188765586 6225.328650674 -7.23919005916 0.25409486545 -2.67308424980
2024-10-23T02:54:00.000000 -2754.127260657 -716.204362099 6050.160658643 -7.03682574828 0.31182906743 -3.16354094811
2024-10-23T02:55:00.000000 -3169.421183668 -695.798787024 5846.003984961 -6.80077855285 0.36808808552 -3.63898762259
2024-10-23T02:56:00.000000 -3569.569007662 -672.068683785 5613.827981640 -6.53215239634 0.42260280102 -4.09714465282
2024-10-23T02:57:00.000000 -3952.652959303 -645.126538810 5354.736634889 -6.23220609478 0.47511335779 -4.53580429302
2024-10-23T02:58:00.000000 -4316.835581590 -615.100218266 5069.963877903 -5.90235664659 0.52536743549 -4.95284674445
2024-10-23T02:59:00.000000 -4660.368848947 -582.132426644 4760.867810101 -5.54416661932 0.57312281805 -5.34625361380
2024-10-23T03:00:00.000000 -4981.602749915 -546.380085799 4428.924406616 -5.15933958050 0.61814840134 -5.71411633202
2024-10-23T03:01:00.000000 -5278.993488403 -508.013557413 4075.720605145 -4.74971134428 0.66022762737 -6.05464565131
2024-10-23T03:02:00.000000 -5551.111246643 -467.215730311 3702.946885495 -4.31724360553 0.69915911052 -6.36618166215
2024-10-23T03:03:00.000000 -5796.647400803 -424.181249368 3312.389205173 -3.86401351190 0.73475195345 -6.64720293964
2024-10-23T03:04:00.000000 -6014.421193448 -379.115764969 2905.920334095 -3.39220268963 0.76683185782 -6.89633879192
2024-10-23T03:05:00.000000 -6203.385583797 -332.234843445 2485.490779396 -2.90408786014 0.79524154189 -7.11236909039
2024-10-23T03:06:00.000000 -6362.632898975 -283.762991783 2053.119351647 -2.40203356576 0.81984127089 -7.29423941202
2024-10-23T03:07:00.000000 -6491.399462504 -233.932499832 1610.883075214 -1.88847355623 0.84051126708 -7.44106423939
2024-10-23T03:08:00.000000 -6589.069397372 -182.982231291 1160.906920000 -1.36589875943 0.85715234279 -7.55213123507
2024-10-23T03:09:00.000000 -6655.177736750 -131.156395294 705.353294348 -0.83684617519 0.86968519303 -7.62690574918
2024-10-23T03:10:00.000000 -6689.412764113 -78.703394159 246.411314994 -0.30388566472 0.87804946230 -7.66503215468
2024-10-23T03:11:00.000000 -6691.617707758 -25.874640221 -213.714028923 0.23038997330 0.88220549175 -7.66633804418
2024-10-23T03:12:00.000000 -6661.791678874 27.076780917 -672.813034963 0.76338076252 0.88213813747 -7.63083959648
2024-10-23T03:13:00.000000 -6600.089399536 79.897588518 -1128.682662628 1.29250299015 0.87785389465 -7.55874112218
2024-10-23T03:14:00.000000 -6506.819894647 132.335386024 -1579.137534183 1.81519797436 0.86937729014 -7.45042681634
2024-10-23T03:15:00.000000 -6382.444610716 184.139926992 -2022.020703435 2.32894628661 0.85675454403 -7.30645955158
2024-10-23T03:16:00.000000 -6227.574655101 235.064301157 -2455.214242885 2.83128089177 0.84005088805 -7.12757592000
2024-10-23T03:17:00.000000 -6042.967309698 284.866088738 -2876.649447003 3.31979764536 0.81935064542 -6.91467940640
2024-10-23T03:18:00.000000 -5829.521964784 333.308515294 -3284.316753881 3.79216593292 0.79475789285 -6.66883720767
2024-10-23T03:19:00.000000 -5588.275341184 380.161637461 -3676.275390269 4.24614032141 0.76639578720 -6.39127410257
2024-10-23T03:20:00.000000 -5320.396025110 425.203411030 -4050.662656002 4.67957329421 0.73440427847 -6.08336604120
2024-10-23T03:21:00.000000 -5027.178252110 468.220683616 -4405.702633344 5.09042479355 0.69893995453 -5.74662827437
2024-10-23T03:22:00.000000 -4710.035284098 509.010200711 -4739.714321867 5.47676871412 0.66017592622 -5.38270838646
2024-10-23T03:23:00.000000 -4370.492295081 547.379563884 -5051.119371150 5.83680258657 0.61830082560 -4.99337884978
2024-10-23T03:24:00.000000 -4010.178671722 583.148129428 -5338.449249889 6.16885618882 0.57351762255 -4.58052605265
2024-10-23T03:25:00.000000 -3630.819886402 616.147822375 -5600.351773713 6.47139797105 0.52604204643 -4.14614019385
2024-10-23T03:26:00.000000 -3234.228976575 646.223884267 -5835.597014228 6.74304155902 0.47610217716 -3.69230406472
2024-10-23T03:27:00.000000 -2822.297737930 673.235525328 -6043.082501035 6.98254839595 0.42393473472 -3.22118240302
2024-10-23T03:28:00.000000 -2396.987715998 697.056412187 -6221.837896294 7.18883288396 0.36978561823 -2.73501234446
2024-10-23T03:29:00.000000 -1960.321006843 717.575289102 -6371.028933979 7.36096194168 0.31391124354 -2.23609190416
2024-10-23T03:30:00.000000 -1514.370972596 734.696537204 -6489.960990101 7.49816216590 0.25657580745 -1.72677581204
2024-10-23T03:31:00.000000 -1061.252408346 748.340532548 -6578.081925514 7.59982428662 0.19804785994 -1.20945560211
2024-10-23T03:32:00.000000 -603.111985966 758.443904327 -6634.984050489 7.66549576016 0.13860128830 -0.68655561987
2024-10-23T03:33:00.000000 -142.118552081 764.959882445 -6660.405997472 7.69489110154 0.07851445091 -0.16052586060
2024-10-23T03:34:00.000000 319.546958334 767.858400779 -6654.233715480 7.68789216484 0.01806583119 0.36617603171
2024-10-23T03:35:00.000000 779.701343745 767.126166371 -6616.500554238 7.64454081473 -0.04246352943 0.89109406164
2024-10-23T03:36:00.000000 1236.168841962 762.766808581 -6547.387083318 7.56504396180 -0.10279142821 1.41178000508
2024-10-23T03:37:00.000000 1686.790947678 754.800815734 -6447.220143854 7.44976863426 -0.16263830092 1.92580738386
2024-10-23T03:38:00.000000 2129.435879788 743.265420108 -6316.471421514 7.29923908479 -0.22172479622 2.43077457768
2024-10-23T03:39:00.000000 2562.008211265 728.214617729 -6155.755812325 7.11414353716 -0.27977269166 2.92431242854
2024-10-23T03:40:00.000000 2982.458679288 709.718886050 -5965.828961142 6.89533186128 -0.33651135659 3.40410093337
2024-10-23T03:41:00.000000 3388.793712908 687.864728244 -5747.583882283 6.64380915082 -0.39167656068 3.86788261882
2024-10-23T03:42:00.000000 3779.084566769 662.754345154 -5502.046998797 6.36073079172 -0.44500959186 4.31346933176
2024-10-23T03:43:00.000000 4151.476236121 634.505279432 -5230.373720445 6.04739864231 -0.49625785991 4.73875092096
2024-10-23T03:44:00.000000 4504.196150948 603.249969352 -4933.843541202 5.70525841973 -0.54517811981 5.14170327083
2024-10-23T03:45:00.000000 4835.562672355 569.135123947 -4613.854492561 5.33589399414 -0.59153778128 5.52040085046
2024-10-23T03:46:00.000000 5143.993206008 532.321092698 -4271.916996145 4.94102256402 -0.63511500518 5.87302457190
2024-10-23T03:47:00.000000 5428.012030919 492.981166434 -3909.647109215 4.52248745465 -0.67570054294 6.19787426151
2024-10-23T03:48:00.000000 5686.257530853 451.300777261 -3528.759131400 4.08224760825 -0.71309907786 6.49337608131
2024-10-23T03:49:00.000000 5917.488953167 407.476646139 -3131.057834400 3.62237151005 -0.74712967345 6.75808983353
2024-10-23T03:50:00.000000 6120.592697945 361.715899881 -2718.430185146 3.14502782836 -0.77762660158 6.99071691220
2024-10-23T03:51:00.000000 6294.588117161 314.235136975 -2292.836612549 2.65247803861 -0.80443998593 7.19010895938
2024-10-23T03:52:00.000000 6438.632728791 265.259426378 -1856.301703211 2.14706382547 -0.82743776278 7.35527682127
2024-10-23T03:53:00.000000 6552.026630777 215.021201419 -1410.904488372 1.63119422430 -0.84650631716 7.48539551597
2024-10-23T03:54:00.000000 6634.216213276 163.759176785 -958.768476213 1.10733493269 -0.86155012389 7.57980833518
2024-10-23T03:55:00.000000 6684.797195389 111.717205613 -502.051378373 0.57799529666 -0.87249366744 7.63803249655
2024-10-23T03:56:00.000000 6703.516813470 59.143058410 -42.934614517 0.04571456562 -0.87928177322 7.65976057863
2024-10-23T03:57:00.000000 6690.275301236 6.287223191 416.387232549 -0.48694803211 -0.88187904700 7.64486181855
2024-10-23T03:58:00.000000 6645.126743645 -46.598299572 873.717156079 -1.01742635425 -0.88027064048 7.59338670699
2024-10-23T03:59:00.000000 6568.278969397 -99.261250222 1326.866595411 -1.54316355301 -0.87446275412 7.50556557236
2024-10-23T04:00:00.000000 6460.092709728 -151.450360462 1773.666211522 -2.06162254474 -0.86448209531 7.38180942416
2024-10-23T04:01:00.000000 6321.079889831 -202.916592804 2211.976640518 -2.57030165638 -0.85037661606 7.22270515997
2024-10-23T04:02:00.000000 6151.901261873 -253.414398819 2639.699066563 -3.06674570992 -0.83221408001 7.02901839989
2024-10-23T04:03:00.000000 5953.362838711 -302.702857836 3054.785806651 -3.54857035103 -0.81008075404 6.80168451220
2024-10-23T04:04:00.000000 5726.411519499 -350.546736239 3455.249979345 -4.01346262817 -0.78408060566 6.54179466953
2024-10-23T04:05:00.000000 5472.130720088 -396.717694914 3839.174974717 -4.45918835076 -0.75433930510 6.25060032243
2024-10-23T04:06:00.000000 5191.735052978 -440.995511728 4204.723926782 -4.88361095839 -0.72100142330 5.92950607593
2024-10-23T04:07:00.000000 4886.564121972 -483.169125423 4550.148514650 -5.28470127794 -0.68422707484 5.58005689314
2024-10-23T04:08:00.000000 4558.075978388 -523.037535132 4873.797166979 -5.66054191504 -0.64419194082 5.20393252510
2024-10-23T04:09:00.000000 4207.840047359 -560.410759277 5174.122980187 -6.00933915287 -0.60108741448 4.80294044263
2024-10-23T04:10:00.000000 3837.529459617 -595.110761532 5449.691152697 -6.32943224598 -0.55512009383 4.37900836188
2024-10-23T04:11:00.000000 3448.912715194 -626.972298315 5699.185772778 -6.61930333868 -0.50650963696 3.93416899263
2024-10-23T04:12:00.000000 3043.845023346 -655.843691521 5921.415779701 -6.87758127186 -0.45548815207 3.47054966650
2024-10-23T04:13:00.000000 2624.259337909 -681.587490667 6115.320264976 -7.10304536988 -0.40229770800 2.99035958846
2024-10-23T04:14:00.000000 2192.157336934 -704.081064017 6279.973195795 -7.29462704535 -0.34718985146 2.49588483377
2024-10-23T04:15:00.000000 1749.600015524 -723.217101594 6414.587748072 -7.45141806155 -0.29042379263 1.98947725254
2024-10-23T04:16:00.000000 1298.697984196 -738.904112967 6518.519931244 -7.57267376097 -0.23226766777 1.47354441953
2024-10-23T04:17:00.000000 841.601536440 -751.066946961 6591.271598843 -7.65781662102 -0.17299802472 0.95053846879
2024-10-23T04:18:00.000000 380.490517818 -759.647254249 6632.492721282 -7.70643863924 -0.11289738316 0.42294208659
2024-10-23T04:19:00.000000 -82.435776671 -764.603720467 6641.982953618 -7.71830035047 -0.05225119971 -0.10673862608
2024-10-23T04:20:00.000000 -544.968904822 -765.912246421 6619.692770965 -7.69333679563 0.00865252970 -0.63598529550
2024-10-23T04:21:00.000000 -1004.901714732 -763.566044175 6565.723707234 -7.63165505604 0.06952491508 -1.16228282257
2024-10-23T04:22:00.000000 -1460.038587603 -757.575659781 6480.327914994 -7.53353290326 0.13007716544 -1.68312687138
2024-10-23T04:23:00.000000 -1908.205768226 -747.968942350 6363.907229724 -7.39942157957 0.19002166063 -2.19603504739
2024-10-23T04:24:00.000000 -2347.261651501 -734.790892985 6217.011353342 -7.22993957824 0.24907463192 -2.69856210559
2024-10-23T04:25:00.000000 -2775.106702922 -718.103430537 6040.335539356 -7.02587250763 0.30695553254 -3.18830309301
2024-10-23T04:26:00.000000 -3189.693624985 -697.985207956 5834.717670576 -6.78817414389 0.36338764709 -3.66291186296
2024-10-23T04:27:00.000000 -3589.037127735 -674.531312306 5601.134392783 -6.51795761445 0.41810013779 -4.12010972680
2024-10-23T04:28:00.000000 -3971.223466796 -647.852838884 5340.696745868 -6.21649250333 0.47083054859 -4.55769791637
2024-10-23T04:29:00.000000 -4334.419560155 -618.076350583 5054.645187768 -5.88519881378 0.52132595310 -4.97356209341
2024-10-23T04:30:00.000000 -4676.882108668 -585.343325125 4744.344229852 -5.52564957467 0.56934203320 -5.36568392772
2024-10-23T04:31:00.000000 -4996.966640903 -549.809491656 4411.275976137 -5.13956079092 0.61464878048 -5.73216624747
2024-10-23T04:32:00.000000 -5293.135333817 -511.644109768 4057.032635294 -4.72877159746 0.65702462764 -6.07123581784
2024-10-23T04:33:00.000000 -5563.964106296 -471.029223228 3683.309031469 -4.29523182840 0.69626624346 -6.38124108579
2024-10-23T04:34:00.000000 -5808.149711684 -428.158720569 3291.895703655 -3.84102329165 0.73218013837 -6.66065073264
2024-10-23T04:35:00.000000 -6024.517675699 -383.237755678 2884.670520169 -3.36835574841 0.76458803731 -6.90809016671
2024-10-23T04:36:00.000000 -6212.028820924 -336.481305317 2463.588092917 -2.87951253926 0.79333833435 -7.12237155032
2024-10-23T04:37:00.000000 -6369.782781374 -288.113159889 2030.670322612 -2.37685181554 0.81828923384 -7.30244000475
2024-10-23T04:38:00.000000 -6497.023577280 -238.365022127 1587.997192933 -1.86281940084 0.83931960088 -7.44741966589
2024-10-23T04:39:00.000000 -6593.143511500 -187.475255960 1137.695775609 -1.33990870122 0.85632813527 -7.55661434908
2024-10-23T04:40:00.000000 -6657.685753683 -135.687748293 681.929783147 -0.81065616402 0.86923239362 -7.62949950298
2024-10-23T04:41:00.000000 -6690.346873933 -83.250652363 222.888956774 -0.27763470227 0.87797300692 -7.66573454700
2024-10-23T04:42:00.000000 -6690.978222024 -30.415070891 -237.222088811 0.25657128539 0.88251021838 -7.66516218378
2024-10-23T04:43:00.000000 -6659.586412749 22.566104129 -696.194728342 0.78937287632 0.88282462270 -7.62780699065
2024-10-23T04:44:00.000000 -6596.333163906 75.439446308 -1151.827289326 1.31819094353 0.87891783898 -7.55387592961
2024-10-23T04:45:00.000000 -6501.534301188 127.952255794 -1601.935970594 1.84047013268 0.87081228054 -7.44375734165
2024-10-23T04:46:00.000000 -6375.657931432 179.853788260 -2044.365640931 2.35369185417 0.85855083836 -7.29801812648
2024-10-23T04:47:00.000000 -6219.321836720 230.896494603 -2477.000462148 2.85538779032 0.84219692825 -7.11740043306
2024-10-23T04:48:00.000000 -6033.290062585 280.837208572 -2897.774265634 3.34315294965 0.82183311733 -6.90281686443
2024-10-23T04:49:00.000000 -5818.468745314 329.438295260 -3304.680603450 3.81465786020 0.79756129830 -6.65534446677
2024-10-23T04:50:00.000000 -5575.901230685 376.468824140 -3695.782427267 4.26766054284 0.76950306840 -6.37621826839
2024-10-23T04:51:00.000000 -5306.762449417 421.705722980 -4069.221303104 4.70001840128 0.73779837333 -6.06682211658
2024-10-23T04:52:00.000000 -5012.352682296 464.934816908 -4423.226070490 5.10969713005 0.70260358305 -5.72867982836
2024-10-23T04:53:00.000000 -4694.090816028 505.951779646 -4756.120985145 5.49477897757 0.66409065514 -5.36344667798
2024-10-23T04:54:00.000000 -4353.507099596 544.563072935 -5066.333289842 5.85347007810 0.62244709742 -4.97289831294
2024-10-23T04:55:00.000000 -3992.235655321 580.586859518 -5352.400251640 6.18410390188 0.57787537679 -4.55892684983
2024-10-23T04:56:00.000000 -3612.006307084 613.853854396 -5612.975904925 6.48515845457 0.53059083385 -4.12352804314
2024-10-23T04:57:00.000000 -3214.635916503 644.208022213 -5846.836726885 6.75525431340 0.48081976532 -3.66878747073
2024-10-23T04:58:00.000000 -2802.019669074 671.507226331 -6052.886886941 6.99316130711 0.42879903986 -3.19687354904
2024-10-23T04:59:00.000000 -2376.121990767 695.623834537 -6230.162796014 7.19780151828 0.37477494142 -2.71002377258
2024-10-23T05:00:00.000000 -1938.967498986 716.445248526 -6377.837011924 7.36824690574 0.31900263835 -2.21053972003
2024-10-23T05:01:00.000000 -1492.631637444 733.874449818 -6495.222015273 7.50373360793 0.26174536005 -1.70077930400
2024-10-23T05:02:00.000000 -1039.230828940 747.830338217 -6581.772855992 7.60365772725 0.20327061368 -1.18313639785
2024-10-23T05:03:00.000000 -580.912917757 758.248043813 -6637.089243294 7.66757688577 0.14385208422 -0.66003743656
2024-10-23T05:04:00.000000 -119.847334716 765.079278573 -6660.917205337 7.69521496638 0.08376803797 -0.13393114373
2024-10-23T05:05:00.000000 341.784900106 768.292478302 -6653.149908740 7.68645955470 0.02329761618 0.39272826498
2024-10-23T05:06:00.000000 801.800827060 767.872895785 -6613.827923315 7.64136036503 -0.03727769854 0.91748283056
2024-10-23T05:07:00.000000 1258.025430590 763.822687956 -6543.138964043 7.56013059643 -0.09767624623 1.43788816107
2024-10-23T05:08:00.000000 1708.301175926 756.160917548 -6441.416917859 7.44314040939 -0.15761644526 1.95151548932
2024-10-23T05:09:00.000000 2150.497686070 744.923447873 -6309.140808986 7.29092597602 -0.21681996431 2.45595901343
2024-10-23T05:10:00.000000 2582.521712012 730.162781925 -6146.932822930 7.10418758565 -0.27501070608 2.94885509219
2024-10-23T05:11:00.000000 3002.326722496 711.947842132 -5955.555403922 6.88378069589 -0.33191760330 3.42789266822
2024-10-23T05:12:00.000000 3407.922101339 690.363684876 -5735.908001420 6.63071409257 -0.38727397625 3.89081760708
2024-10-23T05:13:00.000000 3797.382323290 665.511185908 -5489.023319825 6.34614797954 -0.44081950372 4.33544366572
2024-10-23T05:14:00.000000 4168.855955475 637.506636214 -5216.062973823 6.03139147913 -0.49230076515 4.75966209934
2024-10-23T05:15:00.000000 4520.574461917 606.481274056 -4918.312474515 5.68789760661 -0.54147335978 5.16145350713
2024-10-23T05:16:00.000000 4850.860644073 572.580696673 -4597.175582389 5.31725698809 -0.58810314132 5.53889702597
2024-10-23T05:17:00.000000 5158.136747529 535.964223023 -4254.168125066 4.92119286213 -0.63196705588 5.89017981031
2024-10-23T05:18:00.000000 5440.932198709 496.804186865 -3890.911196417 4.50155318323 -0.67285455978 6.21360722584
2024-10-23T05:19:00.000000 5697.890842346 455.285155454 -3509.123826564 4.06030279231 -0.71056857198 6.50761073818
2024-10-23T05:20:00.000000 5927.777726164 411.603091727 -3110.615150340 3.59951532309 -0.74492642424 6.77075682886
2024-10-23T05:21:00.000000 6129.485347228 365.964462353 -2697.276087842 3.12136424859 -0.77576094541 7.00175394873
2024-10-23T05:22:00.000000 6302.039403997 318.585268027 -2271.070571691 2.62811418296 -0.80292151375 7.19946152127
2024-10-23T05:23:00.000000 6444.603906236 269.690052907 -1834.026270012 2.12210931041 -0.82627409176 7.36289635724
2024-10-23T05:24:00.000000 6556.485660281 219.510870187 -1388.224959182 1.60576328008 -0.84570262497 7.49123934298
2024-10-23T05:25:00.000000 6637.138052833 168.286176793 -935.792482386 1.08154635137 -0.86110988340 7.58384147486
2024-10-23T05:26:00.000000 6686.164056863 116.259668363 -478.888409448 0.55197211558 -0.87241860554 7.64022812095
2024-10-23T05:27:00.000000 6703.318417448 63.679073780 -19.695497574 0.01958401343 -0.87957151181 7.66010125534
2024-10-23T05:28:00.000000 6688.509080280 10.794961559 439.590962217 -0.51305681344 -0.88253137097 7.64334144729
2024-10-23T05:29:00.000000 6641.797868964 -42.140483108 896.773914268 -1.04338452550 -0.88128152403 7.59000955529
2024-10-23T05:30:00.000000 6563.400344213 -94.874690018 1349.665375097 -1.56884265630 -0.87582583674 7.50034699852
2024-10-23T05:31:00.000000 6453.684830230 -147.155954951 1796.097241817 -2.08689801213 -0.86618940924 7.37477466063
2024-10-23T05:32:00.000000 6313.170605679 -198.734706940 2233.931956302 -2.59505379650 -0.85241803601 7.21388923808
2024-10-23T05:33:00.000000 6142.525377743 -249.364724294 2661.072985752 -3.09086153754 -0.83457756132 7.01846119319
2024-10-23T05:34:00.000000 5942.561955579 -298.804326889 3075.475126257 -3.57193502841 -0.81275334502 6.78942994578
2024-10-23T05:35:00.000000 5714.234166172 -346.817521739 3475.154460185 -4.03596171022 -0.78704957406 6.52789800999
2024-10-23T05:36:00.000000 5458.632107777 -393.175133525 3858.197975885 -4.48071376758 -0.75758926901 6.23512547806
2024-10-23T05:37:00.000000 5176.976709859 -437.655915467 4222.772810787 -4.90405946886 -0.72451369003 5.91252235050
2024-10-23T05:38:00.000000 4870.613733878 -480.047659957 4567.135009144 -5.30397088015 -0.68798284162 5.56164140344
2024-10-23T05:39:00.000000 4541.007226050 -520.148280831 4889.637951092 -5.67853567406 -0.64817373906 5.18417326704
2024-10-23T05:40:00.000000 4189.732116336 -557.766775157 5188.740280544 -6.02597138171 -0.60527839668 4.78193271498
2024-10-23T05:41:00.000000 3818.466402385 -592.724073705 5463.012910286 -6.34462489478 -0.55950277276 4.35684749631
2024-10-23T05:42:00.000000 3428.983132550 -624.853879827 5711.145734805 -6.63298288862 -0.51106608300 3.91095330312
2024-10-23T05:43:00.000000 3023.141840968 -654.003365273 5931.953711495 -6.88967665766 -0.46019784964 3.44638209133
2024-10-23T05:44:00.000000 2602.879691753 -680.033791360 6124.382366963 -7.11348786377 -0.40713840849 2.96535273922
2024-10-23T05:45:00.000000 2170.202247417 -702.821150768 6287.512786008 -7.30335696554 -0.35213806581 2.47016260052
2024-10-23T05:46:00.000000 1727.173724152 -722.256716217 6420.565810535 -7.45838831190 -0.29545600215 1.96317069428
2024-10-23T05:47:00.000000 1275.907122563 -738.247628780 6522.905359617 -7.57785118629 -0.23736193596 1.44678468846
2024-10-23T05:48:00.000000 818.554464978 -750.717411715 6594.041056770 -7.66117562551 -0.17813120044 0.92345409588
2024-10-23T05:49:00.000000 357.296960870 -759.606231219 6633.630660724 -7.70796009657 -0.11804359463 0.39566472531
2024-10-23T05:50:00.000000 -105.665244510 -764.871212557 6641.481800210 -7.71797528539 -0.05738452583 -0.13407557496
2024-10-23T05:51:00.000000 -568.123446840 -766.486708150 6617.552908330 -7.69116481196 0.00355780977 -0.66325005458
2024-10-23T05:52:00.000000 -1027.870678053 -764.444396689 6561.953436365 -7.62764296062 0.06449402705 -1.18934260666
2024-10-23T05:53:00.000000 -1482.712044727 -758.753343885 6474.943570453 -7.52769894574 0.12513444033 -1.70984760375
2024-10-23T05:54:00.000000 -1930.475202188 -749.439923568 6356.933038875 -7.39179301894 0.18519190798 -2.22228782029
2024-10-23T05:55:00.000000 -2369.020382259 -736.547677444 6208.479246095 -7.22055150342 0.24438138515 -2.72421874861
2024-10-23T05:56:00.000000 -2796.250462809 -720.137143753 6030.285028647 -7.01476943865 0.30242167342 -3.21323965195
2024-10-23T05:57:00.000000 -3210.120996982 -700.285603696 5823.195603041 -6.77540692131 0.35903578146 -3.68700709273
2024-10-23T05:58:00.000000 -3608.650012408 -677.086813881 5588.194796187 -6.50358548809 0.41395196129 -4.14324620265
2024-10-23T05:59:00.000000 -3989.927517835 -650.650617543 5326.400619770 -6.20058232699 0.46690595858 -4.57976017716
2024-10-23T06:00:00.000000 -4352.124774302 -621.102456958 5039.060331392 -5.86782836308 0.51764242839 -4.99443969075
2024-10-23T06:01:00.000000 -4693.503422004 -588.582771715 4727.544768164 -5.50690390854 0.56591701303 -5.38527748654
2024-10-23T06:02:00.000000 -5012.424085541 -553.246313023 4393.341804444 -5.11952577905 0.61149709018 -5.75038057446
2024-10-23T06:03:00.000000 -5307.354297386 -515.261434000 4038.049377411 -4.70754095137 0.65416204413 -6.08797455667
2024-10-23T06:04:00.000000 -5576.876125660 -474.809309066 3663.367974212 -4.27291639611 0.69370536493 -6.39641620417
2024-10-23T06:05:00.000000 -5819.693130109 -432.083069086 3271.092894398 -3.81773860611 0.72993517840 -6.67419058770
2024-10-23T06:06:00.000000 -6034.637614933 -387.286930413 2863.105741098 -3.34420725351 0.76267360286 -6.91993840284
2024-10-23T06:07:00.000000 -6220.676761102 -340.635245571 2441.364862486 -2.85461595933 0.79176211127 -7.13246265283
2024-10-23T06:08:00.000000 -6376.917638482 -292.351286158 2007.895500236 -2.35133271761 0.81706082141 -7.31072876568
2024-10-23T06:09:00.000000 -6502.611601264 -242.666206021 1564.780039234 -1.83679702198 0.83844701643 -7.45386909848
2024-10-23T06:10:00.000000 -6597.158146721 -191.818045677 1114.147716745 -1.31350613685 0.85581390761 -7.56119020551
2024-10-23T06:11:00.000000 -6660.108070104 -140.050636088 658.163967683 -0.78400288756 0.86907673425 -7.63217964084
2024-10-23T06:12:00.000000 -6691.165667206 -87.612138657 199.019531954 -0.25085875961 0.87817502252 -7.66650652180
2024-10-23T06:13:00.000000 -6690.190026927 -34.753778250 -261.080473449 0.28334007205 0.88306676192 -7.66402246172
2024-10-23T06:14:00.000000 -6657.195544118 18.271283462 -719.927486292 0.81600465418 0.88372981645 -7.62476065144
2024-10-23T06:15:00.000000 -6592.351800570 71.209215690 -1175.320409275 1.34455366851 0.88016432637 -7.54893775618
2024-10-23T06:16:00.000000 -6495.982534120 123.806849790 -1625.076666461 1.86643251246 0.87239192498 -7.43695326951
2024-10-23T06:17:00.000000 -6368.563654744 175.812937533 -2067.042984960 2.37912514490 0.86045467899 -7.28938391610
2024-10-23T06:18:00.000000 -6210.720587205 226.979327969 -2499.105984176 2.88016650923 0.84441399449 -7.10698246515
2024-10-23T06:19:00.000000 -6023.224736487 277.062186809 -2919.202567864 3.36715732927 0.82435244236 -6.89067094601
2024-10-23T06:20:00.000000 -5806.989207717 325.823227237 -3325.329910442 3.83777604134 0.80037178266 -6.64153507649
2024-10-23T06:21:00.000000 -5563.063802271 373.030799864 -3715.554978189 4.28978848685 0.77259168552 -6.36081425500
2024-10-23T06:22:00.000000 -5292.629546484 418.460981339 -4088.023578545 4.72105649079 0.74114981245 -6.04989610207
2024-10-23T06:23:00.000000 -4996.992647610 461.898646917 -4440.969086551 5.12954731339 0.70620189117 -5.71031124025
2024-10-23T06:24:00.000000 -4677.577765593 503.138502367 -4772.720795536 5.51334743358 0.66791919545 -5.34372367027
2024-10-23T06:25:00.000000 -4335.920614561 541.985973085 -5081.711485329 5.87066927827 0.62648814661 -4.95191781216
2024-10-23T06:26:00.000000 -3973.660177315 578.258125950 -5366.484402700 6.19985902730 0.58210977189 -4.53678884651
2024-10-23T06:27:00.000000 -3592.530681501 611.784456689 -5625.699594357 6.49939645506 0.53499736421 -4.10033552291
2024-10-23T06:28:00.000000 -3194.353176602 642.407629612 -5858.140011042 6.76791003268 0.48537630656 -3.64465192761
2024-10-23T06:29:00.000000 -2781.026508830 669.984152303 -6062.716599001 7.00417718174 0.43348253153 -3.17190946722
2024-10-23T06:30:00.000000 -2354.518354277 694.384995762 -6238.472786664 7.20712749479 0.37956215865 -2.68435089067
2024-10-23T06:31:00.000000 -1916.855960682 715.496178686 -6384.588387458 7.37584547742 0.32387047848 -2.18427810158
2024-10-23T06:32:00.000000 -1470.116859347 733.219298189 -6500.382920379 7.50957061343 0.26667115761 -1.67404522912
2024-10-23T06:33:00.000000 -1016.419424157 747.471918582 -6585.318633696 7.60770452446 0.20823204784 -1.15605385049
2024-10-23T06:34:00.000000 -557.912875094 758.187805878 -6639.002767218 7.66981610830 0.14882618859 -0.63273242334
2024-10-23T06:35:00.000000 -96.767400504 765.317271616 -6661.188826918 7.69563736280 0.08873095879 -0.10652658625
2024-10-23T06:36:00.000000 364.835554846 768.827326902 -6651.777417119 7.68506163325 0.02822604043 0.42010645976
2024-10-23T06:37:00.000000 824.713121078 768.701836285 -6610.816614955 7.63814724925 -0.03240680231 0.94471158468
2024-10-23T06:38:00.000000 1280.690677248 764.941604408 -6538.501542389 7.55511129325 -0.09288510436 1.46484145083
2024-10-23T06:39:00.000000 1730.611611039 757.564312748 -6435.173789099 7.43633728036 -0.15292894106 1.97806489292
2024-10-23T06:40:00.000000 2172.347188821 746.604403058 -6301.319931660 7.28237074621 -0.21225928660 2.48198095900
2024-10-23T06:41:00.000000 2603.806299096 732.113006469 -6137.569436355 7.09391907694 -0.27059937166 2.97423051336
2024-10-23T06:42:00.000000 3022.944894007 714.157738802 -5944.691823498 6.87184347298 -0.32767660820 3.45250442589
2024-10-23T06:43:00.000000 3427.775258078 692.822423378 -5723.593479263 6.61715998570 -0.38322353766 3.91455185476
2024-10-23T06:44:00.000000 3816.375162250 668.206758622 -5475.313842277 6.33103495900 -0.43697849138 4.35818970372
2024-10-23T06:45:00.000000 4186.896842538 640.425939567 -5201.021100132 6.01478430223 -0.48868700392 4.78131137719
2024-10-23T06:46:00.000000 4537.575911100 609.610155229 -4902.007185531 5.66986980478 -0.53810400174 5.18190096035
2024-10-23T06:47:00.000000 4866.739828507 575.903994903 -4579.682008773 5.29789015919 -0.58499458517 5.55804300665
2024-10-23T06:48:00.000000 5172.815933650 539.465822496 -4235.567181400 4.90057482891 -0.62913468683 5.90793110899
2024-10-23T06:49:00.000000 5454.339085482 500.467093913 -3871.289218506 4.47977725910 -0.67031215226 6.22987625179
2024-10-23T06:50:00.000000 5709.958904449 459.091608624 -3488.572247148 4.03746840609 -0.70832788919 6.52231515906
2024-10-23T06:51:00.000000 5938.446626971 415.534681889 -3089.230157492 3.57572939436 -0.74299741306 6.78382100616
2024-10-23T06:52:00.000000 6138.701346477 370.002227543 -2675.158132541 3.09673914166 -0.77415207818 7.01311150064
2024-10-23T06:53:00.000000 6309.755622550 322.709781554 -2248.323843514 2.60276649594 -0.80163984532 7.20905403237
2024-10-23T06:54:00.000000 6450.780602528 273.881500222 -1810.758190416 2.09615990047 -0.82532552317 7.37067490995
2024-10-23T06:55:00.000000 6561.090400738 223.749106229 -1364.545590228 1.57933461445 -0.84509246981 7.49716462045
2024-10-23T06:56:00.000000 6640.145767868 172.550743722 -911.813997161 1.05476144436 -0.86084302122 7.58788208357
2024-10-23T06:57:00.000000 6687.557101599 120.529873493 -454.724653908 0.52495566817 -0.87249775268 7.64235976327
2024-10-23T06:58:00.000000 6703.086704700 67.934133210 4.538455542 -0.00753667372 -0.87999718685 7.66030748294
2024-10-23T06:59:00.000000 6686.650242588 15.014105443 463.779314774 -0.54015182221 -0.88330256540 7.64161479422
2024-10-23T07:00:00.000000 6638.317382190 -37.977908672 920.800724272 -1.07032255963 -0.88239536056 7.58635284665
2024-10-23T07:01:00.000000 6558.311555010 -90.789120061 1373.415193002 -1.59549310697 -0.87727794021 7.49477361798
2024-10-23T07:02:00.000000 6447.008877734 -143.167500502 1819.455683016 -2.11313134426 -0.86797315092 7.36730656115
2024-10-23T07:03:00.000000 6304.936408706 -194.863003801 2256.786253607 -2.62074068494 -0.85452434012 7.20455890810
2024-10-23T07:04:00.000000 6132.769507419 -245.628808200 2683.312625443 -3.11587638445 -0.83699553835 7.00731052503
2024-10-23T07:05:00.000000 5931.328448144 -295.222534531 3096.992334710 -3.59615420037 -0.81547066844 6.77650856146
2024-10-23T07:06:00.000000 5701.574448714 -343.407413603 3495.844725799 -4.05926270784 -0.79005271067 6.51326553263
2024-10-23T07:07:00.000000 5444.604856954 -389.953433821 3877.960705640 -4.50297785750 -0.76086408553 6.21885288288
2024-10-23T07:08:00.000000 5161.647537617 -434.638498125 4241.512007879 -4.92517499850 -0.72804569534 5.89469164886
2024-10-23T07:09:00.000000 4854.054637963 -477.249456674 4584.759846850 -5.32383683348 -0.69175486085 5.54234203260
2024-10-23T07:10:00.000000 4523.295974700 -517.583110179 4906.063074406 -5.69706007580 -0.65216596951 5.16349769135
2024-10-23T07:11:00.000000 4170.951855118 -555.447197566 5203.885960679 -6.04306626210 -0.60946878052 4.75997674154
2024-10-23T07:12:00.000000 3798.705438163 -590.661262829 5476.805351919 -6.36020632535 -0.56386699516 4.33371296748
2024-10-23T07:13:00.000000 3408.334705881 -623.057486355 5723.517483063 -6.64697100958 -0.51557804644 3.88675056834
2024-10-23T07:14:00.000000 3001.703723118 -652.481467051 5942.844154846 -6.90200022279 -0.46483156015 3.42122785854
2024-10-23T07:15:00.000000 2580.753688945 -678.792979121 6133.738067122 -7.12408442630 -0.41187063304 2.93936963130
2024-10-23T07:16:00.000000 2147.493580079 -701.866722596 6295.287770695 -7.31217478600 -0.35694898414 2.44347652714
2024-10-23T07:17:00.000000 1703.990393742 -721.592857636 6426.721729628 -7.46538630001 -0.30032744995 1.93590891966
2024-10-23T07:18:00.000000 1252.359426616 -737.877329854 6527.411509837 -7.58299323995 -0.24227190063 1.41907633200
2024-10-23T07:19:00.000000 794.754629816 -750.642283022 6596.874680722 -7.66443468096 -0.18305640669 0.89543432989
2024-10-23T07:20:00.000000 333.358493577 -759.826496152 6634.777171327 -7.70932038516 -0.12296094682 0.36747008147
2024-10-23T07:21:00.000000 -129.628197132 -765.385689032 6640.934766588 -7.71743078490 -0.06227019458 -0.16230998827
2024-10-23T07:22:00.000000 -591.996602082 -767.292763616 6615.313990159 -7.68871694020 -0.00127169583 -0.69138915659
2024-10-23T07:23:00.000000 -1051.540103147 -765.537922827 6558.032452498 -7.62330280314 0.05974519254 -1.21724967643
2024-10-23T07:24:00.000000 -1506.064814555 -760.128789618 6469.358449613 -7.52148782989 0.12048975691 -1.73738999582
2024-10-23T07:25:00.000000 -1953.399840656 -751.090371083 6349.709604722 -7.38373865200 0.18067340717 -2.24933388102
2024-10-23T07:26:00.000000 -2391.407403907 -738.464929133 6199.651178914 -7.21069236188 0.24000979461 -2.75063948935
2024-10-23T07:27:00.000000 -2817.992904237 -722.311787514 6019.893584051 -7.00315060050 0.29821670876 -3.23891105427
2024-10-23T07:28:00.000000 -3231.114796660 -702.707080711 5811.289399652 -6.76208031447 0.35501600885 -3.71180757770
2024-10-23T07:29:00.000000 -3628.794451834 -679.743462065 5574.829696215 -6.48861089275 0.41013579846 -4.16705558151
2024-10-23T07:30:00.000000 -4009.125783486 -653.529655120 5311.639650209 -6.18403049544 0.46331244965 -4.60246064116
2024-10-23T07:31:00.000000 -4370.284615429 -624.189917322 5022.973379182 -5.84978009889 0.51429176917 -5.01592127727
2024-10-23T07:32:00.000000 -4710.537595235 -591.863545617 4710.207984501 -5.48744404464 0.56282629196 -5.40544123950
2024-10-23T07:33:00.000000 -5028.250435994 -556.704412620 4374.837054612 -5.09873913281 0.60867900991 -5.76913347065
2024-10-23T07:34:00.000000 -5321.895833188 -518.880111088 4018.464198578 -4.68551642602 0.65162963960 -6.10521871277
2024-10-23T07:35:00.000000 -5590.061776249 -478.571071252 3642.795898366 -4.24976521316 0.69146998524 -6.41205458907
2024-10-23T07:36:00.000000 -5831.458944982 -435.969825667 3249.632561523 -3.79358177879 0.72800524912 -6.68814964657
2024-10-23T07:37:00.000000 -6044.926807565 -391.280135118 2840.859825342 -3.31916266245 0.76105646806 -6.93215551323
2024-10-23T07:38:00.000000 -6229.439556960 -344.715931598 2418.439662301 -2.82880063747 0.79046415894 -7.14287879410
2024-10-23T07:39:00.000000 -6384.111442593 -296.500154734 1984.400694925 -2.32486896906 0.81608645330 -7.31929151665
2024-10-23T07:40:00.000000 -6508.201281476 -246.863788283 1540.828183109 -1.80981162597 0.83779791144 -7.46053495487
2024-10-23T07:41:00.000000 -6601.116308151 -196.044730237 1089.853670139 -1.28612923625 0.85549376190 -7.56592579729
2024-10-23T07:42:00.000000 -6662.415159779 -144.286549147 633.644351632 -0.75636629912 0.86908977980 -7.63495971192
2024-10-23T07:43:00.000000 -6691.810099704 -91.837232926 174.392171064 -0.22309567113 0.87852252685 -7.66731614742
2024-10-23T07:44:00.000000 -6689.168251565 -38.948006600 -285.697104344 0.31109430130 0.88374803241 -7.66285479925
2024-10-23T07:45:00.000000 -6654.512234155 14.127916877 -744.414834612 0.84361221519 0.88474344869 -7.62162104886
2024-10-23T07:46:00.000000 -6588.019795762 67.136545346 -1199.560634861 1.37188039187 0.88150662201 -7.54384345513
2024-10-23T07:47:00.000000 -6490.022674451 119.824474952 -1648.953222219 1.89334569789 0.87405850228 -7.42993061832
2024-10-23T07:48:00.000000 -6361.004620100 171.940102341 -2090.441250617 2.40549724282 0.86243791615 -7.28047039564
2024-10-23T07:49:00.000000 -6201.598528845 223.234749113 -2521.913778872 2.90587473878 0.84670425430 -7.09622158548
2024-10-23T07:50:00.000000 -6012.583101352 273.463942165 -2941.310577925 3.39208231436 0.82693766273 -6.87811465994
2024-10-23T07:51:00.000000 -5794.878506602 322.388583683 -3346.632052882 3.86179976393 0.80323756099 -6.62723900469
2024-10-23T07:52:00.000000 -5549.541770839 369.776164460 -3735.948809805 4.31278887761 0.77572369833 -6.34484620760
2024-10-23T07:53:00.000000 -5277.761079937 415.401861342 -4107.411261546 4.74291971194 0.74453211187 -6.03234060724
2024-10-23T07:54:00.000000 -4980.849033520 459.049521937 -4459.258024585 5.15017277740 0.70981639844 -5.69125674074
2024-10-23T07:55:00.000000 -4660.236152290 500.512776132 -4789.823783898 5.53263993122 0.67174842038 -5.32326259165
2024-10-23T07:56:00.000000 -4317.463649506 539.595985454 -5097.547067876 5.88854111718 0.63051358756 -4.93014868122
2024-10-23T07:57:00.000000 -3954.175594367 576.115051341 -5380.977147408 6.21622778794 0.58631147039 -4.51381443121
2024-10-23T07:58:00.000000 -3572.110974808 609.898276021 -5638.780442632 6.51418678450 0.53935543293 -4.07626536870
2024-10-23T07:59:00.000000 -3173.095075860 640.787121956 -5869.746584273 6.78105565684 0.48987068868 -3.61959844812
2024-10-23T08:00:00.000000 -2759.030535932 668.636897826 -6072.793335920 7.01561775498 0.43809320170 -3.14598807663
2024-10-23T08:01:00.000000 -2331.888446884 693.317338708 -6246.971208473 7.21680998534 0.38426760720 -2.65768227333
2024-10-23T08:02:00.000000 -1893.698972846 714.713104870 -6391.467359197 7.38372537101 0.32864707669 -2.15698566179
2024-10-23T08:03:00.000000 -1446.542156483 732.724350007 -6505.608793283 7.51560884472 0.27149484795 -1.64625620448
2024-10-23T08:04:00.000000 -992.538410014 747.267231359 -6588.865548572 7.61187279656 0.21307994319 -1.12789948832
2024-10-23T08:05:00.000000 -533.838348951 758.274128208 -6640.852732588 7.67209569304 0.15367446463 -0.60434341111
2024-10-23T08:06:00.000000 -72.613095458 765.693902960 -6661.331687856 7.69601576356 0.09355589721 -0.07803434978
2024-10-23T08:07:00.000000 388.955434378 769.492191027 -6650.210934685 7.68353550119 0.03300518119 0.44857084935
2024-10-23T08:08:00.000000 848.684302502 769.651533521 -6607.546409869 7.63471802314 -0.02769519641 0.97301499655
2024-10-23T08:09:00.000000 1304.399366986 766.171400895 -6533.541360308 7.54979411482 -0.08826390826 1.49284871062
2024-10-23T08:10:00.000000 1753.945174130 759.068116523 -6428.545355750 7.42915489881 -0.14841995170 2.00564365644
2024-10-23T08:11:00.000000 2195.194693270 748.374881016 -6293.052924066 7.27335764021 -0.20788254584 2.50900017917
2024-10-23T08:12:00.000000 2626.059103664 734.141592930 -6127.701203065 7.08311619629 -0.26637609423 3.00056474187
2024-10-23T08:13:00.000000 3044.497003715 716.434589706 -5933.267163035 6.85929827835 -0.32362775952 3.47803084475
2024-10-23T08:14:00.000000 3448.523724251 695.336485375 -5710.664494271 6.60292679631 -0.37936846298 3.93914957389
2024-10-23T08:15:00.000000 3836.220556783 670.945852868 -5460.939834225 6.31517723035 -0.43333551352 4.38173994824
2024-10-23T08:16:00.000000 4205.743847208 643.376795268 -5185.268352476 5.99737517618 -0.48527428098 4.80370081438
2024-10-23T08:17:00.000000 4555.333805509 612.758425473 -4884.948582058 5.65098903424 -0.53493901870 5.20302268306
2024-10-23T08:18:00.000000 4883.322856033 579.234333177 -4561.396686170 5.27762349305 -0.58209314275 5.57779542535
2024-10-23T08:19:00.000000 5188.143666596 542.961979969 -4216.140220123 4.87901424795 -0.62651104476 5.92621761501
2024-10-23T08:20:00.000000 5468.336829622 504.112023837 -3850.811337800 4.45702206822 -0.66797861282 6.24660583142
2024-10-23T08:21:00.000000 5722.558133156 462.867572297 -3467.139399862 4.01362446263 -0.70629537231 6.53740454865
2024-10-23T08:22:00.000000 5949.585321388 419.423319352 -3066.943075806 3.55090794296 -0.74127566556 6.79719397183
2024-10-23T08:23:00.000000 6148.324353903 373.984629723 -2652.121896360 3.07105773291 -0.77274960856 7.02469976442
2024-10-23T08:24:00.000000 6317.814986488 326.766587353 -2224.647347178 2.57634701854 -0.80056303035 7.21879866509
2024-10-23T08:25:00.000000 6457.235778455 277.993044049 -1786.553617356 2.06912773884 -0.82457823095 7.37852499136
2024-10-23T08:26:00.000000 6565.908515919 227.895545675 -1339.927927840 1.55182023065 -0.84467671876 7.50307808464
2024-10-23T08:27:00.000000 6643.301891964 176.712185676 -886.900421008 1.02689840521 -0.86075845744 7.59182820792
2024-10-23T08:28:00.000000 6689.034326969 124.686497690 -429.633870982 0.49687776989 -0.87274252424 7.64431781982
2024-10-23T08:29:00.000000 6702.876169770 72.066262226 29.686767496 -0.03569502965 -0.88056832646 7.66026593224
2024-10-23T08:30:00.000000 6684.751157356 19.102272103 488.865064616 -0.56825599250 -0.88419614203 7.63957126574
2024-10-23T08:31:00.000000 6634.737053487 -33.952922824 945.703938608 -1.09823715610 -0.88360701615 7.58231365446
2024-10-23T08:32:00.000000 6553.065454209 -86.846241850 1398.016567143 -1.62308149368 -0.87880215421 7.48875522124
2024-10-23T08:33:00.000000 6440.120636662 -139.325273366 1843.637261036 -2.14025899883 -0.86980257873 7.35933739935
2024-10-23T08:34:00.000000 6296.437569261 -191.139469282 2280.432062967 -2.64727834351 -0.85664963625 7.19467560665
2024-10-23T08:35:00.000000 6122.699315063 -242.041410964 2706.309052377 -3.14169554801 -0.83940640950 6.99555556151
2024-10-23T08:36:00.000000 5919.733902082 -291.788084469 3119.228626549 -3.62112556023 -0.81815609661 6.76293583470
2024-10-23T08:37:00.000000 5688.510180516 -340.142018381 3517.213762311 -4.08326200205 -0.79300023788 6.49794182368
2024-10-23T08:38:00.000000 5430.132716662 -386.872406441 3898.359677950 -4.52588894265 -0.76405965157 6.20185433388
2024-10-23T08:39:00.000000 5145.836124448 -431.756256653 4260.842854580 -4.94688844278 -0.73147364456 5.87610012252
2024-10-23T08:40:00.000000 4836.978983430 -474.579450648 4602.929615578 -5.34424784326 -0.69539851265 5.52224643162
2024-10-23T08:41:00.000000 4505.037210081 -515.137737751 4922.984358390 -5.71606998017 -0.65600686704 5.14199339549
2024-10-23T08:42:00.000000 4151.596948225 -553.237700470 5219.477269348 -6.06057881720 -0.61348711140 4.73716709801
2024-10-23T08:43:00.000000 3778.346859171 -588.697702759 5490.991774267 -6.37613630713 -0.56804331533 4.30971208901
2024-10-23T08:44:00.000000 3387.069735221 -621.348768878 5736.231018853 -6.66124204239 -0.51989355103 3.86167513438
2024-10-23T08:45:00.000000 2979.633975072 -651.035439159 5954.023976616 -6.91454485890 -0.46926963057 3.39520049644
2024-10-23T08:46:00.000000 2557.984469905 -677.616470599 6143.330820985 -7.13484682187 -0.41641328888 2.91251541816
2024-10-23T08:47:00.000000 2124.133316950 -700.965379297 6303.247575783 -7.32110609964 -0.36157446196 2.41591984925
2024-10-23T08:48:00.000000 1680.150322231 -720.970914827 6433.010239882 -7.47244174140 -0.30501142732 1.90777781537
2024-10-23T08:49:00.000000 1228.153213853 -737.537619331 6531.998273289 -7.58813761643 -0.24699206071 1.39050514096
2024-10-23T08:50:00.000000 770.297728038 -750.586324194 6599.737368625 -7.66764325707 -0.18779091483 0.86655925037
2024-10-23T08:51:00.000000 308.767532795 -760.054472230 6635.901678310 -7.71057887239 -0.12768715808 0.33842856917
2024-10-23T08:52:00.000000 -154.236001615 -765.896419727 6640.315215103 -7.71673351452 -0.06696525471 -0.19138084230
2024-10-23T08:53:00.000000 -616.503951552 -768.083679359 6612.952752345 -7.68606715693 -0.00591229871 -0.72035146320
2024-10-23T08:54:00.000000 -1075.830206449 -766.605071861 6553.940147771 -7.61871374466 0.05518174185 -1.24596719861
2024-10-23T08:55:00.000000 -1530.021864978 -761.466880186 6463.553819469 -7.51497922771 0.11602546031 -1.76572733184
2024-10-23T08:56:00.000000 -1976.909496079 -752.692805639 6342.219498997 -7.37533950422 0.17632970714 -2.27715700409
2024-10-23T08:57:00.000000 -2414.357269446 -740.323862391 6190.510417912 -7.20043838585 0.23580671349 -2.77781607646
2024-10-23T08:58:00.000000 -2840.272988248 -724.418235455 6009.144966966 -6.99108735320 0.29417222148 -3.26530749260
2024-10-23T08:59:00.000000 -3252.618248786 -705.050987469 5798.983650912 -6.74826645329 0.35114829313 -3.73729456520
2024-10-23T09:00:00.000000 -3649.418241170 -682.313667973 5561.025057147 -6.47311446662 0.40646323313 -4.19151243209
2024-10-23T09:01:00.000000 -4028.771102678 -656.313920401 5296.401316919 -6.16692358749 0.45985243538 -4.62577537637
2024-10-23T09:02:00.000000 -4388.857069796 -627.175024468 5006.373110294 -5.83113727874 0.51105941766 -5.03798657209
2024-10-23T09:03:00.000000 -4727.947340194 -595.035413955 4692.324024612 -5.46734411141 0.55983558857 -5.42614669479
2024-10-23T09:04:00.000000 -5044.412803171 -560.048104867 4355.754407720 -5.07727749919 0.60594491372 -5.78836583011
2024-10-23T09:05:00.000000 -5336.732477371 -522.379757386 3998.274327466 -4.66280664172 0.64916768473 -6.12287987688
2024-10-23T09:06:00.000000 -5603.501178143 -482.209975541 3621.595465271 -4.22591837751 0.68929135007 -6.42806585924
2024-10-23T09:07:00.000000 -5843.436197399 -439.730728485 3227.522864100 -3.76870921026 0.72611900813 -6.70243489310
2024-10-23T09:08:00.000000 -6055.383856539 -395.145182708 2817.946580848 -3.29338208399 0.75947286289 -6.94464421535
2024-10-23T09:09:00.000000 -6238.325593621 -348.666702714 2394.832548336 -2.80223499878 0.78919141681 -7.15350928889
2024-10-23T09:10:00.000000 -6391.383198181 -300.517783840 1960.212861135 -2.29764711553 0.81513188962 -7.32801050413
2024-10-23T09:11:00.000000 -6513.823332327 -250.928978555 1516.175608631 -1.78206525333 0.83716799472 -7.46730149077
2024-10-23T09:12:00.000000 -6605.061120477 -200.137858729 1064.854472519 -1.25798957084 0.85519298198 -7.57070878383
2024-10-23T09:13:00.000000 -6664.663082086 -148.387799201 608.418303644 -0.72796510174 0.86911975737 -7.63773465792
2024-10-23T09:14:00.000000 -6692.349526983 -95.926794124 149.060347296 -0.19457060158 0.87888186620 -7.66806531135
2024-10-23T09:15:00.000000 -6687.995970555 -43.006203640 -311.012984490 0.33960287742 0.88443328578 -7.66157448922
2024-10-23T09:16:00.000000 -6651.633418373 10.120461153 -769.593177713 0.87196530371 0.88574843801 -7.61831893288
2024-10-23T09:17:00.000000 -6583.447855377 63.198793309 -1224.480583827 1.39994233482 0.88282360101 -7.53853582946
2024-10-23T09:18:00.000000 -6483.779102473 115.974864020 -1673.495131487 1.92098232251 0.87567800937 -7.42264152503
2024-10-23T09:19:00.000000 -6353.119006718 168.196523228 -2114.487190524 2.43257287768 0.86435144893 -7.27123402669
2024-10-23T09:20:00.000000 -6192.108506801 219.614587495 -2545.348242085 2.93225792893 0.84890308390 -7.08508356382
2024-10-23T09:21:00.000000 -6001.534100869 269.984032224 -2964.021013261 3.41764323902 0.82941229627 -6.86512840971
2024-10-23T09:22:00.000000 -5782.323723378 319.065177750 -3368.509533116 3.88641139768 0.80597787995 -6.61247251164
2024-10-23T09:23:00.000000 -5535.541663736 366.624846532 -3756.888798355 4.33633634021 0.77871748298 -6.32837577777
2024-10-23T09:24:00.000000 -5262.382808191 412.437453706 -4127.313871434 4.76529269427 0.74776661233 -6.01424582127
2024-10-23T09:25:00.000000 -4964.166289501 456.286091752 -4478.028443791 5.17126547685 0.71327883190 -5.67162744527
2024-10-23T09:26:00.000000 -4642.328684984 497.963553445 -4807.372778291 5.55235573137 0.67542354073 -5.30219391904
2024-10-23T09:27:00.000000 -4298.416822821 537.273236579 -5113.791249237 5.90678934416 0.63438471851 -4.90774076066
2024-10-23T09:28:00.000000 -3934.080028304 574.029999301 -5395.839320362 6.23292416640 0.59036034709 -4.49017365005
2024-10-23T09:29:00.000000 -3551.062116957 608.061001316 -5652.189948545 6.52925431063 0.54356254358 -4.05150273473
2024-10-23T09:30:00.000000 -3151.192860529 639.206518361 -5881.639603179 6.79442212099 0.49421572629 -3.59383206690
2024-10-23T09:31:00.000000 -2736.378924163 667.320580121 -6083.113367187 7.02722178105 0.44255389292 -3.11934229540
2024-10-23T09:32:00.000000 -2308.594804797 692.271569477 -6255.669237879 7.22659867350 0.38882147441 -2.63028236030
2024-10-23T09:33:00.000000 -1869.873660581 713.942800790 -6398.501985936 7.39165197994 0.33327164859 -2.12896104966
2024-10-23T09:34:00.000000 -1422.298013476 732.233082696 -6510.946548601 7.52163839737 0.27616777869 -1.61774040252
2024-10-23T09:35:00.000000 -967.990091697 747.057235977 -6592.480919146 7.61597856192 0.21777902219 -1.09902477995
2024-10-23T09:36:00.000000 -509.101888770 758.346294126 -6642.728202831 7.67425875181 0.15837696812 -0.57524390571
2024-10-23T09:37:00.000000 -47.805411267 766.047755793 -6661.457824487 7.69622584520 0.09823914302 -0.04884495205
2024-10-23T09:38:00.000000 413.716996094 770.125886282 -6648.586378897 7.68178781860 0.03764619671 0.47771445912
2024-10-23T09:39:00.000000 873.282422698 770.561853459 -6604.178131862 7.63101997729 -0.02311910781 1.00197249776
2024-10-23T09:40:00.000000 1328.717487232 767.353790073 -6528.444645933 7.54416222375 -0.08377461928 1.52148260490
2024-10-23T09:41:00.000000 1777.868034765 760.516718065 -6421.743770656 7.42161729070 -0.14403913691 2.03381657959
2024-10-23T09:42:00.000000 2218.609029785 750.082538276 -6284.578034308 7.26395070703 -0.20363158073 2.53658285266
2024-10-23T09:43:00.000000 2648.853952930 736.099926416 -6117.592248522 7.07188107473 -0.26227423370 3.02742969016
2024-10-23T09:44:00.000000 3066.564104569 718.634110890 -5921.571015425 6.84628400103 -0.31969297186 3.50405118203
2024-10-23T09:45:00.000000 3469.758051475 697.766648796 -5697.435625280 6.58819299377 -0.37561803138 3.96419930272
2024-10-23T09:46:00.000000 3856.521024646 673.595075537 -5446.240106380 6.29879480542 -0.42978692292 4.40569969926
2024-10-23T09:47:00.000000 4225.013820583 646.232442550 -5169.166546499 5.97942100196 -0.48194485254 4.82645881547
2024-10-23T09:48:00.000000 4573.481422638 615.806851092 -4867.520031649 5.63154569299 -0.53184524336 5.22447218919
2024-10-23T09:49:00.000000 4900.261394245 582.460903718 -4542.722941477 5.25677916964 -0.57925134843 5.59783605333
2024-10-23T09:50:00.000000 5203.791843433 546.351144586 -4196.308730372 4.85686295291 -0.62393516659 5.94475293411
2024-10-23T09:51:00.000000 5482.619231586 507.647453534 -3829.915139007 4.43366481183 -0.66568089948 6.26354637816
2024-10-23T09:52:00.000000 5735.405606431 466.532240249 -3445.276720703 3.98916952628 -0.70428710116 6.55266675939
2024-10-23T09:53:00.000000 5960.935405300 423.199491019 -3044.216898544 3.52546882426 -0.73956917200 6.81070332857
2024-10-23T09:54:00.000000 6158.121430024 377.853879602 -2628.639437680 3.04474942626 -0.77135462386 7.03638920837
2024-10-23T09:55:00.000000 6326.010466905 330.710082866 -2200.519657592 2.54928954796 -0.79948357588 7.22860697168
2024-10-23T09:56:00.000000 6463.788556758 281.991741310 -1761.895276113 2.04145061022 -0.82381855942 7.38639664983
2024-10-23T09:57:00.000000 6570.785441849 231.930121226 -1314.856563166 1.52365872031 -0.84424080814 7.50896700097
2024-10-23T09:58:00.000000 6646.478130505 180.763165128 -861.536091670 0.99839432603 -0.86064772830 7.59570044328
2024-10-23T09:59:00.000000 6690.493625480 128.734353600 -404.098212100 0.46817414547 -0.87295729698 7.64615443264
2024-10-23T10:00:00.000000 6702.610794510 76.091493194 55.271332613 -0.06445710895 -0.88110738537 7.66005899843
2024-10-23T10:01:00.000000 6682.761812769 23.085496488 514.375927029 -0.59693628722 -0.88505670792 7.63732265573
2024-10-23T10:02:00.000000 6631.032796278 -30.030866674 971.018916034 -1.12669801736 -0.88478444211 7.57803548415
2024-10-23T10:03:00.000000 6547.663501403 -83.004175089 1423.014437230 -1.65118795929 -0.88028976482 7.48246696730
2024-10-23T10:04:00.000000 6433.046316566 -135.581569298 1868.198199851 -2.16787546876 -0.87159236377 7.35106667248
2024-10-23T10:05:00.000000 6287.724364050 -187.512008065 2304.438206119 -2.67426870991 -0.85873309314 7.18446057243
2024-10-23T10:06:00.000000 6112.388831229 -238.547515437 2729.645222993 -3.16792610178 -0.84177325289 6.98344795889
2024-10-23T10:07:00.000000 5907.875528416 -288.444403080 3141.783119057 -3.64647131569 -0.82079430255 6.74899846507
2024-10-23T10:08:00.000000 5675.160546310 -336.964459243 3538.878787012 -4.10760563762 -0.79589733420 6.48224165083
2024-10-23T10:09:00.000000 5415.355422503 -383.876109185 3919.031590640 -4.54911472014 -0.76720233288 6.18446356355
2024-10-23T10:10:00.000000 5129.701675362 -428.955541162 4280.422639793 -4.96888275857 -0.73484795615 5.85710137592
2024-10-23T10:11:00.000000 4819.564500233 -471.987778258 4621.323521373 -5.36490415029 -0.69898983260 5.50173182324
2024-10-23T10:12:00.000000 4486.425995357 -512.767669227 4940.104389836 -5.73528891450 -0.65979971813 5.12006294921
2024-10-23T10:13:00.000000 4131.877952277 -551.100857533 5235.241629652 -6.07827170311 -0.61746563598 4.71392583355
2024-10-23T10:14:00.000000 3757.614213223 -586.804704564 5505.325058930 -6.39221861115 -0.57219011669 4.28527034074
2024-10-23T10:15:00.000000 3365.422306041 -619.709170638 5749.064656831 -6.67564056357 -0.52418969881 3.83614769546
2024-10-23T10:16:00.000000 2957.174887037 -649.657476948 5965.296353569 -6.92719074875 -0.47369032408 3.36870623065
2024-10-23T10:17:00.000000 2534.820788020 -676.506835990 6152.987662938 -7.14567770820 -0.42093261563 2.88518021329
2024-10-23T10:18:00.000000 2100.375574495 -700.129258317 6311.242380730 -7.33006942866 -0.36616852903 2.38787624973
2024-10-23T10:19:00.000000 1655.911865095 -720.412127734 6439.304547513 -7.47949612385 -0.30965811186 1.87916065580
2024-10-23T10:20:00.000000 1203.549604034 -737.258650067 6536.561727312 -7.59325006480 -0.25166892084 1.36145001169
2024-10-23T10:21:00.000000 745.446251576 -750.588328515 6602.547838844 -7.67079011381 -0.19247630145 0.83720459075
2024-10-23T10:22:00.000000 283.786591387 -760.337323555 6636.945320336 -7.71174570001 -0.13235973368 0.30891209535
2024-10-23T10:23:00.000000 -179.227383111 -766.458691376 6639.586494215 -7.71591453313 -0.07160305516 -0.22091986424
2024-10-23T10:24:00.000000 -641.386708291 -768.922642046 6610.454490412 -7.68326681168 -0.01049400536 -0.74977434541
2024-10-23T10:25:00.000000 -1100.485790752 -767.716715918 6549.683408558 -7.61394448555 0.05067782343 -1.27513752597
2024-10-23T10:26:00.000000 -1554.332724299 -762.845853682 6457.557809595 -7.50826157949 0.11162214284 -1.79451040468
2024-10-23T10:27:00.000000 -2000.759497189 -754.332410718 6334.511475313 -7.36670025104 0.17204887847 -2.30541843856
2024-10-23T10:28:00.000000 -2437.632150737 -742.216113867 6181.125783234 -7.18991440506 0.23166952554 -2.80541899639
2024-10-23T10:29:00.000000 -2862.861102969 -726.553878342 5998.127215587 -6.97872772902 0.29019973060 -3.29212057959
2024-10-23T10:30:00.000000 -3274.411048086 -707.419562646 5786.383983360 -6.73412507389 0.34735940785 -3.76319080368
2024-10-23T10:31:00.000000 -3670.310633521 -684.903617644 5546.902311177 -6.45725370078 0.40287588949 -4.21636428928
2024-10-23T10:32:00.000000 -4048.662085540 -659.112645503 5280.821897997 -6.14941691014 0.45648305701 -4.64945918204
2024-10-23T10:33:00.000000 -4407.650314337 -630.169029491 4989.410689898 -5.81206756764 0.50792165686 -5.06038350241
2024-10-23T10:34:00.000000 -4745.551860141 -598.210406040 4674.059176668 -5.44680626184 0.55694289355 -5.44714695687
2024-10-23T10:35:00.000000 -5060.743472763 -563.388919972 4336.273838278 -5.05536954725 0.60331239649 -5.80787465110
2024-10-23T10:36:00.000000 -5351.709965997 -525.870464427 3977.670243779 -4.63962547339 0.64680501432 -6.14080591543
2024-10-23T10:37:00.000000 -5617.052286283 -485.834122213 3599.965569848 -4.20157189371 0.68720826318 -6.44431976981
2024-10-23T10:38:00.000000 -5855.494319984 -443.471127961 3204.969993006 -3.74330963205 0.72432901328 -6.71693255876
2024-10-23T10:39:00.000000 -6065.889585925 -398.983907182 2794.578462186 -3.26705650107 0.75798700013 -6.95731066605
2024-10-23T10:40:00.000000 -6247.227198719 -352.585254565 2370.760905564 -2.77511117802 0.78801721775 -7.16428456915
2024-10-23T10:41:00.000000 -6398.636638969 -304.497362173 1935.552720501 -2.26985380949 0.81427211178 -7.33684399615
2024-10-23T10:42:00.000000 -6519.392342538 -254.950661592 1491.044800138 -1.75373258101 0.83662458047 -7.47415021909
2024-10-23T10:43:00.000000 -6608.917308168 -204.182638937 1039.373229039 -1.22925092383 0.85496631267 -7.57553566934
2024-10-23T10:44:00.000000 -6666.786275803 -152.436718002 582.708837957 -0.69896144187 0.86920827095 -7.64051176213
2024-10-23T10:45:00.000000 -6692.728131097 -99.960959247 123.246086704 -0.16544438627 0.87928510636 -7.66878029931
2024-10-23T10:46:00.000000 -6686.626749890 -47.006754338 -336.808171517 0.36871481679 0.88515016465 -7.66022345605
2024-10-23T10:47:00.000000 -6648.521359012 6.172273240 -795.245335327 0.90092430708 0.88677663783 -7.61490328944
2024-10-23T10:48:00.000000 -6578.606425773 59.321569862 -1249.866159999 1.42860506568 0.88416017161 -7.53306888634
2024-10-23T10:49:00.000000 -6477.230354431 112.186949717 -1698.491817361 1.94920711504 0.87731718704 -7.41515113329
2024-10-23T10:50:00.000000 -6344.893334685 164.515830435 -2138.974665063 2.46022271981 0.86628480639 -7.26175761642
2024-10-23T10:51:00.000000 -6182.244501093 216.058485993 -2569.208725275 2.95919704097 0.85112109871 -7.07366942319
2024-10-23T10:52:00.000000 -5990.078301597 266.569294705 -2987.139977795 3.44374323293 0.83190464682 -6.85183567115
2024-10-23T10:53:00.000000 -5769.330138346 315.807932868 -3390.776194594 3.91155123070 0.80873325196 -6.59736656147
2024-10-23T10:54:00.000000 -5521.071395886 363.540492023 -3778.196477560 4.36040039863 0.78172280826 -6.31152799738
2024-10-23T10:55:00.000000 -5246.503776268 409.540547685 -4147.560334727 4.78816886042 0.75100683874 -5.99573314922
2024-10-23T10:56:00.000000 -4946.953089015 453.590211932 -4497.116313570 5.19284350547 0.71673640810 -5.65153550721
2024-10-23T10:57:00.000000 -4623.862395364 495.481186745 -4825.210139715 5.57253045416 0.67908002342 -5.28061909530
2024-10-23T10:58:00.000000 -4278.784606671 535.015778359 -5130.292240833 5.92546329585 0.63822231198 -4.88478811811
2024-10-23T10:59:00.000000 -3913.374635366 572.007804201 -5410.924612462 6.25000877041 0.59436204007 -4.46595561085
2024-10-23T11:00:00.000000 -3529.381284784 606.283419260 -5665.787130230 6.54467273809 0.54771192601 -4.02613632382
2024-10-23T11:01:00.000000 -3128.638640559 637.681894478 -5893.683174902 6.80810477687 0.49849507196 -3.56743061882
2024-10-23T11:02:00.000000 -2713.057555666 666.056132779 -6093.544810573 7.03909999988 0.44694386044 -3.09202737471
2024-10-23T11:03:00.000000 -2284.616387963 691.273342148 -6264.437629412 7.23661288923 0.39330215038 -2.60218452855
2024-10-23T11:04:00.000000 -1845.351544395 713.215628756 -6405.564430687 7.39975442698 0.33782260409 -2.10021675480
2024-10-23T11:05:00.000000 -1397.348044050 731.780509492 -6516.268321707 7.52779193115 0.28076607085 -1.58848513614
2024-10-23T11:06:00.000000 -942.730122349 746.881372359 -6596.035501801 7.62015442625 0.22240041367 -1.06939665724
2024-10-23T11:07:00.000000 -483.651212241 758.447830156 -6644.497370829 7.67643729931 0.16299845553 -0.54538125597
2024-10-23T11:08:00.000000 -22.284276344 766.425991905 -6661.431651932 7.69639409097 0.10283687598 -0.01888658017
2024-10-23T11:09:00.000000 439.187798996 770.778677194 -6646.763448361 7.67994265771 0.04219649885 0.50762401754
2024-10-23T11:10:00.000000 898.582315719 771.485665499 -6600.565633879 7.62717014424 -0.01863926247 1.03169182162
2024-10-23T11:11:00.000000 1353.726654440 768.543704718 -6523.058203080 7.53832502911 -0.07938801285 1.55087162137
2024-10-23T11:12:00.000000 1802.467995282 761.966510022 -6414.607318105 7.41381905449 -0.13976653704 2.06273868570
2024-10-23T11:13:00.000000 2242.683048030 751.784763918 -6275.723665764 7.25422371102 -0.19949291040 2.56490171988
2024-10-23T11:14:00.000000 2672.287533109 738.045991630 -6107.060251374 7.06026807769 -0.25828800900 3.05500943753
2024-10-23T11:15:00.000000 3089.245611661 720.814301043 -5909.409740377 6.83283759240 -0.31587824245 3.53075875281
2024-10-23T11:16:00.000000 3491.579329791 700.170113387 -5683.701285054 6.57297638953 -0.37199313964 3.98990652307
2024-10-23T11:17:00.000000 3877.377950018 676.209934079 -5430.996363151 6.28187832004 -0.42636776761 4.43028653215
2024-10-23T11:18:00.000000 4244.806593239 649.045946842 -5152.484100156 5.96087861476 -0.47874442400 4.84980936555
2024-10-23T11:19:00.000000 4592.114923276 618.805555688 -4849.476527319 5.61146041881 -0.52887379601 5.24647132149
2024-10-23T11:20:00.000000 4917.645838129 585.630809979 -4523.402831839 5.23524628592 -0.57651768159 5.61837266693
2024-10-23T11:21:00.000000 5219.843490521 549.677673283 -4175.802822186 4.83398687914 -0.62144993758 5.96372700679
2024-10-23T11:22:00.000000 5497.260730979 511.115356606 -3808.319995592 4.40955466859 -0.66345568810 6.28086542666
2024-10-23T11:23:00.000000 5748.566307870 470.125560735 -3422.694207701 3.96393895399 -0.70233336886 6.56824661524
2024-10-23T11:24:00.000000 5972.551617379 426.901697680 -3020.753722032 3.49923705841 -0.73789430229 6.82446665688
2024-10-23T11:25:00.000000 6168.136864456 381.648055484 -2604.406709874 3.01764367737 -0.76996525597 7.04826667908
2024-10-23T11:26:00.000000 6334.376642063 334.578800740 -2175.632370920 2.52144204243 -0.79839004404 7.23853941976
2024-10-23T11:27:00.000000 6470.464928431 285.916978203 -1736.471585470 2.01299333815 -0.82302906629 7.39433749961
2024-10-23T11:28:00.000000 6575.739373389 235.893469954 -1289.017117351 1.49472324006 -0.84376090246 7.51487891697
2024-10-23T11:29:00.000000 6649.684895784 184.745880004 -835.403620983 0.96911348648 -0.86048266996 7.59955090130
2024-10-23T11:30:00.000000 6691.936653614 132.717473940 -377.797228752 0.43868755038 -0.87310907860 7.64791776869
2024-10-23T11:31:00.000000 6702.282062440 80.055983883 81.615129060 -0.09400489512 -0.88157641864 7.65972166323
2024-10-23T11:32:00.000000 6680.662002421 27.012385288 540.636421639 -0.62640037826 -0.88584043425 7.63488402245
2024-10-23T11:33:00.000000 6627.171268858 -26.160348303 997.070261448 -1.15593349881 -0.88587908116 7.57350485313
2024-10-23T11:34:00.000000 6542.058357092 -79.208545888 1448.731703353 -1.68004923935 -0.88169059162 7.47586667269
2024-10-23T11:35:00.000000 6425.724205503 -131.879051371 1893.458190561 -2.19622373784 -0.87329426503 7.34243064486
2024-10-23T11:36:00.000000 6278.720127778 -183.920462916 2329.119967501 -2.70196884375 -0.86072898168 7.17382987269
2024-10-23T11:37:00.000000 6101.745364527 -235.084338828 2753.630544885 -3.19484514145 -0.84405481820 6.97087314147
2024-10-23T11:38:00.000000 5895.643615664 -285.126455010 3164.957084226 -3.67247891657 -0.82335194036 6.73453883442
2024-10-23T11:39:00.000000 5661.398702450 -333.807963590 3561.130366188 -4.13257525614 -0.79871939367 6.46596774944
2024-10-23T11:40:00.000000 5400.129522532 -380.896547862 3940.254277664 -4.57292797258 -0.77027563962 6.16645482705
2024-10-23T11:41:00.000000 5113.084462304 -426.167506184 4300.514858581 -4.99142801921 -0.73815581014 5.83744231685
2024-10-23T11:42:00.000000 4801.635364392 -469.404818471 4640.189002202 -5.38607258083 -0.70251515845 5.48051597919
2024-10-23T11:43:00.000000 4467.270580711 -510.402288764 4957.652652293 -5.75497919573 -0.66352329864 5.09738858628
2024-10-23T11:44:00.000000 4111.587968743 -548.964298751 5251.388429233 -6.09638521265 -0.62136608150 4.68990418700
2024-10-23T11:45:00.000000 3736.286896634 -584.906953364 5519.993051353 -6.40866888986 -0.57624617803 4.26001813316
2024-10-23T11:46:00.000000 3343.159895251 -618.058899953 5762.183672867 -6.69034779801 -0.52837954682 3.80978866895
2024-10-23T11:47:00.000000 2934.084076029 -648.262103436 5976.803833007 -6.94008615235 -0.47799369978 3.34136922574
2024-10-23T11:48:00.000000 2511.012079544 -675.372584652 6162.828890842 -7.15670345529 -0.42533018541 2.85699752413
2024-10-23T11:49:00.000000 2075.962660391 -699.261208197 6319.370608091 -7.33917635335 -0.37064105201 2.35898144055
2024-10-23T11:50:00.000000 1631.011145933 -719.814180626 6445.681111917 -7.48664317343 -0.31418564832 1.84968942016
2024-10-23T11:51:00.000000 1178.279703212 -736.933500145 6541.156156125 -7.59840443149 -0.25623122563 1.33153979745
2024-10-23T11:52:00.000000 719.927481183 -750.537430542 6605.337936167 -7.67392793737 -0.19705209319 0.80699355498
2024-10-23T11:53:00.000000 258.140469432 -760.560842624 6637.917242358 -7.71285115556 -0.13692770958 0.27854086631
2024-10-23T11:54:00.000000 -204.878688535 -766.955548333 6638.734878930 -7.71498170019 -0.07614306408 -0.25130967890
2024-10-23T11:55:00.000000 -666.920945544 -769.690565758 6607.782445843 -7.68029857378 -0.01498626086 -0.78004202767
2024-10-23T11:56:00.000000 -1125.781139667 -768.752261426 6545.202460277 -7.60895215397 0.04625237454 -1.30514342994
2024-10-23T11:57:00.000000 -1579.268272985 -764.144466463 6451.287888193 -7.50126496163 0.10728198823 -1.82411328986
2024-10-23T11:58:00.000000 -2025.215882838 -755.888338066 6326.480974943 -7.35773075402 0.16781572488 -2.33447869109
2024-10-23T11:59:00.000000 -2461.492145243 -744.022249263 6171.371325143 -7.17901128594 0.22756601382 -2.83380181652
2024-10-23T12:00:00.000000 -2886.010012897 -728.601813475 5986.693430733 -6.96593606579 0.28624665936 -3.31969285234
2024-10-23T12:01:00.000000 -3296.737170414 -709.699664346 5773.323565809 -6.71950116871 0.34357678379 -3.78981764214
2024-10-23T12:02:00.000000 -3691.706014841 -687.405113113 5532.275839695 -6.44086443660 0.39928149306 -4.24191855624
2024-10-23T12:03:00.000000 -4069.022976663 -661.823738044 5264.697427350 -6.13133639856 0.45309383823 -4.67381826661
2024-10-23T12:04:00.000000 -4426.877676532 -633.076872716 4971.863443857 -5.79237789124 0.50475547434 -5.08343137515
2024-10-23T12:05:00.000000 -4763.551735161 -601.301091740 4655.171190274 -5.42559467677 0.55401696719 -5.46877183493
2024-10-23T12:06:00.000000 -5077.427401818 -566.647605126 4316.133840084 -5.03273399597 0.60064042910 -5.82796573266
2024-10-23T12:07:00.000000 -5366.995740892 -529.281527043 3956.373318550 -4.61567395390 0.64440001099 -6.15926308748
2024-10-23T12:08:00.000000 -5630.864280847 -489.381146098 3577.612634811 -4.17641764459 0.68508290364 -6.46104715668
2024-10-23T12:09:00.000000 -5867.764134769 -447.137099743 3181.667439413 -3.71707856147 0.72249029072 -6.73184717197
2024-10-23T12:10:00.000000 -6076.556283748 -402.751489799 2770.437200007 -3.23987134467 0.75643939489 -6.97034132626
2024-10-23T12:11:00.000000 -6256.237370976 -356.436840610 2345.895957782 -2.74710044540 0.78676558439 -7.17536666953
2024-10-23T12:12:00.000000 -6405.944705987 -308.415040420 1910.082770905 -2.24115054724 0.81332148428 -7.34591936737
2024-10-23T12:13:00.000000 -6524.960990096 -258.916224019 1465.091810061 -1.72447984702 0.83597989827 -7.48116935099
2024-10-23T12:14:00.000000 -6612.717981460 -208.177581959 1013.061614707 -1.19959509407 0.85463244373 -7.58046668470
2024-10-23T12:15:00.000000 -6668.799006241 -156.442269271 556.164522814 -0.66904191446 0.86918878831 -7.64333432844
2024-10-23T12:16:00.000000 -6692.941248519 -103.958245941 96.596132128 -0.13540099827 0.87957995700 -7.66947647732
2024-10-23T12:17:00.000000 -6685.037255400 -50.976918327 -363.435899321 0.39873386876 0.88575960163 -7.65878699037
2024-10-23T12:18:00.000000 -6645.135048598 2.248126518 -821.723074140 0.93077551397 0.88770083307 -7.61134176357
2024-10-23T12:19:00.000000 -6573.437671463 55.462241168 -1276.066795625 1.45814441494 0.88539587441 -7.52739719981
2024-10-23T12:20:00.000000 -6470.302188534 108.410995876 -1724.289501462 1.97829134455 0.87885978229 -7.40739641324
2024-10-23T12:21:00.000000 -6336.237260503 160.841486169 -2164.245450727 2.48871235197 0.86812793628 -7.25195570846
2024-10-23T12:22:00.000000 -6171.900352616 212.503545207 -2593.831068209 2.98695337283 0.85325659581 -7.06186485581
2024-10-23T12:23:00.000000 -5978.094233916 263.150992006 -3010.995345950 3.47062825511 0.83432166413 -6.83808502488
2024-10-23T12:24:00.000000 -5755.762419172 312.542776526 -3413.749826616 3.93743310823 0.81141896530 -6.58173795484
2024-10-23T12:25:00.000000 -5505.984045598 360.444220747 -3800.177942313 4.38515216116 0.78466446589 -6.29409799459
2024-10-23T12:26:00.000000 -5229.968259904 406.628127139 -4168.444103530 4.81166985526 0.75419132189 -5.97658853635
2024-10-23T12:27:00.000000 -4929.047867498 450.875806465 -4516.802337008 5.21498142362 0.72015003380 -5.63077183287
2024-10-23T12:28:00.000000 -4604.672393018 492.978084360 -4843.604305222 5.59320194937 0.68270689199 -5.25833838921
2024-10-23T12:29:00.000000 -4258.400698059 532.736216385 -5147.306743989 5.94457354600 0.64204350058 -4.86109828196
2024-10-23T12:30:00.000000 -3891.893157373 569.962843859 -5426.478243229 6.26747051440 0.59835740290 -4.44096871395
2024-10-23T12:31:00.000000 -3506.903586425 604.482847394 -5679.805469936 6.56040450589 0.55185896275 -3.99996655689
2024-10-23T12:32:00.000000 -3105.270902153 636.134134501 -5906.098950438 6.82202927102 0.50277163980 -3.54020293207
2024-10-23T12:33:00.000000 -2688.910253969 664.768355375 -6104.298406914 7.05115036513 0.45133013982 -3.06387101566
2024-10-23T12:34:00.000000 -2259.803780023 690.251539222 -6273.477347232 7.24673070118 0.39777828622 -2.57323453327
2024-10-23T12:35:00.000000 -1819.991072916 712.464557690 -6412.846773761 7.40789091238 0.34236721671 -2.07061101598
2024-10-23T12:36:00.000000 -1371.559853121 731.303638881 -6521.758272797 7.53390765479 0.28535798763 -1.55836892699
2024-10-23T12:37:00.000000 -916.636281602 746.680898201 -6599.706789810 7.62422331563 0.22701799643 -1.03891471635
2024-10-23T12:38:00.000000 -457.375141598 758.524602600 -6646.332375925 7.67844000237 0.16761838962 -0.51467829597
2024-10-23T12:39:00.000000 4.049689639 766.779441707 -6661.421591492 7.69632089023 0.10743582273 0.01188758976
2024-10-23T12:40:00.000000 465.455162896 771.406879312 -6644.908491736 7.67779706102 0.04675219653 0.53832239728
2024-10-23T12:41:00.000000 924.659025179 772.385360704 -6596.874639290 7.62296310297 -0.01414863317 1.06217075250
2024-10-23T12:42:00.000000 1379.489565806 769.710390517 -6517.548635272 7.53207611987 -0.07498208176 1.58098805869
2024-10-23T12:43:00.000000 1827.795400892 763.394545828 -6407.305188365 7.40555650729 -0.13546397649 2.09235070316
2024-10-23T12:44:00.000000 2267.455211029 753.467357536 -6266.663487329 7.24398542535 -0.19531364847 2.59386801869
2024-10-23T12:45:00.000000 2696.387293376 739.975139061 -6096.284918388 7.04810160899 -0.25425185564 3.08319227325
2024-10-23T12:46:00.000000 3112.558943220 722.980896252 -5896.970275313 6.81879986182 -0.31200226642 3.55802553378
2024-10-23T12:47:00.000000 3513.995805882 702.564022474 -5669.656487916 6.55712970427 -0.36829504593 4.01612942525
2024-10-23T12:48:00.000000 3898.791078407 678.819938010 -5415.412757174 6.26429301629 -0.42286567085 4.45533539096
2024-10-23T12:49:00.000000 4265.114550439 651.859757877 -5135.435990853 5.94164020110 -0.47545576318 4.87355702676
2024-10-23T12:50:00.000000 4611.221344614 621.809870334 -4831.045528671 5.59066405650 -0.52581499641 5.26880131033
2024-10-23T12:51:00.000000 4935.460261359 588.811398286 -4503.677267802 5.21299339112 -0.57370259699 5.63917761049
2024-10-23T12:52:00.000000 5236.281729519 553.019586924 -4154.877225757 4.81038557039 -0.61888926537 5.98290741581
2024-10-23T12:53:00.000000 5512.245260187 514.603011483 -3786.294588357 4.38471829679 -0.66116013859 6.29833078824
2024-10-23T12:54:00.000000 5762.026573019 473.742743209 -3399.674446264 3.93798704247 -0.70031272898 6.58391304572
2024-10-23T12:55:00.000000 5984.424462394 430.631659157 -2996.849850687 3.47229673946 -0.73615709517 6.83825905616
2024-10-23T12:56:00.000000 6178.366904951 385.473548693 -2579.733100910 2.98984542377 -0.76851921095 7.06012261636
2024-10-23T12:57:00.000000 6342.916330073 338.482161663 -2150.306896361 2.49291777219 -0.79724147349 7.24840383280
2024-10-23T12:58:00.000000 6477.274774531 289.880188383 -1710.615150621 1.98387895663 -0.82218347877 7.40216491580
2024-10-23T12:59:00.000000 6580.788100594 239.898229187 -1262.753079477 1.46515674686 -0.84322179307 7.52063299842
2024-10-23T13:00:00.000000 6652.949569203 188.773800137 -808.857255492 0.93923550004 -0.86024945221 7.60320407649
2024-10-23T13:01:00.000000 6693.402890978 136.750212737 -351.095083661 0.40864084179 -0.87318225601 7.64945591918
2024-10-23T13:02:00.000000 6701.943852780 84.075018168 108.345911192 -0.12408334170 -0.88196073662 7.65913670247
2024-10-23T13:03:00.000000 6678.521688443 30.998988764 567.268317682 -0.65636792792 -0.88653687199 7.63217353701
2024-10-23T13:04:00.000000 6623.239858789 -22.224819302 1023.476010884 -1.18564501221 -0.88688439344 7.56868014869
2024-10-23T13:05:00.000000 6536.355521735 -75.342482550 1474.785086272 -1.70936141008 -0.88299976941 7.46895020597
2024-10-23T13:06:00.000000 6418.278209571 -128.100465989 1919.034616879 -2.22499304037 -0.87489955999 7.33345517567
2024-10-23T13:07:00.000000 6269.567788442 -180.246853486 2354.097228463 -2.73005496735 -0.86262119631 7.16284192103
2024-10-23T13:08:00.000000 6090.931686370 -231.532586573 2777.889542647 -3.22211531195 -0.84622255489 6.95792911770
2024-10-23T13:09:00.000000 5883.221368090 -281.712759325 3188.382348724 -3.69880738976 -0.82578422524 6.71970275562
2024-10-23T13:10:00.000000 5647.428033515 -330.547807989 3583.610409293 -4.15784062637 -0.80140242071 6.44930858335
2024-10-23T13:11:00.000000 5384.677844030 -377.804502181 3961.681996986 -4.59700968387 -0.77319388239 6.14805032421
2024-10-23T13:12:00.000000 5096.226317155 -423.257270340 4320.788128723 -5.01420999899 -0.74129569186 5.81738068566
2024-10-23T13:13:00.000000 4783.452028977 -466.689247380 4659.211218928 -5.40744508203 -0.70586126452 5.45889255187
2024-10-23T13:14:00.000000 4447.849834360 -507.893312411 4975.333309311 -5.77483810686 -0.66706171944 5.07431199989
2024-10-23T13:15:00.000000 4091.023382373 -546.673049807 5267.643665938 -6.11463929543 -0.62508263179 4.66548589697
2024-10-23T13:16:00.000000 3714.677360362 -582.843667100 5534.745888895 -6.42523302930 -0.58012592009 4.23437658178
2024-10-23T13:17:00.000000 3320.609153865 -616.232913717 5775.364405360 -6.70514507457 -0.53240728134 3.78304809551
2024-10-23T13:18:00.000000 2910.700154648 -646.681863348 5988.350416663 -6.95305224398 -0.48215512807 3.31365960219
2024-10-23T13:19:00.000000 2486.906475474 -674.045628959 6172.686968339 -7.16778465889 -0.42960828585 2.82844449816
2024-10-23T13:20:00.000000 2051.250012401 -698.193927726 6327.493375852 -7.34832170353 -0.37501532053 2.32971250507
2024-10-23T13:21:00.000000 1605.809009977 -719.011715899 6452.029620868 -7.49380753653 -0.31863497550 1.81983949131
2024-10-23T13:22:00.000000 1152.708008653 -736.399695593 6545.699715280 -7.60355379884 -0.26073348496 1.30124802564
2024-10-23T13:23:00.000000 694.107911400 -750.274799139 6608.054239099 -7.67703777097 -0.20158544909 0.77640012738
2024-10-23T13:24:00.000000 232.195922374 -760.570634184 6638.792396398 -7.71390515817 -0.14147180478 0.24778623579
2024-10-23T13:25:00.000000 -230.824576398 -767.237804874 6637.763467068 -7.71397170379 -0.08067769490 -0.28208340613
2024-10-23T13:26:00.000000 -692.744299067 -770.244107246 6604.967633703 -7.67722475056 -0.01949110275 -0.81069072893
2024-10-23T13:27:00.000000 -1151.358375483 -769.574671373 6540.556182552 -7.60382538089 0.04179874959 -1.33551888553
2024-10-23T13:28:00.000000 -1604.476892945 -765.231995293 6444.830842327 -7.49410851388 0.10290162313 -1.85407373581
2024-10-23T13:29:00.000000 -2049.934907220 -757.236041133 6318.242264860 -7.34857313967 0.16352642749 -2.36388343830
2024-10-23T13:30:00.000000 -2485.602639563 -745.624144304 6161.388518081 -7.16789189419 0.22338537635 -2.86251018033
2024-10-23T13:31:00.000000 -2909.395733037 -730.450788942 5975.012517005 -6.95290589650 0.28219465626 -3.34756546055
2024-10-23T13:32:00.000000 -3319.285223791 -711.787428593 5759.998666878 -6.70461926452 0.33967200725 -3.81672274180
2024-10-23T13:33:00.000000 -3713.307246083 -689.722318863 5517.368932962 -6.42419766547 0.39554117275 -4.26772559647
2024-10-23T13:34:00.000000 -4089.572544679 -664.359985158 5248.278230838 -6.11296139866 0.44953574206 -4.69839981013
2024-10-23T13:35:00.000000 -4446.275664008 -635.820698663 4954.009208292 -5.77238216777 0.50139709090 -5.10666469218
2024-10-23T13:36:00.000000 -4781.703723802 -604.240015926 4635.966316280 -5.40407377460 0.55087473684 -5.49054085873
2024-10-23T13:37:00.000000 -5094.244995056 -569.768207203 4295.669521437 -5.00979363052 0.59772899495 -5.84816071771
2024-10-23T13:38:00.000000 -5382.397181852 -532.569542525 3934.746997042 -4.59142843323 0.64173337869 -6.17778640773
2024-10-23T13:39:00.000000 -5644.774714805 -492.821469125 3554.927278900 -4.15098256214 0.68267490291 -6.47781061408
2024-10-23T13:40:00.000000 -5880.115792596 -450.713792737 3158.031154074 -3.69057519871 0.72035498399 -6.74676826921
2024-10-23T13:41:00.000000 -6087.288863078 -406.447769440 2745.962789241 -3.21242699349 0.75459073128 -6.98334612957
2024-10-23T13:42:00.000000 -6265.298375909 -360.235117383 2320.700424090 -2.71884865990 0.78521647182 -7.18638918744
2024-10-23T13:43:00.000000 -6413.289859918 -312.296974157 1884.286730274 -2.21223071361 0.81208371671 -7.35490589248
2024-10-23T13:44:00.000000 -6530.554419702 -262.862856280 1438.818714435 -1.69503220058 0.83506240154 -7.48807841194
2024-10-23T13:45:00.000000 -6616.532266887 -212.169462304 986.437145552 -1.16976173062 0.85404287172 -7.58526566630
2024-10-23T13:46:00.000000 -6670.815278370 -160.459521531 529.316009945 -0.63896552713 0.86893352001 -7.64600029575
2024-10-23T13:47:00.000000 -6693.149246941 -107.980701763 69.652005622 -0.10522548906 0.87966174198 -7.66999622820
2024-10-23T13:48:00.000000 -6683.435360102 -54.984402239 -390.346699380 0.42886377314 0.88617621717 -7.65715651597
2024-10-23T13:49:00.000000 -6641.730410829 -1.724417997 -848.471711262 0.96071271563 0.88844836409 -7.60756959522
2024-10-23T13:50:00.000000 -6568.246122338 51.544401948 -1302.525351861 1.48774806551 0.88647114563 -7.52150374240
2024-10-23T13:51:00.000000 -6463.347870093 104.567355958 -1750.331408478 2.00742319249 0.88025639480 -7.39940620138
2024-10-23T13:52:00.000000 -6327.552757604 157.091065929 -2189.745892063 2.51722956084 0.86983732823 -7.24190429047
2024-10-23T13:53:00.000000 -6161.526754753 208.864853501 -2618.667776306 3.01471662753 0.85526969108 -7.04980072260
2024-10-23T13:54:00.000000 -5966.080818997 259.641914712 -3035.049236620 3.49750334580 0.83662704122 -6.82406542735
2024-10-23T13:55:00.000000 -5742.166467548 309.180461751 -3436.905539951 3.96328756789 0.81400326309 -6.56583083429
2024-10-23T13:56:00.000000 -5490.870622119 357.244961049 -3822.324581610 4.40985949931 0.78751285351 -6.27638340466
2024-10-23T13:57:00.000000 -5213.409836606 403.607332719 -4189.475852009 4.83510984603 0.75728941821 -5.95715572345
2024-10-23T13:58:00.000000 -4911.123870891 448.048024117 -4536.618962951 5.23704242997 0.72348311283 -5.60971696872
2024-10-23T13:59:00.000000 -4585.468779154 490.356938086 -4862.111528981 5.61377767203 0.68625892567 -5.23576430434
2024-10-23T14:00:00.000000 -4238.009638668 530.334334629 -5164.416692220 5.96356300820 0.64579718622 -4.83711596965
2024-10-23T14:01:00.000000 -3870.412653168 567.791737162 -5442.109997044 6.28478104649 0.60229274511 -4.41569848559
2024-10-23T14:02:00.000000 -3484.436939016 602.552780871 -5693.885588237 6.57595279431 0.55595464001 -3.97353777896
2024-10-23T14:03:00.000000 -3081.926007006 634.454077400 -5918.561918691 6.83574510989 0.50700608089 -3.51274921969
2024-10-23T14:04:00.000000 -2664.798877792 663.345984468 -6115.086781382 7.06297491200 0.45568151984 -3.03552733511
2024-10-23T14:05:00.000000 -2235.040946251 689.093215023 -6282.541760521 7.25661346798 0.40222505579 -2.54413535547
2024-10-23T14:06:00.000000 -1794.694633170 711.575421331 -6420.146006719 7.41578881798 0.34689033150 -2.04089410895
2024-10-23T14:07:00.000000 -1345.849920732 730.687699041 -6527.259430709 7.53978797257 0.28993796140 -1.52817310598
2024-10-23T14:08:00.000000 -890.634725173 746.340931413 -6603.385326775 7.62806000591 0.23163354694 -1.00838032592
2024-10-23T14:09:00.000000 -431.205144357 758.462107282 -6648.172325111 7.68021637321 0.17224841502 -0.48395087881
2024-10-23T14:10:00.000000 30.264342029 766.994653285 -6661.415736964 7.69603330304 0.11205904535 0.04266324348
2024-10-23T14:11:00.000000 491.590733885 771.898729905 -6643.058177180 7.67544969272 0.05134668211 0.56900518380
2024-10-23T14:12:00.000000 950.592204708 773.151491527 -6593.189714239 7.61856666086 -0.00960391599 1.09261749817
2024-10-23T14:13:00.000000 1405.098009652 770.747166912 -6512.047608954 7.52565284940 -0.07050925936 1.61105441421
2024-10-23T14:14:00.000000 1852.958420436 764.696929123 -6400.015045714 7.39713789505 -0.13108706609 2.12189907068
2024-10-23T14:15:00.000000 2292.054137242 755.028937157 -6257.619351861 7.23360732147 -0.19105410279 2.62276336524
2024-10-23T14:16:00.000000 2720.305822429 741.788256750 -6085.530107342 7.03580836796 -0.25013020851 3.11129622575
2024-10-23T14:17:00.000000 3135.683851615 725.036682737 -5884.556408198 6.80464985315 -0.30803802467 3.58520128380
2024-10-23T14:18:00.000000 3536.217689137 704.852489780 -5655.643161433 6.54119065137 -0.36450620825 4.04224795750
2024-10-23T14:19:00.000000 3920.004796456 681.330041439 -5399.867142709 6.24663968755 -0.41926944787 4.48027298120
2024-10-23T14:20:00.000000 4285.219676745 654.579433075 -5118.432514260 5.92235471607 -0.47206908667 4.89719555699
2024-10-23T14:21:00.000000 4630.122595608 624.726041423 -4812.665560413 5.56983597301 -0.52265454061 5.29102738616
2024-10-23T14:22:00.000000 4953.067968405 591.909998676 -4484.008824868 5.19072034222 -0.57078484757 5.65988311581
2024-10-23T14:23:00.000000 5252.512346922 556.285569136 -4134.014648665 4.78677438925 -0.61623004340 6.00198978013
2024-10-23T14:24:00.000000 5527.021983192 518.020474154 -3764.338097975 4.35988607274 -0.65877160202 6.31569834898
2024-10-23T14:25:00.000000 5775.279684473 477.295184238 -3376.729356740 3.91205228482 -0.69820339386 6.59948604719
2024-10-23T14:26:00.000000 5996.091439659 434.302072025 -2973.026042970 3.44538068543 -0.73433535009 6.85196489891
2024-10-23T14:27:00.000000 6188.392634746 389.244466274 -2555.144703791 2.96207559890 -0.76699163534 7.07189215488
2024-10-23T14:28:00.000000 6351.253697001 342.335790094 -2125.071890293 2.46443207697 -0.79601292153 7.25817970335
2024-10-23T14:29:00.000000 6483.885007972 293.798430482 -1684.854512434 1.95481670254 -0.82125893715 7.40990390909
2024-10-23T14:30:00.000000 6585.640781914 243.862727225 -1236.590044638 1.43565737048 -0.84260502354 7.52630294601
2024-10-23T14:31:00.000000 6656.022579434 192.765978155 -782.416586892 0.90943370004 -0.85994436512 7.60678534219
2024-10-23T14:32:00.000000 6694.682007240 140.751281850 -324.502806364 0.37867008878 -0.87319031245 7.65092457330
2024-10-23T14:33:00.000000 6701.423329907 88.066378807 134.962583246 -0.15407578325 -0.88227514991 7.65848061441
2024-10-23T14:34:00.000000 6676.204681387 34.962412134 593.781918616 -0.68623362240 -0.88715324839 7.62939539594
2024-10-23T14:35:00.000000 6619.138384719 -18.307362626 1049.759610479 -1.21523753202 -0.88779961674 7.56379509565
2024-10-23T14:36:00.000000 6530.490257428 -71.488808439 1500.712992082 -1.73853830980 -0.88421000679 7.46198379917
2024-10-23T14:37:00.000000 6410.678337131 -124.328161058 1944.482950906 -2.25361291471 -0.87640099448 7.32444273516
2024-10-23T14:38:00.000000 6260.270907252 -176.573282547 2378.944579905 -2.75797941716 -0.86441037542 7.15183013752
2024-10-23T14:39:00.000000 6079.983544718 -227.974917210 2802.017573557 -3.24921123175 -0.84829594888 6.94497337676
2024-10-23T14:40:00.000000 5870.675588379 -278.287847307 3211.676249922 -3.72494398189 -0.82813482346 6.70486568411
2024-10-23T14:41:00.000000 5633.346032286 -327.272103352 3605.959518556 -4.18289159703 -0.80402439023 6.43266555703
2024-10-23T14:42:00.000000 5369.128317415 -374.694015758 3982.980314886 -4.62085627855 -0.77607689309 6.12968113089
2024-10-23T14:43:00.000000 5079.285060578 -420.327238019 4340.934794520 -5.03673590293 -0.74442534768 5.79737811119
2024-10-23T14:44:00.000000 4765.201436497 -463.954024824 4678.111289273 -5.42854802817 -0.70922286649 5.43735907062
2024-10-23T14:45:00.000000 4428.378063611 -505.366385408 4992.897995805 -5.79442584618 -0.67064091228 5.05135010299
2024-10-23T14:46:00.000000 4070.424018038 -544.367031988 5283.790467020 -6.13262394986 -0.62886438831 4.64120311463
2024-10-23T14:47:00.000000 3693.049106558 -580.770208229 5549.398893866 -6.44153126551 -0.58409312396 4.20888603380
2024-10-23T14:48:00.000000 3298.055444383 -614.402572187 5788.454778227 -6.71968443336 -0.53654056731 3.75647087595
2024-10-23T14:49:00.000000 2887.328496894 -645.103968737 5999.816532610 -6.96576655460 -0.48643296175 3.28611549364
2024-10-23T14:50:00.000000 2462.828319145 -672.728170389 6182.474657044 -7.17861077876 -0.43400792242 2.80006332265
2024-10-23T14:51:00.000000 2026.580264719 -697.143549039 6335.556459963 -7.35720754759 -0.37951471372 2.30062980609
2024-10-23T14:52:00.000000 1580.665376798 -718.233751804 6458.330139622 -7.50071157464 -0.32321250210 1.79019313786
2024-10-23T14:53:00.000000 1127.210426838 -735.898194187 6550.208063952 -7.60844363980 -0.26536774586 1.27117899721
2024-10-23T14:54:00.000000 668.377948196 -750.052493389 6610.749294597 -7.67989078456 -0.20625392763 0.74604959491
2024-10-23T14:55:00.000000 206.356290616 -760.628905662 6639.661530958 -7.71470583653 -0.14615217191 0.21729678964
2024-10-23T14:56:00.000000 -256.650487437 -767.576692515 6636.802702888 -7.71271336074 -0.08534743128 -0.31256613232
2024-10-23T14:57:00.000000 -718.433019449 -770.862272857 6602.181793085 -7.67391208588 -0.02412663170 -0.84101954342
2024-10-23T14:58:00.000000 -1176.787076550 -770.469388732 6535.958794701 -7.59847328572 0.03721921066 -1.36555133483
2024-10-23T14:59:00.000000 -1629.523765470 -766.399296054 6438.444078990 -7.48673795909 0.09839859410 -1.88366193412
2024-10-23T15:00:00.000000 -2074.479872753 -758.670683468 6310.097231789 -7.33922023543 0.15912175466 -2.39288027486
2024-10-23T15:01:00.000000 -2509.528075739 -747.319600238 6151.524979750 -7.15660229487 0.21909923105 -2.89077345669
2024-10-23T15:02:00.000000 -2932.587070079 -732.399423866 5963.478670191 -6.93973590115 0.27804460175 -3.37495616286
2024-10-23T15:03:00.000000 -3341.631628927 -713.980465342 5746.850945032 -6.68963705674 0.33567926908 -3.84310605470
2024-10-23T15:04:00.000000 -3734.702256270 -692.149598560 5502.671630126 -6.40748029421 0.39172975699 -4.29297450964
2024-10-23T15:05:00.000000 -4109.914550226 -667.009944308 5232.102981382 -6.09459280559 0.44592798353 -4.72239690060
2024-10-23T15:06:00.000000 -4465.468212296 -638.680511943 4936.434499004 -5.75245108374 0.49801299675 -5.12929797936
2024-10-23T15:07:00.000000 -4799.655933931 -607.295673378 4617.077171044 -5.38267663916 0.54773390803 -5.51170539311
2024-10-23T15:08:00.000000 -5110.871871812 -573.004536920 4275.557034248 -4.98703004094 0.59485056780 -5.86775789484
2024-10-23T15:09:00.000000 -5397.619931899 -535.970257988 3913.508108843 -4.56740685275 0.63913494951 -6.19572071217
2024-10-23T15:10:00.000000 -5658.521361918 -496.369315713 3532.664372206 -4.12582070045 0.68037121509 -6.49399726400
2024-10-23T15:11:00.000000 -5892.321526753 -454.390705131 3134.851319315 -3.66439350409 0.71835837551 -6.76113452885
2024-10-23T15:12:00.000000 -6097.896146865 -410.234998787 2721.977205544 -3.18534736606 0.75291163277 -6.99582820883
2024-10-23T15:13:00.000000 -6274.257026864 -364.113394043 2296.023884734 -2.69099506670 0.78386117440 -7.19692993553
2024-10-23T15:14:00.000000 -6420.557303479 -316.246790067 1859.037223864 -2.18373210998 0.81105495471 -7.36345670662
2024-10-23T15:15:00.000000 -6536.095828243 -266.864540408 1413.116948873 -1.66601862233 0.83436206970 -7.49459618952
2024-10-23T15:16:00.000000 -6620.320781997 -216.203397673 960.406203098 -1.14036825341 0.85366704903 -7.58971495718
2024-10-23T15:17:00.000000 -6672.832332666 -164.506465597 503.080921702 -0.60933517128 0.86887439868 -7.64835225823
2024-10-23T15:18:00.000000 -6693.385101063 -112.021864633 43.339072050 -0.07550691106 0.87991265051 -7.67023817954
2024-10-23T15:19:00.000000 -6681.889117362 -59.001326582 -416.610771060 0.45852346584 0.88673266546 -7.65528617842
2024-10-23T15:20:00.000000 -6638.410126793 -5.698889677 -874.560388069 0.99016250867 0.88930619609 -7.60359607558
2024-10-23T15:21:00.000000 -6563.168901616 47.630332690 -1328.313062981 1.51683837659 0.88762602286 -7.51545005111
2024-10-23T15:22:00.000000 -6456.539638795 100.731369448 -1775.694358736 2.03600961790 0.88170351643 -7.39130826198
2024-10-23T15:23:00.000000 -6319.047892659 153.350561993 -2214.562778383 2.54517551132 0.87157195518 -7.23180828955
2024-10-23T15:24:00.000000 -6151.367625036 205.236878260 -2642.820270215 3.04189129586 0.85728483406 -7.03775982758
2024-10-23T15:25:00.000000 -5954.317549091 256.143086009 -3058.422440381 3.52377908567 0.83891552837 -6.81014094025
2024-10-23T15:26:00.000000 -5728.856715091 305.826945418 -3459.388486439 3.98854103450 0.81655704579 -6.55009234978
2024-10-23T15:27:00.000000 -5476.079300886 354.052378113 -3843.810735241 4.43397263090 0.79032156250 -6.25890926448
2024-10-23T15:28:00.000000 -5197.208706056 400.590602601 -4209.863611993 4.85797248095 0.76034008811 -5.93803134525
2024-10-23T15:29:00.000000 -4893.591154399 445.221216027 -4555.812021934 5.25854875598 0.72676054461 -5.58903399820
2024-10-23T15:30:00.000000 -4566.688882222 487.733190797 -4880.019318848 5.63382798043 0.68974769926 -5.21362201382
2024-10-23T15:31:00.000000 -4218.072742184 527.925883229 -5180.954787370 5.98206443198 0.64948250402 -4.81361990939
2024-10-23T15:32:00.000000 -3849.414305287 565.609941269 -5457.200512368 6.30164777706 0.60616021787 -4.39096121945
2024-10-23T15:33:00.000000 -3462.477569259 600.608124575 -5707.457566219 6.59110794270 0.55998909859 -3.94767712112
2024-10-23T15:34:00.000000 -3059.110422581 632.756059465 -5930.551620760 6.84911971704 0.51118971490 -3.48588837486
2024-10-23T15:35:00.000000 -2641.235747287 661.902967050 -6125.438020319 7.07450934935 0.45999451385 -3.00779434043
2024-10-23T15:36:00.000000 -2210.842238786 687.912331584 -6291.206126951 7.26625736576 0.40664605628 -2.51566135509
2024-10-23T15:37:00.000000 -1769.975061201 710.662442161 -6427.083009800 7.42350061641 0.35139543600 -2.01181147329
2024-10-23T15:38:00.000000 -1320.726489942 730.046960156 -6532.436582325 7.54553312151 0.29450376209 -1.49861670679
2024-10-23T15:39:00.000000 -865.226266158 745.975402274 -6606.778316445 7.63181223076 0.23623767644 -0.97848801441
2024-10-23T15:40:00.000000 -405.631741975 758.373419398 -6649.765200831 7.68196073515 0.17686869468 -0.45386249424
2024-10-23T15:41:00.000000 55.882009558 767.183120816 -6661.200855403 7.69576380742 0.11667362609 0.07281073445
2024-10-23T15:42:00.000000 517.131781884 772.363354763 -6641.036130322 7.67316597569 0.05593356326 0.59907293693
2024-10-23T15:43:00.000000 975.936066343 773.889893926 -6589.369526933 7.61428055506 -0.00506912185 1.12246489290
2024-10-23T15:44:00.000000 1430.125098555 771.755490710 -6506.446539976 7.51938291848 -0.06605022677 1.64054727280
2024-10-23T15:45:00.000000 1877.550367567 765.970017482 -6392.658481338 7.38890817598 -0.12672389071 2.15089967865
2024-10-23T15:46:00.000000 2316.094373660 756.560431163 -6248.540936270 7.22345347737 -0.18680736576 2.65113548969
2024-10-23T15:47:00.000000 2743.680191424 743.570518113 -6074.771519752 7.02377453481 -0.24602154321 3.13890802292
2024-10-23T15:48:00.000000 3158.281069161 727.060814923 -5872.167188528 6.79078816186 -0.30408753034 3.61192225217
2024-10-23T15:49:00.000000 3557.929906735 707.108430711 -5641.680613275 6.52556354107 -0.36073294026 4.06795047280
2024-10-23T15:50:00.000000 3940.728174146 683.806585570 -5384.396064976 6.22931785890 -0.41569237140 4.50483479406
2024-10-23T15:51:00.000000 4304.854843206 657.264260752 -5101.524901962 5.90341659635 -0.46870633326 4.92049907769
2024-10-23T15:52:00.000000 4648.575114092 627.605768420 -4794.400298230 5.54936732204 -0.51952346717 5.31296059847
2024-10-23T15:53:00.000000 4970.248752217 594.970229947 -4464.471364841 5.16881385691 -0.56790167878 5.68033915967
2024-10-23T15:54:00.000000 5268.338079397 559.510990675 -4113.296685392 4.76352957559 -0.61360910593 6.02086749324
2024-10-23T15:55:00.000000 5541.415508892 521.394960029 -3742.537262390 4.33540945691 -0.65642581982 6.33290032615
2024-10-23T15:56:00.000000 5788.170585702 480.801855070 -3353.948956167 3.88646142123 -0.69614487576 6.61492213949
2024-10-23T15:57:00.000000 6007.416539832 437.923390973 -2949.374505592 3.41879968173 -0.73257365323 6.86555403398
2024-10-23T15:58:00.000000 6198.096437671 392.962376068 -2530.734981345 2.93463526804 -0.76553497525 7.08356545074
2024-10-23T15:59:00.000000 6359.288584677 346.131786440 -2100.020725172 2.43626402914 -0.79486721393 7.26787853715
2024-10-23T16:00:00.000000 6490.211388331 297.653800137 -1659.281990355 1.92605822255 -0.82042561375 7.41757556343
2024-10-23T16:01:00.000000 6590.227549930 247.758727535 -1210.619109296 1.40645307720 -0.84208390146 7.53190569419
2024-10-23T16:02:00.000000 6658.847461748 196.683894231 -756.172367823 0.87993446088 -0.85973469585 7.61028852940
2024-10-23T16:03:00.000000 6695.731906402 144.672486601 -298.111681589 0.34902780183 -0.87329009308 7.65231752943
2024-10-23T16:04:00.000000 6700.694081866 91.972343024 161.373978943 -0.18371433731 -0.88268318180 7.65776473997
2024-10-23T16:05:00.000000 6673.700760569 38.834682270 620.087374136 -0.71572769893 -0.88786813767 7.62658234271
2024-10-23T16:06:00.000000 6614.872609797 -14.487169596 1075.833796821 -1.24444893608 -0.88882051299 7.55890274325
2024-10-23T16:07:00.000000 6524.483719994 -67.739018426 1526.431896968 -1.76732960923 -0.88553553066 7.45503877597
2024-10-23T16:08:00.000000 6402.960265099 -120.666984125 1969.724484314 -2.28185157421 -0.87802878529 7.31548221205
2024-10-23T16:09:00.000000 6250.878218513 -173.018715566 2403.589023245 -2.78554022162 -0.86633467487 7.14089439062
2024-10-23T16:10:00.000000 6068.960818497 -224.544437884 2825.947728120 -3.27596218047 -0.85050598721 6.93210889102
2024-10-23T16:11:00.000000 5858.075297607 -274.998199066 3234.778353097 -3.75076082911 -0.83061631827 6.69013980872
2024-10-23T16:12:00.000000 5619.227491998 -324.139119639 3628.123650171 -4.20766189167 -0.80676360149 6.41613512730
2024-10-23T16:13:00.000000 5353.558214766 -371.732940333 4004.100195939 -4.64444964258 -0.77906677787 6.11141706014
2024-10-23T16:14:00.000000 5062.337751603 -417.552892644 4360.909158715 -5.05903190836 -0.74765819317 5.77747490488
2024-10-23T16:15:00.000000 4746.957890105 -461.380581418 4696.844641955 -5.44944140566 -0.71268343797 5.41591161890
2024-10-23T16:16:00.000000 4408.925640243 -503.006901638 5010.300867273 -5.81381262137 -0.67430909447 5.02846686307
2024-10-23T16:17:00.000000 4049.855888503 -542.233405936 5299.780071527 -6.15041269412 -0.63272178032 4.61699669525
2024-10-23T16:18:00.000000 3671.463676269 -578.873229373 5563.899337495 -6.45763957351 -0.58812067153 4.18347322500
2024-10-23T16:19:00.000000 3275.555860629 -612.751854754 5801.397227314 -6.73403536361 -0.54071839966 3.72997127624
2024-10-23T16:20:00.000000 2864.022344759 -643.707919361 6011.139589344 -6.97829054881 -0.49074061336 3.25865692649
2024-10-23T16:21:00.000000 2438.827068438 -671.593959901 6192.124705241 -7.18924730181 -0.43842473519 2.77177740307
2024-10-23T16:22:00.000000 2001.998740232 -696.277077776 6343.487964029 -7.36590617638 -0.38401876645 2.27165409278
2024-10-23T16:23:00.000000 1555.621064604 -717.639571406 6464.505866093 -7.50743335923 -0.32778101322 1.76066591182
2024-10-23T16:24:00.000000 1101.822919590 -735.579494106 6554.599094702 -7.61315723896 -0.26997822885 1.24123991445
2024-10-23T16:25:00.000000 642.768462646 -750.011133382 6613.335154674 -7.68257305012 -0.21088444166 0.71584011610
2024-10-23T16:26:00.000000 180.647220994 -760.865411248 6640.430334985 -7.71534141113 -0.15077990056 0.18696214662
2024-10-23T16:27:00.000000 -282.336162966 -768.090180569 6635.751348673 -7.71129842688 -0.08994855222 -0.34287896678
2024-10-23T16:28:00.000000 -743.972420692 -771.650482630 6599.315973855 -7.67045274392 -0.02867947928 -0.87116426392
2024-10-23T16:29:00.000000 -1202.057954303 -771.528769264 6531.293047277 -7.59298574569 0.03273709305 -1.39537985643
2024-10-23T16:30:00.000000 -1654.405208748 -767.724872352 6432.001689024 -7.47924921416 0.09401149105 -1.91303116837
2024-10-23T16:31:00.000000 -2098.852782447 -760.256057408 6301.910110427 -7.32976517335 0.15485274114 -2.42164377009
2024-10-23T16:32:00.000000 -2533.275995835 -749.156960523 6141.633867002 -7.14523442115 0.21497313186 -2.91878694074
2024-10-23T16:33:00.000000 -2955.597055418 -734.479429556 5951.932528139 -6.92651626139 0.27408620403 -3.40208918268
2024-10-23T16:34:00.000000 -3363.794513239 -716.292423816 5733.706365107 -6.67463171959 0.33190924576 -3.86923412730
2024-10-23T16:35:00.000000 -3755.913049064 -694.681617093 5487.992467243 -6.39076155899 0.38816753767 -4.31798002331
2024-10-23T16:36:00.000000 -4130.072708206 -669.749022412 5215.960013240 -6.07623686752 0.44259086841 -4.74616619100
2024-10-23T16:37:00.000000 -4484.477937565 -641.612693117 4918.905243228 -5.73254029690 0.49491556235 -5.15171991093
2024-10-23T16:38:00.000000 -4817.426632438 -610.406204159 4598.245749169 -5.36130294396 0.54488817594 -5.53267128178
2024-10-23T16:39:00.000000 -5127.318823399 -576.278006046 4255.513877481 -4.96429643205 0.59226642967 -5.88716752503
2024-10-23T16:40:00.000000 -5412.664723203 -539.390744577 3892.349321387 -4.54341969549 0.63681959200 -6.21348442667
2024-10-23T16:41:00.000000 -5672.092046146 -499.920490067 3510.491253178 -4.10068979180 0.67833158126 -6.51003078007
2024-10-23T16:42:00.000000 -5904.352969096 -458.055785658 3111.770120997 -3.63823682171 0.71660247117 -6.77535763728
2024-10-23T16:43:00.000000 -6108.330534784 -413.996740098 2698.098722368 -3.15829014081 0.75144644273 -7.00817027171
2024-10-23T16:44:00.000000 -6283.044188576 -367.954218487 2271.462860195 -2.66316630800 0.78269065947 -7.20732965755
2024-10-23T16:45:00.000000 -6427.654925643 -320.148970385 1833.911920910 -2.15526675506 0.81018047410 -7.37185752076
2024-10-23T16:46:00.000000 -6541.470046005 -270.810237537 1387.548665447 -1.63706090736 0.83378682633 -7.50095540899
2024-10-23T16:47:00.000000 -6623.946392908 -220.174491089 934.518458138 -1.11106427217 0.85339690232 -7.59400019181
2024-10-23T16:48:00.000000 -6674.693050832 -168.484420773 476.998687985 -0.57983314091 0.86891709938 -7.65054883487
2024-10-23T16:49:00.000000 -6693.473287187 -115.987708910 17.187841105 -0.04594823835 0.88027446535 -7.67034138332
2024-10-23T16:50:00.000000 -6680.205590425 -62.935812154 -442.705502892 0.48799923154 0.88741617590 -7.65330128343
2024-10-23T16:51:00.000000 -6634.963909412 -9.582733990 -900.473671957 1.01942072602 0.89031023918 -7.59953523799
2024-10-23T16:52:00.000000 -6557.977093813 43.816220542 -1353.920878055 1.54574371158 0.88894523022 -7.50933254216
2024-10-23T16:53:00.000000 -6449.627513158 97.005691589 -1800.874118319 2.06442563174 0.88333081756 -7.38316281860
2024-10-23T16:54:00.000000 -6310.448878448 149.731534411 -2239.193900515 2.57296643870 0.87349789706 -7.22167313504
2024-10-23T16:55:00.000000 -6141.123273499 201.742092991 -2666.784808759 3.06892294929 0.85949833514 -7.02568474332
2024-10-23T16:56:00.000000 -5942.477324174 252.789434295 -3081.605761339 3.54992215422 0.84140445469 -6.79618628871
2024-10-23T16:57:00.000000 -5715.477661648 302.630582789 -3481.679851736 4.01367218700 0.81930894641 -6.53432737771
2024-10-23T16:58:00.000000 -5461.225683688 351.028691999 -3865.103799589 4.45797449617 0.79332325905 -6.24141091186
2024-10-23T16:59:00.000000 -5180.951681539 397.754151377 -4230.056861014 4.88073254246 0.76357702531 -5.91888400261
2024-10-23T17:00:00.000000 -4876.008451948 442.585655949 -4574.809262385 5.27996093344 0.73021740575 -5.56833045278
2024-10-23T17:01:00.000000 -4547.864358636 485.311242213 -4897.730124006 5.65379407688 0.69340839934 -5.19146129289
2024-10-23T17:02:00.000000 -4198.095934778 525.729255239 -5197.294823786 6.00049311838 0.65332946276 -4.79010609587
2024-10-23T17:03:00.000000 -3828.380047837 563.649250412 -5472.091843137 6.31845360160 0.61017459122 -4.36620356759
2024-10-23T17:04:00.000000 -3440.485665293 598.892829723 -5720.829015914 6.60621103130 0.56415131945 -3.92179226797
2024-10-23T17:05:00.000000 -3036.265196976 631.294432267 -5942.339239985 6.86244975045 0.51547960382 -3.45899971635
2024-10-23T17:06:00.000000 -2617.645463809 660.702031200 -6135.585374980 7.08600517201 0.46439069566 -2.98002894945
2024-10-23T17:07:00.000000 -2186.618576851 686.977803369 -6299.664499285 7.27586583981 0.41112644286 -2.48714948913
2024-10-23T17:08:00.000000 -1745.232644102 709.998704350 -6433.811662206 7.43117777701 0.35593749927 -1.98268882451
2024-10-23T17:09:00.000000 -1295.582228664 729.657004796 -6537.402946679 7.55124573428 0.29908400668 -1.46901911447
2024-10-23T17:10:00.000000 -839.798828861 745.860874963 -6609.958010716 7.63553566000 0.24083501991 -0.94855271663
2024-10-23T17:11:00.000000 -380.040986140 758.534732764 -6651.142036095 7.68367904378 0.18146240726 -0.42372500604
2024-10-23T17:12:00.000000 81.515427279 767.619393483 -6660.766783768 7.69546645061 0.12124154051 0.10301349530
2024-10-23T17:13:00.000000 542.686886019 773.072363341 -6638.791449376 7.67085437139 0.06045295107 0.62920094990
2024-10-23T17:14:00.000000 1001.292292270 774.868039593 -6585.322744833 7.60996440144 -0.00062091110 1.15238487068
2024-10-23T17:15:00.000000 1455.162518683 772.997862236 -6500.614174565 7.51307533010 -0.06169432144 1.67012399061
2024-10-23T17:16:00.000000 1902.150142584 767.470458044 -6385.065214853 7.38063211334 -0.12248099056 2.17999680815
2024-10-23T17:17:00.000000 2340.139303928 758.311552065 -6239.219679213 7.21324089630 -0.18269730883 2.67961477642
2024-10-23T17:18:00.000000 2767.055358204 745.563810375 -6063.763522849 7.01167038672 -0.24206228633 3.16663092112
2024-10-23T17:19:00.000000 3180.874592400 729.286653585 -5859.521778674 6.77684682891 -0.30029862136 3.63875852442
2024-10-23T17:20:00.000000 3579.633302399 709.556006937 -5627.454817416 6.50984476872 -0.35713355639 4.09377253201
2024-10-23T17:21:00.000000 3961.436854766 686.464009855 -5368.654485680 6.21189178611 -0.41229957763 4.52951890254
2024-10-23T17:22:00.000000 4324.468633427 660.118658580 -5084.339373360 5.88435969509 -0.46553581910 4.94392704220
2024-10-23T17:23:00.000000 4666.998677315 630.643371403 -4775.849663133 5.52876497906 -0.51658936783 5.33501760977
2024-10-23T17:24:00.000000 4987.392132501 598.176462182 -4444.641150349 5.14675962312 -0.56521693884 5.70091743747
2024-10-23T17:25:00.000000 5284.117137879 562.870501235 -4092.278667892 4.74012355103 -0.61118675582 6.03986645428
2024-10-23T17:26:00.000000 5555.752274525 524.891621189 -3720.429054830 4.31075709767 -0.65427850584 6.35022583339
2024-10-23T17:27:00.000000 5800.993600397 484.418807247 -3330.853640286 3.86067473545 -0.69428438826 6.63048622621
2024-10-23T17:28:00.000000 6018.661268048 441.643095450 -2925.400197103 3.39199683347 -0.73101073357 6.87927700438
2024-10-23T17:29:00.000000 6207.705587123 396.766690621 -2505.994376451 2.90694012982 -0.76427907358 7.09537413702
2024-10-23T17:30:00.000000 6367.212514651 350.002019901 -2074.630671746 2.40780751888 -0.79392726671 7.27770809387
2024-10-23T17:31:00.000000 6496.408489026 301.570748396 -1633.362939207 1.89697694659 -0.81980957737 7.42537093298
2024-10-23T17:32:00.000000 6594.664564403 251.702759260 -1184.294504529 1.37688885658 -0.84179811276 7.53762227944
2024-10-23T17:33:00.000000 6661.499781649 200.635035443 -729.567981011 0.85003344888 -0.85978424311 7.61389371063
2024-10-23T17:34:00.000000 6696.583744198 148.610498827 -271.354840092 0.31893717899 -0.87367860722 7.65379199386
2024-10-23T17:35:00.000000 6699.738433307 95.876838679 188.155153788 -0.21384926593 -0.88341187355 7.65710096939
2024-10-23T17:36:00.000000 6670.939271285 42.685281709 646.764598463 -0.74576363186 -0.88893539187 7.62378209314
2024-10-23T17:37:00.000000 6610.315508252 -10.710617175 1102.279165412 -1.27424310366 -0.89021999675 7.55397723379
2024-10-23T17:38:00.000000 6518.149742139 -64.056138500 1552.518468995 -1.79674130932 -0.88725637067 7.44800840247
2024-10-23T17:39:00.000000 6394.876575828 -117.096645703 1995.326753551 -2.31073962976 -0.88005667102 7.30637444905
2024-10-23T17:40:00.000000 6241.080569937 -169.578879339 2428.583473637 -2.81376055587 -0.86865464360 7.12974971044
2024-10-23T17:41:00.000000 6057.493367996 -221.252217830 2850.213727605 -3.30338099713 -0.85310399083 6.91898100769
2024-10-23T17:42:00.000000 5844.990005009 -271.869856054 3258.198455591 -3.77724586756 -0.83347915556 6.67508060283
2024-10-23T17:43:00.000000 5604.584706793 -321.190165803 3650.584099720 -4.23307172829 -0.80987717170 6.39922069032
2024-10-23T17:44:00.000000 5337.426101226 -368.977842304 4025.492316288 -4.66866579234 -0.78241212482 6.09273466126
2024-10-23T17:45:00.000000 5044.791258434 -415.004982649 4381.129338190 -5.08194177454 -0.75121578229 5.75710682459
2024-10-23T17:46:00.000000 4728.078926347 -459.052076617 4715.794545093 -5.47092941693 -0.71643696885 5.39395412353
2024-10-23T17:47:00.000000 4388.802678022 -500.909071887 5027.888178575 -5.83377389266 -0.67824138509 5.00502255126
2024-10-23T17:48:00.000000 4028.583499790 -540.376356037 5315.918921894 -6.16875078904 -0.63681205027 4.59217782689
2024-10-23T17:49:00.000000 3649.141906150 -577.265823233 5578.510654141 -6.47426634113 -0.59234834436 4.15739393669
2024-10-23T17:50:00.000000 3252.289928542 -611.401693807 5814.409000457 -6.74886725756 -0.54506196965 3.70275335115
2024-10-23T17:51:00.000000 2839.922274718 -642.621314082 6022.487364172 -6.99125145208 -0.49517870262 3.23043069782
2024-10-23T17:52:00.000000 2414.007128223 -670.775954732 6201.752081942 -7.20027222882 -0.44293661964 2.74268030758
2024-10-23T17:53:00.000000 1976.576750180 -695.731499209 6351.346895518 -7.37494142798 -0.38858438435 2.24182651772
2024-10-23T17:54:00.000000 1529.717787480 -717.369024536 6470.556780151 -7.51443436537 -0.33237963590 1.73025015990
2024-10-23T17:55:00.000000 1075.561522141 -735.585319057 6558.810995288 -7.61808795746 -0.27458820132 1.21037908446
2024-10-23T17:56:00.000000 616.274112584 -750.293311980 6615.685723145 -7.68540336472 -0.21548218430 0.68468187566
2024-10-23T17:57:00.000000 154.046518339 -761.422466796 6640.906313072 -7.71605461468 -0.15534077904 0.15565956072
2024-10-23T17:58:00.000000 -308.915996749 -768.919215749 6634.348646878 -7.70988931501 -0.09444975532 -0.37417352823
2024-10-23T17:59:00.000000 -770.404135369 -772.747179605 6596.039681675 -7.66692653515 -0.03309613524 -0.90229747716
2024-10-23T18:00:00.000000 -1228.214953384 -772.887337368 6526.157373243 -7.58735816987 0.02842830009 -1.42620071098
2024-10-23T18:01:00.000000 -1680.162167723 -769.338193140 6425.029935750 -7.47154812872 0.08983228967 -1.94338792192
2024-10-23T18:02:00.000000 -2124.086503408 -762.115665038 6293.134502228 -7.32003247462 0.15082617071 -2.45139259846
2024-10-23T18:03:00.000000 -2557.865942297 -751.253044831 6131.094970614 -7.13351592614 0.21112049113 -2.94779184406
2024-10-23T18:04:00.000000 -2979.425578511 -736.800973022 5939.679027492 -6.91286319696 0.27042646826 -3.43021539207
2024-10-23T18:05:00.000000 -3386.747277895 -718.827366381 5719.794972857 -6.65910322026 0.32845791018 -3.89634914802
2024-10-23T18:06:00.000000 -3777.879463945 -697.417086718 5472.487782027 -6.37342349239 0.38493637027 -4.34395282744
2024-10-23T18:07:00.000000 -4150.946460536 -672.671506596 5198.934496614 -6.05716686470 0.43958985328 -4.77086648355
2024-10-23T18:08:00.000000 -4504.157743093 -644.708104589 4900.439021017 -5.71182807289 0.49215370873 -5.17502290856
2024-10-23T18:09:00.000000 -4835.816921390 -613.659923037 4578.426186699 -5.33904828602 0.54237494859 -5.55446108856
2024-10-23T18:10:00.000000 -5144.330166091 -579.674774672 4234.435057772 -4.94060435451 0.59001324462 -5.90733517019
2024-10-23T18:11:00.000000 -5428.214252483 -542.914619850 3870.111733755 -4.51840488867 0.63483775447 -6.23192551835
2024-10-23T18:12:00.000000 -5686.104140271 -503.554860540 3487.201395705 -4.07447828740 0.67663194580 -6.52665064514
2024-10-23T18:13:00.000000 -5916.759733123 -461.783435842 3087.539807513 -3.61095937070 0.71519408356 -6.79007320996
2024-10-23T18:14:00.000000 -6119.072056224 -417.799978961 2673.044505757 -3.13008300420 0.75033639515 -7.02090634688
2024-10-23T18:15:00.000000 -6292.068982274 -371.814896320 2245.705493737 -2.63417364635 0.78188787348 -7.21802262071
2024-10-23T18:16:00.000000 -6434.920223648 -324.048335433 1807.575474333 -2.12563297014 0.80969492407 -7.38046047242
2024-10-23T18:17:00.000000 -6546.941615881 -274.729104310 1360.759713674 -1.60692781300 0.83362266386 -7.50743040985
2024-10-23T18:18:00.000000 -6627.598595674 -224.093530315 907.405560918 -1.08057567973 0.85355533587 -7.59831949242
2024-10-23T18:19:00.000000 -6676.508862665 -172.384297907 449.691805264 -0.54913275054 0.86939698813 -7.65269312485
2024-10-23T18:20:00.000000 -6693.444363032 -119.849239001 -10.182146437 -0.01518198476 0.88107197103 -7.67029954687
2024-10-23T18:21:00.000000 -6678.332420079 -66.740109676 -470.007338987 0.51868293287 0.88852523551 -7.65107207329
2024-10-23T18:22:00.000000 -6631.255946550 -13.311338523 -927.576350171 1.04987164540 0.89172283751 -7.59512852652
2024-10-23T18:23:00.000000 -6552.452812346 40.181256514 -1380.694354650 1.57581190950 0.89065244055 -7.50277050623
2024-10-23T18:24:00.000000 -6442.314334624 93.481764412 -1827.190030135 2.09396283978 0.88532325799 -7.37447942084
2024-10-23T18:25:00.000000 -6301.383024257 146.335469157 -2264.926296410 2.60182811728 0.87576586775 -7.21091468215
2024-10-23T18:26:00.000000 -6130.349465019 198.490120344 -2691.810840862 3.09697042299 0.86203170816 -7.01290787025
2024-10-23T18:27:00.000000 -5930.048450546 249.697151204 -3105.806243855 3.57702167331 0.84419209844 -6.78145663274
2024-10-23T18:28:00.000000 -5701.454457345 299.712879130 -3504.939820424 4.03969634862 0.82233842351 -6.51771953860
2024-10-23T18:29:00.000000 -5445.676350009 348.299663971 -3887.312962510 4.48280130252 0.79658048522 -6.22300606749
2024-10-23T18:30:00.000000 -5163.951616182 395.227006512 -4251.110041956 4.90424428482 0.76704657828 -5.89877185288
2024-10-23T18:31:00.000000 -4857.639941607 440.272641200 -4594.606945706 5.30204602025 0.73388262708 -5.54660987124
2024-10-23T18:32:00.000000 -4528.216166973 483.223564084 -4916.178980876 5.67434837244 0.69725133445 -5.16823953711
2024-10-23T18:33:00.000000 -4177.262812644 523.877020876 -5214.308185939 6.01942145720 0.65733149090 -4.76549755584
2024-10-23T18:34:00.000000 -3806.462170944 562.041424695 -5487.590057882 6.33567009497 0.61431620006 -4.34032736051
2024-10-23T18:35:00.000000 -3417.588133292 597.537193290 -5734.739704129 6.62163726407 0.56841277566 -3.89477196362
2024-10-23T18:36:00.000000 -3012.497585632 630.197593955 -5954.597598015 6.87601510510 0.51984150112 -3.43096430806
2024-10-23T18:37:00.000000 -2593.121330695 659.869423797 -6146.134499215 7.09764756175 0.46883310029 -2.95111277864
2024-10-23T18:38:00.000000 -2161.454921635 686.413646612 -6308.455718553 7.28553319134 0.41562905275 -2.45749239059
2024-10-23T18:39:00.000000 -1719.549241941 709.706008328 -6440.804774308 7.43882944276 0.36048015893 -1.95243282563
2024-10-23T18:40:00.000000 -1269.500959934 729.637545253 -6542.566294656 7.55685229504 0.30364559129 -1.43830636470
2024-10-23T18:41:00.000000 -813.443070765 746.115116752 -6613.268362991 7.63907545073 0.24539296572 -0.91752215471
2024-10-23T18:42:00.000000 -353.535262634 759.061759445 -6652.584544214 7.68513610747 0.18599342957 -0.39251797195
2024-10-23T18:43:00.000000 108.045920768 768.416923867 -6660.335202789 7.69483551354 0.12572390451 0.13425195365
2024-10-23T18:44:00.000000 569.117031295 774.136868010 -6636.488134189 7.66814146556 0.06486634135 0.66033089500
2024-10-23T18:45:00.000000 1027.497374821 776.194778478 -6581.158352914 7.60517688410 0.00370369348 1.18326678419
2024-10-23T18:46:00.000000 1481.018514551 774.580960121 -6494.607999547 7.50623101572 -0.05747668407 1.70060992826
2024-10-23T18:47:00.000000 1927.534573337 769.302908168 -6377.245443010 7.37176409279 -0.11839060665 2.20994035613
2024-10-23T18:48:00.000000 2364.931983916 760.385033745 -6229.623031437 7.20239122561 -0.17875699555 2.70887797372
2024-10-23T18:49:00.000000 2791.138765387 747.868705997 -6052.434870711 6.99888621843 -0.23829171977 3.19507859911
2024-10-23T18:50:00.000000 3204.134313714 731.812269576 -5846.514107651 6.76218530855 -0.29671460276 3.66625584994
2024-10-23T18:51:00.000000 3601.958704765 712.290645474 -5612.829092651 6.49337444134 -0.35375304664 4.12018938178
2024-10-23T18:52:00.000000 3982.721634416 689.394939847 -5352.479258314 6.19368780781 -0.40913986887 4.55473178629
2024-10-23T18:53:00.000000 4344.611234295 663.232140087 -5066.690476790 5.86450561938 -0.46261301982 4.96781748316
2024-10-23T18:54:00.000000 4685.902756259 633.924737280 -4756.809788521 5.50735028116 -0.51391850590 5.35747506433
2024-10-23T18:55:00.000000 5004.966881995 601.610164514 -4424.299492678 5.12387998970 -0.56281209558 5.72183544179
2024-10-23T18:56:00.000000 5300.277714389 566.440212706 -4070.730637912 4.71588161990 -0.60905964363 6.05914450307
2024-10-23T18:57:00.000000 5570.420200633 528.580395941 -3697.775969823 4.28526346461 -0.65243834424 6.36776730904
2024-10-23T18:58:00.000000 5814.097363619 488.209161967 -3307.202396674 3.83405031094 -0.69273986701 6.64620296638
2024-10-23T18:59:00.000000 6030.136806239 445.517073502 -2900.862635019 3.36436861656 -0.72976888955 6.89309254369
2024-10-23T19:00:00.000000 6217.496542994 400.705953069 -2480.686566437 2.87843716961 -0.76334540428 7.10722327659
2024-10-23T19:01:00.000000 6375.270333809 353.988005688 -2048.672377595 2.37856175487 -0.79330361900 7.28753255509
2024-10-23T19:02:00.000000 6502.692744222 305.584813981 -1606.877206355 1.86712756940 -0.81949775014 7.43312055036
2024-10-23T19:03:00.000000 6599.143255352 255.726090019 -1157.407004538 1.34657596027 -0.84180161634 7.54325922051
2024-10-23T19:04:00.000000 6664.149317076 204.648643798 -702.406405112 0.81939825518 -0.86010502770 7.61738866338
2024-10-23T19:05:00.000000 6697.389057338 152.595315501 -244.048324263 0.28812194481 -0.87431756573 7.65512598411
2024-10-23T19:06:00.000000 6698.692966919 99.813815213 215.476608218 -0.24470309263 -0.88436674611 7.65626385922
2024-10-23T19:07:00.000000 6668.044995480 46.555646699 673.970628467 -0.77651283432 -0.89019971881 7.62077251135
2024-10-23T19:08:00.000000 6605.582970803 -6.925197505 1129.239637971 -1.30474556755 -0.89178563566 7.54880331234
2024-10-23T19:09:00.000000 6511.598076112 -60.373463607 1579.103932391 -1.82685192226 -0.88911400040 7.44068556558
2024-10-23T19:10:00.000000 6386.533722522 -113.533952285 2021.409053792 -2.34031077399 -0.88219681596 7.29693110097
2024-10-23T19:11:00.000000 6230.983272721 -166.152815194 2454.036561789 -2.84264690747 -0.87106699252 7.11822716380
2024-10-23T19:12:00.000000 6045.686994999 -217.978786231 2874.914357169 -3.33144024935 -0.85577761883 6.90543100360
2024-10-23T19:13:00.000000 5831.528398609 -268.764405300 3282.026813867 -3.80433837325 -0.83640260071 6.65956681032
2024-10-23T19:14:00.000000 5589.529820506 -318.267211790 3673.424630095 -4.25906809284 -0.81303391825 6.38182050807
2024-10-23T19:15:00.000000 5320.847271338 -366.250836520 4047.234338252 -4.69344917624 -0.78578411944 6.07353178579
2024-10-23T19:16:00.000000 5026.764630600 -412.486363278 4401.667056443 -5.10539754865 -0.75478767786 5.73617948393
2024-10-23T19:17:00.000000 4708.687875938 -456.753419403 4735.027203097 -5.49293564192 -0.72019464780 5.37139688295
2024-10-23T19:18:00.000000 4368.137446127 -498.841052269 5045.721099616 -5.85422262125 -0.68216886094 4.98093941928
2024-10-23T19:19:00.000000 4006.740736597 -538.548627136 5332.263839380 -6.18753573410 -0.64089080430 4.56668104838
2024-10-23T19:20:00.000000 3626.224394437 -575.686828837 5593.286508331 -6.49129165409 -0.59655724755 4.13061010272
2024-10-23T19:21:00.000000 3228.405786428 -610.078619939 5827.542482969 -6.76405024847 -0.54938033497 3.67481368957
2024-10-23T19:22:00.000000 2815.184220194 -641.560121553 6033.913122523 -7.00452112251 -0.49958647789 3.20146850011
2024-10-23T19:23:00.000000 2388.531855002 -669.981420917 6211.412769842 -7.21156687813 -0.44741402777 2.71282885115
2024-10-23T19:24:00.000000 1950.484462797 -695.207171336 6359.193150189 -7.38420495050 -0.39311024821 2.21121960559
2024-10-23T19:25:00.000000 1503.131919707 -717.117139176 6476.547432489 -7.52161535060 -0.33693112672 1.69902775883
2024-10-23T19:26:00.000000 1048.608395071 -735.606666381 6562.913565392 -7.62314269238 -0.27914030042 1.17869124109
2024-10-23T19:27:00.000000 589.082245315 -750.587207878 6617.876996204 -7.68830351168 -0.22001148811 0.65268595000
2024-10-23T19:28:00.000000 126.745678465 -761.986925298 6641.172431239 -7.71678468873 -0.15982656949 0.12350928877
2024-10-23T19:29:00.000000 -336.195355419 -769.750922724 6632.684997700 -7.70844340006 -0.09886832812 -0.40632329529
2024-10-23T19:30:00.000000 -797.531552753 -773.841443219 6592.450875267 -7.66330924023 -0.03742600847 -0.93429387221
2024-10-23T19:31:00.000000 -1255.060564954 -774.238191969 6520.657244977 -7.58158574421 0.02420884872 -1.45788968851
2024-10-23T19:32:00.000000 -1706.597453116 -770.938375690 6417.641440474 -7.46364845322 0.08574396545 -1.97462015771
2024-10-23T19:33:00.000000 -2149.984856511 -763.956771009 6283.889352317 -7.31004046642 0.14688641284 -2.48202550518
2024-10-23T19:34:00.000000 -2583.102955746 -753.325669741 6120.033348621 -7.12147033009 0.20734580068 -2.97768425071
2024-10-23T19:35:00.000000 -3003.879389940 -739.094698114 5926.849640576 -6.89881038377 0.26683405745 -3.45922462696
2024-10-23T19:36:00.000000 -3410.299042676 -721.330736792 5705.255146696 -6.64309793705 0.32506474372 -3.92432996051
2024-10-23T19:37:00.000000 -3800.414050303 -700.117697834 5456.303660610 -6.35553620340 0.38175746326 -4.37075760888
2024-10-23T19:38:00.000000 -4172.353486342 -675.556011112 5181.180912967 -6.03748427726 0.43664178640 -4.79635437849
2024-10-23T19:39:00.000000 -4524.332379197 -647.762145141 4881.198963971 -5.69044796829 0.48945336559 -5.19906325711
2024-10-23T19:40:00.000000 -4854.660456666 -616.868167837 4557.790165553 -5.31607669726 0.53993727298 -5.57693381259
2024-10-23T19:41:00.000000 -5161.750475803 -583.021108813 4212.500462928 -4.91615456418 0.58784979953 -5.92813088579
2024-10-23T19:42:00.000000 -5444.126175411 -546.382258993 3846.982177725 -4.49259476140 0.63295937182 -6.25094642540
2024-10-23T19:43:00.000000 -5700.429605290 -507.126429330 3462.986090127 -4.04742661955 0.67504719737 -6.54380676293
2024-10-23T19:44:00.000000 -5929.427947166 -465.441118454 3062.353215829 -3.58279068602 0.71390931743 -6.80527966569
2024-10-23T19:45:00.000000 -6130.019919926 -421.525623941 2647.005998705 -3.10092944625 0.74935641343 -7.03408464854
2024-10-23T19:46:00.000000 -6301.241573418 -375.590111024 2218.938885095 -2.60417526928 0.78121593719 -7.22910379870
2024-10-23T19:47:00.000000 -6442.271185547 -327.854583880 1780.208389386 -2.09493492636 0.80933246079 -7.38938636716
2024-10-23T19:48:00.000000 -6552.433426048 -278.547826794 1332.922949767 -1.57567935351 0.83356913514 -7.51415337721
2024-10-23T19:49:00.000000 -6631.202814881 -227.906226560 879.232460694 -1.04893034178 0.85380948457 -7.60280255237
2024-10-23T19:50:00.000000 -6678.206366543 -176.172569450 421.317573381 -0.51724713318 0.86995647952 -7.65491135143
2024-10-23T19:51:00.000000 -6693.225455372 -123.594871460 -38.621167652 0.01678640411 0.88193305038 -7.67023958959
2024-10-23T19:52:00.000000 -6676.196903917 -70.425145733 -498.374333351 0.55057481804 0.88968322673 -7.64873183244
2024-10-23T19:53:00.000000 -6627.213218578 -16.918110689 -955.734768160 1.08152694731 0.89317277403 -7.59051929838
2024-10-23T19:54:00.000000 -6546.521817350 36.670094653 -1408.508735592 1.60707275123 0.89238844172 -7.49591709275
2024-10-23T19:55:00.000000 -6434.523361621 90.083172224 -1854.526793157 2.12467641371 0.88733823725 -7.36541915187
2024-10-23T19:56:00.000000 -6291.769373840 143.065925571 -2291.654345574 2.63184568642 0.87805093084 -7.19969292008
2024-10-23T19:57:00.000000 -6118.959312455 195.365530552 -2717.802131362 3.12614568124 0.86457653258 -6.99958142347
2024-10-23T19:58:00.000000 -5916.936578486 246.732735755 -3130.936460948 3.60521411041 0.84698417638 -6.76609251263
2024-10-23T19:59:00.000000 -5686.683922902 296.923057264 -3529.088930580 4.06677045017 0.82536374552 -6.50039352198
2024-10-23T20:00:00.000000 -5429.318194394 345.697999938 -3910.365770504 4.50862675285 0.79982463817 -6.20380379591
2024-10-23T20:01:00.000000 -5146.084480543 392.826171219 -4272.956768057 4.92869825812 0.77049395395 -5.87778761622
2024-10-23T20:02:00.000000 -4838.349659361 438.084317145 -4615.143680746 5.32501119661 0.73751600791 -5.52394557366
2024-10-23T20:03:00.000000 -4507.595418810 481.258370529 -4935.308219626 5.69571428343 0.70105254530 -5.14400659979
2024-10-23T20:04:00.000000 -4155.410662615 522.144467663 -5231.939371621 6.03908603877 0.66128176523 -4.73981601327
2024-10-23T20:05:00.000000 -3783.483532576 560.549874609 -5503.640066713 6.35354058230 0.61839611455 -4.31332498664
2024-10-23T20:06:00.000000 -3393.593136480 596.293832512 -5749.133278202 6.63763288765 0.57260246422 -3.86658225857
2024-10-23T20:07:00.000000 -2987.600884032 629.208411009 -5967.267551027 6.89006520584 0.52412123580 -3.40172272228
2024-10-23T20:08:00.000000 -2567.441585194 659.139261129 -6157.021854772 7.10968908580 0.47318431436 -2.92095803050
2024-10-23T20:09:00.000000 -2135.114307019 685.946234414 -6317.509980713 7.29551274400 0.42003302411 -2.42656825157
2024-10-23T20:10:00.000000 -1692.672790408 709.503943514 -6447.984129788 7.44670472610 0.36491786803 -1.92088414435
2024-10-23T20:11:00.000000 -1242.216015812 729.702236501 -6547.837641363 7.56258827116 0.30809594498 -1.40627956138
2024-10-23T20:12:00.000000 -785.878815132 746.446626715 -6616.607516952 7.64264651278 0.24983269688 -0.88516788208
2024-10-23T20:13:00.000000 -325.822077112 759.658784971 -6653.976429304 7.68652801001 0.19040105149 -0.35998862982
2024-10-23T20:14:00.000000 135.777145332 769.276991259 -6659.773818788 7.69404483278 0.13008120822 0.16680726868
2024-10-23T20:15:00.000000 596.735324555 775.256378974 -6633.976319808 7.66516797567 0.06915393468 0.69276462696
2024-10-23T20:16:00.000000 1054.871969661 777.568957027 -6576.708072895 7.60003059966 0.00790140528 1.21542212903
2024-10-23T20:17:00.000000 1508.019828347 776.203733901 -6488.240579463 7.49893977263 -0.05339173556 1.73233498320
2024-10-23T20:18:00.000000 1954.034851949 771.166871167 -6368.991061808 7.36235980320 -0.11443876375 2.24108941130
2024-10-23T20:19:00.000000 2390.805600595 762.481724077 -6219.520747015 7.19091533204 -0.17495389055 2.73930054487
2024-10-23T20:20:00.000000 2816.263095491 750.188678858 -6040.532660405 6.98539595460 -0.23465533816 3.22463047204
2024-10-23T20:21:00.000000 3228.390358423 734.344935341 -5832.868334338 6.74674378146 -0.29326434809 3.69480023247
2024-10-23T20:22:00.000000 3625.231453057 715.024308774 -5597.504227231 6.47605184158 -0.35050593046 4.14759273654
2024-10-23T20:23:00.000000 4004.900552564 692.316968093 -5335.547685664 6.17456345440 -0.40611058755 4.58086400945
2024-10-23T20:24:00.000000 4365.590836431 666.329025078 -5048.232238335 5.84366820725 -0.45981603747 4.99255380821
2024-10-23T20:25:00.000000 4705.583141504 637.182144732 -4736.912253356 5.48489778882 -0.51136694932 5.38069596889
2024-10-23T20:26:00.000000 5023.254327532 605.012954122 -4403.056932960 5.09991915754 -0.56051987856 5.74343128459
2024-10-23T20:27:00.000000 5317.085032425 569.972437881 -4048.243656465 4.69052454113 -0.60703933000 6.07901287275
2024-10-23T20:28:00.000000 5585.667223549 532.225380374 -3674.151014257 4.25863068751 -0.65070191087 6.38581771415
2024-10-23T20:29:00.000000 5827.711087627 491.949568385 -3282.550980864 3.80625950786 -0.69129692793 6.66235410678
2024-10-23T20:30:00.000000 6042.051429001 449.335051514 -2875.301193771 3.33554461066 -0.72862741452 6.90726232470
2024-10-23T20:31:00.000000 6227.654128372 404.583189126 -2454.336248585 2.84871674195 -0.76251282355 7.11933836005
2024-10-23T20:32:00.000000 6383.621339121 357.905749881 -2021.658310255 2.34808644347 -0.79278694295 7.29753375401
2024-10-23T20:33:00.000000 6509.196082314 309.523973008 -1579.327684417 1.83603715410 -0.81930086284 7.44096032383
2024-10-23T20:34:00.000000 6603.766273907 259.667473984 -1129.453019624 1.31501353981 -0.84192394268 7.54889515317
2024-10-23T20:35:00.000000 6666.868158430 208.573187448 -674.181247592 0.78751366787 -0.86054333495 7.62078699855
2024-10-23T20:36:00.000000 6698.189069576 156.484215186 -215.686966338 0.25607204549 -0.87506636993 7.65626557993
2024-10-23T20:37:00.000000 6697.568968127 103.648603791 243.838416998 -0.27676108801 -0.88542102346 7.65513952322
2024-10-23T20:38:00.000000 6665.001069343 50.318114694 702.197165734 -0.80842736947 -0.89155515302 7.61738879409
2024-10-23T20:39:00.000000 6600.632316641 -3.252924823 1157.195622738 -1.33636270255 -0.89343554571 7.54317191250
2024-10-23T20:40:00.000000 6504.763153971 -56.808824094 1606.655230424 -1.85801852400 -0.89105034846 7.43283273422
2024-10-23T20:41:00.000000 6377.846056373 -110.093855242 2048.423450953 -2.37087794644 -0.88441025623 7.28689440654
2024-10-23T20:42:00.000000 6220.483150327 -162.853560602 2480.384391532 -2.87247124948 -0.87354616059 7.10605314285
2024-10-23T20:43:00.000000 6033.423287319 -214.835944910 2900.468961756 -3.36037818949 -0.85851026633 6.89117446151
2024-10-23T20:44:00.000000 5817.558524666 -265.792803786 3306.665203279 -3.83224971789 -0.83937561369 6.64329484385
2024-10-23T20:45:00.000000 5573.919456155 -315.480879049 3697.028151521 -4.28581792281 -0.81623459182 6.36361074261
2024-10-23T20:46:00.000000 5303.669966397 -363.663043200 4069.689274095 -4.71890954830 -0.78919853541 6.05347047006
2024-10-23T20:47:00.000000 5008.101442566 -410.109357724 4422.865210266 -5.12944815505 -0.75839596436 5.71436513628
2024-10-23T20:48:00.000000 4688.626665898 -454.598202069 4754.866395405 -5.51546731010 -0.72397600066 5.34792920139
2024-10-23T20:49:00.000000 4346.772658170 -496.917420357 5064.105265488 -5.87512577498 -0.68610379327 4.95592505220
2024-10-23T20:50:00.000000 3984.173187125 -536.865248118 5349.103664695 -6.20670844495 -0.64496164905 4.54023775276
2024-10-23T20:51:00.000000 3602.560700990 -574.251377239 5608.499989897 -6.50864300395 -0.60074784588 4.10286310289
2024-10-23T20:52:00.000000 3203.757690351 -608.897749530 5841.055203657 -6.77949909768 -0.55367247424 3.64589002948
2024-10-23T20:53:00.000000 2789.668207783 -640.639309804 6045.658418240 -7.01799061698 -0.50395931986 3.17150082198
2024-10-23T20:54:00.000000 2362.268805766 -669.324826193 6221.332192007 -7.22298788474 -0.45184441687 2.68195840337
2024-10-23T20:55:00.000000 1923.599096202 -694.817523526 6367.236936225 -7.39351864076 -0.39757403838 2.17959351383
2024-10-23T20:56:00.000000 1475.752256113 -716.995734289 6482.674790698 -7.52877088885 -0.34140520112 1.66679926901
2024-10-23T20:57:00.000000 1020.865060883 -735.753514072 6567.093116668 -7.62810531898 -0.28360484419 1.14601895747
2024-10-23T20:58:00.000000 561.107509906 -751.001139263 6620.086702449 -7.69105037334 -0.22444589618 0.61972217161
2024-10-23T20:59:00.000000 98.673030947 -762.665425286 6641.399514223 -7.71730071316 -0.16420737563 0.09041195222
2024-10-23T21:00:00.000000 -364.231956507 -770.690156053 6630.926119678 -7.70672579263 -0.10317554679 -0.43939843228
2024-10-23T21:01:00.000000 -825.398237622 -775.036425532 6588.712104364 -7.65936523358 -0.04164057938 -0.96718922521
2024-10-23T21:02:00.000000 -1282.624233718 -775.682813266 6514.954014162 -7.57543285071 0.02010504408 -1.49045070950
2024-10-23T21:03:00.000000 -1733.726297054 -772.625469365 6409.998404474 -7.45531205813 0.08176814992 -2.00669378283
2024-10-23T21:04:00.000000 -2176.548863448 -765.878164207 6274.340324100 -7.29955561042 0.14305490630 -2.51346022864
2024-10-23T21:05:00.000000 -2608.974445916 -755.472233762 6108.621099746 -7.10887883191 0.20367410912 -3.00833172169
2024-10-23T21:06:00.000000 -3028.933509442 -741.456381345 5913.625963539 -6.88416680584 0.26333799541 -3.48893324543
2024-10-23T21:07:00.000000 -3434.414685819 -723.896449621 5690.280737031 -6.62647120506 0.32176317283 -3.95295594627
2024-10-23T21:08:00.000000 -3823.474474289 -702.875179948 5439.647571322 -6.33700191854 0.37866952677 -4.39816530344
2024-10-23T21:09:00.000000 -4194.246674532 -678.491989882 5162.920231839 -6.01712539046 0.43378218342 -4.82241146576
2024-10-23T21:10:00.000000 -4544.951576299 -650.862481636 4861.418581257 -5.66835664794 0.48683676197 -5.22364176702
2024-10-23T21:11:00.000000 -4873.904746548 -620.117885571 4536.582543879 -5.29235593353 0.53757643200 -5.59990989310
2024-10-23T21:12:00.000000 -5179.525449837 -586.404532120 4189.965243762 -4.89091746216 0.58575539975 -5.94938980417
2024-10-23T21:13:00.000000 -5460.344400261 -549.883126543 3823.225620083 -4.46596097128 0.63114033927 -6.27038162469
2024-10-23T21:14:00.000000 -5715.011095916 -510.727982879 3438.120589441 -4.01952450917 0.67351120651 -6.56132110861
2024-10-23T21:15:00.000000 -5942.300582194 -469.126180025 3036.496653439 -3.55375331438 0.71266265806 -6.82078718525
2024-10-23T21:16:00.000000 -6141.119645957 -425.276676460 2620.281158012 -3.07089301940 0.74840401089 -7.04750716779
2024-10-23T21:17:00.000000 -6310.512714197 -379.389391987 2191.473054801 -2.57328363463 0.78056134784 -7.24036988438
2024-10-23T21:18:00.000000 -6449.666946977 -331.684123197 1752.132814024 -2.06333956924 0.80897881028 -7.39843617427
2024-10-23T21:19:00.000000 -6557.916239135 -282.389511342 1304.372094926 -1.54353595134 0.83351812880 -7.52093921541
2024-10-23T21:20:00.000000 -6634.744553652 -231.741885881 850.343315772 -1.01639821816 0.85406123035 -7.60728806160
2024-10-23T21:21:00.000000 -6679.788572454 -179.984054562 392.228905998 -0.48448850074 0.87051043246 -7.65707397978
2024-10-23T21:22:00.000000 -6692.839397874 -127.364084474 -67.769640167 0.04960961254 0.88278780108 -7.67007004739
2024-10-23T21:23:00.000000 -6673.843526963 -74.134122371 -527.442732256 0.58330244805 0.89083569357 -7.64623386448
2024-10-23T21:24:00.000000 -6622.902983802 -20.549116467 -984.583799671 1.11400225126 0.89461856709 -7.58570848120
2024-10-23T21:25:00.000000 -6540.274442913 33.134518666 -1437.000318442 1.63914362663 0.89412280859 -7.48881751927
2024-10-23T21:26:00.000000 -6426.367634588 86.660182203 -1882.524499308 2.15619224446 0.88935570419 -7.35606217880
2024-10-23T21:27:00.000000 -6281.743078449 139.772281891 -2319.023908650 2.66265727194 0.88034328219 -7.18811925654
2024-10-23T21:28:00.000000 -6107.109224290 192.217392040 -2744.412027472 3.15610198108 0.86713229749 -6.98584284921
2024-10-23T21:29:00.000000 -5903.318482861 243.745519911 -3156.658716864 3.63416715328 0.84979017773 -6.75025489382
2024-10-23T21:30:00.000000 -5671.362345427 294.111348183 -3553.799853483 4.09457665213 0.82840538069 -6.48253395465
2024-10-23T21:31:00.000000 -5412.366093727 343.075438800 -3933.946661166 4.53514924495 0.80308490487 -6.18401134608
2024-10-23T21:32:00.000000 -5127.582760467 390.405330742 -4295.294566836 4.95380917950 0.77395473499 -5.85616076683
2024-10-23T21:33:00.000000 -4818.386636768 435.876705129 -4636.131467039 5.34859081176 0.74116015339 -5.50059019487
2024-10-23T21:34:00.000000 -4486.266434795 479.274523752 -4954.845674340 5.71764856876 0.70486466315 -5.11903762669
2024-10-23T21:35:00.000000 -4132.817616141 520.393981738 -5249.933339933 6.05927028659 0.66524558429 -4.71335663814
2024-10-23T21:36:00.000000 -3759.734353104 559.041346365 -5520.005030587 6.37187916406 0.62249452408 -4.28550669107
2024-10-23T21:37:00.000000 -3368.801129202 595.034777061 -5763.791797286 6.65404238709 0.57681660577 -3.83754219004
2024-10-23T21:38:00.000000 -2961.884003602 628.205186817 -5980.150484612 6.90447347918 0.52843140585 -3.37159978926
2024-10-23T21:39:00.000000 -2540.921879815 658.396999459 -6168.068436584 7.12203155422 0.47756924574 -2.88989310972
2024-10-23T21:40:00.000000 -2107.917441126 685.468751851 -6326.668018931 7.30573365469 0.42447013745 -2.39470603294
2024-10-23T21:41:00.000000 -1664.927559691 709.293665293 -6455.210231238 7.45475518085 0.36938388509 -1.88837415592
2024-10-23T21:42:00.000000 -1214.053844415 729.760267684 -6553.097617438 7.56843075679 0.31257033500 -1.37327827429
2024-10-23T21:43:00.000000 -757.432967923 746.772895959 -6619.876597463 7.64625687520 0.25429650187 -0.85183169590
2024-10-23T21:44:00.000000 -297.226963474 760.252107140 -6655.239098776 7.68789108753 0.19483582005 -0.32646970998
2024-10-23T21:45:00.000000 164.386359339 770.135012744 -6659.023690639 7.69315041053 0.13446604832 0.20035549891
2024-10-23T21:46:00.000000 625.223077084 776.375430812 -6631.216458013 7.66201526923 0.07346631421 0.72617992424
2024-10-23T21:47:00.000000 1083.103230866 778.944027371 -6571.951317625 7.59463736055 0.01211959469 1.24854414547
2024-10-23T21:48:00.000000 1535.860881427 777.828573445 -6481.509156420 7.49133075667 -0.04928774219 1.76500943815
2024-10-23T21:49:00.000000 1981.353693967 773.033970423 -6360.316490478 7.35256847040 -0.11047127041 2.27316034984
2024-10-23T21:50:00.000000 2417.472664032 764.582231222 -6208.943892162 7.17898968472 -0.17114442844 2.77061433657
2024-10-23T21:51:00.000000 2842.151980215 752.512544078 -6028.103335263 6.97139207439 -0.23102246348 3.25504174951
2024-10-23T21:52:00.000000 3253.378202806 736.881049402 -5818.644997660 6.73072428788 -0.28982494837 3.72416536371
2024-10-23T21:53:00.000000 3649.199505609 717.760576120 -5581.553925622 6.45809191050 -0.34727639314 4.17577020096
2024-10-23T21:54:00.000000 4027.734887741 695.240294007 -5317.945702700 6.15474715326 -0.40310736153 4.60772084212
2024-10-23T21:55:00.000000 4387.182770849 669.425396471 -5029.061703379 5.82208751924 -0.45705342964 5.01796111163
2024-10-23T21:56:00.000000 4725.829831633 640.436718514 -4716.263798776 5.46165437368 -0.50885802605 5.40453332090
2024-10-23T21:57:00.000000 5042.059206946 608.410203748 -4381.028204083 5.07512114109 -0.55827445016 5.76558435951
2024-10-23T21:58:00.000000 5334.358324528 573.496275932 -4024.938955823 4.66428959170 -0.60506670241 6.09937551731
2024-10-23T21:59:00.000000 5601.326329495 535.859176220 -3649.680722034 4.23108031450 -0.64901053298 6.40429205681
2024-10-23T22:00:00.000000 5841.680972979 495.676226432 -3257.031186053 3.77752517955 -0.68989404959 6.67884931410
2024-10-23T22:01:00.000000 6054.265128664 453.137085076 -2848.853016050 3.30576211901 -0.72751839496 6.92170096856
2024-10-23T22:02:00.000000 6238.052893744 408.442862081 -2427.085222209 2.81802510344 -0.76170115466 7.13165030076
2024-10-23T22:03:00.000000 6392.154942137 361.805104701 -1993.733917032 2.31663053103 -0.79227650603 7.30765813991
2024-10-23T22:04:00.000000 6515.823124809 313.444840164 -1550.862743007 1.80396639426 -0.81909453030 7.44884670556
2024-10-23T22:05:00.000000 6608.454460500 263.591560498 -1100.583009323 1.28248127718 -0.84202318648 7.55450615635
2024-10-23T22:06:00.000000 6669.594327563 212.482139625 -645.043474637 0.75467000896 -0.86094835723 7.62409774873
2024-10-23T22:07:00.000000 6698.939002309 160.359740244 -186.420079555 0.22306654226 -0.87577514805 7.65725547386
2024-10-23T22:08:00.000000 6696.337630503 107.472573944 273.094693522 -0.30977086614 -0.88643000271 7.65379494847
2024-10-23T22:09:00.000000 6661.793072705 54.072661116 731.302771330 -0.84127954737 -0.89285945489 7.61371269183
2024-10-23T22:10:00.000000 6595.461912969 0.414627932 1186.011056373 -1.36889733106 -0.89503013989 7.53717899094
2024-10-23T22:11:00.000000 6497.654191013 -53.245505043 1635.042234628 -1.89007632588 -0.89292901044 7.42455025390
2024-10-23T22:12:00.000000 6368.831846536 -106.651566685 2076.245756467 -2.40230226386 -0.88656438359 7.27636097117
2024-10-23T22:13:00.000000 6209.606384112 -159.548577514 2507.508419382 -2.90310679931 -0.87596764517 7.09332069171
2024-10-23T22:14:00.000000 6020.735707352 -211.684037911 2926.764682363 -3.39007982436 -0.86118917973 6.87630796505
2024-10-23T22:15:00.000000 5803.120314185 -262.808986881 3332.006678617 -3.86088002607 -0.84229678752 6.62636550232
2024-10-23T22:16:00.000000 5557.798973443 -312.679155792 3721.293851966 -4.31323985448 -0.81938062551 6.34469467802
2024-10-23T22:17:00.000000 5285.943824125 -361.056467230 4092.762668497 -4.74498827502 -0.79255482563 6.03265895680
2024-10-23T22:18:00.000000 4988.854033995 -407.710077251 4444.635538020 -5.15405820591 -0.76194716087 5.69175889521
2024-10-23T22:19:00.000000 4667.949607332 -452.417489552 4775.229205009 -5.53849360852 -0.72770793102 5.32363667586
2024-10-23T22:20:00.000000 4324.764242011 -494.965635136 5082.962818424 -5.89646111997 -0.68999956294 4.93006221919
2024-10-23T22:21:00.000000 3960.937841530 -535.151607683 5366.365327150 -6.22625486411 -0.64900038866 4.51292432979
2024-10-23T22:22:00.000000 3578.208594505 -572.783807828 5624.082417704 -6.52630667366 -0.60490788123 4.07422366730
2024-10-23T22:23:00.000000 3178.404437383 -607.682878527 5854.882841427 -6.79519370865 -0.55793209531 3.61605962870
2024-10-23T22:24:00.000000 2763.434232684 -639.682433958 6057.663965380 -7.03164127748 -0.50829548564 3.14061808423
2024-10-23T22:25:00.000000 2335.278877728 -668.629836924 6231.456807330 -7.23452487005 -0.45623428399 2.65016850870
2024-10-23T22:26:00.000000 1895.981852250 -694.387018246 6375.430780708 -7.40288369640 -0.40199688534 2.14705061179
2024-10-23T22:27:00.000000 1447.639375914 -716.831082992 6488.897399613 -7.53592105040 -0.34584079743 1.63366019176
2024-10-23T22:28:00.000000 992.390454680 -735.854856217 6571.313342347 -7.63300719993 -0.28803203179 1.11243791144
2024-10-23T22:29:00.000000 532.406937540 -751.367336332 6622.282866459 -7.69367840783 -0.22884400687 0.58586196441
2024-10-23T22:30:00.000000 69.883248289 -763.294168193 6641.559647154 -7.71764458003 -0.16855772557 0.05643049206
2024-10-23T22:31:00.000000 -392.973705678 -771.578017976 6629.047727747 -7.70478137346 -0.10745928333 -0.47334108952
2024-10-23T22:32:00.000000 -853.954843177 -776.178834032 6584.802293617 -7.65514033380 -0.04583851868 -1.00093419322
2024-10-23T22:33:00.000000 -1310.859330951 -777.074037887 6509.029346707 -7.56894409955 0.01601234125 -1.52384166608
2024-10-23T22:34:00.000000 -1761.504742375 -774.258618749 6402.084813888 -7.44658394946 0.07779987186 -2.03957410728
2024-10-23T22:35:00.000000 -2203.737258179 -767.745196008 6264.473198594 -7.28862209926 0.13923038313 -2.54567064880
2024-10-23T22:36:00.000000 -2635.441881081 -757.563940472 6096.845475800 -7.09578997302 0.20001254411 -3.03971208471
2024-10-23T22:37:00.000000 -3054.552455250 -743.762454444 5899.996225197 -6.86898352852 0.25985659857 -3.51933167890
2024-10-23T22:38:00.000000 -3459.061533434 -726.405647047 5674.860269965 -6.60926396626 0.31847606847 -3.98222401119
2024-10-23T22:39:00.000000 -3847.030207402 -705.575398047 5422.508490482 -6.31785288077 0.37559201635 -4.42616180790
2024-10-23T22:40:00.000000 -4216.597396773 -681.370159010 5144.142875229 -5.99612306833 0.43093054095 -4.84900197054
2024-10-23T22:41:00.000000 -4565.988996297 -653.904638239 4841.091201912 -5.64559903651 0.48422411329 -5.24869792157
2024-10-23T22:42:00.000000 -4893.526668689 -623.309327782 4514.800896101 -5.26794874487 0.53521497106 -5.62330962713
2024-10-23T22:43:00.000000 -5197.636286749 -589.729825747 4166.832180465 -4.86497476541 0.58365697622 -5.97101874894
2024-10-23T22:44:00.000000 -5476.855631283 -553.326175689 3798.850639673 -4.43860421115 0.62931520631 -6.29013264819
2024-10-23T22:45:00.000000 -5729.841700761 -514.272111094 3412.619428291 -3.99088285075 0.67196842156 -6.57909316145
2024-10-23T22:46:00.000000 -5955.377629504 -472.754206655 3009.990880294 -3.52396752358 0.71141005245 -6.83648789597
2024-10-23T22:47:00.000000 -6152.378940294 -428.970975965 2592.897439891 -3.04011184761 0.74744865689 -7.06105991758
2024-10-23T22:48:00.000000 -6319.898971393 -383.131948780 2163.342211208 -2.54165474123 0.77990880884 -7.25171140109
2024-10-23T22:49:00.000000 -6457.133766722 -335.456659636 1723.389247077 -2.03101273151 0.80863252321 -7.40751010498
2024-10-23T22:50:00.000000 -6563.426377444 -286.173583412 1275.153301396 -1.51066622860 0.83348000437 -7.52769938594
2024-10-23T22:51:00.000000 -6638.270189914 -235.519000832 820.789228679 -0.98314468529 0.85433116182 -7.61169952299
2024-10-23T22:52:00.000000 -6681.311521117 -183.735760802 362.481191254 -0.45101280539 0.87108703676 -7.65911401500
2024-10-23T22:53:00.000000 -6692.351201251 -131.072081569 -97.568315450 0.08314486855 0.88366740198 -7.66972788019
2024-10-23T22:54:00.000000 -6671.345509329 -77.780374288 -557.149426268 0.61673437306 0.89201338678 -7.64351134530
2024-10-23T22:55:00.000000 -6618.406144669 -24.115941667 -1014.055995006 1.14717085021 0.89608668044 -7.58061668016
2024-10-23T22:56:00.000000 -6533.799481629 29.664212154 -1466.096406260 1.67188499041 0.89586999692 -7.48137714740
2024-10-23T22:57:00.000000 -6417.945116946 83.302734651 -1911.104545335 2.18834180646 0.89136786254 -7.34630821869
2024-10-23T22:58:00.000000 -6271.413438257 136.543150495 -2346.950559752 2.69405214328 0.88260620245 -7.17610319059
2024-10-23T22:59:00.000000 -6094.922383534 189.131247413 -2771.551395481 3.18658881189 0.86963359663 -6.97162715805
2024-10-23T23:00:00.000000 -5889.333398385 240.816305274 -3182.880918429 3.66359739472 0.85251788348 -6.73391150286
2024-10-23T23:01:00.000000 -5655.646710041 291.352283240 -3578.979685026 4.12280828830 0.83134723864 -6.46414624347
2024-10-23T23:02:00.000000 -5394.995941532 340.499009100 -3957.964195964 4.56204596949 0.80622902621 -6.16367217537
2024-10-23T23:03:00.000000 -5108.642118945 388.023329702 -4318.035771712 4.97924117397 0.77728951937 -5.83397386536
2024-10-23T23:04:00.000000 -4797.967035767 433.700179563 -4657.488855434 5.37243872489 0.74467201189 -5.47666951557
2024-10-23T23:05:00.000000 -4464.466168019 477.313613274 -4974.718768617 5.73980571135 0.70853716120 -5.09350174297
2024-10-23T23:06:00.000000 -4109.741133629 518.657820187 -5268.228868933 6.07963802720 0.66906185100 -4.68632763922
2024-10-23T23:07:00.000000 -3735.491781706 557.538049837 -5536.637150159 6.39036627413 0.62643770776 -4.25711006499
2024-10-23T23:08:00.000000 -3343.507921428 593.771453189 -5778.682353162 6.67056229254 0.58086936232 -3.80790925825
2024-10-23T23:09:00.000000 -2935.660688597 627.187828021 -5993.229509882 6.91894450987 0.53257429007 -3.34087346131
2024-10-23T23:10:00.000000 -2513.893457146 657.630467745 -6179.274895733 7.13438799843 0.48178451946 -2.85822574294
2024-10-23T23:11:00.000000 -2080.212428607 684.956904449 -6335.949940627 7.31592158338 0.42874163971 -2.36224727722
2024-10-23T23:12:00.000000 -1636.677511099 709.039369494 -6462.524716911 7.46272844007 0.37369433468 -1.85527753070
2024-10-23T23:13:00.000000 -1185.392735970 729.765287854 -6558.411055334 7.57415470978 0.31690051815 -1.33969932060
2024-10-23T23:14:00.000000 -728.496532402 747.037822816 -6623.164705155 7.64970680137 0.25862638512 -0.81792548699
2024-10-23T23:15:00.000000 -268.152236476 760.776278424 -6656.486943779 7.68904843105 0.19914362639 -0.29239385494
2024-10-23T23:16:00.000000 193.461490866 770.916403955 -6658.225992036 7.69200652710 0.13872835499 0.23443635536
2024-10-23T23:17:00.000000 654.160726087 777.410651693 -6628.377911530 7.65857893188 0.07766171912 0.76010047572
2024-10-23T23:18:00.000000 1111.766374713 780.228475747 -6567.086349847 7.58892750580 0.01622840227 1.28214434454
2024-10-23T23:19:00.000000 1564.113945474 779.356433310 -6474.641730898 7.48337691938 -0.04528629506 1.79813214647
2024-10-23T23:20:00.000000 2009.063124979 774.798201077 -6351.479867541 7.34240829902 -0.10659684332 2.30565199510
2024-10-23T23:21:00.000000 2444.507465606 766.574639848 -6198.180518010 7.16667103068 -0.16741608633 2.80232247629
2024-10-23T23:22:00.000000 2868.384340722 754.723798096 -6015.464736080 6.95697339099 -0.22745916003 3.28581651299
2024-10-23T23:23:00.000000 3278.684152473 739.300670122 -5804.191515601 6.71427473611 -0.28644578652 3.75386372376
2024-10-23T23:24:00.000000 3673.459383066 720.376998671 -5565.354230184 6.43968498538 -0.34409787061 4.20425623061
2024-10-23T23:25:00.000000 4050.833679669 698.041069415 -5300.076619735 6.13446646953 -0.40014301734 4.63485909116
2024-10-23T23:26:00.000000 4409.010862011 672.397272576 -5009.607947499 5.80002771563 -0.45431666387 5.04362478157
2024-10-23T23:27:00.000000 4746.283461260 643.565633674 -4695.317492329 5.43791628097 -0.50636238912 5.42860161517
2024-10-23T23:28:00.000000 5061.040911663 611.681303440 -4358.688547236 5.04981386490 -0.55603255701 5.78794256497
2024-10-23T23:29:00.000000 5351.777409095 576.893998074 -4001.311832900 4.63752963886 -0.60308957292 6.11991524653
2024-10-23T23:30:00.000000 5617.099345338 539.367347694 -3624.878342743 4.20299303587 -0.64730733473 6.42291112798
2024-10-23T23:31:00.000000 5855.732291258 499.278186200 -3231.171636219 3.74824574557 -0.68847216520 6.69545479132
2024-10-23T23:32:00.000000 6066.527442730 456.815744582 -2822.059591402 3.27543199133 -0.72638465791 6.93621219327
2024-10-23T23:33:00.000000 6248.467506402 412.180770834 -2399.485705635 2.78678971912 -0.76086052519 7.14399827550
2024-10-23T23:34:00.000000 6400.671971572 365.584585213 -1965.459893237 2.28463794785 -0.79173177003 7.31778486262
2024-10-23T23:35:00.000000 6522.401631617 317.248084717 -1522.048995042 1.77136683103 -0.81884726287 7.45670345149
2024-10-23T23:36:00.000000 6613.062610786 267.400718917 -1071.366968656 1.24942829907 -0.84207314605 7.56005332855
2024-10-23T23:37:00.000000 6672.209646011 216.279406864 -615.564637402 0.72132178897 -0.86129470296 7.62730692935
2024-10-23T23:38:00.000000 6699.548516414 164.127353524 -156.819224795 0.18958047937 -0.87641695432 7.65811203804
2024-10-23T23:39:00.000000 6694.937708712 111.192886710 302.676183983 -0.34323988985 -0.88736412473 7.65229204333
2024-10-23T23:40:00.000000 6658.389546266 57.728298825 760.723286273 -0.87456974911 -0.89407998623 7.60985140128
2024-10-23T23:41:00.000000 6590.070438962 3.988634303 1215.129590257 -1.40184539758 -0.89652929297 7.53097884476
2024-10-23T23:42:00.000000 6490.300023281 -49.769601987 1663.719387867 -1.92252588659 -0.89469859403 7.41604392945
2024-10-23T23:43:00.000000 6359.549426187 -103.289751206 2104.344329567 -2.43410289775 -0.88859634964 7.26558823711
2024-10-23T23:44:00.000000 6198.439170854 -156.316319258 2534.893781290 -2.93410719892 -0.87825246253 7.08032877222
2024-10-23T23:45:00.000000 6007.736251506 -208.596174611 2953.305464893 -3.42012964064 -0.86371569984 6.86115872277
2024-10-23T23:46:00.000000 5788.349992693 -259.879724488 3357.575594293 -3.88983559461 -0.84505561800 6.60913226892
2024-10-23T23:47:00.000000 5541.327508037 -309.922148496 3745.768330724 -4.34096824182 -0.82236113617 6.32546056157
2024-10-23T23:48:00.000000 5267.848672169 -358.484497730 4116.025149547 -4.77136068881 -0.79573915200 6.01150829641
2024-10-23T23:49:00.000000 4969.220438921 -405.334830741 4466.573913464 -5.17894657945 -0.76531714512 5.66878996761
2024-10-23T23:50:00.000000 4646.870264760 -450.249516173 4795.737587782 -5.56177730412 -0.73124366037 5.29895800529
2024-10-23T23:51:00.000000 4302.338874142 -493.014315933 5101.942102712 -5.91802688375 -0.69368297263 4.90379130106
2024-10-23T23:52:00.000000 3937.272659605 -533.425307381 5383.723698926 -6.24599987194 -0.65281455679 4.48518605509
2024-10-23T23:53:00.000000 3553.415732924 -571.289799638 5639.735713650 -6.54413553246 -0.60883350534 4.04514848898
2024-10-23T23:54:00.000000 3152.601541882 -606.427281657 5868.754964620 -6.81101895645 -0.56195053847 3.58578593072
2024-10-23T23:55:00.000000 2736.743893325 -638.670283851 6069.687323314 -7.04538558644 -0.51238892150 3.10929112561
2024-10-23T23:56:00.000000 2307.827986508 -667.865068433 6241.572714974 -7.24612219490 -0.46038365905 2.61793944215
2024-10-23T23:57:00.000000 1867.900887308 -693.872421235 6383.589728703 -7.41228088323 -0.40618352241 2.11407302860
2024-10-23T23:58:00.000000 1419.061708808 -716.568343566 6495.059073052 -7.54307397581 -0.35004631103 1.60008776837
2024-10-23T23:59:00.000000 963.451878154 -735.844559070 6575.446743360 -7.63787961046 -0.29223842170 1.07842820227
2024-10-24T00:00:00.000000 503.244995507 -751.609010724 6624.366528338 -7.69624816596 -0.23303352777 0.55157265349
2024-10-24T00:01:00.000000 40.636668304 -763.786242212 6641.581538753 -7.71789443583 -0.17271180939 0.02202148953
2024-10-24T00:02:00.000000 -422.165552844 -772.317810894 6627.005546060 -7.70270720597 -0.11155943980 -0.50770760887
2024-10-24T00:03:00.000000 -882.952644818 -777.162567407 6580.703425738 -7.65074801179 -0.04986671382 -1.03509707527
2024-10-24T00:04:00.000000 -1339.524401103 -778.296848076 6502.890866877 -7.56224893334 0.01207444760 -1.55763862120
2024-10-24T00:05:00.000000 -1789.699680418 -775.714512951 6393.933561711 -7.43761367193 0.07397153742 -2.07284270649
2024-10-24T00:06:00.000000 -2231.326694751 -769.427026142 6254.345677259 -7.27741665294 0.13553061292 -2.57825159691
2024-10-24T00:07:00.000000 -2662.293159355 -759.463441464 6084.787598629 -7.08239924555 0.19645964567 -3.07145060396
2024-10-24T00:08:00.000000 -3080.536228522 -745.870260465 5886.063126797 -6.85346847827 0.25646919801 -3.55007567503
2024-10-24T00:09:00.000000 -3484.052421857 -728.711263598 5659.116032664 -6.59169517337 0.31527256163 -4.01182758619
2024-10-24T00:10:00.000000 -3870.907266706 -708.067329953 5405.025803096 -6.29830793573 0.37258739614 -4.45448291641
2024-10-24T00:11:00.000000 -4239.244679532 -684.036034312 5125.002883851 -5.97469113512 0.42813957034 -4.87590153436
2024-10-24T00:12:00.000000 -4587.296226875 -656.731181970 4820.383266025 -5.62238033227 0.48166183832 -5.27404120530
2024-10-24T00:13:00.000000 -4913.389941412 -626.282434265 4492.622228933 -5.24305452883 0.53289366092 -5.64697095213
2024-10-24T00:14:00.000000 -5215.958500117 -592.834687853 4143.287192597 -4.83852005166 0.58158852160 -5.99288227732
2024-10-24T00:15:00.000000 -5493.546853109 -556.547278956 3774.050579480 -4.41071443136 0.62751044522 -6.31008737254
2024-10-24T00:16:00.000000 -5744.819812977 -517.593384292 3386.681845723 -3.96169160973 0.67043532048 -6.59704028217
2024-10-24T00:17:00.000000 -5968.568654938 -476.159171391 2983.038926644 -3.49361227888 0.71015415845 -6.85233908735
2024-10-24T00:18:00.000000 -6163.717288582 -432.442911219 2565.059382071 -3.00873637962 0.74647245543 -7.07473229727
2024-10-24T00:19:00.000000 -6329.328042686 -386.653979820 2134.750993958 -2.50941360460 0.77921603541 -7.26313374125
2024-10-24T00:20:00.000000 -6464.606292454 -339.011657194 1694.181670333 -1.99806197193 0.80822654495 -7.41662397344
2024-10-24T00:21:00.000000 -6568.904649591 -289.744365695 1245.469376449 -1.47716974769 0.83335940592 -7.53445792144
2024-10-24T00:22:00.000000 -6641.726334313 -239.088492875 790.771192188 -0.94926295504 0.85449464505 -7.61607321168
2024-10-24T00:23:00.000000 -6682.727226231 -187.286971734 332.272949684 -0.41690759003 0.87153234526 -7.66107738446
2024-10-24T00:24:00.000000 -6691.718032512 -134.588221037 -127.821732106 0.11730809912 0.88439024053 -7.66926941116
2024-10-24T00:25:00.000000 -6668.664903043 -81.244968373 -587.302595899 0.65079128801 0.89300757846 -7.64062824805
2024-10-24T00:26:00.000000 -6613.689581841 -27.512917981 -1043.963595676 1.18095021780 0.89734545245 -7.57531722193
2024-10-24T00:27:00.000000 -6527.068765817 26.350554464 -1495.614171215 1.70521574430 0.89738730400 -7.47368753878
2024-10-24T00:28:00.000000 -6409.232239639 80.087701350 -1940.090225170 2.22105585388 0.89313704827 -7.33626985707
2024-10-24T00:29:00.000000 -6260.760226936 133.441644041 -2375.264775409 2.72598956449 0.88461975107 -7.16376901514
2024-10-24T00:30:00.000000 -6082.380142783 186.157648705 -2799.058241298 3.21759310246 0.87188195393 -6.95706062659
2024-10-24T00:31:00.000000 -5874.962698936 237.984400106 -3209.448708003 3.69351764333 0.85499084328 -6.71718996057
2024-10-24T00:32:00.000000 -5639.516859249 288.675194013 -3604.481653368 4.15150337917 0.83403265869 -6.44535530399
2024-10-24T00:33:00.000000 -5377.184554330 337.989093693 -3982.278946598 4.58937965959 0.80911396357 -6.14290589331
2024-10-24T00:34:00.000000 -5089.234786340 385.692206743 -4341.047920279 5.00508560204 0.78036248648 -5.81133825053
2024-10-24T00:35:00.000000 -4777.056649312 431.558773424 -4679.089525702 5.39667703908 0.74792070331 -5.45227449216
2024-10-24T00:36:00.000000 -4442.152474990 475.372046495 -4994.805823765 5.76232613344 0.71194721962 -5.06746280752
2024-10-24T00:37:00.000000 -4086.130421494 516.925302570 -5286.707336527 6.10033439236 0.67261741396 -4.65876843008
2024-10-24T00:38:00.000000 -3710.696489755 556.022824202 -5553.419761526 6.40914031964 0.63012247837 -4.22816354516
2024-10-24T00:39:00.000000 -3317.646077946 592.480795448 -5793.690049694 6.68732644478 0.58466771582 -3.77771578104
2024-10-24T00:40:00.000000 -2908.855188977 626.128097800 -6006.391792249 6.93362428004 0.53647070831 -3.30957723412
2024-10-24T00:41:00.000000 -2486.271331115 656.807002531 -6190.529910255 7.14691848884 0.48576020914 -2.82597052145
2024-10-24T00:42:00.000000 -2051.904481063 684.373847248 -6345.244589489 7.32624248210 0.43277625532 -2.32918261978
2024-10-24T00:43:00.000000 -1607.817858707 708.699695859 -6469.815127785 7.47079102920 0.37776969944 -1.82156065753
2024-10-24T00:44:00.000000 -1156.117994939 729.670915381 -6563.662772364 7.57992249683 0.32099850259 -1.30548554419
2024-10-24T00:45:00.000000 -698.945376153 747.189482213 -6626.352659043 7.65314852326 0.26272589005 -0.78337436690
2024-10-24T00:46:00.000000 -238.464900911 761.173415384 -6657.595886155 7.69014401890 0.20322315081 -0.25767339190
2024-10-24T00:47:00.000000 223.144075221 771.557211333 -6657.250912689 7.69075330767 0.14276813817 0.26915538414
2024-10-24T00:48:00.000000 683.697853150 778.292189386 -6625.323888576 7.65498594128 0.08164299990 0.79465202660
2024-10-24T00:49:00.000000 1141.018204160 781.346646095 -6561.968342846 7.58301466852 0.02013173276 1.31636566147
2024-10-24T00:50:00.000000 1592.942075372 780.705997220 -6467.484349521 7.47517186517 -0.04147960105 1.83186284553
2024-10-24T00:51:00.000000 2037.331180209 776.372812238 -6342.317409349 7.33195239089 -0.10290497573 2.33873110392
2024-10-24T00:52:00.000000 2472.081928258 768.366847059 -6187.056656496 7.15401606407 -0.16385803259 2.83459891728
2024-10-24T00:53:00.000000 2895.134914329 756.725002874 -6002.432047126 6.94217525485 -0.22405347226 3.31714319398
2024-10-24T00:54:00.000000 3304.484094557 741.501244099 -5789.311392603 6.69739643926 -0.28320831331 3.78409347244
2024-10-24T00:55:00.000000 3698.186066388 722.766396264 -5548.696940933 6.42080183483 -0.34104385525 4.23324083776
2024-10-24T00:56:00.000000 4074.369441083 700.607838518 -5281.721228006 6.11366828022 -0.39728673378 4.66245445229
2024-10-24T00:57:00.000000 4431.243803458 675.129169815 -4989.641939207 5.77741641671 -0.45167083085 5.06969470423
2024-10-24T00:58:00.000000 4767.108106463 646.449658948 -4673.836235511 5.41360368153 -0.50393928076 5.45301996668
2024-10-24T00:59:00.000000 5080.358699082 614.703736257 -4335.794633790 5.02391793018 -0.55384401213 5.81059435087
2024-10-24T01:00:00.000000 5369.497003722 580.040418399 -3977.114483897 4.61017343540 -0.60114706176 6.14069430856
2024-10-24T01:01:00.000000 5633.136964081 542.622667789 -3599.492899567 4.17430531333 -0.64562159484 6.44171960444
2024-10-24T01:02:00.000000 5870.012049008 502.626693910 -3204.719060364 3.71836104790 -0.68705326749 6.71220321175
2024-10-24T01:03:00.000000 6078.981707886 460.241152706 -2794.665927481 3.24449052872 -0.72524147613 6.95082120893
2024-10-24T01:04:00.000000 6259.037104666 415.666350552 -2371.281444034 2.75493286524 -0.75999857748 7.15639758285
2024-10-24T01:05:00.000000 6409.306441392 369.113369352 -1936.579632957 2.25201671742 -0.79115403413 7.32790908332
2024-10-24T01:06:00.000000 6529.059846013 320.802945088 -1492.630852680 1.73813935593 -0.81855609178 7.46450100043
2024-10-24T01:07:00.000000 6617.713003569 270.964420304 -1041.551819397 1.21575565408 -0.84206972760 7.56548345909
2024-10-24T01:08:00.000000 6674.830456365 219.834666296 -585.495453641 0.68736944569 -0.86157951443 7.63034103454
2024-10-24T01:09:00.000000 6700.127953103 167.656913886 -126.640291290 0.15551490916 -0.87698821814 7.65873453435
2024-10-24T01:10:00.000000 6693.474031088 114.679669247 332.819999038 -0.37724993680 -0.88821813396 7.65049963267
2024-10-24T01:11:00.000000 6654.891152729 61.155459868 790.687352386 -0.90835556219 -0.89521264820 7.60565528114
2024-10-24T01:12:00.000000 6584.555757081 7.339604178 1244.770378277 -1.43524233405 -0.89793522265 7.52440406389
2024-10-24T01:13:00.000000 6482.797196916 -46.511003261 1692.895162855 -1.95537375927 -0.89637032298 7.40712479508
2024-10-24T01:14:00.000000 6350.096184914 -100.139201884 2132.915747902 -2.46624274682 -0.89052454938 7.25437104625
2024-10-24T01:15:00.000000 6187.082626083 -153.288875008 2562.724657944 -2.96538575256 -0.88042569110 7.06687157583
2024-10-24T01:16:00.000000 5994.532568051 -205.706165042 2980.263329998 -3.45039749020 -0.86612158334 6.84552727842
2024-10-24T01:17:00.000000 5773.364265922 -257.140735194 3383.532249208 -3.91894500558 -0.84768165543 6.59140405831
2024-10-24T01:18:00.000000 5524.633534984 -307.347020201 3770.600603448 -4.36877724314 -0.82519513958 6.30572529397
2024-10-24T01:19:00.000000 5249.528548355 -356.085360995 4139.615604633 -4.79773531753 -0.79876973536 5.98986744963
2024-10-24T01:20:00.000000 4949.363952456 -403.123134469 4488.811489027 -5.20376462363 -0.76853224694 5.64535359646
2024-10-24T01:21:00.000000 4625.574230235 -448.235879728 4816.517957548 -5.58492573889 -0.73462774017 5.27384012736
2024-10-24T01:22:00.000000 4279.706770263 -491.208352962 5121.167943684 -5.93939626330 -0.69721839454 4.87711272580
2024-10-24T01:23:00.000000 3913.414329521 -531.835586472 5401.305284258 -6.26548877782 -0.65648442473 4.45707882993
2024-10-24T01:24:00.000000 3528.446726400 -569.923866650 5655.591470835 -6.56165561533 -0.61262006240 4.01575141969
2024-10-24T01:25:00.000000 3126.642372694 -605.291543941 5882.811720233 -6.82649158618 -0.56583377281 3.55524045521
2024-10-24T01:26:00.000000 2709.919582176 -637.769953009 6081.880611171 -7.05874043713 -0.51634951419 3.07774633617
2024-10-24T01:27:00.000000 2280.267344922 -667.204245312 6251.847131949 -7.25730351258 -0.46440370359 2.58554676057
2024-10-24T01:28:00.000000 1839.735755148 -693.454135058 6391.898873723 -7.42124189863 -0.41024506076 2.08098179778
2024-10-24T01:29:00.000000 1390.426569716 -716.394560127 6501.365606440 -7.54977357643 -0.35413210971 1.56645155558
2024-10-24T01:30:00.000000 934.483366420 -735.916226138 6579.722734986 -7.64228875524 -0.29633113971 1.04440572686
2024-10-24T01:31:00.000000 474.081200572 -751.925968835 6626.593514754 -7.69834550233 -0.23711413972 0.51732209564
2024-10-24T01:32:00.000000 11.416660894 -764.347206381 6641.750719667 -7.71767022776 -0.17676149702 -0.01229457888
2024-10-24T01:33:00.000000 -451.302465387 -773.120359492 6625.117843999 -7.70016265560 -0.11555950947 -0.54192727863
2024-10-24T01:34:00.000000 -911.867539770 -778.203162299 6576.769502068 -7.64589502566 -0.05379828896 -1.06905763535
2024-10-24T01:35:00.000000 -1368.079434822 -779.570793724 6496.931114747 -7.55511124035 0.00823083109 -1.59117904058
2024-10-24T01:36:00.000000 -1817.758728568 -777.215985317 6385.977993116 -7.42822522326 0.07023376840 -2.10580293991
2024-10-24T01:37:00.000000 -2258.756027358 -771.149173429 6244.433845277 -7.26582307586 0.13191520690 -2.61047415684
2024-10-24T01:38:00.000000 -2688.962108329 -761.398456263 6072.968400422 -7.06865692853 0.19298188803 -3.10278163423
2024-10-24T01:39:00.000000 -3106.317825745 -748.009473847 5872.394571255 -6.83764470989 0.25314249717 -3.58036542138
2024-10-24T01:40:00.000000 -3508.824082143 -731.045176193 5643.664911321 -6.57386790998 0.31211216177 -4.04093345070
2024-10-24T01:41:00.000000 -3894.551303864 -710.585472617 5387.867301970 -6.27856295341 0.36960905537 -4.48226717311
2024-10-24T01:42:00.000000 -4261.648860894 -686.727105501 5106.220252471 -5.95312405362 0.42535552866 -4.90223413784
2024-10-24T01:43:00.000000 -4608.354249021 -659.583186349 4800.067269924 -5.59909284483 0.47908340555 -5.29880152823
2024-10-24T01:44:00.000000 -4933.001712532 -629.282656152 4470.870625476 -5.21815168995 0.53053365383 -5.67004487496
2024-10-24T01:45:00.000000 -5234.030532799 -595.969687152 4120.204596914 -4.81211873441 0.57945726752 -6.01415704419
2024-10-24T01:46:00.000000 -5509.992943211 -559.803095609 3749.748039707 -4.38293882061 0.62561586531 -6.32946081718
2024-10-24T01:47:00.000000 -5759.561422284 -520.955557781 3361.276358423 -3.93267409355 0.66878621959 -6.61441664704
2024-10-24T01:48:00.000000 -5981.535455691 -479.612693678 2956.652941871 -3.46349382775 0.70875978667 -6.86763231419
2024-10-24T01:49:00.000000 -6174.847694863 -435.972217884 2537.820169285 -2.97766668087 0.74534216321 -7.08786946187
2024-10-24T01:50:00.000000 -6338.569442290 -390.243030720 2106.789705744 -2.47754126393 0.77835542729 -7.27405678836
2024-10-24T01:51:00.000000 -6471.915045191 -342.644151207 1665.632664083 -1.96553795602 0.80763984690 -7.42528463758
2024-10-24T01:52:00.000000 -6574.246099419 -293.403726604 1216.469573622 -1.44414149680 0.83305115120 -7.54081690979
2024-10-24T01:53:00.000000 -6645.074853036 -242.757943537 761.459878521 -0.91588750199 0.85446672889 -7.62009330158
2024-10-24T01:54:00.000000 -6684.066853165 -190.949654430 302.791150299 -0.38334706031 0.87178610920 -7.66273730598
2024-10-24T01:55:00.000000 -6691.042563938 -138.227192768 -157.332048236 0.15089041519 0.88492694137 -7.66855952710
2024-10-24T01:56:00.000000 -6665.977946553 -84.843273589 -616.699235470 0.68423063147 0.89382608292 -7.63755055788
2024-10-24T01:57:00.000000 -6609.004692949 -31.053715763 -1073.104924574 1.21408105022 0.89844307025 -7.56988821239
2024-10-24T01:58:00.000000 -6520.409412914 22.883827854 -1524.359991046 1.73787396716 0.89875765285 -7.46593991551
2024-10-24T01:59:00.000000 -6400.631445877 76.711223705 -1968.302716118 2.25308676219 0.89477395565 -7.32624789324
2024-10-24T02:00:00.000000 -6250.260155241 130.171230556 -2402.809051764 2.75724376743 0.88651736204 -7.15152692532
2024-10-24T02:01:00.000000 -6070.031683363 183.008760554 -2825.802921411 3.24792864452 0.87403406947 -6.94266031474
2024-10-24T02:02:00.000000 -5860.825149178 234.972077033 -3235.266287287 3.72279482779 0.85738933884 -6.70069899289
2024-10-24T02:03:00.000000 -5623.657929481 285.813951662 -3629.249054823 4.17958329517 0.83666888390 -6.42685512983
2024-10-24T02:04:00.000000 -5359.679951301 335.292952469 -4005.878331930 4.61613533465 0.81197941547 -6.12248769574
2024-10-24T02:05:00.000000 -5070.167555124 383.174548806 -4363.367010323 5.03039757522 0.78344387423 -5.78909603574
2024-10-24T02:06:00.000000 -4756.516965269 429.232087932 -4700.021904139 5.42042792966 0.75120245615 -5.42831093691
2024-10-24T02:07:00.000000 -4420.237330337 473.247876450 -5014.251507055 5.78440625895 0.71541323429 -5.04188897115
2024-10-24T02:08:00.000000 -4062.943162728 515.014193910 -5304.573215726 6.12064171903 0.67625043516 -4.63170236341
2024-10-24T02:09:00.000000 -3686.346348059 554.334243055 -5569.620009712 6.42758074138 0.63390380377 -4.19972986975
2024-10-24T02:10:00.000000 -3292.247691722 591.023040407 -5808.146505737 6.70381382232 0.58857712023 -3.74804543831
2024-10-24T02:11:00.000000 -2882.528103043 624.908230886 -6019.034339215 6.94808146864 0.54048749091 -3.27880700514
2024-10-24T02:12:00.000000 -2459.139475336 655.830852993 -6201.296761383 7.15927606543 0.48986401358 -2.79424175889
2024-10-24T02:13:00.000000 -2024.095658968 683.646048145 -6354.082633327 7.33644175160 0.43694742253 -2.29664236601
2024-10-24T02:14:00.000000 -1579.463090751 708.223622406 -6476.680077974 7.47878152621 0.38198514777 -1.78835610851
2024-10-24T02:15:00.000000 -1127.351214878 729.448477126 -6568.519433345 7.58565980082 0.32523372462 -1.27177401654
2024-10-24T02:16:00.000000 -669.902751831 747.221210787 -6629.175447842 7.65660161022 0.26695971154 -0.74931759948
2024-10-24T02:17:00.000000 -209.284092930 761.458679084 -6658.369046782 7.69129541072 0.20743754505 -0.22343632715
2024-10-24T02:18:00.000000 252.324755664 772.094291115 -6655.968490117 7.68959770855 0.14694421427 0.30341079300
2024-10-24T02:19:00.000000 712.740097734 779.078165556 -6621.989598510 7.65152851457 0.08576020516 0.82876572286
2024-10-24T02:20:00.000000 1169.784268871 782.377418289 -6556.595474907 7.57726944367 0.02417119496 1.35017786704
2024-10-24T02:21:00.000000 1621.295415951 781.976307210 -6460.095757778 7.46716485653 -0.03753784494 1.86521548467
2024-10-24T02:22:00.000000 2065.137109373 777.876199879 -6332.945295679 7.32171869943 -0.09908054927 2.37147043629
2024-10-24T02:23:00.000000 2499.208066463 770.095756855 -6175.742402453 7.14159790926 -0.16016771945 2.86657223924
2024-10-24T02:24:00.000000 2921.451692457 758.670892496 -5989.226148511 6.92762397414 -0.22051390614 3.34819958437
2024-10-24T02:25:00.000000 3329.865326120 743.654584218 -5774.273407897 6.68077473042 -0.27983555972 3.81408150730
2024-10-24T02:26:00.000000 3722.509791084 725.116677373 -5531.895388402 6.40218691474 -0.33785471786 4.26201480695
2024-10-24T02:27:00.000000 4097.518627074 703.143527738 -5263.233118048 6.09314708579 -0.39429863315 4.68987718063
2024-10-24T02:28:00.000000 4453.106820850 677.837682047 -4969.552228316 5.75508122858 -0.44890076266 5.09563739080
2024-10-24T02:29:00.000000 4787.579075015 649.317463806 -4652.237495360 5.38955454673 -0.50140175244 5.47735797667
2024-10-24T02:30:00.000000 5099.337987107 617.716527667 -4312.786746594 4.99826320416 -0.55155031715 5.83320856673
2024-10-24T02:31:00.000000 5386.891753936 583.183288335 -3952.804280365 4.58303050588 -0.59910621062 6.16147274664
2024-10-24T02:32:00.000000 5648.861592994 545.880194591 -3573.993653970 4.14579886824 -0.64384187308 6.46055948181
2024-10-24T02:33:00.000000 5883.988659724 505.982976794 -3178.149937478 3.68862251888 -0.68554237292 6.72901138837
2024-10-24T02:34:00.000000 6091.140383442 463.679865448 -2767.151366559 3.21365393964 -0.72400531610 6.96551385529
2024-10-24T02:35:00.000000 6269.316223874 419.170923264 -2342.950764384 2.72314246839 -0.75903992282 7.16889743048
2024-10-24T02:36:00.000000 6417.653220759 372.667009680 -1907.566376399 2.21942069963 -0.79047853247 7.33815117569
2024-10-24T02:37:00.000000 6535.430561731 324.388417313 -1463.072334042 1.70489352268 -0.81817110992 7.47242523986
2024-10-24T02:38:00.000000 6622.073554631 274.564255309 -1011.588555002 1.18202305397 -0.84197597449 7.57104470869
2024-10-24T02:39:00.000000 6677.156494464 223.431386552 -555.270213101 0.65331230478 -0.86177702342 7.63350782414
2024-10-24T02:40:00.000000 6700.404970042 171.233040998 -96.297413975 0.12129895744 -0.87747724706 7.65948674404
2024-10-24T02:41:00.000000 6691.697465480 118.217703691 363.135335128 -0.41145910366 -0.88899895956 7.64882887495
2024-10-24T02:42:00.000000 6651.066349272 64.637892344 820.829772513 -0.94239369316 -0.89628465189 7.60156295959
2024-10-24T02:43:00.000000 6578.697977059 10.749112514 1274.594835166 -1.46894141819 -0.89929313477 7.51790061159
2024-10-24T02:44:00.000000 6474.931942886 -43.191444230 1722.257731972 -1.98856246528 -0.89801012388 7.39823820923
2024-10-24T02:45:00.000000 6340.259037042 -96.926357172 2161.674638590 -2.49875654323 -0.89244064673 7.24314256063
2024-10-24T02:46:00.000000 6175.318975302 -150.199104466 2590.740887097 -2.99706225474 -0.88261087430 7.05335489293
2024-10-24T02:47:00.000000 5980.897357514 -202.755356692 3007.401535923 -3.48108065145 -0.86856659782 6.82978844647
2024-10-24T02:48:00.000000 5757.921644277 -254.344121819 3409.661369926 -3.94848446717 -0.85037426052 6.57352054491
2024-10-24T02:49:00.000000 5507.456430774 -304.719036679 3795.594547115 -4.39703092231 -0.82812093517 6.28578488824
2024-10-24T02:50:00.000000 5230.698187962 -353.639505603 4163.353781065 -4.82456795624 -0.80191191571 5.96796549767
2024-10-24T02:51:00.000000 4928.969566276 -400.871863713 4511.179276458 -5.22904442855 -0.77187347381 5.62159416211
2024-10-24T02:52:00.000000 4603.712826536 -446.190658580 4837.407344878 -5.60852655711 -0.73815232334 5.24834013402
2024-10-24T02:53:00.000000 4256.482553925 -489.379735989 5140.478243051 -5.96120423820 -0.70091137783 4.84999777075
2024-10-24T02:54:00.000000 3888.938090326 -530.233184490 5418.943535123 -6.28539808403 -0.66032894511 4.42848172876
2024-10-24T02:55:00.000000 3502.835313307 -568.556230100 5671.472933765 -6.57957031224 -0.61659805240 3.98581305058
2024-10-24T02:56:00.000000 3100.018044751 -604.166131630 5896.860314287 -6.84232790875 -0.56992671690 3.52410795122
2024-10-24T02:57:00.000000 2682.409230045 -636.893079814 6094.029152815 -7.07242720946 -0.52053794634 3.04556862798
2024-10-24T02:58:00.000000 2252.001868372 -666.581030469 6262.037421786 -7.26877760482 -0.46866678634 2.55247510557
2024-10-24T02:59:00.000000 1810.849613001 -693.088351582 6400.081963682 -7.43044835994 -0.41455894141 2.04717347245
2024-10-24T03:00:00.000000 1361.057175200 -716.288525668 6507.502116662 -7.55666949457 -0.35847248779 1.53206715600
2024-10-24T03:01:00.000000 904.770387744 -736.070802882 6583.782869662 -7.64684030302 -0.30067383783 1.00960454320
2024-10-24T03:02:00.000000 444.166124361 -752.340595566 6628.557206264 -7.70052769360 -0.24143599207 0.48226969805
2024-10-24T03:03:00.000000 -18.557935639 -765.019969529 6641.607899119 -7.71747077304 -0.18104070776 -0.04743132934
2024-10-24T03:04:00.000000 -481.193570084 -774.048068270 6622.868498621 -7.69757979840 -0.11977491401 -0.57697975902
2024-10-24T03:05:00.000000 -941.532410462 -779.381356467 6572.423756380 -7.64093932971 -0.05792903454 -1.10385725324
2024-10-24T03:06:00.000000 -1397.376268594 -780.993800503 6490.509182788 -7.54780358425 0.00420437121 -1.62555757023
2024-10-24T03:07:00.000000 -1846.547345461 -778.876966166 6377.510170041 -7.41859888845 0.06633102352 -2.13959304929
2024-10-24T03:08:00.000000 -2286.898593262 -773.040110283 6233.960387288 -7.25392247434 0.12815609911 -2.64351126304
2024-10-24T03:09:00.000000 -2716.323754815 -763.510148330 6060.539408381 -7.05453733343 0.18938545605 -3.13490187666
2024-10-24T03:10:00.000000 -3132.767425088 -750.331650401 5858.069883159 -6.82137528857 0.24972526752 -3.61140892078
2024-10-24T03:11:00.000000 -3534.235002477 -733.566684419 5627.513755872 -6.55552884307 0.30888687247 -4.07074727565
2024-10-24T03:12:00.000000 -3918.802018711 -713.294434168 5369.967891901 -6.25824443663 0.36658826865 -4.51070448707
2024-10-24T03:13:00.000000 -4284.623572467 -689.610818774 5086.659425183 -5.93092660601 0.42255353102 -4.92915473027
2024-10-24T03:14:00.000000 -4629.943459646 -662.628134138 4778.940048513 -5.57512618527 0.47651294985 -5.32407242447
2024-10-24T03:15:00.000000 -4953.102851911 -632.474597327 4448.279782009 -5.19253698207 0.52820606651 -5.69354162338
2024-10-24T03:16:00.000000 -5252.548577817 -599.293711240 4096.260012428 -4.78498575847 0.57738449483 -6.03576735873
2024-10-24T03:17:00.000000 -5526.840787877 -563.243448736 3724.565965593 -4.35442068649 0.62381362679 -6.34908400006
2024-10-24T03:18:00.000000 -5774.660027254 -524.495583148 3334.978891944 -3.90290787733 0.66726767664 -6.63195796252
2024-10-24T03:19:00.000000 -5994.814265061 -483.235174848 2929.367609620 -3.43262476991 0.70752997626 -6.88300679070
2024-10-24T03:20:00.000000 -6186.245005460 -439.659802418 2509.679245841 -2.94584468614 0.74440221178 -7.10100292597
2024-10-24T03:21:00.000000 -6348.032787263 -393.978264543 2077.929679021 -2.44492503675 0.77770718719 -7.28488349804
2024-10-24T03:22:00.000000 -6479.401742157 -346.409531735 1636.193562436 -1.93229393521 0.80728316320 -7.43375312401
2024-10-24T03:23:00.000000 -6579.723549834 -297.181747592 1186.594064509 -1.41043892218 0.83298668357 -7.54689061866
2024-10-24T03:24:00.000000 -6648.520581201 -246.531066679 731.292343975 -0.88189350657 0.85469396843 -7.62375119648
2024-10-24T03:25:00.000000 -6685.468336279 -194.700503781 272.476904552 -0.34922717891 0.87230042230 -7.66396884411
2024-10-24T03:26:00.000000 -6690.397275384 -141.938681254 -187.647324472 0.18496746777 0.88572434577 -7.66736313334
2024-10-24T03:27:00.000000 -6663.293595162 -88.498455218 -646.870221674 0.71809458759 0.89490520222 -7.63394110476
2024-10-24T03:28:00.000000 -6604.299017838 -34.635749809 -1102.987666592 1.24756809626 0.89980226349 -7.56389564181
2024-10-24T03:29:00.000000 -6513.709700482 19.391769721 -1553.812604126 1.77082883040 0.90039764009 -7.45760132286
2024-10-24T03:30:00.000000 -6391.974302653 73.325970582 -1997.185768548 2.28535416815 0.89669383198 -7.31560995953
2024-10-24T03:31:00.000000 -6239.691388740 126.909477419 -2430.986262449 2.78867205844 0.88871309594 -7.13864743822
2024-10-24T03:32:00.000000 -6057.606078393 179.886830212 -2853.141826803 3.27837123926 0.87649748627 -6.92760870929
2024-10-24T03:33:00.000000 -5846.606015874 232.005730164 -3261.638872523 3.75211450788 0.86011025047 -6.68355335465
2024-10-24T03:34:00.000000 -5607.716560471 283.018285238 -3654.532116537 4.20764980306 0.83963489770 -6.40769750194
2024-10-24T03:35:00.000000 -5342.095404649 332.682194504 -4029.953825486 4.64282045427 0.81517402953 -6.10140897382
2024-10-24T03:36:00.000000 -5051.026459149 380.761875514 -4386.122630611 5.05557718377 0.78684909643 -5.76619669764
2024-10-24T03:37:00.000000 -4735.913216611 427.029592493 -4721.351692969 5.44398434012 0.75480006978 -5.40370180453
2024-10-24T03:38:00.000000 -4398.271668480 471.266544015 -5034.056445119 5.80622938814 0.71918462230 -5.01569059786
2024-10-24T03:39:00.000000 -4039.722644475 513.263892100 -5322.761777198 6.14063126195 0.68017689132 -4.60404352158
2024-10-24T03:40:00.000000 -3661.983745545 552.823695261 -5586.108595966 6.44564669819 0.63796588288 -4.17074592454
2024-10-24T03:41:00.000000 -3266.860818971 589.759791230 -5822.859766809 6.71987784501 0.59275487564 -3.71787508513
2024-10-24T03:42:00.000000 -2856.239249653 623.898574728 -6031.905327851 6.96207209965 0.54475908447 -3.24759274301
2024-10-24T03:43:00.000000 -2432.074958921 655.079744320 -6212.267317875 7.17113169873 0.49420679505 -2.76213345872
2024-10-24T03:44:00.000000 -1996.385162781 683.157053910 -6363.103658583 7.34611072621 0.44133806487 -2.26379199356
2024-10-24T03:45:00.000000 -1551.239131430 707.998987640 -6483.711725613 7.48622237790 0.38640332169 -1.75492004097
2024-10-24T03:46:00.000000 -1098.748396505 729.489273559 -6573.531223967 7.59084311763 0.32965991849 -1.23790738455
2024-10-24T03:47:00.000000 -641.057214859 747.527318343 -6632.146260891 7.65950664070 0.27137382559 -0.71517797326
2024-10-24T03:48:00.000000 -180.332851191 762.028749838 -6659.287228091 7.69191326484 0.21181865285 -0.18918129237
2024-10-24T03:49:00.000000 281.244494635 772.925703733 -6654.831829260 7.68793083462 0.15127101415 0.33762488205
2024-10-24T03:50:00.000000 741.491502334 780.167053351 -6618.805196126 7.64758687540 0.09001262216 0.86278355687
2024-10-24T03:51:00.000000 1198.231440998 783.718717205 -6551.379760565 7.57107422286 0.02832914228 1.38384498134
2024-10-24T03:52:00.000000 1649.303990323 783.563767286 -6452.874323463 7.45874565174 -0.03349335517 1.89838099217
2024-10-24T03:53:00.000000 2092.574679362 779.702516108 -6323.752677242 7.31111088405 -0.09516579204 2.40398626539
2024-10-24T03:54:00.000000 2525.944576285 772.152655914 -6164.622087630 7.12884547425 -0.15639920443 2.89828735133
2024-10-24T03:55:00.000000 2947.360166376 760.949084387 -5976.230771208 6.91278657050 -0.21690905060 3.37896173560
2024-10-24T03:56:00.000000 3354.822816904 746.143683162 -5759.464487739 6.66392538716 -0.27641334078 3.84374803199
2024-10-24T03:57:00.000000 3746.397908577 727.805182169 -5515.342682713 6.38340392597 -0.33463279791 4.29045301447
2024-10-24T03:58:00.000000 4120.223780872 706.018949627 -5245.014149755 6.07251189677 -0.39129242531 4.71695973144
2024-10-24T03:59:00.000000 4474.520513313 680.886650381 -4949.752142112 5.73268335008 -0.44612429955 5.12123833801
2024-10-24T04:00:00.000000 4807.598421435 652.525803978 -4630.948838353 5.36549118770 -0.49886800123 5.50135602886
2024-10-24T04:01:00.000000 5117.866230852 621.069283850 -4290.109241531 4.97264205569 -0.54927234887 5.85548654051
2024-10-24T04:02:00.000000 5403.838920938 586.664740437 -3928.844445232 4.55596944426 -0.59709613376 6.18192163773
2024-10-24T04:03:00.000000 5664.145032681 549.473962501 -3548.864279064 4.11742383332 -0.64210965755 6.47907950860
2024-10-24T04:04:00.000000 5897.533435542 509.672128661 -3151.969514531 3.65906443215 -0.68409622540 6.74551150745
2024-10-24T04:05:00.000000 6102.879669453 467.447042305 -2740.043686484 3.18305340010 -0.72285198593 6.97990915089
2024-10-24T04:06:00.000000 6279.191865010 422.998285818 -2315.044360326 2.69164615511 -0.75818847115 7.18111486646
2024-10-24T04:07:00.000000 6425.615970093 376.536277341 -1878.993829222 2.18717926388 -0.78993296252 7.34812973212
2024-10-24T04:08:00.000000 6541.440248108 328.281297541 -1433.969418693 1.67205786216 -0.81792968248 7.48011887864
2024-10-24T04:09:00.000000 6626.099046962 278.462442836 -982.093529188 1.14874467523 -0.84204066091 7.57641561944
2024-10-24T04:10:00.000000 6679.175909673 227.316529859 -525.523358524 0.61974752406 -0.86214669028 7.63652746020
2024-10-24T04:11:00.000000 6700.405830530 175.086951774 -66.440391647 0.08760508151 -0.87814780797 7.66013729719
2024-10-24T04:12:00.000000 6689.676790009 122.022503212 392.960154683 -0.44512355859 -0.88996410339 7.64710505681
2024-10-24T04:13:00.000000 6647.030628440 68.376151822 850.480062213 -0.97587120613 -0.89753646078 7.59747124820
2024-10-24T04:14:00.000000 6572.663076231 14.403786524 1303.928986825 -1.50207792802 -0.90082664103 7.51145751509
2024-10-24T04:15:00.000000 6466.922909322 -39.637056068 1751.135280152 -2.02120437381 -0.89981805530 7.38946553715
2024-10-24T04:16:00.000000 6330.310249522 -93.488491664 2189.956734747 -2.53074704049 -0.89451577105 7.23207343170
2024-10-24T04:17:00.000000 6163.474224933 -146.893578000 2618.291044665 -3.02824426595 -0.88494550629 7.04003496997
2024-10-24T04:18:00.000000 5967.209802368 -199.597442546 3034.086457206 -3.51130041592 -0.87115046832 6.81427812754
2024-10-24T04:19:00.000000 5742.453493623 -251.348411880 3435.351707812 -3.97759341240 -0.85319507765 6.55589075111
2024-10-24T04:20:00.000000 5490.278717782 -301.899379484 3820.165533586 -4.42488352243 -0.83116677351 6.26611786819
2024-10-24T04:21:00.000000 5211.890467593 -351.009107394 4186.685981712 -4.85102717083 -0.80517311952 5.94635616846
2024-10-24T04:22:00.000000 4908.619259397 -398.443322245 4533.159166636 -5.25398438937 -0.77533850830 5.59814369931
2024-10-24T04:23:00.000000 4581.914721536 -443.975741989 4857.927633617 -5.63182671438 -0.74180515380 5.22315592373
2024-10-24T04:24:00.000000 4233.338540020 -487.389162705 5159.438388374 -5.98274921569 -0.70473356913 4.82319765803
2024-10-24T04:25:00.000000 3864.556727824 -528.476576341 5436.250339976 -6.30508084470 -0.66430276547 4.40019232057
2024-10-24T04:26:00.000000 3477.331341577 -567.042190325 5687.041052892 -6.59729216366 -0.62070721537 3.95616941362
2024-10-24T04:27:00.000000 3073.511838794 -602.902300655 5910.612743650 -6.85800005976 -0.57415500442 3.49325296057
2024-10-24T04:28:00.000000 2655.026160985 -635.886062434 6105.897631576 -7.08597151488 -0.52486681141 3.01365034241
2024-10-24T04:29:00.000000 2223.871722606 -665.836256043 6271.962717819 -7.28012513204 -0.47307578879 2.51964652782
2024-10-24T04:30:00.000000 1782.106028799 -692.609958874 6408.014207654 -7.43954013372 -0.41902532852 2.01359424781
2024-10-24T04:31:00.000000 1331.836913838 -716.079205194 6513.401181758 -7.56346022212 -0.36297073387 1.49790123086
2024-10-24T04:32:00.000000 875.212600462 -736.131699805 6587.618557348 -7.65129603355 -0.30517902938 0.97501917517
2024-10-24T04:33:00.000000 414.411610485 -752.671445931 6630.309338429 -7.70262644332 -0.24592540404 0.44743081618
2024-10-24T04:34:00.000000 -48.367305445 -765.619132601 6641.266272764 -7.71719937038 -0.18549118557 -0.08235620928
2024-10-24T04:35:00.000000 -510.915503935 -774.912515823 6620.433023811 -7.69493748523 -0.12416348141 -0.61182188239
2024-10-24T04:36:00.000000 -971.024886857 -780.506697071 6567.904426476 -7.63593546325 -0.06223320135 -1.13844887674
2024-10-24T04:37:00.000000 -1426.498155935 -782.374326110 6483.926089865 -7.54045908976 0.00000572025 -1.65972994816
2024-10-24T04:38:00.000000 -1875.159176028 -780.505745093 6368.893489126 -7.40894817058 0.06225794242 -2.17317966544
2024-10-24T04:39:00.000000 -2314.863273560 -774.908999247 6223.350144848 -7.24200971148 0.12422888032 -2.67634974846
2024-10-24T04:40:00.000000 -2743.507160720 -765.609788142 6047.985320571 -7.04041791976 0.18562439606 -3.16683180702
2024-10-24T04:41:00.000000 -3159.039101481 -752.651451257 5843.631138050 -6.80511516499 0.24615103269 -3.64227543314
2024-10-24T04:42:00.000000 -3559.468715004 -736.094846286 5611.258771867 -6.53720444519 0.30551877432 -4.10039688679
2024-10-24T04:43:00.000000 -3942.876563177 -716.018071309 5351.974084926 -6.23794531388 0.36344306551 -4.53899225505
2024-10-24T04:44:00.000000 -4307.423307385 -692.516116126 5067.012663710 -5.90874879205 0.41964584429 -4.95594256300
2024-10-24T04:45:00.000000 -4651.358850295 -665.700365401 4757.734414785 -5.55117875687 0.47385903905 -5.34922559121
2024-10-24T04:46:00.000000 -4973.031271576 -635.698046792 4425.617053567 -5.16693880746 0.52582168659 -5.71693855058
2024-10-24T04:47:00.000000 -5270.894743928 -602.651879213 4072.248990969 -4.75786361459 0.57527905489 -6.05729708461
2024-10-24T04:48:00.000000 -5543.516944612 -566.719462917 3699.321591896 -4.32589557793 0.62199157902 -6.36864886991
2024-10-24T04:49:00.000000 -5789.585732529 -528.072386853 3308.622236189 -3.87310830034 0.66572998937 -6.64945053085
2024-10-24T04:50:00.000000 -6007.917739307 -486.895543465 2902.026142532 -3.40171134403 0.70628483259 -6.89832858552
2024-10-24T04:51:00.000000 -6197.464157859 -443.385780944 2481.485330699 -2.91397226155 0.74346143311 -7.11408404972
2024-10-24T04:52:00.000000 -6357.314732325 -397.751427139 2049.019874155 -2.41225138220 0.77707592718 -7.29565480255
2024-10-24T04:53:00.000000 -6486.703432937 -350.211161406 1606.708174853 -1.89898734807 0.80696636788 -7.44216036321
2024-10-24T04:54:00.000000 -6585.012117988 -300.992858271 1156.676184224 -1.37667040602 0.83298778190 -7.55289427570
2024-10-24T04:55:00.000000 -6651.773571296 -250.332513266 701.087013396 -0.84783886054 0.85501563006 -7.62732667624
2024-10-24T04:56:00.000000 -6686.673812366 -198.472942879 242.130079910 -0.31505955793 0.87294599463 -7.66511014984
2024-10-24T04:57:00.000000 -6689.553470467 -145.662674107 -217.989782076 0.21908210367 0.88669309330 -7.66607867591
2024-10-24T04:58:00.000000 -6660.408510366 -92.154732786 -677.063298276 0.75199660761 0.89619286560 -7.63025013692
2024-10-24T04:59:00.000000 -6599.390027275 -38.205352265 -1132.887725694 1.28110424177 0.90140221801 -7.55782407357
2024-10-24T05:00:00.000000 -6506.803326739 15.927265601 -1583.277744542 1.80384684576 0.90229890163 -7.44918179406
2024-10-24T05:01:00.000000 -6383.106165649 69.984237981 -2026.076307066 2.31770315441 0.89888239333 -7.30488363627
2024-10-24T05:02:00.000000 -6228.906147279 123.707286179 -2459.165250052 2.82020152553 0.89117323350 -7.12566465334
2024-10-24T05:03:00.000000 -6044.957400614 176.839983721 -2880.475661507 3.30893153697 0.87921270526 -6.91243102199
2024-10-24T05:04:00.000000 -5832.156489766 229.129029936 -3287.998012634 3.78155812582 0.86306381332 -6.66625465278
2024-10-24T05:05:00.000000 -5591.537499056 280.325533789 -3679.791851964 4.23583430821 0.84281020207 -6.38836481024
2024-10-24T05:06:00.000000 -5324.266428983 330.186206694 -4053.994979824 4.66961120741 0.81855476668 -6.08013916297
2024-10-24T05:07:00.000000 -5031.635068159 378.474471989 -4408.832124143 5.08084634519 0.79041832457 -5.74309656071
2024-10-24T05:08:00.000000 -4715.054302340 424.961568124 -4742.623169025 5.46761391797 0.75854052780 -5.37888809782
2024-10-24T05:09:00.000000 -4376.046872809 469.427626545 -5053.790734772 5.82811183505 0.72307792577 -4.98928540613
2024-10-24T05:10:00.000000 -4016.239852141 511.662698754 -5340.867200780 6.16066619240 0.68420472456 -4.57617535963
2024-10-24T05:11:00.000000 -3637.356540676 551.467738269 -5602.501401467 6.46374461717 0.64210924507 -4.14154954822
2024-10-24T05:12:00.000000 -3241.207909037 588.655392946 -5837.464439952 6.73595754461 0.59699344973 -3.68749113719
2024-10-24T05:13:00.000000 -2829.683852699 623.050853629 -6044.654952381 6.97606471019 0.54907314438 -3.21616577976
2024-10-24T05:14:00.000000 -2404.744133892 654.492625501 -6223.103652880 7.18297716065 0.49857595602 -2.72980853880
2024-10-24T05:15:00.000000 -1968.409374788 682.833217678 -6371.977310803 7.35575626379 0.44574167909 -2.23071990325
2024-10-24T05:16:00.000000 -1522.751654201 707.939900260 -6490.582497063 7.49362686830 0.39082120733 -1.72125523044
2024-10-24T05:17:00.000000 -1069.884746185 729.695171980 -6578.368271297 7.59597328123 0.33407149400 -1.20380827586
2024-10-24T05:18:00.000000 -611.954521783 747.997202772 -6634.928347345 7.66234204038 0.27575826753 -0.68080513955
2024-10-24T05:19:00.000000 -151.129114873 762.760364185 -6660.002733330 7.69244557366 0.21615509473 -0.15469410356
2024-10-24T05:20:00.000000 310.411043385 773.915554952 -6653.478565347 7.68615941645 0.15553919038 0.37207017878
2024-10-24T05:21:00.000000 770.482878718 781.410457352 -6615.390438087 7.64352186373 0.09419284113 0.89702879504
2024-10-24T05:22:00.000000 1226.910556782 785.209791576 -6545.920141547 7.56473390833 0.03240144643 1.41773620478
2024-10-24T05:23:00.000000 1677.535004502 785.295489066 -6445.395765701 7.45015449485 -0.02954715683 1.93176085134
2024-10-24T05:24:00.000000 2120.223661504 781.666731970 -6314.290671892 7.30030883414 -0.09136568540 2.43669514948
2024-10-24T05:25:00.000000 2552.880422469 774.339977260 -6153.221518987 7.11588611218 -0.15276582381 2.93017279553
2024-10-24T05:26:00.000000 2973.455231287 763.348922945 -5962.945378618 6.89773041906 -0.21346149841 3.40988007979
2024-10-24T05:27:00.000000 3379.953268951 748.744371765 -5744.356520990 6.64683956162 -0.27316860033 3.87355909277
2024-10-24T05:28:00.000000 3770.444170699 730.594071076 -5498.482708209 6.36436329361 -0.33160685357 4.31901957391
2024-10-24T05:29:00.000000 4143.071036046 708.982440220 -5226.480874989 6.05160044710 -0.38850075211 4.74414793374
2024-10-24T05:30:00.000000 4496.059271070 684.010267559 -4929.632150653 5.70999453086 -0.44358056911 5.14691983113
2024-10-24T05:31:00.000000 4827.725061673 655.794298326 -4609.336219833 5.34112718174 -0.49658437995 5.52540906338
2024-10-24T05:32:00.000000 5136.483519725 624.466722930 -4267.105167388 4.94671332148 -0.54725948460 5.87779704355
2024-10-24T05:33:00.000000 5420.856453685 590.174590371 -3904.556695836 4.52859306911 -0.59536346151 6.20238314740
2024-10-24T05:34:00.000000 5679.479639898 553.079159160 -3523.406812496 4.08872407343 -0.64066527278 6.49759259805
2024-10-24T05:35:00.000000 5911.109644647 513.355178623 -3125.462014472 3.62917349748 -0.68294649947 6.76198526376
2024-10-24T05:36:00.000000 6114.630117470 471.190092225 -2712.610978868 3.15210893036 -0.72200256073 6.99426304979
2024-10-24T05:37:00.000000 6289.057573642 426.783186029 -2286.815808621 2.65978989400 -0.75764341028 7.19327805443
2024-10-24T05:38:00.000000 6433.546573915 380.344686519 -1850.102789262 2.15455668392 -0.78969464474 7.35803969035
2024-10-24T05:39:00.000000 6547.394270489 332.094780517 -1404.552758858 1.63882012552 -0.81799889601 7.48772137087
2024-10-24T05:40:00.000000 6630.044258905 282.262556092 -952.291063223 1.11504853979 -0.84241693529 7.58166696359
2024-10-24T05:41:00.000000 6681.089612135 231.084889909 -495.477193212 0.58575379544 -0.86282850767 7.63939487076
2024-10-24T05:42:00.000000 6700.275094634 178.805303844 -36.294265499 0.05347870449 -0.87913231679 7.66059947090
2024-10-24T05:43:00.000000 6687.498683509 125.672810392 423.061629998 -0.47921486299 -0.89124689561 7.64515441173
2024-10-24T05:44:00.000000 6642.812286728 71.940691355 880.392227282 -1.00975986744 -0.89911139949 7.59311353442
2024-10-24T05:45:00.000000 6566.421676271 17.865261839 1333.507915372 -1.53559685646 -0.90268566078 7.50471176394
2024-10-24T05:46:00.000000 6458.685569508 -36.295394996 1780.238607044 -2.05418975355 -0.90195098689 7.38036421199
2024-10-24T05:47:00.000000 6320.113828241 -90.282717157 2218.444399710 -2.56303809982 -0.89691003877 7.22066144787
2024-10-24T05:48:00.000000 6151.364987491 -143.838930186 2646.026053430 -3.05968897504 -0.88758629755 7.02636793966
2024-10-24T05:49:00.000000 5953.242990498 -196.708284290 3060.935304681 -3.54175032424 -0.87402381587 6.79841751662
2024-10-24T05:50:00.000000 5726.693182679 -248.638294090 3461.184867487 -4.00690273575 -0.85628729420 6.53790796166
2024-10-24T05:51:00.000000 5472.797621128 -299.380955222 3844.858101119 -4.45291048132 -0.83446122454 6.24609555843
2024-10-24T05:52:00.000000 5192.769664056 -348.693927821 4210.118337352 -4.87763476119 -0.80865020364 5.92438795272
2024-10-24T05:53:00.000000 4887.947867348 -396.341780783 4555.217635250 -5.27904187592 -0.77897987685 5.57433394684
2024-10-24T05:54:00.000000 4559.789468811 -442.097210826 4878.505120408 -5.65521191239 -0.74559494090 5.19761960506
2024-10-24T05:55:00.000000 4209.863105727 -485.742077367 5178.434938374 -6.00435274865 -0.70865580230 4.79605655888
2024-10-24T05:56:00.000000 3839.841059846 -527.068366586 5453.573381010 -6.32480230895 -0.66834011030 4.37157078030
2024-10-24T05:57:00.000000 3451.491213896 -565.879215215 5702.605571051 -6.61503726068 -0.62484116527 3.92619528920
2024-10-24T05:58:00.000000 3046.668575955 -601.989779839 5924.341590322 -6.87367792911 -0.57836626473 3.46206131911
2024-10-24T05:59:00.000000 2627.306426738 -635.228034984 6117.722090158 -7.09949577266 -0.52913524407 2.98138818187
2024-10-24T06:00:00.000000 2195.407028026 -665.435538599 6281.823301346 -7.29142170167 -0.47738100713 2.48647353521
2024-10-24T06:01:00.000000 1753.031874163 -692.468166419 6415.861263440 -7.44855079397 -0.42334781040 1.97967775595
2024-10-24T06:02:00.000000 1302.291767985 -716.196827674 6519.195109810 -7.57014318569 -0.36729242162 1.46340747038
2024-10-24T06:03:00.000000 845.337157109 -736.508114794 6591.329655996 -7.65561808202 -0.30948019087 0.94011317872
2024-10-24T06:04:00.000000 384.348286090 -753.304770319 6631.917942561 -7.70456428482 -0.25018426408 0.41228218415
2024-10-24T06:05:00.000000 -78.475086651 -766.506182211 6640.762959164 -7.71674276774 -0.18968628340 -0.11757649415
2024-10-24T06:06:00.000000 -540.924049463 -776.048827891 6617.818575033 -7.69208710215 -0.12827361745 -0.64694457231
2024-10-24T06:07:00.000000 -1000.790827901 -781.886549272 6563.189795827 -7.63070176072 -0.06623775156 -1.17330357083
2024-10-24T06:08:00.000000 -1455.879157863 -783.990792623 6477.132508706 -7.53286689903 -0.00387358113 -1.69414566180
2024-10-24T06:09:00.000000 -1904.014766414 -782.350720787 6360.052261021 -7.39903317388 0.05852344903 -2.20699147845
2024-10-24T06:10:00.000000 -2343.055397424 -776.973240933 6212.502433645 -7.22981805909 0.12065746159 -2.70939363591
2024-10-24T06:11:00.000000 -2770.900920748 -767.882974458 6035.181996990 -7.02600772255 0.18223398001 -3.19894904350
2024-10-24T06:12:00.000000 -3185.503329593 -755.122195046 5828.932463875 -6.78855311001 0.24295904000 -3.67331097861
2024-10-24T06:13:00.000000 -3584.876568845 -738.750743518 5594.734176457 -6.51856739605 0.30254156628 -4.13020068266
2024-10-24T06:14:00.000000 -3967.106077650 -718.845790145 5333.701902302 -6.21731993055 0.36069512352 -4.56741726633
2024-10-24T06:15:00.000000 -4330.358110539 -695.501517676 5047.079897266 -5.88623497387 0.41713957203 -4.98284765968
2024-10-24T06:16:00.000000 -4672.888892577 -668.828651270 4736.236181917 -5.52688542739 0.47160379658 -5.37448188386
2024-10-24T06:17:00.000000 -4993.053174771 -638.953916577 4402.656016995 -5.14098086310 0.52382565304 -5.74042263894
2024-10-24T06:18:00.000000 -5289.312235127 -606.019459447 4047.934991610 -4.73036210700 0.57355355444 -6.07889182294
2024-10-24T06:19:00.000000 -5560.241457696 -570.182211600 3673.771485594 -4.29698937416 0.62054575440 -6.38824053553
2024-10-24T06:20:00.000000 -5804.537461071 -531.613280090 3281.959001379 -3.84294504591 0.66457271414 -6.66695051563
2024-10-24T06:21:00.000000 -6021.025311612 -490.497136269 2874.377650923 -3.37042647087 0.70541811710 -6.91365548738
2024-10-24T06:22:00.000000 -6208.664885054 -447.030655337 2452.984466466 -2.88172266970 0.74288638520 -7.12715887640
2024-10-24T06:23:00.000000 -6366.555506806 -401.421895407 2019.803520129 -2.37919474170 0.77679903992 -7.30642127631
2024-10-24T06:24:00.000000 -6493.940379717 -353.889161199 1576.916360818 -1.86527576119 0.80699248036 -7.45056695836
2024-10-24T06:25:00.000000 -6590.210790955 -304.660197789 1126.451986140 -1.34246763038 0.83331671336 -7.55889409280
2024-10-24T06:26:00.000000 -6654.909560007 -253.971126865 670.575804294 -0.81331336561 0.85564310215 -7.63089035917
2024-10-24T06:27:00.000000 -6687.732757673 -202.065134392 211.478557693 -0.28037809502 0.87386472644 -7.66622183152
2024-10-24T06:28:00.000000 -6688.531030417 -149.191191413 -248.634295846 0.25375211688 0.88789545801 -7.66473349414
2024-10-24T06:29:00.000000 -6657.310433408 -95.602817069 -707.553530609 0.78648620973 0.89767004320 -7.62645471825
2024-10-24T06:30:00.000000 -6594.232234842 -41.556793401 -1163.077186851 1.31524367412 0.90314503400 -7.55159834792
2024-10-24T06:31:00.000000 -6499.611837107 12.688149231 -1613.021560133 1.83747005560 0.90429870364 -7.44055907044
2024-10-24T06:32:00.000000 -6373.916856166 66.872581873 -2055.231919659 2.35064678288 0.90112979501 -7.29390801115
2024-10-24T06:33:00.000000 -6217.764646630 120.737678794 -2487.593134115 2.85230446171 0.89365912377 -7.11239335310
2024-10-24T06:34:00.000000 -6031.918833788 174.026415622 -2908.040126246 3.34003903638 0.88192610386 -6.89693431889
2024-10-24T06:35:00.000000 -5817.285005227 226.484764037 -3314.567919280 3.81152453749 0.86599151528 -6.64861364853
2024-10-24T06:36:00.000000 -5574.905685793 277.863002976 -3705.241140705 4.26452316325 0.84593773342 -6.36866683936
2024-10-24T06:37:00.000000 -5305.954937842 327.916912537 -4078.203023884 4.69688999772 0.82186575901 -6.05847900261
2024-10-24T06:38:00.000000 -5011.732313345 376.408958710 -4431.684259752 5.10658915944 0.79389756755 -5.71957754116
2024-10-24T06:39:00.000000 -4693.656079196 423.109477218 -4764.011158236 5.49170045678 0.76217270821 -5.35362156244
2024-10-24T06:40:00.000000 -4353.256007123 467.797641427 -5073.613341182 5.85042906204 0.72684628280 -4.96239396773
2024-10-24T06:41:00.000000 -3992.165540726 510.262415573 -5359.030788186 6.18111434222 0.68808967912 -4.54778759151
2024-10-24T06:42:00.000000 -3612.113809758 550.303561745 -5618.920152399 6.48222859657 0.64609147418 -4.11179941730
2024-10-24T06:43:00.000000 -3214.917211577 587.732607939 -5852.060868445 6.75239255603 0.60105443775 -3.65652125976
2024-10-24T06:44:00.000000 -2802.470429138 622.373607538 -6057.360257574 6.99037538864 0.55319349193 -3.18412325052
2024-10-24T06:45:00.000000 -2376.737455377 654.063891149 -6233.858050725 7.19509877997 0.50273615011 -2.69684680199
2024-10-24T06:46:00.000000 -1939.742348285 682.654799705 -6380.730288222 7.36563874695 0.44992189187 -2.19699270578
2024-10-24T06:47:00.000000 -1493.559978472 708.012382878 -6497.292642001 7.50122537809 0.39500112475 -1.68691391854
2024-10-24T06:48:00.000000 -1040.306633705 730.017958231 -6583.003495629 7.60125110094 0.33823176610 -1.16901249702
2024-10-24T06:49:00.000000 -582.129968351 748.568532553 -6637.466240872 7.66527627439 0.27987952955 -0.64571672565
2024-10-24T06:50:00.000000 -121.199147224 763.577294458 -6660.430518426 7.69302332348 0.22021716357 -0.11947227567
2024-10-24T06:51:00.000000 340.304839946 774.973951860 -6651.793106713 7.68437649828 0.15952287170 0.40726277950
2024-10-24T06:52:00.000000 800.199025852 782.705056945 -6611.598288935 7.63938443784 0.09807963426 0.93203272721
2024-10-24T06:53:00.000000 1256.308116052 786.734251446 -6540.037486611 7.55825535244 0.03617351791 1.45238797898
2024-10-24T06:54:00.000000 1706.474320120 787.042346219 -6437.448685659 7.44136408586 -0.02590909652 1.96589640017
2024-10-24T06:55:00.000000 2148.567184042 783.627407236 -6304.314939362 7.28924724254 -0.08787938193 2.47015528506
2024-10-24T06:56:00.000000 2580.493342926 776.504842658 -6141.262291070 7.10260308038 -0.14944858897 2.96280372875
2024-10-24T06:57:00.000000 3000.205952290 765.707349612 -5949.056978690 6.88228410490 -0.21032922791 3.44152987379
2024-10-24T06:58:00.000000 3405.713989648 751.284807074 -5728.602264542 6.62929781926 -0.27023638335 3.90408028243
2024-10-24T06:59:00.000000 3795.091402643 733.304088185 -5480.934641537 6.34480217120 -0.32888846073 4.34826836076
2024-10-24T07:00:00.000000 4166.486139691 711.848840838 -5207.219571416 6.03010589247 -0.38600833252 4.77198404941
2024-10-24T07:01:00.000000 4518.129094591 687.019137279 -4908.746443298 5.68666337092 -0.44132600494 5.17320863098
2024-10-24T07:02:00.000000 4848.342555173 658.931014353 -4586.922812935 5.31606580427 -0.49457925294 5.55002300208
2024-10-24T07:03:00.000000 5155.548261958 627.715999010 -4243.268177221 4.92003593939 -0.54551422881 5.90061655475
2024-10-24T07:04:00.000000 5438.275090008 593.520559478 -3879.407196525 4.50042112647 -0.59388694369 6.22329576459
2024-10-24T07:05:00.000000 5695.166342242 556.505473161 -3497.062419766 4.05918726063 -0.63946473024 6.51649284234
2024-10-24T07:06:00.000000 5924.986636509 516.845097985 -3098.046420916 3.59841045401 -0.68202762719 6.77877646966
2024-10-24T07:07:00.000000 6126.628180484 474.726599806 -2684.253347523 3.12026580274 -0.72136897365 7.00885987084
2024-10-24T07:08:00.000000 6299.116416989 430.349084080 -2257.650081098 2.62701808558 -0.75729769521 7.20560631906
2024-10-24T07:09:00.000000 6441.615155324 383.922641609 -1820.267015679 2.12101284995 -0.78963871010 7.36803696495
2024-10-24T07:10:00.000000 6553.431032735 335.667374818 -1374.188346862 1.60466310063 -0.81823353631 7.49533812400
2024-10-24T07:11:00.000000 6634.017168999 285.812361487 -921.542060784 1.08043706100 -0.84294174580 7.58686399198
2024-10-24T07:12:00.000000 6682.976238978 234.594550750 -464.489759139 0.55084993723 -0.86364135545 7.64214134691
2024-10-24T07:13:00.000000 6700.062851203 182.257637351 -5.216073945 0.01844796093 -0.88022967885 7.66087589428
2024-10-24T07:14:00.000000 6685.184977983 129.050888021 454.082069502 -0.51420468707 -0.89262375726 7.64295256889
2024-10-24T07:15:00.000000 6638.404661331 75.227932537 911.206293502 -1.04453910845 -0.90076122576 7.58843829086
2024-10-24T07:16:00.000000 6559.937820941 21.045516912 1363.967690342 -1.56999747206 -0.90460060006 7.49758117732
2024-10-24T07:17:00.000000 6450.153215205 -33.237756230 1810.197573772 -2.08804446622 -0.90412156765 7.37080703235
2024-10-24T07:18:00.000000 6309.570737611 -87.362720762 2247.758160827 -2.59618056175 -0.89932564812 7.20871990406
2024-10-24T07:19:00.000000 6138.858784434 -141.070919023 2674.553120214 -3.09195684397 -0.89023470552 7.01209630800
2024-10-24T07:20:00.000000 5938.830929498 -194.105829474 3088.537770908 -3.57298481055 -0.87689168671 6.78188086348
2024-10-24T07:21:00.000000 5710.441967671 -246.214150939 3487.729077019 -4.03694770663 -0.85936079090 6.51918348251
2024-10-24T07:22:00.000000 5454.783153166 -297.147041993 3870.215453582 -4.48161648236 -0.83772645761 6.22527420707
2024-10-24T07:23:00.000000 5173.076550144 -346.661331444 4234.166019916 -4.90486082592 -0.81209303622 5.90157157209
2024-10-24T07:24:00.000000 4866.668900494 -394.520677339 4577.839270314 -5.30465658507 -0.78258378313 5.54963482785
2024-10-24T07:25:00.000000 4537.025002315 -440.496696752 4899.591289584 -5.67909439410 -0.74934065981 5.17115665697
2024-10-24T07:26:00.000000 4185.720530865 -484.370052668 5197.883498927 -6.02638862406 -0.71252291828 4.76795385134
2024-10-24T07:27:00.000000 3814.434469381 -525.931460009 5471.289860132 -6.34488246330 -0.67230639919 4.34196032038
2024-10-24T07:28:00.000000 3424.941060948 -564.982690614 5718.503749991 -6.63305993005 -0.62888380176 3.89522043058
2024-10-24T07:29:00.000000 3019.101066043 -601.337518910 5938.344103995 -6.88955303483 -0.58246191488 3.42987311332
2024-10-24T07:30:00.000000 2598.852805979 -634.822568657 6129.760842993 -7.11314603393 -0.53326287255 2.94814417616
2024-10-24T07:31:00.000000 2166.202775060 -665.278238948 6291.839731294 -7.30278290747 -0.48152295582 2.45233359882
2024-10-24T07:32:00.000000 1723.215956109 -692.559420484 6423.806414291 -7.45757000276 -0.42748810375 1.94480172652
2024-10-24T07:33:00.000000 1272.006156751 -716.535983300 6525.029722795 -7.57677354642 -0.37141225675 1.42796057737
2024-10-24T07:34:00.000000 814.726273043 -737.093365553 6595.024621243 -7.65982568435 -0.31356039038 0.90426731253
2024-10-24T07:35:00.000000 353.558167507 -754.133172235 6633.454515442 -7.70632890089 -0.25420589605 0.37621045310
2024-10-24T07:36:00.000000 -109.297564821 -767.573637036 6640.132754708 -7.71605626924 -0.19362977988 -0.15370203979
2024-10-24T07:37:00.000000 -571.631826728 -777.350047598 6615.023529904 -7.68895142884 -0.13211890500 -0.68295151931
2024-10-24T07:38:00.000000 -1031.237312166 -783.415041330 6558.242239379 -7.62513138875 -0.06996501591 -1.20901827788
2024-10-24T07:39:00.000000 -1485.919023621 -785.738916323 6470.055072105 -7.52488825710 -0.00746443225 -1.72939903507
2024-10-24T07:40:00.000000 -1933.504519576 -784.309777073 6350.877673593 -7.38868184451 0.05508591205 -2.24161507345
2024-10-24T07:41:00.000000 -2371.854082101 -779.133557020 6201.273466647 -7.21714265381 0.11738881536 -2.74322241244
2024-10-24T07:42:00.000000 -2798.870772518 -770.233994073 6021.951154670 -7.01106572961 0.17914796937 -3.23182301775
2024-10-24T07:43:00.000000 -3212.510326807 -757.652584395 5813.761761885 -6.77141211492 0.24006809814 -3.70507309302
2024-10-24T07:44:00.000000 -3610.791072767 -741.448422686 5577.694959722 -6.49930612151 0.29985842518 -4.16069698487
2024-10-24T07:45:00.000000 -3991.803560424 -721.697875653 5314.874623891 -6.19603015723 0.35823379287 -4.59649900627
2024-10-24T07:46:00.000000 -4353.719880231 -698.494269659 5026.553639345 -5.86301841593 0.41491425163 -5.01037632411
2024-10-24T07:47:00.000000 -4694.802529933 -671.947555638 4714.108074666 -5.50184933585 0.46962537980 -5.40032681818
2024-10-24T07:48:00.000000 -5013.412907899 -642.183942303 4379.030841517 -5.11423937064 0.52210129892 -5.76446031126
2024-10-24T07:49:00.000000 -5308.019186905 -609.345135366 4022.924795066 -4.70203165730 0.57209038683 -6.10099993903
2024-10-24T07:50:00.000000 -5577.204412941 -573.587757844 3647.495775889 -4.26721222589 0.61934718167 -6.40829858165
2024-10-24T07:51:00.000000 -5819.674228969 -535.082677234 3254.543738519 -3.81187494991 0.66364412386 -6.68486313822
2024-10-24T07:52:00.000000 -6034.262849192 -494.013936094 2845.954020471 -3.33821309185 0.70476796302 -6.92934204005
2024-10-24T07:53:00.000000 -6219.939030410 -450.577988208 2423.688390728 -2.84851544335 0.74251895106 -7.14054136544
2024-10-24T07:54:00.000000 -6375.811358311 -404.982806256 1989.775389615 -2.34515296357 0.77671334819 -7.31742983139
2024-10-24T07:55:00.000000 -6501.132893224 -357.446844308 1546.300357846 -1.83056776138 0.80718539508 -7.45914673611
2024-10-24T07:56:00.000000 -6595.304998565 -308.197990002 1095.395047062 -1.30725951936 0.83378662523 -7.56500643506
2024-10-24T07:57:00.000000 -6657.880428004 -257.472436361 639.226939865 -0.77777169457 0.85638909755 -7.63450443168
2024-10-24T07:58:00.000000 -6688.565406307 -205.513455217 179.988337158 -0.24467468360 0.87488444088 -7.66731743650
2024-10-24T07:59:00.000000 -6687.220952862 -152.570223987 -280.114490114 0.28944379725 0.88918447581 -7.66330340500
2024-10-24T08:00:00.000000 -6653.863626475 -98.896547674 -738.872269222 0.82198930570 0.89922385948 -7.62250559333
2024-10-24T08:01:00.000000 -6588.665239263 -44.749436015 -1194.083937650 1.35038536726 0.90496001150 -7.54515224350
2024-10-24T08:02:00.000000 -6491.951428754 9.612076427 -1643.567383252 1.87208033315 0.90636799032 -7.43164736514
2024-10-24T08:03:00.000000 -6364.199979083 63.928050973 -2085.170188980 2.38455808607 0.90344313136 -7.28257661996
2024-10-24T08:04:00.000000 -6206.038103935 117.938937755 -2516.780343339 2.88535569996 0.89620328261 -7.09869981226
2024-10-24T08:05:00.000000 -6018.238908700 171.386919473 -2936.336505006 3.37207513753 0.88468782011 -6.88094522826
2024-10-24T08:06:00.000000 -5801.717171242 224.017149090 -3341.837907873 3.84239324500 0.86895679422 -6.63040280705
2024-10-24T08:07:00.000000 -5557.524580500 275.579061051 -3731.353954514 4.29407168111 0.84909265846 -6.34832132931
2024-10-24T08:08:00.000000 -5286.844160042 325.827603541 -4103.033643704 4.72497435288 0.82519589535 -6.03610296847
2024-10-24T08:09:00.000000 -4990.983723879 374.524280534 -4455.114221838 5.13307749562 0.79738544210 -5.69528443445
2024-10-24T08:10:00.000000 -4671.369139864 421.438352878 -4785.928990548 5.51647084880 0.76580031767 -5.32753086004
2024-10-24T08:11:00.000000 -4329.537225148 466.347922616 -5093.914937728 5.87336852409 0.73059594151 -4.93463155847
2024-10-24T08:12:00.000000 -3967.127990712 509.040904664 -5377.619781058 6.20211678567 0.69194407150 -4.51848596550
2024-10-24T08:13:00.000000 -3585.876671966 549.316011807 -5635.708365816 6.50119737069 0.65003265790 -4.08109900778
2024-10-24T08:14:00.000000 -3187.605097848 586.983658804 -5866.968697957 6.76924291339 0.60506347198 -3.62456640303
2024-10-24T08:15:00.000000 -2774.212786826 621.866770851 -6070.316844304 7.00503047352 0.55725180012 -3.15106186032
2024-10-24T08:16:00.000000 -2347.668096427 653.801558523 -6244.801609418 7.20749053223 0.50682465841 -2.66283357259
2024-10-24T08:17:00.000000 -1909.998830645 682.638168691 -6389.608460265 7.37571006123 0.45401988683 -2.16218633256
2024-10-24T08:18:00.000000 -1463.283042713 708.241394708 -6504.062715431 7.50892772440 0.39908793114 -1.65147822439
2024-10-24T08:19:00.000000 -1009.639528706 730.491362698 -6587.632726715 7.60654952818 0.34228822134 -1.13311466727
2024-10-24T08:20:00.000000 -551.217688788 749.283916860 -6639.931922430 7.66814717829 0.28388559516 -0.60952402230
2024-10-24T08:21:00.000000 -90.187833903 764.531035941 -6660.719993670 7.69345214828 0.22415325544 -0.08315308092
2024-10-24T08:22:00.000000 371.268523154 776.161297636 -6649.903829149 7.68235986713 0.16337060226 0.44354100552
2024-10-24T08:23:00.000000 830.968412577 784.120174217 -6607.537796077 7.63492664412 0.10182126340 0.96809924376
2024-10-24T08:24:00.000000 1286.737292164 788.370225030 -6533.823648308 7.55137704900 0.03979078487 1.48807177733
2024-10-24T08:25:00.000000 1736.418899816 788.891200320 -6429.109510789 7.43209538456 -0.02243295036 2.00102874858
2024-10-24T08:26:00.000000 2177.885025234 785.680208539 -6293.888555551 7.27763302234 -0.08455996896 2.50456959143
2024-10-24T08:27:00.000000 2609.045279696 778.751695955 -6128.796590486 7.08869672089 -0.14630234033 2.99634032221
2024-10-24T08:28:00.000000 3027.856264444 768.137381781 -5934.609325490 6.86614727912 -0.20737206235 3.47403255726
2024-10-24T08:29:00.000000 3432.330925050 753.886233915 -5712.239319918 6.61100150796 -0.26748263189 3.93539521231
2024-10-24T08:30:00.000000 3820.547817382 736.064309049 -5462.732207745 6.32442938165 -0.32635123897 4.37824518681
2024-10-24T08:31:00.000000 4190.660232888 714.754476306 -5187.262264576 6.00775108246 -0.38370051263 4.80047989232
2024-10-24T08:32:00.000000 4540.904979043 690.056054167 -4887.127212600 5.66242894089 -0.43925969150 5.20008821463
2024-10-24T08:33:00.000000 4869.610727819 662.084392391 -4563.742534744 5.29006226856 -0.49276518331 5.57515742837
2024-10-24T08:34:00.000000 5175.206092407 630.970419647 -4218.635258845 4.89238186734 -0.54396163101 5.92388360622
2024-10-24T08:35:00.000000 5456.227334450 596.860099567 -3853.437184497 4.47124452943 -0.59260331235 6.24458004784
2024-10-24T08:36:00.000000 5711.325712931 559.913813211 -3469.877491991 4.02862468860 -0.63845587872 6.53568898151
2024-10-24T08:37:00.000000 5939.274242827 520.305607111 -3069.774787648 3.56660534246 -0.68129825779 6.79578878078
2024-10-24T08:38:00.000000 6138.973929453 478.222385734 -2655.028650245 3.08736777281 -0.72092292851 7.02360297325
2024-10-24T08:39:00.000000 6309.459368207 433.863088207 -2227.610778853 2.59318259018 -0.75713649981 7.21800501169
2024-10-24T08:40:00.000000 6449.903877824 387.437786664 -1789.555768772 2.08640146567 -0.78976164526 7.37802665910
2024-10-24T08:41:00.000000 6559.623950244 339.166658406 -1342.951332121 1.56944243734 -0.81863896483 7.50286624440
2024-10-24T08:42:00.000000 6638.082834112 289.278926697 -889.928243332 1.04477810470 -0.84362609628 7.59189052042
2024-10-24T08:43:00.000000 6684.893527708 238.011827577 -432.650076737 0.51492506551 -0.86459885993 7.64464026486
2024-10-24T08:44:00.000000 6699.821003663 185.609446915 26.697333646 -0.01756941027 -0.88145316120 7.66083332278
2024-10-24T08:45:00.000000 6682.783643067 132.321498130 485.916624661 -0.55014145711 -0.89410565399 7.64036752720
2024-10-24T08:46:00.000000 6633.853844648 78.402065922 942.809703288 -1.08022307045 -0.90249398408 7.58332110310
2024-10-24T08:47:00.000000 6553.257854119 24.108346462 1395.188614916 -1.60525646588 -0.90657663574 7.48995355149
2024-10-24T08:48:00.000000 6441.374737224 -30.300569325 1840.886377349 -2.12270781164 -0.90633191950 7.36070425999
2024-10-24T08:49:00.000000 6298.734494942 -84.564901258 2277.767685959 -2.63008190522 -0.90175882021 7.19618869661
2024-10-24T08:50:00.000000 6126.015411515 -138.425464906 2703.739308170 -3.12493265181 -0.89287833545 6.99719318365
2024-10-24T08:51:00.000000 5924.040850632 -191.625000759 3116.760296641 -3.60487224597 -0.87973344500 6.76467471283
2024-10-24T08:52:00.000000 5693.775263752 -243.909444363 3514.852225677 -4.06758901030 -0.86238754919 6.49975898201
2024-10-24T08:53:00.000000 5436.319078542 -295.029143971 3896.108955020 -4.51086353533 -0.84092419005 6.20372722152
2024-10-24T08:54:00.000000 5152.902991120 -344.740044830 4258.705612372 -4.93257382383 -0.81544633161 5.87800618817
2024-10-24T08:55:00.000000 4844.881932959 -392.804844292 4600.907182394 -5.33070233844 -0.78607612638 5.52416377213
2024-10-24T08:56:00.000000 4513.728467939 -438.994141833 4921.076777776 -5.70334694320 -0.75295459788 5.14390103288
2024-10-24T08:57:00.000000 4161.025706639 -483.087538094 5217.683375081 -6.04872629980 -0.71624080095 4.73904601456
2024-10-24T08:58:00.000000 3788.459540364 -524.874712285 5489.309292954 -6.36519813078 -0.67611124844 4.31154406116
2024-10-24T08:59:00.000000 3397.810290356 -564.156414894 5734.656636285 -6.65125732253 -0.63275853449 3.86344369019
2024-10-24T09:00:00.000000 2990.944129203 -600.745437530 5952.553394994 -6.90554827869 -0.58639136667 3.39688923343
2024-10-24T09:01:00.000000 2569.804048222 -634.467522460 6141.958768001 -7.12686676093 -0.53723169763 2.91410854110
2024-10-24T09:02:00.000000 2136.400638284 -665.162021284 6301.967908560 -7.31416460811 -0.48551141449 2.41740441734
2024-10-24T09:03:00.000000 1692.802529365 -692.682552281 6431.816139897 -7.46655625602 -0.43147456765 1.90914394922
2024-10-24T09:04:00.000000 1241.126539618 -716.897760137 6530.882372013 -7.58332081251 -0.37537756398 1.39174434161
2024-10-24T09:05:00.000000 783.527805839 -737.691964308 6598.691844877 -7.66390252745 -0.31748600794 0.86766510890
2024-10-24T09:06:00.000000 322.189688835 -754.965647156 6634.918387062 -7.70791701637 -0.25807306993 0.33939649431
2024-10-24T09:07:00.000000 -140.686455936 -768.635924410 6639.385787701 -7.71514827680 -0.19741984575 -0.19055360775
2024-10-24T09:08:00.000000 -602.891429787 -778.636953302 6612.068713480 -7.68555169498 -0.13581306289 -0.71966576014
2024-10-24T09:09:00.000000 -1062.218572821 -784.920266502 6553.093015827 -7.61925644503 -0.07354519534 -1.24542238483
2024-10-24T09:10:00.000000 -1516.474143279 -787.455089158 6462.735211401 -7.51656383931 -0.01091291890 -1.76532080452
2024-10-24T09:11:00.000000 -1963.487596996 -786.228482166 6341.421239344 -7.37794514810 0.05178602681 -2.27688432630
2024-10-24T09:12:00.000000 -2401.121720036 -781.245404917 6189.724661432 -7.20403987230 0.11425303822 -2.77767064080
2024-10-24T09:13:00.000000 -2827.282705207 -772.528717836 6008.364336727 -6.99565647154 0.17619015267 -3.26528059376
2024-10-24T09:14:00.000000 -3239.930356410 -760.119092609 5798.201303937 -6.75377140462 0.23730206980 -3.73737709479
2024-10-24T09:15:00.000000 -3637.087836334 -744.074808023 5560.234718019 -6.47951944377 0.29729720610 -4.19169457049
2024-10-24T09:16:00.000000 -4016.851020508 -724.471510639 5295.597329163 -6.17418913960 0.35588841388 -4.62604645772
2024-10-24T09:17:00.000000 -4377.397654527 -701.401910517 5005.550472294 -5.83921978216 0.41279419702 -5.03833489278
2024-10-24T09:18:00.000000 -4716.996259174 -674.975425082 4691.478539052 -5.47619869626 0.46773946149 -5.42655743138
2024-10-24T09:19:00.000000 -5034.015028009 -645.317667981 4354.882715382 -5.08685809958 0.52046046133 -5.78882726349
2024-10-24T09:20:00.000000 -5326.929979627 -612.569731225 3997.373679958 -4.67305937608 0.57070358204 -6.12338108473
2024-10-24T09:21:00.000000 -5594.332668941 -576.887726804 3620.663994692 -4.23679009292 0.61822276585 -6.42858914428
2024-10-24T09:22:00.000000 -5834.937260832 -538.442122514 3226.559724434 -3.78014769497 0.66278640859 -6.70296483440
2024-10-24T09:23:00.000000 -6047.586869691 -497.416749677 2816.951771650 -3.30533207880 0.70418091950 -6.94516796775
2024-10-24T09:24:00.000000 -6231.259449937 -454.007803770 2393.806841396 -2.81463660051 0.74220624782 -7.15401313144
2024-10-24T09:25:00.000000 -6385.073193077 -408.423134906 1959.157844630 -2.31043993190 0.77667551969 -7.32848134920
2024-10-24T09:26:00.000000 -6508.291122170 -360.881214518 1515.093671085 -1.79518878952 0.80742175224 -7.46772594204
2024-10-24T09:27:00.000000 -6600.324702731 -311.609959454 1063.748771656 -1.27138208628 0.83429687680 -7.57107428903
2024-10-24T09:28:00.000000 -6660.736742689 -260.845621304 607.292766469 -0.74156503383 0.85717102647 -7.63802840846
2024-10-24T09:29:00.000000 -6689.243850723 -208.831668007 147.919601788 -0.20831543243 0.87593438037 -7.66827675431
2024-10-24T09:30:00.000000 -6685.717726684 -155.817481003 -312.163670879 0.32577727494 0.89049904586 -7.66169244067
2024-10-24T09:31:00.000000 -6650.185579957 -102.057152672 -770.747839765 0.85812067387 0.90079590261 -7.61833181548
2024-10-24T09:32:00.000000 -6582.829759205 -47.808306017 -1225.632658270 1.38613908045 0.90677690253 -7.53843554643
2024-10-24T09:33:00.000000 -6483.986425578 6.669250730 -1674.637641157 1.90728204473 0.90841738604 -7.42242205756
2024-10-24T09:34:00.000000 -6354.143700084 61.114898597 -2115.612794938 2.41903746780 0.90571442415 -7.27088888102
2024-10-24T09:35:00.000000 -6193.938903532 115.268441809 -2546.449235646 2.91894632443 0.89868521879 -7.08460770651
2024-10-24T09:36:00.000000 -6004.155015716 168.871371848 -2965.089447380 3.40461403142 0.88736910870 -6.86451841186
2024-10-24T09:37:00.000000 -5785.716460298 221.668203605 -3369.537254888 3.87372268299 0.87182706645 -6.61172484036
2024-10-24T09:38:00.000000 -5539.684118375 273.407700464 -3757.867455306 4.32404345626 0.85213972756 -6.32748761512
2024-10-24T09:39:00.000000 -5267.249630124 323.844060203 -4128.234987104 4.75344873950 0.82840746775 -6.01321579004
2024-10-24T09:40:00.000000 -4969.728989328 372.738063016 -4478.883476665 5.15992183403 0.80074910151 -5.67045455250
2024-10-24T09:41:00.000000 -4648.555776128 419.858147320 -4808.153138175 5.54156080177 0.76930109180 -5.30087773477
2024-10-24T09:42:00.000000 -4305.274012443 464.981471282 -5114.488353142 5.89658819412 0.73421744833 -4.90628195353
2024-10-24T09:43:00.000000 -3941.530430848 507.894918890 -5396.444670801 6.22335823305 0.69566831485 -4.48857460887
2024-10-24T09:44:00.000000 -3559.066433030 548.396100536 -5652.695241769 6.52036277159 0.65384125303 -4.04976710517
2024-10-24T09:45:00.000000 -3159.709530429 586.294357180 -5882.036743742 6.78624077556 0.60893890981 -3.59196318086
2024-10-24T09:46:00.000000 -2745.364375435 621.411529740 -6083.394486157 7.01978207627 0.56117504193 -3.11734470508
2024-10-24T09:47:00.000000 -2318.003677694 653.582645776 -6255.826776731 7.21992861185 0.51077569392 -2.62816162339
2024-10-24T09:48:00.000000 -1879.659035076 682.656654633 -6398.528753556 7.38577580831 0.45797889670 -2.12672390717
2024-10-24T09:49:00.000000 -1432.411607592 708.497177596 -6510.835763346 7.51657699575 0.40303561537 -1.61539355053
2024-10-24T09:50:00.000000 -978.382510593 730.983188539 -6592.226206684 7.61174816703 0.34620543170 -1.09657529748
2024-10-24T09:51:00.000000 -519.722892974 750.009376565 -6642.323637855 7.67087127685 0.28775298925 -0.57269973329
2024-10-24T09:52:00.000000 -58.604173035 765.486570872 -6660.897980492 7.69368886571 0.22795183294 -0.04621460814
2024-10-24T09:53:00.000000 402.791606113 777.342199610 -6647.866374732 7.68010405742 0.16708108882 0.48042097530
2024-10-24T09:54:00.000000 862.281593692 785.520597402 -6603.293719813 7.63018855850 0.10542514117 1.00474443969
2024-10-24T09:55:00.000000 1317.692218324 789.983235722 -6527.392238606 7.54417779134 0.04327022313 1.52430851761
2024-10-24T09:56:00.000000 1766.868890920 790.708811437 -6420.520481100 7.42247058468 -0.01909518423 2.03668482317
2024-10-24T09:57:00.000000 2207.685868282 787.693430853 -6283.181683671 7.26562741618 -0.08137981861 2.53948113357
2024-10-24T09:58:00.000000 2638.055646829 780.950649207 -6116.021434549 7.07436279903 -0.14329369300 3.03034455039
2024-10-24T09:59:00.000000 3055.938298644 770.511379896 -5919.825173820 6.84954825998 -0.20454797659 3.50696799807
2024-10-24T10:00:00.000000 3459.350945605 756.423832726 -5695.515103395 6.59221416845 -0.26485538594 3.96710260353
2024-10-24T10:01:00.000000 3846.377172744 738.753333050 -5444.146180478 6.30354356661 -0.32393301638 4.40857389559
2024-10-24T10:02:00.000000 4215.175904106 717.582017301 -5166.901439570 5.98486424389 -0.38150352455 4.82928798780
2024-10-24T10:03:00.000000 4563.990017923 693.008485539 -4865.086926367 5.63764631481 -0.43729543770 5.22724028963
2024-10-24T10:04:00.000000 4891.154721769 665.147444640 -4540.125991017 5.26349571019 -0.49104364558 5.60052651538
2024-10-24T10:05:00.000000 5195.105540328 634.129275071 -4193.553149350 4.86415131858 -0.54249078762 5.94734678921
2024-10-24T10:06:00.000000 5474.386294023 600.099528532 -3827.007348208 4.44148147888 -0.59138964697 6.26602288070
2024-10-24T10:07:00.000000 5727.656355170 563.218129827 -3442.224294266 3.99746683315 -0.63750792379 6.55500873276
2024-10-24T10:08:00.000000 5953.697056097 523.658715722 -3041.028461000 3.53419296334 -0.68061987853 6.81289133851
2024-10-24T10:09:00.000000 6151.418102304 481.608107749 -2625.324916045 3.05385155793 -0.72051435128 7.03840006013
2024-10-24T10:10:00.000000 6319.863432782 437.265172452 -2197.090347279 2.55872205897 -0.75700031734 7.23041938965
2024-10-24T10:11:00.000000 6458.216017870 390.839797738 -1758.363632696 2.05115855380 -0.78990036021 7.38799188731
2024-10-24T10:12:00.000000 6565.802276826 342.552115644 -1311.236250154 1.53358772515 -0.81905167409 7.51032393288
2024-10-24T10:13:00.000000 6642.096010989 292.631466045 -857.842014030 1.00849121732 -0.84431024339 7.59679911935
2024-10-24T10:14:00.000000 6686.721021880 241.315243383 -400.346452472 0.47838577801 -0.86555159428 7.64697529084
2024-10-24T10:15:00.000000 6699.453028104 188.847730888 59.063552234 -0.05418290712 -0.88267079386 7.66058388221
2024-10-24T10:16:00.000000 6680.221066897 135.478901901 518.190331163 -0.58665181436 -0.89558298572 7.63753444954
2024-10-24T10:17:00.000000 6629.108147526 81.463217965 974.836220507 -1.11645423833 -0.90422360973 7.57791772948
2024-10-24T10:18:00.000000 6546.351030132 27.058388983 1426.814404963 -1.64103376265 -0.90854893011 7.48200441185
2024-10-24T10:19:00.000000 6432.339237318 -27.475882490 1871.959733631 -2.15785763702 -0.90853641765 7.35024608017
2024-10-24T10:20:00.000000 6287.613123835 -81.879192102 2308.139469699 -2.66443254351 -0.90418512573 7.18327033623
2024-10-24T10:21:00.000000 6112.861241546 -135.891709879 2733.263745382 -3.15831427040 -0.89551520673 6.98187883869
2024-10-24T10:22:00.000000 5908.916886509 -189.255462459 3145.295938504 -3.63712477640 -0.88256821264 6.74704308298
2024-10-24T10:23:00.000000 5676.753789194 -241.715576672 3542.262568224 -4.09856204550 -0.86540600938 6.47989525670
2024-10-24T10:24:00.000000 5417.481292408 -293.021533002 3922.262808552 -4.54041004061 -0.84411195403 6.18172427797
2024-10-24T10:25:00.000000 5132.338802483 -342.928433080 4283.477688255 -4.96055084073 -0.81878959380 5.85396842364
2024-10-24T10:26:00.000000 4822.689593187 -391.198139411 4624.178819228 -5.35697527404 -0.78956063180 5.49820693857
2024-10-24T10:27:00.000000 4490.014046568 -437.600374973 4942.736546413 -5.72779014836 -0.75656545524 5.11615070715
2024-10-24T10:28:00.000000 4135.902441142 -481.913796932 5237.627613745 -6.07122607628 -0.71996128997 4.70963424081
2024-10-24T10:29:00.000000 3762.047289946 -523.927097329 5507.442444378 -6.38564815640 -0.67992559232 4.28061003988
2024-10-24T10:30:00.000000 3370.234931321 -563.439984763 5750.891632719 -6.66956161301 -0.63664653888 3.83113054369
2024-10-24T10:31:00.000000 2962.337161194 -600.263919487 5966.812067155 -6.92161694606 -0.59032979003 3.36335124219
2024-10-24T10:32:00.000000 2540.302030513 -634.223235602 6154.172456182 -7.14062108740 -0.54119731531 2.87950815706
2024-10-24T10:33:00.000000 2106.144448729 -665.155968547 6312.077895031 -7.32553966283 -0.48948373737 2.38190958019
2024-10-24T10:34:00.000000 1661.936549402 -692.914566057 6439.773835682 -7.47549970949 -0.43543461169 1.87292414588
2024-10-24T10:35:00.000000 1209.797977963 -717.366529957 6536.649414982 -7.58979055745 -0.37930629148 1.35497136190
2024-10-24T10:36:00.000000 751.886050018 -738.395069597 6602.240286957 -7.66786876807 -0.32136554591 0.83051369387
2024-10-24T10:37:00.000000 290.385560773 -755.899611107 6636.230742073 -7.70936089631 -0.26188586054 0.30204101563
2024-10-24T10:38:00.000000 -172.501331815 -769.796206737 6638.455101582 -7.71406246901 -0.20114812377 -0.22793668488
2024-10-24T10:39:00.000000 -634.565372555 -780.017978053 6608.898615156 -7.68194151686 -0.13944011288 -0.75690078778
2024-10-24T10:40:00.000000 -1093.600542774 -786.515457097 6547.697598735 -7.61313785834 -0.07705407017 -1.28233588596
2024-10-24T10:41:00.000000 -1547.414382415 -789.256826376 6455.138907278 -7.50796312350 -0.01428612010 -1.80174181514
2024-10-24T10:42:00.000000 -1993.838184042 -788.228124537 6331.658719609 -7.36689751592 0.04856517560 -2.31264176730
2024-10-24T10:43:00.000000 -2430.737213618 -783.433317903 6177.840928494 -7.19059396983 0.11120084407 -2.81259190582
2024-10-24T10:44:00.000000 -2856.021030956 -774.894311390 5994.414567210 -6.97987428750 0.17332216751 -3.29920017361
2024-10-24T10:45:00.000000 -3267.653372565 -762.650880323 5782.250457352 -6.73572232470 0.23463253219 -3.77013329252
2024-10-24T10:46:00.000000 -3663.661876249 -746.760478962 5542.357398830 -6.45928380936 0.29483942621 -4.22312782734
2024-10-24T10:47:00.000000 -4042.147611689 -727.297999617 5275.877597563 -6.15185958520 0.35365397262 -4.65600122428
2024-10-24T10:48:00.000000 -4401.294283291 -704.355524748 4984.081609921 -5.81490297229 0.41079260505 -5.06666004503
2024-10-24T10:49:00.000000 -4739.377266708 -678.041933259 4668.362566579 -5.45001565096 0.46597938828 -5.45311468399
2024-10-24T10:50:00.000000 -5054.772132314 -648.482355673 4330.229429199 -5.05893165629 0.51894849572 -5.81349335318
2024-10-24T10:51:00.000000 -5345.962418593 -615.817587608 3971.300185546 -4.64351958304 0.56944439729 -6.14603574720
2024-10-24T10:52:00.000000 -5611.547817203 -580.203379234 3593.294360691 -4.20577716639 0.61722307320 -6.44912205519
2024-10-24T10:53:00.000000 -5850.250992135 -541.809808351 3198.024311058 -3.74780482891 0.66205286931 -6.72127454711
2024-10-24T10:54:00.000000 -6060.923973397 -500.820339101 2787.386821227 -3.27181390437 0.70371784874 -6.96116200176
2024-10-24T10:55:00.000000 -6242.554244529 -457.431037803 2363.353695750 -2.78010504882 0.74201476168 -7.16761365306
2024-10-24T10:56:00.000000 -6394.269833872 -411.849682980 1927.962167060 -2.27506097493 0.77675654395 -7.33962193299
2024-10-24T10:57:00.000000 -6515.343784910 -364.294763696 1483.304762013 -1.75913008014 0.80777336439 -7.47635102628
2024-10-24T10:58:00.000000 -6605.197773627 -314.994413361 1031.519017446 -1.23481734832 0.83491424199 -7.57713730652
2024-10-24T10:59:00.000000 -6663.405262133 -264.185158599 574.776931718 -0.70467499869 0.85805056401 -7.64149772539
2024-10-24T11:00:00.000000 -6689.693692855 -212.110639738 115.273830895 -0.17127899949 0.87707275242 -7.66913701322
2024-10-24T11:01:00.000000 -6683.945404911 -159.020560549 -344.782639297 0.36278348566 0.89188908930 -7.65993888744
2024-10-24T11:02:00.000000 -6646.198213316 -105.169467816 -803.183310214 0.89491968929 0.90243022799 -7.61397066585
2024-10-24T11:03:00.000000 -6576.645146091 -50.815394464 -1257.728651902 1.42255156478 0.90864900738 -7.53148515272
2024-10-24T11:04:00.000000 -6475.633148468 3.781431851 -1706.239746294 1.94312876305 0.91051944702 -7.41291646253
2024-10-24T11:05:00.000000 -6343.660981062 58.359867066 -2146.569078291 2.45414330027 0.90803698782 -7.25887608100
2024-10-24T11:06:00.000000 -6181.376346333 112.659137683 -2576.611028982 2.95314055041 0.90121861228 -7.07014892656
2024-10-24T11:07:00.000000 -5989.572237654 166.420134475 -2994.312152632 3.43773409753 0.89010260768 -6.84768726913
2024-10-24T11:08:00.000000 -5769.182601992 219.386655945 -3397.680965792 3.90561330239 0.87474754071 -6.59260408183
2024-10-24T11:09:00.000000 -5521.277431540 271.306617847 -3784.797499112 4.35455627643 0.85523204639 -6.30616863338
2024-10-24T11:10:00.000000 -5247.057103340 321.933247127 -4153.822396227 4.78244014639 0.83165450432 -5.98979761262
2024-10-24T11:11:00.000000 -4947.846150146 371.026266778 -4503.005559069 5.18725123704 0.80413302018 -5.64504823524
2024-10-24T11:12:00.000000 -4625.086365898 418.353063664 -4830.694279746 5.56709598209 0.77280482458 -5.27360757001
2024-10-24T11:13:00.000000 -4280.329381118 463.689803947 -5135.340694559 5.92020782601 0.73782512204 -4.87728180722
2024-10-24T11:14:00.000000 -3915.228861519 506.822480587 -5415.508614676 6.24495250853 0.69936607308 -4.45798562437
2024-10-24T11:15:00.000000 -3531.532398263 547.547880716 -5669.879817576 6.53983576172 0.65761467610 -4.01773427679
2024-10-24T11:16:00.000000 -3131.073007662 585.674354827 -5897.259626640 6.80350240827 0.61276962060 -3.55863122625
2024-10-24T11:17:00.000000 -2715.760649482 621.022650952 -6096.582347234 7.03474728555 0.56504565807 -3.08286940417
2024-10-24T11:18:00.000000 -2287.572802438 653.426775256 -6266.915915269 7.23252378160 0.51466918526 -2.59270760946
2024-10-24T11:19:00.000000 -1848.545067852 682.734652972 -6407.465561392 7.39594188565 0.46187800387 -2.09046202138
2024-10-24T11:20:00.000000 -1400.761756456 708.808801666 -6517.576900485 7.52426659767 0.40692054143 -1.57849557511
2024-10-24T11:21:00.000000 -946.346480091 731.526962252 -6596.738765485 7.61692642387 0.35005548635 -1.05921636059
2024-10-24T11:22:00.000000 -487.452124694 750.782625612 -6644.585198428 7.67351458012 0.29154891429 -0.53505444564
2024-10-24T11:23:00.000000 -26.251253044 766.485444569 -6660.896616285 7.69378216174 0.23167326438 -0.00845911511
2024-10-24T11:24:00.000000 435.073546483 778.561633983 -6645.600917835 7.67764600391 0.17070860090 0.51810529297
2024-10-24T11:25:00.000000 894.339788506 786.954396757 -6598.773776307 7.62519119109 0.10893999059 1.04218030784
2024-10-24T11:26:00.000000 1349.374935072 791.624092769 -6520.637993997 7.53666413184 0.04665451404 1.56132034016
2024-10-24T11:27:00.000000 1798.026125902 792.548408956 -6411.562555288 7.41247445321 -0.01585743116 2.07310060837
2024-10-24T11:28:00.000000 2238.169889687 789.722505505 -6272.060974868 7.25319117618 -0.07830409514 2.57512935255
2024-10-24T11:29:00.000000 2667.721652434 783.159057060 -6102.789138104 7.05954219146 -0.14039396089 3.06505457551
2024-10-24T11:30:00.000000 3084.645205012 772.888134865 -5904.542579809 6.83241121402 -0.20183855243 3.54057401657
2024-10-24T11:31:00.000000 3486.962093167 758.957106235 -5678.253286120 6.57284003169 -0.26234944009 3.99944463753
2024-10-24T11:32:00.000000 3872.760951050 741.430606583 -5424.985584535 6.28202061048 -0.32164030163 4.43949963037
2024-10-24T11:33:00.000000 4240.206198566 720.390281407 -5145.931498640 5.96128781256 -0.37943082187 4.85864909187
2024-10-24T11:34:00.000000 4587.546786058 695.934389275 -4842.405928649 5.61212450758 -0.43544760304 5.25489043515
2024-10-24T11:35:00.000000 4913.124874231 668.177344970 -4515.840820074 5.23615214492 -0.48942581347 5.62632677773
2024-10-24T11:36:00.000000 5215.383754583 637.249199120 -4167.778606437 4.83511950455 -0.54110901331 5.97117251194
2024-10-24T11:37:00.000000 5492.875370398 603.295103863 -3799.865357436 4.41089849198 -0.59025052158 6.28776051815
2024-10-24T11:38:00.000000 5744.267493281 566.474697040 -3413.843380180 3.96547707965 -0.63661445043 6.57455126151
2024-10-24T11:39:00.000000 5968.350489221 526.961392006 -3011.543312522 3.50095236741 -0.67997769478 6.83014169346
2024-10-24T11:40:00.000000 6164.043541440 484.941598862 -2594.875607816 3.01951882717 -0.72013017050 7.05327557963
2024-10-24T11:41:00.000000 6330.400161292 440.613908070 -2165.821577819 2.52345864177 -0.75687635564 7.24284801240
2024-10-24T11:42:00.000000 6466.613231999 394.188165408 -1726.424090189 2.01513325350 -0.79003658012 7.39791371901
2024-10-24T11:43:00.000000 6572.019359583 345.884501278 -1278.777754024 1.49696969840 -0.81944845843 7.51769402599
2024-10-24T11:44:00.000000 6646.102393800 295.932194132 -825.018872012 0.97144836356 -0.84496860088 7.60157730566
2024-10-24T11:45:00.000000 6688.496535305 244.568634146 -367.315155447 0.44109578154 -0.86647107188 7.64913181315
2024-10-24T11:46:00.000000 6698.988235562 192.038205326 92.145103879 -0.09153879039 -0.88384733181 7.66010109429
2024-10-24T11:47:00.000000 6677.517558462 138.591239392 551.163715776 -0.62388942921 -0.89701005278 7.63441298627
2024-10-24T11:48:00.000000 6624.178461636 84.482572724 1007.543463200 -1.15339222844 -0.90589478523 7.57217091592
2024-10-24T11:49:00.000000 6539.218607708 29.970341001 1459.098737297 -1.67749058295 -0.91045631864 7.47366051328
2024-10-24T11:50:00.000000 6423.038227869 -24.685218482 1903.666559449 -2.19365809172 -0.91067038124 7.33934757753
2024-10-24T11:51:00.000000 6276.188093866 -79.223124393 2339.117043944 -2.69940456795 -0.90653605456 7.16987034482
2024-10-24T11:52:00.000000 6099.366903297 -133.382952864 2763.363859240 -3.19229203897 -0.89807292760 6.96604165190
2024-10-24T11:53:00.000000 5893.417754370 -186.906121059 3174.374515756 -3.66994652908 -0.88532254597 6.72884218404
2024-10-24T11:54:00.000000 5659.324023626 -239.537089487 3570.180323886 -4.13006909108 -0.86834448930 6.45941778611
2024-10-24T11:55:00.000000 5398.204335311 -291.024510463 3948.886067453 -4.57045144503 -0.84721981814 6.15906938855
2024-10-24T11:56:00.000000 5111.306923597 -341.122606568 4308.679015608 -4.98898338389 -0.82205251090 5.82924406550
2024-10-24T11:57:00.000000 4800.003442529 -389.592323624 4647.837497230 -5.38366351684 -0.79296126903 5.47152964145
2024-10-24T11:58:00.000000 4465.782199670 -436.202191236 4964.739091960 -5.75260343703 -0.76008267075 5.08764608816
2024-10-24T11:59:00.000000 4110.241113908 -480.729694355 5257.868558849 -6.09404321485 -0.72357695351 4.67944266025
2024-10-24T12:00:00.000000 3735.079590231 -522.962372834 5525.824935827 -6.40635904885 -0.68361910264 4.24887865311
2024-10-24T12:01:00.000000 3342.090272372 -562.698746451 5767.327962527 -6.68806751939 -0.64039974981 3.79801631603
2024-10-24T12:02:00.000000 2933.150477951 -599.749219873 5981.224065736 -6.93783196499 -0.59412488676 3.32901522377
2024-10-24T12:03:00.000000 2510.212991832 -633.937073534 6166.491754101 -7.15447347382 -0.54501743943 2.84411481128
2024-10-24T12:04:00.000000 2075.296730098 -665.099368519 6322.246026754 -7.33696707649 -0.49331309113 2.34562549489
2024-10-24T12:05:00.000000 1630.477268138 -693.087601299 6447.742439467 -7.48444984647 -0.43925691851 1.83591917572
2024-10-24T12:06:00.000000 1177.877072460 -717.768262703 6542.380402545 -7.59622201802 -0.38310432142 1.31741804989
2024-10-24T12:07:00.000000 719.655599015 -739.023503503 6605.705970951 -7.67175119390 -0.32512118531 0.79258615897
2024-10-24T12:08:00.000000 257.999150894 -756.751674243 6637.413971832 -7.71067489460 -0.26558177333 0.26391637219
2024-10-24T12:09:00.000000 -204.889315940 -770.867834740 6637.349391154 -7.71280071991 -0.20476846409 -0.26608046331
2024-10-24T12:10:00.000000 -666.800444220 -781.304170925 6605.508140099 -7.67810777871 -0.14296940419 -0.79488622458
2024-10-24T12:11:00.000000 -1125.528767652 -788.010318000 6542.037167095 -7.60674649106 -0.08047820659 -1.31998603042
2024-10-24T12:12:00.000000 -1578.883029203 -790.953637269 6447.234005545 -7.49904109978 -0.01759094518 -1.83887768165
2024-10-24T12:13:00.000000 -2024.696583348 -790.119213085 6321.545474687 -7.35548556913 0.04539698643 -2.34908881695
2024-10-24T12:14:00.000000 -2460.837422997 -785.509980820 6165.565761729 -7.17674194420 0.10818580963 -2.84818094189
2024-10-24T12:15:00.000000 -2885.218355742 -777.146905611 5980.033989687 -6.96364084592 0.17047533417 -3.33376340008
2024-10-24T12:16:00.000000 -3295.807020881 -765.068858752 5765.831055804 -6.71717985903 0.23196893495 -3.80350347927
2024-10-24T12:17:00.000000 -3690.635802224 -749.332456070 5523.975624667 -6.43851725070 0.29237163124 -4.25514357964
2024-10-24T12:18:00.000000 -4067.811203144 -730.011884428 5255.619397553 -6.12896519282 0.35139341108 -4.68650819961
2024-10-24T12:19:00.000000 -4425.522969970 -707.198553978 4962.041891438 -5.78998526217 0.40875009325 -5.09551352865
2024-10-24T12:20:00.000000 -4762.052947603 -681.000709609 4644.644719786 -5.42318566154 0.46416531934 -5.48017547081
2024-10-24T12:21:00.000000 -5075.783734222 -651.542879711 4304.945178372 -5.03031462557 0.51737263977 -5.83862431618
2024-10-24T12:22:00.000000 -5365.206764705 -618.965286356 3944.569089127 -4.61325091905 0.56811568112 -6.16911322842
2024-10-24T12:23:00.000000 -5628.929986449 -583.423202459 3565.243155417 -4.17399802229 0.61614881835 -6.47002878901
2024-10-24T12:24:00.000000 -5865.684989258 -545.086331732 3168.786564623 -3.71467157745 0.66123730595 -6.73990283042
2024-10-24T12:25:00.000000 -6074.333385511 -504.138022187 2757.102090807 -3.23748855905 0.70316147127 -6.97741857406
2024-10-24T12:26:00.000000 -6253.872541520 -460.774337640 2332.166763104 -2.74475456600 0.74171713337 -7.18141813537
2024-10-24T12:27:00.000000 -6403.440593101 -415.203072427 1896.022287672 -2.23885581067 0.77671809643 -7.35090489008
2024-10-24T12:28:00.000000 -6522.321023595 -367.642630485 1450.765024110 -1.72224803923 0.80799637613 -7.48505529040
2024-10-24T12:29:00.000000 -6609.946288222 -318.321001645 998.535413569 -1.19743815798 0.83540049513 -7.58322322489
2024-10-24T12:30:00.000000 -6665.900520628 -267.474736287 541.507443673 -0.66697519070 0.85879721801 -7.64493722552
2024-10-24T12:31:00.000000 -6689.921834459 -215.347705892 81.877884030 -0.13343892183 0.87807603273 -7.66991050388
2024-10-24T12:32:00.000000 -6681.903553155 -162.189792265 -378.144867724 0.40057955787 0.89314642263 -7.65804223140
2024-10-24T12:33:00.000000 -6641.894427579 -108.255752525 -836.351831935 0.93249118619 0.90393687400 -7.60941267447
2024-10-24T12:34:00.000000 -6570.098351462 -53.803929300 -1290.544334714 1.45971691203 0.91039980558 -7.52428649681
2024-10-24T12:35:00.000000 -6466.873090562 0.905111664 -1738.545112427 1.97970939344 0.91250781611 -7.40311113455
2024-10-24T12:36:00.000000 -6332.728038809 55.609761242 -2178.209034255 2.48996305167 0.91025429837 -7.24650983064
2024-10-24T12:37:00.000000 -6168.321359679 110.048717162 -2607.433580993 2.98802677922 0.90365583919 -7.05527851697
2024-10-24T12:38:00.000000 -5974.456444677 163.962280213 -3024.169068414 3.47151278401 0.89274904192 -6.83038331777
2024-10-24T12:39:00.000000 -5752.077486419 217.093563370 -3426.428778846 3.93811842392 0.87759095756 -6.57295315459
2024-10-24T12:40:00.000000 -5502.264195552 269.189701973 -3812.298246027 4.38562931532 0.85825889910 -6.28426790458
2024-10-24T12:41:00.000000 -5226.226228083 320.003098549 -4179.944313272 4.81193101471 0.83485086858 -5.96575645337
2024-10-24T12:42:00.000000 -4925.296799420 369.292622481 -4527.623741073 5.21502042315 0.80748422808 -5.61898538299
2024-10-24T12:43:00.000000 -4600.925807390 416.824730438 -4853.691198735 5.59301258525 0.77629445287 -5.24565045914
2024-10-24T12:44:00.000000 -4254.672438950 462.374555470 -5156.606752534 5.94415149800 0.74143512977 -4.84756654758
2024-10-24T12:45:00.000000 -3888.197279345 505.726934086 -5434.942540121 6.26681270390 0.70307570129 -4.42665388531
2024-10-24T12:46:00.000000 -3503.254300047 546.677335349 -5687.388997116 6.55950909376 0.66140163458 -3.98493338958
2024-10-24T12:47:00.000000 -3101.682495003 585.032854264 -5912.760624439 6.82089534109 0.61661425590 -3.52451932762
2024-10-24T12:48:00.000000 -2685.397023904 620.613082769 -6110.001314687 7.04977853304 0.56892907500 -3.04760765731
2024-10-24T12:49:00.000000 -2256.379972826 653.250928224 -6278.188876843 7.24512192810 0.51857342516 -2.55646433678
2024-10-24T12:50:00.000000 -1816.670875041 682.793210628 -6416.538785443 7.40604639781 0.46578413272 -2.05341029912
2024-10-24T12:51:00.000000 -1368.357324660 709.101342767 -6524.407284399 7.53183044279 0.41081100912 -1.54081608133
2024-10-24T12:52:00.000000 -913.565276036 732.052018224 -6601.294039913 7.62191700933 0.35391239267 -1.02108877467
2024-10-24T12:53:00.000000 -454.449299035 751.537600881 -6646.843893656 7.67590825327 0.29535264620 -0.49666016830
2024-10-24T12:54:00.000000 6.816986384 767.466572056 -6660.848309994 7.69356870929 0.23540497682 0.03001576131
2024-10-24T12:55:00.000000 468.050856635 779.764054486 -6643.246265386 7.67483004352 0.17435028415 0.55647873390
2024-10-24T12:56:00.000000 927.070388241 788.372181861 -6594.124245275 7.61978669215 0.11247448964 1.08027289043
2024-10-24T12:57:00.000000 1381.704204005 793.250358007 -6513.715812883 7.52869604378 0.05006701662 1.59895295607
2024-10-24T12:58:00.000000 1829.801288046 794.375409828 -6402.400675514 7.40197941103 -0.01258126181 2.11009500540
2024-10-24T12:59:00.000000 2269.240738800 791.741590400 -6260.702986880 7.24021828139 -0.07518020209 2.61130974348
2024-10-24T13:00:00.000000 2697.941248369 785.360625618 -6089.289035446 7.04415082121 -0.13743712977 3.10024958360
2024-10-24T13:01:00.000000 3113.870537601 775.261826725 -5888.964529522 6.81467340020 -0.19905969725 3.57461691877
2024-10-24T13:02:00.000000 3515.054758800 761.491898996 -5660.671225723 6.55283623323 -0.25976046440 4.03217551875
2024-10-24T13:03:00.000000 3899.587631608 744.114701486 -5405.483030457 6.25984132114 -0.31925484963 4.47075867785
2024-10-24T13:04:00.000000 4265.639481855 723.211060602 -5124.601450344 5.93703939719 -0.37726222128 4.88828166190
2024-10-24T13:05:00.000000 4611.465999742 698.878486399 -4819.350331608 5.58592401759 -0.43350726732 5.28275303737
2024-10-24T13:06:00.000000 4935.416603318 671.230803924 -4491.169968793 5.20812496073 -0.48772183281 5.65228402551
2024-10-24T13:07:00.000000 5235.942435458 640.397674630 -4141.610665394 4.80540196201 -0.53964635104 5.99509828857
2024-10-24T13:08:00.000000 5511.603877481 606.524014484 -3772.325675328 4.37963458871 -0.58903272811 6.30954145985
2024-10-24T13:09:00.000000 5761.077506812 569.769208747 -3385.063820722 3.93281709630 -0.63564636992 6.59408292633
2024-10-24T13:10:00.000000 5983.162971282 530.306388643 -2981.661686140 3.46705490122 -0.67926346071 6.84733116033
2024-10-24T13:11:00.000000 6176.789147630 488.321767799 -2564.034906004 2.98454795221 -0.71967242298 7.06804310150
2024-10-24T13:12:00.000000 6341.019467158 444.013778706 -2134.169225497 2.48758101809 -0.75667779145 7.25512489132
2024-10-24T13:13:00.000000 6475.056945361 397.592135887 -1694.111313525 1.97851982678 -0.79009857997 7.40764248392
2024-10-24T13:14:00.000000 6578.248493636 349.276947108 -1245.958890224 1.45979317745 -0.81976997894 7.52482727222
2024-10-24T13:15:00.000000 6650.088618319 299.297667164 -791.850818587 0.93389213107 -0.84554596404 7.60608011888
2024-10-24T13:16:00.000000 6690.222486090 247.891813201 -333.956229010 0.40333828989 -0.86730289047 7.65098998338
2024-10-24T13:17:00.000000 6698.446937426 195.303951924 125.535989510 -0.12932776515 -0.88492936243 7.65930672727
2024-10-24T13:18:00.000000 6674.712433796 141.784647845 584.427229739 -0.66153032420 -0.89833854256 7.63096258719
2024-10-24T13:19:00.000000 6619.123936314 87.588979819 1040.520625722 -1.19070149899 -0.90746563492 7.56608013511
2024-10-24T13:20:00.000000 6531.939931539 32.975375933 1491.631888501 -1.71428965863 -0.91226321061 7.46495625494
2024-10-24T13:21:00.000000 6413.571409486 -21.795453974 1935.600029569 -2.22976752710 -0.91270403431 7.32807072026
2024-10-24T13:22:00.000000 6264.579782958 -76.461890752 2370.298106406 -2.73464931947 -0.90878466012 7.15607754977
2024-10-24T13:23:00.000000 6085.674128337 -130.762766137 2793.643627281 -3.22650191528 -0.90052368185 6.94980437970
2024-10-24T13:24:00.000000 5877.707450736 -184.438672066 3203.608736028 -3.70296145395 -0.88796033529 6.71024192304
2024-10-24T13:25:00.000000 5641.672581710 -237.233140919 3598.229844590 -4.16173307739 -0.87115445952 6.43854395518
2024-10-24T13:26:00.000000 5378.697350447 -288.893985051 3975.617427564 -4.60061433987 -0.85018812639 6.13602187333
2024-10-24T13:27:00.000000 5090.038824217 -339.174525320 4333.965067055 -5.01750107226 -0.82516293430 5.80413424191
2024-10-24T13:28:00.000000 4777.077095168 -387.834776922 4671.558114748 -5.41039816087 -0.79620028363 5.44447994995
2024-10-24T13:29:00.000000 4441.308454918 -434.642571769 4986.781875497 -5.77742896355 -0.76343889084 5.05879056725
2024-10-24T13:30:00.000000 4084.338022049 -479.374611627 5278.129309056 -6.11684420704 -0.72703650976 4.64892117864
2024-10-24T13:31:00.000000 3707.871816573 -521.817643185 5544.208073058 -6.42703068803 -0.68716913635 4.21683797679
2024-10-24T13:32:00.000000 3313.708493458 -561.769422447 5783.746921564 -6.70651467683 -0.64402805235 3.76461086999
2024-10-24T13:33:00.000000 2903.730623079 -599.039662999 5995.601730014 -6.95397525774 -0.59781991973 3.29440354164
2024-10-24T13:34:00.000000 2479.895441072 -633.450827523 6178.760450113 -7.16824199085 -0.54876312057 2.80845425220
2024-10-24T13:35:00.000000 2044.225942801 -664.838921249 6332.347671532 -7.34829620463 -0.49709088903 2.30907867528
2024-10-24T13:36:00.000000 1598.801329209 -693.054320885 6455.628939816 -7.49328446877 -0.44304828096 1.79865686228
2024-10-24T13:37:00.000000 1145.746960890 -717.962402024 6548.014070477 -7.60252056871 -0.38689044040 1.27961530291
2024-10-24T13:38:00.000000 687.224417471 -739.444190875 6609.059664595 -7.67548433949 -0.32888375819 0.75441901829
2024-10-24T13:39:00.000000 225.421449266 -757.396985922 6638.471110155 -7.71182340327 -0.26930395367 0.22556128727
2024-10-24T13:40:00.000000 -237.458145262 -771.734850043 6636.104047054 -7.71135592892 -0.20843358822 -0.30444480888
2024-10-24T13:41:00.000000 -699.204817575 -782.388966889 6601.965176196 -7.67407196737 -0.14656080062 -0.83307868404
2024-10-24T13:42:00.000000 -1157.613637024 -789.307929725 6536.212428638 -7.60013665494 -0.08397745750 -1.35782254761
2024-10-24T13:43:00.000000 -1610.494804110 -792.458003373 6439.154164055 -7.48988619664 -0.02098123507 -1.87618195460
2024-10-24T13:44:00.000000 -2055.683627890 -791.823414442 6311.247793805 -7.34382384169 0.04212814339 -2.38568287849
2024-10-24T13:45:00.000000 -2491.050843074 -787.406349723 6153.098156832 -7.16262609598 0.10505150880 -2.88388858401
2024-10-24T13:46:00.000000 -2914.512817907 -779.226909084 5965.454820617 -6.94713659094 0.16749084427 -3.36841327486
2024-10-24T13:47:00.000000 -3324.041433501 -767.323132622 5749.208788242 -6.69836267165 0.22914628038 -3.83692930324
2024-10-24T13:48:00.000000 -3717.673964142 -751.750927491 5505.388606370 -6.41747495278 0.28972325265 -4.28718293447
2024-10-24T13:49:00.000000 -4093.522516152 -732.583691438 5235.155549657 -6.10579674575 0.34893295584 -4.71700411609
2024-10-24T13:50:00.000000 -4449.783136451 -709.912000087 4939.798372756 -5.76480151553 0.40649146810 -5.12431550848
2024-10-24T13:51:00.000000 -4784.744630958 -683.843303077 4620.727495259 -5.39610770072 0.46212093236 -5.50714035759
2024-10-24T13:52:00.000000 -5096.797224796 -654.501435391 4279.468583918 -5.00147629165 0.51555341180 -5.86361706443
2024-10-24T13:53:00.000000 -5384.440712514 -622.025985483 3917.655128624 -4.58279520726 0.56653161505 -6.19201380478
2024-10-24T13:54:00.000000 -5646.291723072 -586.571673068 3537.020665943 -4.14207158640 0.61480866463 -6.49072851831
2024-10-24T13:55:00.000000 -5881.090815134 -548.307673666 3139.390626119 -3.68142705604 0.66014979375 -6.75830232131
2024-10-24T13:56:00.000000 -6087.708967820 -507.416838707 2726.673432896 -3.20308532209 0.70233444574 -6.99342918499
2024-10-24T13:57:00.000000 -6265.153285685 -464.094760759 2300.851104951 -2.70935786065 0.74115847561 -7.19496217014
2024-10-24T13:58:00.000000 -6412.572030414 -418.548816154 1863.969676627 -2.20263854335 0.77643371472 -7.36191633167
2024-10-24T13:59:00.000000 -6529.259197028 -370.997052348 1418.128986266 -1.68538538587 0.80799225042 -7.49348375821
2024-10-24T14:00:00.000000 -6614.657739633 -321.667198076 965.472181080 -1.16010626922 0.83567904442 -7.58902948087
2024-10-24T14:01:00.000000 -6668.362341573 -270.795691461 508.175183913 -0.62934846464 0.85936014452 -7.64809432515
2024-10-24T14:02:00.000000 -6690.121670800 -218.626407222 48.436187477 -0.09569646517 0.87892074258 -7.67039941469
2024-10-24T14:03:00.000000 -6679.839956505 -165.409503026 -411.535689336 0.43825357650 0.89426701424 -7.65585803582
2024-10-24T14:04:00.000000 -6637.577068730 -111.400096057 -869.531715929 0.96991295732 0.90532736744 -7.60456916045
2024-10-24T14:05:00.000000 -6563.547636223 -56.856965259 -1323.354428291 1.49671145161 0.91205114195 -7.51680825715
2024-10-24T14:06:00.000000 -6458.119927948 -2.041303993 -1770.828240448 2.01609973060 0.91440868936 -7.39303073241
2024-10-24T14:07:00.000000 -6321.813950591 52.784651133 -2209.810459587 2.52557550298 0.91239510421 -7.23387516464
2024-10-24T14:08:00.000000 -6155.298152362 107.358885383 -2638.201686588 3.02268959338 0.90602143044 -7.04014734399
2024-10-24T14:09:00.000000 -5959.386155085 161.420714755 -3053.956236575 3.50505826744 0.89532305138 -6.81282948809
2024-10-24T14:10:00.000000 -5735.032166792 214.712312884 -3455.092164914 3.97038011999 0.88035837158 -6.55306364146
2024-10-24T14:11:00.000000 -5483.325636986 266.979938844 -3839.700707647 4.41645040220 0.86120539382 -6.26214430706
2024-10-24T14:12:00.000000 -5205.485316228 317.975151829 -4205.955069071 4.84116447145 0.83796253854 -5.94150901617
2024-10-24T14:13:00.000000 -4902.852997977 367.455957673 -4552.118897092 5.24252747813 0.81074607476 -5.59273328215
2024-10-24T14:14:00.000000 -4576.886671525 415.187903740 -4876.554252395 5.61866225879 0.77969131343 -5.21752098033
2024-10-24T14:15:00.000000 -4229.153173947 460.945191191 -5177.729081032 5.96781916448 0.74495086889 -4.81769577705
2024-10-24T14:16:00.000000 -3861.320326380 504.511652529 -5454.224085776 6.28838292525 0.70669325300 -4.39519083582
2024-10-24T14:17:00.000000 -3475.148675886 545.681737843 -5704.738955254 6.57887890321 0.66510390314 -3.95203739462
2024-10-24T14:18:00.000000 -3072.482901448 584.261484605 -5928.097926557 6.83797776923 0.62038323702 -3.49035429612
2024-10-24T14:19:00.000000 -2655.242988928 620.069383280 -6123.254790513 7.06449950343 0.57274584868 -3.01233956436
2024-10-24T14:20:00.000000 -2225.415120406 652.937188909 -6289.297334519 7.25741841417 0.52241897303 -2.52025969175
2024-10-24T14:21:00.000000 -1785.042323047 682.710647378 -6425.451088415 7.41586541512 0.46964179717 -2.01643811479
2024-10-24T14:22:00.000000 -1336.215036954 709.250177426 -6531.082491765 7.53912964827 0.41466351557 -1.50324708064
2024-10-24T14:23:00.000000 -881.061486027 732.431382583 -6605.701544246 7.62666313919 0.35774119583 -0.98309722569
2024-10-24T14:24:00.000000 -421.737894351 752.145543421 -6648.963710828 7.67808047749 0.29914025192 -0.45842548972
2024-10-24T14:25:00.000000 39.581328471 768.300099327 -6660.671219385 7.69316104148 0.23913387634 0.06831535643
2024-10-24T14:26:00.000000 500.713403807 780.819109765 -6640.773636013 7.67184569462 0.17800279177 0.59466764959
2024-10-24T14:27:00.000000 959.476858775 789.643672193 -6589.368060675 7.61423837934 0.11603360111 1.11817239066
2024-10-24T14:28:00.000000 1413.701511596 794.732133422 -6506.698818767 7.52061132855 0.05351410298 1.63638483968
2024-10-24T14:29:00.000000 1861.238329921 796.060173458 -6393.156062946 7.39139523661 -0.00926490239 2.14688890486
2024-10-24T14:30:00.000000 2299.968822639 793.621008602 -6249.274117013 7.22717862765 -0.07201069998 2.64729587884
2024-10-24T14:31:00.000000 2727.814654805 787.425412819 -6075.729532723 7.02871191808 -0.13443033507 3.13525593349
2024-10-24T14:32:00.000000 3142.747385551 777.501753439 -5873.338282868 6.79690674776 -0.19623085895 3.60847447567
2024-10-24T14:33:00.000000 3542.797823654 763.895880729 -5643.052039753 6.53282464956 -0.25712293705 4.06472288095
2024-10-24T14:34:00.000000 3926.064943398 746.670886871 -5385.954211955 6.23767747231 -0.31682086725 4.50184039122
2024-10-24T14:35:00.000000 4290.724934911 725.906894912 -5103.255426654 5.91282577857 -0.37504306167 4.91774924105
2024-10-24T14:36:00.000000 4635.039920907 701.700757255 -4796.288247850 5.55977280565 -0.43151362578 5.31046437176
2024-10-24T14:37:00.000000 4957.366354915 674.165668802 -4466.501275599 5.18015833871 -0.48596403377 5.67810463806
2024-10-24T14:38:00.000000 5256.162985591 643.430676388 -4115.452633483 4.77575126101 -0.53813456162 6.01890180935
2024-10-24T14:39:00.000000 5529.998396142 609.640143812 -3744.802915403 4.34844214133 -0.58777439047 6.33121031056
2024-10-24T14:40:00.000000 5777.557971959 572.953150964 -3356.307622560 3.90023321166 -0.63464455817 6.61351233100
2024-10-24T14:41:00.000000 5997.650501652 533.542714562 -2951.809254210 3.43323352864 -0.67851936445 6.86442797695
2024-10-24T14:42:00.000000 6189.214257143 491.594965678 -2533.228835826 2.94964999916 -0.71918771350 7.08272048401
2024-10-24T14:43:00.000000 6351.322696667 447.308262780 -2102.556947991 2.45177850801 -0.75645282355 7.26731065558
2024-10-24T14:44:00.000000 6483.189233476 400.892349336 -1661.844065938 1.94198670810 -0.79013244889 7.41728092918
2024-10-24T14:45:00.000000 6584.171264560 352.567383962 -1213.190857685 1.42270530214 -0.82006178760 7.53187604220
2024-10-24T14:46:00.000000 6653.773727731 302.562924397 -758.738211400 0.89641768124 -0.84609247555 7.61051255914
2024-10-24T14:47:00.000000 6691.651721962 251.116806444 -300.657008349 0.36564832648 -0.86809766840 7.65277301520
2024-10-24T14:48:00.000000 6697.613118445 198.473907786 158.862276094 -0.16704120174 -0.88596845747 7.65842563108
2024-10-24T14:49:00.000000 6671.619766953 144.885062844 617.620835995 -0.69908136716 -0.89961632512 7.62742279986
2024-10-24T14:50:00.000000 6613.787692019 90.605771967 1073.422480339 -1.22790528626 -0.90897374688 7.55989934088
2024-10-24T14:51:00.000000 6524.386464054 35.894966845 1524.084505688 -1.75096351016 -0.91399423760 7.45616919971
2024-10-24T14:52:00.000000 6403.837855127 -18.986299494 1967.448350798 -2.26573401076 -0.91465358259 7.31672333376
2024-10-24T14:53:00.000000 6252.713760098 -73.776157627 2401.390201209 -2.76973719486 -0.91094830414 7.14222783989
2024-10-24T14:54:00.000000 6071.733338193 -128.213124878 2823.831316235 -3.26054542018 -0.90289521546 6.93351908171
2024-10-24T14:55:00.000000 5861.759493086 -182.037403985 3232.748175434 -3.73579700291 -0.89053385364 6.69159998282
2024-10-24T14:56:00.000000 5623.794616937 -234.992178635 3626.182271836 -4.19320522911 -0.87392259270 6.41763405403
2024-10-24T14:57:00.000000 5358.975851654 -286.824643462 4002.249676350 -4.63056788866 -0.85313855771 6.11294393331
2024-10-24T14:58:00.000000 5068.569385616 -337.287340636 4359.150469698 -5.04578862586 -0.82828192723 5.77900479954
2024-10-24T14:59:00.000000 4753.963714451 -386.139400648 4695.177439738 -5.43688841167 -0.79947228912 5.41742869756
2024-10-24T15:00:00.000000 4416.662535610 -433.147741324 5008.723728291 -5.80200409250 -0.76684948902 5.02994794941
2024-10-24T15:01:00.000000 4058.277872352 -478.088208000 5298.290216727 -6.13939188780 -0.73057071328 4.61842198852
2024-10-24T15:02:00.000000 3680.522308187 -520.746583779 5562.492893775 -6.44744471835 -0.69081027771 4.18482601968
2024-10-24T15:03:00.000000 3285.200507257 -560.919585270 5800.069463961 -6.72470233266 -0.64775755356 3.73123890932
2024-10-24T15:04:00.000000 2874.200304337 -598.415726697 6009.884979440 -6.96985119474 -0.60161715034 3.25982569651
2024-10-24T15:05:00.000000 2449.483902470 -633.056274265 6190.936973452 -7.18172829693 -0.55260873809 2.77283603586
2024-10-24T15:06:00.000000 2013.078552233 -664.676069984 6342.360163103 -7.35932883477 -0.50096548934 2.27259139235
2024-10-24T15:07:00.000000 1567.066895128 -693.124340506 6463.430457563 -7.50181223439 -0.44693298283 1.76147423272
2024-10-24T15:08:00.000000 1113.577028304 -718.265357488 6553.568194586 -7.60850393979 -0.39076719362 1.24191442329
2024-10-24T15:09:00.000000 654.772535344 -739.979038592 6612.340634477 -7.67889545623 -0.33273360438 0.71637784130
2024-10-24T15:10:00.000000 192.842546898 -758.161552835 6639.463894983 -7.71264419819 -0.27310829917 0.18735999106
2024-10-24T15:11:00.000000 -270.008397073 -772.725845910 6634.804526192 -7.70958013171 -0.21217372533 -0.34262298706
2024-10-24T15:12:00.000000 -731.570791994 -783.601961400 6598.380263617 -7.66970790161 -0.15021758605 -0.87105003391
2024-10-24T15:13:00.000000 -1189.640585110 -790.737425614 6530.359918185 -7.59320340488 -0.08753479804 -1.39540755972
2024-10-24T15:14:00.000000 -1642.029387018 -794.097531739 6431.062777944 -7.48041403234 -0.02442194442 -1.91319512923
2024-10-24T15:15:00.000000 -2086.574852410 -793.665442976 6300.957325384 -7.33185928777 0.03882157591 -2.42194271781
2024-10-24T15:16:00.000000 -2521.150832451 -789.442383913 6140.659153214 -7.14822703671 0.10189324065 -2.91921693977
2024-10-24T15:17:00.000000 -2943.677640706 -781.447671041 5950.928460587 -6.93037718690 0.16449417612 -3.40263494946
2024-10-24T15:18:00.000000 -3352.132047707 -769.718394158 5732.666480888 -6.67933029823 0.22632949463 -3.86987931251
2024-10-24T15:19:00.000000 -3744.556810125 -754.309348741 5486.911358427 -6.39626518774 0.28710409726 -4.31870574164
2024-10-24T15:20:00.000000 -4119.070046078 -735.292948139 5214.833434544 -6.08251393113 0.34652665278 -4.74695294358
2024-10-24T15:21:00.000000 -4473.874307983 -712.758890459 4917.730070601 -5.73955867947 0.40431241367 -5.15255042625
2024-10-24T15:22:00.000000 -4807.265432245 -686.813768538 4597.019785394 -5.36902541740 0.46018296356 -5.53353152292
2024-10-24T15:23:00.000000 -5117.641031171 -657.580630803 4254.235772379 -4.97268015801 0.51386907650 -5.88804266712
2024-10-24T15:24:00.000000 -5403.508673916 -625.198353954 3891.018689474 -4.55242007105 0.56511175738 -6.21435709141
2024-10-24T15:25:00.000000 -5663.493432663 -589.821091577 3509.108772832 -4.11026326702 0.61366126445 -6.51088388154
2024-10-24T15:26:00.000000 -5896.344806116 -551.617620887 3110.337382534 -3.64833675483 0.65928031270 -6.77617763795
2024-10-24T15:27:00.000000 -6100.942904123 -510.770545833 2696.618144230 -3.16886640795 0.70174526372 -7.00894216896
2024-10-24T15:28:00.000000 -6276.304231880 -467.475431328 2269.937810587 -2.67417150659 0.74084883471 -7.20803810410
2024-10-24T15:29:00.000000 -6421.586872428 -421.939685899 1832.346453751 -2.16664795497 0.77640286608 -7.37249526390
2024-10-24T15:30:00.000000 -6536.094571361 -374.381545398 1385.947356311 -1.64875583320 0.80823448312 -7.50150978638
2024-10-24T15:31:00.000000 -6619.280543032 -325.029156761 932.886751351 -1.12301349621 0.83618637567 -7.59445631674
2024-10-24T15:32:00.000000 -6670.750361158 -274.119509081 475.343008716 -0.59198049965 0.86012268277 -7.65088897744
2024-10-24T15:33:00.000000 -6690.264089634 -221.897000777 15.515609429 -0.05824204114 0.87993131590 -7.67055085441
2024-10-24T15:34:00.000000 -6677.737123579 -168.612167736 -444.386079398 0.47561049823 0.89551980334 -7.65336814659
2024-10-24T15:35:00.000000 -6633.240349893 -114.520476361 -902.153757468 1.00698775525 0.90681637570 -7.59945094251
2024-10-24T15:36:00.000000 -6556.999544308 -59.881071571 -1355.591230691 1.53331843999 0.91377027916 -7.50909165072
2024-10-24T15:37:00.000000 -6449.393920039 -4.955490606 -1802.525220686 2.05206137286 0.91635240027 -7.38276154384
2024-10-24T15:38:00.000000 -6310.953941090 49.993586972 -2240.816051075 2.56071809342 0.91455386154 -7.22110893021
2024-10-24T15:39:00.000000 -6142.358369933 104.703616720 -2668.368145328 3.05684598507 0.90838816848 -7.02495452905
2024-10-24T15:40:00.000000 -5944.430554463 158.913502753 -3083.140217270 3.53807004652 0.89788999247 -6.79528668479
2024-10-24T15:41:00.000000 -5718.133988793 212.364869732 -3483.155189936 4.00209597802 0.88311521084 -6.53325617071
2024-10-24T15:42:00.000000 -5464.567086827 264.803316606 -3866.509714671 4.44672290611 0.86414049077 -6.24016824009
2024-10-24T15:43:00.000000 -5184.957236668 315.979644898 -4231.383109130 4.86985360258 0.84106223416 -5.91747132462
2024-10-24T15:44:00.000000 -4880.654421082 365.651010326 -4576.045690383 5.26949998674 0.81399591053 -5.56674961552
2024-10-24T15:45:00.000000 -4553.124379347 413.582075277 -4898.866756944 5.64379354962 0.78307620552 -5.18971649329
2024-10-24T15:46:00.000000 -4203.941154190 459.546125466 -5198.321999786 5.99099374766 0.74845561016 -4.78820349446
2024-10-24T15:47:00.000000 -3834.779196267 503.326102686 -5473.000306330 6.30949522203 0.71030321995 -4.36415030871
2024-10-24T15:48:00.000000 -3447.405112727 544.715551247 -5721.609930002 6.59783224832 0.66880328770 -3.91959474799
2024-10-24T15:49:00.000000 -3043.669116525 583.519523493 -5942.984119977 6.85468492090 0.62415515442 -3.45666389163
2024-10-24T15:50:00.000000 -2625.496073000 619.555469686 -6136.086124105 7.07888513410 0.57657244565 -2.97756166149
2024-10-24T15:51:00.000000 -2194.876344985 652.654036318 -6300.013468713 7.26941840128 0.52628103668 -2.48455871942
2024-10-24T15:52:00.000000 -1753.856466994 682.659757301 -6434.001649136 7.42542672127 0.47351827238 -1.97998140862
2024-10-24T15:53:00.000000 -1304.529753390 709.431796867 -6537.427222912 7.54620969983 0.41853413822 -1.46620456841
2024-10-24T15:54:00.000000 -849.026677508 732.844586821 -6609.810468565 7.63122965206 0.36158691076 -0.94564215881
2024-10-24T15:55:00.000000 -389.504988371 752.788280414 -6650.817336896 7.68011524176 0.30294264799 -0.42073283679
2024-10-24T15:56:00.000000 71.860148647 769.169230720 -6660.260463170 7.69265590317 0.24287496764 0.10607337871
2024-10-24T15:57:00.000000 532.885698439 781.910417262 -6638.099809732 7.66880132084 0.18166436589 0.63231567849
2024-10-24T15:58:00.000000 991.390685470 790.951779436 -6584.443046716 7.60867083359 0.11959524871 1.15553564109
2024-10-24T15:59:00.000000 1445.206144274 796.250463607 -6499.544770529 7.51254316560 0.05695705931 1.67329403305
2024-10-24T16:00:00.000000 1892.184627789 797.781110042 -6383.805434097 7.38085892565 -0.00595695356 2.18317017883
2024-10-24T16:01:00.000000 2330.210030800 795.535981020 -6237.769725119 7.21422066694 -0.06885338562 2.68277890405
2024-10-24T16:02:00.000000 2757.207122772 789.524919859 -6062.124238363 7.01338871829 -0.13143897654 3.16977558264
2024-10-24T16:03:00.000000 3171.151153803 779.775400530 -5857.694810150 6.77928560256 -0.19341988020 3.64186699649
2024-10-24T16:04:00.000000 3570.077360843 766.332427496 -5625.442828556 6.51298564093 -0.25450623162 4.09682907506
2024-10-24T16:05:00.000000 3952.089826575 749.258271334 -5366.461048941 6.21571048164 -0.31441179690 4.53250761421
2024-10-24T16:06:00.000000 4315.370430545 728.632278908 -5081.969080049 5.88883063157 -0.37285418029 4.94683100377
2024-10-24T16:07:00.000000 4658.187559806 704.550571605 -4773.308058305 5.53385821835 -0.42955671841 5.33782134288
2024-10-24T16:08:00.000000 4978.904445634 677.125666460 -4441.934745785 5.15244154601 -0.48424983878 5.70360407661
2024-10-24T16:09:00.000000 5275.987137289 646.486011683 -4089.415037438 4.74635854980 -0.53667225162 6.04241754856
2024-10-24T16:10:00.000000 5548.012063361 612.775445430 -3717.416881347 4.31750886244 -0.58657259953 6.35262326786
2024-10-24T16:11:00.000000 5793.673035149 576.152548186 -3327.702663742 3.86790449562 -0.63371090910 6.63271262319
2024-10-24T16:12:00.000000 6011.787821903 536.789943584 -2922.121203996 3.39966422117 -0.67785932521 6.88131511985
2024-10-24T16:13:00.000000 6201.304252199 494.873523357 -2502.599135191 2.91500237630 -0.71880349122 7.09720838842
2024-10-24T16:14:00.000000 6361.305632926 450.601622914 -2071.131875449 2.41621938706 -0.75634331459 7.27932316113
2024-10-24T16:15:00.000000 6491.015640638 404.184089717 -1629.774187434 1.90569153175 -0.79029550945 7.42675188203
2024-10-24T16:16:00.000000 6589.802456336 355.841243166 -1180.630296226 1.38585725107 -0.82049420534 7.53875403499
2024-10-24T16:17:00.000000 6657.182124155 305.802841755 -725.843747413 0.85920514955 -0.84679073570 7.61475985065
2024-10-24T16:18:00.000000 6692.821276702 254.306993113 -267.587041324 0.32826390538 -0.86905600892 7.65437517236
2024-10-24T16:19:00.000000 6696.539064565 201.598934247 191.949034063 -0.20441340478 -0.88718131489 7.65738458777
2024-10-24T16:20:00.000000 6668.308231237 147.929802466 650.566172460 -0.73626281717 -0.90107901349 7.62375316282
2024-10-24T16:21:00.000000 6608.255292604 93.555348736 1106.069333595 -1.26472395003 -0.91068244122 7.55362377618
2024-10-24T16:22:00.000000 6516.660135799 38.734770140 1556.277424005 -1.78724749486 -0.91594361414 7.44732018458
2024-10-24T16:23:00.000000 6393.954689389 -16.270482387 1999.034213687 -2.30131763000 -0.91683524267 7.30534504322
2024-10-24T16:24:00.000000 6240.720670098 -71.197914200 2432.218708415 -2.80445666876 -0.91335052838 7.12836999692
2024-10-24T16:25:00.000000 6057.687180701 -125.785351538 2853.755445778 -3.29423315625 -0.90550671418 6.91724247924
2024-10-24T16:26:00.000000 5845.727185707 -179.772225061 3261.625151417 -3.76828886752 -0.89333855992 6.67298648280
2024-10-24T16:27:00.000000 5605.852341943 -232.900551066 3653.874487064 -4.22435462786 -0.87690048736 6.39676943341
2024-10-24T16:28:00.000000 5339.208629017 -284.916639541 4028.624679936 -4.66022428318 -0.85628053990 6.08991820208
2024-10-24T16:29:00.000000 5047.071286825 -335.572580107 4384.081852643 -5.07380535982 -0.83157890872 5.75392915372
2024-10-24T16:30:00.000000 4730.837258401 -384.626692132 4718.545707136 -5.46312674637 -0.80290776010 5.39042188447
2024-10-24T16:31:00.000000 4392.018431925 -431.844917986 5030.417061114 -5.82633429679 -0.77040730268 5.00114688987
2024-10-24T16:32:00.000000 4032.234074408 -477.002092352 5318.205154957 -6.16169974255 -0.73423362440 4.58796714885
2024-10-24T16:33:00.000000 3653.203357129 -519.882944718 5580.534587649 -6.46762534712 -0.69456008981 4.15286418009
2024-10-24T16:34:00.000000 3256.736975076 -560.283084345 5816.152014044 -6.74265884840 -0.65157611959 3.69792205565
2024-10-24T16:35:00.000000 2844.728305188 -598.009951477 6023.931861923 -6.98549685651 -0.60548623535 3.22531406959
2024-10-24T16:36:00.000000 2419.144404613 -632.883676075 6202.881434981 -7.19498751308 -0.55650900818 2.73729524103
2024-10-24T16:37:00.000000 1982.016701708 -664.737938352 6352.145612640 -7.37013891452 -0.50487745603 2.23619415852
2024-10-24T16:38:00.000000 1535.431164313 -693.420775156 6471.010727056 -7.51012412537 -0.45083657661 1.72439450328
2024-10-24T16:39:00.000000 1081.518530461 -718.795274194 6558.907600596 -7.61427882031 -0.39464325274 1.20432820875
2024-10-24T16:40:00.000000 622.444396047 -740.740233677 6615.414106503 -7.68210446236 -0.33656372796 0.67846298903
2024-10-24T16:41:00.000000 160.399324752 -759.150695863 6640.257176428 -7.71326949636 -0.27687306719 0.14929910404
2024-10-24T16:42:00.000000 -302.411508802 -773.938415039 6633.314375404 -7.70761848066 -0.21585339985 -0.38064598619
2024-10-24T16:43:00.000000 -763.778774294 -785.032320597 6594.614457268 -7.66516752519 -0.15379465998 -0.90885119429
2024-10-24T16:44:00.000000 -1221.499304943 -792.378862401 6524.337326587 -7.58610671271 -0.09099042699 -1.43280240045
2024-10-24T16:45:00.000000 -1673.386451370 -795.942194646 6422.813156692 -7.47079514411 -0.02773742116 -1.95000473431
2024-10-24T16:46:00.000000 -2117.280229918 -795.704353460 6290.521252637 -7.31976508602 0.03566550992 -2.45798425761
2024-10-24T16:47:00.000000 -2551.057947507 -791.665346261 6128.088039088 -7.13372433794 0.09891773931 -2.95431587039
2024-10-24T16:48:00.000000 -2972.644136110 -783.843284113 5936.283760942 -6.91353859530 0.16171709611 -3.43662861383
2024-10-24T16:49:00.000000 -3380.020193493 -772.274338339 5716.019285813 -6.66023856923 0.22376444801 -3.90261009917
2024-10-24T16:50:00.000000 -3771.234096157 -757.012493815 5468.341931399 -6.37501021826 0.28476458591 -4.35002498676
2024-10-24T16:51:00.000000 -4144.409507606 -738.129418270 5194.430832531 -6.05919148949 0.34442351578 -4.77671563640
2024-10-24T16:52:00.000000 -4497.755002134 -715.714249458 4895.591951879 -5.71427398052 0.40245372877 -5.18061485887
2024-10-24T16:53:00.000000 -4829.573097472 -689.873160288 4573.252207697 -5.34189667786 0.45857482993 -5.55976028766
2024-10-24T16:54:00.000000 -5138.268863845 -660.728885823 4228.952746002 -4.94383678377 0.51251539978 -5.91230840966
2024-10-24T16:55:00.000000 -5422.357902237 -628.420173454 3864.341568690 -4.52200026446 0.56401334308 -6.23654258919
2024-10-24T16:56:00.000000 -5680.473769360 -593.101143917 3481.165606459 -4.07841103185 0.61281875595 -6.53088300872
2024-10-24T16:57:00.000000 -5911.374767227 -554.940517506 3081.262327690 -3.61520235727 0.65869485757 -6.79389253311
2024-10-24T16:58:00.000000 -6113.950287721 -514.120840072 2666.550941394 -3.13460843259 0.70141745708 -7.02428515510
2024-10-24T16:59:00.000000 -6287.226526637 -470.837693629 2239.023154491 -2.63895466990 0.74077730441 -7.22093122268
2024-10-24T17:00:00.000000 -6430.371748546 -425.298586717 1800.733445817 -2.13064772238 0.77658644643 -7.38287067144
2024-10-24T17:01:00.000000 -6542.700471252 -377.721784535 1353.788624733 -1.61215362331 0.80867300797 -7.50931832359
2024-10-24T17:02:00.000000 -6623.676790370 -328.335384010 900.337416417 -1.08599109566 0.83688224312 -7.59966354899
2024-10-24T17:03:00.000000 -6672.917162149 -277.376183546 442.559752767 -0.55471730517 0.86107875459 -7.65347717875
2024-10-24T17:04:00.000000 -6690.192252667 -225.088512230 -17.344160157 -0.02091315922 0.88114700094 -7.67051269211
2024-10-24T17:05:00.000000 -6675.427965225 -171.723031864 -477.164825357 0.51282990842 0.89699151882 -7.65070709955
2024-10-24T17:06:00.000000 -6628.705656336 -117.535508733 -934.694480680 1.04392386837 0.90853782894 -7.59418101280
2024-10-24T17:07:00.000000 -6550.261530556 -62.785527913 -1387.738077346 1.56979737429 0.91573306268 -7.50123744665
2024-10-24T17:08:00.000000 -6440.485231788 -7.735206142 -1834.124176005 2.08790933672 0.91854579188 -7.37235990693
2024-10-24T17:09:00.000000 -6299.917623574 47.352112575 -2271.715694340 2.59576253427 0.91696652620 -7.20820956673
2024-10-24T17:10:00.000000 -6129.247745243 102.213171476 -2698.420450104 3.09091725364 0.91100770393 -7.00962112364
2024-10-24T17:11:00.000000 -5929.308948880 156.586111806 -3112.201397546 3.57100485911 0.90070332448 -6.77759642652
2024-10-24T17:12:00.000000 -5701.074304444 210.211751001 -3511.086435669 4.03373853747 0.88610866829 -6.51329751705
2024-10-24T17:13:00.000000 -5445.651333108 262.834852433 -3893.177805408 4.47692515446 0.86729968999 -6.21803870044
2024-10-24T17:14:00.000000 -5164.276121850 314.205328142 -4256.660954025 4.89847372282 0.84437208238 -5.89327815080
2024-10-24T17:15:00.000000 -4858.306908444 364.079421811 -4599.812949496 5.29640517718 0.81744105896 -5.54061009120
2024-10-24T17:16:00.000000 -4529.217113722 412.220848168 -4921.010346836 5.66886020777 0.78664028329 -5.16175508327
2024-10-24T17:17:00.000000 -4178.587946073 458.401878594 -5218.736521994 6.01410659513 0.75212119876 -4.75855180210
2024-10-24T17:18:00.000000 -3808.100547301 502.404380253 -5491.588474626 6.33054639806 0.71405209402 -4.33294741873
2024-10-24T17:19:00.000000 -3419.527754041 544.020815090 -5738.283064639 6.61672244485 0.67261769313 -3.88698858887
2024-10-24T17:20:00.000000 -3014.725397531 583.055165772 -5957.662651456 6.87132633208 0.62801688878 -3.42280958363
2024-10-24T17:21:00.000000 -2595.623274776 619.323755905 -6148.699952043 7.09320123857 0.58046222056 -2.94261956512
2024-10-24T17:22:00.000000 -2164.216017525 652.656060105 -6310.502238648 7.28134305435 0.53017933475 -2.44869350662
2024-10-24T17:23:00.000000 -1722.553794316 682.895452158 -6442.315067209 7.43490584165 0.47740563491 -1.94336350418
2024-10-24T17:24:00.000000 -1272.732754805 709.899901947 -6543.525265318 7.55320205821 0.42239068150 -1.42900528942
2024-10-24T17:25:00.000000 -816.885511745 733.542726322 -6613.663416066 7.63570554924 0.36539543561 -0.90803338277
2024-10-24T17:26:00.000000 -357.171286933 753.713061670 -6652.405735610 7.68205445300 0.30668576491 -0.38288518272
2024-10-24T17:27:00.000000 104.233774301 770.316174429 -6659.575164759 7.69204659121 0.24653425229 0.14398611775
2024-10-24T17:28:00.000000 565.146369083 783.273944280 -6635.142199173 7.66564732704 0.18522145463 0.67011819295
2024-10-24T17:29:00.000000 1023.386068436 792.525221485 -6579.224803959 7.60298403572 0.12303252198 1.19305927289
2024-10-24T17:30:00.000000 1476.784778960 798.026153885 -6492.087771296 7.50434272752 0.06025901589 1.71036689146
2024-10-24T17:31:00.000000 1923.196592300 799.750492723 -6374.141882598 7.37017650606 -0.00280505019 2.21962036705
2024-10-24T17:32:00.000000 2360.507628561 797.689605337 -6225.942180781 7.20109926155 -0.06586623580 2.71843249222
2024-10-24T17:33:00.000000 2786.645722636 791.852477307 -6048.185723051 6.99788806544 -0.12863076518 3.20445985951
2024-10-24T17:34:00.000000 3199.590061941 782.265721931 -5841.708386984 6.76147511138 -0.19080496785 3.67541972169
2024-10-24T17:35:00.000000 3597.380236426 768.973514849 -5607.481183061 6.49294241043 -0.25209759604 4.12909065268
2024-10-24T17:36:00.000000 3978.125349987 752.037404886 -5346.606319036 6.19352431306 -0.31222062464 4.56332380214
2024-10-24T17:37:00.000000 4340.012939121 731.536103625 -5060.312459521 5.86460030649 -0.37089072920 4.97605349630
2024-10-24T17:38:00.000000 4681.317630409 707.565125586 -4749.949494175 5.50769316009 -0.42783053485 5.36530697064
2024-10-24T17:39:00.000000 5000.409569533 680.236485443 -4416.982546425 5.12446262026 -0.48276845570 5.72921812301
2024-10-24T17:40:00.000000 5295.762299954 649.678178367 -4062.985268884 4.71669393358 -0.53544327415 6.06603579221
2024-10-24T17:41:00.000000 5565.960129461 616.033606329 -3689.632827153 4.28629345042 -0.58560274099 6.37412904372
2024-10-24T17:42:00.000000 5809.705224016 579.460998123 -3298.694365139 3.83528196582 -0.63300523589 6.65199790718
2024-10-24T17:43:00.000000 6025.824196449 540.132701899 -2892.024868161 3.36578529835 -0.67742197615 6.89828215255
2024-10-24T17:44:00.000000 6213.274141624 498.234384066 -2471.556556071 2.88002543244 -0.71863807407 7.11176910949
2024-10-24T17:45:00.000000 6371.148066760 453.964153853 -2039.289793293 2.38030915861 -0.75645365454 7.29140058646
2024-10-24T17:46:00.000000 6498.679726580 407.531649453 -1597.283627399 1.86901913082 -0.79068460588 7.43628056223
2024-10-24T17:47:00.000000 6595.247720864 359.157044666 -1147.645819376 1.34859866616 -0.82116396265 7.54568158185
2024-10-24T17:48:00.000000 6660.378793024 309.070012255 -692.522653725 0.82154078142 -0.84774200660 7.61904773543
2024-10-24T17:49:00.000000 6693.750443545 257.508672806 -234.088497129 0.29037511022 -0.87028726989 7.65599946871
2024-10-24T17:50:00.000000 6695.192688589 204.718440538 225.464838562 -0.24234615160 -0.88868816325 7.65633492674
2024-10-24T17:51:00.000000 6664.689044936 150.950819702 683.938769040 -0.77406041416 -0.90285349152 7.62003009956
2024-10-24T17:52:00.000000 6602.376842895 96.462141278 1139.138620132 -1.30220489045 -0.91271347267 7.54723988499
2024-10-24T17:53:00.000000 6508.546840564 41.512308533 1588.884462857 -1.82423134886 -0.91821889878 7.43830082601
2024-10-24T17:54:00.000000 6383.641819255 -13.636447820 2031.021886632 -2.33762225591 -0.91934093205 7.29372609522
2024-10-24T17:55:00.000000 6228.254449140 -68.720712942 2463.432553991 -2.83990092750 -0.91606937943 7.11420515154
2024-10-24T17:56:00.000000 6043.124455967 -123.477185739 2884.044743236 -3.32864472890 -0.90841919223 6.90060178305
2024-10-24T17:57:00.000000 5829.134797239 -177.644219686 3290.843600668 -3.80150515850 -0.89642998776 6.65394455849
2024-10-24T17:58:00.000000 5587.307099779 -230.963219296 3681.880500218 -4.25620538564 -0.88016307211 6.37541412425
2024-10-24T17:59:00.000000 5318.797255651 -283.179787990 4055.282691801 -4.69055357463 -0.85969670147 6.06635836172
2024-10-24T18:00:00.000000 5024.889431692 -334.044756096 4409.262902810 -5.10246832774 -0.83512773072 5.72827631499
2024-10-24T18:01:00.000000 4706.989047070 -383.315413553 4742.127767056 -5.48998700248 -0.80657423715 5.36279511562
2024-10-24T18:02:00.000000 4366.616004944 -430.756686662 5052.285433195 -5.85125951366 -0.77417251099 4.97167365596
2024-10-24T18:03:00.000000 4005.397231472 -476.142236004 5338.253287967 -6.18456977522 -0.73807734689 4.55678947019
2024-10-24T18:04:00.000000 3625.058732496 -519.255533098 5598.664520710 -6.48833010962 -0.69846105741 4.12012676052
2024-10-24T18:05:00.000000 3227.417617992 -559.890929811 5832.274735045 -6.76109537318 -0.65551366209 3.66377887023
2024-10-24T18:06:00.000000 2814.373154783 -597.854657945 6037.967900221 -7.00157246070 -0.60944100898 3.18992926989
2024-10-24T18:07:00.000000 2387.897551542 -632.965748104 6214.761404390 -7.20862335229 -0.56046363619 2.70083988273
2024-10-24T18:08:00.000000 1950.026571991 -665.056861195 6361.810485461 -7.38126882964 -0.50881495925 2.19884221986
2024-10-24T18:09:00.000000 1502.849822736 -693.975000569 6478.412012322 -7.51869310968 -0.45473958637 1.68632323900
2024-10-24T18:10:00.000000 1048.501018517 -719.582180859 6564.007490397 -7.62024186077 -0.39849289986 1.16571644486
2024-10-24T18:11:00.000000 589.148207882 -741.756000958 6618.185706647 -7.68542609993 -0.34033919435 0.63949681222
2024-10-24T18:12:00.000000 126.983575490 -760.390243737 6640.684941484 -7.71393151782 -0.28055385896 0.11016903363
2024-10-24T18:13:00.000000 -335.787026278 -775.395507573 6631.394152381 -7.70561543588 -0.21942069967 -0.41975034304
2024-10-24T18:14:00.000000 -796.954335570 -786.699524650 6590.353495571 -7.66050788216 -0.15722777371 -0.94774029420
2024-10-24T18:15:00.000000 -1254.316067414 -794.247567452 6517.754171376 -7.57881096139 -0.09427117512 -1.47128813772
2024-10-24T18:16:00.000000 -1705.687257174 -798.002744354 6413.937678089 -7.46090006755 -0.03084857445 -1.98789903862
2024-10-24T18:17:00.000000 -2148.910618738 -797.946052800 6279.394322801 -7.30732189399 0.03274108389 -2.49510962459
2024-10-24T18:18:00.000000 -2581.866698348 -794.076516713 6114.760942258 -7.11878959935 0.09619553318 -2.99050100023
2024-10-24T18:19:00.000000 -3002.483648462 -786.411389377 5920.818009984 -6.89617704232 0.15921005671 -3.47170385940
2024-10-24T18:20:00.000000 -3408.747045871 -774.986160256 5698.486500742 -6.64052457788 0.22148213650 -3.93640823578
2024-10-24T18:21:00.000000 -3798.709632245 -759.854370746 5448.823741857 -6.35302921354 0.28271248952 -4.38237926099
2024-10-24T18:22:00.000000 -4170.500663009 -741.087398734 5173.018796453 -6.03504439751 0.34260619442 -4.80746295824
2024-10-24T18:23:00.000000 -4522.335200602 -718.774137321 4872.387218901 -5.68807655792 0.40087471186 -5.20959902090
2024-10-24T18:24:00.000000 -4852.523115452 -693.020535110 4548.364922383 -5.31377636669 0.45723842342 -5.58683819160
2024-10-24T18:25:00.000000 -5159.477322675 -663.949045086 4202.501376380 -4.91392860740 0.51142653283 -5.93734467638
2024-10-24T18:26:00.000000 -5441.721877583 -631.698084647 3836.452468624 -4.49045109356 0.56317841484 -6.25941055606
2024-10-24T18:27:00.000000 -5697.899449901 -596.421336452 3451.972364118 -4.04537691829 0.61224551467 -6.55146830766
2024-10-24T18:28:00.000000 -5926.777915823 -558.287098716 3050.905064133 -3.58084663571 0.65838933765 -6.81209164621
2024-10-24T18:29:00.000000 -6127.256709565 -517.477581611 2635.175626758 -3.09910240190 0.70138534582 -7.04000721430
2024-10-24T18:30:00.000000 -6298.372470313 -474.188013835 2206.780734955 -2.60247405122 0.74102409066 -7.23410158311
2024-10-24T18:31:00.000000 -6439.304008100 -428.625705756 1767.778900888 -2.09336844892 0.77711268730 -7.39342848108
2024-10-24T18:32:00.000000 -6549.376512915 -381.009006046 1320.280258881 -1.57425591772 0.80947614272 -7.51721419645
2024-10-24T18:33:00.000000 -6628.064962625 -331.566222648 866.436085381 -1.04765689156 0.83795754526 -7.60486151031
2024-10-24T18:34:00.000000 -6674.996759691 -280.534506028 408.428125060 -0.51612976414 0.86241936377 -7.65595251840
2024-10-24T18:35:00.000000 -6689.953643963 -228.158647609 -51.542267482 0.01774162332 0.88274441385 -7.67025221507
2024-10-24T18:36:00.000000 -6672.872759325 -174.689864359 -511.265189899 0.55136340042 0.89883579452 -7.64771058830
2024-10-24T18:37:00.000000 -6623.846837787 -120.384547383 -968.533293289 1.08214575457 0.91061813271 -7.58846285274
2024-10-24T18:38:00.000000 -6543.123480153 -65.502961100 -1421.152860628 1.60751855666 0.91803756188 -7.49282750938
2024-10-24T18:39:00.000000 -6431.103595737 -10.307952996 -1866.954699653 2.12494373701 0.92106212863 -7.36130334902
2024-10-24T18:40:00.000000 -6288.339048643 44.936403712 -2303.804888306 2.63193002707 0.91968282685 -7.19456615729
2024-10-24T18:41:00.000000 -6115.529470093 99.966132563 -2729.615195555 3.12604473052 0.91391159090 -6.99346240654
2024-10-24T18:42:00.000000 -5913.518421002 154.518612890 -3142.353207479 3.60492530526 0.90378196203 -6.75900545502
2024-10-24T18:43:00.000000 -5683.288752654 208.333873956 -3540.052124747 4.06629287048 0.88934826546 -6.49236730503
2024-10-24T18:44:00.000000 -5425.957359161 261.155793644 -3920.820041419 4.50795979373 0.87068473758 -6.19487184076
2024-10-24T18:45:00.000000 -5142.769356803 312.733335966 -4282.848892178 4.92784153291 0.84788653024 -5.86798827728
2024-10-24T18:46:00.000000 -4835.091585064 362.821762754 -4624.422893660 5.32396681817 0.82106820947 -5.51332184097
2024-10-24T18:47:00.000000 -4504.405547108 411.183769785 -4943.926398420 5.69448599080 0.79036291462 -5.13260353578
2024-10-24T18:48:00.000000 -4152.299895772 457.590578758 -5239.851150145 6.03767815680 0.75592147781 -4.72768038356
2024-10-24T18:49:00.000000 -3780.462538861 501.822961483 -5510.802951802 6.35195640729 0.71791136536 -4.30050592621
2024-10-24T18:50:00.000000 -3390.672442388 543.672256173 -5755.507827992 6.63587389556 0.67651739254 -3.85313269464
2024-10-24T18:51:00.000000 -2984.790955276 582.941353907 -5972.817652887 6.88813226455 0.63193913821 -3.38770088245
2024-10-24T18:52:00.000000 -2564.752785914 619.445513270 -6161.715034267 7.10758502739 0.58438936180 -2.90642630750
2024-10-24T18:53:00.000000 -2132.556788558 653.013160288 -6321.317539916 7.29324122253 0.53409410107 -2.41158996993
2024-10-24T18:54:00.000000 -1690.256528707 683.486638810 -6450.881256056 7.44426830357 0.48129087724 -1.90552625549
2024-10-24T18:55:00.000000 -1239.950762388 710.722873431 -6549.803641127 7.55999201294 0.42622842990 -1.39061133422
2024-10-24T18:56:00.000000 -783.774004018 734.594045568 -6617.625829255 7.63989545822 0.36916592535 -0.86925802501
2024-10-24T18:57:00.000000 -323.886874579 754.988092026 -6654.034639388 7.68362589454 0.31036913460 -0.34390699990
2024-10-24T18:58:00.000000 137.533769343 771.809158050 -6658.863834472 7.69099533426 0.25011337485 0.18298587441
2024-10-24T18:59:00.000000 598.304778615 784.978152395 -6632.094618894 7.66198036412 0.18868049620 0.70896458199
2024-10-24T19:00:00.000000 1056.246236598 794.432985558 -6573.855453128 7.59671235497 0.12635629795 1.23157472074
2024-10-24T19:01:00.000000 1509.191121222 800.128924564 -6484.422057477 7.49549301854 0.06343279794 1.74836607250
2024-10-24T19:02:00.000000 1954.995679046 802.038764051 -6364.216230938 7.35879268101 0.00020155564 2.25692341234
2024-10-24T19:03:00.000000 2391.548963661 800.152827476 -6213.803496347 7.18723383724 -0.06304373744 2.75486910583
2024-10-24T19:04:00.000000 2816.782161180 794.479177665 -6033.891076334 6.98160146428 -0.12600598335 3.23986027934
2024-10-24T19:05:00.000000 3228.678499943 785.043681336 -5825.325024834 6.74284204767 -0.18838985984 3.70961553758
2024-10-24T19:06:00.000000 3625.282462654 771.889774791 -5589.086255370 6.47205037778 -0.24990474299 4.16192100928
2024-10-24T19:07:00.000000 4004.708649758 755.078261925 -5326.286378291 6.17046876449 -0.31026221545 4.59463537664
2024-10-24T19:08:00.000000 4365.150608746 734.687177816 -5038.163097363 5.83948670161 -0.36917646922 5.00569879173
2024-10-24T19:09:00.000000 4704.889596317 710.811545761 -4726.074869071 5.48063620244 -0.42636801783 5.39314817552
2024-10-24T19:10:00.000000 5022.302824918 683.562894944 -4391.494872481 5.09558351262 -0.48156580397 5.75512375052
2024-10-24T19:11:00.000000 5315.871376232 653.068815953 -4036.004482283 4.68612302438 -0.53450561876 6.08988009049
2024-10-24T19:12:00.000000 5584.187713587 619.472457883 -3661.286197350 4.25417239395 -0.58493396513 6.39579412190
2024-10-24T19:13:00.000000 5825.962800060 582.931815691 -3269.115925279 3.80176224641 -0.63260892556 6.67137606342
2024-10-24T19:14:00.000000 6040.032639926 543.619068749 -2861.354755020 3.33102769280 -0.67730025148 6.91527867496
2024-10-24T19:15:00.000000 6225.364058524 501.719795998 -2439.940181614 2.84419317702 -0.71879152978 7.12630142158
2024-10-24T19:16:00.000000 6381.060047890 457.432125367 -2006.877246386 2.34357223038 -0.75688143509 7.30339659019
2024-10-24T19:17:00.000000 6506.364677714 410.965739151 -1564.228893144 1.83155073515 -0.79138601356 7.44568230583
2024-10-24T19:18:00.000000 6600.666976550 362.540896605 -1114.105977194 1.31057318979 -0.82213662636 7.55244330657
2024-10-24T19:19:00.000000 6663.504226177 312.387442507 -658.657185028 0.78313483099 -0.84898282981 7.62313572395
2024-10-24T19:20:00.000000 6694.564494083 260.743722555 -200.058549831 0.25176439207 -0.87179138006 7.65739098566
2024-10-24T19:21:00.000000 6693.688423833 207.855547322 259.497008880 -0.28098214809 -0.89044710722 7.65501621418
2024-10-24T19:22:00.000000 6660.870452232 153.975023852 717.810479280 -0.81253817947 -0.90485588125 7.61600143285
2024-10-24T19:23:00.000000 6596.258898554 99.359225746 1172.687612325 -1.34034166161 -0.91494619146 7.54051435619
2024-10-24T19:24:00.000000 6500.155518280 44.268851308 1621.949608623 -1.86184305497 -0.92066874708 7.42890360873
2024-10-24T19:25:00.000000 6373.014131804 -11.033110447 2063.444031907 -2.37452589369 -0.92199622681 7.28169795055
2024-10-24T19:26:00.000000 6215.438268776 -66.282626478 2495.055403212 -2.87591764251 -0.91892095592 7.09960004066
2024-10-24T19:27:00.000000 6028.178243568 -121.215823033 2914.715576072 -3.36360040189 -0.91145627941 6.88348468575
2024-10-24T19:28:00.000000 5812.127411739 -175.570271158 3320.413935884 -3.83522610451 -0.89963694783 6.63439319364
2024-10-24T19:29:00.000000 5568.317715356 -229.086273679 3710.207178906 -4.28852491343 -0.88351914058 6.35352826599
2024-10-24T19:30:00.000000 5297.914405237 -281.508178548 4082.228945032 -4.72132769707 -0.86318265426 6.04224744690
2024-10-24T19:31:00.000000 5002.209931495 -332.585845226 4434.698181356 -5.13155709226 -0.83872943346 5.70203866690
2024-10-24T19:32:00.000000 4682.618516985 -382.075727898 4765.927922554 -5.51724282539 -0.81027742430 5.33455016352
2024-10-24T19:33:00.000000 4340.668472863 -429.741811850 5074.333920079 -5.87654839855 -0.77795999606 4.94155173747
2024-10-24T19:34:00.000000 3977.994681574 -475.356687526 5358.441651075 -6.20776037899 -0.74193117635 4.52493289560
2024-10-24T19:35:00.000000 3596.330643463 -518.702766840 5616.893388852 -6.50930614058 -0.70236362513 4.08669358808
2024-10-24T19:36:00.000000 3197.499964204 -559.573333573 5848.454395143 -6.77975604900 -0.65944717810 3.62893271281
2024-10-24T19:37:00.000000 2783.407511510 -597.773568484 6052.018530937 -7.01783125399 -0.61338813714 3.15383529065
2024-10-24T19:38:00.000000 2356.030367387 -633.121421872 6226.613098811 -7.22240386055 -0.56440516329 2.66366375421
2024-10-24T19:39:00.000000 1917.408645250 -665.448343935 6371.403362980 -7.39250219646 -0.51273032439 2.16075309580
2024-10-24T19:40:00.000000 1469.635882783 -694.600094589 6485.696545520 -7.52731719693 -0.45860759758 1.64749813352
2024-10-24T19:41:00.000000 1014.849203385 -720.437385690 6568.945137688 -7.62620673483 -0.40229177246 1.12634430752
2024-10-24T19:42:00.000000 555.219082723 -742.836593052 6620.749472102 -7.68870138650 -0.34405057385 0.59977125708
2024-10-24T19:43:00.000000 92.939096543 -761.690480325 6640.859297348 -7.71449913261 -0.28416072182 0.07027962300
2024-10-24T19:44:00.000000 -369.784190229 -776.908524892 6629.175022702 -7.70347108330 -0.22290359316 -0.45961232176
2024-10-24T19:45:00.000000 -830.741636337 -788.417390217 6585.748214566 -7.65565927154 -0.16057044123 -0.98738471768
2024-10-24T19:46:00.000000 -1287.731859796 -796.161365156 6510.781503987 -7.57128088661 -0.09745684591 -1.51052547628
2024-10-24T19:47:00.000000 -1738.571656209 -800.102597136 6404.627598742 -7.45072377365 -0.03386259785 -2.02654528458
2024-10-24T19:48:00.000000 -2181.106132758 -800.221310941 6267.787675624 -7.29454325334 0.02990999054 -2.53298604409
2024-10-24T19:49:00.000000 -2613.218698907 -796.515872585 6100.909244199 -7.10346061365 0.09355872935 -3.02743001230
2024-10-24T19:50:00.000000 -3032.840927682 -789.002815049 5904.783420827 -6.87835975183 0.15678002403 -3.50750846691
2024-10-24T19:51:00.000000 -3437.962414499 -777.716880545 5680.341832683 -6.62029183953 0.21927075982 -3.97090917851
2024-10-24T19:52:00.000000 -3826.640873399 -762.710935658 5428.652627107 -6.33047490121 0.28073122177 -4.41539773585
2024-10-24T19:53:00.000000 -4197.011689274 -744.055607694 5150.915272905 -6.01027747327 0.34086803415 -4.83883093868
2024-10-24T19:54:00.000000 -4547.296822443 -721.839058341 4848.455071865 -5.66121743167 0.39939079709 -5.23915994531
2024-10-24T19:55:00.000000 -4875.813657538 -696.166647856 4522.717029523 -5.28495561991 0.45601709835 -5.61444525101
2024-10-24T19:56:00.000000 -5180.983275213 -667.160397900 4175.259059760 -4.88328699442 0.51047412243 -5.96286401535
2024-10-24T19:57:00.000000 -5461.338322935 -634.958410027 3807.744666340 -4.45813354210 0.56249868850 -6.28272127804
2024-10-24T19:58:00.000000 -5715.530313769 -599.714253387 3421.935036198 -4.01153440332 0.61183881654 -6.57245692257
2024-10-24T19:59:00.000000 -5942.336435548 -561.596230357 3019.680704371 -3.54563802066 0.65825544316 -6.83065409650
2024-10-24T20:00:00.000000 -6140.665887986 -520.786585818 2602.912711982 -3.06269498706 0.70152329031 -7.05604839542
2024-10-24T20:01:00.000000 -6309.565605254 -477.480630248 2173.633089983 -2.56504306245 0.74143192543 -7.24753862411
2024-10-24T20:02:00.000000 -6448.225100120 -431.885851723 1733.904952228 -2.05509551362 0.77778633974 -7.40419095230
2024-10-24T20:03:00.000000 -6555.980643282 -384.220892944 1285.842240039 -1.53532832560 0.81041022759 -7.52524590994
2024-10-24T20:04:00.000000 -6632.318554706 -334.714386054 831.599173176 -1.00826520643 0.83914664248 -7.61012030306
2024-10-24T20:05:00.000000 -6676.877763730 -283.603828071 373.359623982 -0.47646767042 0.86385708987 -7.65840982537
2024-10-24T20:06:00.000000 -6689.451697642 -231.134445730 -86.673772775 0.05747843528 0.88442275282 -7.66989388152
2024-10-24T20:07:00.000000 -6669.989290242 -177.557954679 -546.290705945 0.59097777554 0.90074629500 -7.64453739934
2024-10-24T20:08:00.000000 -6618.595099480 -123.131258107 -1003.284353243 1.12144111759 0.91275215176 -7.58249160604
2024-10-24T20:09:00.000000 -6535.528442983 -68.115143740 -1455.462475921 1.64630134139 0.92038635672 -7.48409063265
2024-10-24T20:10:00.000000 -6421.201670952 -12.772999919 -1900.658252434 2.16302633682 0.92361608293 -7.34984661630
2024-10-24T20:11:00.000000 -6276.177782279 42.630469920 -2336.740834008 2.66912839290 0.92243069029 -7.18044659761
2024-10-24T20:12:00.000000 -6101.167344974 97.830581707 -2761.625808458 3.16217874230 0.91684094921 -6.97675037631
2024-10-24T20:13:00.000000 -5897.024559431 152.563918425 -3173.285372848 3.63982060032 0.90687865956 -6.73978408336
2024-10-24T20:14:00.000000 -5664.742554844 206.569623671 -3569.758084450 4.09978147258 0.89259718340 -6.47073207276
2024-10-24T20:15:00.000000 -5405.448062744 259.590660644 -3949.158110323 4.53988181174 0.87407038775 -6.17092937641
2024-10-24T20:16:00.000000 -5120.395555326 311.375026920 -4309.684093660 4.95804492046 0.85139211214 -5.84185542940
2024-10-24T20:17:00.000000 -4810.960784553 361.676947287 -4649.627569869 5.35230659850 0.82467608851 -5.48512608267
2024-10-24T20:18:00.000000 -4478.633688097 410.258045132 -4967.380889036 5.72082643573 0.79405509568 -5.10248380456
2024-10-24T20:19:00.000000 -4125.010741355 456.888468394 -5261.444430676 6.06189424720 0.75968011020 -4.69578533456
2024-10-24T20:20:00.000000 -3751.787019416 501.347917291 -5530.433200810 6.37393476830 0.72171863396 -4.26699360497
2024-10-24T20:21:00.000000 -3360.747869553 543.426651313 -5773.082921948 6.65551523944 0.68035502878 -3.81816760146
2024-10-24T20:22:00.000000 -2953.760204268 582.926468189 -5988.255439133 6.90534991546 0.63578927265 -3.35145046353
2024-10-24T20:23:00.000000 -2532.763642367 619.661594975 -6174.943500486 7.12230174616 0.58823545663 -2.86906182135
2024-10-24T20:24:00.000000 -2099.761338551 653.459481563 -6332.275138034 7.30539176216 0.53791995301 -2.37328862298
2024-10-24T20:25:00.000000 -1656.810367195 684.161492370 -6459.517117428 7.45380001189 0.48507985308 -1.86646615887
2024-10-24T20:26:00.000000 -1206.012387838 711.623491750 -6556.077676301 7.56686115300 0.42996161384 -1.35097485245
2024-10-24T20:27:00.000000 -749.504153789 735.716485753 -6621.509063532 7.64407162713 0.37282364852 -0.82923257584
2024-10-24T20:28:00.000000 -289.447684447 756.327305791 -6655.509384534 7.68509281981 0.31393488261 -0.30368057623
2024-10-24T20:29:00.000000 171.979560807 773.359207997 -6657.923570980 7.68974810864 0.25357291302 0.22322944080
2024-10-24T20:30:00.000000 632.594295826 786.732194528 -6628.743839333 7.65801926402 0.19201808679 0.74903962677
2024-10-24T20:31:00.000000 1090.217034328 796.383214098 -6568.110085911 7.59005441808 0.12955528647 1.27128727418
2024-10-24T20:32:00.000000 1542.682388660 802.266486702 -6476.309451863 7.48617269231 0.06647545412 1.78753149214
2024-10-24T20:33:00.000000 1987.848811958 804.353822219 -6353.774655499 7.34684917575 0.00307341258 2.29535921969
2024-10-24T20:34:00.000000 2423.608117653 802.634781499 -6201.082361787 7.17272258936 -0.06035444705 2.79238798991
2024-10-24T20:35:00.000000 2847.895389558 797.116683513 -6018.950746547 6.96459435265 -0.12351257962 3.27628612304
2024-10-24T20:36:00.000000 3258.698364436 787.824560010 -5808.236156358 6.72341733942 -0.18610631070 3.74477980656
2024-10-24T20:37:00.000000 3654.066482832 774.801087716 -5569.929538282 6.45029603566 -0.24784213296 4.19565765427
2024-10-24T20:38:00.000000 4032.120009774 758.106458647 -5305.152331731 6.14648552861 -0.30843032394 4.62678354627
2024-10-24T20:39:00.000000 4391.058866399 737.818130511 -5015.151671300 5.81338599932 -0.36758463970 5.03610477080
2024-10-24T20:40:00.000000 4729.171346541 714.030587644 -4701.295035900 5.45254154299 -0.42502491386 5.42166578168
2024-10-24T20:41:00.000000 5044.842363944 686.854880615 -4365.064014803 5.06562705337 -0.48047844863 5.78161849503
2024-10-24T20:42:00.000000 5336.561195554 656.418208495 -4008.047804658 4.65444671779 -0.53368068219 6.11422626620
2024-10-24T20:43:00.000000 5602.929057176 622.863302135 -3631.936018608 4.22092417937 -0.58437793986 6.41788036888
2024-10-24T20:44:00.000000 5842.665814708 586.347864989 -3238.510961252 3.76709152275 -0.63232529267 6.69109909628
2024-10-24T20:45:00.000000 6054.616645441 547.043884130 -2829.639777612 3.29509202390 -0.67729221689 6.93254041811
2024-10-24T20:46:00.000000 6237.758165971 505.136755845 -2407.265534562 2.80716066463 -0.71906168105 7.14101567326
2024-10-24T20:47:00.000000 6391.203595796 460.824536007 -1973.398016121 2.30561539810 -0.75742908294 7.31549061755
2024-10-24T20:48:00.000000 6514.207500210 414.317064790 -1530.104167254 1.79284625151 -0.79220709590 7.45509540752
2024-10-24T20:49:00.000000 6606.169614167 365.834888157 -1079.498231023 1.27130251940 -0.82322547139 7.55912304249
2024-10-24T20:50:00.000000 6666.638369106 315.608279224 -623.731694585 0.74348813930 -0.85033105329 7.62704202255
2024-10-24T20:51:00.000000 6695.313481810 263.876065632 -164.982489053 0.21193868669 -0.87339200383 7.65850183435
2024-10-24T20:52:00.000000 6692.047333732 210.884427615 294.555735464 -0.32079430293 -0.89229412748 7.65332801354
2024-10-24T20:53:00.000000 6656.845713123 156.885871504 752.684060856 -0.85214949292 -0.90694194450 7.61151944541
2024-10-24T20:54:00.000000 6589.868294446 102.137962950 1207.208826492 -1.37956056791 -0.91726203894 7.53325509299
2024-10-24T20:55:00.000000 6491.428298482 46.902032725 1655.952747481 -1.90048006376 -0.92320260624 7.41890048233
2024-10-24T20:56:00.000000 6361.990791518 -8.558161651 2096.765830954 -2.41239580734 -0.92473443653 7.26899878002
2024-10-24T20:57:00.000000 6202.170278066 -63.977742624 2527.535836961 -2.91283961479 -0.92184921858 7.08426470863
2024-10-24T20:58:00.000000 6012.727783723 -119.091987542 2946.198550501 -3.39939816598 -0.91456049822 6.86558399393
2024-10-24T20:59:00.000000 5794.567174822 -173.637577641 3350.747983547 -3.86972596891 -0.90290148882 6.61401194756
2024-10-24T21:00:00.000000 5548.730524181 -227.353901850 3739.246385950 -4.32156416619 -0.88692994752 6.33076487717
2024-10-24T21:01:00.000000 5276.392639069 -279.984484323 4109.833411912 -4.75274698165 -0.86672452213 6.01720495628
2024-10-24T21:02:00.000000 4978.855487095 -331.278067882 4460.734829037 -5.16120392194 -0.84238114150 5.67484207990
2024-10-24T21:03:00.000000 4657.541844012 -380.989805743 4790.271323134 -5.54498088619 -0.81401741763 5.30532655161
2024-10-24T21:04:00.000000 4313.988162815 -428.882442600 5096.866467426 -5.90224338056 -0.78176880915 4.91043774688
2024-10-24T21:05:00.000000 3949.837037777 -474.727508161 5379.054325907 -6.23129048515 -0.74579291808 4.49207611128
2024-10-24T21:06:00.000000 3566.828927101 -518.306500119 5635.486191813 -6.53056114236 -0.70626280850 4.05224714756
2024-10-24T21:07:00.000000 3166.793733928 -559.411681889 5864.936624213 -6.79863509501 -0.66336520774 3.59305339503
2024-10-24T21:08:00.000000 2751.642199122 -597.847059117 6066.309136762 -7.03424000907 -0.61730472583 3.11668908972
2024-10-24T21:09:00.000000 2323.356764930 -633.429354253 6238.641323898 -7.23625871703 -0.56829995430 2.62542742489
2024-10-24T21:10:00.000000 1883.982158850 -665.988789557 6381.109246451 -7.40373236659 -0.51658243529 2.12160891564
2024-10-24T21:11:00.000000 1435.615839856 -695.369893747 6493.031284183 -7.53586400171 -0.46239775246 1.60763642684
2024-10-24T21:12:00.000000 980.397885805 -721.432332611 6573.871477851 -7.63203068255 -0.40600383221 1.08595750383
2024-10-24T21:13:00.000000 520.500758666 -744.051461422 6623.241535483 -7.69177314838 -0.34766576934 0.55904781924
2024-10-24T21:14:00.000000 58.119458467 -763.118861533 6640.902758150 -7.71480352721 -0.28765982974 0.02941493015
2024-10-24T21:15:00.000000 -404.538964132 -778.542990988 6626.767161627 -7.70100495625 -0.22627155557 -0.50042576509
2024-10-24T21:16:00.000000 -865.265560559 -790.249630898 6580.897944191 -7.65043322786 -0.16379262244 -1.02795294683
2024-10-24T21:17:00.000000 -1321.859957036 -798.182222268 6503.509280226 -7.56331734504 -0.10051962309 -1.55065735884
2024-10-24T21:18:00.000000 -1772.140604837 -802.302108705 6394.965294273 -7.44005545234 -0.03675291561 -2.06605112030
2024-10-24T21:19:00.000000 -2213.954939542 -802.588781876 6255.778500756 -7.28121517271 0.02720334392 -2.57167848867
2024-10-24T21:20:00.000000 -2645.189361293 -799.039988529 6086.607559412 -7.08752759658 0.09104557196 -3.06512316845
2024-10-24T21:21:00.000000 -3063.779235506 -791.671642275 5888.254788834 -6.85989460721 0.15447138253 -3.54401676779
2024-10-24T21:22:00.000000 -3467.719018194 -780.517788339 5661.662635448 -6.59938206116 0.21717896331 -4.00605843176
2024-10-24T21:23:00.000000 -3855.071857253 -765.630534097 5407.909412790 -6.30721364261 0.27886820118 -4.44902102228
2024-10-24T21:24:00.000000 -4223.979089720 -747.079928903 5128.204582771 -5.98477157612 0.33924160597 -4.87076375023
2024-10-24T21:25:00.000000 -4572.669430667 -724.953644292 4823.883030530 -5.63358388613 0.39800989637 -5.26924638843
2024-10-24T21:26:00.000000 -4899.467622144 -699.356529785 4496.398990246 -5.25532373058 0.45488915333 -5.64253444623
2024-10-24T21:27:00.000000 -5202.802878076 -670.410237840 4147.319115829 -4.85179772617 0.50960413516 -5.98881582510
2024-10-24T21:28:00.000000 -5481.216586641 -638.252621179 3778.315020490 -4.42493757349 0.56189011569 -6.30640541279
2024-10-24T21:29:00.000000 -5733.369598761 -603.037075613 3391.155345315 -3.97679154734 0.61149391137 -6.59375570050
2024-10-24T21:30:00.000000 -5958.048883913 -564.931829065 2987.697313770 -3.50951441543 0.65817433610 -6.84946209884
2024-10-24T21:31:00.000000 -6154.173769753 -524.119169115 2569.877970008 -3.02536249282 0.70170461048 -7.07227028147
2024-10-24T21:32:00.000000 -6320.801780035 -480.794498782 2139.704748624 -2.52668273623 0.74187425704 -7.26109057964
2024-10-24T21:33:00.000000 -6457.133497331 -435.165375333 1699.245380235 -2.01589500998 0.77848863580 -7.41500285399
2024-10-24T21:34:00.000000 -6562.516600436 -387.450529247 1250.617596476 -1.49547993812 0.81137027671 -7.53326133349
2024-10-24T21:35:00.000000 -6636.449111705 -337.878786826 795.978596901 -0.96796692613 0.84036036582 -7.61529718823
2024-10-24T21:36:00.000000 -6678.581910909 -286.687916045 337.514242622 -0.43591878233 0.86531953645 -7.66072356153
2024-10-24T21:37:00.000000 -6688.720377841 -234.123473017 -122.571803046 0.09807852429 0.88612789364 -7.66933481494
2024-10-24T21:38:00.000000 -6666.825398713 -180.437568685 -582.069123660 0.63143060104 0.90268703275 -7.64111172905
2024-10-24T21:39:00.000000 -6613.013317066 -125.887555074 -1038.771728653 1.16155295388 0.91492055731 -7.57622044328
2024-10-24T21:40:00.000000 -6527.554873393 -70.734732066 -1490.488987704 1.68588481264 0.92277320532 -7.47500554378
2024-10-24T21:41:00.000000 -6410.873603088 -15.243109764 -1935.056212781 2.20189479866 0.92620962081 -7.33798762814
2024-10-24T21:42:00.000000 -6263.543761993 40.321806782 -2370.345336593 2.70709383746 0.92521608939 -7.16586719724
2024-10-24T21:43:00.000000 -6086.287119064 95.694416341 -2794.275614688 3.19905646643 0.91980302395 -6.95951923903
2024-10-24T21:44:00.000000 -5879.968799675 150.610409195 -3204.823793499 3.67543120854 0.91000265777 -6.71998391073
2024-10-24T21:45:00.000000 -5645.592535561 204.808042119 -3600.033786862 4.13395091961 0.89586830795 -6.44845873006
2024-10-24T21:46:00.000000 -5384.295345552 258.029385299 -3978.025936699 4.57244151754 0.87747345867 -6.14629317922
2024-10-24T21:47:00.000000 -5097.341561101 310.021461777 -4337.005951870 4.98883563394 0.85490968431 -5.81498130998
2024-10-24T21:48:00.000000 -4786.116087860 360.537442222 -4675.273198458 5.38118257798 0.82829130181 -5.45614865691
2024-10-24T21:49:00.000000 -4452.117314630 409.338006775 -4991.228287079 5.74765102299 0.79775286985 -5.07154474329
2024-10-24T21:50:00.000000 -4096.949621743 456.192393591 -5283.380402096 6.08654099543 0.76344536414 -4.66303610864
2024-10-24T21:51:00.000000 -3722.315357966 500.879405493 -5550.353903870 6.39628778939 0.72553611998 -4.23259488625
2024-10-24T21:52:00.000000 -3330.006416771 543.188341024 -5790.894428628 6.67547297648 0.68420806434 -3.78228811477
2024-10-24T21:53:00.000000 -2921.895382451 582.919961307 -6003.874009129 6.92282373919 0.63965982560 -3.31426068971
2024-10-24T21:54:00.000000 -2499.926919536 619.887348366 -6188.295742303 7.13721246429 0.59210348861 -2.83073703952
2024-10-24T21:55:00.000000 -2066.108580836 653.916720464 -6343.298332871 7.31767166405 0.54176458710 -2.33400894265
2024-10-24T21:56:00.000000 -1622.501213707 684.848208423 -6468.159534851 7.46339154003 0.48888155529 -1.82641833031
2024-10-24T21:57:00.000000 -1171.209497667 712.536617240 -6562.298958201 7.57372164324 0.43370435571 -1.31035008548
2024-10-24T21:58:00.000000 -714.372296275 736.852029439 -6625.280315646 7.64817309749 0.37649235086 -0.78822092352
2024-10-24T21:59:00.000000 -254.152988040 757.680366919 -6656.813001010 7.68641686547 0.31751398055 -0.26246902671
2024-10-24T22:00:00.000000 207.270084721 774.923879875 -6656.753247625 7.68828387971 0.25704434802 0.26444993550
2024-10-24T22:01:00.000000 667.713365176 788.501450423 -6625.105004137 7.65377111127 0.19536308617 0.79006961871
2024-10-24T22:02:00.000000 1124.998255206 798.348954106 -6562.020033549 7.58304550212 0.13275722410 1.31193286344
2024-10-24T22:03:00.000000 1576.961026575 804.419666008 -6467.796947644 7.47643515194 0.06951867365 1.82760265988
2024-10-24T22:04:00.000000 2021.462413584 806.684384024 -6342.879861935 7.33442758204 0.00593995455 2.33466608855
2024-10-24T22:05:00.000000 2456.397367476 805.131631836 -6187.856741475 7.15767667080 -0.05768030154 2.83074521611
2024-10-24T22:06:00.000000 2879.704865140 799.767886709 -6003.456651590 6.94699332494 -0.12104367898 3.31351523491
2024-10-24T22:07:00.000000 3289.377075362 790.617450525 -5790.546585280 6.70334083951 -0.18385417409 3.78070386316
2024-10-24T22:08:00.000000 3683.468686367 777.722303417 -5550.127975493 6.42783891022 -0.24581880052 4.23010584591
2024-10-24T22:09:00.000000 4060.105915839 761.141939673 -5283.332225672 6.12175076514 -0.30664628782 4.65959320399
2024-10-24T22:10:00.000000 4417.495213676 740.953261162 -4991.416096035 5.78648897860 -0.36604837571 5.06711881224
2024-10-24T22:11:00.000000 4753.932110971 717.250283551 -4675.756201364 5.42360745256 -0.42374327950 5.45073628280
2024-10-24T22:12:00.000000 5067.809333663 690.143698307 -4337.842793828 5.03479157180 -0.47945689825 5.80860497984
2024-10-24T22:13:00.000000 5357.624602443 659.760409564 -3979.273168484 4.62185468311 -0.53292318311 6.13899964088
2024-10-24T22:14:00.000000 5621.988020378 626.242991512 -3601.744405106 4.18672773394 -0.58388604049 6.44032018261
2024-10-24T22:15:00.000000 5859.628911035 589.749069508 -3207.045728977 3.73145341316 -0.63210012350 6.71109636260
2024-10-24T22:16:00.000000 6069.402389832 550.450604951 -2797.050409476 3.25818020340 -0.67733322130 6.94999913940
2024-10-24T22:17:00.000000 6250.295344404 508.533085949 -2373.706965990 2.76915009475 -0.71936668033 7.15585050352
2024-10-24T22:18:00.000000 6401.431680806 464.194684558 -1939.029899067 2.26668635841 -0.75799658614 7.32762978025
2024-10-24T22:19:00.000000 6522.076879029 417.645344793 -1495.090120122 1.75318325991 -0.79303458122 7.46447825980
2024-10-24T22:20:00.000000 6611.641946028 369.105821578 -1044.005046830 1.23109532566 -0.82430884408 7.56570553934
2024-10-24T22:21:00.000000 6669.686611359 318.806646029 -587.928366870 0.70292332504 -0.85166562343 7.63079306604
2024-10-24T22:22:00.000000 6695.921787438 266.987003048 -129.039665899 0.17120422155 -0.87497021995 7.65939725757
2024-10-24T22:23:00.000000 6690.211371024 213.893584023 330.466270568 -0.36150226332 -0.89410729496 7.65135597318
2024-10-24T22:24:00.000000 6652.573017316 159.779386274 788.390390563 -0.89263349128 -0.90898215356 7.60668715034
2024-10-24T22:25:00.000000 6583.178134855 104.902452779 1242.539887362 -1.41962618387 -0.91952131325 7.52558281214
2024-10-24T22:26:00.000000 6482.351621565 49.524620083 1690.739084910 -1.93993269592 -0.92567167596 7.40842216731
2024-10-24T22:27:00.000000 6350.570186133 -6.089744529 2130.840479984 -2.45104233860 -0.92740254621 7.25576386805
2024-10-24T22:28:00.000000 6188.459730156 -61.675103339 2560.735285111 -2.95049417631 -0.92470497170 7.06833799725
2024-10-24T22:29:00.000000 5996.792227392 -116.965965789 2978.363538689 -3.43588112905 -0.91758939771 6.84704278527
2024-10-24T22:30:00.000000 5776.482118285 -171.698117293 3381.724261771 -3.90486464425 -0.90608892537 6.59294475029
2024-10-24T22:31:00.000000 5528.581727845 -225.610081465 3768.885252487 -4.35518879141 -0.89026132490 6.30726918495
2024-10-24T22:32:00.000000 5254.275907535 -278.444454313 4137.992471837 -4.78469364791 -0.87018339893 5.99139392937
2024-10-24T22:33:00.000000 4954.876136580 -329.949021407 4487.278905558 -5.19132033896 -0.84595259484 5.64684196909
2024-10-24T22:34:00.000000 4631.813968557 -379.878030176 4815.073029865 -5.57312576251 -0.81768565011 5.27527062147
2024-10-24T22:35:00.000000 4286.634058803 -427.993249393 5119.806664070 -5.92828499285 -0.78551684776 4.87846744131
2024-10-24T22:36:00.000000 3920.986628370 -474.065066807 5400.022567888 -6.25510591459 -0.74959943735 4.45834007989
2024-10-24T22:37:00.000000 3536.619268657 -517.873645546 5654.381215151 -6.55203558864 -0.71010575512 4.01690308535
2024-10-24T22:38:00.000000 3135.368464434 -559.210002157 5881.666939096 -6.81766493667 -0.66722468991 3.55626888678
2024-10-24T22:39:00.000000 2719.150810640 -597.876897605 6080.793467657 -7.05073267641 -0.62115882547 3.07863698403
2024-10-24T22:40:00.000000 2289.954018207 -633.689769964 6250.809018399 -7.25013202493 -0.57212875473 2.58628917230
2024-10-24T22:41:00.000000 1849.827344270 -666.477736576 6390.900779376 -7.41491814534 -0.52036851587 2.08157385256
2024-10-24T22:42:00.000000 1400.871808005 -696.084297903 6500.398596240 -7.54431150500 -0.46612395533 1.56689569582
2024-10-24T22:43:00.000000 945.230196716 -722.368060360 6578.777919961 -7.63769853881 -0.40965222566 1.04470188612
2024-10-24T22:44:00.000000 485.077129513 -745.203370054 6625.662198041 -7.69463422377 -0.35122102675 0.51747680434
2024-10-24T22:45:00.000000 22.608714615 -764.480931071 6640.824506370 -7.71484429844 -0.29110750183 -0.01227854663
2024-10-24T22:46:00.000000 -439.967443446 -780.108322568 6624.188566610 -7.69822291565 -0.22959680164 -0.54204441970
2024-10-24T22:47:00.000000 -900.442681189 -792.010436574 6575.829357248 -7.64483957577 -0.16698073161 -1.06930175309
2024-10-24T22:48:00.000000 -1356.617636978 -800.129835303 6495.972675239 -7.55493410780 -0.10355604221 -1.59154364800
2024-10-24T22:49:00.000000 -1806.312401549 -804.427002326 6384.994221803 -7.42891577487 -0.03962346123 -2.10628146966
2024-10-24T22:50:00.000000 -2247.376776674 -804.880551019 6243.418163282 -7.26736538575 0.02451407558 -2.61105750561
2024-10-24T22:51:00.000000 -2677.700476754 -801.487294280 6071.914869067 -7.07103182326 0.08855251286 -3.10345788484
2024-10-24T22:52:00.000000 -3095.223093223 -794.262334563 5871.298008281 -6.84082876670 0.15218670180 -3.58112084898
2024-10-24T22:53:00.000000 -3497.944033261 -783.239058942 5642.521115792 -6.57783622809 0.21511264455 -4.04174930062
2024-10-24T22:54:00.000000 -3883.932283525 -768.468995193 5386.673144602 -6.28329090785 0.27702972731 -4.48312752090
2024-10-24T22:55:00.000000 -4251.335583165 -750.021617155 5104.973548890 -5.95858249038 0.33764070019 -4.90312250284
2024-10-24T22:56:00.000000 -4598.389619010 -727.984083756 4798.766876466 -5.60525097787 0.39665337235 -5.29969949920
2024-10-24T22:57:00.000000 -4923.426837848 -702.460868065 4469.516536262 -5.22498052491 0.45378346559 -5.67093412639
2024-10-24T22:58:00.000000 -5224.884731832 -673.573251061 4118.797779848 -4.81958677588 0.50875478919 -6.01502318109
2024-10-24T22:59:00.000000 -5501.313513375 -641.458798941 3748.290266725 -4.39101018553 0.56130117453 -6.33029102258
2024-10-24T23:00:00.000000 -5751.383413711 -606.270705627 3359.770169975 -3.94131000481 0.61116828833 -6.61519825268
2024-10-24T23:01:00.000000 -5973.891499996 -568.177016354 2955.101623308 -3.47265248113 0.65811516459 -6.86835329982
2024-10-24T23:02:00.000000 -6167.767772357 -527.359872581 2536.227666507 -2.98730078587 0.70191326236 -7.08851902780
2024-10-24T23:03:00.000000 -6332.080624028 -484.014672328 2105.160768993 -2.48760313499 0.74234949817 -7.27461885478
2024-10-24T23:04:00.000000 -6466.041681910 -438.349116999 1663.973027319 -1.97598421312 0.77922712982 -7.42574350740
2024-10-24T23:05:00.000000 -6569.009999912 -390.582177222 1214.785826480 -1.45493042394 0.81236742238 -7.54116009372
2024-10-24T23:06:00.000000 -6640.495281707 -340.942969795 759.759185192 -0.92697503347 0.84161112926 -7.62031432849
2024-10-24T23:07:00.000000 -6680.160263587 -289.669601191 301.080938249 -0.39468349518 0.86681749279 -7.66283303197
2024-10-24T23:08:00.000000 -6687.822337165 -237.008060576 -159.044131283 0.13935618928 0.88786512006 -7.66852572396
2024-10-24T23:09:00.000000 -6663.454396735 -183.210972770 -618.405426681 0.67255225231 0.90465408506 -7.63738811371
2024-10-24T23:10:00.000000 -6607.184653481 -128.536344169 -1074.797485312 1.20231971495 0.91710514679 -7.56959581692
2024-10-24T23:11:00.000000 -6519.295926230 -73.246275637 -1526.030901778 1.72609342742 0.92516086647 -7.46550827180
2024-10-24T23:12:00.000000 -6400.223991773 -17.605669959 -1969.943251037 2.24134150192 0.92878589646 -7.32566550968
2024-10-24T23:13:00.000000 -6250.555110054 38.119161695 -2404.409920281 2.74558324068 0.92796816349 -7.15078609001
2024-10-24T23:14:00.000000 -6071.022575577 93.661838114 -2827.354489259 3.23639898931 0.92271759281 -6.94175765877
2024-10-24T23:15:00.000000 -5862.502696095 148.757243791 -3236.758833508 3.71144435972 0.91306617769 -6.69963410935
2024-10-24T23:16:00.000000 -5626.009894718 203.142784161 -3630.672777279 4.16846071682 0.89906575781 -6.42562543503
2024-10-24T23:17:00.000000 -5362.691335225 256.559598879 -4007.223320715 4.60528439067 0.88078920897 -6.12109315740
2024-10-24T23:18:00.000000 -5073.820836455 308.753823077 -4364.623462209 5.01985850784 0.85833005060 -5.78754063098
2024-10-24T23:19:00.000000 -4760.792223541 359.477819330 -4701.180430284 5.41024127557 0.83180218867 -5.42660390310
2024-10-24T23:20:00.000000 -4425.112167249 408.491345812 -5015.303344057 5.77461411405 0.80133796208 -5.04004160154
2024-10-24T23:21:00.000000 -4068.392617333 455.562638994 -5305.510280343 6.11128710867 0.76708751548 -4.62972572524
2024-10-24T23:22:00.000000 -3692.342895025 500.469456568 -5570.434838152 6.41870573200 0.72921797935 -4.19763337472
2024-10-24T23:23:00.000000 -3298.761385155 543.000055426 -5808.832165772 6.69545659285 0.68791200703 -3.74583799974
2024-10-24T23:24:00.000000 -2889.526837689 582.954151371 -6019.584502260 6.94027608785 0.64336923213 -3.27650018193
2024-10-24T23:25:00.000000 -2466.589114447 620.143913475 -6201.705899873 7.15205739752 0.59580430827 -2.79184977688
2024-10-24T23:26:00.000000 -2031.959967677 654.394733500 -6354.345972253 7.32984323305 0.54544305288 -2.29417638105
2024-10-24T23:27:00.000000 -1587.703932120 685.545890003 -6476.793544942 7.47283417743 0.49252263843 -1.78582822314
2024-10-24T23:28:00.000000 -1135.928589834 713.451230982 -6568.479603657 7.58039421695 0.43729167319 -1.26919311677
2024-10-24T23:29:00.000000 -678.774908995 737.979855076 -6628.979291867 7.65204542301 0.38000915676 -0.74668761017
2024-10-24T23:30:00.000000 -218.407822101 759.016628608 -6658.013546617 7.68746788689 0.32094178976 -0.22075438816
2024-10-24T23:31:00.000000 242.993460079 776.462650493 -6655.450525340 7.68650730179 0.26036382305 0.30614361388
2024-10-24T23:32:00.000000 703.245604835 790.235731217 -6621.306295180 7.64917956919 0.19855814828 0.83154282234
2024-10-24T23:33:00.000000 1160.171128935 800.270827724 -6555.744439017 7.57566345227 0.13581260622 1.35299012543
2024-10-24T23:34:00.000000 1611.608166853 806.520273866 -6459.075183005 7.46629963140 0.07241862131 1.86805291881
2024-10-24T23:35:00.000000 2055.419974827 808.953980221 -6331.754017593 7.32158627279 0.00867069698 2.37432051868
2024-10-24T23:36:00.000000 2489.504767416 807.559641687 -6174.380164780 7.14219042149 -0.05513303619 2.86941776429
2024-10-24T23:37:00.000000 2911.805548689 802.342866644 -5987.693740627 6.92893573165 -0.11869427577 3.35102416228
2024-10-24T23:38:00.000000 3320.319258305 793.327122426 -5772.572386080 6.68279617083 -0.18171578078 3.81687652135
2024-10-24T23:39:00.000000 3713.105806124 780.553717787 -5530.027724546 6.40489775190 -0.24390022841 4.26477322775
2024-10-24T23:40:00.000000 4088.297306099 764.081702954 -5261.201261222 6.09651995931 -0.30495441388 4.69258964961
2024-10-24T23:41:00.000000 4444.106993886 743.987560219 -4967.359356961 5.75908633363 -0.36459021856 5.09828986110
2024-10-24T23:42:00.000000 4778.837695851 720.364890138 -4649.887646507 5.39415871131 -0.42252558430 5.47993518526
2024-10-24T23:43:00.000000 5090.889982250 693.323999708 -4310.284970073 5.00343249764 -0.47848575723 5.83569256608
2024-10-24T23:44:00.000000 5378.769990761 662.991438727 -3950.156725360 4.58872998097 -0.53220424653 6.16384474296
2024-10-24T23:45:00.000000 5641.096816667 629.509478066 -3571.207645926 4.15199304826 -0.58342371095 6.46279920460
2024-10-24T23:46:00.000000 5876.609474819 593.035511340 -3175.234027766 3.69527540490 -0.63189768148 6.73109807634
2024-10-24T23:47:00.000000 6084.173292907 553.741360610 -2764.115393122 3.22073229688 -0.67739191517 6.96742613928
2024-10-24T23:48:00.000000 6262.785743530 511.812485444 -2339.805699056 2.73061137331 -0.71968644951 7.17061902497
2024-10-24T23:49:00.000000 6411.581587868 467.447097428 -1904.324079910 2.22723939024 -0.75857591524 7.33966878813
2024-10-24T23:50:00.000000 6529.837373388 420.855302529 -1459.745360849 1.71301462597 -0.79386962764 7.47372837730
2024-10-24T23:51:00.000000 6616.975440085 372.258133827 -1008.190148575 1.19039617467 -0.82539437890 7.57212012121
2024-10-24T23:52:00.000000 6672.567095410 321.886460250 -551.814488459 0.66188789684 -0.85299558258 7.63434050538
2024-10-24T23:53:00.000000 6696.334913008 269.979872257 -92.799410988 0.13002649128 -0.87653702373 7.66006067510
2024-10-24T23:54:00.000000 6688.154366896 216.785554032 366.659623270 -0.40262969640 -0.89590233944 7.64912843781
2024-10-24T23:55:00.000000 6648.054876525 162.557039921 824.363409406 -0.93350977223 -0.91099589834 7.60157275467
2024-10-24T23:56:00.000000 6576.220018648 107.553002975 1278.120059849 -1.46004962856 -0.92174234196 7.51760843266
2024-10-24T23:57:00.000000 6472.986504206 52.035988136 1725.756034728 -1.97971146143 -0.92808808047 7.39763044761
2024-10-24T23:58:00.000000 6338.842306684 -3.728908829 2165.126651558 -2.48999132987 -0.93000165904 7.24220523141
2024-10-24T23:59:00.000000 6174.424495128 -59.475370919 2594.126433714 -2.98842575720 -0.92747398520 7.05207444454
2024-10-25T00:00:00.000000 5980.516216354 -114.937204372 3010.699692883 -3.47261281038 -0.92051777466 6.82815428088
2024-10-25T00:01:00.000000 5758.042496314 -169.849558775 3412.850580898 -3.94022541648 -0.90916505827 6.57152114622
2024-10-25T00:02:00.000000 5508.065697956 -223.950124822 3798.652543429 -4.38901441539 -0.89346864844 6.28340876508
2024-10-25T00:03:00.000000 5231.780492189 -276.980385454 4166.257731224 -4.81682079473 -0.87350257253 5.96520639722
2024-10-25T00:04:00.000000 4930.507953089 -328.686988925 4513.906177720 -5.22159350709 -0.84936485407 5.61845159187
2024-10-25T00:05:00.000000 4605.688720432 -378.823076103 4839.934185428 -5.60139789851 -0.82117319641 5.24481428193
2024-10-25T00:06:00.000000 4258.875909168 -427.149394997 5142.782100961 -5.95442139184 -0.78906316207 4.84609140749
2024-10-25T00:07:00.000000 3891.727492839 -473.435327992 5421.001668570 -6.27898248308 -0.75318745895 4.42419772209
2024-10-25T00:08:00.000000 3505.998245504 -517.460010856 5673.262799994 -6.57353686497 -0.71371833802 3.98115610582
2024-10-25T00:09:00.000000 3103.531247035 -559.013425096 5898.359820128 -6.83668718219 -0.67084454063 3.51908813629
2024-10-25T00:10:00.000000 2686.248946980 -597.897338391 6095.216929869 -7.06718444990 -0.62477045342 3.04020067083
2024-10-25T00:11:00.000000 2256.144168066 -633.926286920 6262.893246938 -7.26393477446 -0.57571714148 2.54678243181
2024-10-25T00:12:00.000000 1815.270396208 -666.928472831 6400.587169252 -7.42600900349 -0.52391816512 2.04118375365
2024-10-25T00:13:00.000000 1365.732105373 -696.746468065 6507.639792745 -7.55263783082 -0.46961955537 1.52581102122
2024-10-25T00:14:00.000000 909.674932897 -723.237975697 6583.538039876 -7.64321910903 -0.41307913662 1.00311676621
2024-10-25T00:15:00.000000 449.275462363 -746.276470179 6627.917003925 -7.69732283282 -0.35456437725 0.47558354823
2024-10-25T00:16:00.000000 -13.268821839 -765.751757867 6640.561418597 -7.71468332831 -0.29435263307 -0.05428187299
2024-10-25T00:17:00.000000 -475.749748447 -781.570550431 6621.406929718 -7.69521018666 -0.23272941388 -0.58395971850
2024-10-25T00:18:00.000000 -935.958893094 -793.656906335 6570.540383828 -7.63898512538 -0.16998723531 -1.11093131575
2024-10-25T00:19:00.000000 -1391.697864999 -801.952561191 6488.199476917 -7.54626088348 -0.10642231631 -1.63268840469
2024-10-25T00:20:00.000000 -1840.788585317 -806.417137404 6374.771825611 -7.41746167921 -0.04233518963 -2.14674400128
2024-10-25T00:21:00.000000 -2281.083559758 -807.028425794 6230.793332161 -7.25318256338 0.02196981161 -2.65064440966
2024-10-25T00:22:00.000000 -2710.476008563 -803.782505221 6056.945822577 -7.05418489288 0.08618758459 -3.14198027311
2024-10-25T00:23:00.000000 -3126.909812686 -796.693754106 5854.054151925 -6.82139586457 0.15001340751 -3.61839563245
2024-10-25T00:24:00.000000 -3528.389369845 -785.794840276 5623.082626314 -6.55590508505 0.21314209050 -4.07759960857
2024-10-25T00:25:00.000000 -3912.989271035 -771.136713858 5365.130757571 -6.25896178810 0.27527044698 -4.51737854668
2024-10-25T00:26:00.000000 -4278.863700433 -752.788338309 5081.428270823 -5.93196915967 0.33610146825 -4.93560744162
2024-10-25T00:27:00.000000 -4624.255494452 -730.836288292 4773.329458208 -5.57647775517 0.39534513803 -5.33026007900
2024-10-25T00:28:00.000000 -4947.504874695 -705.384405031 4442.307022808 -5.19418277391 0.45271463486 -5.69941906062
2024-10-25T00:29:00.000000 -5247.057779487 -676.553641723 4089.944947068 -4.78690944893 0.50792934420 -6.04129305269
2024-10-25T00:30:00.000000 -5521.473353248 -644.481310687 3717.931004068 -4.35660737348 0.56072294087 -6.35421473452
2024-10-25T00:31:00.000000 -5769.431396446 -609.320454489 3328.048853133 -3.90534557938 0.61083875144 -6.63665748167
2024-10-25T00:32:00.000000 -5989.739029958 -571.239066419 2922.169386675 -3.43529731030 0.65803467927 -6.88724092314
2024-10-25T00:33:00.000000 -6181.336731210 -530.419284021 2502.241797582 -2.94873439229 0.70208150550 -7.10473774390
2024-10-25T00:34:00.000000 -6343.303896756 -487.056606150 2070.283911868 -2.44801158540 0.74276288878 -7.28808702394
2024-10-25T00:35:00.000000 -6474.863533012 -441.359019367 1628.372358390 -1.93556120446 0.77988097135 -7.43639191129
2024-10-25T00:36:00.000000 -6575.386549987 -393.545695134 1178.632234507 -1.41387698155 0.81325912662 -7.54893570896
2024-10-25T00:37:00.000000 -6644.394627014 -343.845997751 723.226151595 -0.88548771700 0.84273437408 -7.62518098708
2024-10-25T00:38:00.000000 -6681.562370458 -292.498484888 264.343888656 -0.35296329961 0.86816448068 -7.66476391176
2024-10-25T00:39:00.000000 -6686.719299159 -239.749620229 -195.808646726 0.18110728696 0.88942734107 -7.66750958056
2024-10-25T00:40:00.000000 -6659.850419941 -185.852600959 -655.020527850 0.71413119943 0.90642107636 -7.63342478533
2024-10-25T00:41:00.000000 -6601.096322474 -131.066059584 -1111.086770324 1.24351820787 0.91906715664 -7.56270334494
2024-10-25T00:42:00.000000 -6510.752233255 -75.652623909 -1561.819610895 1.76670631786 0.92730980434 -7.45572222224
2024-10-25T00:43:00.000000 -6389.266111328 -19.877695469 -2005.059252041 2.28116869276 0.93111258219 -7.31303767679
2024-10-25T00:44:00.000000 -6237.236057829 35.991797496 -2438.684604918 2.78442985526 0.93046165356 -7.13538219901
2024-10-25T00:45:00.000000 -6055.406878965 91.688790380 -2860.623609380 3.27407614903 0.92536593707 -6.92365734198
2024-10-25T00:46:00.000000 -5844.665993116 146.947426005 -3268.863377141 3.74777146436 0.91585660537 -6.67893183975
2024-10-25T00:47:00.000000 -5606.038396954 201.504325403 -3661.459734104 4.20326526039 0.90198516104 -6.40242666779
2024-10-25T00:48:00.000000 -5340.681393550 255.099868582 -4036.546371226 4.63840155814 0.88382564014 -6.09551591867
2024-10-25T00:49:00.000000 -5049.878284764 307.479522273 -4392.343704653 5.05113740965 0.86147259578 -5.75971245674
2024-10-25T00:50:00.000000 -4735.031664399 358.394925813 -4727.166755367 5.43953938788 0.83503751734 -5.39665761758
2024-10-25T00:51:00.000000 -4397.656571593 407.604991657 -5039.432868055 5.80179512301 0.80465144889 -5.00811904635
2024-10-25T00:52:00.000000 -4039.372897860 454.877066561 -5327.668943044 6.13622305090 0.77046429727 -4.59597914872
2024-10-25T00:53:00.000000 -3661.897331636 499.988023457 -5590.518023065 6.44127946793 0.73264349848 -4.16222523567
2024-10-25T00:54:00.000000 -3267.034879745 542.725273466 -5826.745252577 6.71556486192 0.69137254759 -3.70893819719
2024-10-25T00:55:00.000000 -2856.670074258 582.887682445 -6035.243191858 6.95782921865 0.64684966337 -3.23828250023
2024-10-25T00:56:00.000000 -2432.757845588 620.286419333 -6215.036385062 7.16697482331 0.59928661575 -2.75249075910
2024-10-25T00:57:00.000000 -1997.314544668 654.745784806 -6365.285289323 7.34205352927 0.54890951440 -2.25386136048
2024-10-25T00:58:00.000000 -1552.408528422 686.104077695 -6485.290043173 7.48228209228 0.49595831602 -1.74474730267
2024-10-25T00:59:00.000000 -1100.150322079 714.214226572 -6574.492961647 7.58703466789 0.44067977790 -1.22753475081
2024-10-25T01:00:00.000000 -642.683358116 738.944239382 -6632.480718210 7.65584288636 0.38333097694 -0.70464825344
2024-10-25T01:01:00.000000 -182.174276607 760.177891723 -6658.986293580 7.68840202058 0.32417987866 -0.17853907740
2024-10-25T01:02:00.000000 279.197098251 777.815312744 -6653.890197589 7.68457719861 0.26350336661 0.34833057408
2024-10-25T01:03:00.000000 739.247775625 791.773437481 -6617.220617718 7.64439724044 0.20158412808 0.87350097705
2024-10-25T01:04:00.000000 1195.801389040 801.986314914 -6549.153057999 7.56805366182 0.13871035017 1.39452308043
2024-10-25T01:05:00.000000 1646.697856370 808.405425169 -6450.009468735 7.45589759100 0.07517395795 1.90896479522
2024-10-25T01:06:00.000000 2089.803046327 810.999836926 -6320.257094780 7.30844438929 0.01127002909 2.41441764518
2024-10-25T01:07:00.000000 2523.018684636 809.756442178 -6160.506437400 7.12637123597 -0.05270317210 2.90851747626
2024-10-25T01:08:00.000000 2944.291688820 804.680060590 -5971.508456016 6.91050792843 -0.11644618821 3.38894632087
2024-10-25T01:09:00.000000 3351.623430568 795.793492662 -5754.151625134 6.66183971225 -0.17965958889 3.85343994741
2024-10-25T01:10:00.000000 3743.079098043 783.137445580 -5509.458396374 6.38150860904 -0.24204631637 4.29979951379
2024-10-25T01:11:00.000000 4116.796989353 766.770355362 -5238.580811278 6.07080871219 -0.30331224990 4.72590604147
2024-10-25T01:12:00.000000 4470.997428333 746.768170088 -4942.795301521 5.73117762124 -0.36316855710 5.12973402123
2024-10-25T01:13:00.000000 4803.991062033 723.223982732 -4623.496925986 5.36418851351 -0.42133244728 5.50935580143
2024-10-25T01:14:00.000000 5114.186862388 696.247645918 -4282.193231028 4.97154440398 -0.47752811908 5.86295021764
2024-10-25T01:15:00.000000 5400.099802142 665.965342577 -3920.497664134 4.55507495517 -0.53148742039 6.18881050207
2024-10-25T01:16:00.000000 5660.358265585 632.519044969 -3540.122375053 4.11672952986 -0.58295259022 6.48535500923
2024-10-25T01:17:00.000000 5893.710948922 596.065864190 -3142.870413891 3.65856756988 -0.63167648356 6.75113677378
2024-10-25T01:18:00.000000 6099.033195821 556.777448727 -2730.627416857 3.18274996793 -0.67742164973 6.98485076228
2024-10-25T01:19:00.000000 6275.332902347 514.839339646 -2305.352898413 2.69153292890 -0.71996399679 7.18534141794
2024-10-25T01:20:00.000000 6421.755834889 470.449903838 -1869.070913243 2.18725242176 -0.75909987232 7.35161397228
2024-10-25T01:21:00.000000 6537.589943424 423.819318073 -1423.860367905 1.67231154766 -0.79463818041 7.48283495811
2024-10-25T01:22:00.000000 6622.269260473 375.168785741 -971.845136370 1.14917401471 -0.82640393451 7.57834083759
2024-10-25T01:23:00.000000 6675.377019333 324.729436964 -515.183674778 0.62034735359 -0.85424081874 7.63764228148
2024-10-25T01:24:00.000000 6696.647944492 272.741211774 -56.058540679 0.08837148084 -0.87801208938 7.66042558077
2024-10-25T01:25:00.000000 6685.969835610 219.451651349 403.334176000 -0.44419227725 -0.89760085744 7.64655422038
2024-10-25T01:26:00.000000 6643.384470945 165.114697615 860.795687720 -0.97477615004 -0.91291074217 7.59607480859
2024-10-25T01:27:00.000000 6569.087534321 109.989512817 1314.135436578 -1.50081938892 -0.92386388431 7.50921579608
2024-10-25T01:28:00.000000 6463.427661050 54.339293358 1761.182049747 -2.01978755606 -0.93040469393 7.38638583440
2024-10-25T01:29:00.000000 6326.904590491 -1.570145456 2199.793832662 -2.52917916975 -0.93250102709 7.22816626898
2024-10-25T01:30:00.000000 6160.166882298 -57.471724815 2627.869186403 -3.02653670582 -0.93014274471 7.03531194826
2024-10-25T01:31:00.000000 5964.008869350 -113.098386044 3043.357039894 -3.50946262844 -0.92334084460 6.80875158234
2024-10-25T01:32:00.000000 5739.366488530 -168.184412406 3444.266960124 -3.97563510752 -0.91212889502 6.54957563710
2024-10-25T01:33:00.000000 5487.312613106 -222.466713090 3828.678646066 -4.42281286498 -0.89656059639 6.25903138442
2024-10-25T01:34:00.000000 5209.051867732 -275.686028076 4194.751297967 -4.84884803090 -0.87671028193 5.93852055222
2024-10-25T01:35:00.000000 4905.914582287 -327.588221691 4540.732624112 -5.25170052076 -0.85267429113 5.58958947239
2024-10-25T01:36:00.000000 4579.350056671 -377.925517224 4864.967072985 -5.62944421348 -0.82456769950 5.21391500748
2024-10-25T01:37:00.000000 4230.919667826 -426.457616332 5165.903661001 -5.98027310218 -0.79252523586 4.81330597850
2024-10-25T01:38:00.000000 3862.289053343 -472.952885519 5442.103526758 -6.30251806902 -0.75670035799 4.38968747837
2024-10-25T01:39:00.000000 3475.219893877 -517.189409676 5692.246540823 -6.59464815053 -0.71726362664 3.94509117902
2024-10-25T01:40:00.000000 3071.561389973 -558.956056493 5915.137394967 -6.85527751909 -0.67440421002 3.48164409805
2024-10-25T01:41:00.000000 2653.241432001 -598.053559779 6109.711041401 -7.08317019896 -0.62832756109 3.00156014739
2024-10-25T01:42:00.000000 2222.257348202 -634.295417229 6275.037640524 -7.27724900554 -0.57925400584 2.50712937386
2024-10-25T01:43:00.000000 1780.666326670 -667.508778283 6410.326585800 -7.43659421994 -0.52741786469 2.00070177967
2024-10-25T01:44:00.000000 1330.576050761 -697.535268268 6514.930116369 -7.56044498438 -0.47306734742 1.48468882065
2024-10-25T01:45:00.000000 874.134669631 -724.231714976 6588.346653739 -7.64821405087 -0.41645990126 0.96154712058
2024-10-25T01:46:00.000000 413.520536275 -747.470648051 6630.222879015 -7.69948040437 -0.35786237790 0.43376180073
2024-10-25T01:47:00.000000 -49.067808615 -767.140940607 6640.355384250 -7.71399388229 -0.29755222097 -0.09615747772
2024-10-25T01:48:00.000000 -511.422003715 -783.148386607 6618.691700824 -7.69167683363 -0.23581581950 -0.62569081101
2024-10-25T01:49:00.000000 -971.334215653 -795.416157476 6565.330601933 -7.63262486569 -0.17294547582 -1.15231902634
2024-10-25T01:50:00.000000 -1426.607497047 -803.885093301 6480.521640161 -7.53710412291 -0.10923783159 -1.67353652167
2024-10-25T01:51:00.000000 -1875.065968883 -808.513995644 6364.664185299 -7.40555197175 -0.04499522238 -2.18685700135
2024-10-25T01:52:00.000000 -2314.565173447 -809.279937088 6218.305778057 -7.23857728914 0.01947652699 -2.68983016734
2024-10-25T01:53:00.000000 -2743.002162350 -806.178358148 6042.139644882 -7.03695418935 0.08387093189 -3.18005091716
2024-10-25T01:54:00.000000 -3158.325446478 -799.223110978 5837.001805567 -6.80162490928 0.14788129361 -3.65516760729
2024-10-25T01:55:00.000000 -3558.544946136 -788.446344385 5603.867228835 -6.53369056849 0.21120442057 -4.11290135143
2024-10-25T01:56:00.000000 -3941.741259822 -773.898402936 5343.845553357 -6.23440886129 0.27353664116 -4.55104288456
2024-10-25T01:57:00.000000 -4306.075290549 -755.647753282 5058.176335865 -5.90519579883 0.33457875066 -4.96747499752
2024-10-25T01:58:00.000000 -4649.797233836 -733.780636295 4748.223158621 -5.54761152269 0.39403689632 -5.36018073793
2024-10-25T01:59:00.000000 -4971.255197188 -708.400757602 4415.467381639 -5.16335791788 0.45162377358 -5.72725354060
2024-10-25T02:00:00.000000 -5268.903425359 -679.628772219 4061.501240406 -4.75427063200 0.50706151956 -6.06690544674
2024-10-25T02:01:00.000000 -5541.310172512 -647.601728938 3688.020359086 -4.32231204116 0.56008196170 -6.37748041607
2024-10-25T02:02:00.000000 -5787.164918152 -612.472425838 3296.815544453 -3.86955931715 0.61042839886 -6.65746279919
2024-10-25T02:03:00.000000 -6005.284981012 -574.408684785 2889.764120336 -3.39819443259 0.65785717342 -6.90548541716
2024-10-25T02:04:00.000000 -6194.621511318 -533.592516089 2468.820850554 -2.91049546870 0.70213868645 -7.12033577913
2024-10-25T02:05:00.000000 -6354.264931127 -490.219347186 2036.008313289 -2.40882326456 0.74305563918 -7.30096708807
2024-10-25T02:06:00.000000 -6483.449411335 -444.497122855 1593.406949851 -1.89560869701 0.78040906723 -7.44649706282
2024-10-25T02:07:00.000000 -6581.556962421 -396.645139284 1143.144945928 -1.37334500741 0.81401908161 -7.55621878853
2024-10-25T02:08:00.000000 -6648.120570669 -346.892955057 687.387561681 -0.84457035803 0.84372367330 -7.62960339320
2024-10-25T02:09:00.000000 -6682.826604809 -295.479245169 228.326332617 -0.31185643723 0.86938151211 -7.66630429364
2024-10-25T02:10:00.000000 -6685.516393742 -242.650586462 -231.831891405 0.22220490240 0.89086937956 -7.66615827997
2024-10-25T02:11:00.000000 -6656.187009349 -188.660409165 -690.876062242 0.75501703609 0.90808357515 -7.62918849847
2024-10-25T02:12:00.000000 -6594.991120186 -133.767649964 -1146.602051971 1.28399109216 0.92094385198 -7.55560263775
2024-10-25T02:13:00.000000 -6502.236100951 -78.235406071 -1596.823952404 1.80656582190 0.92939187642 -7.44580028539
2024-10-25T02:14:00.000000 -6378.381554820 -22.329616603 -2039.385019580 2.32022558472 0.93339110408 -7.30035098793
2024-10-25T02:15:00.000000 -6224.036739330 33.682253150 -2472.167912436 2.82250186832 0.93292740443 -7.11999924522
2024-10-25T02:16:00.000000 -6039.957153375 89.532571035 -2893.104995362 3.31098930446 0.92800939399 -6.90565623292
2024-10-25T02:17:00.000000 -5827.040545236 144.954902490 -3300.188259572 3.78335384908 0.91866826229 -6.65839865048
2024-10-25T02:18:00.000000 -5586.322064458 199.685331710 -3691.479170710 4.23735280023 0.90495609850 -6.37946262267
2024-10-25T02:19:00.000000 -5318.968505765 253.463614274 -4065.117749104 4.67084073717 0.88694369365 -6.07023001463
2024-10-25T02:20:00.000000 -5026.272248496 306.034389539 -4419.331174900 5.08177862642 0.86472267865 -5.73222207079
2024-10-25T02:21:00.000000 -4709.644676351 357.148370502 -4752.441873148 5.46824033246 0.83840400614 -5.36709191371
2024-10-25T02:22:00.000000 -4370.609074381 406.563506380 -5062.875216915 5.82842311691 0.80811775508 -4.97661616540
2024-10-25T02:23:00.000000 -4010.793020803 454.046109947 -5349.166654355 6.16065468082 0.77401255813 -4.56268596485
2024-10-25T02:24:00.000000 -3631.920307748 499.371951686 -5609.968287410 6.46340128705 0.73625482595 -4.12729670089
2024-10-25T02:25:00.000000 -3235.802451590 542.327284727 -5844.054805361 6.73527364537 0.69502739908 -3.67253755096
2024-10-25T02:26:00.000000 -2824.329811218 582.709802367 -6050.328760364 6.97503390206 0.65052853494 -3.20057877569
2024-10-25T02:27:00.000000 -2399.462485759 620.329521181 -6227.824984695 7.18159427621 0.60297082953 -2.71365854614
2024-10-25T02:28:00.000000 -1963.221299191 655.009647571 -6375.714567481 7.35401981693 0.55258066090 -2.21407933114
2024-10-25T02:29:00.000000 -1517.678437519 686.587267427 -6493.308444676 7.49153433821 0.49959427884 -1.70419846443
2024-10-25T02:30:00.000000 -1064.947753285 714.913996821 -6580.060281970 7.59352529746 0.44426009510 -1.18641327304
2024-10-25T02:31:00.000000 -607.175071918 739.856736649 -6635.568461324 7.65953848534 0.38683913928 -0.66315040954
2024-10-25T02:32:00.000000 -146.528567180 761.298359135 -6659.577826245 7.68928546483 0.32760160139 -0.13686248273
2024-10-25T02:33:00.000000 314.811319468 779.138096671 -6651.980667147 7.68264472959 0.26682266517 0.38999027756
2024-10-25T02:34:00.000000 774.661755610 793.291893235 -6612.816848837 7.63965716605 0.20478476747 0.91495027431
2024-10-25T02:35:00.000000 1230.847208585 803.692881784 -6542.273500047 7.56052639277 0.14177751778 1.43556791620
2024-10-25T02:36:00.000000 1681.209251775 810.291637257 -6440.684125791 7.44561741880 0.07809248536 1.94941487709
2024-10-25T02:37:00.000000 2123.616125032 813.056332969 -6308.527240863 7.29545527888 0.01402534895 2.45408690672
2024-10-25T02:38:00.000000 2555.972470277 811.973050808 -6146.424510015 7.11072737300 -0.05012327822 2.94721998347
2024-10-25T02:39:00.000000 2976.228812097 807.045924806 -5955.137954613 6.89227497340 -0.11405262244 3.42649896693
2024-10-25T02:40:00.000000 3382.390901201 798.297118292 -5735.567038204 6.64109941098 -0.17746302824 3.88966051844
2024-10-25T02:41:00.000000 3772.529305824 785.766665247 -5488.744896010 6.35835727884 -0.24005829475 4.33451436790
2024-10-25T02:42:00.000000 4144.788459954 769.512310724 -5215.833700974 6.04535368881 -0.30154425528 4.75895190476
2024-10-25T02:43:00.000000 4497.395303735 749.609351590 -4918.119426841 5.70353264786 -0.36163062618 5.16095479485
2024-10-25T02:44:00.000000 4828.667588087 726.150317008 -4597.006319697 5.33447645225 -0.42003307848 5.53860151415
2024-10-25T02:45:00.000000 5137.021956019 699.244647067 -4254.010739789 4.93989854683 -0.47647254818 5.89007737006
2024-10-25T02:46:00.000000 5420.981727058 669.018291887 -3890.754484316 4.52164003460 -0.53067831845 6.21368496753
2024-10-25T02:47:00.000000 5679.184235214 635.613145882 -3508.957415102 4.08165903657 -0.58238964232 6.50785360008
2024-10-25T02:48:00.000000 5910.387662332 599.186433577 -3110.429645273 3.62202398371 -0.63135631454 6.77114709575
2024-10-25T02:49:00.000000 6113.477406620 559.910052228 -2697.063303978 3.14490684485 -0.67734060630 7.00226895607
2024-10-25T02:50:00.000000 6287.472086948 517.969593316 -2270.823714015 2.65257222095 -0.72012348122 7.20007891923
2024-10-25T02:51:00.000000 6431.528391890 473.563403529 -1833.739735044 2.14735519632 -0.75949871555 7.36359876854
2024-10-25T02:52:00.000000 6544.945049580 426.901670129 -1387.894348919 1.63165883413 -0.79527800205 7.49200027751
2024-10-25T02:53:00.000000 6627.167511202 378.205527867 -935.415246424 1.10796557294 -0.82728370596 7.58463064768
2024-10-25T02:54:00.000000 6677.791159572 327.706303282 -478.463553449 0.57878545379 -0.85535638889 7.64102253849
2024-10-25T02:55:00.000000 6696.562739677 275.644130690 -19.223408278 0.04665473717 -0.87936115360 7.66087684598
2024-10-25T02:56:00.000000 6683.381870781 222.266699857 440.108286489 -0.48586826908 -0.89917965408 7.64406817881
2024-10-25T02:57:00.000000 6638.302164184 167.828314453 897.332516468 -1.01621055772 -0.91471206317 7.59065297161
2024-10-25T02:58:00.000000 6561.531571493 112.588479930 1350.259297613 -1.54180595803 -0.92588358755 7.50087662977
2024-10-25T02:59:00.000000 6453.431014270 56.810647804 1796.718896182 -2.06012389390 -0.93263756015 7.37516483936
2024-10-25T03:00:00.000000 6314.512277720 0.761066499 2234.572141671 -2.56866492149 -0.93493774925 7.21411251692
2024-10-25T03:01:00.000000 6145.435831984 -55.292547448 2661.720946405 -3.06497735952 -0.93277193620 7.01849292922
2024-10-25T03:02:00.000000 5947.007438316 -111.082450584 3076.118639150 -3.54667022255 -0.92615099292 6.78924622969
2024-10-25T03:03:00.000000 5720.174204614 -166.342170506 3475.779957586 -4.01142593347 -0.91510598777 6.52747792685
2024-10-25T03:04:00.000000 5466.019782120 -220.807709481 3858.790687224 -4.45701188200 -0.89968870071 6.23444945423
2024-10-25T03:05:00.000000 5185.759042690 -274.218827855 4223.316833882 -4.88128825364 -0.87997286130 5.91157300708
2024-10-25T03:06:00.000000 4880.732111367 -326.320400026 4567.613551213 -5.28222248099 -0.85605502912 5.56040604728
2024-10-25T03:07:00.000000 4552.397597794 -376.863707939 4890.033480715 -5.65789826427 -0.82805166740 5.18263934788
2024-10-25T03:08:00.000000 4202.325440390 -425.607581864 5189.034528665 -6.00652235958 -0.79609797606 4.78008953074
2024-10-25T03:09:00.000000 3832.189252322 -472.319506022 5463.187201635 -6.32643433150 -0.76034688290 4.35469199149
2024-10-25T03:10:00.000000 3443.758017369 -516.776643836 5711.181364928 -6.61611634285 -0.72096817231 3.90848740493
2024-10-25T03:11:00.000000 3038.887425844 -558.766868648 5931.832179211 -6.87419674649 -0.67814916307 3.44361002352
2024-10-25T03:12:00.000000 2619.510967817 -598.089818319 6124.085398084 -7.09945405290 -0.63209438957 2.96227686454
2024-10-25T03:13:00.000000 2187.630881817 -634.557859941 6287.022134606 -7.29081975841 -0.58302325785 2.46678223007
2024-10-25T03:14:00.000000 1745.308692952 -667.996932646 6419.863157002 -7.44738596381 -0.53116882581 1.95948421960
2024-10-25T03:15:00.000000 1294.655574701 -698.247391554 6521.972430139 -7.56840740721 -0.47677830328 1.44279687231
2024-10-25T03:16:00.000000 837.822360691 -725.164743935 6592.860105804 -7.65330673221 -0.42010895166 0.91917712801
2024-10-25T03:17:00.000000 376.989467002 -748.620257868 6632.184858230 -7.70167663929 -0.36142952612 0.39111647331
2024-10-25T03:18:00.000000 -85.643401189 -768.501667850 6639.755459742 -7.71328061346 -0.30101939568 -0.13887485384
2024-10-25T03:19:00.000000 -547.867492830 -784.713701239 6615.531706814 -7.68805474440 -0.23916530298 -0.66827479319
2024-10-25T03:20:00.000000 -1007.475457524 -797.178486942 6559.624686986 -7.62610878994 -0.17616046414 -1.19456500899
2024-10-25T03:21:00.000000 -1462.271618554 -805.835897130 6472.296228072 -7.52772217765 -0.11230280291 -1.71523978919
2024-10-25T03:22:00.000000 -1910.082242126 -810.643817734 6353.957929684 -7.39334742337 -0.04789494891 -2.22781511572
2024-10-25T03:23:00.000000 -2348.765866442 -811.578391718 6205.169356260 -7.22360603316 0.01675773876 -2.72984453832
2024-10-25T03:24:00.000000 -2776.223281971 -808.634154290 6026.635625119 -7.01928607051 0.08134718146 -3.21892391068
2024-10-25T03:25:00.000000 -3190.407663915 -801.824172872 5819.204466280 -6.78134481295 0.14556453193 -3.69270696418
2024-10-25T03:26:00.000000 -3589.334438530 -791.179992647 5583.862238714 -6.51089779636 0.20910291388 -4.14891982822
2024-10-25T03:27:00.000000 -3971.090614140 -776.751456081 5321.729528943 -6.20921660362 0.27165978539 -4.58536364641
2024-10-25T03:28:00.000000 -4333.844158471 -758.606434430 5034.056229621 -5.87772670437 0.33293593039 -4.99992931316
2024-10-25T03:29:00.000000 -4675.853019452 -736.830679787 4722.215827091 -5.51800148962 0.39263553265 -5.39060804240
2024-10-25T03:30:00.000000 -4995.473847934 -711.527480372 4387.699010951 -5.13175642248 0.45047018344 -5.75550381271
2024-10-25T03:31:00.000000 -5291.170228294 -682.817080216 4032.106493930 -4.72083686253 0.50616380656 -6.09284726684
2024-10-25T03:32:00.000000 -5561.519932046 -650.836029990 3657.141367506 -4.28720452130 0.55944747447 -6.40099380883
2024-10-25T03:33:00.000000 -5805.222119855 -615.736794388 3264.601498751 -3.83294336107 0.61006084769 -6.67843223379
2024-10-25T03:34:00.000000 -6021.104439983 -577.687145865 2856.370981762 -3.36025059384 0.65775412310 -6.92380249316
2024-10-25T03:35:00.000000 -6208.129274759 -536.869326706 2434.410520208 -2.87141447671 0.70229641660 -7.13591152133
2024-10-25T03:36:00.000000 -6365.398556682 -493.478920941 2000.747643443 -2.36879982542 0.74347200423 -7.31372418336
2024-10-25T03:37:00.000000 -6492.158439672 -447.724050728 1557.466968307 -1.85484629268 0.78107999150 -7.45637527458
2024-10-25T03:38:00.000000 -6587.803212078 -399.824329824 1106.699743093 -1.33204930622 0.81493822264 -7.56317557607
2024-10-25T03:39:00.000000 -6651.878257272 -350.009725168 650.613292654 -0.80294846739 0.84488412668 -7.63361220936
2024-10-25T03:40:00.000000 -6684.082381827 -298.519330405 191.400311635 -0.27011587237 0.87077577646 -7.66735332523
2024-10-25T03:41:00.000000 -6684.269337412 -245.600207001 -268.732132388 0.26385770807 0.89248950363 -7.66425199995
2024-10-25T03:42:00.000000 -6652.448566467 -191.506177933 -727.573759304 0.79637642336 0.90992455062 -7.62434846924
2024-10-25T03:43:00.000000 -6588.784885687 -136.496425101 -1182.922299853 1.32486000610 0.92300204846 -7.54786843766
2024-10-25T03:44:00.000000 -6493.597155587 -80.834269799 -1632.594432021 1.84675545932 0.93166337777 -7.43521729706
2024-10-25T03:45:00.000000 -6367.356303561 -24.785903967 -2074.436480680 2.35954892890 0.93587120861 -7.28697719272
2024-10-25T03:46:00.000000 -6210.682641202 31.380866807 -2506.334905690 2.86077659561 0.93560933342 -7.10390331089
2024-10-25T03:47:00.000000 -6024.342504921 87.397918286 -2926.226596082 3.34803719471 0.93088328272 -6.88692077289
2024-10-25T03:48:00.000000 -5809.244072876 142.998102718 -3332.108895277 3.81900596067 0.92172008645 -6.63711824203
2024-10-25T03:49:00.000000 -5566.432451462 197.916552965 -3722.049169082 4.27144482728 0.90816880946 -6.35573998390
2024-10-25T03:50:00.000000 -5297.084177380 251.891991803 -4094.193972625 4.70321318502 0.89029978422 -6.04418026300
2024-10-25T03:51:00.000000 -5002.500989474 304.667970471 -4446.777754637 5.11227935227 0.86820363261 -5.70397260262
2024-10-25T03:52:00.000000 -4684.103118160 355.994093843 -4778.130932683 5.49672655786 0.84199145356 -5.33678150169
2024-10-25T03:53:00.000000 -4343.422107450 405.627227689 -5086.687543030 5.85476285549 0.81179399589 -4.94439449964
2024-10-25T03:54:00.000000 -3982.093095372 453.332635733 -5370.992275907 6.18472778528 0.77776024021 -4.52871113725
2024-10-25T03:55:00.000000 -3601.846723460 498.885036193 -5629.706956295 6.48510016491 0.74005594619 -4.09173450902
2024-10-25T03:56:00.000000 -3204.500552301 542.069549697 -5861.616352263 6.75450345939 0.69886230176 -3.63555767923
2024-10-25T03:57:00.000000 -2791.950378340 582.682687578 -6065.633379502 6.99170852185 0.65437784971 -3.16235796247
2024-10-25T03:58:00.000000 -2366.161081819 620.533322463 -6240.803704852 7.19564096177 0.60681542485 -2.67438018036
2024-10-25T03:59:00.000000 -1929.157487479 655.443500121 -6386.309521280 7.36537759979 0.55640144925 -2.17393037023
2024-10-25T04:00:00.000000 -1483.015025340 687.249221187 -6501.473088665 7.50015680187 0.50337403606 -1.66336850302
2024-10-25T04:01:00.000000 -1029.849948186 715.801073394 -6585.759404489 7.59937746190 0.44798152737 -1.14509108214
2024-10-25T04:02:00.000000 -571.809844446 740.964913351 -6638.778301525 7.66259792170 0.39048475025 -0.62152852064
2024-10-25T04:03:00.000000 -111.063808886 762.622552133 -6660.286176023 7.68954355833 0.33115358718 -0.09513349085
2024-10-25T04:04:00.000000 350.207614855 780.672167227 -6650.186818806 7.68010584224 0.27026388278 0.43163643419
2024-10-25T04:05:00.000000 809.822133571 795.028720571 -6608.531480077 7.63433589813 0.20809949379 0.95632311436
2024-10-25T04:06:00.000000 1265.605506473 805.624401293 -6535.518661791 7.55245044316 0.14494994128 1.47647968905
2024-10-25T04:07:00.000000 1715.401259809 812.408874081 -6431.493024134 7.43482377021 0.08110866304 1.98968138196
2024-10-25T04:08:00.000000 2157.080101516 815.349582407 -6296.944104312 7.28198990221 0.01687441159 2.49352415360
2024-10-25T04:09:00.000000 2588.549815669 814.431925717 -6132.504656330 7.09464981071 -0.04745372356 2.98564218103
2024-10-25T04:10:00.000000 3007.765050961 809.659234314 -5938.947807436 6.87366331341 -0.11157689085 3.46372387471
2024-10-25T04:11:00.000000 3412.736636958 801.052786602 -5717.183585255 6.62004298829 -0.17519568359 3.92551828074
2024-10-25T04:12:00.000000 3801.540696943 788.651819804 -5468.255050096 6.33495205611 -0.23801120002 4.36884344063
2024-10-25T04:13:00.000000 4172.327606493 772.513434116 -5193.333891087 6.01970201404 -0.29972729968 4.79159565588
2024-10-25T04:14:00.000000 4523.330758330 752.712364238 -4893.715381369 5.67574757627 -0.36005255030 5.19176063469
2024-10-25T04:15:00.000000 4852.874998855 729.340670043 -4570.812749269 5.30468173115 -0.41870095444 5.56742250314
2024-10-25T04:16:00.000000 5159.384775845 702.507368279 -4226.150964875 4.90823051602 -0.47539368449 5.91677421107
2024-10-25T04:17:00.000000 5441.391895076 672.337964201 -3861.359886599 4.48824495923 -0.52985992128 6.23812805694
2024-10-25T04:18:00.000000 5697.542763504 638.973945970 -3478.166841672 4.04669260935 -0.58183812050 6.52992415008
2024-10-25T04:19:00.000000 5926.605116398 602.572158379 -3078.388748081 3.58564901479 -0.63107831737 6.79073700609
2024-10-25T04:20:00.000000 6127.474292517 563.304064489 -2663.923832815 3.10729087850 -0.67734309384 7.01928337897
2024-10-25T04:21:00.000000 6299.179056174 521.354998356 -2236.742799985 2.61388712431 -0.72040783906 7.21443226506
2024-10-25T04:22:00.000000 6440.886749004 476.923323297 -1798.879429105 2.10778563850 -0.76006311800 7.37521316847
2024-10-25T04:23:00.000000 6551.907630879 430.219499221 -1352.420821049 1.59140099347 -0.79611520813 7.50081967601
2024-10-25T04:24:00.000000 6631.698608800 381.465108738 -899.497401700 1.06720472840 -0.82838738921 7.59061535734
2024-10-25T04:25:00.000000 6679.866217782 330.891795374 -442.272545332 0.53771045207 -0.85672105248 7.64413854232
2024-10-25T04:26:00.000000 6696.168760521 278.740165376 17.067935591 0.00546171497 -0.88097623954 7.66110327441
2024-10-25T04:27:00.000000 6680.517779726 225.258625672 476.326410304 -0.52697908833 -0.90103316740 7.64140219126
2024-10-25T04:28:00.000000 6632.978774107 170.702141763 933.304232900 -1.05704493889 -0.91679297256 7.58510883195
2024-10-25T04:29:00.000000 6553.771067974 115.330981093 1385.812593166 -1.58217760438 -0.92817790752 7.49247761511
2024-10-25T04:30:00.000000 6443.266848944 59.409433898 1831.683355200 -2.09984211850 -0.93513146200 7.36394288057
2024-10-25T04:31:00.000000 6301.989353647 3.204543022 2268.779785605 -2.60754108166 -0.93761904679 7.20011599115
2024-10-25T04:32:00.000000 6130.610293304 -53.015311374 2695.006983210 -3.10282350884 -0.93563018530 7.00178048995
2024-10-25T04:33:00.000000 5929.946701946 -108.981722825 3108.322311293 -3.58330011680 -0.92917422138 6.76989375339
2024-10-25T04:34:00.000000 5700.956670803 -164.427462279 3506.745498955 -4.04665993640 -0.91828128132 6.50557546452
2024-10-25T04:35:00.000000 5444.734395373 -219.087780416 3888.368132867 -4.49067870258 -0.90300414480 6.21010030440
2024-10-25T04:36:00.000000 5162.504693787 -272.701724296 4251.362753821 -4.91322753189 -0.88341593812 5.88489090469
2024-10-25T04:37:00.000000 4855.617084402 -325.013328054 4593.991589335 -5.31228056581 -0.85961022193 5.53151344211
2024-10-25T04:38:00.000000 4525.539241823 -375.772881529 4914.614966144 -5.68592698699 -0.83170164044 5.15167025690
2024-10-25T04:39:00.000000 4173.849753037 -424.738137973 5211.699231978 -6.03238261972 -0.79982444496 4.74719140126
2024-10-25T04:40:00.000000 3802.230200986 -471.675525951 5483.824044166 -6.34999932887 -0.76413333841 4.32002150667
2024-10-25T04:41:00.000000 3412.456850483 -516.361283738 5729.688888792 -6.63726999060 -0.72480001263 3.87220863876
2024-10-25T04:42:00.000000 3006.392038842 -558.582418290 5948.119022176 -6.89283391060 -0.68201170878 3.40589539564
2024-10-25T04:43:00.000000 2585.975220800 -598.137623700 6138.070757280 -7.11548092898 -0.63597070402 2.92330591077
2024-10-25T04:44:00.000000 2153.213909023 -634.838187666 6298.636183589 -7.30415423582 -0.58689435819 2.42674123668
2024-10-25T04:45:00.000000 1710.174190818 -668.508856461 6429.047513845 -7.45795918617 -0.53501396631 1.91856858304
2024-10-25T04:46:00.000000 1258.970870267 -698.988684403 6528.680601266 -7.57616659673 -0.48057518619 1.40120675606
2024-10-25T04:47:00.000000 801.757499168 -726.131904739 6597.057706216 -7.65821445466 -0.42383791375 0.87711499842
2024-10-25T04:48:00.000000 340.716346721 -749.808641483 6633.849582413 -7.70370748830 -0.36507139071 0.34878309687
2024-10-25T04:49:00.000000 -121.951703885 -769.905465131 6638.877136707 -7.71242165797 -0.30455480366 -0.18127556461
2024-10-25T04:50:00.000000 -584.037577306 -786.325961736 6612.112422104 -7.68430771864 -0.24257563171 -0.71053901711
2024-10-25T04:51:00.000000 -1043.334390573 -798.991164885 6553.678724117 -7.61948753326 -0.17942787219 -1.23648935809
2024-10-25T04:52:00.000000 -1497.647721836 -807.839931060 6463.850108790 -7.51825529821 -0.11541141262 -1.75662004517
2024-10-25T04:53:00.000000 -1944.806040915 -812.829222775 6343.050345124 -7.38107912097 -0.05082948753 -2.26845076937
2024-10-25T04:54:00.000000 -2382.670890456 -813.934272917 6191.850895767 -7.20859237862 0.01401221213 -2.76953882723
2024-10-25T04:55:00.000000 -2809.146851626 -811.148719501 6010.968585396 -7.00159745409 0.07880570700 -3.25748406793
2024-10-25T04:56:00.000000 -3222.191680901 -804.484752546 5801.262507576 -6.76106277493 0.14324108430 -3.72994640714
2024-10-25T04:57:00.000000 -3619.826089726 -793.973112986 5563.730147036 -6.48811827000 0.20701033736 -4.18465508828
2024-10-25T04:58:00.000000 -4000.143250472 -779.662947454 5299.502830415 -6.18404798661 0.26980793500 -4.61941996439
2024-10-25T04:59:00.000000 -4361.317998340 -761.621619954 5009.840733188 -5.85028998934 0.33133291168 -5.03213915041
2024-10-25T05:00:00.000000 -4701.615924066 -739.934342321 4696.127092672 -5.48843041997 0.39129078744 -5.42081453104
2024-10-25T05:01:00.000000 -5019.401970884 -714.703831235 4359.861589864 -5.10019163312 0.44939351653 -5.78356303645
2024-10-25T05:02:00.000000 -5313.148401014 -686.049890429 4002.653451822 -4.68742945212 0.50535810376 -6.11862079044
2024-10-25T05:03:00.000000 -5581.442184842 -654.109155429 3626.213654310 -4.25210744735 0.55890819557 -6.42435354601
2024-10-25T05:04:00.000000 -5822.992205343 -619.034371744 3232.347907672 -3.79633361427 0.60978620166 -6.69924932813
2024-10-25T05:05:00.000000 -6036.637267991 -580.993004186 2822.947144507 -3.32231470389 0.65775399890 -6.94197855167
2024-10-25T05:06:00.000000 -6221.350693338 -540.166893063 2399.977664259 -2.83233528180 0.70257271196 -7.15135459053
2024-10-25T05:07:00.000000 -6376.245816181 -496.751635930 1965.472238858 -2.32877392227 0.74402410495 -7.32635420615
2024-10-25T05:08:00.000000 -6500.580813817 -450.955369461 1521.519740680 -1.81407675174 0.78190768369 -7.46613040476
2024-10-25T05:09:00.000000 -6593.762260387 -402.997723512 1070.254633666 -1.29074261605 0.81604132224 -7.57001046246
2024-10-25T05:10:00.000000 -6655.347982324 -353.108706307 613.846415274 -0.76131221823 0.84626085695 -7.63750001521
2024-10-25T05:11:00.000000 -6685.049203830 -301.527618176 154.488848953 -0.22835626051 0.87242118911 -7.66828489546
2024-10-25T05:12:00.000000 -6682.731958851 -248.501861378 -305.610947611 0.30553840439 0.89439730333 -7.66223463322
2024-10-25T05:13:00.000000 -6648.417584696 -194.285736980 -764.243539631 0.83778392310 0.91208437626 -7.61940202613
2024-10-25T05:14:00.000000 -6582.282434485 -139.139190052 -1219.208119780 1.36580303896 0.92539951041 -7.54002194137
2024-10-25T05:15:00.000000 -6484.656811535 -83.326459343 -1668.323426347 1.88704383715 0.93428217980 -7.42451050792
2024-10-25T05:16:00.000000 -6356.023044497 -27.114778479 -2109.438522311 2.39899279882 0.93869308550 -7.27346197375
2024-10-25T05:17:00.000000 -6197.012807015 29.226917519 -2540.443384090 2.89918728624 0.93861507313 -7.08764520615
2024-10-25T05:18:00.000000 -6008.403675698 85.429352091 -2959.279276113 3.38522924985 0.93405393199 -6.86800026593
2024-10-25T05:19:00.000000 -5791.114780229 141.224285630 -3363.948803330 3.85479994039 0.92503830164 -6.61562993856
2024-10-25T05:20:00.000000 -5546.201782125 196.345840197 -3752.525427469 4.30566901515 0.91161793370 -6.33179237626
2024-10-25T05:21:00.000000 -5274.851233820 250.531729173 -4123.162550542 4.73570486680 0.89386286425 -6.01789275158
2024-10-25T05:22:00.000000 -4978.374405419 303.524501370 -4474.102158241 5.14288434886 0.87186432590 -5.67547729048
2024-10-25T05:23:00.000000 -4658.200408162 355.072789353 -4803.682914384 5.52530315054 0.84573341523 -5.30622030640
2024-10-25T05:24:00.000000 -4315.868957251 404.932432261 -5110.347578785 5.88117980208 0.81559924887 -4.91191639547
2024-10-25T05:25:00.000000 -3953.022764439 452.867591760 -5392.650047643 6.20886452593 0.78161023834 -4.49447408874
2024-10-25T05:26:00.000000 -3571.399342040 498.651861596 -5649.261841858 6.50684768144 0.74393183667 -4.05590347834
2024-10-25T05:27:00.000000 -3172.822470685 542.069252811 -5878.977866886 6.77376443219 0.70274598092 -3.59830558295
2024-10-25T05:28:00.000000 -2759.193334412 582.915174563 -6080.721521250 7.00840000754 0.65825034393 -3.12386032075
2024-10-25T05:29:00.000000 -2332.481495621 620.997323696 -6253.549071397 7.20968932684 0.61065678765 -2.63481570160
2024-10-25T05:30:00.000000 -1894.715878820 656.136587099 -6396.653647752 7.37672098271 0.56019346193 -2.13348474424
2024-10-25T05:31:00.000000 -1447.975224591 688.167930338 -6509.368737451 7.50874546810 0.50710001702 -1.62223002618
2024-10-25T05:32:00.000000 -994.378474617 716.940951699 -6591.170809412 7.60517289459 0.45162507077 -1.10345403958
2024-10-25T05:33:00.000000 -536.075060993 742.320507791 -6641.681415244 7.66557679647 0.39402894155 -0.57958858694
2024-10-25T05:34:00.000000 -75.235034737 764.187400732 -6660.668657440 7.68969698964 0.33458177707 -0.05308402050
2024-10-25T05:35:00.000000 385.960796948 782.438826330 -6648.047853242 7.67743388489 0.27356018295 0.47360262012
2024-10-25T05:36:00.000000 845.330571418 796.988816868 -6603.881872160 7.62885299925 0.21124845633 0.99801343663
2024-10-25T05:37:00.000000 1300.701191145 807.768638608 -6528.380635234 7.54417920545 0.14793676802 1.51770475822
2024-10-25T05:38:00.000000 1749.917835300 814.727113337 -6421.900315544 7.42379886506 0.08391934878 2.03024646809
2024-10-25T05:39:00.000000 2190.853855028 817.830779316 -6284.942104777 7.26826411559 0.01949304401 2.53323732522
2024-10-25T05:40:00.000000 2621.420637136 817.064112012 -6118.150032236 7.07828966613 -0.04504162651 3.02432017232
2024-10-25T05:41:00.000000 3039.577072028 812.429634270 -5922.307975239 6.85474335648 -0.10938375774 3.50119036054
2024-10-25T05:42:00.000000 3443.338755321 803.947934554 -5698.336428881 6.59864781512 -0.17323228841 3.96160090158
2024-10-25T05:43:00.000000 3830.787199024 791.657616133 -5447.288654096 6.31117667948 -0.23628805226 4.40337464553
2024-10-25T05:44:00.000000 4200.078790924 775.615169752 -5170.346244149 5.99365206492 -0.29825387287 4.82441285841
2024-10-25T05:45:00.000000 4549.453612605 755.894826264 -4868.814042321 5.64754033828 -0.35883613081 5.22270781032
2024-10-25T05:46:00.000000 4877.243882762 732.588266888 -4544.114400135 5.27444558390 -0.41774700182 5.59635178285
2024-10-25T05:47:00.000000 5181.882058989 705.804228137 -4197.780876688 4.87610375405 -0.47470605568 5.94354731884
2024-10-25T05:48:00.000000 5461.908508032 675.668019204 -3831.451339060 4.45437455521 -0.52944147622 6.26261623573
2024-10-25T05:49:00.000000 5715.978710194 642.320975019 -3446.860566138 4.01123418196 -0.58169104811 6.55200782672
2024-10-25T05:50:00.000000 5942.870006716 605.919850713 -3045.832329855 3.54876696203 -0.63120318931 6.81030772430
2024-10-25T05:51:00.000000 6141.487815587 566.636131011 -2630.270984964 3.06915628517 -0.67773880587 7.03624534492
2024-10-25T05:52:00.000000 6310.871316837 524.655251723 -2202.152627535 2.57467602787 -0.72107206299 7.22870132305
2024-10-25T05:53:00.000000 6450.198572286 480.175756033 -1763.515773805 2.06767970603 -0.76099222760 7.38671546319
2024-10-25T05:54:00.000000 6558.790951798 433.408348527 -1316.451614844 1.55058876885 -0.79730476554 7.50949318596
2024-10-25T05:55:00.000000 6636.116836893 384.574895261 -863.093896195 1.02587977007 -0.82983232419 7.59641150489
2024-10-25T05:56:00.000000 6681.794491036 333.907373405 -405.608507783 0.49607016866 -0.85841533634 7.64702199473
2024-10-25T05:57:00.000000 6695.594191750 281.646773754 53.817028894 -0.03629218386 -0.88291305608 7.66105281847
2024-10-25T05:58:00.000000 6677.439658930 228.041948143 512.984287476 -0.56864293858 -0.90320438970 7.63841249900
2024-10-25T05:59:00.000000 6627.408627885 173.348399023 969.694761694 -1.09841454164 -0.91918883514 7.57918992381
2024-10-25T06:00:00.000000 6545.732661873 117.827022791 1421.760731374 -1.62304968322 -0.93078726077 7.48365595905
2024-10-25T06:01:00.000000 6432.796037611 61.742811789 1867.016132440 -2.14001745550 -0.93794220842 7.35226058962
2024-10-25T06:02:00.000000 6289.133825132 5.363556459 2303.327158168 -2.64682398753 -0.94061795703 7.18562884070
2024-10-25T06:03:00.000000 6115.429311878 -51.041469821 2728.602722674 -3.14102496818 -0.93880075412 6.98455916424
2024-10-25T06:04:00.000000 5912.510624434 -107.202815251 3140.804734870 -3.62023871129 -0.93249835109 6.75001882398
2024-10-25T06:05:00.000000 5681.346597788 -162.852146512 3537.958074349 -4.08215865416 -0.92174040421 6.48313833989
2024-10-25T06:06:00.000000 5423.041951427 -217.723570585 3918.160192310 -4.52456371231 -0.90657850694 6.18520573232
2024-10-25T06:07:00.000000 5138.831754926 -271.554937076 4279.590400857 -4.94533227952 -0.88708584680 5.85765961736
2024-10-25T06:08:00.000000 4830.075161558 -324.089143505 4620.518528889 -5.34245039002 -0.86335743229 5.50207724875
2024-10-25T06:09:00.000000 4498.248785773 -375.075411187 4939.313112890 -5.71401891489 -0.83550873478 5.12017108634
2024-10-25T06:10:00.000000 4144.939402310 -424.270459305 5234.449245672 -6.05826634387 -0.80367407191 4.71377793173
2024-10-25T06:11:00.000000 3771.836113585 -471.439629853 5504.515638094 -6.37355398820 -0.76800645678 4.28484700262
2024-10-25T06:12:00.000000 3380.722211045 -516.357975080 5748.221155415 -6.65838208560 -0.72867655589 3.83543277914
2024-10-25T06:13:00.000000 2973.466650941 -558.811331020 5964.400859828 -6.91139573282 -0.68587275074 3.36768593753
2024-10-25T06:14:00.000000 2552.015181253 -598.597266584 6152.021561638 -7.13139212264 -0.63979764304 2.88384614260
2024-10-25T06:15:00.000000 2118.380853861 -635.525987355 6310.186762889 -7.31733102066 -0.59066991153 2.38622691048
2024-10-25T06:16:00.000000 1674.634218453 -669.421251500 6438.140649802 -7.46833735138 -0.53872242023 1.87720162512
2024-10-25T06:17:00.000000 1222.893391647 -700.121197014 6535.271114527 -7.58369802967 -0.48420128190 1.35918600359
2024-10-25T06:18:00.000000 765.314528372 -727.479079564 6601.112381567 -7.66286078108 -0.42736419489 0.83464197154
2024-10-25T06:19:00.000000 304.081787972 -751.363949420 6635.347462709 -7.70544475356 -0.36847997514 0.30606416070
2024-10-25T06:20:00.000000 -158.602979613 -771.661327104 6637.809667803 -7.71124132313 -0.30782851482 -0.22403410249
2024-10-25T06:21:00.000000 -620.530572544 -788.273777997 6608.483375319 -7.68021367143 -0.24569762607 -0.75313217005
2024-10-25T06:22:00.000000 -1079.494713544 -801.121347057 6547.504216393 -7.61249676897 -0.18238221386 -1.27871020540
2024-10-25T06:23:00.000000 -1533.302523894 -810.141970085 6455.158656299 -7.50840218444 -0.11818319072 -1.79826401813
2024-10-25T06:24:00.000000 -1979.784892361 -815.291740446 6331.882538284 -7.36840915009 -0.05340481925 -2.30931871800
2024-10-25T06:25:00.000000 -2416.806503860 -816.545097477 6178.259242131 -7.19316575417 0.01164610501 -2.80943350275
2024-10-25T06:26:00.000000 -2842.275959750 -813.894919265 5995.017214361 -6.98348678053 0.07666131735 -3.29621526644
2024-10-25T06:27:00.000000 -3254.155699848 -807.352670059 5783.026835459 -6.74035224385 0.14133006680 -3.76732818215
2024-10-25T06:28:00.000000 -3650.471830079 -796.948436532 5543.296559273 -6.46490294173 0.20534257089 -4.22050733598
2024-10-25T06:29:00.000000 -4029.323605121 -782.730850848 5276.968417590 -6.15843647702 0.26839080727 -4.65356647071
2024-10-25T06:30:00.000000 -4388.892821497 -764.766890266 4985.312930756 -5.82240555963 0.33017175236 -5.06441179311
2024-10-25T06:31:00.000000 -4727.452851952 -743.141511705 4669.723108116 -5.45840809621 0.39038939679 -5.45105569482
2024-10-25T06:32:00.000000 -5043.377005295 -717.957212281 4331.707831547 -5.06817577147 0.44875460655 -5.81162414025
2024-10-25T06:33:00.000000 -5335.146436259 -689.333691891 3972.884871843 -4.65357151416 0.50498379723 -6.14436396931
2024-10-25T06:34:00.000000 -5601.357704726 -657.407305676 3594.973339444 -4.21657763368 0.55880551614 -6.44764935584
2024-10-25T06:35:00.000000 -5840.729981827 -622.330492923 3199.785927798 -3.75929954024 0.60995489689 -6.71999061812
2024-10-25T06:36:00.000000 -6052.112362941 -584.271090592 2789.220062125 -3.28395857657 0.65818608161 -6.96005809334
2024-10-25T06:37:00.000000 -6234.489579918 -543.411147305 2365.247770222 -2.79284934824 0.70326846286 -7.16669004429
2024-10-25T06:38:00.000000 -6386.986315133 -499.946244194 1929.906190920 -2.28834369195 0.74498294467 -7.33888037796
2024-10-25T06:39:00.000000 -6508.871732557 -454.084612305 1485.287972553 -1.77288610659 0.78312706012 -7.47578464229
2024-10-25T06:40:00.000000 -6599.563829450 -406.046119963 1033.531152970 -1.24898869785 0.81751560031 -7.57673899042
2024-10-25T06:41:00.000000 -6658.632575321 -356.061227661 576.807958783 -0.71920186214 0.84798045484 -7.64126632596
2024-10-25T06:42:00.000000 -6685.801704201 -304.369922945 117.313753879 -0.18609823146 0.87437314237 -7.66907163053
2024-10-25T06:43:00.000000 -6680.949741362 -251.220429201 -342.743781624 0.34773652526 0.89656768510 -7.66004012099
2024-10-25T06:44:00.000000 -6644.110452548 -196.867847800 -801.155540924 0.87971508364 0.91446056649 -7.61423886844
2024-10-25T06:45:00.000000 -6575.472584386 -141.572858360 -1255.721950989 1.40726195825 0.92796923388 -7.53191877781
2024-10-25T06:46:00.000000 -6475.378654175 -85.600483741 -1704.263908121 1.92782827747 0.93703154671 -7.41351060451
2024-10-25T06:47:00.000000 -6344.322996203 -29.218789930 -2144.633554659 2.43890595057 0.94160868699 -7.25962435616
2024-10-25T06:48:00.000000 -6182.948898315 27.302518716 -2574.724780225 2.93803810920 0.94168461110 -7.07104146580
2024-10-25T06:49:00.000000 -5992.045230113 83.693442243 -2992.483556839 3.42283253236 0.93726515070 -6.84871551978
2024-10-25T06:50:00.000000 -5772.542009701 139.684937859 -3395.918019409 3.89097913481 0.92837639592 -6.59376314245
2024-10-25T06:51:00.000000 -5525.505177990 195.010154914 -3783.107837786 4.34025674632 0.91506575099 -6.30745109855
2024-10-25T06:52:00.000000 -5252.131142413 249.405788333 -4152.213198175 4.76854105883 0.89740373240 -5.99119589336
2024-10-25T06:53:00.000000 -4953.740461984 302.613375890 -4501.483478618 5.17381863583 0.87548109277 -5.64655181531
2024-10-25T06:54:00.000000 -4631.771086301 354.380517335 -4829.265245009 5.55419123623 0.84940894338 -5.27520334989
2024-10-25T06:55:00.000000 -4287.771158201 404.462029157 -5134.009890566 5.90788634968 0.81931632284 -4.87895882228
2024-10-25T06:56:00.000000 -3923.391094096 452.620988498 -5414.280639204 6.23326739263 0.78535009910 -4.45973455102
2024-10-25T06:57:00.000000 -3540.375451587 498.629904032 -5668.758727960 6.52883444133 0.74767747531 -4.01954785955
2024-10-25T06:58:00.000000 -3140.554390612 542.271798759 -5896.249243417 6.79323485277 0.70648103610 -3.56050683422
2024-10-25T06:59:00.000000 -2725.834791039 583.341091265 -6095.686150531 7.02526440285 0.66195818978 -3.08479820895
2024-10-25T07:00:00.000000 -2298.191186360 621.644481100 -6266.136739147 7.22387283309 0.61432085950 -2.59467701574
2024-10-25T07:01:00.000000 -1859.656500747 657.001831621 -6406.805344232 7.38816380967 0.56379579421 -2.09245501434
2024-10-25T07:02:00.000000 -1412.312858871 689.247008297 -6517.036577777 7.51739406331 0.51062266333 -1.58049672844
2024-10-25T07:03:00.000000 -958.282063815 718.228580452 -6596.318424418 7.61098710692 0.45505140244 -1.06121257755
2024-10-25T07:04:00.000000 -499.715473543 743.810424053 -6644.284206930 7.66853225176 0.39734271566 -0.53703491712
2024-10-25T07:05:00.000000 -38.784258389 765.872344611 -6660.713716697 7.68977960121 0.33776632425 -0.01041294680
2024-10-25T07:06:00.000000 422.330289288 784.310591375 -6645.534077809 7.67464285806 0.27660056444 0.51619359195
2024-10-25T07:07:00.000000 881.446602490 799.038331640 -6598.819890512 7.62319742387 0.21413090603 1.04032978182
2024-10-25T07:08:00.000000 1336.392463398 809.986019545 -6520.792916283 7.53568165095 0.15064733336 1.55954637582
2024-10-25T07:09:00.000000 1785.014944177 817.101608223 -6411.821267550 7.41249853061 0.08644381767 2.07141666567
2024-10-25T07:10:00.000000 2225.190149591 820.350861967 -6272.417801005 7.25421379416 0.02181953143 2.57354439567
2024-10-25T07:11:00.000000 2654.832956004 819.717550722 -6103.237852537 7.06155206639 -0.04292475783 3.06357799472
2024-10-25T07:12:00.000000 3071.906352079 815.203533690 -5905.076411943 6.83539317324 -0.10748694296 3.53921524498
2024-10-25T07:13:00.000000 3474.430762712 806.828797266 -5678.864813751 6.57677061396 -0.17156514776 3.99821514040
2024-10-25T07:14:00.000000 3860.493137624 794.631416573 -5425.666865313 6.28686871692 -0.23485839526 4.43840415258
2024-10-25T07:15:00.000000 4228.256039846 778.667466824 -5146.674467210 5.96702312040 -0.29706798186 4.85768884731
2024-10-25T07:16:00.000000 4575.966517716 759.010812087 -4843.202333539 5.61871234899 -0.35790007698 5.25407030894
2024-10-25T07:17:00.000000 4901.964415657 735.752774130 -4516.682140680 5.24355062126 -0.41706655411 5.62564993190
2024-10-25T07:18:00.000000 5204.690390937 709.001777801 -4168.656228645 4.84328295067 -0.47428569941 5.97063917939
2024-10-25T07:19:00.000000 5482.693549691 678.882913627 -3800.770724397 4.41977821937 -0.52928399323 6.28736842920
2024-10-25T07:20:00.000000 5734.638689016 645.537400211 -3414.768133856 3.97502264487 -0.58179758945 6.57429645474
2024-10-25T07:21:00.000000 5959.313067792 609.121960990 -3012.479342707 3.51111044922 -0.63157363311 6.83001970969
2024-10-25T07:22:00.000000 6155.632608156 569.808150428 -2595.815113560 3.03023435986 -0.67837088306 7.05328078918
2024-10-25T07:23:00.000000 6322.647459748 527.781575472 -2166.757093067 2.53467433952 -0.72196261630 7.24297494412
2024-10-25T07:24:00.000000 6459.546964210 483.240987383 -1727.348490130 2.02678834871 -0.76213726700 7.39815608234
2024-10-25T07:25:00.000000 6565.664004859 436.397393077 -1279.684346610 1.50900120066 -0.79869806575 7.51804379675
2024-10-25T07:26:00.000000 6640.478608332 387.473082527 -825.901417449 0.98379059161 -0.83146634969 7.60202807771
2024-10-25T07:27:00.000000 6683.620808290 336.700489250 -368.167908218 0.45367756064 -0.86028229622 7.64967179426
2024-10-25T07:28:00.000000 6694.872873857 284.321105786 91.327099821 -0.07878701278 -0.88500395384 7.66071661441
2024-10-25T07:29:00.000000 6674.170678888 230.584365967 550.384431807 -0.61103593040 -0.90550877903 7.63508489964
2024-10-25T07:30:00.000000 6621.604256598 175.746431941 1006.805740566 -1.14050058023 -0.92169529680 7.57288182121
2024-10-25T07:31:00.000000 6537.417413927 120.068919361 1458.404413963 -1.66462580216 -0.93348312921 7.47439284446
2024-10-25T07:32:00.000000 6422.006579258 63.817605829 1903.016325262 -2.18088143702 -0.94081421623 7.34008194520
2024-10-25T07:33:00.000000 6275.918888808 7.261085120 2338.510501076 -2.68677637223 -0.94365242389 7.17058947206
2024-10-25T07:34:00.000000 6099.849472671 -49.330512964 2762.799567320 -3.17987050661 -0.94198274560 6.96672788100
2024-10-25T07:35:00.000000 5894.638032373 -105.686806895 3173.849975588 -3.65778694748 -0.93581198505 6.72947818283
2024-10-25T07:36:00.000000 5661.264685477 -161.538514110 3569.691981493 -4.11822404233 -0.92517006791 6.45998546455
2024-10-25T07:37:00.000000 5400.845045412 -216.618805811 3948.429341783 -4.55896956682 -0.91010842249 6.15955308497
2024-10-25T07:38:00.000000 5114.624472912 -270.664572610 4308.248469640 -4.97791194029 -0.89069984251 5.82963118860
2024-10-25T07:39:00.000000 4803.971839221 -323.417708486 4647.426984246 -5.37304691021 -0.86703803110 5.47180879894
2024-10-25T07:40:00.000000 4470.372823788 -374.626334260 4964.341859558 -5.74248695032 -0.83923675774 5.08780718161
2024-10-25T07:41:00.000000 4115.422654750 -424.045979370 5257.477057523 -6.08446877209 -0.80742907963 4.67946997042
2024-10-25T07:42:00.000000 3740.818481034 -471.440728836 5525.430690581 -6.39736016426 -0.77176737417 4.24875800126
2024-10-25T07:43:00.000000 3348.351104437 -516.584402603 5766.921786485 -6.67967281271 -0.73242303173 3.79773777344
2024-10-25T07:44:00.000000 2939.896247320 -559.261576315 5980.796232704 -6.93006552710 -0.68958355650 3.32857069229
2024-10-25T07:45:00.000000 2517.405448424 -599.268637003 6166.032172008 -7.14735315533 -0.64345495311 2.84350110412
2024-10-25T07:46:00.000000 2082.896594130 -636.414805988 6321.744570384 -7.33050991221 -0.59425848400 2.34484361979
2024-10-25T07:47:00.000000 1638.444290074 -670.522948049 6447.189079286 -7.47867052096 -0.54222707368 1.83497162552
2024-10-25T07:48:00.000000 1186.170232840 -701.430247644 6541.765360272 -7.59113163871 -0.48760577888 1.31631078025
2024-10-25T07:49:00.000000 728.233308802 -728.989007690 6605.019917034 -7.66735763825 -0.43065308764 0.79132806847
2024-10-25T07:50:00.000000 266.819438366 -753.067358986 6636.648190890 -7.70698322438 -0.37163785545 0.26251897482
2024-10-25T07:51:00.000000 -195.868656437 -773.549886879 6636.495915372 -7.70981346307 -0.31083967088 -0.26760371911
2024-10-25T07:52:00.000000 -657.621673381 -790.338207257 6604.559907469 -7.67582431838 -0.24854617042 -0.79651821755
2024-10-25T07:53:00.000000 -1116.234087837 -803.351436128 6540.988302244 -7.60516662805 -0.18505336329 -1.32170492266
2024-10-25T07:54:00.000000 -1569.514657346 -812.526679429 6446.079879011 -7.49816393087 -0.12066402914 -1.84066415923
2024-10-25T07:55:00.000000 -2015.296598216 -817.819298526 6320.282676997 -7.35530887287 -0.05568377176 -2.35092118488
2024-10-25T07:56:00.000000 -2451.447803839 -819.203082623 6164.192121722 -7.17726333489 0.00957889074 -2.85004041245
2024-10-25T07:57:00.000000 -2875.880804012 -816.670401032 5978.548411486 -6.96485373607 0.07481304502 -3.33563234433
2024-10-25T07:58:00.000000 -3286.562740918 -810.232322930 5764.233473151 -6.71907393686 0.13970704071 -3.80536508419
2024-10-25T07:59:00.000000 -3681.525276696 -799.918532598 5522.267025646 -6.44107931214 0.20395224847 -4.25697929992
2024-10-25T08:00:00.000000 -4058.874090348 -785.777166546 5253.801939110 -6.13218134764 0.26724190720 -4.68829767579
2024-10-25T08:01:00.000000 -4416.798111801 -767.874690021 4960.118938955 -5.79384171510 0.32927236627 -5.09723761712
2024-10-25T08:02:00.000000 -4753.578263145 -746.295668602 4642.620710874 -5.42766540524 0.38974374772 -5.48181729010
2024-10-25T08:03:00.000000 -5067.596015545 -721.142493793 4302.825432147 -5.03539534165 0.44836278653 -5.84017198952
2024-10-25T08:04:00.000000 -5357.341107380 -692.534872488 3942.359753583 -4.61890133863 0.50484500000 -6.17054740101
2024-10-25T08:05:00.000000 -5621.419979879 -660.609361209 3562.951696950 -4.18019949055 0.55891494260 -6.47133073764
2024-10-25T08:06:00.000000 -5858.562925507 -625.518433006 3166.421140548 -3.72139593407 0.61031697316 -6.74106437705
2024-10-25T08:07:00.000000 -6067.629636752 -587.429686016 2754.671506994 -3.24470230099 0.65880159857 -6.97842677812
2024-10-25T08:08:00.000000 -6247.615452601 -546.525311934 2329.680646613 -2.75242401223 0.70413312034 -7.18225876370
2024-10-25T08:09:00.000000 -6397.656501495 -503.001205908 1893.491069560 -2.24694714844 0.74609053325 -7.35156576066
2024-10-25T08:10:00.000000 -6517.034184117 -457.066018075 1448.199840616 -1.73072595105 0.78446999305 -7.48552438670
2024-10-25T08:11:00.000000 -6605.178908049 -408.940099747 995.948147591 -1.20627054356 0.81908544628 -7.58348881233
2024-10-25T08:12:00.000000 -6661.672922469 -358.854404382 538.910483215 -0.67612971504 0.84976952164 -7.64499427951
2024-10-25T08:13:00.000000 -6686.252280590 -307.049374226 79.283810881 -0.14287980248 0.87637349414 -7.66975711517
2024-10-25T08:14:00.000000 -6678.808134434 -253.773715220 -380.723438250 0.39088872687 0.89877185276 -7.65767948333
2024-10-25T08:15:00.000000 -6639.386943306 -199.282903939 -838.902505699 0.92259209898 0.91686306828 -7.60884663976
2024-10-25T08:16:00.000000 -6568.189815329 -143.838001462 -1293.055056076 1.44965943641 0.93056225918 -7.52352088371
2024-10-25T08:17:00.000000 -6465.571554209 -87.704580762 -1741.003920042 1.96954119102 0.93980483044 -7.40214667329
2024-10-25T08:18:00.000000 -6332.038749083 -31.151395763 -2180.604102392 2.47973102159 0.94454952826 -7.24535043445
2024-10-25T08:19:00.000000 -6168.246706881 25.551032707 -2609.753371613 2.97777915681 0.94477835410 -7.05392979138
2024-10-25T08:20:00.000000 -5974.995831530 82.131729120 -3026.402384206 3.46130087517 0.94049411078 -6.82884984518
2024-10-25T08:21:00.000000 -5753.227314450 138.320564979 -3428.564609658 3.92798993230 0.93172257574 -6.57123789970
2024-10-25T08:22:00.000000 -5504.018113328 193.849657418 -3814.325858767 4.37562878012 0.91851274451 -6.28237741497
2024-10-25T08:23:00.000000 -5228.575220458 248.454734108 -4181.853499251 4.80210343847 0.90093553402 -5.96370122028
2024-10-25T08:24:00.000000 -4928.229084677 301.876363665 -4529.404917340 5.20541262589 0.87908107398 -5.61677493258
2024-10-25T08:25:00.000000 -4604.426832667 353.861094456 -4855.335285200 5.58366976013 0.85305886517 -5.24329243035
2024-10-25T08:26:00.000000 -4258.725032053 404.162651627 -5158.105116520 5.93511538946 0.82299846646 -4.84506880392
2024-10-25T08:27:00.000000 -3892.781858837 452.543101643 -5436.287102059 6.25812183215 0.78904829312 -4.42402683639
2024-10-25T08:28:00.000000 -3508.349082668 498.773969823 -5688.572461297 6.55120002577 0.75137466412 -3.98219378455
2024-10-25T08:29:00.000000 -3107.263286214 542.637198106 -5913.776743448 6.81301132183 0.71015853324 -3.52168279683
2024-10-25T08:30:00.000000 -2691.437044158 583.926102119 -6110.844615397 7.04236182077 0.66559823866 -3.04468513409
2024-10-25T08:31:00.000000 -2262.849973022 622.446341610 -6278.854443624 7.23821233348 0.61790613903 -2.55346334338
2024-10-25T08:32:00.000000 -1823.539341079 658.016705352 -6417.022028106 7.39967888174 0.56730789757 -2.05033405875
2024-10-25T08:33:00.000000 -1375.590909439 690.469976924 -6524.703773233 7.52603123601 0.51404436749 -1.53766825066
2024-10-25T08:34:00.000000 -921.129206029 719.653745285 -6601.399708909 7.61670827005 0.45836689746 -1.01787768803
2024-10-25T08:35:00.000000 -462.307487086 745.430914566 -6646.755252765 7.67131200017 0.40053533756 -0.49339554291
2024-10-25T08:36:00.000000 -1.298099437 767.680321467 -6660.562354720 7.68960473357 0.34082078918 0.03332744835
2024-10-25T08:37:00.000000 459.717262805 786.297329273 -6642.760296449 7.67151181368 0.27950250896 0.55983320166
2024-10-25T08:38:00.000000 918.557262195 801.194264443 -6593.435939752 7.61712179367 0.21686645415 1.08366126316
2024-10-25T08:39:00.000000 1373.050935862 812.300757338 -6512.823415853 7.52668981054 0.15320323646 1.60236620907
2024-10-25T08:40:00.000000 1821.047398258 819.564021479 -6401.303019263 7.40063162786 0.08880860165 2.11352128099
2024-10-25T08:41:00.000000 2260.425754843 822.949147497 -6259.399692028 7.23952942541 0.02398189858 2.61473631199
2024-10-25T08:42:00.000000 2689.104624565 822.439225179 -6087.780393755 7.04411728431 -0.04097593973 3.10366629583
2024-10-25T08:43:00.000000 3105.051330023 818.035473926 -5887.251439965 6.81528537769 -0.10576177143 3.57801311964
2024-10-25T08:44:00.000000 3506.291289197 809.757332477 -5658.755297122 6.55407958117 -0.17007169360 4.03553839170
2024-10-25T08:45:00.000000 3890.917289619 797.642430510 -5403.366669410 6.26169921564 -0.23360371695 4.47407463445
2024-10-25T08:46:00.000000 4257.098561477 781.746426073 -5122.287862989 5.93949182660 -0.29605890014 4.89153792863
2024-10-25T08:47:00.000000 4603.089436377 762.142798026 -4816.843456758 5.58894536507 -0.35714249275 5.28593756252
2024-10-25T08:48:00.000000 4927.237617835 738.922551696 -4488.474520989 5.21168392194 -0.41656504556 5.65538265124
2024-10-25T08:49:00.000000 5227.992227505 712.193880154 -4138.732314442 4.80946266176 -0.47404350069 5.99809285310
2024-10-25T08:50:00.000000 5503.911462864 682.081717333 -3769.271377606 4.38416151103 -0.52930296712 6.31240758155
2024-10-25T08:51:00.000000 5753.669856358 648.727224472 -3381.841994122 3.93777635147 -0.58207780183 6.59679740798
2024-10-25T08:52:00.000000 5976.064930933 612.287173284 -2978.282109539 3.47240970356 -0.63211342612 6.84987105603
2024-10-25T08:53:00.000000 6170.023321960 572.933252223 -2560.508796634 2.99026101114 -0.67916755997 7.07038328406
2024-10-25T08:54:00.000000 6334.606304584 530.851274412 -2130.509316523 2.49361758904 -0.72301180413 7.25724085983
2024-10-25T08:55:00.000000 6469.014806913 486.240310002 -1690.331743201 1.98484495742 -0.76343283958 7.40951154546
2024-10-25T08:56:00.000000 6572.593655147 439.311764101 -1242.075090569 1.46637195643 -0.80023292959 7.52642980862
2024-10-25T08:57:00.000000 6644.835066794 390.288399381 -787.879257977 0.94068152022 -0.83323157613 7.60739942760
2024-10-25T08:58:00.000000 6685.381551403 339.403260472 -329.914660741 0.41029782364 -0.86226661772 7.65199988171
2024-10-25T08:59:00.000000 6694.027985239 286.898543279 129.628380387 -0.12222655108 -0.88719541870 7.65998897486
2024-10-25T09:00:00.000000 6670.722862818 233.024398085 588.550432223 -0.65432598556 -0.90789552434 7.63130491452
2024-10-25T09:01:00.000000 6615.568702002 178.037700953 1044.653760921 -1.18343409879 -0.92426530570 7.56606639406
2024-10-25T09:02:00.000000 6528.821690604 122.200792273 1495.753167806 -1.70699702609 -0.93622424669 7.46457228585
2024-10-25T09:03:00.000000 6410.890556989 65.780208174 1939.686778957 -2.22248650871 -0.94371308949 7.32730120556
2024-10-25T09:04:00.000000 6262.334559311 9.045390893 2374.326742534 -2.72741509887 -0.94669413509 7.15490738549
2024-10-25T09:05:00.000000 6083.860747339 -47.732596767 2797.589625960 -3.21934576245 -0.94515146854 6.94821721110
2024-10-25T09:06:00.000000 5876.320545364 -104.282458730 3207.446687538 -3.69590515446 -0.93909322420 6.70822669066
2024-10-25T09:07:00.000000 5640.705499358 -160.334064006 3601.933954810 -4.15479907880 -0.92854964104 6.43609748455
2024-10-25T09:08:00.000000 5378.142066679 -215.619706382 3979.161819335 -4.59382577436 -0.91357123590 6.13314473183
2024-10-25T09:09:00.000000 5089.885895095 -269.875318812 4337.323970758 -5.01088174122 -0.89422896490 5.80082915451
2024-10-25T09:10:00.000000 4777.315653989 -322.841751929 4674.705986888 -5.40397173462 -0.87061586524 5.44075144136
2024-10-25T09:11:00.000000 4441.926264644 -374.266071681 4989.693433906 -5.77121659365 -0.84284588260 5.05464246041
2024-10-25T09:12:00.000000 4085.321775667 -423.902796660 5280.779565172 -6.11086109949 -0.81105342011 4.64436100653
2024-10-25T09:13:00.000000 3709.207326649 -471.515075756 5546.572608447 -6.42129020033 -0.77539130365 4.21187629600
2024-10-25T09:14:00.000000 3315.380886895 -516.875765826 5785.802099756 -6.70102762821 -0.73603048196 3.75926320118
2024-10-25T09:15:00.000000 2905.724437314 -559.768548434 5997.324853179 -6.94874865714 -0.69316076154 3.28868589288
2024-10-25T09:16:00.000000 2482.194995490 -599.988944080 6180.130008515 -7.16327773555 -0.64698590989 2.80239121488
2024-10-25T09:17:00.000000 2046.815387193 -637.345101419 6333.343861784 -7.34359845219 -0.59772379156 2.30270171442
2024-10-25T09:18:00.000000 1601.664487724 -671.658717922 6456.233921314 -7.48885919148 -0.54560807271 1.79199911699
2024-10-25T09:19:00.000000 1148.867356427 -702.765942345 6548.212042505 -7.59837177496 -0.49088633668 1.27271223668
2024-10-25T09:20:00.000000 690.585391332 -730.518132495 6608.837099137 -7.67161449707 -0.43381763456 0.74731157867
2024-10-25T09:21:00.000000 229.006120988 -754.782501778 6637.817068573 -7.70823747883 -0.37467148246 0.21829348895
2024-10-25T09:22:00.000000 -233.666959162 -775.442749892 6635.010235102 -7.70805883222 -0.31372757232 -0.31182848962
2024-10-25T09:23:00.000000 -695.224607203 -792.399615575 6600.426019412 -7.67106942765 -0.25127418164 -0.84053225918
2024-10-25T09:24:00.000000 -1153.462238682 -805.571390729 6534.225073043 -7.59743325291 -0.18760797879 -1.36530105544
2024-10-25T09:25:00.000000 -1606.190276011 -814.894373189 6436.718598871 -7.48748649269 -0.12303189892 -1.88363546440
2024-10-25T09:26:00.000000 -2051.244401766 -820.323156157 6308.366966812 -7.34173459381 -0.05785281075 -2.39306379137
2024-10-25T09:27:00.000000 -2486.495681192 -821.830850166 6149.777789272 -7.16085119809 0.00761923160 -2.89115113501
2024-10-25T09:28:00.000000 -2909.860702154 -819.409227786 5961.703460764 -6.94568097131 0.07307232162 -3.37550936226
2024-10-25T09:29:00.000000 -3319.311736639 -813.068792753 5745.037742141 -6.69723302334 0.13819431084 -3.84381623600
2024-10-25T09:30:00.000000 -3712.886329121 -802.838772431 5500.811569497 -6.41667339986 0.20267331022 -4.29382278834
2024-10-25T09:31:00.000000 -4088.696621433 -788.767048652 5230.188451677 -6.10532255229 0.26619983623 -4.72336030596
2024-10-25T09:32:00.000000 -4444.938512865 -770.919936063 4934.459339742 -5.76465064888 0.32846930610 -5.13035058400
2024-10-25T09:33:00.000000 -4779.900587182 -749.381859207 4615.036981630 -5.39627775931 0.38918267130 -5.51281526038
2024-10-25T09:34:00.000000 -5091.972904015 -724.254989214 4273.449228765 -5.00196219559 0.44804762733 -5.86889760412
2024-10-25T09:35:00.000000 -5379.654862350 -695.658796359 3911.331718541 -4.58359124780 0.50478016709 -6.19686212752
2024-10-25T09:36:00.000000 -5641.562918161 -663.729553869 3530.420227806 -4.14317729534 0.55910397373 -6.49510912200
2024-10-25T09:37:00.000000 -5876.437634784 -628.619764840 3132.542078021 -3.68284129168 0.61075598867 -6.76218820175
2024-10-25T09:38:00.000000 -6083.149664418 -590.497246577 2719.607148735 -3.20479805675 0.65948780428 -6.99679670981
2024-10-25T09:39:00.000000 -6260.705467693 -549.544383082 2293.599067680 -2.71136100040 0.70506236709 -7.19778180164
2024-10-25T09:40:00.000000 -6408.253011265 -505.957363777 1856.565472729 -2.20492729641 0.74725748034 -7.36416542768
2024-10-25T09:41:00.000000 -6525.085909248 -459.945172385 1410.607455488 -1.68795346279 0.78586884068 -7.49514288439
2024-10-25T09:42:00.000000 -6610.646733241 -411.728522018 957.869212446 -1.16294659794 0.82070985029 -7.59008175333
2024-10-25T09:43:00.000000 -6664.529908884 -361.538779680 500.527681239 -0.63246108466 0.85161202534 -7.64852555498
2024-10-25T09:44:00.000000 -6686.484101763 -309.616840344 40.781455505 -0.09907750874 0.87842690541 -7.67020949571
2024-10-25T09:45:00.000000 -6676.412983993 -256.211844182 -419.160413743 0.43461705351 0.90102777436 -7.65504755360
2024-10-25T09:46:00.000000 -6634.375677281 -201.579944601 -877.089178335 0.96603118186 0.91930741612 -7.60313816899
2024-10-25T09:47:00.000000 -6560.586330693 -145.983133144 -1330.807611939 1.49259195667 0.93317894307 -7.51476556235
2024-10-25T09:48:00.000000 -6455.412565930 -89.687913017 -1778.140911282 2.01175790747 0.94257913780 -7.39039209399
2024-10-25T09:49:00.000000 -6319.373331851 -32.963889532 -2216.947295493 2.52102817165 0.94746742208 -7.23065610157
2024-10-25T09:50:00.000000 -6153.136071782 23.917555921 -2645.128530832 3.01795640956 0.94782539519 -7.03637005411
2024-10-25T09:51:00.000000 -5957.513007996 80.684627306 -3060.640189270 3.50016496411 0.94365755636 -6.80851370419
2024-10-25T09:52:00.000000 -5733.456707695 137.066461559 -3461.501485869 3.96535506817 0.93499040923 -6.54822807079
2024-10-25T09:53:00.000000 -5482.054976237 192.794448202 -3845.804797258 4.41131978283 0.92187255961 -6.25680929285
2024-10-25T09:54:00.000000 -5204.524992525 247.603534304 -4211.724673241 4.83595521993 0.90437360075 -5.93569855568
2024-10-25T09:55:00.000000 -4902.206892196 301.233413747 -4557.526217305 5.23726741686 0.88258199461 -5.58647184870
2024-10-25T09:56:00.000000 -4576.556985410 353.429680884 -4881.572998140 5.61337973695 0.85660640924 -5.21083419103
2024-10-25T09:57:00.000000 -4229.140409503 403.945058888 -5182.334501882 5.96254216694 0.82657524969 -4.81060934612
2024-10-25T09:58:00.000000 -3861.623364762 452.540534092 -5458.392993161 6.28313734989 0.79263593047 -4.38773149700
2024-10-25T09:59:00.000000 -3475.764892826 498.986539950 -5708.449841233 6.57368916144 0.75495564300 -3.94423453386
2024-10-25T10:00:00.000000 -3073.408231006 543.064051831 -5931.331137087 6.83286767233 0.71371775717 -3.48224024479
2024-10-25T10:01:00.000000 -2656.471931697 584.565438076 -6125.992684521 7.05949335307 0.66911875953 -3.00394872572
2024-10-25T10:02:00.000000 -2226.940710669 623.295295793 -6291.524310294 7.25254006312 0.62136990570 -2.51162551892
2024-10-25T10:03:00.000000 -1786.856242030 659.071345459 -6427.153555733 7.41113619387 0.57069752070 -2.00759432281
2024-10-25T10:04:00.000000 -1338.307753736 691.725353034 -6532.248883459 7.53456837734 0.51734317328 -1.49422738551
2024-10-25T10:05:00.000000 -883.422424894 721.103909563 -6606.322377128 7.62228670219 0.46155825723 -0.97393768852
2024-10-25T10:06:00.000000 -424.355438270 747.068929417 -6649.031649036 7.67390603147 0.40360307641 -0.44916079059
2024-10-25T10:07:00.000000 36.719716996 769.498301865 -6660.180939066 7.68920138612 0.34374922105 0.07765228927
2024-10-25T10:08:00.000000 497.620860542 788.286443348 -6639.721917308 7.66810931286 0.28227607768 0.60403841389
2024-10-25T10:09:00.000000 956.167113650 803.344789281 -6587.754078451 7.61073637893 0.21947090751 1.12753761378
2024-10-25T10:10:00.000000 1410.188852454 814.602129671 -6504.524041439 7.51735038993 0.15562484067 1.64570559532
2024-10-25T10:11:00.000000 1857.537444112 822.004895681 -6390.424490274 7.38838379792 0.09103520532 2.15612079063
2024-10-25T10:12:00.000000 2296.095010568 825.517515904 -6245.992310724 7.22442752296 0.02600365280 2.65639902353
2024-10-25T10:13:00.000000 2723.783775153 825.122540634 -6071.906258580 7.02622782099 -0.03916751600 3.14419630546
2024-10-25T10:14:00.000000 3138.575442563 820.820698938 -5868.984336418 6.79468825142 -0.10417439609 3.61721657452
2024-10-25T10:15:00.000000 3538.500725161 812.630994127 -5638.180527050 6.53087160743 -0.16871232524 4.07322656082
2024-10-25T10:16:00.000000 3921.658645958 800.590644111 -5380.580539454 6.23599027324 -0.23247911498 4.51006971226
2024-10-25T10:17:00.000000 4286.225295929 784.754912696 -5097.397045106 5.91140047054 -0.29517543167 4.92567173958
2024-10-25T10:18:00.000000 4630.462383174 765.196930868 -4789.964489389 5.55859931884 -0.35650489091 5.31804933221
2024-10-25T10:19:00.000000 4952.725558668 742.007520025 -4459.733331671 5.17921995212 -0.41617492458 5.68531991748
2024-10-25T10:20:00.000000 5251.472493929 715.294814095 -4108.263810177 4.77503039337 -0.47390170807 6.02570948942
2024-10-25T10:21:00.000000 5525.270728365 685.183657504 -3737.218818782 4.34792053912 -0.52941128390 6.33757187669
2024-10-25T10:22:00.000000 5772.804493968 651.815217707 -3348.356229179 3.89989156853 -0.58243366793 6.61938664094
2024-10-25T10:23:00.000000 5992.881570313 615.346465848 -2943.521125665 3.43305812950 -0.63271397555 6.86977120140
2024-10-25T10:24:00.000000 6184.439478261 575.949221153 -2524.637030353 2.94962795369 -0.68001075676 7.08749373532
2024-10-25T10:25:00.000000 6346.550770942 533.809424619 -2093.696809066 2.45189291623 -0.72409540352 7.27147465151
2024-10-25T10:26:00.000000 6478.427937523 489.126337848 -1652.753488453 1.94222541799 -0.76475242352 7.42079057975
2024-10-25T10:27:00.000000 6579.427938364 442.111676209 -1203.910415359 1.42306569645 -0.80178286553 7.53468873844
2024-10-25T10:28:00.000000 6649.055773542 392.988573735 -749.310815405 0.89690449271 -0.83500496997 7.61259373485
2024-10-25T10:29:00.000000 6686.966888969 341.990514471 -291.127183874 0.36626483044 -0.86425591430 7.65410376584
2024-10-25T10:30:00.000000 6692.968987619 289.360183869 168.449071127 -0.16630262535 -0.88939161192 7.65899152774
2024-10-25T10:31:00.000000 6667.023326405 235.348316787 627.218277086 -0.69823241953 -0.91028817716 7.62720927227
2024-10-25T10:32:00.000000 6609.245171587 180.212461231 1082.983335699 -1.22695890869 -0.92684254682 7.55889051188
2024-10-25T10:33:00.000000 6519.903402260 124.215693014 1533.560551149 -1.74992905271 -0.93897351812 7.45434848364
2024-10-25T10:34:00.000000 6399.419360303 67.625322802 1976.790455836 -2.26461691881 -0.94662104874 7.31407731473
2024-10-25T10:35:00.000000 6248.364743639 10.711614567 2410.548510367 -2.76853785296 -0.94974696276 7.13874618421
2024-10-25T10:36:00.000000 6067.458845284 -46.253551194 2832.755562781 -3.25925973916 -0.94833553535 6.92919880455
2024-10-25T10:37:00.000000 5857.564868597 -102.998020429 3241.388156581 -3.73441953820 -0.94239334612 6.68644616464
2024-10-25T10:38:00.000000 5619.685515877 -159.250689941 3634.488312481 -4.19173162352 -0.93194880840 6.41165933756
2024-10-25T10:39:00.000000 5354.958008354 -214.742831902 4010.173033001 -4.62900026195 -0.91705271061 6.10616511518
2024-10-25T10:40:00.000000 5064.648339399 -269.209416648 4366.643342813 -5.04412981301 -0.89777732708 5.77143642898
2024-10-25T10:41:00.000000 4750.145014136 -322.390371322 4702.192886152 -5.43513417246 -0.87421565444 5.40908603951
2024-10-25T10:42:00.000000 4412.952196388 -374.031811487 5015.215991232 -5.80014474188 -0.84648051107 5.02085620451
2024-10-25T10:43:00.000000 4054.682447133 -423.887237570 5304.215317240 -6.13741998440 -0.81470613410 4.60861396430
2024-10-25T10:44:00.000000 3677.048702174 -471.718755756 5567.808841887 -6.44535430563 -0.77904275324 4.17433458171
2024-10-25T10:45:00.000000 3281.856224128 -517.297946638 5804.736401124 -6.72247941735 -0.73965910295 3.72010455820
2024-10-25T10:46:00.000000 2870.993715771 -560.407248533 6013.865832028 -6.96748227344 -0.69674592026 3.24809960269
2024-10-25T10:47:00.000000 2446.424101250 -600.840954353 6194.197932777 -7.17920298491 -0.65050809158 2.76057576919
2024-10-25T10:48:00.000000 2010.175109438 -638.406120272 6344.871015581 -7.35664156331 -0.60116579339 2.25985847047
2024-10-25T10:49:00.000000 1564.329632310 -672.923439271 6465.164722590 -7.49895958929 -0.54895343840 1.74833147781
2024-10-25T10:50:00.000000 1111.015996338 -704.228092196 6554.503228571 -7.60548142708 -0.49411947348 1.22842768997
2024-10-25T10:51:00.000000 652.398023838 -732.170544032 6612.457937438 -7.67570062830 -0.43692418161 0.70261923048
2024-10-25T10:52:00.000000 190.664841355 -756.617154492 6638.749383372 -7.70927957593 -0.37763727824 0.17340371385
2024-10-25T10:53:00.000000 -271.979262822 -777.450787136 6633.248546633 -7.70605122184 -0.31653918666 -0.35670344492
2024-10-25T10:54:00.000000 -733.325151619 -794.571420226 6595.977547061 -7.66602086339 -0.25391947502 -0.88518182394
2024-10-25T10:55:00.000000 -1191.169160676 -807.896616353 6527.109611282 -7.58936584370 -0.19007463541 -1.40951674558
2024-10-25T10:56:00.000000 -1643.323403846 -817.361943735 6426.968362505 -7.47643406037 -0.12530823171 -1.92721120573
2024-10-25T10:57:00.000000 -2087.625958977 -822.921311078 6296.026554885 -7.32774368522 -0.05992732996 -2.43579252681
2024-10-25T10:58:00.000000 -2521.951181707 -824.547145176 6134.904233557 -7.14398561814 0.00575742013 -2.93282698665
2024-10-25T10:59:00.000000 -2944.219915516 -822.230603608 5944.365883063 -6.92601702839 0.07143296989 -3.41593503905
2024-10-25T11:00:00.000000 -3352.409299701 -815.981652172 5725.316984453 -6.67485755116 0.13678538942 -3.88279783802
2024-10-25T11:01:00.000000 -3744.562513166 -805.829085755 5478.800013363 -6.39168775584 0.20150151973 -4.33116983771
2024-10-25T11:02:00.000000 -4118.798219580 -791.820381609 5205.989751452 -6.07784252965 0.26527210856 -4.75888759168
2024-10-25T11:03:00.000000 -4473.319736700 -774.021472019 4908.188075677 -5.73480843972 0.32779096972 -5.16388014301
2024-10-25T11:04:00.000000 -4806.424044889 -752.516529114 4586.817953862 -5.36421874672 0.38875670468 -5.54418557103
2024-10-25T11:05:00.000000 -5116.510057910 -727.407652802 4243.416586243 -4.96783756863 0.44787373338 -5.89795648127
2024-10-25T11:06:00.000000 -5402.086598253 -698.814325699 3879.628411569 -4.54756268878 0.50485867447 -6.22346974777
2024-10-25T11:07:00.000000 -5661.780018411 -666.872785660 3497.197223653 -4.10541307696 0.55943527088 -6.51913767427
2024-10-25T11:08:00.000000 -5894.341170871 -631.735588488 3097.957759821 -3.64351732093 0.61133764062 -6.78351716543
2024-10-25T11:09:00.000000 -6098.651741877 -593.570782766 2683.826866985 -3.16410649777 0.66031470905 -7.01531684135
2024-10-25T11:10:00.000000 -6273.729962237 -552.561097177 2256.794080881 -2.66949916480 0.70612869856 -7.21340497554
2024-10-25T11:11:00.000000 -6418.735638872 -508.903037511 1818.911934633 -2.16209368093 0.74855815997 -7.37681542659
2024-10-25T11:12:00.000000 -6532.974468470 -462.805960568 1372.285804662 -1.64435327523 0.78739619663 -7.50475326266
2024-10-25T11:13:00.000000 -6615.901649587 -414.491076688 919.063436706 -1.11879492391 0.82245581400 -7.59660237703
2024-10-25T11:14:00.000000 -6667.124551180 -364.190182662 461.424143427 -0.58797222887 0.85356987964 -7.65192637526
2024-10-25T11:15:00.000000 -6686.404639556 -312.144638458 1.567960708 -0.05446579866 0.88058730787 -7.67047195386
2024-10-25T11:16:00.000000 -6673.658595024 -258.604258767 -458.295398427 0.47913319869 0.90337788200 -7.65216928312
2024-10-25T11:17:00.000000 -6628.958597985 -203.825991105 -915.957583674 1.01023564868 0.92183424865 -7.59713409939
2024-10-25T11:18:00.000000 -6552.531692760 -148.072544918 -1369.222683402 1.53627038571 0.93587156834 -7.50566458682
2024-10-25T11:19:00.000000 -6444.758342809 -91.611055922 -1815.918098072 2.05469703703 0.94542691398 -7.37823914475
2024-10-25T11:20:00.000000 -6306.170182322 -34.711804143 -2253.905244635 2.56301891229 0.95045860002 -7.21551273660
2024-10-25T11:21:00.000000 -6137.446995705 22.353102378 -2681.090056932 3.05879699464 0.95094729669 -7.01831330955
2024-10-25T11:22:00.000000 -5939.412858739 79.311048308 -3095.433131201 3.53966184312 0.94689562322 -6.78763368276
2024-10-25T11:23:00.000000 -5713.031726265 135.890261655 -3494.959448177 4.00332218266 0.93832883697 -6.52462666004
2024-10-25T11:24:00.000000 -5459.402361598 191.821114463 -3877.767829118 4.44757768392 0.92529309702 -6.23059947374
2024-10-25T11:25:00.000000 -5179.752546403 246.837404408 -4242.039962561 4.87032981737 0.90785664343 -5.90700577275
2024-10-25T11:26:00.000000 -4875.432653584 300.677686298 -4586.048929878 5.26959251022 0.88610957918 -5.55543667910
2024-10-25T11:27:00.000000 -4547.908610413 353.086535895 -4908.167133931 5.64350122317 0.86016230997 -5.17760999752
2024-10-25T11:28:00.000000 -4198.754385176 403.815754430 -5206.873585853 5.99032036830 0.83014517523 -4.77535946335
2024-10-25T11:29:00.000000 -3829.644126383 452.625524568 -5480.760511358 6.30844642056 0.79620691839 -4.35062445804
2024-10-25T11:30:00.000000 -3442.344052340 499.285425808 -5728.539525445 6.59641488116 0.75851136083 -3.90544284214
2024-10-25T11:31:00.000000 -3038.704070451 543.575371384 -5949.047262746 6.85290221128 0.71724051189 -3.44194421209
2024-10-25T11:32:00.000000 -2620.648884578 585.286748630 -6141.250640288 7.07673994497 0.67259314947 -2.96233824304
2024-10-25T11:33:00.000000 -2190.168621845 624.223242100 -6304.251165751 7.26691577567 0.62478096066 -2.46889992020
2024-10-25T11:34:00.000000 -1749.309417478 660.201683331 -6437.288521553 7.42257500992 0.57403013319 -1.96395761061
2024-10-25T11:35:00.000000 -1300.164091046 693.052865754 -6539.743506417 7.54301677714 0.52058011255 -1.44988792310
2024-10-25T11:36:00.000000 -844.862520727 722.622338495 -6611.140800971 7.62770791020 0.46468252858 -0.92910539047
2024-10-25T11:37:00.000000 -385.561715918 748.771039206 -6651.150582214 7.67627551596 0.40659868109 -0.40404498070
2024-10-25T11:38:00.000000 75.563678387 771.375858059 -6659.589742966 7.68850575162 0.34659918117 0.12283784348
2024-10-25T11:39:00.000000 536.331214908 790.330256224 -6636.422895210 7.66435348406 0.28496558963 0.64907839630
2024-10-25T11:40:00.000000 994.560736270 805.544797998 -6581.762297139 7.60393859179 0.22198564774 1.17222121858
2024-10-25T11:41:00.000000 1448.084114472 816.947465076 -6495.867163227 7.50754259748 0.15795247317 1.68982412251
2024-10-25T11:42:00.000000 1894.755008630 824.484002176 -6379.142579013 7.37560976833 0.09316475882 2.19946936309
2024-10-25T11:43:00.000000 2332.458496941 828.118189234 -6232.137709531 7.20874299131 0.02792475409 2.69877261051
2024-10-25T11:44:00.000000 2759.120637891 827.831998683 -6055.543552110 7.00770473544 -0.03746395088 3.18539314860
2024-10-25T11:45:00.000000 3172.717870142 823.625618526 -5850.190011451 6.77341204522 -0.10269736466 3.65704175066
2024-10-25T11:46:00.000000 3571.286388610 815.517556285 -5617.042574428 6.50693951176 -0.16746873602 4.11149146774
2024-10-25T11:47:00.000000 3952.931376126 803.544740466 -5357.198064782 6.20951006456 -0.23147174293 4.54659223419
2024-10-25T11:48:00.000000 4315.835722182 787.762358499 -5071.879965736 5.88249190879 -0.29440437383 4.96027312832
2024-10-25T11:49:00.000000 4658.268835404 768.243553545 -4762.433299102 5.52739957960 -0.35597027179 5.35055715311
2024-10-25T11:50:00.000000 4978.595068673 745.079084862 -4430.318519762 5.14588135720 -0.41587845592 5.71557431060
2024-10-25T11:51:00.000000 5275.281506877 718.376991634 -4077.104961530 4.73971270021 -0.47384424621 6.05356647397
2024-10-25T11:52:00.000000 5546.905469890 688.262159511 -3704.463885679 4.31079171666 -0.52959119930 6.36289589318
2024-10-25T11:53:00.000000 5792.161633630 654.875754462 -3314.160932371 3.86113024044 -0.58285307450 6.64205595049
2024-10-25T11:54:00.000000 6009.868570739 618.374645128 -2908.048027285 3.39284569061 -0.63337266836 6.88967816405
2024-10-25T11:55:00.000000 6198.974918938 578.930785744 -2488.054838455 2.90815402607 -0.68090513606 7.10454125359
2024-10-25T11:56:00.000000 6358.564886390 536.730397921 -2056.179706367 2.40935660650 -0.72521967933 7.28557831268
2024-10-25T11:57:00.000000 6487.863105648 491.973103267 -1614.480180533 1.89883110176 -0.76610078185 7.43188408562
2024-10-25T11:58:00.000000 6586.238797719 444.870969928 -1165.063053310 1.37901590976 -0.80334923972 7.54272299452
2024-10-25T11:59:00.000000 6653.209007594 395.647479621 -710.074300942 0.85240165450 -0.83678395543 7.61752495492
2024-10-25T12:00:00.000000 6688.441572598 344.536472976 -251.688681265 0.32151802920 -0.86624044363 7.65590071004