CCSDS_OEM_VERS = 2.0
CREATION_DATE  = 2024-05-29T01:05:39.101000
ORIGINATOR     = BTAS3_OFEI

META_START
OBJECT_NAME    = Satellite
OBJECT_ID      = QK-1
CENTER_NAME    = EARTH
REF_FRAME      = J2000
TIME_SYSTEM    = UTC
START_TIME     = 2024-05-29T04:00:00.000000
STOP_TIME      = 2024-06-01T04:00:00.000000
META_STOP

COMMENT OEM data, unit is km and km/s.

2024-05-29T04:00:00.000000 1700.429043140 474.148347848 -6484.866991633 -5.55728463178 -4.99029295343 -1.82612514175
2024-05-29T04:01:00.000000 1363.258011572 173.851087907 -6579.066398957 -5.67734051450 -5.01569266513 -1.31264683789
2024-05-29T04:02:00.000000 1019.682363351 -127.263267718 -6642.263610948 -5.77069139048 -5.01752092234 -0.79311944688
2024-05-29T04:03:00.000000 671.317638449 -427.779989250 -6674.168060845 -5.83691681110 -4.99578099609 -0.26995894908
2024-05-29T04:04:00.000000 319.800816807 -726.287749717 -6674.634588707 -5.87572266910 -4.95058259084 0.25440660643
2024-05-29T04:05:00.000000 -33.217140339 -1021.384915166 -6643.663714394 -5.88693561093 -4.88213854957 0.77754973580
2024-05-29T04:06:00.000000 -386.078497619 -1311.685751151 -6581.401553981 -5.87050465708 -4.79076654426 1.29704689925
2024-05-29T04:07:00.000000 -737.126195113 -1595.826647378 -6488.139115438 -5.82650244126 -4.67688513150 1.81049353518
2024-05-29T04:08:00.000000 -1084.711111336 -1872.472049489 -6364.310980100 -5.75512049177 -4.54101141505 2.31550837060
2024-05-29T04:09:00.000000 -1427.199290458 -2140.320502556 -6210.493849210 -5.65667455588 -4.38376514312 2.80973783493
2024-05-29T04:10:00.000000 -1762.979562792 -2398.110708989 -6027.404345258 -5.53160793649 -4.20586410575 3.29087411902
2024-05-29T04:11:00.000000 -2090.471055411 -2644.627275216 -5815.895844802 -5.38048590280 -4.00812019628 3.75666803107
2024-05-29T04:12:00.000000 -2408.130344698 -2878.706293742 -5576.954751480 -5.20399136370 -3.79143729032 4.20493587048
2024-05-29T04:13:00.000000 -2714.458468868 -3099.240770078 -5311.696318616 -5.00292318175 -3.55680820830 4.63356757482
2024-05-29T04:14:00.000000 -3008.007865426 -3305.185862287 -5021.359970893 -4.77819569035 -3.30531103709 5.04053601862
2024-05-29T04:15:00.000000 -3287.389224184 -3495.563868141 -4707.303996228 -4.53083546948 -3.03810509612 5.42390785032
2024-05-29T04:16:00.000000 -3551.278107551 -3669.468975485 -4370.999652629 -4.26197805218 -2.75642669292 5.78185229380
2024-05-29T04:17:00.000000 -3798.421395513 -3826.071756232 -4014.024689896 -3.97286412476 -2.46158469606 6.11265241702
2024-05-29T04:18:00.000000 -4027.643388091 -3964.623315311 -3638.056211250 -3.66483263459 -2.15495346379 6.41471444544
2024-05-29T04:19:00.000000 -4237.851548982 -4084.459017044 -3244.863087955 -3.33931589365 -1.83796634658 6.68657443911
2024-05-29T04:20:00.000000 -4428.041928990 -4185.001891056 -2836.297956179 -2.99783362297 -1.51211156810 6.92690541671
2024-05-29T04:21:00.000000 -4597.304275551 -4265.765762505 -2414.288740799 -2.64198843258 -1.17892597961 7.13452644156
2024-05-29T04:22:00.000000 -4744.826785448 -4326.357911572 -1980.829603865 -2.27345763114 -0.83998659815 7.30841182618
2024-05-29T04:23:00.000000 -4869.900287311 -4366.481239968 -1537.971434856 -1.89398353594 -0.49690229457 7.44769703190
2024-05-29T04:24:00.000000 -4971.921901946 -4385.935931278 -1087.812069846 -1.50536570904 -0.15130578566 7.55168245937
2024-05-29T04:25:00.000000 -5050.398240755 -4384.620665500 -632.486225714 -1.10945253336 0.19515398748 7.61983936875
2024-05-29T04:26:00.000000 -5104.948004726 -4362.533295162 -174.155134824 -0.70813028366 0.54082166896 7.65181261433
2024-05-29T04:27:00.000000 -5135.304001019 -4319.771001375 285.003877322 -0.30331508558 0.88404281676 7.64742127403
2024-05-29T04:28:00.000000 -5141.314703262 -4256.530017631 742.807942174 0.10305535645 1.22317151610 7.60666215476
2024-05-29T04:29:00.000000 -5122.945206281 -4173.104848920 1197.079389584 0.50903338194 1.55657966625 7.52971156357
2024-05-29T04:30:00.000000 -5080.277512455 -4069.886911872 1645.656463096 0.91267110026 1.88266632184 7.41692365269
2024-05-29T04:31:00.000000 -5013.510222719 -3947.362638705 2086.403986737 1.31203191843 2.19986696120 7.26882923860
2024-05-29T04:32:00.000000 -4922.957608472 -3806.111090243 2517.223781329 1.70519765004 2.50665859866 7.08613147349
2024-05-29T04:33:00.000000 -4809.048096393 -3646.801266219 2936.065165896 2.09028526173 2.80156921123 6.86970884361
2024-05-29T04:34:00.000000 -4672.321746010 -3470.188684808 3340.934992016 2.46545599559 3.08318717806 6.62059894666
2024-05-29T04:35:00.000000 -4513.427607569 -3277.111608328 3729.907070712 2.82891708076 3.35016736173 6.33999585687
2024-05-29T04:36:00.000000 -4333.120634789 -3068.486842366 4101.131477493 3.17893355713 3.60123810214 6.02924652114
2024-05-29T04:37:00.000000 -4132.257843968 -2845.305148915 4452.843414063 3.51383929913 3.83520587084 5.68983974140
2024-05-29T04:38:00.000000 -3911.794041545 -2608.626511734 4783.371504881 3.83204168022 4.05095791710 5.32340025415
2024-05-29T04:39:00.000000 -3672.777187445 -2359.575065214 5091.145804743 4.13202972224 4.24746983453 4.93168280968
2024-05-29T04:40:00.000000 -3416.343265907 -2099.333580305 5374.705313003 4.41238152608 4.42381262456 4.51656253562
2024-05-29T04:41:00.000000 -3143.710676051 -1829.137589566 5632.704862660 4.67177313685 4.57915685323 4.08002310198
2024-05-29T04:42:00.000000 -2856.174187968 -1550.269358511 5863.921235097 4.90898347355 4.71277447397 3.62414404868
2024-05-29T04:43:00.000000 -2555.098623925 -1264.051758259 6067.258602531 5.12289908396 4.82404020661 3.15109015331
2024-05-29T04:44:00.000000 -2241.912380108 -971.842086687 6241.753335180 5.31251454026 4.91243191700 2.66310275345
2024-05-29T04:45:00.000000 -1918.100762968 -675.025794995 6386.578450929 5.47693967154 4.97753391354 2.16249322173
2024-05-29T04:46:00.000000 -1585.198938232 -375.010001894 6501.047425134 5.61540289245 5.01904033950 1.65163029569
2024-05-29T04:47:00.000000 -1244.784757154 -73.216821023 6584.617293262 5.72725322734 5.03675732209 1.13292885104
2024-05-29T04:48:00.000000 -898.471439215 228.923389542 6636.891077731 5.81196328589 5.03060344782 0.60883779623
2024-05-29T04:49:00.000000 -547.900096688 529.978642932 6657.619498786 5.86913094679 5.00060585915 0.08183081546
2024-05-29T04:50:00.000000 -194.732122503 828.521927606 6646.702259656 5.89848315780 4.94690372133 -0.44560200157
2024-05-29T04:51:00.000000 159.358640572 1123.137926074 6604.188563017 5.89987755616 4.86974698273 -0.97096987270
2024-05-29T04:52:00.000000 512.693671187 1412.429558980 6530.276822935 5.87330065130 4.76949355027 -1.49179090984
2024-05-29T04:53:00.000000 863.597556490 1695.024477270 6425.313900595 5.81887011269 4.64660996769 -2.00560078048
2024-05-29T04:54:00.000000 1210.405905044 1969.581529809 6289.793597699 5.73683468614 4.50166834947 -2.50996844870
2024-05-29T04:55:00.000000 1551.473041791 2234.796908486 6124.354400223 5.62756982198 4.33534180253 -3.00250213735
2024-05-29T04:56:00.000000 1885.179725708 2489.410341061 5929.776888469 5.49158114484 4.14840817718 -3.48086076795
2024-05-29T04:57:00.000000 2209.940829980 2732.211196403 5706.980177165 5.32949938803 3.94174319242 -3.94276830982
2024-05-29T04:58:00.000000 2524.212829100 2962.044248806 5457.017807211 5.14208020232 3.71631723311 -4.38602273431
2024-05-29T04:59:00.000000 2826.501119910 3177.815163577 5181.072952773 4.93019833577 3.47318914241 -4.80850518277
2024-05-29T05:00:00.000000 3115.367204009 3378.495767709 4880.453268492 4.69484956728 3.21350520714 -5.20818695308
2024-05-29T05:01:00.000000 3389.435983593 3563.129250785 4556.584983825 4.43714935525 2.93849645636 -5.58314941001
2024-05-29T05:02:00.000000 3647.402352648 3730.834898730 4211.005825283 4.15831439519 2.64946828739 -5.93159246596
2024-05-29T05:03:00.000000 3888.037292030 3880.812462458 3845.357742401 3.85966122020 2.34779229189 -6.25184535536
2024-05-29T05:04:00.000000 4110.193484355 4012.345536433 3461.379497357 3.54260082708 2.03489742605 -6.54234770195
2024-05-29T05:05:00.000000 4312.811660549 4124.805940144 3060.899600873 3.20865798804 1.71229336011 -6.80167790390
2024-05-29T05:06:00.000000 4494.927038803 4217.657517739 2645.826392728 2.85944540994 1.38152901105 -7.02859902300
2024-05-29T05:07:00.000000 4655.672916136 4290.457807725 2218.137978378 2.49662647769 1.04418551304 -7.22201345756
2024-05-29T05:08:00.000000 4794.285028989 4342.860703715 1779.873745196 2.12195010336 0.70188892323 -7.38098549028
2024-05-29T05:09:00.000000 4910.105845421 4374.618334822 1333.123836878 1.73722111508 0.35628586385 -7.50475698514
2024-05-29T05:10:00.000000 5002.587518029 4385.582151483 880.018813117 1.34429133115 0.00904010293 -7.59273915741
2024-05-29T05:11:00.000000 5071.294670663 4375.703697406 422.719262628 0.94505556155 -0.33817824321 -7.64452113089
2024-05-29T05:12:00.000000 5115.906482149 4345.034679965 -36.594958726 0.54143545731 -0.68370094002 -7.65987092722
2024-05-29T05:13:00.000000 5136.218069096 4293.726705695 -495.735425806 0.13537283823 -1.02586821028 -7.63873551478
2024-05-29T05:14:00.000000 5132.141403320 4222.030430673 -952.515925062 -0.27118079333 -1.36303954479 -7.58124122093
2024-05-29T05:15:00.000000 5103.705583007 4130.294191564 -1404.763161128 -0.67627432418 -1.69360052776 -7.48769230294
2024-05-29T05:16:00.000000 5051.056516519 4018.962191929 -1850.327416845 -1.07796693463 -2.01597172769 -7.35856996037
2024-05-29T05:17:00.000000 4974.455990689 3888.572129093 -2287.093064148 -1.47433855697 -2.32861735733 -7.19452862082
2024-05-29T05:18:00.000000 4874.280128641 3739.752364907 -2712.988829986 -1.86349956478 -2.63005212513 -6.99639173639
2024-05-29T05:19:00.000000 4751.017281372 3573.218676126 -3125.997826993 -2.24360029941 -2.91884903505 -6.76514783327
2024-05-29T05:20:00.000000 4605.265336382 3389.770487703 -3524.167263640 -2.61284087557 -3.19364805579 -6.50194360491
2024-05-29T05:21:00.000000 4437.728430476 3190.286655456 -3905.617686193 -2.96948097113 -3.45316236069 -6.20807542822
2024-05-29T05:22:00.000000 4249.213141488 2975.720941582 -4268.551700993 -3.31184745001 -3.69618253410 -5.88498104066
2024-05-29T05:23:00.000000 4040.624241053 2747.097229794 -4611.262239430 -3.63834141519 -3.92158174121 -5.53423220073
2024-05-29T05:24:00.000000 3812.960028157 2505.504384107 -4932.140315570 -3.94744541872 -4.12832137662 -5.15752457081
2024-05-29T05:25:00.000000 3567.307298889 2252.090888226 -5229.682130802 -4.23772707883 -4.31545306586 -4.75666798482
2024-05-29T05:26:00.000000 3304.836078495 1988.059287288 -5502.495839433 -4.50784718925 -4.48212443153 -4.33358262049
2024-05-29T05:27:00.000000 3026.793689046 1714.660315116 -5749.307691484 -4.75656804353 -4.62758124223 -3.89028256864
2024-05-29T05:28:00.000000 2734.498677629 1433.186975180 -5968.967416815 -4.98275425915 -4.75116962684 -3.42886843167
2024-05-29T05:29:00.000000 2429.334497861 1144.968411993 -6160.453084721 -5.18537814271 -4.85233878342 -2.95151538854
2024-05-29T05:30:00.000000 2112.743013340 851.363767793 -6322.875229075 -5.36351995717 -4.93063913881 -2.46046295026
2024-05-29T05:31:00.000000 1786.217996306 553.756035868 -6455.480666541 -5.51637129318 -4.98572706468 -1.95801313331
2024-05-29T05:32:00.000000 1451.298105175 253.545568521 -6557.655742862 -5.64324407879 -5.01736599026 -1.44651156384
2024-05-29T05:33:00.000000 1109.559773234 -47.856178502 -6628.928631797 -5.74356750150 -5.02542327935 -0.92833963576
2024-05-29T05:34:00.000000 762.610100701 -349.033023737 -6668.971252990 -5.81689047403 -5.00987421332 -0.40590598732
2024-05-29T05:35:00.000000 412.079535313 -648.570545264 -6677.600573623 -5.86288627566 -4.97080141445 0.11836635265
2024-05-29T05:36:00.000000 59.614510362 -945.062339929 -6654.779082167 -5.88134821907 -4.90838962136 0.64204922778
2024-05-29T05:37:00.000000 -293.129839752 -1237.116262970 -6600.614968643 -5.87219353679 -4.82292925737 1.16271759215
2024-05-29T05:38:00.000000 -644.497038315 -1523.360626538 -6515.361460099 -5.83545918422 -4.71481103667 1.67796184601
2024-05-29T05:39:00.000000 -992.836471409 -1802.450191400 -6399.415929516 -5.77130552787 -4.58452645125 2.18538812450
2024-05-29T05:40:00.000000 -1336.510981569 -2073.072296224 -6253.318524060 -5.68002007836 -4.43267002616 2.68263406958
2024-05-29T05:41:00.000000 -1673.904387102 -2333.952972599 -6077.749789517 -5.56201379409 -4.25993549904 3.16738428025
2024-05-29T05:42:00.000000 -2003.428731810 -2583.862662712 -5873.527622673 -5.41781629422 -4.06710948571 3.63737592708
2024-05-29T05:43:00.000000 -2323.531423245 -2821.621825240 -5641.603946497 -5.24807675192 -3.85507214001 4.09040648809
2024-05-29T05:44:00.000000 -2632.702366804 -3046.106430189 -5383.060762472 -5.05356234925 -3.62479330004 4.52434383507
2024-05-29T05:45:00.000000 -2929.481006034 -3256.253290305 -5099.105633187 -4.83515675092 -3.37733064158 4.93713692580
2024-05-29T05:46:00.000000 -3212.463210981 -3451.065182416 -4791.066458359 -4.59385649847 -3.11382434075 5.32682700371
2024-05-29T05:47:00.000000 -3480.307943651 -3629.615652827 -4460.385692308 -4.33076769455 -2.83549259500 5.69155581828
2024-05-29T05:48:00.000000 -3731.743737987 -3791.053573517 -4108.614011129 -4.04710238774 -2.54362706073 6.02957607142
2024-05-29T05:49:00.000000 -3965.574878277 -3934.607361107 -3737.403368767 -3.74417266698 -2.23958664059 6.33926034764
2024-05-29T05:50:00.000000 -4180.687254629 -4059.588851010 -3348.499567920 -3.42338575656 -1.92479210918 6.61910925427
2024-05-29T05:51:00.000000 -4376.053898494 -4165.396824706 -2943.734321921 -3.08623809037 -1.60071974572 6.86775973079
2024-05-29T05:52:00.000000 -4550.740153206 -4251.520148746 -2525.016860570 -2.73430934085 -1.26889521794 7.08399229965
2024-05-29T05:53:00.000000 -4703.908466909 -4317.540550735 -2094.325060420 -2.36925527537 -0.93088686073 7.26673938987
2024-05-29T05:54:00.000000 -4834.822728712 -4363.134945654 -1653.696144360 -1.99280036647 -0.58829810220 7.41509145068
2024-05-29T05:55:00.000000 -4942.852167270 -4388.077317371 -1205.216992532 -1.60672996901 -0.24275965345 7.52830389489
2024-05-29T05:56:00.000000 -5027.474717989 -4392.240078825 -751.014068145 -1.21288058961 0.10407977724 7.60580259658
2024-05-29T05:57:00.000000 -5088.279784942 -4375.594873974 -293.243085045 -0.81312963321 0.45056262742 7.64718689687
2024-05-29T05:58:00.000000 -5124.970412635 -4338.212882632 165.921443810 -0.40938634109 0.79502979101 7.65223135180
2024-05-29T05:59:00.000000 -5137.364925901 -4280.264658966 624.296809557 -0.00358246589 1.13582949618 7.62088838852
2024-05-29T06:00:00.000000 -5125.397979916 -4202.019426124 1079.702800358 0.40233774209 1.47132584074 7.55328891364
2024-05-29T06:01:00.000000 -5089.121003683 -4103.843873736 1529.972432946 0.80642794806 1.79990758756 7.44974299592
2024-05-29T06:02:00.000000 -5028.701980024 -3986.200367551 1972.962643015 1.20675103457 2.11999808931 7.31073697438
2024-05-29T06:03:00.000000 -4944.424625751 -3849.644670676 2406.564736142 1.60138778631 2.43006187002 7.13692998259
2024-05-29T06:04:00.000000 -4836.687011183 -3694.823241410 2828.714703513 1.98844751365 2.72861261039 6.92915162542
2024-05-29T06:05:00.000000 -4705.999547680 -3522.470055565 3237.403293570 2.36607764200 3.01422057556 6.68839670568
2024-05-29T06:06:00.000000 -4552.982432252 -3333.402995437 3630.685764870 2.73247274799 3.28551970320 6.41581977173
2024-05-29T06:07:00.000000 -4378.362539020 -3128.519835009 4006.691301192 3.08588399262 3.54121430436 6.11272941889
2024-05-29T06:08:00.000000 -4182.969755200 -2908.793768094 4363.632011402 3.42462744168 3.78008718728 5.78057944797
2024-05-29T06:09:00.000000 -3967.732928526 -2675.268556649 4699.811383180 3.74708946494 4.00100379444 5.42096139766
2024-05-29T06:10:00.000000 -3733.675351146 -2429.053423876 5013.632422498 4.05173804097 4.20291796683 5.03559932330
2024-05-29T06:11:00.000000 -3481.909520369 -2171.317581122 5303.605178178 4.33713167508 4.38487628895 4.62633486181
2024-05-29T06:12:00.000000 -3213.631718678 -1903.284608358 5568.353544179 4.60192031795 4.54602095773 4.19512055771
2024-05-29T06:13:00.000000 -2930.116253078 -1626.226582720 5806.621657406 4.84485390659 4.68559319986 3.74401011072
2024-05-29T06:14:00.000000 -2632.709328222 -1341.458089198 6017.279714900 5.06478716982 4.80293562627 3.27515020215
2024-05-29T06:15:00.000000 -2322.822580888 -1050.330026635 6199.329231849 5.26068503741 4.89749589309 2.79077020359
2024-05-29T06:16:00.000000 -2001.926270370 -754.223141853 6351.907711693 5.43162952692 4.96883178105 2.29317079475
2024-05-29T06:17:00.000000 -1671.542146448 -454.541392827 6474.292450767 5.57682251051 5.01661242954 1.78470870217
2024-05-29T06:18:00.000000 -1333.236281733 -152.705240309 6565.903438230 5.69558384492 5.04061705410 1.26778232815
2024-05-29T06:19:00.000000 -988.612007144 149.854769611 6626.305829286 5.78735332499 5.04073123079 0.74483183573
2024-05-29T06:20:00.000000 -639.302479079 451.704576690 6655.212162713 5.85169721719 5.01695267329 0.21832713491
2024-05-29T06:21:00.000000 -286.963059139 751.413377314 6652.483726095 5.88830952024 4.96939209808 -0.30924544082
2024-05-29T06:22:00.000000 66.736407054 1047.560331724 6618.131169325 5.89701329020 4.89827031299 -0.83539516940
2024-05-29T06:23:00.000000 420.119317314 1338.741117379 6552.314515142 5.87776069781 4.80391745410 -1.35763492069
2024-05-29T06:24:00.000000 771.510190950 1623.574552418 6455.342592800 5.83063725433 4.68677423510 -1.87349509289
2024-05-29T06:25:00.000000 1119.242559222 1900.709040161 6327.671490582 5.75585669760 4.54738525078 -2.38053709721
2024-05-29T06:26:00.000000 1461.666609729 2168.828764134 6169.902598681 5.65376125285 4.38639875946 -2.87635787698
2024-05-29T06:27:00.000000 1797.156953374 2426.659885374 5982.780093125 5.52482216188 4.20456533971 -3.35860321225
2024-05-29T06:28:00.000000 2124.120257942 2672.976621377 5767.187656553 5.36963667416 4.00273593975 -3.82497879959
2024-05-29T06:29:00.000000 2441.002781759 2906.607156969 5524.144542508 5.18892658200 3.78185750364 -4.27326176193
2024-05-29T06:30:00.000000 2746.297741622 3126.439253662 5254.801015240 4.98353524747 3.54296865607 -4.70130926624
2024-05-29T06:31:00.000000 3038.552604449 3331.425686073 4960.433241790 4.75442749959 3.28719709295 -5.10706978212
2024-05-29T06:32:00.000000 3316.376268205 3520.589404135 4642.437372716 4.50268462863 3.01575299513 -5.48859750770
2024-05-29T06:33:00.000000 3578.445763503 3693.028257467 4302.322928216 4.22949553590 2.72992193631 -5.84405974289
2024-05-29T06:34:00.000000 3823.512637393 3847.919394922 3941.705831485 3.93615451511 2.43106068879 -6.17174508258
2024-05-29T06:35:00.000000 4050.408969087 3984.523299336 3562.300820151 3.62405053949 2.12058982946 -6.47006972415
2024-05-29T06:36:00.000000 4258.053184974 4102.187654020 3165.913769910 3.29467345891 1.79999491317 -6.73758395358
2024-05-29T06:37:00.000000 4445.455901330 4200.351043573 2754.432981342 2.94960484544 1.47081857280 -6.97299243427
2024-05-29T06:38:00.000000 4611.725057624 4278.545786638 2329.819495229 2.59050307280 1.13463881800 -7.17516488267
2024-05-29T06:39:00.000000 4756.070051534 4336.399832246 1894.097520504 2.21909224835 0.79306642770 -7.34312657757
2024-05-29T06:40:00.000000 4877.805609623 4373.638727850 1449.344860155 1.83715760088 0.44774365471 -7.47606641784
2024-05-29T06:41:00.000000 4976.355296184 4390.087445628 997.682829435 1.44654082327 0.10033959871 -7.57334852053
2024-05-29T06:42:00.000000 5051.254485979 4385.671312514 541.265357205 1.04912391009 -0.24747294089 -7.63452034438
2024-05-29T06:43:00.000000 5102.152384506 4360.415921223 82.268282124 0.64681883029 -0.59402411946 -7.65930344610
2024-05-29T06:44:00.000000 5128.813704535 4314.446965562 -377.121151987 0.24156209185 -0.93764848390 -7.64759731562
2024-05-29T06:45:00.000000 5131.119790827 4247.989646330 -834.715084931 -0.16469677710 -1.27669654699 -7.59948165208
2024-05-29T06:46:00.000000 5109.069103109 4161.367410439 -1288.335830852 -0.57000537200 -1.60954429347 -7.51521599729
2024-05-29T06:47:00.000000 5062.777019105 4055.000148698 -1735.826625901 -0.97242087576 -1.93460234210 -7.39523704933
2024-05-29T06:48:00.000000 4992.474993497 3929.401959686 -2175.062084112 -1.37001756114 -2.25032062672 -7.24015430092
2024-05-29T06:49:00.000000 4898.509268376 3785.178525459 -2603.958602021 -1.76089778570 -2.55519820907 -7.05075007018
2024-05-29T06:50:00.000000 4781.338759442 3623.023901365 -3020.484507270 -2.14320459391 -2.84779159696 -6.82797188976
2024-05-29T06:51:00.000000 4641.532398903 3443.716825897 -3422.669768763 -2.51512914483 -3.12672281026 -6.57292557295
2024-05-29T06:52:00.000000 4479.766021967 3248.116599701 -3808.615205281 -2.87491776717 -3.39068458361 -6.28686562615
2024-05-29T06:53:00.000000 4296.818862041 3037.158798135 -4176.501283948 -3.22087905666 -3.63844318863 -5.97119222791
2024-05-29T06:54:00.000000 4093.569533546 2811.850533281 -4524.596664514 -3.55139307096 -3.86884875668 -5.62744278626
2024-05-29T06:55:00.000000 3870.991496694 2573.265353712 -4851.266126037 -3.86491977826 -4.08083697032 -5.25728262996
2024-05-29T06:56:00.000000 3630.148019998 2322.537983825 -5154.977977113 -4.16000673842 -4.27343413834 -4.86249574026
2024-05-29T06:57:00.000000 3372.186745294 2060.858712977 -5434.310799924 -4.43529374717 -4.44576158439 -4.44497166347
2024-05-29T06:58:00.000000 3098.334187400 1789.467718044 -5687.959608406 -4.68951359710 -4.59703634065 -4.00670210966
2024-05-29T06:59:00.000000 2809.889749452 1509.649075172 -5914.741715862 -4.92150507405 -4.72657822332 -3.54976818435
2024-05-29T07:00:00.000000 2508.219329998 1222.724644329 -6113.601594303 -5.13021270052 -4.83380798510 -3.07632673570
2024-05-29T07:01:00.000000 2194.748895556 930.047932272 -6283.615233365 -5.31469046896 -4.91825041652 -2.58860265229
2024-05-29T07:02:00.000000 1870.957850021 632.997829468 -6423.993867188 -5.47410315460 -4.97953456480 -2.08887786301
2024-05-29T07:03:00.000000 1538.372369765 332.972371354 -6534.087179007 -5.60772727631 -5.01739293597 -1.57948501077
2024-05-29T07:04:00.000000 1198.558472922 31.382478540 -6613.386257682 -5.71496058814 -5.03166482928 -1.06280214177
2024-05-29T07:05:00.000000 853.114595718 -270.354575074 -6661.525665884 -5.79532322806 -5.02229863006 -0.54123131421
2024-05-29T07:06:00.000000 503.664372399 -570.821595035 -6678.284612035 -5.84845541865 -4.98934779601 -0.01719085545
2024-05-29T07:07:00.000000 151.849415176 -868.607708551 -6663.587765985 -5.87411831600 -4.93297036708 0.50689004983
2024-05-29T07:08:00.000000 -200.678032582 -1162.314693516 -6617.505504576 -5.87219545822 -4.85342896198 1.02858608780
2024-05-29T07:09:00.000000 -552.262331010 -1450.563112635 -6540.253525351 -5.84269155902 -4.75108750190 1.54547840451
2024-05-29T07:10:00.000000 -901.251952442 -1731.998466706 -6432.192179740 -5.78573827338 -4.62641306174 2.05516740559
2024-05-29T07:11:00.000000 -1246.006940113 -2005.297334242 -6293.824927072 -5.70159000658 -4.47997468211 2.55528343983
2024-05-29T07:12:00.000000 -1584.906329633 -2269.173454363 -6125.796196123 -5.59062445532 -4.31244068613 3.04349953112
2024-05-29T07:13:00.000000 -1916.355386333 -2522.383498404 -5928.888582248 -5.45333852685 -4.12457392827 3.51753773520
2024-05-29T07:14:00.000000 -2238.792808710 -2763.732740225 -5704.019651877 -5.29034928825 -3.91723091761 3.97517893413
2024-05-29T07:15:00.000000 -2550.697845016 -2992.080566298 -5452.238144762 -5.10239121395 -3.69135879017 4.41427092140
2024-05-29T07:16:00.000000 -2850.597355911 -3206.345890313 -5174.719691724 -4.89031708898 -3.44799423563 4.83273849187
2024-05-29T07:17:00.000000 -3137.072868590 -3405.512391765 -4872.761761704 -4.65509522853 -3.18825815200 5.22859753568
2024-05-29T07:18:00.000000 -3408.767313487 -3588.633378866 -4547.777927097 -4.39780340696 -2.91335007408 5.59996323417
2024-05-29T07:19:00.000000 -3664.391479180 -3754.836396408 -4201.291650918 -4.11962505871 -2.62454409644 5.94505894182
2024-05-29T07:20:00.000000 -3902.730219402 -3903.327536374 -3834.929539162 -3.82184489340 -2.32318356420 6.26222453940
2024-05-29T07:21:00.000000 -4122.648411378 -4033.395448485 -3450.414099191 -3.50584506298 -2.01067618665 6.54992504657
2024-05-29T07:22:00.000000 -4323.096657532 -4144.415022755 -3049.555914528 -3.17309951980 -1.68848768805 6.80676129470
2024-05-29T07:23:00.000000 -4503.116535615 -4235.850639218 -2634.245242803 -2.82516567717 -1.35813402772 7.03147752655
2024-05-29T07:24:00.000000 -4661.845433112 -4307.258964911 -2206.443255479 -2.46367892518 -1.02117457338 7.22296680915
2024-05-29T07:25:00.000000 -4798.521033479 -4358.291386164 -1768.172872740 -2.09034556180 -0.67920596175 7.38027921260
2024-05-29T07:26:00.000000 -4912.485283176 -4388.695978736 -1321.509123573 -1.70693307250 -0.33385290978 7.50262845264
2024-05-29T07:27:00.000000 -5003.187797155 -4398.318929655 -868.569236848 -1.31526189348 0.01323989660 7.58939447691
2024-05-29T07:28:00.000000 -5070.188843607 -4387.105576091 -411.502540071 -0.91719851705 0.36041339501 7.64012876772
2024-05-29T07:29:00.000000 -5113.161784140 -4355.100961456 47.520029056 -0.51464424525 0.70600505077 7.65455963483
2024-05-29T07:30:00.000000 -5131.894851716 -4302.449769914 506.316543452 -0.10952541557 1.04835717057 7.63259286290
2024-05-29T07:31:00.000000 -5126.292371235 -4229.395789183 962.704814603 0.29621647865 1.38582569729 7.57431419529
2024-05-29T07:32:00.000000 -5096.375311256 -4136.280785289 1414.513186236 0.70063669034 1.71679028675 7.47998830679
2024-05-29T07:33:00.000000 -5042.281199953 -4023.542849972 1859.591154107 1.10179577916 2.03966142956 7.35005548355
2024-05-29T07:34:00.000000 -4964.263546996 -3891.714312431 2295.819919397 1.49776939371 2.35288925099 7.18513203366
2024-05-29T07:35:00.000000 -4862.690541663 -3741.419079237 2721.122803696 1.88666068486 2.65497192194 6.98600441151
2024-05-29T07:36:00.000000 -4738.043189724 -3573.369577294 3133.475299054 2.26660712977 2.94446183926 6.75362473834
2024-05-29T07:37:00.000000 -4590.913005749 -3388.363284223 3530.914931251 2.63578950120 3.21997284486 6.48910829587
2024-05-29T07:38:00.000000 -4421.999040391 -3187.278772773 3911.550913598 2.99244447708 3.48018959137 6.19372763148
2024-05-29T07:39:00.000000 -4232.104240905 -2971.071238744 4273.573246662 3.33487322481 3.72387378017 5.86890158352
2024-05-29T07:40:00.000000 -4022.131385358 -2740.767774951 4615.261249162 3.66144790260 3.94986800361 5.51618721372
2024-05-29T07:41:00.000000 -3793.078640144 -2497.462363470 4934.991629246 3.97061809223 4.15710101438 5.13727268989
2024-05-29T07:42:00.000000 -3546.034665398 -2242.310552247 5231.246092582 4.26091870166 4.34459218698 4.73396800269
2024-05-29T07:43:00.000000 -3282.173360111 -1976.523954967 5502.618404338 4.53097438597 4.51145401497 4.30819778925
2024-05-29T07:44:00.000000 -3002.748246411 -1701.364467147 5747.821109710 4.77950826076 4.65689942632 3.86199465611
2024-05-29T07:45:00.000000 -2709.086299743 -1418.138100421 5965.691546972 5.00534911187 4.78024456163 3.39748360272
2024-05-29T07:46:00.000000 -2402.581557622 -1128.188750480 6155.197127808 5.20743360743 4.88091182882 2.91687419311
2024-05-29T07:47:00.000000 -2084.688449078 -832.891662669 6315.440083730 5.38481302531 4.95843371711 2.42244845732
2024-05-29T07:48:00.000000 -1756.914762153 -533.646860724 6445.661392758 5.53665792686 5.01245116785 1.91654686053
2024-05-29T07:49:00.000000 -1420.814492080 -231.872758464 6545.243958670 5.66225713884 5.04271057477 1.40155930551
2024-05-29T07:50:00.000000 -1077.980711322 71.000322823 6613.715436935 5.76102028710 5.04906946527 0.87991908638
2024-05-29T07:51:00.000000 -730.038157111 373.536884744 6650.750447145 5.83248269328 5.03149746260 0.35408938202
2024-05-29T07:52:00.000000 -378.635651345 674.302949560 6656.171991119 5.87630617082 4.99007567046 -0.17344856021
2024-05-29T07:53:00.000000 -25.438496951 971.872721666 6629.952263580 5.89227991419 4.92499534175 -0.70020431771
2024-05-29T07:54:00.000000 327.879235839 1264.835183666 6572.212933092 5.88032300812 4.83655852361 -1.22368768949
2024-05-29T07:55:00.000000 679.642578643 1551.800822157 6483.224671687 5.84048599842 4.72517891257 -1.74142535803
2024-05-29T07:56:00.000000 1028.183437342 1831.408083171 6363.405780677 5.77294753833 4.59137445936 -2.25096967709
2024-05-29T07:57:00.000000 1371.848350276 2102.329664165 6213.320460593 5.67801657834 4.43576861345 -2.74990799178
2024-05-29T07:58:00.000000 1709.006204369 2363.278707302 6033.676303774 5.55612872530 4.25908570208 -3.23587401522
2024-05-29T07:59:00.000000 2038.055831302 2613.014853698 5825.321307199 5.40784683432 4.06215130718 -3.70655592819
2024-05-29T08:00:00.000000 2357.433660334 2850.350231514 5589.240210707 5.23386091828 3.84588838385 -4.15970951388
2024-05-29T08:01:00.000000 2665.621268304 3074.155151049 5326.550095366 5.03498531672 3.61131301145 -4.59316971111
2024-05-29T08:02:00.000000 2961.152702981 3283.363595901 5038.495240869 4.81215371345 3.35953061240 -5.00486344746
2024-05-29T08:03:00.000000 3242.621459500 3476.978433551 4726.441338056 4.56641300102 3.09173134804 -5.39281798937
2024-05-29T08:04:00.000000 3508.687141954 3654.076348326 4391.869205852 4.29891969907 2.80918352106 -5.75517029302
2024-05-29T08:05:00.000000 3758.081952623 3813.812135021 4036.368040209 4.01093689881 2.51322292440 -6.09016961651
2024-05-29T08:06:00.000000 3989.617201478 3955.423152810 3661.628490476 3.70383849935 2.20526643165 -6.39619232124
2024-05-29T08:07:00.000000 4202.189557674 4078.233609334 3269.434044169 3.37909220676 1.88678682018 -6.67176549075
2024-05-29T08:08:00.000000 4394.786299144 4181.657520120 2861.652374372 3.03825042566 1.55930630039 -6.91555670653
2024-05-29T08:09:00.000000 4566.490326314 4265.201722180 2440.226551174 2.68294677054 1.22439486393 -7.12638756520
2024-05-29T08:10:00.000000 4716.484736332 4328.468432611 2007.165555752 2.31488661341 0.88366090237 -7.30323962321
2024-05-29T08:11:00.000000 4844.056976784 4371.157348157 1564.534517542 1.93584107249 0.53874354700 -7.44526132437
2024-05-29T08:12:00.000000 4948.602429494 4393.067198503 1114.444513192 1.54763535289 0.19130364815 -7.55177309760
2024-05-29T08:13:00.000000 5029.627423993 4394.096800009 659.042119323 1.15214089539 -0.15698556246 -7.62227218223
2024-05-29T08:14:00.000000 5086.751639053 4374.245443033 200.498708935 0.75126245325 -0.50444929171 -7.65643431382
2024-05-29T08:15:00.000000 5119.709825000 4333.612806013 -259.000206706 0.34692993387 -0.84941729566 -7.65411279278
2024-05-29T08:16:00.000000 5128.353107922 4272.398470397 -717.265708632 -0.05890862235 -1.19023116091 -7.61534168029
2024-05-29T08:17:00.000000 5112.649703778 4190.900802031 -1172.116439686 -0.46430184125 -1.52525926061 -7.54033767090
2024-05-29T08:18:00.000000 5072.684656322 4089.515107073 -1621.389239440 -0.86730705572 -1.85290113131 -7.42949025371
2024-05-29T08:19:00.000000 5008.659192876 3968.731718067 -2062.949620997 -1.26599636635 -2.17159204789 -7.28336602653
2024-05-29T08:20:00.000000 4920.889469895 3829.133440292 -2494.702270794 -1.65846792034 -2.47981588189 -7.10270277931
2024-05-29T08:21:00.000000 4809.804764592 3671.392398270 -2914.601146602 -2.04285492478 -2.77611245894 -6.88840434412
2024-05-29T08:22:00.000000 4675.945048768 3496.266512852 -3320.659235430 -2.41733505548 -3.05908295811 -6.64153331595
2024-05-29T08:23:00.000000 4519.958190058 3304.595627301 -3710.957959593 -2.78013572382 -3.32739674939 -6.36330824940
2024-05-29T08:24:00.000000 4342.596544458 3097.297183266 -4083.656465044 -3.12954985858 -3.57979929732 -6.05509942945
2024-05-29T08:25:00.000000 4144.712631754 2875.361432781 -4437.000205205 -3.46394511974 -3.81511865024 -5.71841056118
2024-05-29T08:26:00.000000 3927.254746674 2639.846405750 -4769.328655184 -3.78176238772 -4.03226789791 -5.35487199403
2024-05-29T08:27:00.000000 3691.262269240 2391.872718878 -5079.082838638 -4.08152651345 -4.23024860766 -4.96623678295
2024-05-29T08:28:00.000000 3437.860374495 2132.618104399 -5364.812325820 -4.36185310749 -4.40815581564 -4.55436777551
2024-05-29T08:29:00.000000 3168.254560086 1863.311759075 -5625.181554313 -4.62145023224 -4.56517969347 -4.12123113825
2024-05-29T08:30:00.000000 2883.724737181 1585.228412152 -5858.975845084 -4.85913111831 -4.70061324673 -3.66888602060
2024-05-29T08:31:00.000000 2585.618894516 1299.682182913 -6065.106369306 -5.07381222710 -4.81384960309 -3.19946815667
2024-05-29T08:32:00.000000 2275.346849564 1008.020561054 -6242.614740558 -5.26451818505 -4.90438439720 -2.71518802776
2024-05-29T08:33:00.000000 1954.373525086 711.618140683 -6390.677031860 -5.43038703703 -4.97181830212 -2.21831444833
2024-05-29T08:34:00.000000 1624.212295583 411.870380277 -6508.606973574 -5.57066536381 -5.01585514404 -1.71116777776
2024-05-29T08:35:00.000000 1286.418260624 110.187281567 -6595.859090899 -5.68471892695 -5.03630761158 -1.19611800701
2024-05-29T08:36:00.000000 942.580786935 -192.013183897 -6652.030976265 -5.77203828685 -5.03309614125 -0.67556095486
2024-05-29T08:37:00.000000 594.316267134 -493.311410616 -6676.864533630 -5.83223163319 -5.00624600824 -0.15191090534
2024-05-29T08:38:00.000000 243.261009429 -792.292494084 -6670.246966817 -5.86502794982 -4.95588865982 0.37240519966
2024-05-29T08:39:00.000000 -108.936050973 -1087.552522299 -6632.211165815 -5.87027688882 -4.88225857497 0.89495847009
2024-05-29T08:40:00.000000 -460.620713849 -1377.704798407 -6562.935703757 -5.84795459713 -4.78569551466 1.41332492171
2024-05-29T08:41:00.000000 -810.141064177 -1661.386073238 -6462.744008134 -5.79815961756 -4.66664053015 1.92510029952
2024-05-29T08:42:00.000000 -1155.854802184 -1937.262669865 -6332.103116051 -5.72111544197 -4.52563906502 2.42790499565
2024-05-29T08:43:00.000000 -1496.136784016 -2204.036620780 -6171.621556840 -5.61716849324 -4.36333376674 2.91940364611
2024-05-29T08:44:00.000000 -1829.386164546 -2460.451321871 -5982.046648619 -5.48678273899 -4.18046169469 3.39730559331
2024-05-29T08:45:00.000000 -2154.033543311 -2705.297290791 -5764.261599343 -5.33054248644 -3.97785601541 3.85937402805
2024-05-29T08:46:00.000000 -2468.548174003 -2937.417825921 -5519.281922416 -5.14915179841 -3.75644246676 4.30343713995
2024-05-29T08:47:00.000000 -2771.445138034 -3155.714485084 -5248.251217728 -4.94343386893 -3.51723664822 4.72739947367
2024-05-29T08:48:00.000000 -3061.292375413 -3359.152326991 -4952.436204851 -4.71432644351 -3.26133864471 5.12925398809
2024-05-29T08:49:00.000000 -3336.717406035 -3546.764831408 -4633.221196788 -4.46287733713 -2.98992865505 5.50708918038
2024-05-29T08:50:00.000000 -3596.413848825 -3717.658610007 -4292.102088110 -4.19024132018 -2.70426325502 5.85909887097
2024-05-29T08:51:00.000000 -3839.147719436 -3871.017831333 -3930.679774331 -3.89767636379 -2.40567057121 6.18359066940
2024-05-29T08:52:00.000000 -4063.763506509 -4006.108381073 -3550.653002780 -3.58653917357 -2.09554492621 6.47899707531
2024-05-29T08:53:00.000000 -4269.189907373 -4122.281585578 -3153.810626940 -3.25827923443 -1.77533918390 6.74388321223
2024-05-29T08:54:00.000000 -4454.445221105 -4218.977555075 -2742.023381004 -2.91443221507 -1.44655857425 6.97695604143
2024-05-29T08:55:00.000000 -4618.642258804 -4295.728107586 -2317.235184921 -2.55661192174 -1.11075396419 7.17706982525
2024-05-29T08:56:00.000000 -4760.992881644 -4352.159347175 -1881.454125842 -2.18650531131 -0.76951617424 7.34323289953
2024-05-29T08:57:00.000000 -4880.812175316 -4387.993792703 -1436.742934208 -1.80586443825 -0.42446628374 7.47461665602
2024-05-29T08:58:00.000000 -4977.522024521 -4403.051902135 -985.209068933 -1.41649565368 -0.07724702078 7.57055902159
2024-05-29T08:59:00.000000 -5050.654124726 -4397.253210703 -528.994625275 -1.02025167348 0.27048331815 7.63056846706
2024-05-29T09:00:00.000000 -5099.852517613 -4370.616965076 -70.265977167 -0.61902324627 0.61706070532 7.65432769125
2024-05-29T09:01:00.000000 -5124.875592040 -4323.262209597 388.796781650 -0.21472932608 0.96082428459 7.64169701256
2024-05-29T09:02:00.000000 -5125.597463130 -4255.407323614 846.010515554 0.19069300914 1.30012491516 7.59271489441
2024-05-29T09:03:00.000000 -5102.008762136 -4167.369077454 1299.199781367 0.59529894131 1.63333360306 7.50759932541
2024-05-29T09:04:00.000000 -5054.216743508 -4059.561167531 1746.207573592 0.99714773094 1.95884976407 7.38674659995
2024-05-29T09:05:00.000000 -4982.444707908 -3932.492243931 2184.905946292 1.39431356613 2.27511051533 7.23072818100
2024-05-29T09:06:00.000000 -4887.030856334 -3786.763389356 2613.206356759 1.78489329926 2.58059878008 7.04028534726
2024-05-29T09:07:00.000000 -4768.426740155 -3623.065190002 3029.069776633 2.16701310728 2.87384908324 6.81632760991
2024-05-29T09:08:00.000000 -4627.195146588 -3442.174417602 3430.516816888 2.53884165450 3.15345591668 6.55993256631
2024-05-29T09:09:00.000000 -4464.007112004 -3244.950086329 3815.637546493 2.89860369494 3.41808486020 6.27233543201
2024-05-29T09:10:00.000000 -4279.638336079 -3032.329027883 4182.600550297 3.24458633102 3.66647671952 5.95491694904
2024-05-29T09:11:00.000000 -4074.965303474 -2805.321295373 4529.661479145 3.57514397677 3.89745069979 5.60919791604
2024-05-29T09:12:00.000000 -3850.961017886 -2565.005283344 4855.171306858 3.88870642674 4.10991068407 5.23683332901
2024-05-29T09:13:00.000000 -3608.690277197 -2312.522514804 5157.584080892 4.18378456526 4.30284875963 4.83960329646
2024-05-29T09:14:00.000000 -3349.304565990 -2049.072158263 5435.464363440 4.45898107743 4.47535368697 4.41940913102
2024-05-29T09:15:00.000000 -3074.036259718 -1775.905058973 5687.493886855 4.71299570885 4.62661299229 3.97825402413
2024-05-29T09:16:00.000000 -2784.192742975 -1494.317766960 5912.477605860 4.94463061773 4.75591732292 3.51823984276
2024-05-29T09:17:00.000000 -2481.150061127 -1205.646234738 6109.349166858 5.15279549890 4.86266229825 3.04155296905
2024-05-29T09:18:00.000000 -2166.346310819 -911.259554741 6277.175691869 5.33651293572 4.94634772801 2.55045478475
2024-05-29T09:19:00.000000 -1841.274753071 -612.553615120 6415.162034763 5.49492215780 5.00658158943 2.04727304019
2024-05-29T09:20:00.000000 -1507.476733118 -310.944470763 6522.654367698 5.62728131813 5.04308375948 1.53438828398
2024-05-29T09:21:00.000000 -1166.534508546 -7.861673132 6599.143003637 5.73296893939 5.05568412108 1.01422353360
2024-05-29T09:22:00.000000 -820.063897115 295.258329444 6644.264728253 5.81148891302 5.04432349241 0.48923601017
2024-05-29T09:23:00.000000 -469.706683861 596.978897707 6657.804380019 5.86247091821 5.00905413796 -0.03809821362
2024-05-29T09:24:00.000000 -117.123111220 895.869820021 6639.695786670 5.88567100257 4.95003821348 -0.56529011938
2024-05-29T09:25:00.000000 236.015827469 1190.513953635 6590.022234725 5.88097489778 4.86754946512 -1.08984904682
2024-05-29T09:26:00.000000 588.036163285 1479.513914594 6509.016150671 5.84839756902 4.76197224616 -1.60929630664
2024-05-29T09:27:00.000000 937.268726224 1761.498610194 6397.058036314 5.78808398256 4.63379789568 -2.12117660410
2024-05-29T09:28:00.000000 1282.056898216 2035.129579348 6254.674790839 5.70030744493 4.48362273782 -2.62306672662
2024-05-29T09:29:00.000000 1620.764301510 2299.107240744 6082.537517584 5.58546957049 4.31214630975 -3.11258422485
2024-05-29T09:30:00.000000 1951.782598485 2552.177110405 5881.458733821 5.44410333370 4.12017168490 -3.58740146729
2024-05-29T09:31:00.000000 2273.539215370 2793.135806387 5652.388570255 5.27686681366 3.90859829414 -4.04525994587
2024-05-29T09:32:00.000000 2584.504709652 3020.836705901 5396.410411941 5.08453904009 3.67841797352 -4.48397758117
2024-05-29T09:33:00.000000 2883.199969640 3234.195397926 5114.736091458 4.86801847358 3.43071218084 -4.90145677092
2024-05-29T09:34:00.000000 3168.203274139 3432.194951336 4808.700531347 4.62831932732 3.16664850217 -5.29569280031
2024-05-29T09:35:00.000000 3438.157292058 3613.891051546 4479.755894340 4.36657398270 2.88747872558 -5.66478612002
2024-05-29T09:36:00.000000 3691.776006290 3778.416711593 4129.464690150 4.08402477739 2.59452729658 -6.00695888351
2024-05-29T09:37:00.000000 3927.850995379 3924.986613314 3759.492341358 3.78201514883 2.28919209567 -6.32056061493
2024-05-29T09:38:00.000000 4145.257321035 4052.901242018 3371.599172981 3.46198330363 1.97293250574 -6.60407932879
2024-05-29T09:39:00.000000 4342.959049203 4161.550207810 2967.631979950 3.12545734061 1.64725923032 -6.85614518880
2024-05-29T09:40:00.000000 4520.014524678 4250.415208284 2549.515311281 2.77404988887 1.31373050263 -7.07553809624
2024-05-29T09:41:00.000000 4675.581090684 4319.072795101 2119.242203382 2.40944732535 0.97394901239 -7.26119695147
2024-05-29T09:42:00.000000 4808.919331276 4367.196716213 1678.864342763 2.03340312492 0.62954963052 -7.41222838140
2024-05-29T09:43:00.000000 4919.396797999 4394.559507842 1230.481899796 1.64772707419 0.28218858329 -7.52791017204
2024-05-29T09:44:00.000000 5006.491048036 4401.033521284 776.233279303 1.25427578355 -0.06646334232 -7.60769009069
2024-05-29T09:45:00.000000 5069.792324730 4386.591703346 318.284730379 0.85494711275 -0.41472564022 -7.65119415724
2024-05-29T09:46:00.000000 5109.005664278 4351.307762882 -141.180580872 0.45166701899 -0.76092243042 -7.65823209901
2024-05-29T09:47:00.000000 5123.952167193 4295.355614773 -599.973442881 0.04637717802 -1.10338969119 -7.62879239021
2024-05-29T09:48:00.000000 5114.569681181 4219.008485363 -1055.909410441 -0.35897503018 -1.44048377257 -7.56304547270
2024-05-29T09:49:00.000000 5080.912794068 4122.637291281 -1506.819548345 -0.76244603421 -1.77059261773 -7.46133692825
2024-05-29T09:50:00.000000 5023.152461110 4006.708610150 -1950.560923865 -1.16210268515 -2.09214100186 -7.32418827751
2024-05-29T09:51:00.000000 4941.574956719 3871.782221181 -2385.027123951 -1.55603619879 -2.40359867604 -7.15229427430
2024-05-29T09:52:00.000000 4836.580122045 3718.508166661 -2808.158448345 -1.94237077520 -2.70348846823 -6.94651630449
2024-05-29T09:53:00.000000 4708.679184918 3547.623340752 -3217.951781710 -2.31927106872 -2.99039371814 -6.70787862664
2024-05-29T09:54:00.000000 4558.491982350 3359.947647015 -3612.470215160 -2.68495394180 -3.26296509704 -6.43756249513
2024-05-29T09:55:00.000000 4386.743549437 3156.379770194 -3989.852226938 -3.03769733488 -3.51992716020 -6.13689831053
2024-05-29T09:56:00.000000 4194.260176897 2937.892519829 -4348.320356657 -3.37584949791 -3.76008539418 -5.80735559149
2024-05-29T09:57:00.000000 3981.965013855 2705.527878225 -4686.189203478 -3.69783408241 -3.98232872090 -5.45053230722
2024-05-29T09:58:00.000000 3750.873417560 2460.391918366 -5001.872979550 -4.00215515626 -4.18563292420 -5.06815010045
2024-05-29T09:59:00.000000 3502.087869547 2203.649406807 -5293.892678481 -4.28740554575 -4.36906627405 -4.66204451226
2024-05-29T10:00:00.000000 3236.792533288 1936.518183727 -5560.882592547 -4.55227018503 -4.53179212639 -4.23415578110
2024-05-29T10:01:00.000000 2956.247556731 1660.263286080 -5801.596399770 -4.79553292598 -4.67307467058 -3.78652121348
2024-05-29T10:02:00.000000 2661.782879865 1376.190828757 -6014.912583214 -5.01608438482 -4.79228028667 -3.32126121668
2024-05-29T10:03:00.000000 2354.791747730 1085.641891381 -6199.839023581 -5.21292366507 -4.88887741720 -2.84056717779
2024-05-29T10:04:00.000000 2036.724187525 789.986335988 -6355.517006614 -5.38515923897 -4.96243817267 -2.34669313764
2024-05-29T10:05:00.000000 1709.080398103 490.616563638 -6481.224758385 -5.53201069630 -5.01263989842 -1.84194852348
2024-05-29T10:06:00.000000 1373.403969473 188.941098844 -6576.380511512 -5.65281304545 -5.03926763792 -1.32868929394
2024-05-29T10:07:00.000000 1031.274731916 -113.621839629 -6640.544984865 -5.74702436115 -5.04221317969 -0.80930609146
2024-05-29T10:08:00.000000 684.301385325 -415.650716471 -6673.422957380 -5.81422276962 -5.02147407118 -0.28620913957
2024-05-29T10:09:00.000000 334.114404273 -715.727030426 -6674.864279944 -5.85410484488 -4.97715337901 0.23817743089
2024-05-29T10:10:00.000000 -17.641144807 -1012.441565229 -6644.864551599 -5.86648873830 -4.90945859906 0.76142010444
2024-05-29T10:11:00.000000 -369.313102539 -1304.400819542 -6583.565284344 -5.85131951179 -4.81870489791 1.28109241648
2024-05-29T10:12:00.000000 -719.249689337 -1590.233215406 -6491.253092084 -5.80866471656 -4.70530793933 1.79478403403
2024-05-29T10:13:00.000000 -1065.806924763 -1868.595250796 -6368.358524516 -5.73871660918 -4.56978805878 2.30011084147
2024-05-29T10:14:00.000000 -1407.355966460 -2138.177614437 -6215.454017613 -5.64178675961 -4.41276298315 2.79472759423
2024-05-29T10:15:00.000000 -1742.290256569 -2397.710898634 -6033.251542308 -5.51830693570 -4.23494560387 3.27632956093
2024-05-29T10:16:00.000000 -2069.032780087 -2645.971372802 -5822.599898007 -5.36883036207 -4.03714576053 3.74266233492
2024-05-29T10:17:00.000000 -2386.043405367 -2881.786786434 -5584.481282860 -5.19403288832 -3.82026863353 4.19153666329
2024-05-29T10:18:00.000000 -2691.826083251 -3104.041868510 -5320.006969231 -4.99470705421 -3.58530732892 4.62084017449
2024-05-29T10:19:00.000000 -2984.935738705 -3311.683484715 -5030.412533143 -4.77175928406 -3.33333971858 5.02854321822
2024-05-29T10:20:00.000000 -3263.985044131 -3503.725662425 -4717.052583967 -4.52620731852 -3.06552596620 5.41270969955
2024-05-29T10:21:00.000000 -3527.650938995 -3679.254362118 -4381.394869602 -4.25917517811 -2.78310301553 5.77150469997
2024-05-29T10:22:00.000000 -3774.681018855 -3837.432070767 -4025.014033970 -3.97189398034 -2.48738450808 6.10320316085
2024-05-29T10:23:00.000000 -4003.899826443 -3977.502149506 -3649.584510907 -3.66569635996 -2.17975009817 6.40620516248
2024-05-29T10:24:00.000000 -4214.214674769 -4098.792450262 -3256.872780826 -3.34200611218 -1.86163623124 6.67904321988
2024-05-29T10:25:00.000000 -4404.620812176 -4200.718793294 -2848.729357532 -3.00233152671 -1.53453876163 6.92038448761
2024-05-29T10:26:00.000000 -4574.206638439 -4282.788303023 -2427.080425638 -2.64826842681 -1.20000250930 7.12904179041
2024-05-29T10:27:00.000000 -4722.158624207 -4344.601917881 -1993.918759064 -2.28148733539 -0.85960858091 7.30398355991
2024-05-29T10:28:00.000000 -4847.765390462 -4385.856470926 -1551.294284540 -1.90372208678 -0.51497262120 7.44433661466
2024-05-29T10:29:00.000000 -4950.421469376 -4406.346682881 -1101.304369320 -1.51676805474 -0.16773958619 7.54939540017
2024-05-29T10:30:00.000000 -5029.630595407 -4405.966435893 -646.083429448 -1.12246709680 0.18043256681 7.61863010125
2024-05-29T10:31:00.000000 -5085.008125576 -4384.709254812 -187.792541210 -0.72269742673 0.52788076679 7.65168147994
2024-05-29T10:32:00.000000 -5116.283080724 -4342.668481891 271.390856102 -0.31936820537 0.87294227610 7.64836418684
2024-05-29T10:33:00.000000 -5123.299719376 -4280.037020036 729.283516640 0.08559022971 1.21396246447 7.60867062022
2024-05-29T10:34:00.000000 -5106.018479366 -4197.106571140 1183.707113155 0.49023734035 1.54930426232 7.53277206634
2024-05-29T10:35:00.000000 -5064.516297632 -4094.266327500 1632.498928558 0.89263187153 1.87735633087 7.42101774376
2024-05-29T10:36:00.000000 -4998.986328906 -3972.001145058 2073.522554019 1.29084335598 2.19654315687 7.27393465490
2024-05-29T10:37:00.000000 -4909.736975469 -3830.889129479 2504.678378719 1.68296180526 2.50533262440 7.09222192550
2024-05-29T10:38:00.000000 -4797.190399007 -3671.598836761 2923.913893745 2.06710737499 2.80224381627 6.87675007615
2024-05-29T10:39:00.000000 -4661.880328805 -3494.885886397 3329.233789764 2.44144262932 3.08585641592 6.62855349232
2024-05-29T10:40:00.000000 -4504.449302156 -3301.589190500 3718.709533350 2.80417887399 3.35481532001 6.34882309120
2024-05-29T10:41:00.000000 -4325.645516787 -3092.626809260 4090.488655023 3.15358468235 3.60783871105 6.03890220749
2024-05-29T10:42:00.000000 -4126.319079696 -2868.991378633 4442.803654581 3.48799612471 3.84372329369 5.70027855286
2024-05-29T10:43:00.000000 -3907.417689933 -2631.745237268 4773.980382197 3.80582478433 4.06134966061 5.33457430613
2024-05-29T10:44:00.000000 -3669.981968724 -2382.015261626 5082.445865411 4.10556320129 4.25968683878 4.94353854267
2024-05-29T10:45:00.000000 -3415.140390650 -2120.987457817 5366.735664838 4.38579063810 4.43779565191 4.52903957922
2024-05-29T10:46:00.000000 -3144.103857469 -1849.901160415 5625.500854955 4.64518306943 4.59483833982 4.09305559418
2024-05-29T10:47:00.000000 -2858.159664337 -1570.043125515 5857.514083493 4.88251705942 4.73007160714 3.63766231526
2024-05-29T10:48:00.000000 -2558.665409472 -1282.741515813 6061.675498234 5.09667468467 4.84286086157 3.16502980282
2024-05-29T10:49:00.000000 -2247.042436892 -989.359304161 6237.017737772 5.28664949496 4.93267971440 2.67740329987
2024-05-29T10:50:00.000000 -1924.769011333 -691.287777495 6382.710202065 5.45155120834 4.99911082694 2.17709405149
2024-05-29T10:51:00.000000 -1593.373275164 -389.940006978 6498.062661617 5.59060769085 5.04184545373 1.66646821261
2024-05-29T10:52:00.000000 -1254.426143398 -86.744313135 6582.528281057 5.70316562210 5.06068439061 1.14793837601
2024-05-29T10:53:00.000000 -909.534023615 216.862395418 6635.706153094 5.78869650311 5.05554065063 0.62395348337
2024-05-29T10:54:00.000000 -560.331248224 519.441287636 6657.343015565 5.84679740064 5.02643680479 0.09698493922
2024-05-29T10:55:00.000000 -208.472552699 819.558212085 6647.334408316 5.87719176259 4.97350673062 -0.43048036867
2024-05-29T10:56:00.000000 144.374587518 1115.790403624 6605.725233551 5.87973160115 4.89699566748 -0.95595273244
2024-05-29T10:57:00.000000 496.537691098 1406.733093007 6532.709593202 5.85439829192 4.79725824967 -1.47695025479
2024-05-29T10:58:00.000000 846.347032277 1691.006052370 6428.629951314 5.80130174045 4.67475726759 -1.99101119726
2024-05-29T10:59:00.000000 1192.143314035 1967.259992025 6293.975719406 5.72068038863 4.53006127966 -2.49569994535
2024-05-29T11:00:00.000000 1532.285508928 2234.182946784 6129.381353887 5.61290474819 4.36384569235 -2.98862076917
2024-05-29T11:01:00.000000 1865.158673075 2490.506559980 5935.623434905 5.47847269538 4.17688757105 -3.46743318643
2024-05-29T11:02:00.000000 2189.181483504 2735.012032584 5713.617172924 5.31800743461 3.97006151192 -3.92985805776
2024-05-29T11:03:00.000000 2502.813790997 2966.535923137 5464.412376199 5.13225735384 3.74433756431 -4.37369030653
2024-05-29T11:04:00.000000 2804.563938038 3183.975756252 5189.188692983 4.92208996494 3.50077741225 -4.79680783312
2024-05-29T11:05:00.000000 3092.995891028 3386.295429373 4889.250384454 4.68849169475 3.24053098052 -5.19718130416
2024-05-29T11:06:00.000000 3366.736313578 3572.530363383 4566.020328989 4.43256516669 2.96483101649 -5.57288929820
2024-05-29T11:07:00.000000 3624.481195320 3741.792100384 4221.033187132 4.15551692141 2.67498136853 -5.92212505632
2024-05-29T11:08:00.000000 3865.002197641 3893.272695969 3855.928674456 3.85866460413 2.37236240193 -6.24319817360
2024-05-29T11:09:00.000000 4087.153115505 4026.249079925 3472.443669163 3.54342330533 2.05841933540 -6.53456230642
2024-05-29T11:10:00.000000 4289.875215985 4140.086431184 3072.403698676 3.21129632165 1.73464918605 -6.79480698141
2024-05-29T11:11:00.000000 4472.202767317 4234.241467061 2657.714472079 2.86387636984 1.40260454623 -7.02267453133
2024-05-29T11:12:00.000000 4633.267780062 4308.265344271 2230.352429447 2.50282874729 1.06387952333 -7.21706389197
2024-05-29T11:13:00.000000 4772.304324651 4361.805970225 1792.355222408 2.12988831376 0.72010323676 -7.37703800378
2024-05-29T11:14:00.000000 4888.652331256 4394.609763761 1345.811659407 1.74684737466 0.37292912707 -7.50182831674
2024-05-29T11:15:00.000000 4981.760872995 4406.522935317 892.851584167 1.35555128752 0.02402894226 -7.59083659516
2024-05-29T11:16:00.000000 5051.191191457 4397.492344913 435.635390908 0.95789109950 -0.32491608862 -7.64364490819
2024-05-29T11:17:00.000000 5096.618818367 4367.565664099 -23.656993553 0.55578222044 -0.67222841461 -7.66001838982
2024-05-29T11:18:00.000000 5117.834754635 4316.890982881 -482.836793770 0.15115876791 -1.01623884037 -7.63989694109
2024-05-29T11:19:00.000000 5114.746547234 4245.716112414 -939.717042565 -0.25403096623 -1.35529480021 -7.58340223310
2024-05-29T11:20:00.000000 5087.378660086 4154.387203299 -1392.123521309 -0.65783999608 -1.68777210941 -7.49083645016
2024-05-29T11:21:00.000000 5035.872088462 4043.346833712 -1837.905467357 -1.05833274913 -2.01208222273 -7.36267893116
2024-05-29T11:22:00.000000 4960.483352622 3913.131596342 -2274.946077331 -1.45359532707 -2.32668100510 -7.19958132630
2024-05-29T11:23:00.000000 4861.582951474 3764.369233071 -2701.172736590 -1.84174423820 -2.63007583547 -7.00236455660
2024-05-29T11:24:00.000000 4739.653193576 3597.775276602 -3114.566989731 -2.22093720661 -2.92083371529 -6.77201133103
2024-05-29T11:25:00.000000 4595.285534438 3414.149359703 -3513.174058714 -2.58937975600 -3.19758539662 -6.50966124643
2024-05-29T11:26:00.000000 4429.177406815 3214.371156730 -3895.112117874 -2.94533527810 -3.45903325375 -6.21660485541
2024-05-29T11:27:00.000000 4242.128518259 2999.395908532 -4258.581092882 -3.28713238089 -3.70395694073 -5.89427559843
2024-05-29T11:28:00.000000 4035.036703231 2770.249599968 -4601.871032062 -3.61317309252 -3.93121982022 -5.54424261095
2024-05-29T11:29:00.000000 3808.893265057 2528.023750891 -4923.369935570 -3.92194080568 -4.13977471112 -5.16819992566
2024-05-29T11:30:00.000000 3564.777914199 2273.869949236 -5221.570938479 -4.21200622409 -4.32866706288 -4.76795637055
2024-05-29T11:31:00.000000 3303.853387129 2008.994219202 -5495.078886231 -4.48203157905 -4.49703702945 -4.34542560076
2024-05-29T11:32:00.000000 3027.359752125 1734.651237654 -5742.616401977 -4.73077864024 -4.64412322700 -3.90261701011
2024-05-29T11:33:00.000000 2736.608381073 1452.138517792 -5963.029234829 -4.95710792812 -4.76925897191 -3.44162673585
2024-05-29T11:34:00.000000 2432.975870051 1162.790446158 -6155.291540395 -5.15998755861 -4.87188392893 -2.96463499214
2024-05-29T11:35:00.000000 2117.897310050 867.971820196 -6318.510219236 -5.33849908964 -4.95154370952 -2.47388450432
2024-05-29T11:36:00.000000 1792.859520670 569.071545360 -6451.928425938 -5.49183718147 -5.00788958236 -1.97167246009
2024-05-29T11:37:00.000000 1459.394271623 267.496330251 -6554.928509714 -5.61930836028 -5.04067636861 -1.46034184204
2024-05-29T11:38:00.000000 1119.071387389 -35.335660398 -6627.034742008 -5.72033990266 -5.04976862814 -0.94227654568
2024-05-29T11:39:00.000000 773.491406258 -338.001360410 -6667.915073998 -5.79447920548 -5.03513702968 -0.41988073543
2024-05-29T11:40:00.000000 424.278513670 -639.079021672 -6677.382265711 -5.84139109930 -4.99685505426 0.10442273758
2024-05-29T11:41:00.000000 73.073346156 -937.154540010 -6655.394897790 -5.86086361084 -4.93510526143 0.62819900117
2024-05-29T11:42:00.000000 -278.474516052 -1230.828007966 -6602.057480937 -5.85280998487 -4.85017656890 1.14902086054
2024-05-29T11:43:00.000000 -628.713958185 -1518.719891890 -6517.619775989 -5.81726577134 -4.74245954150 1.66447438480
2024-05-29T11:44:00.000000 -975.999686989 -1799.477198792 -6402.475772744 -5.75438949245 -4.61244804582 2.17216822374
2024-05-29T11:45:00.000000 -1318.699564745 -2071.779561229 -6257.161966206 -5.66446072527 -4.46073511901 2.66974448883
2024-05-29T11:46:00.000000 -1655.201877882 -2334.345140183 -6082.355160537 -5.54788110646 -4.28801155465 3.15488607718
2024-05-29T11:47:00.000000 -1983.922655697 -2585.936372435 -5878.869719891 -5.40517348944 -4.09506258342 3.62532554193
2024-05-29T11:48:00.000000 -2303.312938873 -2825.365742697 -5647.654317689 -5.23698184355 -3.88277121474 4.07885656900
2024-05-29T11:49:00.000000 -2611.865911611 -3051.501470264 -5389.787754558 -5.04406566717 -3.65211021852 4.51334884929
2024-05-29T11:50:00.000000 -2908.123713825 -3263.272659008 -5106.474372120 -4.82729821333 -3.40413667082 4.92674825517
2024-05-29T11:51:00.000000 -3190.684412207 -3459.674434651 -4799.039202749 -4.58767020318 -3.13999386568 5.31708931401
2024-05-29T11:52:00.000000 -3458.208885426 -3639.772918701 -4468.922096549 -4.32628290432 -2.86090327530 5.68251194279
2024-05-29T11:53:00.000000 -3709.427182052 -3802.709699613 -4117.671205041 -4.04434007923 -2.56815856727 6.02126675315
2024-05-29T11:54:00.000000 -3943.144597994 -3947.706060243 -3746.936149667 -3.74314555743 -2.26312164214 6.33172258456
2024-05-29T11:55:00.000000 -4158.247534323 -4074.066912230 -3358.460645878 -3.42409832863 -1.94721740527 6.61237537272
2024-05-29T11:56:00.000000 -4353.709083153 -4181.184419066 -2954.074624550 -3.08868808659 -1.62192828566 6.86185714604
2024-05-29T11:57:00.000000 -4528.594226703 -4268.541211431 -2535.685751153 -2.73848650379 -1.28878585898 7.07894576017
2024-05-29T11:58:00.000000 -4682.064536620 -4335.713113760 -2105.270539222 -2.37514095594 -0.94936426231 7.26256936791
2024-05-29T11:59:00.000000 -4813.382559005 -4382.371527412 -1664.865094361 -2.00036819517 -0.60527379133 7.41181500906
2024-05-29T12:00:00.000000 -4921.915675145 -4408.285317090 -1216.555373001 -1.61594479072 -0.25815108489 7.52593450669
2024-05-29T12:01:00.000000 -5007.139459444 -4413.322105566 -762.467243468 -1.22369950898 0.09034836979 7.60434577208
2024-05-29T12:02:00.000000 -5068.640617286 -4397.449349890 -304.756221230 -0.82550492886 0.43855615237 7.64664515394
2024-05-29T12:03:00.000000 -5106.119060480 -4360.734576085 154.403206445 -0.42326162703 0.78480385256 7.65260264273
2024-05-29T12:04:00.000000 -5119.389521405 -4303.345320066 612.828166051 -0.01889419321 1.12743046679 7.62216935405
2024-05-29T12:05:00.000000 -5108.382606992 -4225.548203484 1068.338105699 0.38566070873 1.46479348074 7.55547087291
2024-05-29T12:06:00.000000 -5073.145319136 -4127.707829454 1518.765372710 0.78846220699 1.79527152207 7.45281334946
2024-05-29T12:07:00.000000 -5013.840798066 -4010.285058313 1961.966065932 1.18758116874 2.11727894617 7.31467950224
2024-05-29T12:08:00.000000 -4930.747547127 -3873.834704345 2395.830348235 1.58110273946 2.42927063117 7.14172314463
2024-05-29T12:09:00.000000 -4824.258172084 -3719.002844612 2818.292798589 1.96714039303 2.72975117085 6.93477008736
2024-05-29T12:10:00.000000 -4694.877394795 -3546.523594495 3227.342545746 2.34384488542 3.01728207395 6.69481184363
2024-05-29T12:11:00.000000 -4543.219499499 -3357.215566211 3621.033090867 2.70941567809 3.29048701724 6.42300201298
2024-05-29T12:12:00.000000 -4370.005101524 -3151.977795010 3997.491767728 3.06210919093 3.54806256701 6.12064621141
2024-05-29T12:13:00.000000 -4176.057616686 -2931.785197422 4354.928622585 3.40024402532 3.78878366189 5.78919449950
2024-05-29T12:14:00.000000 -3962.299162279 -2697.683774825 4691.644875592 3.72221432410 4.01150647810 5.43023490802
2024-05-29T12:15:00.000000 -3729.745825719 -2450.785662012 5006.040897591 4.02649124470 4.21517089437 5.04548439095
2024-05-29T12:16:00.000000 -3479.503009779 -2192.263737077 5296.623994274 4.31163127311 4.39881468309 4.63678695767
2024-05-29T12:17:00.000000 -3212.759824955 -1923.345691875 5562.015360771 4.57628711912 4.56157230808 4.20609407967
2024-05-29T12:18:00.000000 -2930.783275638 -1645.308170676 5800.956349274 4.81921041795 4.70267780852 3.75545776239
2024-05-29T12:19:00.000000 -2634.912184938 -1359.470730657 6012.314301860 5.03925701100 4.82146838616 3.28702450893
2024-05-29T12:20:00.000000 -2326.550702372 -1067.189370331 6195.087793844 5.23539374383 4.91739199344 2.80301878601
2024-05-29T12:21:00.000000 -2007.161647858 -769.850029962 6348.410932971 5.40669893002 4.99000234402 2.30573375635
2024-05-29T12:22:00.000000 -1678.259597052 -468.862194495 6471.557270565 5.55236977834 5.03896105275 1.79752165323
2024-05-29T12:23:00.000000 -1341.403713831 -165.652395292 6563.942973667 5.67172274494 5.06403893703 1.28078304678
2024-05-29T12:24:00.000000 -998.190529921 138.342438528 6625.129495444 5.76419677383 5.06511856542 0.75795830416
2024-05-29T12:25:00.000000 -650.246475133 441.681678393 6654.825584651 5.82935625154 5.04219416565 0.23151482272
2024-05-29T12:26:00.000000 -299.220354452 742.927698972 6652.888571136 5.86689128787 4.99537148780 -0.29606367340
2024-05-29T12:27:00.000000 53.224267462 1040.652542822 6619.325037505 5.87662004790 4.92486683054 -0.82228764483
2024-05-29T12:28:00.000000 405.416765845 1333.444533719 6554.290848274 5.85848884303 4.83100656079 -1.34467216324
2024-05-29T12:29:00.000000 755.687193934 1619.914860706 6458.090611609 5.81257529675 4.71422620032 -1.86074626354
2024-05-29T12:30:00.000000 1102.374234958 1898.704004147 6331.176341686 5.73908761021 4.57506581818 -2.36806912387
2024-05-29T12:31:00.000000 1443.832824503 2168.488025479 6174.145490966 5.63836008388 4.41417225015 -2.86423497860
2024-05-29T12:32:00.000000 1778.441814756 2427.984966164 5987.738469831 5.51085538796 4.23229657554 -3.34688630329
2024-05-29T12:33:00.000000 2104.611689141 2675.960932857 5772.835470939 5.35716566752 4.03029009280 -3.81372352824
2024-05-29T12:34:00.000000 2420.792235726 2911.236077149 5530.452472753 5.17800707535 3.80910162864 -4.26252204447
2024-05-29T12:35:00.000000 2725.479813049 3132.690223571 5261.736523223 4.97421610096 3.56977084694 -4.69113876175
2024-05-29T12:36:00.000000 3017.224524612 3339.268218579 4967.960560536 4.74674683161 3.31342485911 -5.09752174359
2024-05-29T12:37:00.000000 3294.637191341 3529.985075361 4650.517727561 4.49666929175 3.04127492447 -5.47971786482
2024-05-29T12:38:00.000000 3556.396263661 3703.930881434 4310.915044681 4.22516641054 2.75461100707 -5.83588663472
2024-05-29T12:39:00.000000 3801.254351482 3860.275320698 3950.766345646 3.93352654454 2.45479560863 -6.16430904736
2024-05-29T12:40:00.000000 4028.044445254 3998.271900254 3571.784732262 3.62313949094 2.14325951847 -6.46339759314
2024-05-29T12:41:00.000000 4235.685722494 4117.261837738 3175.774301409 3.29548691601 1.82149383912 -6.73170770207
2024-05-29T12:42:00.000000 4423.188869302 4216.677381564 2764.621403366 2.95213662836 1.49104062246 -6.96794339568
2024-05-29T12:43:00.000000 4589.661013503 4296.044631148 2340.285477133 2.59473353275 1.15348455951 -7.17096500582
2024-05-29T12:44:00.000000 4734.310127367 4354.985865357 1904.789630843 2.22499429129 0.81044626023 -7.33979096651
2024-05-29T12:45:00.000000 4856.449197553 4393.221517017 1460.210828880 1.84470015582 0.46357536786 -7.47360944268
2024-05-29T12:46:00.000000 4955.499628990 4410.571621056 1008.669503530 1.45568148746 0.11454040425 -7.57178315028
2024-05-29T12:47:00.000000 5030.993908489 4406.956683725 552.319189839 1.05981081415 -0.23497856579 -7.63384610229
2024-05-29T12:48:00.000000 5082.578079537 4382.398173115 93.336022549 0.65899853214 -0.58329873418 -7.65951251117
2024-05-29T12:49:00.000000 5110.013538983 4337.018314093 -366.092203955 0.25517669324 -0.92874563977 -7.64867944568
2024-05-29T12:50:00.000000 5113.177910080 4271.039344878 -823.776903193 -0.14971330599 -1.26966078659 -7.60142205294
2024-05-29T12:51:00.000000 5092.065560688 4184.782389274 -1277.539340740 -0.55372286235 -1.60440866159 -7.51799520133
2024-05-29T12:52:00.000000 5046.787547346 4078.665686596 -1725.221526362 -0.95491403353 -1.93138884753 -7.39883396438
2024-05-29T12:53:00.000000 4977.570628631 3953.202302052 -2164.696758087 -1.35136845910 -2.24904202960 -7.24454558675
2024-05-29T12:54:00.000000 4884.755929759 3808.997396311 -2593.879888358 -1.74119416857 -2.55585922791 -7.05590717421
2024-05-29T12:55:00.000000 4768.797054123 3646.745055071 -3010.737376801 -2.12253543695 -2.85038584680 -6.83386221425
2024-05-29T12:56:00.000000 4630.257499248 3467.224706883 -3413.297217307 -2.49358731137 -3.13123402223 -6.57951524546
2024-05-29T12:57:00.000000 4469.807401932 3271.296949248 -3799.658119158 -2.85260003435 -3.39708592225 -6.29411883098
2024-05-29T12:58:00.000000 4288.220071600 3059.899212292 -4167.998383948 -3.19788639924 -3.64669984610 -5.97907226405
2024-05-29T12:59:00.000000 4086.367907729 2834.040959285 -4516.584411859 -3.52783173570 -3.87891705309 -5.63591104690
2024-05-29T13:00:00.000000 3865.217856597 2594.798612533 -4843.778590902 -3.84090018485 -4.09266496130 -5.26629795885
2024-05-29T13:01:00.000000 3625.826478511 2343.310219643 -5148.046688655 -4.13564202900 -4.28696322811 -4.87201413950
2024-05-29T13:02:00.000000 3369.334590584 2080.769811374 -5427.964512404 -4.41069831753 -4.46092544506 -4.45494509779
2024-05-29T13:03:00.000000 3096.961739762 1808.421762465 -5682.224040252 -4.66480465361 -4.61376106560 -4.01707611238
2024-05-29T13:04:00.000000 2810.000437062 1527.554911923 -5909.639138974 -4.89679446515 -4.74477879901 -3.56048444050
2024-05-29T13:05:00.000000 2509.809997308 1239.496479567 -6109.150861012 -5.10560826118 -4.85339136646 -3.08732960273
2024-05-29T13:06:00.000000 2197.810012850 945.605758725 -6279.831987672 -5.29029762002 -4.93911692448 -2.59984133452
2024-05-29T13:07:00.000000 1875.473510932 647.267799997 -6420.890829488 -5.45002920456 -5.00157841925 -2.10030520735
2024-05-29T13:08:00.000000 1544.320169537 345.887120001 -6531.674328163 -5.58408177429 -5.04050499114 -1.59105617218
2024-05-29T13:09:00.000000 1205.909393557 42.881213036 -6611.670771335 -5.69185354078 -5.05573439402 -1.07446788920
2024-05-29T13:10:00.000000 861.833094208 -260.325821917 -6660.511645860 -5.77286173097 -5.04720804422 -0.55293906499
2024-05-29T13:11:00.000000 513.708635247 -562.309506812 -6677.973072322 -5.82674156791 -5.01497311128 -0.02889118070
2024-05-29T13:12:00.000000 163.171592323 -861.651486476 -6663.976824757 -5.85325114641 -4.95918621099 0.49524502376
2024-05-29T13:13:00.000000 -188.131617321 -1156.945979615 -6618.590458496 -5.85227056923 -4.88010916458 1.01704204151
2024-05-29T13:14:00.000000 -538.551036839 -1446.806021966 -6542.026940335 -5.82380214981 -4.77810733416 1.53408160814
2024-05-29T13:15:00.000000 -886.440564824 -1729.869662671 -6434.643824459 -5.76797236969 -4.65364891809 2.04396436685
2024-05-29T13:16:00.000000 -1230.165422230 -2004.806044702 -6296.941731128 -5.68503161177 -4.50730146733 2.54432272568
2024-05-29T13:17:00.000000 -1568.109455380 -2270.321316434 -6129.562163843 -5.57534969535 -4.33973118056 3.03282924640
2024-05-29T13:18:00.000000 -1898.682284476 -2525.164555698 -5933.284901914 -5.43941680508 -4.15170239663 3.50720381853
2024-05-29T13:19:00.000000 -2220.326610956 -2768.133514768 -5709.024815141 -5.27784482115 -3.94407225692 3.96522506478
2024-05-29T13:20:00.000000 -2531.525411209 -2998.080115751 -5457.828107079 -5.09136413260 -3.71778956602 4.40473829225
2024-05-29T13:21:00.000000 -2830.809002643 -3213.915930470 -5180.867962040 -4.88082203306 -3.47389312284 4.82366743371
2024-05-29T13:22:00.000000 -3116.761974976 -3414.617447287 -4879.439485506 -4.64717956866 -3.21350716945 5.22002638327
2024-05-29T13:23:00.000000 -3388.029885076 -3599.231034502 -4554.954001481 -4.39150737128 -2.93783592306 5.59192868249
2024-05-29T13:24:00.000000 -3643.325729251 -3766.877592252 -4208.932806487 -4.11498199588 -2.64815867670 5.93759681321
2024-05-29T13:25:00.000000 -3881.436135597 -3916.756854838 -3843.000323341 -3.81888031923 -2.34582227725 6.25537200789
2024-05-29T13:26:00.000000 -4101.227243587 -4048.151195978 -3458.876853050 -3.50457572478 -2.03223463790 6.54371730102
2024-05-29T13:27:00.000000 -4301.650458118 -4160.429350358 -3058.371008787 -3.17353555526 -1.70886562145 6.80122935660
2024-05-29T13:28:00.000000 -4481.747736260 -4253.049843391 -2643.371240413 -2.82730913693 -1.37723651868 7.02665087262
2024-05-29T13:29:00.000000 -4640.656277555 -4325.563758431 -2215.837019914 -2.46752147743 -1.03891019605 7.21887170486
2024-05-29T13:30:00.000000 -4777.613009129 -4377.617159653 -1777.789864939 -2.09587047990 -0.69548940163 7.37693660443
2024-05-29T13:31:00.000000 -4891.958594987 -4408.953219947 -1331.303675513 -1.71411432971 -0.34860607092 7.50005440586
2024-05-29T13:32:00.000000 -4983.140903028 -4419.413758706 -878.494949638 -1.32406886963 0.00008323383 7.58759802574
2024-05-29T13:33:00.000000 -5050.718334963 -4408.940446284 -421.512355961 -0.92759717138 0.34891230651 7.63912472198
2024-05-29T13:34:00.000000 -5094.361644693 -4377.574711947 37.474035469 -0.52658141194 0.69621929272 7.65435804531
2024-05-29T13:35:00.000000 -5113.855654029 -4325.457983616 496.282496539 -0.12294353240 1.04033423263 7.63319231932
2024-05-29T13:36:00.000000 -5109.101208637 -4252.831547597 952.730731885 0.28137752316 1.37960308027 7.57571304684
2024-05-29T13:37:00.000000 -5080.115424417 -4160.035096160 1404.646865129 0.68444496838 1.71239849560 7.48218013054
2024-05-29T13:38:00.000000 -5027.031536296 -4047.505241494 1849.879933651 1.08432675853 2.03711974114 7.35303218496
2024-05-29T13:39:00.000000 -4950.098271440 -3915.773412419 2286.310574589 1.47910647492 2.35220825495 7.18888230958
2024-05-29T13:40:00.000000 -4849.678668232 -3765.463172743 2711.861347670 1.86689205075 2.65615279078 6.99051496112
2024-05-29T13:41:00.000000 -4726.248214104 -3597.287044119 3124.506915978 2.24582945999 2.94750064803 6.75887992003
2024-05-29T13:42:00.000000 -4580.392390966 -3412.042986400 3522.283629463 2.61410586489 3.22485655174 6.49508502781
2024-05-29T13:43:00.000000 -4412.803971340 -3210.610625852 3903.299183811 2.96996119695 3.48689644250 6.20039813525
2024-05-29T13:44:00.000000 -4224.279456564 -2993.946748806 4265.741751769 3.31169847145 3.73237233959 5.87623319273
2024-05-29T13:45:00.000000 -4015.715109109 -2763.080615192 4607.888608109 3.63769064748 3.96011763261 5.52414479329
2024-05-29T13:46:00.000000 -3788.102507901 -2519.108907407 4928.114318157 3.94638923412 4.16905216239 5.14582008791
2024-05-29T13:47:00.000000 -3542.523588995 -2263.190416783 5224.898437217 4.23633142079 4.35818701196 4.74307007034
2024-05-29T13:48:00.000000 -3280.145361213 -1996.540334138 5496.832633551 4.50614572644 4.52663167684 4.31781873993
2024-05-29T13:49:00.000000 -3002.214203588 -1720.424335521 5742.627124015 4.75455835518 4.67359380575 3.87209271327
2024-05-29T13:50:00.000000 -2710.049857252 -1436.152562915 5961.116683921 4.98039994572 4.79838527465 3.40801523170
2024-05-29T13:51:00.000000 -2405.038860045 -1145.073235605 6151.265857006 5.18261234784 4.90042339527 2.92778570791
2024-05-29T13:52:00.000000 -2088.628082517 -848.566497011 6312.173370105 5.36024332990 4.97922815010 2.43367838050
2024-05-29T13:53:00.000000 -1762.318085696 -548.037986536 6443.076504742 5.51245732165 5.03443027866 1.92803482512
2024-05-29T13:54:00.000000 -1427.655869748 -244.912134188 6543.354624634 5.63854186864 5.06577250151 1.41324642274
2024-05-29T13:55:00.000000 -1086.227577447 59.374514830 6612.531766919 5.73790477444 5.07310852751 0.89174345493
2024-05-29T13:56:00.000000 -739.651194679 363.379999171 6650.278729367 5.81007695293 5.05640377186 0.36598578897
2024-05-29T13:57:00.000000 -389.569121790 665.663601837 6656.414584493 5.85471450155 5.01573439709 -0.16154542055
2024-05-29T13:58:00.000000 -37.640541598 964.792500288 6630.907624639 5.87160194243 4.95128734226 -0.68835935858
2024-05-29T13:59:00.000000 314.466305678 1259.348399680 6573.875633659 5.86065372377 4.86336001217 -1.21196530115
2024-05-29T14:00:00.000000 665.082037337 1547.934212229 6485.585416171 5.82191588256 4.75236150747 -1.72989060351
2024-05-29T14:01:00.000000 1012.543716533 1829.180566867 6366.451377704 5.75555797705 4.61880598386 -2.23968617956
2024-05-29T14:02:00.000000 1355.202557581 2101.752137787 6217.034068785 5.66188252448 4.46331428962 -2.73893353529
2024-05-29T14:03:00.000000 1691.431835900 2364.353979238 6038.037775520 5.54132192980 4.28661081952 -3.22526177362
2024-05-29T14:04:00.000000 2019.634539382 2615.737654341 5830.307361231 5.39443321213 4.08952165906 -3.69635688094
2024-05-29T14:05:00.000000 2338.250859629 2854.707320776 5594.824608265 5.22190039240 3.87297255326 -4.14997191604
2024-05-29T14:06:00.000000 2645.765755658 3080.125429731 5332.703698060 5.02453012275 3.63797995515 -4.58394148820
2024-05-29T14:07:00.000000 2940.716162258 3290.918105350 5045.186143558 4.80324791172 3.38564966541 -4.99618860461
2024-05-29T14:08:00.000000 3221.697978734 3486.080408781 4733.635171251 4.55909325943 3.11717305687 -5.38473402267
2024-05-29T14:09:00.000000 3487.372917475 3664.681357987 4399.529612419 4.29322053910 2.83382329175 -5.74770610615
2024-05-29T14:10:00.000000 3736.475278167 3825.868645950 4044.456927520 4.00689261921 2.53694769138 -6.08335791595
2024-05-29T14:11:00.000000 3967.818057782 3968.872769936 3670.105536980 3.70146934482 2.22795873173 -6.39007058731
2024-05-29T14:12:00.000000 4180.298761081 4093.010906725 3278.256995918 3.37840705490 1.90833225454 -6.66636117679
2024-05-29T14:13:00.000000 4372.904969395 4197.690476541 2870.777452826 3.03925069468 1.57959906478 -6.91089414417
2024-05-29T14:14:00.000000 4544.719423888 4282.412152099 2449.608564734 2.68562563626 1.24333494443 -7.12248905254
2024-05-29T14:15:00.000000 4694.924566746 4346.772308439 2016.758101150 2.31922920026 0.90115405498 -7.30012286861
2024-05-29T14:16:00.000000 4822.806788202 4390.465214061 1574.290234984 1.94182702151 0.55470227820 -7.44294153882
2024-05-29T14:17:00.000000 4927.759947623 4413.284437651 1124.315187260 1.55523335787 0.20564390680 -7.55026277984
2024-05-29T14:18:00.000000 5009.288089927 4415.123921409 668.978944118 1.16130607376 -0.14434234960 -7.62157719483
2024-05-29T14:19:00.000000 5067.007960383 4395.978509026 210.452948805 0.76194390931 -0.49357090788 -7.65654693886
2024-05-29T14:20:00.000000 5100.651206305 4355.944275394 -249.076666595 0.35907456761 -0.84035683254 -7.65502153959
2024-05-29T14:21:00.000000 5110.065579032 4295.217915100 -707.420282498 -0.04536140773 -1.18303260752 -7.61703442451
2024-05-29T14:22:00.000000 5095.215326122 4214.095393224 -1162.395656774 -0.44942286348 -1.51995765371 -7.54279613300
2024-05-29T14:23:00.000000 5056.181103733 4112.970290938 -1611.838355177 -0.85117115001 -1.84951894498 -7.43269062793
2024-05-29T14:24:00.000000 4993.159621422 3992.331946460 -2053.612365106 -1.24867919845 -2.17014119588 -7.28728222263
2024-05-29T14:25:00.000000 4906.462349606 3852.762617013 -2485.620701389 -1.64005045520 -2.48030107708 -7.10730388171
2024-05-29T14:26:00.000000 4796.513631846 3694.934629513 -2905.815402442 -2.02342004889 -2.77852279963 -6.89365913750
2024-05-29T14:27:00.000000 4663.848429948 3519.606860440 -3312.207675233 -2.39696727322 -3.06339792316 -6.64741366497
2024-05-29T14:28:00.000000 4509.109336434 3327.620608273 -3702.877332831 -2.75892766880 -3.33358910461 -6.36978734373
2024-05-29T14:29:00.000000 4333.042918013 3119.895107950 -4075.981694420 -3.10759993931 -3.58783590302 -6.06214256988
2024-05-29T14:30:00.000000 4136.495804907 2897.422872186 -4429.764003528 -3.44135177197 -3.82495694697 -5.72598015241
2024-05-29T14:31:00.000000 3920.410282301 2661.264786796 -4762.561475951 -3.75862748512 -4.04385536784 -5.36293010051
2024-05-29T14:32:00.000000 3685.819550515 2412.544881527 -5072.812828557 -4.05795397205 -4.24352416720 -4.97474435610
2024-05-29T14:33:00.000000 3433.842503961 2152.444816207 -5359.065287982 -4.33794877500 -4.42304976754 -4.56328637492
2024-05-29T14:34:00.000000 3165.678142668 1882.198164089 -5619.980980048 -4.59732468670 -4.58161606951 -4.13052080128
2024-05-29T14:35:00.000000 2882.599738761 1603.084444900 -5854.342683551 -4.83489413529 -4.71850785487 -3.67850296376
2024-05-29T14:36:00.000000 2585.948724012 1316.423050924 -6061.058979467 -5.04957327681 -4.83311160707 -3.20936968348
2024-05-29T14:37:00.000000 2277.128345382 1023.567074199 -6239.168881377 -5.24038623394 -4.92491780518 -2.72533016435
2024-05-29T14:38:00.000000 1957.597054004 725.897018137 -6387.845840325 -5.40646904685 -4.99352238375 -2.22865448398
2024-05-29T14:39:00.000000 1628.861754898 424.814455150 -6506.401099793 -5.54707098210 -5.03862704573 -1.72166431646
2024-05-29T14:40:00.000000 1292.470897112 121.735699870 -6594.286549354 -5.66155888747 -5.06003894856 -1.20672461240
2024-05-29T14:41:00.000000 950.007317981 -181.914575387 -6651.096962168 -5.74941933805 -5.05767225908 -0.68623114680
2024-05-29T14:42:00.000000 603.081071478 -484.709752705 -6676.571550905 -5.81025908155 -5.03154824595 -0.16260115075
2024-05-29T14:43:00.000000 253.322171186 -785.227717840 -6670.594895675 -5.84380555853 -4.98179531944 0.36173897075
2024-05-29T14:44:00.000000 -97.626573039 -1082.057206534 -6633.197263284 -5.84990510285 -4.90864671704 0.88435975560
2024-05-29T14:45:00.000000 -448.116845796 -1373.804119757 -6564.554626966 -5.82852922454 -4.81244137143 1.40283630836
2024-05-29T14:46:00.000000 -796.502441327 -1659.097806076 -6464.987841541 -5.77977511203 -4.69362105936 1.91476692999
2024-05-29T14:47:00.000000 -1141.146499066 -1936.597106147 -6334.961022065 -5.70385715801 -4.55272696455 2.41777729703
2024-05-29T14:48:00.000000 -1480.428682428 -2204.996307089 -6175.079856507 -5.60111247270 -4.39039957943 2.90952464173
2024-05-29T14:49:00.000000 -1812.752604745 -2463.031157634 -5986.089308315 -5.47200231561 -4.20738053315 3.38771192112
2024-05-29T14:50:00.000000 -2136.553219616 -2709.484825137 -5768.870381332 -5.31710887736 -4.00450698774 3.85010351589
2024-05-29T14:51:00.000000 -2450.303889821 -2943.193356958 -5524.436266007 -5.13713044135 -3.78270463412 4.29452864727
2024-05-29T14:52:00.000000 -2752.523426042 -3163.051087590 -5253.928267224 -4.93288347800 -3.54299043025 4.71889049298
2024-05-29T14:53:00.000000 -3041.783081168 -3368.015978351 -4958.610938700 -4.70529897044 -3.28646749703 5.12117897183
2024-05-29T14:54:00.000000 -3316.713330882 -3557.114666456 -4639.866594691 -4.45541943927 -3.01432105323 5.49948076928
2024-05-29T14:55:00.000000 -3576.010437736 -3729.447216694 -4299.189184762 -4.18439446986 -2.72781252717 5.85198949433
2024-05-29T14:56:00.000000 -3818.442731297 -3884.191538398 -3938.177616744 -3.89347586780 -2.42827464945 6.17701451300
2024-05-29T14:57:00.000000 -4042.856542207 -4020.607495546 -3558.528513320 -3.58401051436 -2.11710480503 6.47299006607
2024-05-29T14:58:00.000000 -4248.181801577 -4138.040560673 -3162.028627061 -3.25743826960 -1.79575888621 6.73847950731
2024-05-29T14:59:00.000000 -4433.437457103 -4235.925174121 -2750.546726327 -2.91528505732 -1.46574528401 6.97218605564
2024-05-29T15:00:00.000000 -4597.736520650 -4313.787752467 -2326.025071474 -2.55915971474 -1.12862078892 7.17295954745
2024-05-29T15:01:00.000000 -4740.290714710 -4371.249334525 -1890.470153729 -2.19074110086 -0.78598067323 7.33980965065
2024-05-29T15:02:00.000000 -4860.414353300 -4408.027605260 -1445.943096185 -1.81176936150 -0.43944989492 7.47190579734
2024-05-29T15:03:00.000000 -4957.527885746 -4423.938488015 -994.550002717 -1.42404122303 -0.09067770671 7.56858088066
2024-05-29T15:04:00.000000 -5031.160948944 -4418.897325271 -538.431864813 -1.02939765194 0.25867400109 7.62933742643
2024-05-29T15:05:00.000000 -5080.955054644 -4392.919503704 -79.754576690 -0.62972705029 0.60693117938 7.65384713732
2024-05-29T15:06:00.000000 -5106.665938429 -4346.120941258 379.301902685 -0.22694435621 0.95242090042 7.64196842078
2024-05-29T15:07:00.000000 -5108.164764501 -4278.717538439 836.554514507 0.17701886862 1.29348420427 7.59373973620
2024-05-29T15:08:00.000000 -5085.438790475 -4191.024126767 1289.827916641 0.58022639759 1.62848402670 7.50937914442
2024-05-29T15:09:00.000000 -5038.591369640 -4083.452883275 1736.965127147 0.98074563916 1.95581367340 7.38928016812
2024-05-29T15:10:00.000000 -4967.841501896 -3956.511299426 2175.838029665 1.37665643628 2.27390422485 7.23401146003
2024-05-29T15:11:00.000000 -4873.522693559 -3810.799667252 2604.357771799 1.76606337160 2.58123192111 7.04431194612
2024-05-29T15:12:00.000000 -4756.081281876 -3647.008200620 3020.484866980 2.14710237648 2.87632507518 6.82108790747
2024-05-29T15:13:00.000000 -4616.074271358 -3465.913600994 3422.239088672 2.51795012960 3.15777312866 6.56540744782
2024-05-29T15:14:00.000000 -4454.166566291 -3268.375348418 3807.709024108 2.87683457878 3.42422753768 6.27849551054
2024-05-29T15:15:00.000000 -4271.127732162 -3055.331709276 4175.061439237 3.22204108032 3.67441413191 5.96173276062
2024-05-29T15:16:00.000000 -4067.828076864 -2827.794838872 4522.550357041 3.55192835250 3.90714451118 5.61664441556
2024-05-29T15:17:00.000000 -3845.233986061 -2586.845523874 4848.525227038 3.86493509592 4.12131980286 5.24488278122
2024-05-29T15:18:00.000000 -3604.403247300 -2333.627890847 5151.438184999 4.15957590102 4.31592686114 4.84822009168
2024-05-29T15:19:00.000000 -3346.480192439 -2069.344143837 5429.851434310 4.43445407515 4.49004503433 4.42855085209
2024-05-29T15:20:00.000000 -3072.690069791 -1795.248745273 5682.444170014 4.68827043828 4.64285380472 3.98787885329
2024-05-29T15:21:00.000000 -2784.332893043 -1512.642278365 5908.018736086 4.91983232646 4.77363637881 3.52830156677
2024-05-29T15:22:00.000000 -2482.777162740 -1222.865254775 6105.505821793 5.12804948691 4.88177883112 3.05200009148
2024-05-29T15:23:00.000000 -2169.453509838 -927.291837000 6273.969400660 5.31194258687 4.96677399210 2.56123358536
2024-05-29T15:24:00.000000 -1845.847907869 -627.323341293 6412.611026753 5.47064700253 5.02822456670 2.05832751832
2024-05-29T15:25:00.000000 -1513.494603736 -324.381575854 6520.773469187 5.60341874936 5.06584456558 1.54566116311
2024-05-29T15:26:00.000000 -1173.968841689 -19.902179638 6597.943553221 5.70963539379 5.07945888883 1.02565519417
2024-05-29T15:27:00.000000 -828.879558283 284.672006846 6643.754321489 5.78879594364 5.06900269776 0.50076160342
2024-05-29T15:28:00.000000 -479.862095826 587.897587180 6657.986745267 5.84052252446 5.03452241317 -0.02654165493
2024-05-29T15:29:00.000000 -128.570579270 888.337302113 6640.570954645 5.86456735430 4.97617617107 -0.55376328883
2024-05-29T15:30:00.000000 223.329918589 1184.566746013 6591.586593607 5.86081280316 4.89423449941 -1.07841318334
2024-05-29T15:31:00.000000 574.171056308 1475.181062610 6511.262407326 5.82926774142 4.78907743169 -1.59801190907
2024-05-29T15:32:00.000000 922.288964892 1758.801416645 6399.975417949 5.77007280915 4.66119284761 -2.11009925366
2024-05-29T15:33:00.000000 1266.032088625 2034.081480552 6258.249254211 5.68349683190 4.51117571606 -2.61224990020
2024-05-29T15:34:00.000000 1603.768826120 2299.713815204 6086.751912472 5.56993748542 4.33972747710 -3.10207846873
2024-05-29T15:35:00.000000 1933.895437130 2554.436117810 5886.292884877 5.42992466311 4.14764946142 -3.57725687013
2024-05-29T15:36:00.000000 2254.843688881 2797.037046769 5657.819356316 5.26411103494 3.93583949543 -4.03552444059
2024-05-29T15:37:00.000000 2565.088130096 3026.362036857 5402.411899916 5.07326974124 3.70529142649 -4.47469745063
2024-05-29T15:38:00.000000 2863.153255374 3241.318861579 5121.279598124 4.85829232968 3.45708849196 -4.89267681558
2024-05-29T15:39:00.000000 3147.620592923 3440.882898555 4815.754713559 4.62018773270 3.19240037711 -5.28745810628
2024-05-29T15:40:00.000000 3417.135584910 3624.102182949 4487.286641135 4.36007701644 2.91247864418 -5.65714247271
2024-05-29T15:41:00.000000 3670.414293894 3790.102186897 4137.435296244 4.07919261829 2.61865184799 -5.99994719871
2024-05-29T15:42:00.000000 3906.249863131 3938.090251808 3767.863742603 3.77886964250 2.31231955818 -6.31421819333
2024-05-29T15:43:00.000000 4123.518431706 4067.359663327 3380.330224145 3.46053857771 1.99494549909 -6.59843851803
2024-05-29T15:44:00.000000 4321.184638658 4177.293200453 2976.679673955 3.12571757046 1.66804754026 -6.85123610903
2024-05-29T15:45:00.000000 4498.306689057 4267.366196124 2558.834916692 2.77600669792 1.33319239753 -7.07138757868
2024-05-29T15:46:00.000000 4654.041183502 4337.149293275 2128.787517008 2.41308495997 0.99198842299 -7.25782720439
2024-05-29T15:47:00.000000 4787.647500418 4386.310567243 1688.587966833 2.03869600386 0.64607341700 -7.40965630933
2024-05-29T15:48:00.000000 4898.491354523 4414.617175288 1240.335765499 1.65464109591 0.29711261913 -7.52614139767
2024-05-29T15:49:00.000000 4986.048075307 4421.936837198 786.169116012 1.26277002243 -0.05321009232 -7.60672623154
2024-05-29T15:50:00.000000 5049.905286609 4408.238534721 328.254332145 0.86497613891 -0.40320458760 -7.65103173154
2024-05-29T15:51:00.000000 5089.765159283 4373.592546533 -131.225119390 0.46318015569 -0.75118652752 -7.65886449536
2024-05-29T15:52:00.000000 5105.445569542 4318.169839347 -590.079534613 0.05931768446 -1.09548468034 -7.63020973690
2024-05-29T15:53:00.000000 5096.880812763 4242.241105550 -1046.123742849 -0.34466839779 -1.43444778579 -7.56523355557
2024-05-29T15:54:00.000000 5064.121674820 4146.175266432 -1497.187883620 -0.74683923954 -1.76645410946 -7.46427934360
2024-05-29T15:55:00.000000 5007.334947169 4030.437467979 -1941.127956241 -1.14526873205 -2.08991909399 -7.32786551027
2024-05-29T15:56:00.000000 4926.802332884 3895.586642297 -2375.836255658 -1.53805395084 -2.40330254221 -7.15668281500
2024-05-29T15:57:00.000000 4822.918811925 3742.272569713 -2799.251575558 -1.92332359100 -2.70511758875 -6.95158962630
2024-05-29T15:58:00.000000 4696.190446825 3571.232486958 -3209.369126061 -2.29924773365 -2.99393715312 -6.71360742839
2024-05-29T15:59:00.000000 4547.231603757 3383.287257943 -3604.250162877 -2.66404791008 -3.26840192311 -6.44391503173
2024-05-29T16:00:00.000000 4376.761571670 3179.337088137 -3982.031188001 -3.01600670027 -3.52722773631 -6.14384011034
2024-05-29T16:01:00.000000 4185.600654120 2960.356854862 -4340.932551538 -3.35347517160 -3.76921003015 -5.81484836183
2024-05-29T16:02:00.000000 3974.665924890 2727.391245497 -4679.266523267 -3.67487769341 -3.99322730816 -5.45853736294
2024-05-29T16:03:00.000000 3744.966589831 2481.549577424 -4995.445007431 -3.97872019029 -4.19824766396 -5.07662877053
2024-05-29T16:04:00.000000 3497.598883089 2224.000303797 -5287.986665150 -4.26359682148 -4.38333238273 -4.67095806475
2024-05-29T16:05:00.000000 3233.740584780 1955.965315247 -5555.523451148 -4.52819604623 -4.54763919211 -4.24346434021
2024-05-29T16:06:00.000000 2954.645237676 1678.714106092 -5796.806536740 -4.77130467801 -4.69042411002 -3.79618103465
2024-05-29T16:07:00.000000 2661.636104775 1393.557765069 -6010.711712007 -4.99181286735 -4.81104537772 -3.33122691989
2024-05-29T16:08:00.000000 2356.099817710 1101.842749433 -6196.244142705 -5.18871853001 -4.90896569690 -2.85079375608
2024-05-29T16:09:00.000000 2039.479833721 804.944629773 -6352.542455528 -5.36113034684 -4.98375211583 -2.35713691972
2024-05-29T16:10:00.000000 1713.269708375 504.261794525 -6478.882229844 -5.50826931350 -5.03507717970 -1.85256457498
2024-05-29T16:11:00.000000 1379.006351563 201.209071191 -6574.678960144 -5.62947047413 -5.06272057892 -1.33943117253
2024-05-29T16:12:00.000000 1038.262987663 -102.788698053 -6639.490546105 -5.72418899211 -5.06656885299 -0.82012721885
2024-05-29T16:13:00.000000 692.641859117 -406.303122912 -6673.019045195 -5.79200208981 -5.04661714715 -0.29706453714
2024-05-29T16:14:00.000000 343.767021805 -707.908676153 -6675.111557930 -5.83260482778 -5.00296495835 0.22733435868
2024-05-29T16:15:00.000000 -6.722724736 -1006.188927904 -6645.760845593 -5.84581221857 -4.93581688949 0.75063728466
2024-05-29T16:16:00.000000 -357.181305906 -1299.742959400 -6585.105535813 -5.83156641601 -4.84548495515 1.27041840055
2024-05-29T16:17:00.000000 -705.962749305 -1587.191649793 -6493.429230280 -5.78992760915 -4.73238296320 1.78427039542
2024-05-29T16:18:00.000000 -1051.428340309 -1867.183794628 -6371.159427413 -5.72107892313 -4.59702816916 2.28980670447
2024-05-29T16:19:00.000000 -1391.954073268 -2138.402237232 -6218.865772976 -5.62532686932 -4.44003698803 2.78467702156
2024-05-29T16:20:00.000000 -1725.937967258 -2399.569732504 -6037.257727365 -5.50309919550 -4.26212421970 3.26657196138
2024-05-29T16:21:00.000000 -2051.807416635 -2649.454951485 -5827.181800782 -5.35494738091 -4.06410473484 3.73323615887
2024-05-29T16:22:00.000000 -2368.026477328 -2886.878194803 -5589.617784032 -5.18154063445 -3.84688298193 4.18248275521
2024-05-29T16:23:00.000000 -2673.102815204 -3110.716680889 -5325.674613155 -4.98366390128 -3.61145272908 4.61219506159
2024-05-29T16:24:00.000000 -2965.594690176 -3319.909938695 -5036.585787731 -4.76221810569 -3.35889607173 5.02033993672
2024-05-29T16:25:00.000000 -3244.117785287 -3513.464927628 -4723.704024945 -4.51821581734 -3.09037793800 5.40497805624
2024-05-29T16:26:00.000000 -3507.351806511 -3690.460877165 -4388.495348102 -4.25277789559 -2.80714154528 5.76427355018
2024-05-29T16:27:00.000000 -3754.046849960 -3850.053834790 -4032.532593745 -3.96712912263 -2.51050346478 6.09650344406
2024-05-29T16:28:00.000000 -3983.029490315 -3991.480886863 -3657.488336014 -3.66259288451 -2.20184707992 6.40006756909
2024-05-29T16:29:00.000000 -4193.208508157 -4114.063957062 -3265.127311809 -3.34058523716 -1.88261623643 6.67349494608
2024-05-29T16:30:00.000000 -4383.580331409 -4217.213311969 -2857.298436242 -3.00261086418 -1.55431078523 6.91545259238
2024-05-29T16:31:00.000000 -4553.234130706 -4300.430686572 -2435.926212899 -2.65025492272 -1.21847851155 7.12475468165
2024-05-29T16:32:00.000000 -4701.356429051 -4363.311961304 -2003.001763481 -2.28517660157 -0.87670874830 7.30036769814
2024-05-29T16:33:00.000000 -4827.235366765 -4405.549418916 -1560.573437477 -1.90910236252 -0.53062391905 7.44141877578
2024-05-29T16:34:00.000000 -4930.264436967 -4426.933454372 -1110.737005922 -1.52381587635 -0.18187073585 7.54720075738
2024-05-29T16:35:00.000000 -5009.945632480 -4427.353803853 -655.625604105 -1.13114891833 0.16788725668 7.61717572499
2024-05-29T16:36:00.000000 -5065.892141416 -4406.800331354 -197.399450106 -0.73297462894 0.51697791275 7.65097994494
2024-05-29T16:37:00.000000 -5097.830489365 -4365.363220747 261.764718211 -0.33119606180 0.86373061566 7.64842657591
2024-05-29T16:38:00.000000 -5105.602037290 -4303.232631657 719.684300961 0.07226385925 1.20648536122 7.60950719230
2024-05-29T16:39:00.000000 -5089.163835735 -4220.697771186 1174.181487898 0.47547311034 1.54360095254 7.53438919955
2024-05-29T16:40:00.000000 -5048.588946303 -4118.145691874 1623.093849695 0.87649878646 1.87345921655 7.42341920748
2024-05-29T16:41:00.000000 -4984.066040982 -3996.059448944 2064.285089135 1.27342219322 2.19447962561 7.27711945704
2024-05-29T16:42:00.000000 -4895.898367161 -3855.015739678 2495.655253346 1.66434207231 2.50512153625 7.09617921636
2024-05-29T16:43:00.000000 -4784.502657082 -3695.682316080 2915.150934564 2.04738003499 2.80389266346 6.88146187762
2024-05-29T16:44:00.000000 -4650.407046491 -3518.814716789 3320.775778232 2.42070629349 3.08936164473 6.63400343646
2024-05-29T16:45:00.000000 -4494.247673233 -3325.252223227 3710.599916655 2.78254438871 3.36016738232 6.35497941852
2024-05-29T16:46:00.000000 -4316.766446164 -3115.913871993 4082.768618094 3.13114911340 3.61501382667 6.04572666772
2024-05-29T16:47:00.000000 -4118.807725565 -2891.794079901 4435.512479456 3.46485951236 3.85268717436 5.70774507684
2024-05-29T16:48:00.000000 -3901.312795497 -2653.957525735 4767.155746775 3.78209786526 4.07205829609 5.34265463109
2024-05-29T16:49:00.000000 -3665.315532504 -2403.533875899 5076.123770293 4.08136138060 4.27209255130 4.95220414428
2024-05-29T16:50:00.000000 -3411.937302370 -2141.712100311 5360.950149697 4.36123443400 4.45184602409 4.53825298933
2024-05-29T16:51:00.000000 -3142.381759859 -1869.735011612 5620.283547417 4.62039292762 4.61047001822 4.10277600362
2024-05-29T16:52:00.000000 -2857.928945862 -1588.893274410 5852.894183029 4.85761524174 4.74721870015 3.64784754695
2024-05-29T16:53:00.000000 -2559.929044578 -1300.519175911 6057.679394299 5.07178545435 4.86145044674 3.17562882740
2024-05-29T16:54:00.000000 -2249.795957406 -1005.980360646 6233.668598377 5.26189614554 4.95262885350 2.68836034759
2024-05-29T16:55:00.000000 -1929.000633230 -706.673373618 6380.027833872 5.42705462006 5.02032802898 2.18835335622
2024-05-29T16:56:00.000000 -1599.063988235 -404.016943870 6496.063481340 5.56648764933 5.06423351058 1.67797206775
2024-05-29T16:57:00.000000 -1261.549809478 -99.445387142 6581.225183251 5.67954016553 5.08414092675 1.15962677477
2024-05-29T16:58:00.000000 -918.057526049 205.598042748 6635.108273389 5.76567879174 5.07995580521 0.63576168825
2024-05-29T16:59:00.000000 -570.214922862 509.667702012 6657.455672126 5.82449340992 5.05169406953 0.10885134937
2024-05-29T17:00:00.000000 -219.670468512 811.322328172 6648.159328130 5.85570460857 4.99948594528 -0.41861441520
2024-05-29T17:01:00.000000 131.914421684 1109.131857680 6607.260673330 5.85915990193 4.92357369012 -0.94414376934
2024-05-29T17:02:00.000000 482.873088454 1401.684067899 6534.950490379 5.83483779530 4.82430976307 -1.46525314403
2024-05-29T17:03:00.000000 831.541448637 1687.591112685 6431.567974132 5.78284454824 4.70215357667 -1.97947919136
2024-05-29T17:04:00.000000 1176.265665080 1965.495934089 6297.599505228 5.70341748585 4.55767302979 -2.48438121314
2024-05-29T17:05:00.000000 1515.410201835 2234.078868702 6133.676581387 5.59692698467 4.39154526068 -2.97756738327
2024-05-29T17:06:00.000000 1847.365355169 2492.063868032 5940.572512377 5.46386347251 4.20454605478 -3.45670069065
2024-05-29T17:07:00.000000 2170.554635213 2738.224405919 5719.199172706 5.30484474409 3.99755034528 -3.91950301730
2024-05-29T17:08:00.000000 2483.442323890 2971.389270974 5470.602852292 5.12060984178 3.77152584941 -4.36377278582
2024-05-29T17:09:00.000000 2784.540522914 3190.448071826 5195.959619377 4.91201440902 3.52753254232 -4.78738648491
2024-05-29T17:10:00.000000 3072.416291459 3394.356733010 4896.570338794 4.68003470522 3.26671992564 -5.18831035847
2024-05-29T17:11:00.000000 3345.698783911 3582.142714217 4573.854852178 4.42576355335 2.99032244228 -5.56461448041
2024-05-29T17:12:00.000000 3603.086090564 3752.909930424 4229.345330075 4.15040450944 2.69965264668 -5.91448624357
2024-05-29T17:13:00.000000 3843.351643024 3905.843232352 3864.678984359 3.85526455890 2.39609491416 -6.23623843561
2024-05-29T17:14:00.000000 4065.350243647 4040.212473626 3481.590254871 3.54174792071 2.08109673466 -6.52831850869
2024-05-29T17:15:00.000000 4268.023708057 4155.376084571 3081.902541626 3.21134991418 1.75616257706 -6.78931467112
2024-05-29T17:16:00.000000 4450.406145148 4250.784367904 2667.519531363 2.86564999657 1.42284912907 -7.01796396847
2024-05-29T17:17:00.000000 4611.628761605 4325.982394103 2240.416098724 2.50630537711 1.08275753353 -7.21315716684
2024-05-29T17:18:00.000000 4750.924502478 4380.612403597 1802.628782031 2.13504807767 0.73752324536 -7.37395071640
2024-05-29T17:19:00.000000 4867.631995998 4414.415498673 1356.245539835 1.75366583705 0.38880543651 -7.49957349503
2024-05-29T17:20:00.000000 4961.198626574 4427.232947002 903.395497178 1.36399606869 0.03828246358 -7.58942549881
2024-05-29T17:21:00.000000 5031.183324899 4419.007039166 446.238457117 0.96791734484 -0.31235830620 -7.64308463649
2024-05-29T17:22:00.000000 5077.258688921 4389.781338939 -13.045823703 0.56733835285 -0.66142992714 -7.66030800096
2024-05-29T17:23:00.000000 5099.212493010 4339.700406156 -472.268407844 0.16418798077 -1.00725422744 -7.64103262437
2024-05-29T17:24:00.000000 5096.948600156 4269.009002192 -929.241985554 -0.23959466901 -1.34817087600 -7.58537554781
2024-05-29T17:25:00.000000 5070.487288039 4178.050754090 -1381.791639704 -0.64206990839 -1.68254603184 -7.49363266653
2024-05-29T17:26:00.000000 5019.964968773 4067.266320145 -1827.765530580 -1.04130791689 -2.00878055419 -7.36627686501
2024-05-29T17:27:00.000000 4945.633304664 3937.191051063 -2265.045433795 -1.43539859243 -2.32531861615 -7.20395525743
2024-05-29T17:28:00.000000 4847.857711859 3788.452139423 -2691.557083250 -1.82246192249 -2.63065602493 -7.00748523862
2024-05-29T17:29:00.000000 4727.115242890 3621.765273407 -3105.280224259 -2.20065842136 -2.92334834400 -6.77784853013
2024-05-29T17:30:00.000000 4583.991885184 3437.930854952 -3504.258254166 -2.56819770187 -3.20201729878 -6.51618420310
2024-05-29T17:31:00.000000 4419.179349499 3237.829821680 -3886.607463994 -2.92334760871 -3.46535761105 -6.22378135597
2024-05-29T17:32:00.000000 4233.471340678 3022.419123563 -4250.525769137 -3.26444152375 -3.71214161298 -5.90207061118
2024-05-29T17:33:00.000000 4027.759414596 2792.726900318 -4594.300992047 -3.58988570539 -3.94122492576 -5.55261673910
2024-05-29T17:34:00.000000 3803.028387866 2549.847343185 -4916.318626406 -3.89816613755 -4.15155074668 -5.17710919902
2024-05-29T17:35:00.000000 3560.351383262 2294.935332109 -5215.069072270 -4.18785438626 -4.34215368006 -4.77735404279
2024-05-29T17:36:00.000000 3300.884502196 2029.200827242 -5489.154361711 -4.45761380335 -4.51216361473 -4.35526467807
2024-05-29T17:37:00.000000 3025.861170702 1753.903053985 -5737.294327955 -4.70620455148 -4.66080920302 -3.91285297713
2024-05-29T17:38:00.000000 2736.586113995 1470.344459770 -5958.332210275 -4.93249093933 -4.78742138771 -3.45221833331
2024-05-29T17:39:00.000000 2434.428985685 1179.864532351 -6151.239512834 -5.13544456876 -4.89143479723 -2.97553504617
2024-05-29T17:40:00.000000 2120.817892909 883.833553240 -6315.120197951 -5.31414561565 -4.97238830260 -2.48504288500
2024-05-29T17:41:00.000000 1797.232780349 583.646306345 -6449.214402074 -5.46778708336 -5.02992686169 -1.98303925347
2024-05-29T17:42:00.000000 1465.198562981 280.715659101 -6552.901483547 -5.59567626378 -5.06380256275 -1.47186580639
2024-05-29T17:43:00.000000 1126.278308838 -23.533875708 -6625.702501135 -5.69723563836 -5.07387552645 -0.95390317710
2024-05-29T17:44:00.000000 782.066061976 -327.672605750 -6667.282180519 -5.77201019154 -5.06011200492 -0.43155686128
2024-05-29T17:45:00.000000 434.179588588 -630.271908348 -6677.450067666 -5.81966358227 -5.02258174233 0.09275173636
2024-05-29T17:46:00.000000 84.253228850 -929.910579339 -6656.161384936 -5.83998134723 -4.96146322423 0.61659022506
2024-05-29T17:47:00.000000 -266.069555386 -1225.181341397 -6603.517132172 -5.83287200452 -4.87704033948 1.13753431665
2024-05-29T17:48:00.000000 -615.143290305 -1514.696977068 -6519.763460534 -5.79836086269 -4.76969894785 1.65316935298
2024-05-29T17:49:00.000000 -961.327756686 -1797.096615080 -6405.290934202 -5.73659871758 -4.63993079809 2.16109928334
2024-05-29T17:50:00.000000 -1302.995533282 -2071.051898736 -6260.632955371 -5.64786056875 -4.48832732200 2.65895999238
2024-05-29T17:51:00.000000 -1638.539410172 -2335.272966435 -6086.463635996 -5.53254573282 -4.31558075982 3.14442776837
2024-05-29T17:52:00.000000 -1966.379815033 -2588.514464631 -5883.594839747 -5.39117439870 -4.12248093494 3.61523666065
2024-05-29T17:53:00.000000 -2284.971847104 -2829.581170722 -5652.972566225 -5.22438257902 -3.90990883861 4.06918128897
2024-05-29T17:54:00.000000 -2592.812343456 -3057.333484198 -5395.673158664 -5.03292537997 -3.67883753953 4.50412502926
2024-05-29T17:55:00.000000 -2888.446898643 -3270.692845473 -5112.898750280 -4.81767243518 -3.43032757190 4.91801236459
2024-05-29T17:56:00.000000 -3170.476727063 -3468.646861722 -4805.972194657 -4.57960764750 -3.16552386731 5.30887707976
2024-05-29T17:57:00.000000 -3437.565373335 -3650.254323467 -4476.331297151 -4.31982418032 -2.88565312204 5.67485580553
2024-05-29T17:58:00.000000 -3688.445136890 -3814.649814108 -4125.522310110 -4.03951941922 -2.59201360807 6.01419779381
2024-05-29T17:59:00.000000 -3921.923139863 -3961.047873662 -3755.193049378 -3.73998964824 -2.28597208959 6.32526966364
2024-05-29T18:00:00.000000 -4136.887165976 -4088.747004091 -3367.085564468 -3.42262645778 -1.96895942169 6.60656540461
2024-05-29T18:01:00.000000 -4332.311217080 -4197.133300509 -2963.028206843 -3.08891114927 -1.64246326388 6.85671560144
2024-05-29T18:02:00.000000 -4507.260707356 -4285.683658302 -2544.927211874 -2.74040852326 -1.30802159807 7.07449495776
2024-05-29T18:03:00.000000 -4660.897259905 -4353.968566074 -2114.757802287 -2.37875927906 -0.96721492671 7.25883000643
2024-05-29T18:04:00.000000 -4792.483048959 -4401.654474229 -1674.554913865 -2.00567335379 -0.62166031172 7.40880547735
2024-05-29T18:05:00.000000 -4901.384680007 -4428.505703082 -1226.403434884 -1.62292000348 -0.27300130169 7.52367209959
2024-05-29T18:06:00.000000 -4987.076463058 -4434.385780712 -772.428162460 -1.23231873697 0.07709978239 7.60284948640
2024-05-29T18:07:00.000000 -5049.143163996 -4419.258351283 -314.783537304 -0.83573027753 0.42696977611 7.64593065320
2024-05-29T18:08:00.000000 -5087.282180792 -4383.187509001 144.356845370 -0.43504674527 0.77493496564 7.65268419273
2024-05-29T18:09:00.000000 -5101.305144851 -4326.337583968 602.810787049 -0.03218231258 1.11932922995 7.62305465943
2024-05-29T18:10:00.000000 -5091.139013437 -4248.972455814 1058.398041403 0.37093421032 1.45850145431 7.55716296520
2024-05-29T18:11:00.000000 -5056.826661579 -4151.454445674 1508.950986766 0.77236998550 1.79082309634 7.45530931002
2024-05-29T18:12:00.000000 -4998.526720773 -4034.242620419 1952.325325818 1.17020107897 2.11469913802 7.31796984476
2024-05-29T18:13:00.000000 -4916.512751955 -3897.890623784 2386.410534831 1.56252199601 2.42857308837 7.14579444359
2024-05-29T18:14:00.000000 -4811.171915244 -3743.044074626 2809.140278695 1.94745245607 2.73093785717 6.93960568202
2024-05-29T18:15:00.000000 -4683.003150653 -3570.437208324 3218.502639113 2.32314991666 3.02034866028 6.70039275999
2024-05-29T18:16:00.000000 -4532.614572522 -3380.888951495 3612.549603239 2.68781634033 3.29542538664 6.42929543980
2024-05-29T18:17:00.000000 -4360.720837324 -3175.299256925 3989.406362119 3.03970280624 3.55485000893 6.12761624828
2024-05-29T18:18:00.000000 -4168.139456549 -2954.644831650 4347.280930540 3.37713128622 3.79738403292 5.79681057472
2024-05-29T18:19:00.000000 -3955.786259439 -2719.973990960 4684.472785198 3.69850294888 4.02187951331 5.43846690983
2024-05-29T18:20:00.000000 -3724.670791761 -2472.401415319 4999.380407190 4.00229325517 4.22727200980 5.05429966144
2024-05-29T18:21:00.000000 -3475.891468154 -2213.102860454 5290.508961791 4.28706673413 4.41259220244 4.64614643501
2024-05-29T18:22:00.000000 -3210.630086787 -1943.309347081 5556.477016634 4.55147811459 4.57696589243 4.21594917512
2024-05-29T18:23:00.000000 -2930.146424398 -1664.301466696 5796.022943852 4.79427650203 4.71961738666 3.76575885449
2024-05-29T18:24:00.000000 -2635.772126340 -1377.403162927 6008.011033341 5.01431763232 4.83987739181 3.29771887357
2024-05-29T18:25:00.000000 -2328.904218305 -1083.975317059 6191.436631143 5.21056699255 4.93718411050 2.81405235578
2024-05-29T18:26:00.000000 -2010.998437634 -785.409286729 6345.430608377 5.38210286114 5.01108370959 2.31705242434
2024-05-29T18:27:00.000000 -1683.562286767 -483.120362463 6469.263247896 5.52812197809 5.06123237792 1.80907031874
2024-05-29T18:28:00.000000 -1348.147928208 -178.541189667 6562.347330062 5.64793875029 5.08739517942 1.29250372822
2024-05-29T18:29:00.000000 -1006.345071491 126.884735158 6624.240759008 5.74098794163 5.08944563430 0.76979152588
2024-05-29T18:30:00.000000 -659.773603299 431.709720693 6654.648831458 5.80683000539 5.06737177203 0.24340554621
2024-05-29T18:31:00.000000 -310.075944362 734.488860945 6653.425662579 5.84515271695 5.02127703349 -0.28416812457
2024-05-29T18:32:00.000000 41.090580782 1033.786719926 6620.574758817 5.85577251555 4.95137391141 -0.81043707270
2024-05-29T18:33:00.000000 392.061500073 1328.183996284 6556.249033624 5.83863384731 4.85798772990 -1.33291543636
2024-05-29T18:34:00.000000 741.172875234 1616.284209189 6460.750151185 5.79381116996 4.74155318672 -1.84913251164
2024-05-29T18:35:00.000000 1086.769189784 1896.720176472 6334.527236099 5.72151022575 4.60261205460 -2.35664577125
2024-05-29T18:36:00.000000 1427.211117778 2168.160409636 6178.174802606 5.62206407346 4.44181202678 -2.85305362286
2024-05-29T18:37:00.000000 1760.882983333 2429.315368067 5992.429972296 5.49592739726 4.25990282676 -3.33600444964
2024-05-29T18:38:00.000000 2086.200130161 2678.943516957 5778.169418730 5.34368107331 4.05773518037 -3.80320044495
2024-05-29T18:39:00.000000 2401.616546214 2915.857297601 5536.405574012 5.16603053194 3.83625606223 -4.25241609569
2024-05-29T18:40:00.000000 2705.632161399 3138.928754243 5268.282116764 4.96380231795 3.59650540104 -4.68150333406
2024-05-29T18:41:00.000000 2996.800134961 3347.095061354 4975.068988669 4.73794374510 3.33961351058 -5.08840327335
2024-05-29T18:42:00.000000 3273.734049116 3539.363817364 4658.156641094 4.48952051979 3.06679605147 -5.47116111589
2024-05-29T18:43:00.000000 3535.114713215 3714.817852223 4319.049416054 4.21970678688 2.77934449483 -5.82793485774
2024-05-29T18:44:00.000000 3779.696630746 3872.619781460 3959.358679047 3.92978478229 2.47862632213 -6.15700216567
2024-05-29T18:45:00.000000 4006.314309645 4012.016300151 3580.795103396 3.62113676044 2.16607450862 -6.45677672294
2024-05-29T18:46:00.000000 4213.887878687 4132.341834579 3185.160370467 3.29523358047 1.84318023180 -6.72581118589
2024-05-29T18:47:00.000000 4401.428345283 4233.021975300 2774.338699152 2.95363324847 1.51148972272 -6.96280397344
2024-05-29T18:48:00.000000 4568.042612693 4313.576467802 2350.287749867 2.59797254437 1.17259384199 -7.16660934464
2024-05-29T18:49:00.000000 4712.937959245 4373.621680909 1915.029122302 2.22995933336 0.82812111318 -7.33624308423
2024-05-29T18:50:00.000000 4835.426049148 4412.872585840 1470.638453189 1.85136369404 0.47972826968 -7.47088891618
2024-05-29T18:51:00.000000 4934.926373865 4431.144192714 1019.235209208 1.46400806607 0.12909179252 -7.56990272043
2024-05-29T18:52:00.000000 5010.969105761 4428.352483885 562.972267782 1.06975802970 -0.22210045814 -7.63281537334
2024-05-29T18:53:00.000000 5063.197442934 4404.514842918 104.025332952 0.67051404792 -0.57215765742 -7.65933571049
2024-05-29T18:54:00.000000 5091.369390052 4359.749971976 -355.417851670 0.26820047552 -0.91939498704 -7.64935378426
2024-05-29T18:55:00.000000 5095.358861682 4294.277248025 -813.168383001 -0.13524493855 -1.26214300027 -7.60294098693
2024-05-29T18:56:00.000000 5075.156167341 4208.415503553 -1267.047080674 -0.53788216358 -1.59875755297 -7.52034959931
2024-05-29T18:57:00.000000 5030.867813119 4102.581252456 -1714.895240053 -0.93777940430 -1.92762798682 -7.40200937454
2024-05-29T18:58:00.000000 4962.715743306 3977.286423696 -2154.585217135 -1.33302237309 -2.24718618777 -7.24852535567
2024-05-29T18:59:00.000000 4871.035953271 3833.135546016 -2584.030789039 -1.72172532555 -2.55591442044 -7.06067213449
2024-05-29T19:00:00.000000 4756.276509080 3670.822569123 -3001.197171546 -2.10203961612 -2.85235106646 -6.83938919326
2024-05-29T19:01:00.000000 4618.995041107 3491.127227195 -3404.110777318 -2.47216367463 -3.13509953832 -6.58577545576
2024-05-29T19:02:00.000000 4459.855636772 3294.910981981 -3790.868503916 -2.83035137239 -3.40283271308 -6.30108052087
2024-05-29T19:03:00.000000 4279.625328174 3083.112680693 -4159.646630288 -3.17491884418 -3.65429966027 -5.98669967838
2024-05-29T19:04:00.000000 4079.170086811 2856.743773331 -4508.709311029 -3.50425340026 -3.88833200199 -5.64416535367
2024-05-29T19:05:00.000000 3859.450310168 2616.883215133 -4836.416523043 -3.81682128228 -4.10384866297 -5.27513748814
2024-05-29T19:06:00.000000 3621.515902837 2364.672105115 -5141.231423407 -4.11117369461 -4.29985990231 -4.88139391587
2024-05-29T19:07:00.000000 3366.501004419 2101.308107811 -5421.727135188 -4.38595236083 -4.47547030535 -4.46482077314
2024-05-29T19:08:00.000000 3095.618442831 1828.039718053 -5676.592988796 -4.63989322933 -4.62988168898 -4.02740436528
2024-05-29T19:09:00.000000 2810.153908107 1546.160276662 -5904.640298304 -4.87183310220 -4.76239789300 -3.57122254599
2024-05-29T19:10:00.000000 2511.459689054 1257.001806029 -6104.807480581 -5.08071568205 -4.87242582885 -3.09843230535
2024-05-29T19:11:00.000000 2200.948189299 961.928777520 -6276.164481500 -5.26559389885 -4.95947735154 -2.61125931359
2024-05-29T19:12:00.000000 1880.085272735 662.331752480 -6417.916580203 -5.42563337989 -5.02317097152 -2.11198702180
2024-05-29T19:13:00.000000 1550.383425487 359.620992200 -6529.407511633 -5.56011447280 -5.06323154043 -1.60294524966
2024-05-29T19:14:00.000000 1213.394914380 55.220089290 -6610.121937411 -5.66843061357 -5.07948954497 -1.08650104680
2024-05-29T19:15:00.000000 870.704899085 -249.440355367 -6659.687579130 -5.75009347989 -5.07188119752 -0.56505450425
2024-05-29T19:16:00.000000 523.924182769 -552.929119876 -6677.876826177 -5.80473606862 -5.04044994567 -0.04102579102
2024-05-29T19:17:00.000000 174.681971975 -853.820896299 -6664.607605031 -5.83211258219 -4.98534925416 0.48315670855
2024-05-29T19:18:00.000000 -175.381395496 -1150.702653381 -6619.943429214 -5.83209636340 -4.90683316706 1.00506860857
2024-05-29T19:19:00.000000 -524.621494474 -1442.179653782 -6544.093300998 -5.80467988012 -4.80525980018 1.52228471815
2024-05-29T19:20:00.000000 -871.397374085 -1726.881978751 -6437.411321241 -5.74998703817 -4.68109703570 2.03239933778
2024-05-29T19:21:00.000000 -1214.079251110 -2003.470762290 -6300.394756290 -5.66826350028 -4.53491068327 2.53304619062
2024-05-29T19:22:00.000000 -1551.055529436 -2270.644004721 -6133.681833910 -5.55987120168 -4.36736521014 3.02189181919
2024-05-29T19:23:00.000000 -1880.740113486 -2527.142712087 -5938.049536600 -5.42529869799 -4.17922889054 3.49664973931
2024-05-29T19:24:00.000000 -2201.579861560 -2771.756794990 -5714.410081076 -5.26515443775 -3.97136171549 3.95509912069
2024-05-29T19:25:00.000000 -2512.061612505 -3003.330422603 -5463.806916783 -5.08016231805 -3.74471272731 4.39508733481
2024-05-29T19:26:00.000000 -2810.719066508 -3220.767392971 -5187.410419013 -4.87116042309 -3.50032032283 4.81453748255
2024-05-29T19:27:00.000000 -3096.139651353 -3423.036468181 -4886.513034531 -4.63910152924 -3.23931075078 5.21146023064
2024-05-29T19:28:00.000000 -3366.971298835 -3609.176387788 -4562.523610416 -4.38504871791 -2.96288907381 5.58396558053
2024-05-29T19:29:00.000000 -3621.928938924 -3778.300498667 -4216.961243755 -4.11017119848 -2.67233678319 5.93027078885
2024-05-29T19:30:00.000000 -3859.800680578 -3929.601200595 -3851.448538952 -3.81573900654 -2.36900659337 6.24870922356
2024-05-29T19:31:00.000000 -4079.453846526 -4062.354038187 -3467.704350237 -3.50312112185 -2.05431586820 6.53774134105
2024-05-29T19:32:00.000000 -4279.840632278 -4175.921398171 -3067.535895185 -3.17377685905 -1.72974143871 6.79596259260
2024-05-29T19:33:00.000000 -4460.003325796 -4269.755843464 -2652.830338773 -2.82924788147 -1.39681008091 7.02211348403
2024-05-29T19:34:00.000000 -4619.079000790 -4343.402865333 -2225.546083906 -2.47115257773 -1.05709292750 7.21507954784
2024-05-29T19:35:00.000000 -4756.304111780 -4396.503456725 -1787.703710684 -2.10118315100 -0.71219981961 7.37390517558
2024-05-29T19:36:00.000000 -4871.018505292 -4428.796060041 -1341.376193978 -1.72109167187 -0.36376821464 7.49779963064
2024-05-29T19:37:00.000000 -4962.668722775 -4440.118046369 -888.679002157 -1.33268225656 -0.01345722113 7.58613769921
2024-05-29T19:38:00.000000 -5030.810964133 -4430.406770159 -431.759950169 -0.93780329711 0.33706142503 7.63846736759
2024-05-29T19:39:00.000000 -5075.113335247 -4399.700058697 27.211195322 -0.53833616267 0.68611089351 7.65450865384
2024-05-29T19:40:00.000000 -5095.357719854 -4348.136364913 486.053149438 -0.13619028931 1.03201588381 7.63415907316
2024-05-29T19:41:00.000000 -5091.441072737 -4275.954241062 942.583892789 0.26671012289 1.37311710287 7.57749561721
2024-05-29T19:42:00.000000 -5063.376062308 -4183.491164845 1394.631270987 0.66843281359 1.70777674930 7.48477066482
2024-05-29T19:43:00.000000 -5011.291282615 -4071.182032741 1840.043679197 1.06704873001 2.03438771510 7.35641684174
2024-05-29T19:44:00.000000 -4935.430600212 -3939.556973176 2276.700748705 1.46064620179 2.35138344771 7.19304155402
2024-05-29T19:45:00.000000 -4836.151857914 -3789.238784176 2702.523686522 1.84733879169 2.65724273400 6.99542296850
2024-05-29T19:46:00.000000 -4713.925113998 -3620.939943322 3115.485464958 2.22527448396 2.95049921044 6.76450764766
2024-05-29T19:47:00.000000 -4569.330248510 -3435.459054054 3513.620711571 2.59264542571 3.22974915281 6.50140301610
2024-05-29T19:48:00.000000 -4403.054107128 -3233.676923199 3895.035277289 2.94769668630 3.49365849656 6.20737576840
2024-05-29T19:49:00.000000 -4215.886846504 -3016.551865004 4257.915386489 3.28873908966 3.74097775387 5.88383200982
2024-05-29T19:50:00.000000 -4008.718337580 -2785.115100474 4600.535618681 3.61413906044 3.97052534932 5.53231841416
2024-05-29T19:51:00.000000 -3782.533946301 -2540.466104154 4921.267993350 3.92235234103 4.18121171874 5.15452823756
2024-05-29T19:52:00.000000 -3538.409006644 -2283.766948455 5218.589521024 4.21192102135 4.37203861927 4.75226796885
2024-05-29T19:53:00.000000 -3277.503773337 -2016.236745987 5491.089169139 4.48147553273 4.54210507565 4.32746179159
2024-05-29T19:54:00.000000 -3001.057711424 -1739.145604224 5737.474468589 4.72974506754 4.69061183408 3.88213550119
2024-05-29T19:55:00.000000 -2710.383501095 -1453.808488095 5956.577357266 4.95556133737 4.81686399201 3.41840815717
2024-05-29T19:56:00.000000 -2406.860716547 -1161.578876673 6147.359346240 5.15786308688 4.92027199283 2.93847822490
2024-05-29T19:57:00.000000 -2091.929315878 -863.842522292 6308.916091723 5.33569930699 5.00035007516 2.44461802626
2024-05-29T19:58:00.000000 -1767.082921874 -562.011055040 6440.481642206 5.48823333224 5.05672225769 1.93916613546
2024-05-29T19:59:00.000000 -1433.861795989 -257.515379377 6541.432019741 5.61474760848 5.08912196645 1.42451522933
2024-05-29T20:00:00.000000 -1093.845566456 48.201003443 6611.288188752 5.71464819194 5.09739683434 0.90310128776
2024-05-29T20:01:00.000000 -748.645758007 353.688957325 6649.718144649 5.78746543875 5.08151080697 0.37738650169
2024-05-29T20:02:00.000000 -399.898371779 657.500438228 6656.538187793 5.83285437833 5.04153569514 -0.15014720850
2024-05-29T20:03:00.000000 -49.256184887 958.195093102 6631.713912393 5.85059973266 4.97765685786 -0.67700909383
2024-05-29T20:04:00.000000 301.618851748 1254.347061202 6575.360335539 5.84061234193 4.89017173070 -1.20070972498
2024-05-29T20:05:00.000000 651.063404047 1544.551666479 6487.741462678 5.80293457950 4.77948849231 -1.71877528884
2024-05-29T20:06:00.000000 997.420501712 1827.431964071 6369.268974195 5.73773599591 4.64612287707 -2.22875839290
2024-05-29T20:07:00.000000 1339.047142329 2101.645089486 6220.500382723 5.64531268104 4.49069455532 -2.72824664528
2024-05-29T20:08:00.000000 1674.321895624 2365.888418651 6042.136659079 5.52608695099 4.31392499864 -3.21487239023
2024-05-29T20:09:00.000000 2001.652367800 2618.905654408 5835.019324230 5.38060512617 4.11663712614 -3.68631886910
2024-05-29T20:10:00.000000 2319.482807305 2859.492957580 5600.127109734 5.20954257882 3.89975670606 -4.14033247825
2024-05-29T20:11:00.000000 2626.301842096 3086.504975962 5338.571527948 5.01370187670 3.66430495753 -4.57474392831
2024-05-29T20:12:00.000000 2920.649750781 3298.860244987 5051.591524936 4.79400105474 3.41139080039 -4.98747440680
2024-05-29T20:13:00.000000 3201.125376455 3495.546505519 4740.547893061 4.55147431840 3.14221093989 -5.37654395231
2024-05-29T20:14:00.000000 3466.392986649 3675.625704950 4406.916923241 4.28726707149 2.85804091001 -5.74008372813
2024-05-29T20:15:00.000000 3715.188789655 3838.238553020 4052.283534323 4.00263132693 2.56023005772 -6.07634344646
2024-05-29T20:16:00.000000 3946.327146126 3982.608801432 3678.333821848 3.69891876534 2.25019574842 -6.38370201133
2024-05-29T20:17:00.000000 4158.706369990 4108.047110644 3286.847124888 3.37757552409 1.92941660319 -6.66067379934
2024-05-29T20:18:00.000000 4351.314236192 4213.954542152 2879.687644209 3.04013655488 1.59942659504 -6.90591685254
2024-05-29T20:19:00.000000 4523.233160874 4299.825721533 2458.795540558 2.68822009700 1.26180885735 -7.11824335320
2024-05-29T20:20:00.000000 4673.644849678 4365.251477966 2026.177405596 2.32351588465 0.91818581505 -7.29662721052
2024-05-29T20:21:00.000000 4801.834357242 4409.920979118 1583.896434549 1.94777804895 0.57021142266 -7.44020891730
2024-05-29T20:22:00.000000 4907.193703249 4433.623303189 1134.062234530 1.56281607423 0.21956017595 -7.54830142136
2024-05-29T20:23:00.000000 4989.224866790 4436.248399581 678.820439200 1.17048438927 -0.13208086203 -7.62039107285
2024-05-29T20:24:00.000000 5047.542244506 4417.787676588 220.342213810 0.77267432004 -0.48301817763 -7.65614135396
2024-05-29T20:25:00.000000 5081.874572178 4378.334101068 -239.186501208 0.37130415924 -0.83156180903 -7.65539660029
2024-05-29T20:26:00.000000 5092.066238453 4318.081677856 -697.575886906 -0.03169111384 -1.17603532885 -7.61818339651
2024-05-29T20:27:00.000000 5078.077929534 4237.324342241 -1152.643193568 -0.43437205772 -1.51478588262 -7.54471035400
2024-05-29T20:28:00.000000 5039.986537953 4136.454263855 -1602.223550447 -0.83480628566 -1.84619317825 -7.43536411455
2024-05-29T20:29:00.000000 4977.984444048 4015.959670779 -2044.180503647 -1.23107775248 -2.16867652330 -7.29070442699
2024-05-29T20:30:00.000000 4892.378345113 3876.422275020 -2476.416322227 -1.62129359877 -2.48070199064 -7.11146232371
2024-05-29T20:31:00.000000 4783.587503034 3718.514217032 -2896.882197040 -2.00359638165 -2.78079031938 -6.89853636785
2024-05-29T20:32:00.000000 4652.141330812 3542.994554384 -3303.588100756 -2.37617336613 -3.06752508221 -6.65298621732
2024-05-29T20:33:00.000000 4498.676441188 3350.705262117 -3694.612212571 -2.73726524130 -3.33955955170 -6.37602438501
2024-05-29T20:34:00.000000 4323.933227822 3142.566917169 -4068.109875121 -3.08517315798 -3.59562127109 -6.06900960752
2024-05-29T20:35:00.000000 4128.751998377 2919.574069116 -4422.322179542 -3.41826674378 -3.83451787777 -5.73343998437
2024-05-29T20:36:00.000000 3914.068649564 2682.790261106 -4755.584093427 -3.73499162236 -4.05514307248 -5.37094537859
2024-05-29T20:37:00.000000 3680.909834736 2433.342679695 -5066.332071520 -4.03387795437 -4.25648247280 -4.98327671575
2024-05-29T20:38:00.000000 3430.387736338 2172.416546314 -5353.110963974 -4.31354534809 -4.43761600335 -4.57229475884
2024-05-29T20:39:00.000000 3163.694560438 1901.249406709 -5614.580374311 -4.57270767903 -4.59772052518 -4.13996243073
2024-05-29T20:40:00.000000 2882.096714268 1621.125168446 -5849.520486032 -4.81017851737 -4.73607423278 -3.68833424281
2024-05-29T20:41:00.000000 2586.928700986 1333.367969184 -6056.837212804 -5.02487471814 -4.85205783217 -3.21954501697
2024-05-29T20:42:00.000000 2279.586855024 1039.336027240 -6235.566796982 -5.21581945925 -4.94515511700 -2.73580339514
2024-05-29T20:43:00.000000 1961.522713437 740.415323915 -6384.879961088 -5.38215059390 -5.01495746221 -2.23938017111
2024-05-29T20:44:00.000000 1634.236096038 438.013172572 -6504.085084967 -5.52311989411 -5.06116117376 -1.73259189897
2024-05-29T20:45:00.000000 1299.268339198 133.552027142 -6592.630870371 -5.63809240834 -5.08356637150 -1.21779880297
2024-05-29T20:46:00.000000 958.195379312 -171.536940773 -6650.108719722 -5.72655039175 -5.08208268228 -0.69739528429
2024-05-29T20:47:00.000000 612.620622604 -475.820429205 -6676.254377350 -5.78809575086 -5.05672925092 -0.17379574243
2024-05-29T20:48:00.000000 264.167803807 -777.869482580 -6670.948757250 -5.82244933315 -5.00763063457 0.35057629199
2024-05-29T20:49:00.000000 -85.526184262 -1076.265623226 -6634.218359467 -5.82945154064 -4.93501157405 0.87329116965
2024-05-29T20:50:00.000000 -434.818607235 -1369.607049731 -6566.235599583 -5.80906924793 -4.83920513106 1.39191802625
2024-05-29T20:51:00.000000 -782.068562783 -1656.515254474 -6467.318091965 -5.76139424438 -4.72065265409 1.90405084791
2024-05-29T20:52:00.000000 -1125.644167201 -1935.641190661 -6337.926988353 -5.68663598073 -4.57989478532 2.40731017113
2024-05-29T20:53:00.000000 -1463.929834184 -2205.671324533 -6178.665302843 -5.58512954449 -4.41757499663 2.89934984249
2024-05-29T20:54:00.000000 -1795.333842625 -2465.333735080 -5990.275315316 -5.45733349970 -4.23443552122 3.37787597383
2024-05-29T20:55:00.000000 -2118.295483575 -2713.403830566 -5773.635226509 -5.30382280244 -4.03131136156 3.84065210901
2024-05-29T20:56:00.000000 -2431.292053547 -2948.709908770 -5529.755576084 -5.12528978269 -3.80913066600 4.28550517111
2024-05-29T20:57:00.000000 -2732.845926258 -3170.138672687 -5259.775061420 -4.92254390495 -3.56891099190 4.71033818089
2024-05-29T20:58:00.000000 -3021.531444541 -3376.640491318 -4964.955726828 -4.69650805415 -3.31175729831 5.11313792602
2024-05-29T20:59:00.000000 -3295.981749314 -3567.234575686 -4646.677542964 -4.44821838810 -3.03885743178 5.49198958773
2024-05-29T21:00:00.000000 -3554.895306356 -3741.013668224 -4306.432179798 -4.17881502991 -2.75147430580 5.84508468827
2024-05-29T21:01:00.000000 -3797.042104633 -3897.148506975 -3945.816523021 -3.88954246549 -2.45094400886 6.17072709250
2024-05-29T21:02:00.000000 -4021.269772603 -4034.891977271 -3566.525439692 -3.58174126341 -2.13866710727 6.46734798156
2024-05-29T21:03:00.000000 -4226.509017486 -4153.582808022 -3170.344150522 -3.25684144192 -1.81610459105 6.73350441455
2024-05-29T21:04:00.000000 -4411.779178512 -4252.649135577 -2759.140337037 -2.91636571403 -1.48477390262 6.96789451166
2024-05-29T21:05:00.000000 -4576.193330166 -4331.611545433 -2334.855242412 -2.56191365647 -1.14623804658 7.16936800194
2024-05-29T21:06:00.000000 -4718.962656368 -4390.085659062 -1899.494551715 -2.19515577575 -0.80210106523 7.33692838622
2024-05-29T21:07:00.000000 -4839.400563065 -4427.784306735 -1455.118870339 -1.81782666679 -0.45399653944 7.46974218999
2024-05-29T21:08:00.000000 -4936.926201032 -4444.519028693 -1003.833977845 -1.43171654293 -0.10358193923 7.56713757927
2024-05-29T21:09:00.000000 -5011.067717468 -4440.201455665 -547.780782452 -1.03866609686 0.24746681485 7.62861778955
2024-05-29T21:10:00.000000 -5061.464835144 -4414.843888220 -89.124627584 -0.64055137137 0.59747188757 7.65386451413
2024-05-29T21:11:00.000000 -5087.870541490 -4368.559182333 369.955278958 -0.23927023322 0.94475964631 7.64273302504
2024-05-29T21:12:00.000000 -5090.152251511 -4301.560369692 827.276192014 0.16326076644 1.28766578622 7.59525028202
2024-05-29T21:13:00.000000 -5068.292894936 -4214.159925829 1280.662292359 0.56510978389 1.62454118192 7.51162265622
2024-05-29T21:14:00.000000 -5022.391295127 -4106.768448516 1727.955688156 0.96434836414 1.95376686472 7.39223979998
2024-05-29T21:15:00.000000 -4952.661591724 -3979.892502934 2167.027144288 1.35906265948 2.27376393209 7.23766625488
2024-05-29T21:16:00.000000 -4859.432116913 -3834.132080511 2595.786386811 1.74736094002 2.58299766449 7.04863582729
2024-05-29T21:17:00.000000 -4743.143852785 -3670.177739143 3012.192241025 2.12738184934 2.87998532446 6.82605088634
2024-05-29T21:18:00.000000 -4604.348269944 -3488.807296129 3414.262687876 2.49730580850 3.16330289329 6.57098083289
2024-05-29T21:19:00.000000 -4443.704471185 -3290.881852826 3800.084676815 2.85536610194 3.43159994866 6.28465232071
2024-05-29T21:20:00.000000 -4261.975791037 -3077.341292711 4167.823096770 3.19985569492 3.68359969751 5.96843532979
2024-05-29T21:21:00.000000 -4060.026112855 -2849.199952747 4515.729371686 3.52913171598 3.91809949665 5.62384556415
2024-05-29T21:22:00.000000 -3838.815620265 -2607.541671198 4842.150070662 3.84162865955 4.13398613540 5.25253533171
2024-05-29T21:23:00.000000 -3599.395987426 -2353.514437578 5145.534702734 4.13586298303 4.33023528078 4.85628360776
2024-05-29T21:24:00.000000 -3342.905244100 -2088.324729240 5424.443133593 4.41044150340 4.50592303786 4.43698682431
2024-05-29T21:25:00.000000 -3070.562078349 -1813.231472030 5677.552136159 4.66406978843 4.66022408569 3.99664382972
2024-05-29T21:26:00.000000 -2783.659826705 -1529.540179385 5903.661279288 4.89555366239 4.79241172387 3.53734819912
2024-05-29T21:27:00.000000 -2483.560408983 -1238.596818036 6101.698463971 5.10380273155 4.90186522569 3.06128226386
2024-05-29T21:28:00.000000 -2171.687855872 -941.781380432 6270.724873829 5.28783782652 4.98807100363 2.57070457170
2024-05-29T21:29:00.000000 -1849.521527482 -640.501430259 6409.939205098 5.44679382509 5.05062378719 2.06793864540
2024-05-29T21:30:00.000000 -1518.589234852 -336.185537676 6518.681384263 5.57992219435 5.08922999466 1.55536775878
2024-05-29T21:31:00.000000 -1180.459944625 -30.276366171 6596.435725114 5.68660056859 5.10371287242 1.03541689666
2024-05-29T21:32:00.000000 -836.736275045 275.776067361 6642.832826501 5.76632777370 5.09400276623 0.51053826249
2024-05-29T21:33:00.000000 -489.047231455 580.520941289 6657.651385233 5.81872796708 5.06014499982 -0.01678718005
2024-05-29T21:34:00.000000 -139.040558428 882.513592810 6640.819173620 5.84355072791 5.00229738504 -0.54407185543
2024-05-29T21:35:00.000000 211.624790195 1180.322146647 6592.413413083 5.84067441271 4.92072936787 -1.06882442205
2024-05-29T21:36:00.000000 561.286464364 1472.534239588 6512.660462282 5.81010695701 4.81582100375 -1.58856687679
2024-05-29T21:37:00.000000 908.286418812 1757.763534307 6401.934721203 5.75198356305 4.68805969444 -2.10084372882
2024-05-29T21:38:00.000000 1250.978543193 2034.656172275 6260.757000515 5.66656675787 4.53804005126 -2.60323265542
2024-05-29T21:39:00.000000 1587.736232539 2301.897005627 6089.792236070 5.55424460399 4.36645727795 -3.09335146252
2024-05-29T21:40:00.000000 1916.960086808 2558.215705283 5889.846937928 5.41553613207 4.17411076997 -3.56886694600
2024-05-29T21:41:00.000000 2237.085651447 2802.392954919 5661.865632281 5.25108584447 3.96190028838 -4.02751341648
2024-05-29T21:42:00.000000 2546.590788552 3033.266306568 5406.926599288 5.06165970570 3.73082141982 -4.46709905205
2024-05-29T21:43:00.000000 2844.002987249 3249.735919292 5126.237148621 4.84814591029 3.48196482960 -4.88551812584
2024-05-29T21:44:00.000000 3127.906552460 3450.769955739 4821.127942687 4.61154876670 3.21650480995 -5.28076457426
2024-05-29T21:45:00.000000 3396.949459301 3635.409559594 4493.046953748 4.35298609438 2.93570027748 -5.65093740123
2024-05-29T21:46:00.000000 3649.849998660 3802.773738838 4143.552614789 4.07368252990 2.64088554105 -5.99425642223
2024-05-29T21:47:00.000000 3885.403000658 3952.063636155 3774.306443385 3.77496410385 2.33346353329 -6.30906701395
2024-05-29T21:48:00.000000 4102.485767225 4082.566492644 3387.065214545 3.45825240201 2.01489986786 -6.59385014083
2024-05-29T21:49:00.000000 4300.063562219 4193.659186950 2983.672634702 3.12505717658 1.68671619948 -6.84722776851
2024-05-29T21:50:00.000000 4477.194808888 4284.811461577 2566.050702599 2.77697369210 1.35048529333 -7.06796986292
2024-05-29T21:51:00.000000 4633.036076245 4355.588774210 2136.190442041 2.41567583280 1.00782301060 -7.25500789322
2024-05-29T21:52:00.000000 4766.846359908 4405.654547208 1696.141990080 2.04290245941 0.66037778128 -7.40744001593
2024-05-29T21:53:00.000000 4877.990735909 4434.771890814 1248.004485614 1.66044893150 0.30982224798 -7.52453549814
2024-05-29T21:54:00.000000 4965.943474235 4442.804773063 793.915726309 1.27015871609 -0.04215537530 -7.60573727252
2024-05-29T21:55:00.000000 5030.290643615 4429.718683483 336.041574491 0.87391261243 -0.39386105480 -7.65066680192
2024-05-29T21:56:00.000000 5070.732054090 4395.580756541 -123.434706822 0.47362044696 -0.74360162848 -7.65912330650
2024-05-29T21:57:00.000000 5087.082757344 4340.559448987 -582.323275146 0.07121153211 -1.08969491680 -7.63108855559
2024-05-29T21:58:00.000000 5079.273816099 4264.923526278 -1038.438662898 -0.33137870775 -1.43048125595 -7.56672608378
2024-05-29T21:59:00.000000 5047.352297587 4169.040439830 -1489.610516139 -0.73222003536 -1.76433162078 -7.46637488390
2024-05-29T22:00:00.000000 4991.480795007 4053.374385644 -1933.693985967 -1.12939275860 -2.08965063121 -7.33054642132
2024-05-29T22:01:00.000000 4911.936579314 3918.484101016 -2368.580172379 -1.52099603838 -2.40488478850 -7.15992798739
2024-05-29T22:02:00.000000 4809.110039583 3765.019884782 -2792.206614360 -1.90516226103 -2.70853728018 -6.95537848973
2024-05-29T22:03:00.000000 4683.502376757 3593.719998749 -3202.567291818 -2.28006673544 -2.99917346514 -6.71791914761
2024-05-29T22:04:00.000000 4535.722775228 3405.406782127 -3597.722134972 -2.64393594800 -3.27542639777 -6.44872586643
2024-05-29T22:05:00.000000 4366.485119329 3200.982437054 -3975.806119754 -2.99505475235 -3.53600169559 -6.14912359406
2024-05-29T22:06:00.000000 4176.604177961 2981.424499256 -4335.038044674 -3.33177736292 -3.77968392007 -5.82057967394
2024-05-29T22:07:00.000000 3966.991220759 2747.780830683 -4673.728721483 -3.65253323324 -4.00534583975 -5.46469165926
2024-05-29T22:08:00.000000 3738.649430306 2501.164225544 -4990.288463974 -3.95583025739 -4.21194959681 -5.08317863353
2024-05-29T22:09:00.000000 3492.668880836 2242.747006739 -5283.234290531 -4.24026569536 -4.39855011501 -4.67787569898
2024-05-29T22:10:00.000000 3230.221042948 1973.755328593 -5551.196465439 -4.50452977096 -4.56429817418 -4.25072188093
2024-05-29T22:11:00.000000 2952.552974574 1695.463306524 -5792.924527043 -4.74741396994 -4.70844566484 -3.80375106508
2024-05-29T22:12:00.000000 2660.981155071 1409.186837669 -6007.292433693 -4.96781202658 -4.83034688958 -3.33907490794
2024-05-29T22:13:00.000000 2356.885416793 1116.277606352 -6193.303143518 -5.16471969392 -4.92945553966 -2.85888245666
2024-05-29T22:14:00.000000 2041.702499128 818.116855191 -6350.093120959 -5.33724575321 -5.00533359602 -2.36543123347
2024-05-29T22:15:00.000000 1716.919194432 516.108870207 -6476.935846668 -5.48461220150 -5.05765048339 -1.86102929080
2024-05-29T22:16:00.000000 1384.065583265 211.674561120 -6573.244626734 -5.60615511899 -5.08618268972 -1.34802796057
2024-05-29T22:17:00.000000 1044.708055377 -93.754954805 -6638.574884020 -5.70132824236 -5.09081357939 -0.82881136747
2024-05-29T22:18:00.000000 700.442252060 -398.744761303 -6672.625799256 -5.76970238032 -5.07153262581 -0.30578588916
2024-05-29T22:19:00.000000 352.886059528 -701.862438429 -6675.241483704 -5.81096606417 -5.02843347241 0.21862450792
2024-05-29T22:20:00.000000 3.672383450 -1001.684315638 -6646.411877527 -5.82493114093 -4.96171505338 0.74198422289
2024-05-29T22:21:00.000000 -345.558387671 -1296.801984444 -6586.272998113 -5.81153564113 -4.87168704506 1.26186346139
2024-05-29T22:22:00.000000 -693.165773669 -1585.828788396 -6495.106107180 -5.77083825493 -4.75876362145 1.77585134673
2024-05-29T22:23:00.000000 -1037.516466416 -1867.405905832 -6373.336428968 -5.70301939124 -4.62345824374 2.28156043640
2024-05-29T22:24:00.000000 -1376.991662988 -2140.208469309 -6221.531588644 -5.60838269686 -4.46639069724 2.77663473387
2024-05-29T22:25:00.000000 -1709.994459727 -2402.951875420 -6040.399093257 -5.48735336515 -4.28828046671 3.25876907348
2024-05-29T22:26:00.000000 -2034.956993357 -2654.397438875 -5830.783206365 -5.34047453078 -4.08993918063 3.72571009348
2024-05-29T22:27:00.000000 -2350.347638540 -2893.358030803 -5593.661617016 -5.16841110899 -3.87227344443 4.17526711742
2024-05-29T22:28:00.000000 -2654.678115230 -3118.703604779 -5330.141165288 -4.97194102381 -3.63627838617 4.60532579399
2024-05-29T22:29:00.000000 -2946.510205266 -3329.366489377 -5041.453294809 -4.75195691018 -3.38303874835 5.01384924861
2024-05-29T22:30:00.000000 -3224.462728853 -3524.346702400 -4728.948826597 -4.50946556405 -3.11372402866 5.39889757270
2024-05-29T22:31:00.000000 -3487.218119543 -3702.716736044 -4394.091886643 -4.24558003311 -2.82957997836 5.75863453541
2024-05-29T22:32:00.000000 -3733.528719550 -3863.626062448 -4038.453481036 -3.96151707127 -2.53192624402 6.09133570698
2024-05-29T22:33:00.000000 -3962.222848616 -4006.305380144 -3663.704440575 -3.65859119323 -2.22214930387 6.39539916499
2024-05-29T22:34:00.000000 -4172.210485363 -4130.070436659 -3271.607918736 -3.33820953281 -1.90169719081 6.66935031743
2024-05-29T22:35:00.000000 -4362.488770551 -4234.325606131 -2864.011495307 -3.00186946032 -1.57207484729 6.91185173249
2024-05-29T22:36:00.000000 -4532.147186836 -4318.567065860 -2442.838604256 -2.65115012745 -1.23483622112 7.12171368607
2024-05-29T22:37:00.000000 -4680.372200181 -4382.385499200 -2010.079450383 -2.28770370317 -0.89157605804 7.29790105686
2024-05-29T22:38:00.000000 -4806.451399372 -4425.468305890 -1567.781598846 -1.91324762888 -0.54392242746 7.43953783443
2024-05-29T22:39:00.000000 -4909.777198574 -4447.601396246 -1118.040254098 -1.52955727808 -0.19352961709 7.54591313194
2024-05-29T22:40:00.000000 -4989.850032659 -4448.670489854 -662.988190100 -1.13845631593 0.15793137921 7.61648575161
2024-05-29T22:41:00.000000 -5046.281010246 -4428.661865912 -204.785522721 -0.74180907478 0.50878057262 7.65088636758
2024-05-29T22:42:00.000000 -5078.794100541 -4387.662689834 254.390785579 -0.34151138159 0.85733671261 7.64892372203
2024-05-29T22:43:00.000000 -5087.227629461 -4325.860730649 712.357721265 0.06052328936 1.20192994429 7.61058635826
2024-05-29T22:44:00.000000 -5071.535074360 -4243.543428178 1166.936725368 0.46236925336 1.54090724191 7.53603421569
2024-05-29T22:45:00.000000 -5031.785717352 -4141.096827414 1615.964276164 0.86209580116 1.87263753116 7.42561035339
2024-05-29T22:46:00.000000 -4968.164337386 -4019.003765175 2057.302863890 1.25778522606 2.19552742874 7.27983712493
2024-05-29T22:47:00.000000 -4880.970143854 -3877.841307560 2488.851512640 1.64754283531 2.50803029174 7.09940840505
2024-05-29T22:48:00.000000 -4770.615170110 -3718.277873551 2908.555838661 2.02950302684 2.80864780398 6.88518362459
2024-05-29T22:49:00.000000 -4637.622338438 -3541.070157988 3314.418055413 2.40183698435 3.09593837324 6.63818937559
2024-05-29T22:50:00.000000 -4482.622933964 -3347.059310352 3704.506762530 2.76276278516 3.36852941148 6.35961043705
2024-05-29T22:51:00.000000 -4306.353462473 -3137.166639797 4076.966274912 3.11055769070 3.62512218682 6.05078441201
2024-05-29T22:52:00.000000 -4109.651837627 -2912.389117073 4430.025481899 3.44356403276 3.86449463847 5.71319244672
2024-05-29T22:53:00.000000 -3893.453252904 -2673.794454214 4762.006306707 3.76019911825 4.08551128529 5.34845170549
2024-05-29T22:54:00.000000 -3658.785493436 -2422.515934426 5071.331530549 4.05895972238 4.28712254651 4.95830724174
2024-05-29T22:55:00.000000 -3406.763932620 -2159.747016810 5356.532366084 4.33843115951 4.46837375947 4.54462586038
2024-05-29T22:56:00.000000 -3138.586002092 -1886.735431022 5616.255318914 4.59729349553 4.62841096153 4.10938199033
2024-05-29T22:57:00.000000 -2855.525380988 -1604.777092352 5849.268349342 4.83432602962 4.76648210090 3.65464822893
2024-05-29T22:58:00.000000 -2558.925856588 -1315.209960854 6054.466454807 5.04841306725 4.88193760784 3.18258474315
2024-05-29T22:59:00.000000 -2250.194984899 -1019.407822231 6230.876724357 5.23854543079 4.97423479127 2.69543369132
2024-05-29T23:00:00.000000 -1930.797468439 -718.773638704 6377.662923356 5.40382859427 5.04294298845 2.19550595940
2024-05-29T23:01:00.000000 -1602.248127820 -414.732925200 6494.129245552 5.54348706614 5.08774190124 1.68516998228
2024-05-29T23:02:00.000000 -1266.104681348 -108.727019825 6579.723384171 5.65686637929 5.10842386944 1.16683833802
2024-05-29T23:03:00.000000 -923.960505036 197.793577736 6634.038916513 5.74343316541 5.10489192225 0.64296082253
2024-05-29T23:04:00.000000 -577.437151964 503.376028285 6656.817162307 5.80278112367 5.07716419915 0.11600813586
2024-05-29T23:05:00.000000 -228.176923436 806.571828456 6647.948134349 5.83462589889 5.02536768871 -0.41153260547
2024-05-29T23:06:00.000000 122.164727808 1105.943519378 6607.471325629 5.83881360249 4.94974336134 -0.93716986451
2024-05-29T23:07:00.000000 471.926968563 1400.071432447 6535.575448802 5.81531847110 4.85064256403 -1.45842272946
2024-05-29T23:08:00.000000 819.451224651 1687.560198011 6432.597573729 5.76424167000 4.72852397742 -1.97282771547
2024-05-29T23:09:00.000000 1163.088858486 1967.045224006 6299.021830230 5.68581365476 4.58395455407 -2.47794870749
2024-05-29T23:10:00.000000 1501.208944946 2237.199099453 6135.477350300 5.58039385239 4.41760632978 -2.97139038294
2024-05-29T23:11:00.000000 1832.205895618 2496.737841105 5942.735506198 5.44846709200 4.23025440065 -3.45080786221
2024-05-29T23:12:00.000000 2154.507008700 2744.427025816 5721.706649692 5.29064521586 4.02277566448 -3.91391582126
2024-05-29T23:13:00.000000 2466.580075973 2979.087804317 5473.436011855 5.10766473273 3.79614401499 -4.35850619711
2024-05-29T23:14:00.000000 2766.940604635 3199.602484742 5199.098852194 4.90037983224 3.55142430505 -4.78245254807
2024-05-29T23:15:00.000000 3054.158963347 3404.920006644 4899.995328254 4.66976413334 3.28977174730 -5.18372105817
2024-05-29T23:16:00.000000 3326.867385804 3594.061181606 4577.544545317 4.41690622524 3.01242601973 -5.56038265216
2024-05-29T23:17:00.000000 3583.766736910 3766.123546165 4233.277854839 4.14300312290 2.72070358409 -5.91062608118
2024-05-29T23:18:00.000000 3823.632771804 3920.285783258 3868.831621326 3.84935378062 2.41599186747 -6.23276351880
2024-05-29T23:19:00.000000 4045.322148200 4055.811800175 3485.939582921 3.53735548817 2.09974357739 -6.52523832914
2024-05-29T23:20:00.000000 4247.778198564 4172.054465112 3086.424652768 3.20849837600 1.77346970573 -6.78663647369
2024-05-29T23:21:00.000000 4430.036195787 4268.458881353 2672.190136182 2.86435589606 1.43873304227 -7.01569337644
2024-05-29T23:22:00.000000 4591.228146590 4344.565272418 2245.210540500 2.50657775572 1.09713972486 -7.21130099955
2024-05-29T23:23:00.000000 4730.587157910 4400.011344357 1807.522046657 2.13688333330 0.75033216779 -7.37251282878
2024-05-29T23:24:00.000000 4847.451413841 4434.534245872 1361.212547455 1.75705387039 0.39998080460 -7.49855311061
2024-05-29T23:25:00.000000 4941.267522937 4447.971905575 908.411247353 1.36892079590 0.04777295075 -7.58882070405
2024-05-29T23:26:00.000000 5011.593244162 4440.263779369 451.278106804 0.97435545251 -0.30459586485 -7.64289192394
2024-05-29T23:27:00.000000 5058.099549250 4411.451127826 -8.006811410 0.57525949997 -0.65542866930 -7.66052074035
2024-05-29T23:28:00.000000 5080.572231668 4361.676829716 -467.254153634 0.17355606504 -1.00303764516 -7.64164396569
2024-05-29T23:29:00.000000 5078.912753428 4291.184477868 -924.276147304 -0.22882331163 -1.34575401339 -7.58637626294
2024-05-29T23:30:00.000000 5053.138612001 4200.317102614 -1376.897245033 -0.62994425265 -1.68193381487 -7.49501139377
2024-05-29T23:31:00.000000 5003.383113922 4089.515368962 -1822.964883118 -1.02788213912 -2.00996766618 -7.36802097359
2024-05-29T23:32:00.000000 4929.894556077 3959.315232091 -2260.360114110 -1.42073118238 -2.32829085549 -7.20605362037
2024-05-29T23:33:00.000000 4833.034652576 3810.344948199 -2687.008000521 -1.80661743280 -2.63539188659 -7.00992606513
2024-05-29T23:34:00.000000 4713.276458118 3643.321740923 -3100.887568041 -2.18370570142 -2.92981842065 -6.78061996621
2024-05-29T23:35:00.000000 4571.201650996 3459.047983660 -3500.041488352 -2.55021167807 -3.21018497996 -6.51927346025
2024-05-29T23:36:00.000000 4407.497302164 3258.407083653 -3882.585248621 -2.90440765664 -3.47517722121 -6.22717500954
2024-05-29T23:37:00.000000 4222.952218146 3042.358959176 -4246.715994698 -3.24463173025 -3.72356015249 -5.90575630764
2024-05-29T23:38:00.000000 4018.452768715 2811.935123033 -4590.720824376 -3.56929474705 -3.95418315936 -5.55658266767
2024-05-29T23:39:00.000000 3794.978311277 2568.233478636 -4912.984531605 -3.87688750296 -4.16598431682 -5.18134367492
2024-05-29T23:40:00.000000 3553.596203410 2312.412907601 -5211.996773037 -4.16598651896 -4.35799346244 -4.78184364724
2024-05-29T23:41:00.000000 3295.456528804 2045.687678595 -5486.358704580 -4.43525876302 -4.52933514461 -4.35999360412
2024-05-29T23:42:00.000000 3021.786489425 1769.321655808 -5734.789119416 -4.68346748704 -4.67923190369 -3.91780233162
2024-05-29T23:43:00.000000 2733.884481822 1484.622333579 -5956.130087793 -4.90947724086 -4.80700812785 -3.45736878653
2024-05-29T23:44:00.000000 2433.113820048 1192.934511909 -6149.351997419 -5.11226075784 -4.91209630844 -2.98086826467
2024-05-29T23:45:00.000000 2120.896138655 895.633868368 -6313.557604702 -5.29090039457 -4.99403317751 -2.49053621556
2024-05-29T23:46:00.000000 1798.704901341 594.120855392 -6447.985597946 -5.44458760725 -5.05245751132 -1.98866835599
2024-05-29T23:47:00.000000 1468.058568915 289.814331721 -6552.013930411 -5.57263155652 -5.08711730381 -1.47760772429
2024-05-29T23:48:00.000000 1130.513550788 -15.854986705 -6625.162152554 -5.67445746197 -5.09786866927 -0.95972940265
2024-05-29T23:49:00.000000 787.657313502 -321.450853828 -6667.093126682 -5.74960528382 -5.08467086439 -0.43743518396
2024-05-29T23:50:00.000000 441.101388067 -625.537734541 -6677.614547090 -5.79773384023 -5.04758902550 0.08684991529
2024-05-29T23:51:00.000000 92.474039251 -926.687308051 -6656.680047201 -5.81862706688 -4.98679933058 0.61068986876
2024-05-29T23:52:00.000000 -256.587197792 -1223.485111914 -6604.389246290 -5.81219130461 -4.90258596334 1.13165598571
2024-05-29T23:53:00.000000 -604.442837543 -1514.536840654 -6520.987119467 -5.77845546126 -4.79533673918 1.64733361523
2024-05-29T23:54:00.000000 -949.458724129 -1798.474493440 -6406.862816346 -5.71756736935 -4.66553971260 2.15533151397
2024-05-29T23:55:00.000000 -1290.013226812 -2073.962430860 -6262.548306880 -5.62979864371 -4.51378735880 2.65328275461
2024-05-29T23:56:00.000000 -1624.504789056 -2339.703720892 -6088.716241649 -5.51554520081 -4.34077529158 3.13886803757
2024-05-29T23:57:00.000000 -1951.359143391 -2594.445990179 -5886.176781257 -5.37532022203 -4.14729253767 3.60982333285
2024-05-29T23:58:00.000000 -2269.036277707 -2836.986988183 -5655.874198974 -5.20975235604 -3.93422115571 4.06394286366
2024-05-29T23:59:00.000000 -2576.037449818 -3066.180229100 -5398.883182549 -5.01958954113 -3.70253760781 4.49908803404
2024-05-30T00:00:00.000000 -2870.912350840 -3280.940487645 -5116.404294412 -4.80569689052 -3.45330625776 4.91320331336
2024-05-30T00:01:00.000000 -3152.265938280 -3480.248933243 -4809.758722513 -4.56905094266 -3.18767517791 5.30432495972
2024-05-30T00:02:00.000000 -3418.765029593 -3663.158004449 -4480.382524245 -4.31073674032 -2.90687135776 5.67058902754
2024-05-30T00:03:00.000000 -3669.144712671 -3828.796034430 -4129.820361386 -4.03194415072 -2.61219677729 6.01024098806
2024-05-30T00:04:00.000000 -3902.214490363 -3976.371593364 -3759.718646022 -3.73396290804 -2.30502315882 6.32164515753
2024-05-30T00:05:00.000000 -4116.864130139 -4105.177518801 -3371.818147465 -3.41817803642 -1.98678670057 6.60329366361
2024-05-30T00:06:00.000000 -4312.069206078 -4214.594577161 -2967.946027471 -3.08606347546 -1.65898090920 6.85381591513
2024-05-30T00:07:00.000000 -4486.896236532 -4304.094691747 -2550.007386238 -2.73917592202 -1.32314969902 7.07198590768
2024-05-30T00:08:00.000000 -4640.507448992 -4373.243724968 -2119.976332735 -2.37914715645 -0.98087889101 7.25673031302
2024-05-30T00:09:00.000000 -4772.164988948 -4421.703776585 -1679.886716715 -2.00767513499 -0.63378995424 7.40713176387
2024-05-30T00:10:00.000000 -4881.234751178 -4449.235159950 -1231.822579617 -1.62651916411 -0.28353368782 7.52243600574
2024-05-30T00:11:00.000000 -4967.189809797 -4455.697865717 -777.908130444 -1.23749057225 0.06821997558 7.60205926282
2024-05-30T00:12:00.000000 -5029.613186995 -4441.052399897 -320.297436354 -0.84244144897 0.41979162645 7.64558994504
2024-05-30T00:13:00.000000 -5068.200045968 -4405.360160087 138.835945758 -0.44325631186 0.76949903298 7.65279049388
2024-05-30T00:14:00.000000 -5082.759425102 -4348.783347610 597.309457295 -0.04184570829 1.11566525164 7.62359894450
2024-05-30T00:15:00.000000 -5073.215543937 -4271.584453923 1052.942257456 0.35986419701 1.45662613823 7.55813544370
2024-05-30T00:16:00.000000 -5039.608270147 -4174.125099036 1503.566204674 0.75994708963 1.79074387821 7.45670236951
2024-05-30T00:17:00.000000 -4982.092749480 -4056.864103770 1947.036556002 1.15648763145 2.11641714421 7.31977558303
2024-05-30T00:18:00.000000 -4900.938638249 -3920.355202909 2381.242194703 1.54758474164 2.43208395210 7.14800073408
2024-05-30T00:19:00.000000 -4796.529016233 -3765.244479334 2804.115973865 1.93136150523 2.73623027975 6.94219797420
2024-05-30T00:20:00.000000 -4669.358404359 -3592.267116566 3213.645022362 2.30598243434 3.02740125974 6.70335377861
2024-05-30T00:21:00.000000 -4520.030060511 -3402.243733309 3607.880329574 2.66965831266 3.30420429533 6.43260991520
2024-05-30T00:22:00.000000 -4349.253099530 -3196.076504544 3984.946050378 3.02065149937 3.56531468853 6.13126306345
2024-05-30T00:23:00.000000 -4157.839117567 -2974.744820957 4343.048707568 3.35728544141 3.80948564918 5.80076133283
2024-05-30T00:24:00.000000 -3946.698126579 -2739.300240950 4680.485960978 3.67795791068 4.03555868762 5.44269140010
2024-05-30T00:25:00.000000 -3716.833918110 -2490.861220776 4995.654520495 3.98114585930 4.24246269839 5.05876769444
2024-05-30T00:26:00.000000 -3469.339094994 -2230.607751042 5287.057647132 4.26541332655 4.42921832370 4.65082591623
2024-05-30T00:27:00.000000 -3205.389667440 -1959.775690214 5553.312145904 4.52941649294 4.59494383114 4.22081334704
2024-05-30T00:28:00.000000 -2926.239413092 -1679.650768395 5793.154776276 4.77190846965 4.73885907857 3.77078008927
2024-05-30T00:29:00.000000 -2633.213768932 -1391.562380427 6005.448092700 4.99174793408 4.86028877651 3.30286640847
2024-05-30T00:30:00.000000 -2327.703519207 -1096.877307396 6189.185532157 5.18789830594 4.95866264154 2.81929466259
2024-05-30T00:31:00.000000 -2011.158272762 -796.993217759 6343.496174143 5.35943761494 5.03352233175 2.32236050649
2024-05-30T00:32:00.000000 -1685.079398672 -493.331974572 6467.648520876 5.50556126345 5.08451859367 1.81441472880
2024-05-30T00:33:00.000000 -1351.013054028 -187.333088378 6561.053729735 5.62558217651 5.11141333643 1.29785983460
2024-05-30T00:34:00.000000 -1010.542945652 119.553026927 6623.268354365 5.71893697239 5.11408186270 0.77513785307
2024-05-30T00:35:00.000000 -665.282811684 425.871868001 6653.996200250 5.78518616414 5.09251092460 0.24871344738
2024-05-30T00:36:00.000000 -316.869123432 730.171451967 6653.089649829 5.82401373236 5.04679935011 -0.27892683467
2024-05-30T00:37:00.000000 33.046583434 1031.009148789 6620.550494405 5.83523294713 4.97715943518 -0.80529165254
2024-05-30T00:38:00.000000 382.805398248 1326.958405194 6556.529879267 5.81878489683 4.88391416193 -1.32789551868
2024-05-30T00:39:00.000000 730.748746782 1616.615292955 6461.327679623 5.77473984107 4.76749480287 -1.84426793809
2024-05-30T00:40:00.000000 1075.226118071 1898.605042825 6335.391260761 5.70329611021 4.62844207803 -2.35196494501
2024-05-30T00:41:00.000000 1414.602757001 2171.588549889 6179.313532255 5.60478035083 4.46740309617 -2.84858114911
2024-05-30T00:42:00.000000 1747.267294727 2434.268611721 5993.830341011 5.47964555908 4.28512735506 -3.33175848832
2024-05-30T00:43:00.000000 2071.639343759 2685.396044313 5779.817329513 5.32847083498 4.08246557834 -3.79919726679
2024-05-30T00:44:00.000000 2386.176958695 2923.775706883 5538.286113961 5.15195841507 3.86036818721 -4.24866656257
2024-05-30T00:45:00.000000 2689.384013224 3148.272341133 5270.379784612 4.95093301727 3.61987951864 -4.67801673250
2024-05-30T00:46:00.000000 2979.817477621 3357.816028320 4977.367707154 4.72633916275 3.36213249940 -5.08519019424
2024-05-30T00:47:00.000000 3256.094453290 3551.407356980 4660.639716609 4.47923607360 3.08834428975 -5.46822973391
2024-05-30T00:48:00.000000 3516.898920349 3728.122528846 4321.699761712 4.21079205784 2.79981748054 -5.82529241701
2024-05-30T00:49:00.000000 3760.988022890 3887.118054050 3962.158613693 3.92227761277 2.49792314550 -6.15465970128
2024-05-30T00:50:00.000000 3987.198208851 4027.634705613 3583.726436043 3.61506493929 2.18410052391 -6.45473991462
2024-05-30T00:51:00.000000 4194.451111332 4149.001500668 3188.204664358 3.29061988370 1.85984887627 -6.72408313641
2024-05-30T00:52:00.000000 4381.758904477 4250.638970397 2777.477387338 2.95049329363 1.52671905495 -6.96138492096
2024-05-30T00:53:00.000000 4548.229274893 4332.062199535 2353.502383807 2.59631689934 1.18631081634 -7.16549660989
2024-05-30T00:54:00.000000 4693.069871585 4392.883424853 1918.301446245 2.22979009040 0.84026147453 -7.33543148028
2024-05-30T00:55:00.000000 4815.592410365 4432.814066711 1473.950661946 1.85268136230 0.49023745336 -7.47036937613
2024-05-30T00:56:00.000000 4915.216372812 4451.666131074 1022.569995426 1.46681011967 0.13792396931 -7.56966913018
2024-05-30T00:57:00.000000 4991.471418523 4449.353032349 566.312664678 1.07403049020 -0.21498457882 -7.63286021961
2024-05-30T00:58:00.000000 5043.999770084 4425.890099313 107.354917398 0.67623833437 -0.56678744846 -7.65964972614
2024-05-30T00:59:00.000000 5072.558095189 4381.394534607 -352.114955023 0.27535025634 -0.91579121709 -7.64992772255
2024-05-30T01:00:00.000000 5077.018486971 4316.084722355 -809.907408730 -0.12670299309 -1.26031723382 -7.60376228666
2024-05-30T01:01:00.000000 5057.369193732 4230.279117450 -1263.842521667 -0.52798383467 -1.59871185273 -7.52140690176
2024-05-30T01:02:00.000000 5013.714421482 4124.394328064 -1711.760899386 -0.92656562501 -1.92935645563 -7.40329070579
2024-05-30T01:03:00.000000 4946.273484677 3998.942956943 -2151.534187153 -1.32053998608 -2.25067210348 -7.25001928625
2024-05-30T01:04:00.000000 4855.379396211 3854.530831340 -2581.075517936 -1.70802682296 -2.56113170644 -7.06236843393
2024-05-30T01:05:00.000000 4741.476938690 3691.853727592 -2998.349530217 -2.08718189507 -2.85926503029 -6.84127958014
2024-05-30T01:06:00.000000 4605.120125219 3511.693653647 -3401.382228387 -2.45621073029 -3.14366918228 -6.58785371477
2024-05-30T01:07:00.000000 4446.969046878 3314.914742747 -3788.270134736 -2.81337184182 -3.41301007346 -6.30334074956
2024-05-30T01:08:00.000000 4267.786481500 3102.458872776 -4157.189251619 -3.15698679602 -3.66603256978 -5.98913866551
2024-05-30T01:09:00.000000 4068.433674413 2875.340672724 -4506.403488102 -3.48545192165 -3.90156575519 -5.64677666124
2024-05-30T01:10:00.000000 3849.865895413 2634.642607999 -4834.272288292 -3.79723758795 -4.11852068692 -5.27791051666
2024-05-30T01:11:00.000000 3613.127745154 2381.509769851 -5139.258129667 -4.09089719337 -4.31589984987 -4.88431695508
2024-05-30T01:12:00.000000 3359.347952314 2117.144243779 -5419.933441662 -4.36507403490 -4.49280145954 -4.46788270118
2024-05-30T01:13:00.000000 3089.733795648 1842.799265741 -5674.986921012 -4.61850753811 -4.64842290435 -4.03059479415
2024-05-30T01:14:00.000000 2805.565168955 1559.773191543 -5903.229217378 -4.85003847715 -4.78206299924 -3.57452965196
2024-05-30T01:15:00.000000 2508.188355363 1269.403340365 -6103.598004771 -5.05861417877 -4.89312478665 -3.10184272009
2024-05-30T01:16:00.000000 2199.009556079 973.059723636 -6275.162269415 -5.24328899716 -4.98111472901 -2.61475433299
2024-05-30T01:17:00.000000 1879.488535148 672.138858676 -6417.126151248 -5.40322490881 -5.04564432549 -2.11554899420
2024-05-30T01:18:00.000000 1551.131797676 368.057202506 -6528.832434506 -5.53770294421 -5.08643702761 -1.60655879488
2024-05-30T01:19:00.000000 1215.485514833 62.244752881 -6609.764803158 -5.64611836938 -5.10331673886 -1.09014971831
2024-05-30T01:20:00.000000 874.128704451 -243.861106418 -6659.550029343 -5.72798205194 -5.09621494267 -0.56872304928
2024-05-30T01:21:00.000000 528.666177570 -548.822156259 -6677.959726384 -5.78292452266 -5.06517273071 -0.04470423059
2024-05-30T01:22:00.000000 180.721174256 -851.205993862 -6664.911336545 -5.81070043538 -5.01034197576 0.47947461120
2024-05-30T01:23:00.000000 -168.071992468 -1149.592490351 -6620.468157503 -5.81118623181 -4.93197959904 1.00138468268
2024-05-30T01:24:00.000000 -516.075232207 -1442.580079115 -6544.838892960 -5.78437898196 -4.83044719051 1.51860941596
2024-05-30T01:25:00.000000 -861.653880634 -1728.791936069 -6438.376732408 -5.73039638552 -4.70620748612 2.02874965089
2024-05-30T01:26:00.000000 -1203.184049740 -2006.882121594 -6301.578109029 -5.64948039236 -4.55982831196 2.52943297243
2024-05-30T01:27:00.000000 -1539.060028400 -2275.541843880 -6135.080482612 -5.54199332411 -4.39197789553 3.01833226375
2024-05-30T01:28:00.000000 -1867.701332432 -2533.505263680 -5939.659577592 -5.40841437558 -4.20342031866 3.49316643032
2024-05-30T01:29:00.000000 -2187.559807459 -2779.555274708 -5716.226384343 -5.24934228143 -3.99501563504 3.95170918357
2024-05-30T01:30:00.000000 -2497.126871656 -3012.529235810 -5465.823533183 -5.06549728264 -3.76771876879 4.39180163859
2024-05-30T01:31:00.000000 -2794.940705073 -3231.324554127 -5189.620821693 -4.85771724889 -3.52257594455 4.81136577770
2024-05-30T01:32:00.000000 -3079.593164268 -3434.903962236 -4888.909958177 -4.62695203335 -3.26071659864 5.20841707284
2024-05-30T01:33:00.000000 -3349.736327096 -3622.300341367 -4565.098831053 -4.37425898808 -2.98334935153 5.58106894797
2024-05-30T01:34:00.000000 -3604.088829341 -3792.621341824 -4219.705362711 -4.10079869653 -2.69175738811 5.92754087901
2024-05-30T01:35:00.000000 -3841.442000850 -3945.053790737 -3854.350919766 -3.80783324614 -2.38729578980 6.24616726257
2024-05-30T01:36:00.000000 -4060.665842394 -4078.867807845 -3470.753097147 -3.49672192963 -2.07138475065 6.53540775386
2024-05-30T01:37:00.000000 -4260.714639289 -4193.420530429 -3070.717923830 -3.16891366933 -1.74550395648 6.79385623346
2024-05-30T01:38:00.000000 -4440.632133634 -4288.159543660 -2656.131590806 -2.82594069212 -1.41118786257 7.02024761912
2024-05-30T01:39:00.000000 -4599.556445191 -4362.625972788 -2228.951764615 -2.46941627388 -1.07001766081 7.21346669373
2024-05-30T01:40:00.000000 -4736.724697394 -4416.456829683 -1791.198252287 -2.10102428141 -0.72360698978 7.37255769878
2024-05-30T01:41:00.000000 -4851.476823925 -4449.386904034 -1344.943438031 -1.72250745072 -0.37360168643 7.49672457900
2024-05-30T01:42:00.000000 -4943.259023851 -4461.250508492 -892.302430874 -1.33566360524 -0.02167057672 7.58534074210
2024-05-30T01:43:00.000000 -5011.626718840 -4451.982469810 -435.422769235 -0.94233410305 0.33050562991 7.63795179170
2024-05-30T01:44:00.000000 -5056.246918785 -4421.618614041 23.525957810 -0.54439565485 0.68124277199 7.65427726445
2024-05-30T01:45:00.000000 -5076.900089027 -4370.295756341 482.362575440 -0.14375224973 1.02885950686 7.63421255192
2024-05-30T01:46:00.000000 -5073.481469416 -4298.251252808 938.905065590 0.25767684091 1.37168774889 7.57783377987
2024-05-30T01:47:00.000000 -5046.001642562 -4205.821989753 1390.981351694 0.65796772187 1.70807925365 7.48539712662
2024-05-30T01:48:00.000000 -4994.586428130 -4093.442763382 1836.440108701 1.05520455654 2.03642082082 7.35733563369
2024-05-30T01:49:00.000000 -4919.476259254 -3961.644000563 2273.161098339 1.44748394964 2.35513849102 7.19425318061
2024-05-30T01:50:00.000000 -4821.025159632 -3811.049231290 2699.065452659 1.83292432047 2.66270364577 6.99692473651
2024-05-30T01:51:00.000000 -4699.699078050 -3642.372127131 3112.125959627 2.20967933026 2.95764281384 6.76629611433
2024-05-30T01:52:00.000000 -4556.073398207 -3456.412830547 3510.376966155 2.57594810642 3.23854730244 6.50347164498
2024-05-30T01:53:00.000000 -4390.830071189 -3254.054041541 3891.923715600 2.92998062411 3.50407475657 6.20971021076
2024-05-30T01:54:00.000000 -4204.754281881 -3036.256798704 4254.951565802 3.27008752990 3.75295810663 5.88642221977
2024-05-30T01:55:00.000000 -3998.730503093 -2804.055655825 4597.734795743 3.59465032380 3.98401495865 5.53515897504
2024-05-30T01:56:00.000000 -3773.738015294 -2558.553540506 4918.644633562 3.90212711705 4.19614797654 5.15759988125
2024-05-30T01:57:00.000000 -3530.846226553 -2300.916562331 5216.156965004 4.19105828625 4.38835115262 4.75555349250
2024-05-30T01:58:00.000000 -3271.209304637 -2032.368199701 5488.859660991 4.46007845536 4.55971776617 4.33094112148
2024-05-30T01:59:00.000000 -2996.060474808 -1754.183371742 5735.459023018 4.70791881431 4.70944080901 3.88578792311
2024-05-30T02:00:00.000000 -2706.706072636 -1467.682289890 5954.785689325 4.93341145129 4.83681798130 3.42221139600
2024-05-30T02:01:00.000000 -2404.519367452 -1174.224140917 6145.799909301 5.13549456033 4.94125256518 2.94241335989
2024-05-30T02:02:00.000000 -2090.933959209 -875.200632131 6307.596322117 5.31321972008 5.02225817871 2.44866856156
2024-05-30T02:03:00.000000 -1767.436953347 -572.029377539 6439.407816015 5.46575097715 5.07945654367 1.94330983654
2024-05-30T02:04:00.000000 -1435.562233694 -266.147438329 6540.609029913 5.59236708529 5.11257922833 1.42872888144
2024-05-30T02:05:00.000000 -1096.883156913 40.995464183 6610.719496712 5.69247440572 5.12147220575 0.90735944342
2024-05-30T02:06:00.000000 -753.005003614 347.943680803 6649.405591664 5.76560111133 5.10609179565 0.38166228630
2024-05-30T02:07:00.000000 -405.557652706 653.242342185 6656.482069507 5.81140048268 5.06650827087 -0.14587967842
2024-05-30T02:08:00.000000 -56.187975883 955.444210816 6631.912960637 5.82965267125 5.00290530796 -0.67277518884
2024-05-30T02:09:00.000000 293.447826499 1253.116422291 6575.811763595 5.82026707717 4.91557812539 -1.19653551741
2024-05-30T02:10:00.000000 641.691977219 1544.847105228 6488.440891567 5.78328096250 4.80493064048 -1.71468669676
2024-05-30T02:11:00.000000 986.892746737 1829.251901289 6370.210628818 5.71885935308 4.67147683924 -2.22477572797
2024-05-30T02:12:00.000000 1327.412185146 2104.980574345 6221.677400427 5.62729619644 4.51583883917 -2.72438654714
2024-05-30T02:13:00.000000 1661.633770625 2370.723299230 6043.541244925 5.50901134710 4.33874122039 -3.21114890317
2024-05-30T02:14:00.000000 1987.969992706 2625.216829045 5836.642871863 5.36455294415 4.14101208772 -3.68274703512
2024-05-30T02:15:00.000000 2304.869997225 2867.250517801 5601.959791979 5.19459212237 3.92357467856 -4.13693756410
2024-05-30T02:16:00.000000 2610.826728922 3095.671958785 5340.602044956 4.99991957233 3.68744881172 -4.57154730700
2024-05-30T02:17:00.000000 2904.384309559 3309.392819053 5053.807426591 4.78144883044 3.43374784142 -4.98449469450
2024-05-30T02:18:00.000000 3184.145080801 3507.394100459 4742.935647257 4.54020652749 3.16366972617 -5.37379761758
2024-05-30T02:19:00.000000 3448.776358879 3688.731189960 4409.462130900 4.27733111155 2.87849428612 -5.73758339279
2024-05-30T02:20:00.000000 3697.016997162 3852.538512021 4054.971171331 3.99406825935 2.57957607539 -6.07409698189
2024-05-30T02:21:00.000000 3927.683694395 3998.033917920 3681.148526400 3.69176569342 2.26833981048 -6.38171346402
2024-05-30T02:22:00.000000 4139.676865136 4124.522619409 3289.773327864 3.37186527709 1.94627184423 -6.65894634860
2024-05-30T02:23:00.000000 4331.986100308 4231.400685126 2882.709541295 3.03589629189 1.61491279292 -6.90445542157
2024-05-30T02:24:00.000000 4503.695208942 4318.158072877 2461.897020260 2.68546911453 1.27585116612 -7.11705276943
2024-05-30T02:25:00.000000 4653.986812132 4384.381354756 2029.342058897 2.32226481242 0.93071679363 -7.29571288902
2024-05-30T02:26:00.000000 4782.146300270 4429.755790634 1587.107596716 1.94802827570 0.58116840921 -7.43957281069
2024-05-30T02:27:00.000000 4887.565598288 4454.066917797 1137.303266841 1.56456287320 0.22888818026 -7.54794116036
2024-05-30T02:28:00.000000 4969.746210731 4457.201656385 682.074940724 1.17371701906 -0.12442766311 -7.62030142691
2024-05-30T02:29:00.000000 5028.301734162 4439.148903541 223.594126573 0.77737675437 -0.47707827225 -7.65631598023
2024-05-30T02:30:00.000000 5062.959772466 4399.999557093 -235.952774779 0.37745450330 -0.82736464556 -7.65582656022
2024-05-30T02:31:00.000000 5073.563193231 4339.946201378 -694.375354642 -0.02412164598 -1.17359913277 -7.61885790439
2024-05-30T02:32:00.000000 5060.070808360 4259.282007762 -1149.490121336 -0.42541601710 -1.51411707240 -7.54561572404
2024-05-30T02:33:00.000000 5022.557506994 4158.399156045 -1599.131533196 -0.82449964338 -1.84728659018 -7.43649307137
2024-05-30T02:34:00.000000 4961.213220831 4037.786353928 -2041.162781518 -1.21946548688 -2.17152080885 -7.29205120690
2024-05-30T02:35:00.000000 4876.341725000 3898.026220840 -2473.485828276 -1.60842857722 -2.48527870193 -7.11302220612
2024-05-30T02:36:00.000000 4768.358884456 3739.792177269 -2894.051517942 -1.98953834868 -2.78707521655 -6.90030208468
2024-05-30T02:37:00.000000 4637.790426388 3563.844954519 -3300.869304957 -2.36098488267 -3.07548625906 -6.65494867910
2024-05-30T02:38:00.000000 4485.269087631 3371.028637513 -3692.016895081 -2.72101402386 -3.34915905012 -6.37817668107
2024-05-30T02:39:00.000000 4311.530966406 3162.266262116 -4065.649207845 -3.06793440388 -3.60681505209 -6.07134438730
2024-05-30T02:40:00.000000 4117.411645855 2938.555168889 -4420.006837900 -3.40012277586 -3.84725684702 -5.73594730830
2024-05-30T02:41:00.000000 3903.841912136 2700.962055306 -4753.424011113 -3.71602998146 -4.06937090696 -5.37361051279
2024-05-30T02:42:00.000000 3671.843072588 2450.617743579 -5064.336169653 -4.01418890563 -4.27213394820 -4.98608098128
2024-05-30T02:43:00.000000 3422.521858528 2188.711651146 -5351.287002791 -4.29322026321 -4.45461684914 -4.57521861413
2024-05-30T02:44:00.000000 3157.064954898 1916.486001464 -5612.934945183 -4.55183922015 -4.61598911024 -4.14298648759
2024-05-30T02:45:00.000000 2876.733171686 1635.229824030 -5848.059050394 -4.78886069168 -4.75552153305 -3.69144054565
2024-05-30T02:46:00.000000 2582.855281474 1346.272772656 -6055.564233494 -5.00320527715 -4.87258964680 -3.22271779994
2024-05-30T02:47:00.000000 2276.821608152 1050.978836465 -6234.485697624 -5.19389997032 -4.96667285072 -2.73902286434
2024-05-30T02:48:00.000000 1960.077666901 750.740117435 -6383.992858777 -5.36007936946 -5.03735511471 -2.24262390292
2024-05-30T02:49:00.000000 1634.117484153 446.970528436 -6503.392922208 -5.50099267073 -5.08432578665 -1.73584411445
2024-05-30T02:50:00.000000 1300.476607181 141.099342345 -6592.133811554 -5.61600674399 -5.10738407655 -1.22104803871
2024-05-30T02:51:00.000000 960.725119196 -165.435380309 -6649.806209634 -5.70460260222 -5.10643705090 -0.70062929010
2024-05-30T02:52:00.000000 616.460733104 -471.193245573 -6676.145278151 -5.76638066889 -5.08150060307 -0.17700830651
2024-05-30T02:53:00.000000 269.301371057 -774.738061505 -6671.031764513 -5.80106625938 -5.03269818657 0.34738487876
2024-05-30T02:54:00.000000 -79.122211479 -1074.644227343 -6634.492222732 -5.80850536656 -4.96025927556 0.87012162182
2024-05-30T02:55:00.000000 -427.173567374 -1369.503086380 -6566.698750234 -5.78866337888 -4.86451934123 1.38878019442
2024-05-30T02:56:00.000000 -773.217881363 -1657.929218473 -6467.968222404 -5.74162858995 -4.74591627322 1.90095827194
2024-05-30T02:57:00.000000 -1115.629224471 -1938.566489153 -6338.760970273 -5.66760918389 -4.60498930222 2.40427691926
2024-05-30T02:58:00.000000 -1452.797805330 -2210.094271893 -6179.679061881 -5.56693478605 -4.44238228960 2.89639379571
2024-05-30T02:59:00.000000 -1783.137179441 -2471.233506950 -5991.463665036 -5.44005344225 -4.25883571788 3.37501461834
2024-05-30T03:00:00.000000 -2105.091396713 -2720.752462926 -5774.992175275 -5.28753522063 -4.05518756893 3.83789464290
2024-05-30T03:01:00.000000 -2417.142442859 -2957.472577769 -5531.274675473 -5.11007272853 -3.83237063137 4.28285862588
2024-05-30T03:02:00.000000 -2717.817333011 -3180.273978028 -5261.449455140 -4.90847412205 -3.59140835034 4.70781000455
2024-05-30T03:03:00.000000 -3005.694897737 -3388.100777527 -4966.777946261 -4.68365739298 -3.33340873109 5.11074091972
2024-05-30T03:04:00.000000 -3279.412346351 -3579.966012109 -4648.639307384 -4.43665038023 -3.05956103537 5.48973716816
2024-05-30T03:05:00.000000 -3537.671715449 -3754.956437007 -4308.524452333 -4.16858547761 -2.77113261704 5.84298881070
2024-05-30T03:06:00.000000 -3779.246102737 -3912.237094204 -3948.029554034 -3.88069866602 -2.46946469164 6.16879946713
2024-05-30T03:07:00.000000 -4002.985714827 -4051.055513611 -3568.848868555 -3.57432302253 -2.15596455554 6.46559693367
2024-05-30T03:08:00.000000 -4207.823541803 -4170.745529689 -3172.767092212 -3.25088397066 -1.83210071981 6.73194037896
2024-05-30T03:09:00.000000 -4392.780713224 -4270.730771267 -2761.651275387 -2.91189405905 -1.49939695878 6.96652631281
2024-05-30T03:10:00.000000 -4556.971705685 -4350.527725696 -2337.442235213 -2.55894997471 -1.15942251642 7.16820244731
2024-05-30T03:11:00.000000 -4699.608828196 -4409.748167320 -1902.145136866 -2.19371358792 -0.81378335496 7.33597616876
2024-05-30T03:12:00.000000 -4820.005877225 -4448.101059094 -1457.820050303 -1.81790723744 -0.46411261057 7.46900711970
2024-05-30T03:13:00.000000 -4917.582143456 -4465.394498811 -1006.572822121 -1.43332393055 -0.11208283001 7.56661774075
2024-05-30T03:14:00.000000 -4991.865805086 -4461.537518433 -550.544235065 -1.04179472122 0.24062105725 7.62831813280
2024-05-30T03:15:00.000000 -5042.495845336 -4436.540112488 -91.899406382 -0.64518323109 0.59231794781 7.65378614370
2024-05-30T03:16:00.000000 -5069.223985285 -4390.513128791 367.182290320 -0.24538211464 0.94132652035 7.64286954463
2024-05-30T03:17:00.000000 -5071.916214091 -4323.668286579 824.517649020 0.15569262040 1.28596816075 7.59559455538
2024-05-30T03:18:00.000000 -5050.554009389 -4236.317455646 1277.930565068 0.55611106114 1.62458550772 7.51217227756
2024-05-30T03:19:00.000000 -5005.234369438 -4128.871034167 1725.263135762 0.95395578153 1.95555367990 7.39299588577
2024-05-30T03:20:00.000000 -4936.168875153 -4001.835795032 2164.386068551 1.34732304319 2.27728423997 7.23862558774
2024-05-30T03:21:00.000000 -4843.682882414 -3855.812601848 2593.208950800 1.73432752433 2.58823283625 7.04979777166
2024-05-30T03:22:00.000000 -4728.213918708 -3691.493304862 3009.690588996 2.11311607027 2.88691093936 6.82741496823
2024-05-30T03:23:00.000000 -4590.309553291 -3509.657327506 3411.848872810 2.48187635127 3.17188936446 6.57254364553
2024-05-30T03:24:00.000000 -4430.624571148 -3311.167858909 3797.770407519 2.83884781516 3.44180630644 6.28640630286
2024-05-30T03:25:00.000000 -4249.917702250 -3096.967624527 4165.619647259 3.18232711634 3.69537330571 5.97037477968
2024-05-30T03:26:00.000000 -4049.047955168 -2868.074249292 4513.647748178 3.51067710779 3.93138391202 5.62596595490
2024-05-30T03:27:00.000000 -3828.970310375 -2625.575121537 4840.200936576 3.82233679299 4.14871919850 5.25483014804
2024-05-30T03:28:00.000000 -3590.730985028 -2370.622094354 5143.728265591 4.11582711235 4.34635012444 4.85874327211
2024-05-30T03:29:00.000000 -3335.462307373 -2104.425947566 5422.788922033 4.38975826199 4.52334240509 4.43959955390
2024-05-30T03:30:00.000000 -3064.377075064 -1828.250520623 5676.059039890 4.64283873044 4.67886241214 3.99940036394
2024-05-30T03:31:00.000000 -2778.762544762 -1543.406574902 5902.337708797 4.87387844646 4.81218016344 3.54024117687
2024-05-30T03:32:00.000000 -2479.974254449 -1251.245487012 6100.552312472 5.08179196797 4.92267202985 3.06430103809
2024-05-30T03:33:00.000000 -2169.429680052 -953.152879080 6269.763274121 5.26560090834 5.00982028268 2.57383515936
2024-05-30T03:34:00.000000 -1848.601586427 -650.542156978 6409.168410146 5.42444146302 5.07321693626 2.07116508831
2024-05-30T03:35:00.000000 -1519.011131148 -344.847903022 6518.106514427 5.55756491401 5.11256464469 1.55866792021
2024-05-30T03:36:00.000000 -1182.220750135 -37.519144232 6596.060431736 5.66434469871 5.12767876070 1.03876566741
2024-05-30T03:37:00.000000 -839.826797899 269.987355625 6642.659435632 5.74427714752 5.11848714318 0.51391597503
2024-05-30T03:38:00.000000 -493.452100406 576.213982519 6657.680958806 5.79698339008 5.08503273541 -0.01340268299
2024-05-30T03:39:00.000000 -144.738452634 879.709051042 6641.051560380 5.82221092843 5.02747046932 -0.54069900842
2024-05-30T03:40:00.000000 204.661096515 1179.033567395 6592.847354826 5.81983692910 4.94606821949 -1.06548194757
2024-05-30T03:41:00.000000 553.089948823 1472.767907108 6513.293585572 5.78986574407 4.84120312776 -1.58527251864
2024-05-30T03:42:00.000000 898.895619786 1759.518347370 6402.763725307 5.73243061346 4.71336198016 -2.09761063691
2024-05-30T03:43:00.000000 1240.437505097 2037.923663431 6261.777900634 5.64779368058 4.56314007309 -2.60007049295
2024-05-30T03:44:00.000000 1576.094486743 2306.661449577 6091.000554015 5.53634234334 4.39123645043 -3.09026775352
2024-05-30T03:45:00.000000 1904.272528311 2564.454436697 5891.237708062 5.39859234840 4.19845614482 -3.56587051697
2024-05-30T03:46:00.000000 2223.412327519 2810.076669511 5663.433278323 5.23518419143 3.98570298414 -4.02461623952
2024-05-30T03:47:00.000000 2531.996601784 3042.359209252 5408.664740620 5.04687869498 3.75397360633 -4.46431581715
2024-05-30T03:48:00.000000 2828.557394722 3260.195698270 5128.138455614 4.83455812680 3.50435708181 -4.88286481049
2024-05-30T03:49:00.000000 3111.683143873 3462.547841269 4823.184215222 4.59921978152 3.23803242524 -5.27825488060
2024-05-30T03:50:00.000000 3380.025560640 3648.450626342 4495.249136693 4.34197480979 2.95626226597 -5.64858552564
2024-05-30T03:51:00.000000 3632.306340698 3817.017117625 4145.890815545 4.06404372153 2.66038421046 -5.99207727484
2024-05-30T03:52:00.000000 3867.323334003 3967.442568204 3776.769806629 3.76674234897 2.35180047237 -6.30707603229
2024-05-30T03:53:00.000000 4083.956205318 4099.008450137 3389.642203959 3.45148324145 2.03198256951 -6.59205397038
2024-05-30T03:54:00.000000 4281.172250102 4211.086450130 2986.351545890 3.11977353890 1.70246526193 -6.84562654829
2024-05-30T03:55:00.000000 4458.031839814 4303.141982645 2568.819697966 2.77320632701 1.36483371919 -7.06657030211
2024-05-30T03:56:00.000000 4613.693053173 4374.736541012 2139.037094294 2.41344371961 1.02070591089 -7.25382031891
2024-05-30T03:57:00.000000 4747.415732980 4425.529871157 1699.053322802 2.04221540374 0.67173782435 -7.40647293135
2024-05-30T03:58:00.000000 4858.565307921 4455.281861225 1250.967029364 1.66130893407 0.31960927885 -7.52379690180
2024-05-30T03:59:00.000000 4946.615909974 4463.853655929 796.915553222 1.27255905806 -0.03398550957 -7.60523380082
2024-05-30T04:00:00.000000 5011.153003907 4451.208292567 339.064488185 0.87784056568 -0.38734566298 -7.65040099362
2024-05-30T04:01:00.000000 5051.875466443 4417.410894854 -120.402999599 0.47905724267 -0.73877017320 -7.65909597572
2024-05-30T04:02:00.000000 5068.597060369 4362.628422826 -579.297072077 0.07813353694 -1.08656796090 -7.63129924497
2024-05-30T04:03:00.000000 5061.247320142 4287.128649726 -1035.432226228 -0.32299896068 -1.42907119372 -7.56717424768
2024-05-30T04:04:00.000000 5029.871527770 4191.278560424 -1486.638124820 -0.72241477392 -1.76464169318 -7.46706225759
2024-05-30T04:05:00.000000 4974.630132554 4075.542339449 -1930.770159152 -1.11820207376 -2.09167898297 -7.33147906816
2024-05-30T04:06:00.000000 4895.797652733 3940.478904332 -2365.719811190 -1.50847168777 -2.40862691693 -7.16111136475
2024-05-30T04:07:00.000000 4793.761078643 3786.739017379 -2789.424812399 -1.89136527879 -2.71398148919 -6.95681358894
2024-05-30T04:08:00.000000 4669.017710621 3615.061909932 -3199.879087239 -2.26506598971 -3.00629911064 -6.71960327905
2024-05-30T04:09:00.000000 4522.172384276 3426.271425553 -3595.142316174 -2.62780735846 -3.28420408634 -6.45065342446
2024-05-30T04:10:00.000000 4353.934237799 3221.271766577 -3973.349052629 -2.97788054576 -3.54639443657 -6.15128602454
2024-05-30T04:11:00.000000 4165.112950956 3001.042874905 -4332.717466423 -3.31364454681 -3.79164852518 -5.82296434742
2024-05-30T04:12:00.000000 3956.614479226 2766.635462994 -4671.557490842 -3.63353182987 -4.01882959281 -5.46728267891
2024-05-30T04:13:00.000000 3729.436479537 2519.165791517 -4988.278486546 -3.93605465629 -4.22689043671 -5.08595967590
2024-05-30T04:14:00.000000 3484.663278502 2259.810142780 -5281.396404819 -4.21981263757 -4.41487790221 -4.68082785414
2024-05-30T04:15:00.000000 3223.460484639 1989.799106908 -5549.540344792 -4.48349796385 -4.58193555349 -4.25382501896
2024-05-30T04:16:00.000000 2947.069188725 1710.411658264 -5791.458572108 -4.72590319629 -4.72730741256 -3.80698316187
2024-05-30T04:17:00.000000 2656.799922253 1422.969086563 -6006.023822863 -4.94592110990 -4.85033952969 -3.34241876030
2024-05-30T04:18:00.000000 2354.026465669 1128.828718631 -6192.238146446 -5.14255204845 -4.95048481658 -2.86232252266
2024-05-30T04:19:00.000000 2040.179324702 829.377581542 -6349.236885340 -5.31490420014 -5.02729996531 -2.36894625468
2024-05-30T04:20:00.000000 1716.739231639 526.026143652 -6476.292266169 -5.46219699866 -5.08044782204 -1.86459980260
2024-05-30T04:21:00.000000 1385.230178401 220.201820311 -6572.816483935 -5.58376874265 -5.10970020528 -1.35163564584
2024-05-30T04:22:00.000000 1047.212450755 -86.657452986 -6638.363903873 -5.67907107934 -5.11493496799 -0.83244039232
2024-05-30T04:23:00.000000 704.275713490 -393.109713160 -6672.632986057 -5.74767438916 -5.09614020544 -0.30942845243
2024-05-30T04:24:00.000000 358.031686337 -697.715555860 -6675.467540235 -5.78927345308 -5.05341276617 0.21497261063
2024-05-30T04:25:00.000000 10.106793448 -999.044550274 -6646.857046416 -5.80368193948 -4.98695430468 0.73833488493
2024-05-30T04:26:00.000000 -337.864946541 -1295.681560145 -6586.936639409 -5.79083444044 -4.89707355791 1.25823356464
2024-05-30T04:27:00.000000 -684.249265206 -1586.233100437 -6495.986429211 -5.75078700084 -4.78418228017 1.77226254665
2024-05-30T04:28:00.000000 -1027.418754199 -1869.333401344 -6374.430244751 -5.68371229985 -4.64879302536 2.27803672000
2024-05-30T04:29:00.000000 -1365.760072288 -2143.650584021 -6222.834307482 -5.58990825526 -4.49152306653 2.77319824348
2024-05-30T04:30:00.000000 -1697.681540292 -2407.892846288 -6041.904957571 -5.46979788846 -4.31309012852 3.25543669268
2024-05-30T04:31:00.000000 -2021.620444909 -2660.814355176 -5832.485471268 -5.32392278017 -4.11430818982 3.72249888025
2024-05-30T04:32:00.000000 -2336.050063066 -2901.220954031 -5595.552457553 -5.15294093576 -3.89608551532 4.17219513783
2024-05-30T04:33:00.000000 -2639.486614932 -3127.975733908 -5332.211774299 -4.95762580021 -3.65942161283 4.60240823642
2024-05-30T04:34:00.000000 -2930.496177400 -3340.004411530 -5043.693874060 -4.73886528137 -3.40540365912 5.01110417033
2024-05-30T04:35:00.000000 -3207.701446327 -3536.300444085 -4731.348512838 -4.49765823621 -3.13520193936 5.39634157493
2024-05-30T04:36:00.000000 -3469.788301133 -3715.929917006 -4396.638913099 -4.23511147351 -2.85006632651 5.75628134163
2024-05-30T04:37:00.000000 -3715.512180799 -3878.036158959 -4041.135310138 -3.95243582472 -2.55132079471 6.08919722864
2024-05-30T04:38:00.000000 -3943.704133927 -4021.844024707 -3666.507895118 -3.65093992364 -2.24035790894 6.39348501523
2024-05-30T04:39:00.000000 -4153.276530084 -4146.663806434 -3274.519248181 -3.33202490240 -1.91863178187 6.66767035507
2024-05-30T04:40:00.000000 -4343.228461699 -4251.894728025 -2867.016357363 -2.99717961125 -1.58765186136 6.91041526579
2024-05-30T04:41:00.000000 -4512.650848882 -4337.028130155 -2445.922183705 -2.64797508156 -1.24897838028 7.12052696830
2024-05-30T04:42:00.000000 -4660.731158144 -4401.650299349 -2013.226651391 -2.28605701442 -0.90421425246 7.29696755567
2024-05-30T04:43:00.000000 -4786.757593785 -4445.444728193 -1570.977151857 -1.91313605323 -0.55499540498 7.43885985319
2024-05-30T04:44:00.000000 -4890.122761130 -4468.193885079 -1121.268804854 -1.53098058600 -0.20298399998 7.54549110612
2024-05-30T04:45:00.000000 -4970.326899333 -4469.780542819 -666.234388824 -1.14140814358 0.15014040002 7.61631961302
2024-05-30T04:46:00.000000 -5026.980500537 -4450.188532040 -208.033994732 -0.74627481794 0.50269003777 7.65097677115
2024-05-30T04:47:00.000000 -5059.806380058 -4409.503004715 251.155404145 -0.34746737843 0.85297664244 7.64926891279
2024-05-30T04:48:00.000000 -5068.641270501 -4347.910204248 709.150541909 0.05310547999 1.19932036474 7.61118036085
2024-05-30T04:49:00.000000 -5053.436810229 -4265.696686128 1163.772572919 0.45352389777 1.54005868302 7.53687408063
2024-05-30T04:50:00.000000 -5014.259911283 -4163.248019062 1612.857791520 0.85186719546 1.87355526716 7.42669161931
2024-05-30T04:51:00.000000 -4951.292479078 -4041.046958101 2054.268296769 1.24622467225 2.19820830138 7.28115138262
2024-05-30T04:52:00.000000 -4864.830504467 -3899.671056660 2485.902493244 1.63470514983 2.51246115517 7.10094372547
2024-05-30T04:53:00.000000 -4755.282733122 -3739.789809766 2905.705313894 2.01544348109 2.81480651932 6.88693009268
2024-05-30T04:54:00.000000 -4623.168626980 -3562.161430132 3311.678449628 2.38661653980 3.10379631709 6.64013890715
2024-05-30T04:55:00.000000 -4469.115542763 -3367.629027358 3701.890032374 2.74645177296 3.37804988187 6.36175524792
2024-05-30T04:56:00.000000 -4293.855524756 -3157.116353831 4074.483831734 3.09323355802 3.63626043143 6.05311397950
2024-05-30T04:57:00.000000 -4098.221672790 -2931.623301024 4427.688035098 3.42530985731 3.87719753347 5.71569359720
2024-05-30T04:58:00.000000 -3883.144129396 -2692.221105843 4759.823734884 3.74109946029 4.09971481584 5.35111109837
2024-05-30T04:59:00.000000 -3649.645551046 -2440.047115318 5069.312989312 4.03910140554 4.30275578503 4.96111381575
2024-05-30T05:00:00.000000 -3398.836011496 -2176.299187694 5354.686384573 4.31790392333 4.48536127934 4.54756965955
2024-05-30T05:01:00.000000 -3131.907475081 -1902.229709199 5614.589845682 4.57619006672 4.64667276803 4.11245357598
2024-05-30T05:02:00.000000 -2850.127934671 -1619.139554119 5847.790770438 4.81274321074 4.78593286888 3.65783833454
2024-05-30T05:03:00.000000 -2554.835242154 -1328.371917190 6053.183617962 5.02645222184 4.90248876380 3.18588417020
2024-05-30T05:04:00.000000 -2247.430712045 -1031.306016712 6229.794786039 5.21631282805 4.99579263213 2.69882819348
2024-05-30T05:05:00.000000 -1929.372590982 -729.350695043 6376.787101350 5.38143294885 5.06540561121 2.19897920330
2024-05-30T05:06:00.000000 -1602.169135419 -423.937758728 6493.463738426 5.52103812977 5.11100153724 1.68870411815
2024-05-30T05:07:00.000000 -1267.371510235 -116.515173443 6579.271300070 5.63447263526 5.13236817136 1.17041529900
2024-05-30T05:08:00.000000 -926.566611236 191.459780729 6633.802206679 5.72120163965 5.12940639645 0.64655908828
2024-05-30T05:09:00.000000 -581.369738603 498.527182900 6656.796499889 5.78081360740 5.10212791301 0.11960892540
2024-05-30T05:10:00.000000 -233.417094398 803.231252278 6648.143204222 5.81302409508 5.05065929239 -0.40794493736
2024-05-30T05:11:00.000000 115.641922009 1104.127211689 6607.880872218 5.81767726241 4.97524001848 -0.93361079217
2024-05-30T05:12:00.000000 464.152368893 1399.787965179 6536.197359717 5.79474432409 4.87622000836 -1.45490463341
2024-05-30T05:13:00.000000 810.461453979 1688.810748103 6433.429122621 5.74432642751 4.75406038577 -1.96935936596
2024-05-30T05:14:00.000000 1152.926364137 1969.823726310 6300.059721609 5.66665380635 4.60932988013 -2.47454100488
2024-05-30T05:15:00.000000 1489.921833220 2241.492290647 6136.717604048 5.56208164724 4.44270084891 -2.96805417474
2024-05-30T05:16:00.000000 1819.847756302 2502.525367853 5944.173551190 5.43109325630 4.25495210053 -3.44755301179
2024-05-30T05:17:00.000000 2141.136767423 2751.681677921 5723.337226254 5.27429631988 4.04696342880 -3.91075516104
2024-05-30T05:18:00.000000 2452.261688391 2987.775646933 5475.253080608 5.09242186509 3.81971109694 -4.35545245997
2024-05-30T05:19:00.000000 2751.742747362 3209.683040330 5201.095626367 4.88631928812 3.57426335047 -4.77951824893
2024-05-30T05:20:00.000000 3038.154747300 3416.346434748 4902.164245656 4.65695773505 3.31177778862 -5.18091970300
2024-05-30T05:21:00.000000 3310.134090368 3606.780428501 4579.877139698 4.40542024145 3.03349703695 -5.55773134779
2024-05-30T05:22:00.000000 3566.385343100 3780.076458305 4235.764601515 4.13289501350 2.74073855231 -5.90814120939
2024-05-30T05:23:00.000000 3805.687475464 3935.407359517 3871.462023454 3.84067095792 2.43489643894 -6.23046316134
2024-05-30T05:24:00.000000 4026.899374105 4072.031411607 3488.702266768 3.53012800703 2.11742638655 -6.52312818267
2024-05-30T05:25:00.000000 4228.966485657 4189.296433951 3089.308318243 3.20276876227 1.78985265570 -6.78471513023
2024-05-30T05:26:00.000000 4410.926566170 4286.642928056 2675.183184740 2.86015943969 1.45374079152 -7.01396963278
2024-05-30T05:27:00.000000 4571.913367713 4363.606872684 2248.300975127 2.50393996707 1.11070714137 -7.20977935092
2024-05-30T05:28:00.000000 4711.161442486 4419.822366455 1810.697546132 2.13582640128 0.76240341831 -7.37120073205
2024-05-30T05:29:00.000000 4828.010085394 4455.023394962 1364.460193571 1.75759201687 0.41050581618 -7.49746244615
2024-05-30T05:30:00.000000 4921.906477072 4469.045022854 911.717351987 1.37105853169 0.05670649454 -7.58796506075
2024-05-30T05:31:00.000000 4992.408330524 4461.824174867 454.628157144 0.97808716463 -0.29729280229 -7.64228501808
2024-05-30T05:32:00.000000 5039.186017450 4433.399938532 -4.628158847 0.58057048057 -0.64978979133 -7.66017648677
2024-05-30T05:33:00.000000 5062.024131312 4383.913335189 -463.863025702 0.18042129662 -0.99909059781 -7.64157415060
2024-05-30T05:34:00.000000 5060.822383640 4313.606535434 -920.889339423 -0.22043724053 -1.34351885002 -7.58659190020
2024-05-30T05:35:00.000000 5035.595982264 4222.821542110 -1373.532187539 -0.62008014408 -1.68142481880 -7.49552219386
2024-05-30T05:36:00.000000 4986.475400689 4111.998327111 -1819.639517090 -1.01659198474 -2.01119370258 -7.36883401537
2024-05-30T05:37:00.000000 4913.705508062 3981.672524636 -2257.092641600 -1.40807655891 -2.33125296852 -7.20717011538
2024-05-30T05:38:00.000000 4817.644145050 3832.472633757 -2683.816561294 -1.79266584679 -2.64008106434 -7.01134334595
2024-05-30T05:39:00.000000 4698.760122323 3665.116694378 -3097.790061324 -2.16853098712 -2.93621656509 -6.78233261967
2024-05-30T05:40:00.000000 4557.630546416 3480.408422077 -3497.055408774 -2.53389205624 -3.21826565993 -6.52127362408
2024-05-30T05:41:00.000000 4394.937652532 3279.233029090 -3879.727556944 -2.88702642441 -3.48490663348 -6.22945234200
2024-05-30T05:42:00.000000 4211.465119835 3062.552726242 -4244.002920524 -3.22627602857 -3.73489549509 -5.90829721899
2024-05-30T05:43:00.000000 4008.093981290 2831.401844245 -4588.167740406 -3.55005564273 -3.96707352654 -5.55937198085
2024-05-30T05:44:00.000000 3785.798009319 2586.881590223 -4910.605812181 -3.85685975161 -4.18037020403 -5.18436330290
2024-05-30T05:45:00.000000 3545.638811042 2330.154709651 -5209.805661706 -4.14526690313 -4.37380570281 -4.78507458490
2024-05-30T05:46:00.000000 3288.760592060 2062.439840820 -5484.367346294 -4.41394674571 -4.54649772019 -4.36341823964
2024-05-30T05:47:00.000000 3016.384472645 1785.005577059 -5733.008622384 -4.66166643896 -4.69766351599 -3.92140340265
2024-05-30T05:48:00.000000 2729.802513876 1499.164411098 -5954.570450112 -4.88729493529 -4.82662317914 -3.46112583974
2024-05-30T05:49:00.000000 2430.371482122 1206.266495915 -6148.021832608 -5.08980685069 -4.93280120241 -2.98475584206
2024-05-30T05:50:00.000000 2119.506494624 907.693419724 -6312.463984283 -5.26828225539 -5.01572531642 -2.49452968045
2024-05-30T05:51:00.000000 1798.674623167 604.851873343 -6447.134190208 -5.42191105252 -5.07503217053 -1.99274473405
2024-05-30T05:52:00.000000 1469.388043772 299.167103083 -6551.409010861 -5.54999991656 -5.11046537705 -1.48174408923
2024-05-30T05:53:00.000000 1133.197035181 -7.923430157 -6624.806766825 -5.65197256226 -5.12187514339 -0.96390847382
2024-05-30T05:54:00.000000 791.682911210 -314.976575775 -6666.989464735 -5.72737071927 -5.10922177554 -0.44164528251
2024-05-30T05:55:00.000000 446.450843690 -620.550105062 -6677.764086899 -5.77585786394 -5.07257479141 0.08262333973
2024-05-30T05:56:00.000000 99.122633925 -923.209080824 -6657.083135766 -5.79721590546 -5.01210803912 0.60646852943
2024-05-30T05:57:00.000000 -248.670487265 -1221.532240000 -6605.044854574 -5.79134887783 -4.92810313004 1.12746469652
2024-05-30T05:58:00.000000 -595.295078485 -1514.118300819 -6521.892600119 -5.75827840895 -4.82094394505 1.64319982380
2024-05-30T05:59:00.000000 -939.122643243 -1799.592110384 -6408.014043783 -5.69814934836 -4.69111803737 2.15127764942
2024-05-30T06:00:00.000000 -1278.537131458 -2076.610903044 -6263.939757650 -5.61123100394 -4.53921752638 2.64933331037
2024-05-30T06:01:00.000000 -1611.942318928 -2343.870541825 -6090.340900107 -5.49791420925 -4.36593647520 3.13504794456
2024-05-30T06:02:00.000000 -1937.768942354 -2600.111383332 -5888.026206391 -5.35870672779 -4.17206384195 3.60615448644
2024-05-30T06:03:00.000000 -2254.481765202 -2844.124003687 -5657.938723771 -5.19423505822 -3.95848427218 4.06044528208
2024-05-30T06:04:00.000000 -2560.586646613 -3074.754818359 -5401.151884597 -5.00524208254 -3.72617386394 4.49578306370
2024-05-30T06:05:00.000000 -2854.637468936 -3290.911521412 -5118.865036042 -4.79258553440 -3.47619897771 4.91010996069
2024-05-30T06:06:00.000000 -3135.242964945 -3491.568389881 -4812.398299193 -4.55723532867 -3.20971149668 5.30145968826
2024-05-30T06:07:00.000000 -3401.073337874 -3675.771241554 -4483.186809172 -4.30027010289 -2.92794354920 5.66796632728
2024-05-30T06:08:00.000000 -3650.866679557 -3842.642104882 -4132.774387453 -4.02287329340 -2.63220235374 6.00787455750
2024-05-30T06:09:00.000000 -3883.435093865 -3991.383544427 -3762.806639199 -3.72632767652 -2.32386432156 6.31954818066
2024-05-30T06:10:00.000000 -4097.670508470 -4121.282655968 -3375.023565143 -3.41201038474 -2.00436984686 6.60147837075
2024-05-30T06:11:00.000000 -4292.550165009 -4231.714730002 -2971.251656863 -3.08138710398 -1.67521723609 6.85229225106
2024-05-30T06:12:00.000000 -4467.141756302 -4322.146512687 -2553.395513755 -2.73600616535 -1.33795559452 7.07076020267
2024-05-30T06:13:00.000000 -4620.608203646 -4392.139075935 -2123.429034441 -2.37749245249 -0.99417886576 7.25580332882
2024-05-30T06:14:00.000000 -4752.212031925 -4441.350262564 -1683.386131179 -2.00753982253 -0.64551738469 7.40650111047
2024-05-30T06:15:00.000000 -4861.319259111 -4469.536629349 -1235.351041135 -1.62790275606 -0.29362992289 7.52209759061
2024-05-30T06:16:00.000000 -4947.402758188 -4476.554893895 -781.448276436 -1.24038680336 0.05980515851 7.60200702504
2024-05-30T06:17:00.000000 -5010.045005879 -4462.362834961 -323.832316115 -0.84683851740 0.41309888539 7.64581637231
2024-05-30T06:18:00.000000 -5048.940317505 -4427.019700408 135.322809530 -0.44913783840 0.76455920603 7.65328775387
2024-05-30T06:19:00.000000 -5063.896548969 -4370.686123366 593.834146472 -0.04918772881 1.11250037459 7.62436167336
2024-05-30T06:20:00.000000 -5054.836183580 -4293.623467414 1049.520517662 0.35109530939 1.45525173811 7.55915700179
2024-05-30T06:21:00.000000 -5021.796854757 -4196.192659752 1500.213270815 0.74979152099 1.79116701165 7.45797238783
2024-05-30T06:22:00.000000 -4964.931171961 -4078.852418299 1943.766988297 1.14498972196 2.11863402401 7.32128272131
2024-05-30T06:23:00.000000 -4884.505958213 -3942.157001253 2378.069934481 1.53479530588 2.43608145723 7.14973562995
2024-05-30T06:24:00.000000 -4780.900976163 -3786.753520600 2801.054371085 1.91734005270 2.74198689867 6.94414941659
2024-05-30T06:25:00.000000 -4654.607036787 -3613.378775704 3210.706662057 2.29079211446 3.03488441800 6.70550845306
2024-05-30T06:26:00.000000 -4506.223531172 -3422.855622239 3605.077080777 2.65336546836 3.31337265793 6.43495741493
2024-05-30T06:27:00.000000 -4336.455442165 -3216.088903181 3982.289240657 3.00332794574 3.57612125456 6.13379572841
2024-05-30T06:28:00.000000 -4146.109794438 -2994.060939607 4340.549196828 3.33901195692 3.82187928747 5.80346992474
2024-05-30T06:29:00.000000 -3936.091570686 -2757.826597992 4678.153905923 3.65882032596 4.04947975840 5.44556237059
2024-05-30T06:30:00.000000 -3707.399326056 -2508.508161995 4993.499258782 3.96123309545 4.25784370126 5.06178767713
2024-05-30T06:31:00.000000 -3461.120224030 -2247.289842587 5285.087721282 4.24481766443 4.44598644936 4.65398129405
2024-05-30T06:32:00.000000 -3198.424655550 -1975.412032033 5551.535216077 4.50823304854 4.61302034547 4.22408845618
2024-05-30T06:33:00.000000 -2920.560591353 -1694.165392773 5791.577497540 4.75023511873 4.75815818133 3.77415680848
2024-05-30T06:34:00.000000 -2628.847636602 -1404.884706675 6004.076014142 4.96968100531 4.88071657704 3.30632716095
2024-05-30T06:35:00.000000 -2324.670750850 -1108.942617890 6188.023297770 5.16553683448 4.98011820188 2.82282674720
2024-05-30T06:36:00.000000 -2009.473462383 -807.743013057 6342.547718586 5.33688431645 5.05589902988 2.32595323747
2024-05-30T06:37:00.000000 -1684.750869930 -502.714235034 6466.917294407 5.48292376177 5.10770844294 1.81806113897
2024-05-30T06:38:00.000000 -1352.042522663 -195.302317325 6560.542556407 5.60297154914 5.13530565976 1.30154580455
2024-05-30T06:39:00.000000 -1012.925526481 113.035494931 6622.979093111 5.69646140963 5.13855923339 0.77884652516
2024-05-30T06:40:00.000000 -669.007223975 420.837506210 6653.929835084 5.76295190038 5.11745243590 0.25243259849
2024-05-30T06:41:00.000000 -321.917688650 726.644468262 6653.246426535 5.80212711542 5.07208340054 -0.27521009627
2024-05-30T06:42:00.000000 26.697859777 1029.006401938 6620.929879581 5.81379804612 5.00266244741 -0.80159008667
2024-05-30T06:43:00.000000 375.186671420 1326.489288013 6557.130659561 5.79790321327 4.90951171622 -1.32421843088
2024-05-30T06:44:00.000000 721.896246498 1617.681853918 6462.148149578 5.75451250815 4.79306666518 -1.84062373164
2024-05-30T06:45:00.000000 1065.182090358 1901.202158448 6336.429125062 5.68382200287 4.65386875836 -2.34836451162
2024-05-30T06:46:00.000000 1403.415283064 2175.703930756 6180.565852321 5.58615551396 4.49256554640 -2.84503478472
2024-05-30T06:47:00.000000 1734.990148605 2439.882872859 5995.293549750 5.46196304701 4.30990830995 -3.32827695119
2024-05-30T06:48:00.000000 2058.331743057 2692.482878097 5781.487224188 5.31181938755 4.10675180099 -3.79579123216
2024-05-30T06:49:00.000000 2371.903328207 2932.302096936 5540.157786969 5.13642236623 3.88404887038 -4.24534882817
2024-05-30T06:50:00.000000 2674.213652059 3158.198711738 5272.447563429 4.93659067252 3.64284744414 -4.67479959520
2024-05-30T06:51:00.000000 2963.824231086 3369.096548917 4979.625198942 4.71326392102 3.38428673076 -5.08208575193
2024-05-30T06:52:00.000000 3239.356435387 3563.990336982 4663.079688791 4.46749632795 3.10958944319 -5.46525494024
2024-05-30T06:53:00.000000 3499.498098752 3741.950490533 4324.313824175 4.20044766271 2.82005532266 -5.82246694977
2024-05-30T06:54:00.000000 3743.009742450 3902.127727102 3964.937301551 3.91338139759 2.51706041650 -6.15200102371
2024-05-30T06:55:00.000000 3968.730666929 4043.757258120 3586.659237506 3.60765854331 2.20204421178 -6.45226285455
2024-05-30T06:56:00.000000 4175.584741126 4166.162783004 3191.280513005 3.28473808015 1.87651737486 -6.72179194133
2024-05-30T06:57:00.000000 4362.586411897 4268.760418859 2780.685011554 2.94617781141 1.54204508286 -6.95928644528
2024-05-30T06:58:00.000000 4528.845671151 4351.061250065 2356.829702874 2.59359985636 1.20022728644 -7.16360789405
2024-05-30T06:59:00.000000 4673.571762864 4412.673543444 1921.735317918 2.22869223478 0.85270280814 -7.33377174913
2024-05-30T07:00:00.000000 4796.077160619 4453.304822803 1477.476867470 1.85320794934 0.50114128522 -7.46895297857
2024-05-30T07:01:00.000000 4895.781443515 4472.763701755 1026.173706453 1.46896120641 0.14724017409 -7.56850284749
2024-05-30T07:02:00.000000 4972.214327878 4470.961012903 569.978594349 1.07780650073 -0.20729255761 -7.63195545087
2024-05-30T07:03:00.000000 5025.017715195 4447.910109256 111.066846735 0.68162724607 -0.56074972436 -7.65902416258
2024-05-30T07:04:00.000000 5053.947216496 4403.726535633 -348.374320124 0.28232935539 -0.91143307305 -7.64959948603
2024-05-30T07:05:00.000000 5058.873266093 4338.627262425 -806.156477639 -0.11816695761 -1.25766105941 -7.60375020333
2024-05-30T07:06:00.000000 5039.781705613 4252.929503211 -1260.100705158 -0.51793738820 -1.59777539850 -7.52172476206
2024-05-30T07:07:00.000000 4996.773642381 4147.049044943 -1708.048305265 -0.91506515152 -1.93014960460 -7.40394819814
2024-05-30T07:08:00.000000 4930.064751638 4021.498070526 -2147.871380104 -1.30765056005 -2.25319940563 -7.25102149575
2024-05-30T07:09:00.000000 4839.983930160 3876.882342133 -2577.483148397 -1.69381950458 -2.56538993459 -7.06371374303
2024-05-30T07:10:00.000000 4726.971548024 3713.898077418 -2994.848044101 -2.07173314760 -2.86524258634 -6.84296222591
2024-05-30T07:11:00.000000 4591.576885675 3533.328309336 -3397.991602945 -2.43960202522 -3.15134370924 -6.58986478988
2024-05-30T07:12:00.000000 4434.454921490 3336.038766228 -3785.009722980 -2.79569200305 -3.42235073797 -6.30566754770
2024-05-30T07:13:00.000000 4256.362963235 3122.973473038 -4154.077470000 -3.13832859278 -3.67699795111 -5.99176286975
2024-05-30T07:14:00.000000 4058.156662920 2895.149914759 -4503.457603368 -3.46590899971 -3.91410291940 -5.64967931543
2024-05-30T07:15:00.000000 3840.785611590 2653.653944015 -4831.508455606 -3.77690568987 -4.13256977179 -5.28107320411
2024-05-30T07:16:00.000000 3605.288596172 2399.634473880 -5136.691429810 -4.06987487234 -4.33139334163 -4.88772272340
2024-05-30T07:17:00.000000 3352.788252474 2134.297840472 -5417.577950925 -4.34346568886 -4.50966533683 -4.47151399890
2024-05-30T07:18:00.000000 3084.485523537 1858.901909836 -5672.855579994 -4.59641950797 -4.66657694872 -4.03443183344
2024-05-30T07:19:00.000000 2801.653854419 1574.750011896 -5901.333755491 -4.82757958058 -4.80142168459 -3.57855145856
2024-05-30T07:20:00.000000 2505.632973049 1283.184790252 -6101.948811440 -5.03589338364 -4.91359583991 -3.10602621851
2024-05-30T07:21:00.000000 2197.822526955 985.581954303 -6273.768403142 -5.22041683327 -5.00260138701 -2.61907791105
2024-05-30T07:22:00.000000 1879.675537697 683.343897547 -6415.995234711 -5.38031468680 -5.06804670023 -2.11998490218
2024-05-30T07:23:00.000000 1552.691883923 377.893371779 -6527.970260807 -5.51486058019 -5.10964465550 -1.61107726331
2024-05-30T07:24:00.000000 1218.411527947 70.667104283 -6609.175746130 -5.62344746496 -5.12721798919 -1.09473211882
2024-05-30T07:25:00.000000 878.407162938 -236.890897985 -6659.237368100 -5.70558963358 -5.12070046242 -0.57335020990
2024-05-30T07:26:00.000000 534.277109973 -543.335871632 -6677.925380481 -5.76091876836 -5.09013254177 -0.04934930888
2024-05-30T07:27:00.000000 187.638232035 -847.228678276 -6665.155497197 -5.78918592047 -5.03566192405 0.47484131399
2024-05-30T07:28:00.000000 -159.881305056 -1147.142256484 -6620.989149875 -5.79026224274 -4.95754242195 0.99679553063
2024-05-30T07:29:00.000000 -506.649174949 -1441.667876429 -6545.633197383 -5.76413970804 -4.85613183750 1.51409243091
2024-05-30T07:30:00.000000 -851.036341614 -1729.421443881 -6439.439237177 -5.71093471046 -4.73189310377 2.02433114918
2024-05-30T07:31:00.000000 -1191.424354964 -2009.049768695 -6302.902097571 -5.63088456259 -4.58539370411 2.52513954378
2024-05-30T07:32:00.000000 -1526.212687752 -2279.236774025 -6136.657722154 -5.52434822725 -4.41730179727 3.01418788962
2024-05-30T07:33:00.000000 -1853.825876404 -2538.709372354 -5941.480432610 -5.39180258601 -4.22838250258 3.48919421193
2024-05-30T07:34:00.000000 -2172.720640892 -2786.243282680 -5718.279763963 -5.23384292699 -4.01949671546 3.94793528780
2024-05-30T07:35:00.000000 -2481.392897126 -3020.668659775 -5468.096704793 -5.05118066776 -3.79159808311 4.38825355250
2024-05-30T07:36:00.000000 -2778.384769125 -3240.875657582 -5192.099476039 -4.84464463325 -3.54573259589 4.80806805831
2024-05-30T07:37:00.000000 -3062.291555028 -3445.819828563 -4891.578463412 -4.61517727237 -3.28303262745 5.20538947218
2024-05-30T07:38:00.000000 -3331.768355231 -3634.527080641 -4567.940498198 -4.36382908243 -3.00471061775 5.57832653768
2024-05-30T07:39:00.000000 -3585.536471193 -3806.098402812 -4222.702728849 -4.09175556547 -2.71205599461 5.92509498266
2024-05-30T07:40:00.000000 -3822.389576155 -3959.714321249 -3857.485918798 -3.80021293725 -2.40642965304 6.24402665070
2024-05-30T07:41:00.000000 -4041.199639158 -4094.639030719 -3474.007217235 -3.49055410587 -2.08925876408 6.53357852456
2024-05-30T07:42:00.000000 -4240.922561518 -4210.224181259 -3074.072352643 -3.16422272388 -1.76203011708 6.79234227010
2024-05-30T07:43:00.000000 -4420.603416903 -4305.912268160 -2659.567322901 -2.82274641212 -1.42628407843 7.01905216426
2024-05-30T07:44:00.000000 -4579.381273875 -4381.239597506 -2232.449580399 -2.46772963211 -1.08360565718 7.21259286758
2024-05-30T07:45:00.000000 -4716.493618972 -4435.838727886 -1794.738867403 -2.10084721350 -0.73561733992 7.37200449912
2024-05-30T07:46:00.000000 -4831.280327964 -4469.440548029 -1348.507689962 -1.72383597927 -0.38397320166 7.49648937738
2024-05-30T07:47:00.000000 -4923.187128025 -4481.875891662 -895.871371429 -1.33848587430 -0.03034847018 7.58541835256
2024-05-30T07:48:00.000000 -4991.768542634 -4473.076508993 -438.977912079 -0.94663244307 0.32356879597 7.63833201445
2024-05-30T07:49:00.000000 -5036.690371583 -4443.075682612 20.002372283 -0.55014738776 0.67608385690 7.65494669893
2024-05-30T07:50:00.000000 -5057.731537849 -4392.008332823 478.887481645 -0.15092832961 1.02550501225 7.63515694990
2024-05-30T07:51:00.000000 -5054.785360501 -4320.110543324 935.494502115 0.24911113535 1.37015382966 7.57903791820
2024-05-30T07:52:00.000000 -5027.860154837 -4227.718447907 1387.650405834 0.64805308389 1.70837496051 7.48684346551
2024-05-30T07:53:00.000000 -4977.079222089 -4115.266612120 1833.202703271 1.04398394145 2.03854423242 7.35900414150
2024-05-30T07:54:00.000000 -4902.680301119 -3983.285895907 2270.029996820 1.43500464315 2.35907723717 7.19612518813
2024-05-30T07:55:00.000000 -4805.014378351 -3832.400864135 2696.052340071 1.81924080660 2.66843603315 6.99898252511
2024-05-30T07:56:00.000000 -4684.543936669 -3663.326770117 3109.241382876 2.19485178728 2.96513703103 6.76851945370
2024-05-30T07:57:00.000000 -4541.840663391 -3476.866032978 3507.630283156 2.56003949711 3.24775973877 6.50584209520
2024-05-30T07:58:00.000000 -4377.582612698 -3273.904217027 3889.323322845 2.91305859776 3.51495428141 6.21221403079
2024-05-30T07:59:00.000000 -4192.550687452 -3055.405581645 4252.505080705 3.25222722296 3.76544846606 5.88904626574
2024-05-30T08:00:00.000000 -3987.624665801 -2822.408264375 4595.448973056 3.57593233666 3.99805235385 5.53788789508
2024-05-30T08:01:00.000000 -3763.778876592 -2576.019231241 4916.525356865 3.88263673336 4.21166266831 5.16041997608
2024-05-30T08:02:00.000000 -3522.077414854 -2317.408914135 5214.209172940 4.17088622094 4.40526761982 4.75844598091
2024-05-30T08:03:00.000000 -3263.669021463 -2047.805634707 5487.087067688 4.43931443656 4.57795028482 4.33388538270
2024-05-30T08:04:00.000000 -2989.781562371 -1768.489666956 5733.864160281 4.68665197980 4.72889681831 3.88876496864
2024-05-30T08:05:00.000000 -2701.716007968 -1480.787031466 5953.370040444 4.91173195205 4.85739640222 3.42520616635
2024-05-30T08:06:00.000000 -2400.840136805 -1186.063127003 6144.564206649 5.11349521901 4.96284821296 2.94541505946
2024-05-30T08:07:00.000000 -2088.581935268 -885.716081378 6306.540706598 5.29099473028 5.04476196886 2.45166885701
2024-05-30T08:08:00.000000 -1766.422744525 -581.170139682 6438.532070810 5.44339932366 5.10275681935 1.94630455665
2024-05-30T08:09:00.000000 -1435.890282782 -273.869161548 6539.912651645 5.56999455636 5.13656055078 1.43171156588
2024-05-30T08:10:00.000000 -1098.551563884 34.730056958 6610.201507356 5.67018562902 5.14601458891 0.91032199018
2024-05-30T08:11:00.000000 -756.005597002 343.164618235 6649.064598131 5.74350139533 5.13107392328 0.38459838896
2024-05-30T08:12:00.000000 -409.875919468 649.972333355 6656.316248310 5.78959518151 5.09180725876 -0.14297809834
2024-05-30T08:13:00.000000 -61.803127627 953.698514565 6631.919990517 5.80824557187 5.02839558582 -0.66991634539
2024-05-30T08:14:00.000000 286.562728107 1252.902710683 6575.988892351 5.79935927859 4.94113316779 -1.19372493138
2024-05-30T08:15:00.000000 633.569882142 1546.165573884 6488.785113314 5.76297195642 4.83042814827 -1.71192857372
2024-05-30T08:16:00.000000 977.572507948 1832.095462287 6370.718598565 5.69924626739 4.69679552007 -2.22207666350
2024-05-30T08:17:00.000000 1316.938410279 2109.334866638 6222.345365602 5.60847347344 4.54085776138 -2.72175365264
2024-05-30T08:18:00.000000 1650.056613402 2376.566737835 6044.365022271 5.49106934022 4.36334075142 -3.20858925827
2024-05-30T08:19:00.000000 1975.344867022 2632.520708202 5837.617870336 5.34757623718 4.16507460168 -3.68026642478
2024-05-30T08:20:00.000000 2291.257278384 2875.979230675 5603.081236476 5.17866296686 3.94698859928 -4.13453696215
2024-05-30T08:21:00.000000 2596.291738894 3105.783358774 5341.865016891 4.98511949170 3.71010668608 -4.56923140570
2024-05-30T08:22:00.000000 2888.997099085 3320.838383205 5055.206644043 4.76785375969 3.45554504029 -4.98227033838
2024-05-30T08:23:00.000000 3167.980066345 3520.119142978 4744.465376496 4.52788570779 3.18450532790 -5.37167275724
2024-05-30T08:24:00.000000 3431.911908148 3702.675128251 4411.116156962 4.26634686412 2.89827291424 -5.73556716438
2024-05-30T08:25:00.000000 3679.534834935 3867.635088508 4056.742672864 3.98446954527 2.59820345926 -6.07219716045
2024-05-30T08:26:00.000000 3909.668383251 4014.211548278 3683.030620243 3.68360167510 2.28573575221 -6.37992743568
2024-05-30T08:27:00.000000 4121.215979022 4141.705204898 3291.758909496 3.36518342913 1.96236113447 -6.65728454468
2024-05-30T08:28:00.000000 4313.169697706 4249.507542249 2884.790929194 3.03073319908 1.62962112296 -6.90292477179
2024-05-30T08:29:00.000000 4484.615333020 4337.104338404 2464.066140195 2.68185393840 1.28911249426 -7.11565997742
2024-05-30T08:30:00.000000 4634.737049665 4404.078375401 2031.590510820 2.32022081009 0.94247159686 -7.29446183868
2024-05-30T08:31:00.000000 4762.821517644 4450.111633370 1589.426725435 1.94757391259 0.59136665522 -7.43846902274
2024-05-30T08:32:00.000000 4868.261538153 4474.986916164 1139.684039694 1.56570942204 0.23748919527 -7.54699167972
2024-05-30T08:33:00.000000 4950.559091349 4478.588975528 684.507773452 1.17646825859 -0.11745614024 -7.61951771609
2024-05-30T08:34:00.000000 5009.327687910 4460.905010880 226.068669687 0.78172596880 -0.47175996051 -7.65571197429
2024-05-30T08:35:00.000000 5044.294236877 4422.024731497 -233.447825143 0.38338560847 -0.82371700974 -7.65542048302
2024-05-30T08:36:00.000000 5055.300338900 4362.139629646 -691.852515638 -0.01663580323 -1.17164170090 -7.61867103193
2024-05-30T08:37:00.000000 5042.302709342 4281.541678936 -1146.963102952 -0.41641881059 -1.51386961471 -7.54566514785
2024-05-30T08:38:00.000000 5005.373221804 4180.622034531 -1596.614644045 -0.81404522651 -1.84876090777 -7.43678093882
2024-05-30T08:39:00.000000 4944.698532017 4059.869157978 -2038.670303584 -1.20761005832 -2.17471452933 -7.29257683433
2024-05-30T08:40:00.000000 4860.578833152 3919.866081257 -2471.031958598 -1.59523505693 -2.49018037953 -7.11378283719
2024-05-30T08:41:00.000000 4753.426047753 3761.287232310 -2891.650226820 -1.97507541368 -2.79366236125 -6.90129344542
2024-05-30T08:42:00.000000 4623.761546829 3584.895004044 -3298.534293329 -2.34532930032 -3.08372636338 -6.65616527617
2024-05-30T08:43:00.000000 4472.213316408 3391.535756617 -3689.761410587 -2.70424588351 -3.35900852326 -6.37960967430
2024-05-30T08:44:00.000000 4299.512647934 3182.135404824 -4063.486035041 -3.05013462741 -3.61822235794 -6.07298760780
2024-05-30T08:45:00.000000 4106.490130590 2957.694553891 -4417.948456171 -3.38137734571 -3.86016490650 -5.73779636152
2024-05-30T08:46:00.000000 3894.071212447 2719.283487984 -4751.482611005 -3.69643044965 -4.08371689673 -5.37565993217
2024-05-30T08:47:00.000000 3663.271582832 2468.036976601 -5062.523614959 -3.99383124611 -4.28784959510 -4.98832548305
2024-05-30T08:48:00.000000 3415.192048615 2205.148647475 -5349.614787776 -4.27220567118 -4.47162990492 -4.57765037076
2024-05-30T08:49:00.000000 3151.013170724 1931.865235634 -5611.413993666 -4.53027027458 -4.63422133746 -4.14559526030
2024-05-30T08:50:00.000000 2871.989480867 1649.480606800 -5846.699666836 -4.76684491759 -4.77489013429 -3.69421493283
2024-05-30T08:51:00.000000 2579.443207782 1359.329563226 -6054.375868912 -4.98085168975 -4.89300527753 -3.22564135541
2024-05-30T08:52:00.000000 2274.758182913 1062.781643996 -6233.476857292 -5.17131705465 -4.98804048321 -2.74208119130
2024-05-30T08:53:00.000000 1959.373286789 761.234764430 -6383.171184054 -5.33737960444 -5.05957612133 -2.24580121129
2024-05-30T08:54:00.000000 1634.775845107 456.108872972 -6502.764932234 -5.47828533217 -5.10729740746 -1.73911959549
2024-05-30T08:55:00.000000 1302.495016742 148.839507474 -6591.704839640 -5.59339670726 -5.13100065818 -1.22440393631
2024-05-30T08:56:00.000000 964.094498091 -159.128886864 -6649.580614590 -5.68219904937 -5.13059155468 -0.70404933921
2024-05-30T08:57:00.000000 621.165361462 -466.349412820 -6676.126241059 -5.74429385658 -5.10608280063 -0.18046939605
2024-05-30T08:58:00.000000 275.319059514 -771.379178854 -6671.220966768 -5.77940124330 -5.05759518838 0.34390935193
2024-05-30T08:59:00.000000 -71.819731617 -1072.785700265 -6634.889748979 -5.78736022768 -4.98535460241 0.86665666839
2024-05-30T09:00:00.000000 -418.620406500 -1369.153289306 -6567.303306559 -5.76813499267 -4.88969521015 1.38534774502
2024-05-30T09:01:00.000000 -763.453849494 -1659.089415679 -6468.777274869 -5.72180993273 -4.77105402819 1.89757663714
2024-05-30T09:02:00.000000 -1104.699694391 -1941.230945773 -6339.771015787 -5.64859362348 -4.62997468026 2.40096201256
2024-05-30T09:03:00.000000 -1440.753751157 -2214.250404505 -6180.885467857 -5.54881451752 -4.46709996818 2.89316693450
2024-05-30T09:04:00.000000 -1770.034989704 -2476.861757625 -5992.860506622 -5.42291706276 -4.28316930427 3.37189750143
2024-05-30T09:05:00.000000 -2090.992626805 -2727.826288997 -5776.572114110 -5.27146496178 -4.07902022593 3.83491288398
2024-05-30T09:06:00.000000 -2402.113264018 -2965.958414432 -5533.028842191 -5.09514075404 -3.85558567601 4.28003675304
2024-05-30T09:07:00.000000 -2701.928003638 -3190.131290345 -5263.367589062 -4.89474462381 -3.61389005546 4.70516929622
2024-05-30T09:08:00.000000 -2989.019365124 -3399.282171197 -4968.848657058 -4.67118939952 -3.35504462627 5.10829848240
2024-05-30T09:09:00.000000 -3262.027906442 -3592.417452806 -4650.850243553 -4.42549649300 -3.08024222788 5.48750748320
2024-05-30T09:10:00.000000 -3519.658682083 -3768.617484915 -4310.862502758 -4.15879385471 -2.79075454369 5.84098312101
2024-05-30T09:11:00.000000 -3760.687512865 -3927.041144863 -3950.481006637 -3.87231174865 -2.48792656031 6.16702601654
2024-05-30T09:12:00.000000 -3983.967012066 -4066.930100284 -3571.399630917 -3.56737865755 -2.17317196776 6.46406081281
2024-05-30T09:13:00.000000 -4188.432272562 -4187.612703080 -3175.402811006 -3.24541445257 -1.84796531945 6.73064522238
2024-05-30T09:14:00.000000 -4373.106178203 -4288.507448780 -2764.357345523 -2.90792445785 -1.51383571644 6.96547749578
2024-05-30T09:15:00.000000 -4537.104320904 -4369.126024335 -2340.203744872 -2.55649261011 -1.17235927726 7.16740321192
2024-05-30T09:16:00.000000 -4679.639553809 -4429.075941924 -1904.947204139 -2.19277599634 -0.82515290102 7.33542217325
2024-05-30T09:17:00.000000 -4800.026125714 -4468.062740734 -1460.648080878 -1.81849540848 -0.47386570339 7.46869679942
2024-05-30T09:18:00.000000 -4897.683194864 -4485.891656282 -1009.412028749 -1.43542611299 -0.12017057506 7.56655512420
2024-05-30T09:19:00.000000 -4972.137932656 -4482.468829663 -553.379930872 -1.04539170965 0.23424333519 7.62849598359
2024-05-30T09:20:00.000000 -5023.028113712 -4457.802005162 -94.717510170 -0.65025395403 0.58767986111 7.65419286726
2024-05-30T09:21:00.000000 -5050.104129193 -4412.000679643 364.395242418 -0.25190288824 0.93844509120 7.64349709719
2024-05-30T09:22:00.000000 -5053.230339836 -4345.275687145 821.774755909 0.14775393296 1.28485634939 7.59643802537
2024-05-30T09:23:00.000000 -5032.385860813 -4257.938272838 1275.244579503 0.54680062047 1.62525077701 7.51322354871
2024-05-30T09:24:00.000000 -4987.664766914 -4150.398655402 1722.646061421 0.94332264757 1.95799336292 7.39423901736
2024-05-30T09:25:00.000000 -4919.275690136 -4023.164093046 2161.848985540 1.33541805902 2.28148624519 7.24004628831
2024-05-30T09:26:00.000000 -4827.540753567 -3876.836400867 2590.761995752 1.72120677863 2.59417617708 7.05137828140
2024-05-30T09:27:00.000000 -4712.894041269 -3712.109053952 3007.342813073 2.09883853771 2.89456300402 6.82913742868
2024-05-30T09:28:00.000000 -4575.879512450 -3529.763717717 3409.608281284 2.46650303344 3.18120836276 6.57439158714
2024-05-30T09:29:00.000000 -4417.148193578 -3330.666301092 3795.644130456 2.82244371915 3.45274369158 6.28836702041
2024-05-30T09:30:00.000000 -4237.454696925 -3115.762606391 4163.614125086 3.16496499109 3.70787501884 5.97243727730
2024-05-30T09:31:00.000000 -4037.653424034 -2886.073716082 4511.768718633 3.49243729491 3.94538839674 5.62811762065
2024-05-30T09:32:00.000000 -3818.694370087 -2642.690959247 4838.453329537 3.80330487052 4.16415680962 5.25705655633
2024-05-30T09:33:00.000000 -3581.618540259 -2386.770617359 5142.116071426 4.09609036379 4.36314258801 4.86102831765
2024-05-30T09:34:00.000000 -3327.552965603 -2119.528357288 5421.315241004 4.36940692142 4.54140603011 4.44192864556
2024-05-30T09:35:00.000000 -3057.704998797 -1842.233229079 5674.725979971 4.62196268537 4.69810642133 4.00175612171
2024-05-30T09:36:00.000000 -2773.356531148 -1556.201623729 5901.146433605 4.85256740471 4.83250851228 3.54260909598
2024-05-30T09:37:00.000000 -2475.857715801 -1262.790824986 6099.503122418 5.06013549619 4.94398311975 3.06666743426
2024-05-30T09:38:00.000000 -2166.620603740 -963.392760718 6268.855789985 5.24369082322 5.03200592850 2.57619116322
2024-05-30T09:39:00.000000 -1847.112361190 -659.427456635 6408.401879968 5.40237291378 5.09616543691 2.07350740493
2024-05-30T09:40:00.000000 -1518.848258350 -352.336204737 6517.480065669 5.53543871159 5.13616382800 1.56099448424
2024-05-30T09:41:00.000000 -1183.384629084 -43.574828150 6595.573041313 5.64226295092 5.15181444387 1.04107407049
2024-05-30T09:42:00.000000 -842.311647394 265.393035877 6642.309934521 5.72234412495 5.14304416058 0.51620306787
2024-05-30T09:43:00.000000 -497.245832383 573.102777560 6657.467904719 5.77530461501 5.10989297870 -0.01114262163
2024-05-30T09:44:00.000000 -149.822653377 878.095543254 6640.973115693 5.80089135696 5.05251311564 -0.53847339854
2024-05-30T09:45:00.000000 198.311064816 1178.925025158 6592.901231473 5.79897898861 4.97117062883 -1.06329785158
2024-05-30T09:46:00.000000 545.504795069 1474.164261664 6513.477126941 5.76956947775 4.86624399192 -1.58313547723
2024-05-30T09:47:00.000000 890.111976644 1762.412312796 6403.073885020 5.71279290695 4.73822137057 -2.09552847521
2024-05-30T09:48:00.000000 1230.497657164 2042.300744584 6262.211156490 5.62890612702 4.58769809267 -2.59805055637
2024-05-30T09:49:00.000000 1565.046098544 2312.500018772 6091.552992381 5.51829316916 4.41537526653 -3.08831576074
2024-05-30T09:50:00.000000 1892.168506038 2571.725866866 5891.905074095 5.38146763463 4.22206012541 -3.56399275908
2024-05-30T09:51:00.000000 2210.310603498 2818.745444301 5664.210929984 5.21906548834 4.00865871054 -4.02281893516
2024-05-30T09:52:00.000000 2517.959857206 3052.383154379 5409.547615826 5.03184202921 3.77617253990 -4.46260713261
2024-05-30T09:53:00.000000 2813.652638826 3271.526262464 5129.120964715 4.82067192945 3.52569479565 -4.88125388595
2024-05-30T09:54:00.000000 3095.981291823 3475.130236826 4824.260270604 4.58654604747 3.25840545889 -5.27674807761
2024-05-30T09:55:00.000000 3363.601133920 3662.223976922 4496.412414333 4.33057188526 2.97557148272 -5.64718552395
2024-05-30T09:56:00.000000 3615.237119141 3831.914728935 4147.134887877 4.05396147046 2.67853570033 -5.99078299974
2024-05-30T09:57:00.000000 3849.690036419 3983.392478276 3778.088539401 3.75803049606 2.36871312808 -6.30588070335
2024-05-30T09:58:00.000000 4065.842560614 4115.934192054 3391.029726339 3.44419140701 2.04758644866 -6.59095746638
2024-05-30T09:59:00.000000 4262.664753983 4228.907415747 2987.801600584 3.11394240620 1.71668960223 -6.84464116256
2024-05-30T10:00:00.000000 4439.218945948 4321.773131397 2570.325311227 2.76886118795 1.37760392970 -7.06570350265
2024-05-30T10:01:00.000000 4594.664614816 4394.088716873 2140.591203987 2.41060780248 1.03196064830 -7.25307073861
2024-05-30T10:02:00.000000 4728.262893555 4445.510526295 1700.648832807 2.04090688499 0.68142401518 -7.40584308674
2024-05-30T10:03:00.000000 4839.380023002 4475.795430938 1252.596646522 1.66153655924 0.32767947119 -7.52329037238
2024-05-30T10:04:00.000000 4927.490370306 4484.801918228 798.571826806 1.27432235637 -0.02757180426 -7.60485153592
2024-05-30T10:05:00.000000 4992.179216789 4472.490956474 340.739981756 0.88113435779 -0.38261626293 -7.65014327168
2024-05-30T10:06:00.000000 5033.144892730 4438.926268674 -118.715934306 0.48386702755 -0.73574596626 -7.65896889802
2024-05-30T10:07:00.000000 5050.199916872 4384.273662129 -577.606382849 0.08443286303 -1.08526515530 -7.63130562829
2024-05-30T10:08:00.000000 5043.271960642 4308.800267489 -1033.745913434 -0.31524528542 -1.42949448420 -7.56731357807
2024-05-30T10:09:00.000000 5012.403965641 4212.873127027 -1484.964129861 -0.71324966887 -1.76678499902 -7.46733315255
2024-05-30T10:10:00.000000 4957.753595679 4096.957062624 -1929.116289270 -1.10767496261 -2.09552719656 -7.33187832541
2024-05-30T10:11:00.000000 4879.592270804 3961.612169494 -2364.093646772 -1.49663628963 -2.41415592060 -7.16163505328
2024-05-30T10:12:00.000000 4778.303616855 3807.490891801 -2787.833719584 -1.87828021552 -2.72115972558 -6.95745837686
2024-05-30T10:13:00.000000 4654.381268168 3635.334545408 -3198.330216370 -2.25079457587 -3.01508857867 -6.72036516468
2024-05-30T10:14:00.000000 4508.426154161 3445.969465275 -3593.642582351 -2.61241662893 -3.29455983348 -6.45152905127
2024-05-30T10:15:00.000000 4341.143228604 3240.302714511 -3971.905209924 -2.96144317853 -3.55826633778 -6.15227296953
2024-05-30T10:16:00.000000 4153.337636859 3019.317390429 -4331.336094300 -3.29623894703 -3.80498126852 -5.82405899678
2024-05-30T10:17:00.000000 3945.910463059 2784.067734304 -4670.244907112 -3.61524196320 -4.03356065382 -5.46848010336
2024-05-30T10:18:00.000000 3719.854161170 2535.673962974 -4987.040677758 -3.91696985478 -4.24295055040 -5.08725350979
2024-05-30T10:19:00.000000 3476.247571070 2275.316736245 -5280.238927060 -4.20002625912 -4.43219035355 -4.68221042315
2024-05-30T10:20:00.000000 3216.250606959 2004.231437939 -5548.468280730 -4.46310607603 -4.60041771181 -4.25528809513
2024-05-30T10:21:00.000000 2941.098593259 1723.702125132 -5790.476491434 -4.70500174295 -4.74687274854 -3.80851817299
2024-05-30T10:22:00.000000 2652.096250851 1435.055384365 -6005.135771846 -4.92460838370 -4.87089744083 -3.34401633120
2024-05-30T10:23:00.000000 2350.611383796 1139.654191388 -6191.447575139 -5.12092877451 -4.97193767592 -2.86397267811
2024-05-30T10:24:00.000000 2038.068375578 838.891589220 -6348.546664353 -5.29307395112 -5.04954521838 -2.37063945676
2024-05-30T10:25:00.000000 1715.941670969 534.184302556 -6475.704635543 -5.44026477510 -5.10337956218 -1.86632396338
2024-05-30T10:26:00.000000 1385.749107742 226.966209022 -6572.332927132 -5.56183445465 -5.13320914572 -1.35337925660
2024-05-30T10:27:00.000000 1049.044956734 -81.318169391 -6637.985350105 -5.65723697425 -5.13891100620 -0.83419520840
2024-05-30T10:28:00.000000 707.412640192 -389.220193795 -6672.359752913 -5.72604499444 -5.12047064590 -0.31118164112
2024-05-30T10:29:00.000000 362.457747825 -695.293578546 -6675.299023360 -5.76794740546 -5.07798032661 0.21323753290
2024-05-30T10:30:00.000000 15.800964570 -998.100750247 -6646.791837136 -5.78275343103 -5.01163963909 0.73662775014
2024-05-30T10:31:00.000000 -330.929338733 -1296.219446177 -6586.972820054 -5.77039714410 -4.92175781004 1.25656207311
2024-05-30T10:32:00.000000 -676.104463019 -1588.249030749 -6496.121750378 -5.73093351848 -4.80874681582 1.77062915221
2024-05-30T10:33:00.000000 -1018.102676498 -1872.816787823 -6374.662403467 -5.66453954933 -4.67312525709 2.27644346102
2024-05-30T10:34:00.000000 -1355.316427230 -2148.584151263 -6223.160578981 -5.57151050931 -4.51551144421 2.77165689483
2024-05-30T10:35:00.000000 -1686.159443969 -2414.252557583 -6042.321767540 -5.45226071558 -4.33662071596 3.25396233864
2024-05-30T10:36:00.000000 -2009.073900160 -2668.569319283 -5832.988459420 -5.30732439587 -4.13726743146 3.72110198117
2024-05-30T10:37:00.000000 -2322.537671594 -2910.333587014 -5596.136747724 -5.13735689289 -3.91836396679 4.17088330296
2024-05-30T10:38:00.000000 -2625.071435489 -3138.401971657 -5332.871999821 -4.94312853234 -3.68091225775 4.60119048487
2024-05-30T10:39:00.000000 -2915.245446853 -3351.693811608 -5044.424097901 -4.72552133552 -3.42600099075 5.00999025673
2024-05-30T10:40:00.000000 -3191.686173737 -3549.196314297 -4732.142227876 -4.48552658959 -3.15480360639 5.39534059581
2024-05-30T10:41:00.000000 -3453.082776932 -3729.969548221 -4397.489113323 -4.22424258374 -2.86857407278 5.75540008635
2024-05-30T10:42:00.000000 -3698.193575368 -3893.151111034 -4042.034724769 -3.94287622094 -2.56864194926 6.08843860744
2024-05-30T10:43:00.000000 -3925.852259682 -4037.960407939 -3667.449062010 -3.64272962583 -2.25640350698 6.39285202151
2024-05-30T10:44:00.000000 -4134.973330801 -4163.702628626 -3275.494679960 -3.32519637251 -1.93332164957 6.66716042783
2024-05-30T10:45:00.000000 -4324.557774496 -4269.772459567 -2868.018782485 -2.99176307709 -1.60091416593 6.91002501708
2024-05-30T10:46:00.000000 -4493.698135131 -4355.657114337 -2446.944474253 -2.64399389768 -1.26074715984 7.12025498142
2024-05-30T10:47:00.000000 -4641.583001231 -4420.939031316 -2014.261777012 -2.28352513291 -0.91442732142 7.29681038335
2024-05-30T10:48:00.000000 -4767.501238369 -4465.298240922 -1572.018504289 -1.91206260314 -0.56360062402 7.43880768366
2024-05-30T10:49:00.000000 -4870.845921302 -4488.514423898 -1122.310410238 -1.53137211116 -0.20994045995 7.54553323081
2024-05-30T10:50:00.000000 -4951.117562924 -4490.468218911 -667.270828362 -1.14326631157 0.14486350028 7.61644875544
2024-05-30T10:51:00.000000 -5007.926513328 -4471.141813178 -209.060216508 -0.74959331356 0.49911683535 7.65118722238
2024-05-30T10:52:00.000000 -5040.994996483 -4430.619140918 250.144102987 -0.35223282274 0.85112340258 7.64955484242
2024-05-30T10:53:00.000000 -5050.158725218 -4369.085716714 708.158507733 0.04691362982 1.19919494286 7.61153568000
2024-05-30T10:54:00.000000 -5035.367894065 -4286.827881478 1162.803794525 0.44593332475 1.54166063939 7.53729285431
2024-05-30T10:55:00.000000 -4996.687562160 -4184.231476401 1611.915867389 0.84291155202 1.87687563919 7.42716688191
2024-05-30T10:56:00.000000 -4934.297453083 -4061.780058955 2053.356418030 1.23594321505 2.20322943404 7.28167644101
2024-05-30T10:57:00.000000 -4848.491037822 -3920.052543564 2485.023459096 1.62314273031 2.51915497046 7.10151281291
2024-05-30T10:58:00.000000 -4739.674131885 -3759.720379732 2904.861644621 2.00265328841 2.82313667960 6.88753906636
2024-05-30T10:59:00.000000 -4608.362771418 -3581.544155678 3310.872380363 2.37265899456 3.11371983711 6.64078217750
2024-05-30T11:00:00.000000 -4455.180563030 -3386.369800088 3701.123433494 2.73139113493 3.38951551292 6.36242679491
2024-05-30T11:01:00.000000 -4280.855579180 -3175.124391329 4073.758268443 3.07713820483 3.64920894250 6.05380980756
2024-05-30T11:02:00.000000 -4086.216659354 -2948.811542726 4427.004891606 3.40825366183 3.89156441232 5.71641149382
2024-05-30T11:03:00.000000 -3872.189303915 -2708.506490869 4759.184274511 3.72316356748 4.11543135376 5.35184861928
2024-05-30T11:04:00.000000 -3639.791098020 -2455.350861348 5068.718223951 4.02037294674 4.31974755343 4.96186490045
2024-05-30T11:05:00.000000 -3390.126793350 -2190.547164734 5354.136873013 4.29847344612 4.50354778958 4.54832491903
2024-05-30T11:06:00.000000 -3124.382805449 -1915.352931031 5614.085432872 4.55615093553 4.66596134134 4.11319987526
2024-05-30T11:07:00.000000 -2843.821584754 -1631.074939691 5847.330691905 4.79218694691 4.80622179942 3.65856900692
2024-05-30T11:08:00.000000 -2549.775502534 -1339.062563861 6052.766813881 5.00546999966 4.92367337302 3.18659600163
2024-05-30T11:09:00.000000 -2243.640361063 -1040.701368351 6229.420177604 5.19499802960 5.01776692414 2.69952337188
2024-05-30T11:10:00.000000 -1926.868682036 -737.406533097 6376.453768348 5.35988280721 5.08806423864 2.19966008496
2024-05-30T11:11:00.000000 -1600.962818000 -430.616195364 6493.170837759 5.49935175994 5.13423846996 1.68937086141
2024-05-30T11:12:00.000000 -1267.467984750 -121.784756235 6579.017957067 5.61274916580 5.15607457225 1.17106721803
2024-05-30T11:13:00.000000 -927.965083568 187.623891046 6633.587563249 5.69954234067 5.15347119210 0.64719725693
2024-05-30T11:14:00.000000 -584.063251058 496.143130878 6656.619728819 5.75932234777 5.12643885047 0.12023283969
2024-05-30T11:15:00.000000 -237.392438677 802.310385300 6648.003361468 5.79180477706 5.07510194926 -0.40733861053
2024-05-30T11:16:00.000000 110.404128869 1104.673954011 6607.776768503 5.79683178606 4.99969820739 -0.93302654974
2024-05-30T11:17:00.000000 457.677579309 1401.799747116 6536.127522583 5.77437311228 4.90057697362 -1.45434785371
2024-05-30T11:18:00.000000 802.781022311 1692.277967101 6433.391663602 5.72452476049 4.77819811260 -1.96883812168
2024-05-30T11:19:00.000000 1144.077160089 1974.729646640 6300.052366631 5.64751123465 4.63312927076 -2.47405878870
2024-05-30T11:20:00.000000 1479.946061712 2247.813145368 6136.738004600 5.54368645998 4.46604716365 -2.96761153859
2024-05-30T11:21:00.000000 1808.792815246 2510.230590262 5944.219255855 5.41352975151 4.27773261338 -3.44715252735
2024-05-30T11:22:00.000000 2129.054967041 2760.733978758 5723.405643090 5.25764392828 4.06906732444 -3.91039894313
2024-05-30T11:23:00.000000 2439.209947719 2998.131192759 5475.341518299 5.07675515268 3.84103122266 -4.35514134174
2024-05-30T11:24:00.000000 2737.782370058 3221.291676999 5201.201364272 4.87170950436 3.59469579182 -4.77925270409
2024-05-30T11:25:00.000000 3023.351137111 3429.151887350 4902.284587408 4.64347032224 3.33122326920 -5.18069791129
2024-05-30T11:26:00.000000 3294.556425766 3620.720644886 4580.009556313 4.39311502907 3.05186190037 -5.55754976957
2024-05-30T11:27:00.000000 3550.106166120 3795.083987875 4235.906850372 4.12182493684 2.75793668175 -5.90799428951
2024-05-30T11:28:00.000000 3788.782435233 3951.409670825 3871.612269553 3.83088889865 2.45084498938 -6.23034149835
2024-05-30T11:29:00.000000 4009.447571604 4088.951328074 3488.859064130 3.52169259666 2.13205227440 -6.52303395990
2024-05-30T11:30:00.000000 4211.049802687 4207.052392938 3089.469680649 3.19571211164 1.80308376237 -6.78465705494
2024-05-30T11:31:00.000000 4392.628527473 4305.149357105 2675.347010189 2.85450908788 1.46551556340 -7.01394577431
2024-05-30T11:32:00.000000 4553.319122621 4382.774643614 2248.465144125 2.49972003681 1.12096772044 -7.20979214046
2024-05-30T11:33:00.000000 4692.357299517 4439.558977257 1810.859813514 2.13305116754 0.77109555030 -7.37125094618
2024-05-30T11:34:00.000000 4809.082922504 4475.233305678 1364.618451397 1.75626710857 0.41758375686 -7.49754476391
2024-05-30T11:35:00.000000 4902.943362407 4489.630276629 911.869878696 1.37118480309 0.06213456575 -7.58807252342
2024-05-30T11:36:00.000000 4973.496234504 4482.684890655 454.773702611 0.97966042797 -0.29354247580 -7.64240856789
2024-05-30T11:37:00.000000 5020.411513274 4454.434907509 -4.490270965 0.58358155465 -0.64773355752 -7.66030663654
2024-05-30T11:38:00.000000 5043.473076774 4405.020685614 -463.732897055 0.18485595090 -0.99873414112 -7.64170110189
2024-05-30T11:39:00.000000 5042.579682830 4334.684354252 -920.766540123 -0.21459687844 -1.34485845377 -7.58670826935
2024-05-30T11:40:00.000000 5017.745302579 4243.768368403 -1373.415927264 -0.61285750703 -1.68444912608 -7.49562321844
2024-05-30T11:41:00.000000 4969.098826979 4132.713598090 -1819.528795308 -1.00801656605 -2.01588425360 -7.36891739548
2024-05-30T11:42:00.000000 4896.883152410 4002.056987653 -2256.986380630 -1.39818473527 -2.33758466163 -7.20723557267
2024-05-30T11:43:00.000000 4801.453683860 3852.428714429 -2683.713725091 -1.78150298371 -2.64802323929 -7.01139219970
2024-05-30T11:44:00.000000 4683.276212896 3684.548833282 -3097.689645185 -2.15615178771 -2.94573228916 -6.78236404760
2024-05-30T11:45:00.000000 4542.924371745 3499.223522228 -3496.956281053 -2.52035737689 -3.22930958072 -6.52128448217
2024-05-30T11:46:00.000000 4381.076591586 3297.340991042 -3879.628363201 -2.87240190735 -3.49742417345 -6.22943874517
2024-05-30T11:47:00.000000 4198.512485461 3079.866964285 -4243.902103765 -3.21063170069 -3.74882446898 -5.90825619868
2024-05-30T11:48:00.000000 3996.108767891 2847.839720184 -4588.063577250 -3.53346514916 -3.98234448417 -5.55930130944
2024-05-30T11:49:00.000000 3774.834685815 2602.364815194 -4910.496524876 -3.83940053128 -4.19690820618 -5.18426346775
2024-05-30T11:50:00.000000 3535.747039439 2344.609559984 -5209.689545977 -4.12702215117 -4.39153385542 -4.78494657886
2024-05-30T11:51:00.000000 3279.984892572 2075.797310242 -5484.242623889 -4.39500382144 -4.56533496712 -4.36325860383
2024-05-30T11:52:00.000000 3008.764051318 1797.201705721 -5732.873214286 -4.64211497778 -4.71752214137 -3.92120542787
2024-05-30T11:53:00.000000 2723.371245242 1510.140782385 -5954.421841527 -4.86722233346 -4.84740657651 -3.46088308785
2024-05-30T11:54:00.000000 2425.158051848 1215.970664212 -6147.857271903 -5.06929944382 -4.95440719373 -2.98446735493
2024-05-30T11:55:00.000000 2115.534292209 916.079165102 -6312.280850190 -5.24743123081 -5.03804916091 -2.49419984879
2024-05-30T11:56:00.000000 1795.961349175 611.879332361 -6446.930096873 -5.40081423926 -5.09796603403 -1.99237584963
2024-05-30T11:57:00.000000 1467.945520459 304.803050144 -6551.181640606 -5.52875464841 -5.13389646195 -1.48133773061
2024-05-30T11:58:00.000000 1133.031206689 -3.705460873 -6624.553970467 -5.63067808637 -5.14569125868 -0.96346758216
2024-05-30T11:59:00.000000 792.793702558 -312.196281231 -6666.709161824 -5.70612772421 -5.13330848255 -0.44116864154
2024-05-30T12:00:00.000000 448.832260810 -619.220115792 -6677.454089392 -5.75476240487 -5.09681141197 0.08313573675
2024-05-30T12:01:00.000000 102.762986683 -923.334795909 -6656.741461925 -5.77636257002 -5.03637516385 0.60701105719
2024-05-30T12:02:00.000000 -243.788542157 -1223.111942142 -6604.669894113 -5.77083145624 -4.95228270407 1.12803014211
2024-05-30T12:03:00.000000 -589.194556475 -1517.143265423 -6521.483276819 -5.73819281222 -4.84492102889 1.64377834613
2024-05-30T12:04:00.000000 -931.832350208 -1804.046856943 -6407.569781846 -5.67859162623 -4.71478221607 2.15186325469
2024-05-30T12:05:00.000000 -1270.091508117 -2082.473385762 -6263.460184331 -5.59229244303 -4.56245960599 2.64992456904
2024-05-30T12:06:00.000000 -1602.381125980 -2351.112145697 -6089.825723924 -5.47968121862 -4.38864687481 3.13564302818
2024-05-30T12:07:00.000000 -1927.137020047 -2608.696936917 -5887.475292175 -5.34126228672 -4.19413380482 3.60674985171
2024-05-30T12:08:00.000000 -2242.828836655 -2854.011911213 -5657.352228120 -5.17765901608 -3.97980932828 4.06103497408
2024-05-30T12:09:00.000000 -2547.967110163 -3085.897421192 -5400.530296291 -4.98960992170 -3.74665596165 4.49636252914
2024-05-30T12:10:00.000000 -2841.110074705 -3303.255379177 -5118.209094213 -4.77796712978 -3.49574316087 4.91067456546
2024-05-30T12:11:00.000000 -3120.870581075 -3505.054481101 -4811.709085920 -4.54369859725 -3.22822699161 5.30200329326
2024-05-30T12:12:00.000000 -3385.922827720 -3690.335221085 -4482.465711691 -4.28787956832 -2.94534348452 5.66848503866
2024-05-30T12:13:00.000000 -3635.008597210 -3858.214523267 -4132.022984879 -4.01168727995 -2.64840356063 6.00836547811
2024-05-30T12:14:00.000000 -3866.943313685 -4007.890101851 -3762.026702667 -3.71639876758 -2.33878841655 6.32000778093
2024-05-30T12:15:00.000000 -4080.621891127 -4138.644490268 -3374.217080299 -3.40338517900 -2.01794311128 6.60190307990
2024-05-30T12:16:00.000000 -4275.024147408 -4249.848735813 -2970.420851115 -3.07410511916 -1.68737259813 6.85267734048
2024-05-30T12:17:00.000000 -4449.219998566 -4340.965819127 -2552.542919536 -2.73010216230 -1.34863437749 7.07110064597
2024-05-30T12:18:00.000000 -4602.374277005 -4411.553501125 -2122.557469248 -2.37299507804 -1.00332943133 7.25609447092
2024-05-30T12:19:00.000000 -4733.751034344 -4461.266756106 -1682.498681881 -2.00447134697 -0.65309573781 7.40673881175
2024-05-30T12:20:00.000000 -4842.717412040 -4489.859723693 -1234.450981600 -1.62627760572 -0.29959903492 7.52228009947
2024-05-30T12:21:00.000000 -4928.746842096 -4497.187036858 -780.539040144 -1.24021053278 0.05547696713 7.60212924496
2024-05-30T12:22:00.000000 -4991.422016086 -4483.204871742 -322.917675264 -0.84811153559 0.41043374545 7.64587312351
2024-05-30T12:23:00.000000 -5030.437102958 -4447.971434382 136.238683162 -0.45185677824 0.76356858721 7.65327149828
2024-05-30T12:24:00.000000 -5045.599629491 -4391.646982970 594.746830488 -0.05334263846 1.11318680266 7.62427149869
2024-05-30T12:25:00.000000 -5036.831162595 -4314.492897067 1050.425532505 0.34552407820 1.45761163068 7.55899087811
2024-05-30T12:26:00.000000 -5004.168012406 -4216.870619309 1501.105977109 0.74282787484 1.79518670499 7.45772869638
2024-05-30T12:27:00.000000 -4947.761113185 -4099.239791732 1944.642782344 1.13666700113 2.12429731499 7.32096193983
2024-05-30T12:28:00.000000 -4867.875062864 -3962.155912988 2378.924051120 1.52515255371 2.44336132803 7.14933337694
2024-05-30T12:29:00.000000 -4764.887201602 -3806.268062316 2801.881891011 1.90641990841 2.75084595223 6.94366544947
2024-05-30T12:30:00.000000 -4639.285538233 -3632.315460622 3211.502706553 2.27864503429 3.04527934191 6.70494307218
2024-05-30T12:31:00.000000 -4491.666339763 -3441.123791789 3605.836801891 2.64004525068 3.32525281373 6.43431275936
2024-05-30T12:32:00.000000 -4322.731108281 -3233.601049857 3983.007995673 2.98889777930 3.58943249613 6.13307491580
2024-05-30T12:33:00.000000 -4133.282790080 -3010.733030108 4341.222340159 3.32354281005 3.83655778044 5.80266988230
2024-05-30T12:34:00.000000 -3924.222109098 -2773.578861957 4678.776729705 3.64238389180 4.06544914955 5.44468603988
2024-05-30T12:35:00.000000 -3696.543153274 -2523.265531779 4994.067320648 3.94390635412 4.27502352128 5.06083920693
2024-05-30T12:36:00.000000 -3451.328359224 -2260.982270513 5285.596823201 4.22668119220 4.46428971212 4.65296551699
2024-05-30T12:37:00.000000 -3189.743164937 -1987.974848784 5551.981536983 4.48937149511 4.63235505494 4.22301292725
2024-05-30T12:38:00.000000 -2913.030352622 -1705.539592766 5791.957733375 4.73073656916 4.77842746894 3.77303149806
2024-05-30T12:39:00.000000 -2622.504099485 -1415.017195955 6004.387594206 4.94963940100 4.90182160254 3.30516634673
2024-05-30T12:40:00.000000 -2319.543461600 -1117.786110369 6188.264387318 5.14505370143 5.00196371721 2.82163824589
2024-05-30T12:41:00.000000 -2005.585897327 -815.255990283 6342.716672259 5.31605987722 5.07838737942 2.32473655982
2024-05-30T12:42:00.000000 -1682.120573384 -508.861230487 6467.012303484 5.46185521618 5.13073459053 1.81681295824
2024-05-30T12:43:00.000000 -1350.681243810 -200.054348294 6560.561782720 5.58175588064 5.15876013682 1.30026848700
2024-05-30T12:44:00.000000 -1012.839125132 109.700851207 6622.920890320 5.67519781889 5.16233278465 0.77754332478
2024-05-30T12:45:00.000000 -670.195573035 418.936109643 6653.792707568 5.74174047450 5.14143535356 0.25110505322
2024-05-30T12:46:00.000000 -324.374671635 726.185539419 6653.028920437 5.78106718271 5.09616395437 -0.27656187079
2024-05-30T12:47:00.000000 22.984278400 1029.992405913 6620.630531869 5.79298759085 5.02672744643 -0.80296652862
2024-05-30T12:48:00.000000 370.234341883 1328.915881186 6556.747934688 5.77743753622 4.93344712690 -1.32562153849
2024-05-30T12:49:00.000000 715.728632004 1621.537782553 6461.680424492 5.73448409724 4.81675624372 -1.84205403052
2024-05-30T12:50:00.000000 1057.828156660 1906.469131503 6335.874753802 5.66432100473 4.67719422086 -2.34982227779
2024-05-30T12:51:00.000000 1394.909240790 2182.356574502 6179.923253633 5.56726657511 4.51540998402 -2.84651707220
2024-05-30T12:52:00.000000 1725.371160794 2447.888928705 5994.561437656 5.44376721753 4.33215910429 -3.32977720360
2024-05-30T12:53:00.000000 2047.643802821 2701.803419921 5780.664750957 5.29439664926 4.12829915297 -3.79730165018
2024-05-30T12:54:00.000000 2360.195173498 2942.891709687 5539.244599192 5.11985081385 3.90478652467 -4.24686085589
2024-05-30T12:55:00.000000 2661.538612250 3170.005723637 5271.443779239 4.92094445797 3.66267295096 -4.67630650807
2024-05-30T12:56:00.000000 2950.239856200 3382.063232328 4978.531312199 4.69860940701 3.40310064216 -5.08358083778
2024-05-30T12:57:00.000000 3224.924050021 3578.053112655 4661.896703074 4.45389337525 3.12729656456 -5.46672767666
2024-05-30T12:58:00.000000 3484.282511150 3757.040273584 4323.043510114 4.18795339816 2.83656772561 -5.82390266505
2024-05-30T12:59:00.000000 3727.079154830 3918.170344774 3963.582352193 3.90205154830 2.53229630792 -6.15338349499
2024-05-30T13:00:00.000000 3952.156623262 4060.673925079 3585.223318555 3.59754919030 2.21593184703 -6.45357759801
2024-05-30T13:01:00.000000 4158.442099703 4183.870551753 3189.767933070 3.27590175450 1.88898844628 -6.72303213931
2024-05-30T13:02:00.000000 4344.952689464 4287.172295108 2779.100388474 2.93864963868 1.55303431741 -6.96044552823
2024-05-30T13:03:00.000000 4510.800256302 4370.086676630 2355.178315391 2.58740987110 1.20968176125 -7.16467198802
2024-05-30T13:04:00.000000 4655.195823473 4432.219108765 1920.023299901 2.22386965818 0.86058031134 -7.33472657150
2024-05-30T13:05:00.000000 4777.453556540 4473.274896539 1475.711023033 1.84977821136 0.50740870312 -7.46979206472
2024-05-30T13:06:00.000000 4876.994172081 4493.060743121 1024.361063734 1.46693651124 0.15186704169 -7.56922276950
2024-05-30T13:07:00.000000 4953.347844254 4491.485789489 568.126504961 1.07719111498 -0.20433230476 -7.63254882782
2024-05-30T13:08:00.000000 5006.156604383 4468.561971609 109.183223811 0.68242148383 -0.55947652376 -7.65947989427
2024-05-30T13:09:00.000000 5035.175968219 4424.403874947 -350.280827511 0.28452966138 -0.91185762302 -7.64990421094
2024-05-30T13:10:00.000000 5040.276045257 4359.228239910 -808.076440506 -0.11456821894 -1.25978077201 -7.60389254602
2024-05-30T13:11:00.000000 5021.442004933 4273.352679163 -1262.024110019 -0.51295497151 -1.60157995224 -7.52169557755
2024-05-30T13:12:00.000000 4978.773921800 4167.193856400 -1709.964608491 -0.90871867428 -1.93561996850 -7.40373943677
2024-05-30T13:13:00.000000 4912.486138743 4041.265387690 -2149.769606422 -1.29996469425 -2.26030648292 -7.25062715398
2024-05-30T13:14:00.000000 4822.905845780 3896.175054695 -2579.352089496 -1.68482734684 -2.57409615801 -7.06313149864
2024-05-30T13:15:00.000000 4710.471192452 3732.621517352 -2996.676359934 -2.06147489173 -2.87550444108 -6.84218979300
2024-05-30T13:16:00.000000 4575.728909875 3551.390640171 -3399.767777271 -2.42812165282 -3.16310919478 -6.58889897278
2024-05-30T13:17:00.000000 4419.331267939 3353.351570772 -3786.722179498 -2.78303678603 -3.43555864845 -6.30451001921
2024-05-30T13:18:00.000000 4242.032536605 3139.452242681 -4155.714843242 -3.12455234078 -3.69157897993 -5.99041885975
2024-05-30T13:19:00.000000 4044.684957485 2910.714516903 -4505.008969699 -3.45107189217 -3.92998104499 -5.64815824475
2024-05-30T13:20:00.000000 3828.234279845 2668.228951099 -4832.963542102 -3.76107572670 -4.14966460481 -5.27938709900
2024-05-30T13:21:00.000000 3593.714948202 2413.149324951 -5138.040667796 -4.05312857025 -4.34962309638 -4.88588157719
2024-05-30T13:22:00.000000 3342.244888786 2146.687040706 -5418.812221865 -4.32588285833 -4.52894198361 -4.46952425689
2024-05-30T13:23:00.000000 3075.020096036 1870.105445854 -5673.966174009 -4.57808550380 -4.68680613590 -4.03229951495
2024-05-30T13:24:00.000000 2793.308890093 1584.713750127 -5902.312238481 -4.80857883440 -4.82250168343 -3.57628131171
2024-05-30T13:25:00.000000 2498.445936422 1291.860843580 -6102.787151151 -5.01631058040 -4.93542073477 -3.10362648388
2024-05-30T13:26:00.000000 2191.825818013 992.928886352 -6274.459174547 -5.20033629019 -5.02506212591 -2.61656142291
2024-05-30T13:27:00.000000 1874.896413690 689.326902089 -6416.531986095 -5.35982409952 -5.09103148733 -2.11737122410
2024-05-30T13:28:00.000000 1549.152154988 382.484334005 -6528.347861713 -5.49405435233 -5.13304318556 -1.60838935131
2024-05-30T13:29:00.000000 1216.127179111 73.844472872 -6609.390291281 -5.60242415591 -5.15092070305 -1.09198741021
2024-05-30T13:30:00.000000 877.388253944 -235.141974124 -6659.285908085 -5.68444794971 -5.14459306762 -0.57056419332
2024-05-30T13:31:00.000000 534.527802864 -543.023274394 -6677.805986046 -5.73975689676 -5.11409810523 -0.04654082087
2024-05-30T13:32:00.000000 189.156767086 -848.353302826 -6664.867400122 -5.76810275033 -5.05958447644 0.47765300156
2024-05-30T13:33:00.000000 -157.102606038 -1149.698082371 -6620.532775750 -5.76935659880 -4.98130795787 0.99958958029
2024-05-30T13:34:00.000000 -502.623938094 -1445.642165651 -6545.010195182 -5.74351023621 -4.87963032537 1.51684947418
2024-05-30T13:35:00.000000 -845.784059627 -1734.794961875 -6438.652406963 -5.69067919580 -4.75501804513 2.02703219247
2024-05-30T13:36:00.000000 -1184.970405901 -2015.796922790 -6301.955247783 -5.61110020354 -4.60803873477 2.52777035595
2024-05-30T13:37:00.000000 -1518.588101628 -2287.325570608 -6135.555478008 -5.50512613942 -4.43936091210 3.01673423206
2024-05-30T13:38:00.000000 -1845.067035312 -2548.101612842 -5940.228346557 -5.37323071800 -4.24975517389 3.49164000243
2024-05-30T13:39:00.000000 -2162.869162473 -2796.894864083 -5716.884330146 -5.21600789873 -4.04008617734 3.95026523338
2024-05-30T13:40:00.000000 -2470.495558153 -3032.529768144 -5466.565316452 -5.03416770065 -3.81131098825 4.39045318992
2024-05-30T13:41:00.000000 -2766.493375410 -3253.890991791 -5190.440327205 -4.82853566330 -3.56447913601 4.81012511311
2024-05-30T13:42:00.000000 -3049.462683290 -3459.928810499 -4889.800489490 -4.60004957166 -3.30072738503 5.20729100249
2024-05-30T13:43:00.000000 -3318.063117611 -3649.664223672 -4566.053422865 -4.34975663737 -3.02127543694 5.58005973132
2024-05-30T13:44:00.000000 -3571.020317555 -3822.193734179 -4220.716988074 -4.07880896666 -2.72741945583 5.92664907805
2024-05-30T13:45:00.000000 -3807.132082148 -3976.693790673 -3855.412485224 -3.78845882065 -2.42052714407 6.24539514581
2024-05-30T13:46:00.000000 -4025.274181318 -4112.424816728 -3471.857271002 -3.48005196422 -2.10202814005 6.53476026948
2024-05-30T13:47:00.000000 -4224.405864176 -4228.734798704 -3071.857138315 -3.15502524378 -1.77341240104 6.79333620295
2024-05-30T13:48:00.000000 -4403.575177982 -4325.062819855 -2657.298078567 -2.81489939006 -1.43622413440 7.01985934029
2024-05-30T13:49:00.000000 -4561.923676508 -4400.942041474 -2230.137494730 -2.46127018589 -1.09205434352 7.21321376061
2024-05-30T13:50:00.000000 -4698.690839711 -4456.002273926 -1792.395139672 -2.09580512227 -0.74253238433 7.37243804468
2024-05-30T13:51:00.000000 -4813.218158744 -4489.972117439 -1346.143619688 -1.72023532008 -0.38932068794 7.49673332038
2024-05-30T13:52:00.000000 -4904.952714152 -4502.680654571 -893.498406630 -1.33634847730 -0.03410388659 7.58547163036
2024-05-30T13:53:00.000000 -4973.450119440 -4494.058305346 -436.607330403 -0.94597032438 0.32142591562 7.63819949653
2024-05-30T13:54:00.000000 -5018.376592375 -4464.137412889 22.359449617 -0.55096457793 0.67556313026 7.65462995097
2024-05-30T13:55:00.000000 -5039.511053899 -4413.052499096 481.220170898 -0.15321898861 1.02661190492 7.63466124841
2024-05-30T13:56:00.000000 -5036.746163823 -4341.039481024 937.792121787 0.24536184439 1.37288651136 7.57836476099
2024-05-30T13:57:00.000000 -5010.089206358 -4248.434971299 1389.902331160 0.64286402663 1.71271961148 7.48599383019
2024-05-30T13:58:00.000000 -4959.662268688 -4135.674655267 1835.398464037 1.03737755074 2.04447777874 7.35798282520
2024-05-30T13:59:00.000000 -4885.701506774 -4003.291005073 2272.159518815 1.42701133577 2.36656896728 7.19494000978
2024-05-30T14:00:00.000000 -4788.555873495 -3851.910648775 2698.106118731 1.80989834866 2.67744875987 6.99764506788
2024-05-30T14:01:00.000000 -4668.685283444 -3682.251184722 3111.210624307 2.18420755712 2.97562898859 6.76704072525
2024-05-30T14:02:00.000000 -4526.658397123 -3495.117752327 3509.506830412 2.54814706286 3.25968244123 6.50423273134
2024-05-30T14:03:00.000000 -4363.149839110 -3291.398985096 3891.099617642 2.89997838907 3.52825381233 6.21048284166
2024-05-30T14:04:00.000000 -4178.936764577 -3072.062568198 4254.174016406 3.23802338074 3.78006426952 5.88719989055
2024-05-30T14:05:00.000000 -3974.894997530 -2838.150504479 4597.003835491 3.56067263586 4.01391594506 5.53593307657
2024-05-30T14:06:00.000000 -3751.994701174 -2590.774119384 4917.959912868 3.86639205431 4.22869771080 5.15836675911
2024-05-30T14:07:00.000000 -3511.295602274 -2331.108532241 5215.517945987 4.15373193537 4.42339492960 4.75630906753
2024-05-30T14:08:00.000000 -3253.941699015 -2060.386853231 5488.265497208 4.42133348550 4.59708928970 4.33167963692
2024-05-30T14:09:00.000000 -2981.155702935 -1779.894299075 5734.908488059 4.66793251388 4.74896314722 3.88650280354
2024-05-30T14:10:00.000000 -2694.233144277 -1490.961990590 5954.277229094 4.89236788190 4.87830469627 3.42289829082
2024-05-30T14:11:00.000000 -2394.535961633 -1194.960581452 6145.331665739 5.09358639443 4.98450755933 2.94306542363
2024-05-30T14:12:00.000000 -2083.486148708 -893.293909433 6307.165934952 5.27064015585 5.06707280388 2.44927755547
2024-05-30T14:13:00.000000 -1762.559187546 -587.392421308 6439.012655176 5.42269587400 5.12561313671 1.94387548454
2024-05-30T14:14:00.000000 -1433.276925121 -278.706364695 6540.246511243 5.54904136685 5.15985560197 1.42925070322
2024-05-30T14:15:00.000000 -1097.200374046 31.301021130 6610.386873169 5.64908337083 5.16964034734 0.90783346744
2024-05-30T14:16:00.000000 -755.922526690 341.160318697 6649.099858784 5.72234917933 5.15492098370 0.38208362118
2024-05-30T14:17:00.000000 -411.061071055 649.402714691 6656.199893627 5.76848932816 5.11576415510 -0.14551660015
2024-05-30T14:18:00.000000 -64.250855065 954.566788536 6631.650707995 5.78728133334 5.05234958943 -0.67247472353
2024-05-30T14:19:00.000000 282.863769643 1255.205286174 6575.565624089 5.77863175745 4.96497002261 -1.19629875374
2024-05-30T14:20:00.000000 628.636721011 1549.891955251 6488.207026454 5.74257437921 4.85403210190 -1.71451477167
2024-05-30T14:21:00.000000 971.427607555 1837.228187769 6369.985103451 5.67926707557 4.72005028464 -2.22466949743
2024-05-30T14:22:00.000000 1309.609466609 2115.849504059 6221.456352702 5.58899898622 4.56364784811 -2.72434252146
2024-05-30T14:23:00.000000 1641.576520189 2384.432036656 6043.321105199 5.47218647893 4.38555408104 -3.21116194923
2024-05-30T14:24:00.000000 1965.751664112 2641.698738881 5836.420411876 5.32936943999 4.18660104938 -3.68280919666
2024-05-30T14:25:00.000000 2280.594028875 2886.425600261 5601.732478882 5.16121498645 3.96772298759 -4.13703522465
2024-05-30T14:26:00.000000 2584.606343769 3117.447500428 5340.368030273 4.96850861809 3.72994814460 -4.57167195802
2024-05-30T14:27:00.000000 2876.342016435 3333.663770682 5053.565300773 4.75215371942 3.47439583656 -4.98463899313
2024-05-30T14:28:00.000000 3154.412111110 3534.043515169 4742.684490782 4.51316861658 3.20227201314 -5.37395269397
2024-05-30T14:29:00.000000 3417.492188535 3717.630725253 4409.201616454 4.25268395804 2.91486652264 -5.73773869331
2024-05-30T14:30:00.000000 3664.328836173 3883.549165920 4054.701485578 3.97193496646 2.61354653540 -6.07424689278
2024-05-30T14:31:00.000000 3893.745693547 4031.006658339 3680.870104831 3.67225470047 2.29974620852 -6.38185390977
2024-05-30T14:32:00.000000 4104.649302605 4159.299048732 3289.486903431 3.35507255359 1.97496474487 -6.65907146161
2024-05-30T14:33:00.000000 4296.034677317 4267.813911133 2882.416237862 3.02190690231 1.64075897459 -6.90455886028
2024-05-30T14:34:00.000000 4466.990353851 4356.033672663 2461.598230612 2.67435471514 1.29873187460 -7.11713177986
2024-05-30T14:35:00.000000 4616.702861115 4423.538140103 2029.039340892 2.31408542332 0.95052559469 -7.29576500880
2024-05-30T14:36:00.000000 4744.460815363 4470.006519139 1586.802485112 1.94282891390 0.59780968988 -7.43960041212
2024-05-30T14:37:00.000000 4849.658327868 4495.219107901 1136.997229060 1.56237329154 0.24228383339 -7.54794514401
2024-05-30T14:38:00.000000 4931.798209200 4499.058585175 681.769272157 1.17454907102 -0.11434111252 -7.62028534560
2024-05-30T14:39:00.000000 4990.494213752 4481.510604798 223.290015030 0.78122573576 -0.47034488906 -7.65628054752
2024-05-30T14:40:00.000000 5025.473291760 4442.663903727 -236.254274632 0.38430251548 -0.82401370525 -7.65577577923
2024-05-30T14:41:00.000000 5036.576728156 4382.709697043 -694.673502272 -0.01430993795 -1.17364650504 -7.61879809784
2024-05-30T14:42:00.000000 5023.760626604 4301.940624251 -1149.784592637 -0.41269626003 -1.51756526830 -7.54555360521
2024-05-30T14:43:00.000000 4987.095949564 4200.749099765 -1599.422131551 -0.80894442340 -1.85412395091 -7.43642486792
2024-05-30T14:44:00.000000 4926.767996866 4079.625120598 -2041.448872153 -1.20115783378 -2.18171446480 -7.29196681448
2024-05-30T14:45:00.000000 4843.075322301 3939.154200070 -2473.766147290 -1.58745720427 -2.49876662851 -7.11291423331
2024-05-30T14:46:00.000000 4736.428277024 3780.013814284 -2894.324673442 -1.96600081035 -2.80378586922 -6.90017143963
2024-05-30T14:47:00.000000 4607.346260364 3602.969323013 -3301.133933339 -2.33499428185 -3.09533598804 -6.65479458178
2024-05-30T14:48:00.000000 4456.454894057 3408.870323303 -3692.271507102 -2.69269334388 -3.37204730765 -6.37799684804
2024-05-30T14:49:00.000000 4284.482621305 3198.646340374 -4065.892260722 -3.03741650268 -3.63262660161 -6.07113884913
2024-05-30T14:50:00.000000 4092.256759588 2973.302064677 -4420.236819596 -3.36754994492 -3.87586216860 -5.73571775500
2024-05-30T14:51:00.000000 3880.699258982 2733.912316503 -4753.639592107 -3.68155450297 -4.10062889008 -5.37336078734
2024-05-30T14:52:00.000000 3650.822012568 2481.616737950 -5064.536292776 -3.97797230433 -4.30589181077 -4.98581653133
2024-05-30T14:53:00.000000 3403.721776339 2217.614218933 -5351.470989003 -4.25543355037 -4.49071202709 -4.57494622291
2024-05-30T14:54:00.000000 3140.574703322 1943.157013773 -5613.102501417 -4.51266228525 -4.65424969220 -4.14271206946
2024-05-30T14:55:00.000000 2862.630571391 1659.544753880 -5848.210180944 -4.74848094569 -4.79576593601 -3.69116787698
2024-05-30T14:56:00.000000 2571.206768087 1368.118296706 -6055.699107920 -4.96181418327 -4.91462591764 -3.22244910810
2024-05-30T14:57:00.000000 2267.682040352 1070.253421223 -6234.604682367 -5.15169258493 -5.01030057990 -2.73876281727
2024-05-30T14:58:00.000000 1953.490019052 767.354442492 -6384.096639399 -5.31725661488 -5.08236813762 -2.24237781785
2024-05-30T14:59:00.000000 1630.112586441 460.847738861 -6503.482406246 -5.45775748202 -5.13051452121 -1.73561377687
2024-05-30T15:00:00.000000 1299.073130898 152.175325698 -6592.209987413 -5.57256180896 -5.15453325719 -1.22083533718
2024-05-30T15:01:00.000000 961.929479291 -157.211681011 -6649.870248455 -5.66115463477 -5.15432710526 -0.70043777884
2024-05-30T15:02:00.000000 620.266809477 -465.859595833 -6676.198466982 -5.72313967242 -5.12990804165 -0.17683777657
2024-05-30T15:03:00.000000 275.690512876 -772.318729851 -6671.075243279 -5.75823881042 -5.08139667523 0.34753895906
2024-05-30T15:04:00.000000 -70.180824830 -1075.149822335 -6634.526863801 -5.76629099775 -5.00902020871 0.87026219768
2024-05-30T15:05:00.000000 -415.722655611 -1372.930492272 -6566.725376094 -5.74725977779 -4.91311413474 1.38890662242
2024-05-30T15:06:00.000000 -759.311958116 -1664.261664741 -6467.987682677 -5.70123032324 -4.79411877672 1.90107096885
2024-05-30T15:07:00.000000 -1099.334286167 -1947.773733005 -6338.774010992 -5.62840450889 -4.65257603191 2.40437895827
2024-05-30T15:08:00.000000 -1434.190957210 -2222.132624851 -6179.686239846 -5.52910572692 -4.48912869181 2.89648679138
2024-05-30T15:09:00.000000 -1762.306343671 -2486.045952172 -5991.465621058 -5.40377946518 -4.30452343193 3.37509546995
2024-05-30T15:10:00.000000 -2082.135165848 -2738.269102961 -5774.989561690 -5.25299056711 -4.09960439217 3.83796734380
2024-05-30T15:11:00.000000 -2392.169468383 -2977.610840910 -5531.267779941 -5.07741846438 -3.87530662174 4.28292967841
2024-05-30T15:12:00.000000 -2690.945563915 -3202.938822939 -5261.438232377 -4.87785920902 -3.63265802608 4.70788330609
2024-05-30T15:13:00.000000 -2977.050938060 -3413.185053196 -4966.762277769 -4.65522190776 -3.37277474264 5.11081540428
2024-05-30T15:14:00.000000 -3249.130951585 -3607.351054068 -4648.619215865 -4.41052605350 -3.09685714118 5.48980943875
2024-05-30T15:15:00.000000 -3505.895329954 -3784.512749770 -4308.500177916 -4.14489679248 -2.80618391154 5.84305570110
2024-05-30T15:16:00.000000 -3746.124351827 -3943.824993370 -3948.001466626 -3.85956006036 -2.50210653277 6.16885939576
2024-05-30T15:17:00.000000 -3968.674771961 -4084.525792254 -3568.817396107 -3.55583807732 -2.18604394323 6.46565007709
2024-05-30T15:18:00.000000 -4172.485422789 -4205.940080627 -3172.732604097 -3.23514397501 -1.85947395118 6.73198812781
2024-05-30T15:19:00.000000 -4356.582510714 -4307.483158198 -2761.613982404 -2.89897564895 -1.52393018155 6.96657297438
2024-05-30T15:20:00.000000 -4520.084519836 -4388.663852855 -2337.402087367 -2.54891074296 -1.18099537864 7.16825105899
2024-05-30T15:21:00.000000 -4662.206843612 -4449.087245030 -1902.102032171 -2.18660007081 -0.83229356242 7.33602573909
2024-05-30T15:22:00.000000 -4782.265815910 -4488.456789961 -1457.773855890 -1.81375545422 -0.47947792341 7.46906279860
2024-05-30T15:23:00.000000 -4879.682108340 -4506.575847186 -1006.522848397 -1.43214325501 -0.12422581295 7.56668821680
2024-05-30T15:24:00.000000 -4953.983962385 -4503.349116460 -550.489628403 -1.04357979401 0.23176508535 7.62840120409
2024-05-30T15:25:00.000000 -5004.809687480 -4478.783260992 -91.839669798 -0.64991803244 0.58679442274 7.65387201656
2024-05-30T15:26:00.000000 -5031.909936998 -4432.987100783 367.247036131 -0.25304707335 0.93915847011 7.64295002634
2024-05-30T15:27:00.000000 -5035.149214537 -4366.171420702 824.587022362 0.14512970902 1.28716441969 7.59566850745
2024-05-30T15:28:00.000000 -5014.506446459 -4278.647983815 1278.004203228 0.54270292660 1.62914074107 7.51224022466
2024-05-30T15:29:00.000000 -4970.075046852 -4170.827962258 1725.340595566 0.93776733591 1.96344678276 7.39305501497
2024-05-30T15:30:00.000000 -4902.062414306 -4043.219855478 2164.466813557 1.32843006705 2.28848000404 7.23867585036
2024-05-30T15:31:00.000000 -4810.788928583 -3896.427024001 2593.292374261 1.71281932602 2.60268185135 7.04983619353
2024-05-30T15:32:00.000000 -4696.686422054 -3731.144834385 3009.775903752 2.08909377210 2.90454602065 6.82743943792
2024-05-30T15:33:00.000000 -4560.295966934 -3548.157097718 3411.935134580 2.45545485193 3.19263202944 6.57254882946
2024-05-30T15:34:00.000000 -4402.265254491 -3348.332228512 3797.856108598 2.81014738020 3.46555879724 6.28638118049
2024-05-30T15:35:00.000000 -4223.345612473 -3132.619443775 4165.702849977 3.15147581078 3.72201844515 5.97031702131
2024-05-30T15:36:00.000000 -4024.387928178 -2902.043787583 4513.726623496 3.47781833080 3.96079264837 5.62588061730
2024-05-30T15:37:00.000000 -3806.338053427 -2657.700613553 4840.273972008 3.78763110231 4.18075509934 5.25472044623
2024-05-30T15:38:00.000000 -3570.232260945 -2400.750297545 5143.793876588 4.07944355215 4.38086462140 4.85860448432
2024-05-30T15:39:00.000000 -3317.192604592 -2132.412963280 5422.845168702 4.35187043753 4.56017244012 4.43942518655
2024-05-30T15:40:00.000000 -3048.421332090 -1853.962621307 5676.103621881 4.60362454550 4.71783289817 3.99918517490
2024-05-30T15:41:00.000000 -2765.194880830 -1566.720829858 5902.368047445 4.83352091399 4.85310610689 3.53998070248
2024-05-30T15:42:00.000000 -2468.857695858 -1272.050408140 6100.565561345 5.04047729855 4.96535698597 3.06399168005
2024-05-30T15:43:00.000000 -2160.815966287 -971.349045889 6269.756482276 5.22351937283 5.05405890005 2.57347655170
2024-05-30T15:44:00.000000 -1842.530945334 -666.042691096 6409.138683188 5.38178668908 5.11879698957 2.07076004194
2024-05-30T15:45:00.000000 -1515.511985645 -357.578790604 6518.051215721 5.51453686685 5.15926968453 1.55822124417
2024-05-30T15:46:00.000000 -1181.309401545 -47.419488934 6595.977178819 5.62114710832 5.17528817934 1.03828084335
2024-05-30T15:47:00.000000 -841.507271390 262.965106729 6642.545918515 5.70111432324 5.16677616972 0.51339152439
2024-05-30T15:48:00.000000 -497.716268097 572.103703801 6657.534758207 5.75405660759 5.13377059992 -0.01396764774
2024-05-30T15:49:00.000000 -151.566126481 878.530656268 6640.870254866 5.77972085152 5.07642280129 -0.54130415312
2024-05-30T15:50:00.000000 195.302076606 1180.792847446 6592.628542293 5.77798128090 4.99499905203 -1.06612677070
2024-05-30T15:51:00.000000 541.243467555 1477.456497116 6513.034969294 5.74883811814 4.88987667332 -1.58595373336
2024-05-30T15:52:00.000000 884.617099335 1767.113751326 6402.463260057 5.69242150736 4.76154311365 -2.09832367044
2024-05-30T15:53:00.000000 1223.793583486 2048.389326695 6261.433861865 5.60898607754 4.61059612522 -2.60080797593
2024-05-30T15:54:00.000000 1557.162686864 2319.947096883 6090.611836134 5.49891784935 4.43774287363 -3.09101798968
2024-05-30T15:55:00.000000 1883.141283419 2580.496423781 5890.803753372 5.36273138407 4.24379053192 -3.56662749036
2024-05-30T15:56:00.000000 2200.180655334 2828.798031497 5662.953848687 5.20105915386 4.02964516431 -4.02537388241
2024-05-30T15:57:00.000000 2506.773666083 3063.670047851 5408.139977033 5.01465502582 3.79631292324 -4.46506875456
2024-05-30T15:58:00.000000 2801.461981603 3283.993711223 5127.568714138 4.80439087607 3.54489009174 -4.88361097544
2024-05-30T15:59:00.000000 3082.843005499 3488.718671293 4822.569919889 4.57125217800 3.27656081095 -5.27899354255
2024-05-30T16:00:00.000000 3349.576643626 3676.868241521 4494.590822479 4.31633711572 2.99259570289 -5.64931355624
2024-05-30T16:01:00.000000 3600.391997559 3847.544363592 4145.189307544 4.04085243579 2.69434342055 -5.99278701429
2024-05-30T16:02:00.000000 3834.093656264 3999.932061664 3776.026558049 3.74610691313 2.38322382978 -6.30775607864
2024-05-30T16:03:00.000000 4049.567633621 4133.303556836 3388.859212352 3.43350465497 2.06072289351 -6.59269827246
2024-05-30T16:04:00.000000 4245.786882258 4247.022049258 2985.530963836 3.10453856366 1.72838556219 -6.84623560400
2024-05-30T16:05:00.000000 4421.816460549 4340.544932574 2567.963659003 2.76078486608 1.38780489066 -7.06714235318
2024-05-30T16:06:00.000000 4576.818255433 4413.426403899 2138.147948787 2.40389284488 1.04061405936 -7.25435117791
2024-05-30T16:07:00.000000 4710.055056155 4465.319791004 1698.133656150 2.03557533388 0.68848248728 -7.40695826049
2024-05-30T16:08:00.000000 4820.894207465 4495.979413712 1250.019896282 1.65760536883 0.33310708559 -7.52422496281
2024-05-30T16:09:00.000000 4908.811152483 4505.262037398 795.944739154 1.27180922356 -0.02379820802 -7.60559333104
2024-05-30T16:10:00.000000 4973.392024749 4493.127418159 338.074384065 0.88004944981 -0.38051421851 -7.65068346557
2024-05-30T16:11:00.000000 5014.335602769 4459.638467280 -121.407627259 0.48421606237 -0.73532375246 -7.65929712032
2024-05-30T16:12:00.000000 5031.454618590 4404.960833871 -580.311258713 0.08621624097 -1.08652073748 -7.63141630373
2024-05-30T16:13:00.000000 5024.676509311 4329.361935959 -1036.450835531 -0.31203580123 -1.43242083087 -7.56720390432
2024-05-30T16:14:00.000000 4994.043504937 4233.209392571 -1487.655762584 -0.70862905868 -1.77136917689 -7.46699909427
2024-05-30T16:15:00.000000 4939.712215443 4116.969079919 -1931.781051908 -1.10166344155 -2.10174680007 -7.33131634795
2024-05-30T16:16:00.000000 4861.952651089 3981.202701448 -2366.717812715 -1.48926089214 -2.42197999302 -7.16084362440
2024-05-30T16:17:00.000000 4761.146611429 3826.564805028 -2790.403491387 -1.86957450539 -2.73054895308 -6.95643655948
2024-05-30T16:18:00.000000 4637.785558900 3653.799345415 -3200.831781174 -2.24079736250 -3.02599429970 -6.71911383813
2024-05-30T16:19:00.000000 4492.467917844 3463.735824540 -3596.062273295 -2.60117277565 -3.30692543826 -6.45005212926
2024-05-30T16:20:00.000000 4325.895745448 3257.284912854 -3974.229661143 -2.94900440844 -3.57202822871 -6.15057619731
2024-05-30T16:21:00.000000 4138.870919073 3035.433751534 -4333.552302970 -3.28266190088 -3.82006813923 -5.82214909158
2024-05-30T16:22:00.000000 3932.291016739 2799.241037779 -4672.340372339 -3.60058714241 -4.04989598813 -5.46636700498
2024-05-30T16:23:00.000000 3707.144719595 2549.831709529 -4989.003541805 -3.90130235349 -4.26045314891 -5.08494873179
2024-05-30T16:24:00.000000 3464.506826424 2288.391430952 -5282.058100229 -4.18341604702 -4.45077500963 -4.67972785900
2024-05-30T16:25:00.000000 3205.532871987 2016.160815214 -5550.133514523 -4.44562906628 -4.61999488090 -4.25264162668
2024-05-30T16:26:00.000000 2931.453475522 1734.429484724 -5791.978372810 -4.68673864564 -4.76734627700 -3.80572218568
2024-05-30T16:27:00.000000 2643.568382521 1444.529945201 -6006.465816755 -4.90564434118 -4.89216701046 -3.34108710629
2024-05-30T16:28:00.000000 2343.240198288 1147.831256486 -6192.598273920 -5.10135144109 -4.99390061963 -2.86092661073
2024-05-30T16:29:00.000000 2031.887983104 845.732692783 -6349.511559900 -5.27297364469 -5.07209675534 -2.36749530511
2024-05-30T16:30:00.000000 1710.980633144 539.657319266 -6476.478413767 -5.41973592798 -5.12641287355 -1.86310075665
2024-05-30T16:31:00.000000 1382.030212338 231.045495364 -6572.911418667 -5.54097504404 -5.15661517140 -1.35009589863
2024-05-30T16:32:00.000000 1046.585085471 -78.651658073 -6638.365511325 -5.63614540198 -5.16257909158 -0.83087108362
2024-05-30T16:33:00.000000 706.222715012 -387.978878288 -6672.539758024 -5.70482205718 -5.14429060292 -0.30783712098
2024-05-30T16:34:00.000000 362.542575627 -695.483237162 -6675.278220150 -5.74669572088 -5.10184105543 0.21658365373
2024-05-30T16:35:00.000000 17.159179706 -999.720495528 -6646.570644067 -5.76157617450 -5.03542973525 0.73995854011
2024-05-30T16:36:00.000000 -328.305314624 -1299.261674666 -6586.552621058 -5.74939773189 -4.94536519805 1.25986273784
2024-05-30T16:37:00.000000 -672.228287104 -1592.699416316 -6495.504709026 -5.71021045621 -4.83205917672 1.77388787859
2024-05-30T16:38:00.000000 -1012.993754969 -1878.654236187 -6373.851436096 -5.64418647602 -4.69602953630 2.27964625388
2024-05-30T16:39:00.000000 -1348.999709395 -2155.780824328 -6222.159551171 -5.55161865385 -4.53789639671 2.77478624694
2024-05-30T16:40:00.000000 -1678.665290823 -2422.774080153 -6041.135720185 -5.43291995536 -4.35838047897 3.25699644835
2024-05-30T16:41:00.000000 -2000.438141564 -2678.375188125 -5831.623743883 -5.28862688124 -4.15830292947 3.72402069697
2024-05-30T16:42:00.000000 -2312.801573330 -2921.377407913 -5594.600759312 -5.11939047037 -3.93857724544 4.17367094135
2024-05-30T16:43:00.000000 -2614.281364796 -3150.631533940 -5331.173139714 -4.92597621900 -3.70020837693 4.60382864070
2024-05-30T16:44:00.000000 -2903.452691356 -3365.051395054 -5042.571937160 -4.70926423669 -3.44429144599 5.01245869494
2024-05-30T16:45:00.000000 -3178.946852258 -3563.619091155 -4730.147551081 -4.47024478082 -3.17200638219 5.39761944420
2024-05-30T16:46:00.000000 -3439.457794951 -3745.389953428 -4395.363837754 -4.21001525950 -2.88461344247 5.75747224432
2024-05-30T16:47:00.000000 -3683.748427421 -3909.497206673 -4039.791641614 -3.92977620051 -2.58344791422 6.09029116374
2024-05-30T16:48:00.000000 -3910.656648034 -4055.156289289 -3665.101730843 -3.63082561034 -2.26991377214 6.39447272601
2024-05-30T16:49:00.000000 -4119.101004538 -4181.668781349 -3273.057245658 -3.31455322310 -1.94547767946 6.66854233138
2024-05-30T16:50:00.000000 -4308.086104964 -4288.426022153 -2865.505718496 -2.98243695076 -1.61166377913 6.91116345112
2024-05-30T16:51:00.000000 -4476.707669004 -4374.912324512 -2444.370504042 -2.63603470358 -1.27004579189 7.12114604944
2024-05-30T16:52:00.000000 -4624.157149783 -4440.707738796 -2011.641808949 -2.27697865133 -0.92224002848 7.29745325333
2024-05-30T16:53:00.000000 -4749.725933747 -4485.490363201 -1569.367246568 -1.90696581121 -0.56989694085 7.43920917950
2024-05-30T16:54:00.000000 -4852.808962102 -4509.038162725 -1119.642086557 -1.52775042768 -0.21469397208 7.54570191558
2024-05-30T16:55:00.000000 -4932.908009197 -4511.230339083 -664.599215096 -1.14113754942 0.14167376946 7.61639056807
2024-05-30T16:56:00.000000 -4989.634382500 -4492.048070988 -206.398742897 -0.74897139295 0.49750351124 7.65090887962
2024-05-30T16:57:00.000000 -5022.710961195 -4451.574717628 252.782529492 -0.35312510699 0.85109354558 7.64906696487
2024-05-30T16:58:00.000000 -5031.973635673 -4389.995517016 710.761706597 0.04450894891 1.20075060893 7.61085172165
2024-05-30T16:59:00.000000 -5017.372165862 -4307.596840335 1165.360423445 0.44202876668 1.54479866506 7.53642673373
2024-05-30T17:00:00.000000 -4978.970589297 -4204.764896283 1614.415413759 0.83752870173 1.88158688790 7.42613251487
2024-05-30T17:01:00.000000 -4916.947061078 -4081.983989169 2055.789178503 1.22911245828 2.20949794722 7.28048679600
2024-05-30T17:02:00.000000 -4831.592955171 -3939.834169689 2487.380469416 1.61490378965 2.52695914095 7.10017870286
2024-05-30T17:03:00.000000 -4723.311506684 -3778.988393899 2907.134423370 1.99305148051 2.83244721634 6.88606616849
2024-05-30T17:04:00.000000 -4592.615935058 -3600.209340128 3313.052752944 2.36174301801 3.12449573621 6.63917632015
2024-05-30T17:05:00.000000 -4440.126740907 -3404.345705997 3703.203699963 2.71921677910 3.40170700900 6.36069694329
2024-05-30T17:06:00.000000 -4266.568409865 -3192.327693725 4075.731090675 3.06376754618 3.66276061467 6.05195820796
2024-05-30T17:07:00.000000 -4072.766139970 -2965.162591610 4428.863127368 3.39374621705 3.90640970551 5.71444611340
2024-05-30T17:08:00.000000 -3859.641706551 -2723.929745387 4760.921601462 3.70758543541 4.13150089406 5.34978683230
2024-05-30T17:09:00.000000 -3628.208415338 -2469.774968020 5070.329394666 4.00380097810 4.33697088720 4.95972377500
2024-05-30T17:10:00.000000 -3379.566159965 -2203.905175502 5355.617505430 4.28099092540 4.52184739787 4.54611714383
2024-05-30T17:11:00.000000 -3114.896330127 -1927.582669783 5615.431983451 4.53784299141 4.68525788132 4.11094031525
2024-05-30T17:12:00.000000 -2835.456058143 -1642.119002868 5848.540338261 4.77314569551 4.82643320464 3.65626620686
2024-05-30T17:13:00.000000 -2542.572051375 -1348.868746142 6053.837164202 4.98579170603 4.94470913492 3.18425655917
2024-05-30T17:14:00.000000 -2237.634275901 -1049.223073334 6230.349196985 5.17478033928 5.03953053309 2.69715288313
2024-05-30T17:15:00.000000 -1922.089389049 -744.603085983 6377.239805514 5.33922401224 5.11045539392 2.19726566610
2024-05-30T17:16:00.000000 -1597.433777305 -436.453036766 6493.812663707 5.47835234601 5.15715354895 1.68695935153
2024-05-30T17:17:00.000000 -1265.206571498 -126.233614127 6579.514723060 5.59151155802 5.17940765334 1.16864385017
2024-05-30T17:18:00.000000 -926.982542939 184.584792708 6633.938619867 5.67816715365 5.17711114174 0.64476429183
2024-05-30T17:19:00.000000 -584.364914114 494.528772325 6656.824671859 5.73790703594 5.15027098928 0.11779686934
2024-05-30T17:20:00.000000 -238.977766566 802.128846713 6648.062303202 5.77044757191 5.09901130815 -0.40976760182
2024-05-30T17:21:00.000000 107.541548233 1105.926409438 6607.690494680 5.77563027319 5.02356954749 -0.93543560411
2024-05-30T17:22:00.000000 453.550042439 1404.480493026 6535.897663171 5.75342586991 4.92429638284 -1.45672262974
2024-05-30T17:23:00.000000 797.406752501 1696.374470721 6433.020720768 5.70393087124 4.80165163208 -1.97116321660
2024-05-30T17:24:00.000000 1137.480400401 1980.222590487 6299.543856383 5.62737277858 4.65620578690 -2.47631666420
2024-05-30T17:25:00.000000 1472.157238641 2254.676715975 6136.096354002 5.52410631942 4.48864071750 -2.96979016028
2024-05-30T17:26:00.000000 1799.848432718 2518.432672068 5943.449486270 5.39460788068 4.29973891395 -3.44924320046
2024-05-30T17:27:00.000000 2118.997500223 2770.236260291 5722.513196958 5.23947897536 4.09038392751 -3.91239747886
2024-05-30T17:28:00.000000 2428.087581162 3008.889199778 5474.331892681 5.05943765564 3.86155499021 -4.35704892355
2024-05-30T17:29:00.000000 2725.648439198 3233.254804821 5200.080010420 4.85532131569 3.61432630377 -4.78106943958
2024-05-30T17:30:00.000000 3010.263685358 3442.263596921 4901.056946466 4.62808620247 3.34986261399 -5.18242391140
2024-05-30T17:31:00.000000 3280.577764671 3634.918594300 4578.681186417 4.37880367426 3.06941535861 -5.55918010139
2024-05-30T17:32:00.000000 3535.302701026 3810.300357972 4234.483687466 4.10865334681 2.77431649449 -5.90952277415
2024-05-30T17:33:00.000000 3773.224388274 3967.571619920 3870.100620524 3.81891735909 2.46597217187 -6.23176155611
2024-05-30T17:34:00.000000 3993.208605189 4105.981531135 3487.265600125 3.51097544946 2.14585539436 -6.52434017418
2024-05-30T17:35:00.000000 4194.206669900 4224.869397401 3087.801373407 3.18629767657 1.81549684443 -6.78584493374
2024-05-30T17:36:00.000000 4375.260637748 4323.667937175 2673.611125708 2.84643824397 1.47647904550 -7.01500914650
2024-05-30T17:37:00.000000 4535.508259011 4401.906214179 2246.669361297 2.49303086534 1.13042893059 -7.21072458865
2024-05-30T17:38:00.000000 4674.187317288 4459.211976726 1809.012125004 2.12777428316 0.77900821472 -7.37204807244
2024-05-30T17:39:00.000000 4790.639314051 4495.313592872 1362.727065530 1.75242644518 0.42390773838 -7.49820377661
2024-05-30T17:40:00.000000 4884.312817795 4510.041489084 909.943180551 1.36879634477 0.06683679102 -7.58858990855
2024-05-30T17:41:00.000000 4954.766200897 4503.328977107 452.820287962 0.97873350297 -0.29048567520 -7.64278144324
2024-05-30T17:42:00.000000 5001.669766076 4475.212579596 -6.461663021 0.58411776588 -0.64633981831 -7.66053250921
2024-05-30T17:43:00.000000 5024.807284865 4425.831811869 -465.713371498 0.18684998102 -0.99901392662 -7.64177751809
2024-05-30T17:44:00.000000 5024.076954953 4355.428406364 -922.747023536 -0.21115821838 -1.34681403087 -7.58663144575
2024-05-30T17:45:00.000000 4999.491740895 4264.344972059 -1375.387089031 -0.60799459350 -1.68807309512 -7.49538843164
2024-05-30T17:46:00.000000 4951.179119694 4153.023125639 -1821.480994732 -1.00175580319 -2.02115907247 -7.36851922136
2024-05-30T17:47:00.000000 4879.380258772 4022.001155232 -2258.909665372 -1.39055728130 -2.34448320472 -7.20666918976
2024-05-30T17:48:00.000000 4784.448571971 3871.911148140 -2685.597888254 -1.77254378226 -2.65650900829 -7.01065418419
2024-05-30T17:49:00.000000 4666.847654291 3703.475610214 -3099.524364991 -2.14589940250 -2.95576022433 -6.78145433162
2024-05-30T17:50:00.000000 4527.148648100 3517.503643702 -3498.731368312 -2.50885672078 -3.24082779290 -6.52020740989
2024-05-30T17:51:00.000000 4366.027068488 3314.886710335 -3881.333956204 -2.85970513293 -3.51037621038 -6.22820037036
2024-05-30T17:52:00.000000 4184.259193831 3096.594079716 -4245.528707721 -3.19679786512 -3.76314839294 -5.90686257045
2024-05-30T17:53:00.000000 3982.717985518 2863.667936421 -4589.602035675 -3.51856014241 -3.99797185263 -5.55775744521
2024-05-30T17:54:00.000000 3762.368579623 2617.218170547 -4911.937939315 -3.82349506936 -4.21376276888 -5.18257314665
2024-05-30T17:55:00.000000 3524.263447292 2358.416935443 -5211.025262658 -4.11018950517 -4.40953037392 -4.78311489262
2024-05-30T17:56:00.000000 3269.537173780 2088.492925306 -5485.464432189 -4.37732036130 -4.58438134562 -4.36129517788
2024-05-30T17:57:00.000000 2999.400901968 1808.725433758 -5733.973600756 -4.62365973233 -4.73752276287 -3.91912427160
2024-05-30T17:58:00.000000 2715.136426527 1520.438252462 -5955.394239451 -4.84808160947 -4.86826477150 -3.45870061918
2024-05-30T17:59:00.000000 2418.089926258 1224.993404242 -6148.696061629 -5.04956616640 -4.97602316339 -2.98219840071
2024-05-30T18:00:00.000000 2109.665567016 923.784775367 -6312.981221993 -5.22720041607 -5.06032004658 -2.49185691028
2024-05-30T18:01:00.000000 1791.318998742 618.231697229 -6447.488013419 -5.38018234105 -5.12078564173 -1.98997293612
2024-05-30T18:02:00.000000 1464.550592600 309.772409779 -6551.593914026 -5.50782258542 -5.15715931533 -1.47888730367
2024-05-30T18:03:00.000000 1130.898734707 -0.142486021 -6624.818017883 -5.60954461273 -5.16928983080 -0.96097887494
2024-05-30T18:04:00.000000 791.932812660 -310.056562196 -6666.823019665 -5.68489189037 -5.15713348634 -0.43865299755
2024-05-30T18:05:00.000000 449.246062793 -618.513941919 -6677.416459045 -5.73352539170 -5.12075280774 0.08566826012
2024-05-30T18:06:00.000000 104.448493157 -924.065824437 -6656.551569895 -5.75522654923 -5.06032186556 0.60955300231
2024-05-30T18:07:00.000000 -240.840423687 -1225.277091149 -6604.327303745 -5.74989649079 -4.97612064192 1.13057757581
2024-05-30T18:08:00.000000 -584.998704646 -1520.732513740 -6520.987806324 -5.71755165637 -4.86853378605 1.64632552845
2024-05-30T18:09:00.000000 -926.409074512 -1809.043235199 -6406.921739363 -5.65833345496 -4.73805466579 2.15439964540
2024-05-30T18:10:00.000000 -1263.466458272 -2088.853043090 -6262.660647020 -5.57250634384 -4.58527748195 2.65243515685
2024-05-30T18:11:00.000000 -1594.585310466 -2358.844442275 -6088.876796541 -5.46045679647 -4.41089910750 3.13810886330
2024-05-30T18:12:00.000000 -1918.206817733 -2617.744789582 -5886.380201389 -5.32268834572 -4.21571654037 3.60915361202
2024-05-30T18:13:00.000000 -2232.805853291 -2864.332107023 -5656.115131369 -5.15982089900 -4.00062106492 4.06336226717
2024-05-30T18:14:00.000000 -2536.898006366 -3097.440678517 -5399.156255965 -4.97259127538 -3.76659668920 4.49859723791
2024-05-30T18:15:00.000000 -2829.046510898 -3315.966560302 -5116.704129245 -4.76185048239 -3.51471754856 4.91280197954
2024-05-30T18:16:00.000000 -3107.868995669 -3518.872807127 -4810.080027902 -4.52856014883 -3.24614255929 5.30400951624
2024-05-30T18:17:00.000000 -3372.044118556 -3705.194575718 -4480.720328551 -4.27379246403 -2.96211530002 5.67035383960
2024-05-30T18:18:00.000000 -3620.317933485 -3874.043902109 -4130.169956190 -3.99872026743 -2.66395338005 6.01008262794
2024-05-30T18:19:00.000000 -3851.509823531 -4024.613994870 -3760.075516682 -3.70461489773 -2.35304435197 6.32156035858
2024-05-30T18:20:00.000000 -4064.518330974 -4156.183310603 -3372.178009172 -3.39284288283 -2.03084157745 6.60327793420
2024-05-30T18:21:00.000000 -4258.326677378 -4268.119333900 -2968.304903828 -3.06485916496 -1.69885803346 6.85386342776
2024-05-30T18:22:00.000000 -4432.007915909 -4359.881905824 -2550.361666396 -2.72220207538 -1.35865743215 7.07209044611
2024-05-30T18:23:00.000000 -4584.729659011 -4431.025989483 -2120.322842594 -2.36648394957 -1.01184632892 7.25688316219
2024-05-30T18:24:00.000000 -4715.758346914 -4481.204131702 -1680.222841429 -1.99938569615 -0.66006951057 7.40732363100
2024-05-30T18:25:00.000000 -4824.463126827 -4510.168474039 -1232.146213852 -1.62264821490 -0.30500041156 7.52265944612
2024-05-30T18:26:00.000000 -4910.319118321 -4517.772167305 -778.217578257 -1.23806150980 0.05166891937 7.60230746822
2024-05-30T18:27:00.000000 -4972.910151553 -4503.970280107 -320.591420826 -0.84745807283 0.40823424822 7.64585619951
2024-05-30T18:28:00.000000 -5011.931038838 -4468.820308478 138.558372684 -0.45270287477 0.76298741371 7.65307120028
2024-05-30T18:29:00.000000 -5027.189184339 -4412.482040466 597.049186280 -0.05568258626 1.11422850280 7.62389527966
2024-05-30T18:30:00.000000 -5018.605668554 -4335.216840691 1052.700269695 0.34170159157 1.46027297365 7.55844852813
2024-05-30T18:31:00.000000 -4986.215797466 -4237.386371836 1503.343430452 0.73754593371 1.79946391396 7.45702830494
2024-05-30T18:32:00.000000 -4930.168890426 -4119.450848343 1946.833429987 1.12995369766 2.13017197496 7.32010243778
2024-05-30T18:33:00.000000 -4850.727855375 -3981.967348358 2381.058492193 1.51703766994 2.45080160624 7.14832110510
2024-05-30T18:34:00.000000 -4748.267962628 -3825.586975389 2803.951284283 1.89694311759 2.75981703655 6.94251088673
2024-05-30T18:35:00.000000 -4623.274592128 -3651.051166102 3213.498804645 2.26785484448 3.05574149216 6.70365616969
2024-05-30T18:36:00.000000 -4476.340680617 -3459.188153530 3607.751841329 2.62800281550 3.33716065672 6.43289757886
2024-05-30T18:37:00.000000 -4308.164101421 -3250.908862855 3984.834216008 2.97566016414 3.60273314931 6.13152920438
2024-05-30T18:38:00.000000 -4119.544686926 -3027.202545798 4342.952074931 3.30915969249 3.85119024249 5.80100191001
2024-05-30T18:39:00.000000 -3911.379761158 -2789.132085995 4680.403004621 3.62692022876 4.08134764781 5.44290699164
2024-05-30T18:40:00.000000 -3684.659186964 -2537.828740108 4995.583837059 3.92743727899 4.29211288073 5.05896201890
2024-05-30T18:41:00.000000 -3440.460621862 -2274.486302694 5286.998070060 4.20929052679 4.48249290492 4.65100173140
2024-05-30T18:42:00.000000 -3179.944325229 -2000.355365540 5553.262536898 4.47114688272 4.65158786951 4.22096972026
2024-05-30T18:43:00.000000 -2904.347774339 -1716.737458133 5793.113940550 4.71176776878 4.79860132444 3.77091601730
2024-05-30T18:44:00.000000 -2614.979663454 -1424.978702286 6005.414825235 4.93001874071 4.92284366784 3.30298322800
2024-05-30T18:45:00.000000 -2313.213530757 -1126.463321624 6189.158742395 5.12487308555 5.02373442683 2.81939355771
2024-05-30T18:46:00.000000 -2000.481230173 -822.607097436 6343.474738399 5.29541454053 5.10080263034 2.32244013603
2024-05-30T18:47:00.000000 -1678.266111019 -514.850716568 6467.631290656 5.44084358160 5.15368901912 1.81447479958
2024-05-30T18:48:00.000000 -1348.095988811 -204.653104143 6561.039414406 5.56047719620 5.18214458801 1.29789599378
2024-05-30T18:49:00.000000 -1011.536121867 106.515182100 6623.255347244 5.65375120370 5.18603152905 0.77514518833
2024-05-30T18:50:00.000000 -670.181919481 417.178844556 6653.982852368 5.72022555053 5.16533066890 0.24869534949
2024-05-30T18:51:00.000000 -325.651448970 725.864967421 6653.074527222 5.75958466308 5.12013871043 -0.27896713133
2024-05-30T18:52:00.000000 20.422099284 1031.109756789 6620.532416010 5.77164072141 5.05066396327 -0.80534896016
2024-05-30T18:53:00.000000 366.398033518 1331.465381129 6556.508022414 5.75633102555 4.95722987126 -1.32796272831
2024-05-30T18:54:00.000000 710.635759427 1625.506787986 6461.301712708 5.71372244172 4.84027174701 -1.84433627502
2024-05-30T18:55:00.000000 1051.502576598 1911.838330667 6335.361345782 5.64401047759 4.70033415789 -2.35202738655
2024-05-30T18:56:00.000000 1387.381254260 2189.100260899 6179.280145091 5.54751434672 4.53806877265 -2.84863414197
2024-05-30T18:57:00.000000 1716.677332772 2455.975087604 5993.794090206 5.42467436067 4.35423206269 -3.33180060166
2024-05-30T18:58:00.000000 2037.826561070 2711.193800859 5779.778914892 5.27605738974 4.14968329228 -3.79922734667
2024-05-30T18:59:00.000000 2349.302352390 2953.541958710 5538.246232466 5.10235118355 3.92538146946 -4.24868550101
2024-05-30T19:00:00.000000 2649.623025486 3181.865550352 5270.339101232 4.90436510328 3.68238136728 -4.67802440476
2024-05-30T19:01:00.000000 2937.359079579 3395.076624038 4977.326958615 4.68302872904 3.42182934224 -5.08518400279
2024-05-30T19:02:00.000000 3211.140311900 3592.158650955 4660.599795210 4.43938770781 3.14495872896 -5.46820869058
2024-05-30T19:03:00.000000 3469.662484725 3772.171468695 4321.661539579 4.17459434072 2.85308063708 -5.82525614682
2024-05-30T19:04:00.000000 3711.693688546 3934.255886524 3962.123125256 3.88990692014 2.54758268579 -6.15460483415
2024-05-30T19:05:00.000000 3936.080468458 4077.638056116 3583.694768973 3.58668020511 2.22992007139 -6.45466748929
2024-05-30T19:06:00.000000 4141.753376539 4201.633293553 3188.177864288 3.26635957151 1.90160927295 -6.72399318386
2024-05-30T19:07:00.000000 4327.732329262 4305.649628062 2777.456501565 2.93047711976 1.56422294712 -6.96127836532
2024-05-30T19:08:00.000000 4493.131548178 4389.190896275 2353.488330432 2.58064292951 1.21938039941 -7.16537543468
2024-05-30T19:09:00.000000 4637.164028183 4451.859289330 1918.295034097 2.21853810696 0.86873942611 -7.33529893659
2024-05-30T19:10:00.000000 4759.145509731 4493.357370937 1473.952385054 1.84590448988 0.51398640219 -7.47023173103
2024-05-30T19:11:00.000000 4858.497846517 4513.489570567 1022.580082021 1.46453630081 0.15682939848 -7.56952766591
2024-05-30T19:12:00.000000 4934.751909662 4512.163219142 566.331314600 1.07627142953 -0.20101148926 -7.63271703777
2024-05-30T19:13:00.000000 4987.549903970 4489.388975987 107.382124375 0.68298166891 -0.55781334451 -7.65950810338
2024-05-30T19:14:00.000000 5016.647127275 4445.280757571 -352.079346767 0.28656324676 -0.91185871383 -7.64978969077
2024-05-30T19:15:00.000000 5021.913117545 4380.055121221 -809.863744958 -0.11107391258 -1.26144540244 -7.60363261693
2024-05-30T19:16:00.000000 5003.332136286 4294.030049032 -1263.791391399 -0.50801734598 -1.60489613911 -7.52128802180
2024-05-30T19:17:00.000000 4961.003037770 4187.623219631 -1711.703039074 -0.90236134497 -1.94056669926 -7.40318588351
2024-05-30T19:18:00.000000 4895.138523401 4061.349674731 -2151.470534302 -1.29221880771 -2.26685733809 -7.24993114453
2024-05-30T19:19:00.000000 4806.063731889 3915.818986487 -2581.007078836 -1.67572991341 -2.58221758003 -7.06229708702
2024-05-30T19:20:00.000000 4694.214374568 3751.732067213 -2998.277277302 -2.05107056129 -2.88515493176 -6.84122293363
2024-05-30T19:21:00.000000 4560.134263735 3569.877447254 -3401.306866264 -2.41646292006 -3.17424183098 -6.58780564698
2024-05-30T19:22:00.000000 4404.472335717 3371.127277782 -3788.191994926 -2.77018187467 -3.44811999041 -6.30329516002
2024-05-30T19:23:00.000000 4227.979205745 3156.432855470 -4157.108234893 -3.11056476639 -3.70551052595 -5.98908675725
2024-05-30T19:24:00.000000 4031.503196833 2926.819742227 -4506.318995023 -3.43601857569 -3.94521762862 -5.64671204788
2024-05-30T19:25:00.000000 3815.985930729 2683.382618903 -4834.183461058 -3.74502746885 -4.16613385762 -5.27783029575
2024-05-30T19:26:00.000000 3582.457507086 2427.279866166 -5139.163967989 -4.03615900889 -4.36724395171 -4.88421904379
2024-05-30T19:27:00.000000 3332.031332275 2159.727919464 -5419.832820469 -4.30806951057 -4.54762865977 -4.46776485005
2024-05-30T19:28:00.000000 3065.898661722 1881.995382910 -5674.878559095 -4.55950851877 -4.70646898240 -4.03045409746
2024-05-30T19:29:00.000000 2785.322841301 1595.396925807 -5903.111657930 -4.78932444585 -4.84304861249 -3.57436333382
2024-05-30T19:30:00.000000 2491.633209125 1301.287061685 -6103.469650086 -4.99646991551 -4.95675617445 -3.10164941216
2024-05-30T19:31:00.000000 2186.218720630 1001.053786184 -6275.021599298 -5.18000565425 -5.04708727954 -2.61453795468
2024-05-30T19:32:00.000000 1870.521363884 696.112117662 -6416.971882561 -5.33910351553 -5.11364556822 -2.11531200491
2024-05-30T19:33:00.000000 1546.029437710 387.897599008 -6528.663316609 -5.47304806708 -5.15614330690 -1.60630102870
2024-05-30T19:34:00.000000 1214.270824496 77.859827612 -6609.579613499 -5.58123509386 -5.17439933729 -1.08987167362
2024-05-30T19:35:00.000000 876.806212800 -232.543954353 -6659.347545949 -5.66317681348 -5.16834063334 -0.56842431718
2024-05-30T19:36:00.000000 535.221960514 -541.855421899 -6677.738570193 -5.71850480719 -5.13800448276 -0.04437920440
2024-05-30T19:37:00.000000 191.122978313 -848.621851515 -6664.669644489 -5.74696956881 -5.08353949882 0.47983643121
2024-05-30T19:38:00.000000 -153.874391581 -1151.402514616 -6620.203286810 -5.74843840456 -5.00519573590 1.00179736726
2024-05-30T19:39:00.000000 -498.149359829 -1448.774835264 -6544.547616630 -5.72289828008 -4.90333064247 1.51907637476
2024-05-30T19:40:00.000000 -840.084262391 -1739.341085061 -6438.055868518 -5.67046573379 -4.77841345619 2.02926937804
2024-05-30T19:41:00.000000 -1178.071976174 -2021.734732716 -6301.224352947 -5.59137344954 -4.63101366440 2.53001017890
2024-05-30T19:42:00.000000 -1510.522802284 -2294.626401925 -6134.690435549 -5.48597183737 -4.46180140640 3.01896324673
2024-05-30T19:43:00.000000 -1835.871863003 -2556.730090824 -5939.230298695 -5.35473738171 -4.27155167176 3.49384182843
2024-05-30T19:44:00.000000 -2152.586416000 -2806.809176694 -5715.755354221 -5.19826303104 -4.06113369882 3.95242562983
2024-05-30T19:45:00.000000 -2459.172665997 -3043.681922620 -5465.308230631 -5.01725439633 -3.83150808882 4.39256162153
2024-05-30T19:46:00.000000 -2754.182564427 -3266.226962081 -5189.058545830 -4.81253074424 -3.58372638095 4.81217112735
2024-05-30T19:47:00.000000 -3036.220666837 -3473.388762896 -4888.298122867 -4.58502621565 -3.31893094298 5.20926280782
2024-05-30T19:48:00.000000 -3303.950862493 -3664.182789016 -4564.435216994 -4.33578273109 -3.03834389481 5.58194739412
2024-05-30T19:49:00.000000 -3556.102654891 -3837.700159951 -4218.988362125 -4.06594574973 -2.74326575498 5.92843959159
2024-05-30T19:50:00.000000 -3791.477404566 -3993.112308656 -3853.579756704 -3.77676452626 -2.43507118160 6.24707166599
2024-05-30T19:51:00.000000 -4008.954343334 -4129.675103176 -3469.927834593 -3.46958355436 -2.11519872384 6.53630449384
2024-05-30T19:52:00.000000 -4207.496031929 -4246.732527927 -3069.839399674 -3.14583529461 -1.78514667423 6.79473298556
2024-05-30T19:53:00.000000 -4386.153459539 -4343.720131585 -2655.201317356 -2.80703367475 -1.44646758730 7.02109425224
2024-05-30T19:54:00.000000 -4544.070802852 -4420.168077276 -2227.971849059 -2.45477097121 -1.10076169460 7.21427304843
2024-05-30T19:55:00.000000 -4680.489974432 -4475.703735860 -1790.171411584 -2.09071011200 -0.74966686894 7.37331407729
2024-05-30T19:56:00.000000 -4794.754466518 -4510.053664412 -1343.872907033 -1.71657360430 -0.39485086734 7.49742345451
2024-05-30T19:57:00.000000 -4886.312780526 -4523.045192745 -891.191864273 -1.33413717489 -0.03800309896 7.58597497417
2024-05-30T19:58:00.000000 -4954.721297833 -4514.607503878 -434.276318768 -0.94522051536 0.31917121747 7.63851212308
2024-05-30T19:59:00.000000 -4999.646745221 -4484.772306633 24.703588008 -0.55167988115 0.67496264618 7.65475486264
2024-05-30T20:00:00.000000 -5020.868043574 -4433.673751478 483.566167114 -0.15539777400 1.02766620906 7.63459886272
2024-05-30T20:01:00.000000 -5018.277614446 -4361.547996229 940.128890528 0.24172738364 1.37558887502 7.57812067651
2024-05-30T20:02:00.000000 -4991.881956127 -4268.732100866 1392.219160106 0.63779269514 1.71706180695 7.48557391800
2024-05-30T20:03:00.000000 -4941.801691782 -4155.662376318 1837.684855005 1.03089842750 2.05044609594 7.35738776074
2024-05-30T20:04:00.000000 -4868.271075406 -4022.872416482 2274.404894795 1.41915844732 2.37413967137 7.19416754352
2024-05-30T20:05:00.000000 -4771.636856508 -3870.990546295 2700.299727392 1.80071067104 2.68658855453 6.99669125770
2024-05-30T20:06:00.000000 -4652.356554280 -3700.736698007 3113.341527697 2.17372637553 2.98629424754 6.76590460454
2024-05-30T20:07:00.000000 -4510.996162665 -3512.918821194 3511.564119896 2.53641987399 3.27182268927 6.50291508103
2024-05-30T20:08:00.000000 -4348.227352733 -3308.428865976 3893.072546497 2.88705768300 3.54181021911 6.20899051563
2024-05-30T20:09:00.000000 -4164.823579379 -3088.238038602 4256.052241758 3.22397877356 3.79497698326 5.88553404514
2024-05-30T20:10:00.000000 -3961.656618480 -2853.392326249 4598.776818369 3.54556747535 4.03011237438 5.53409135510
2024-05-30T20:11:00.000000 -3739.692811485 -2605.007584711 4919.617213896 3.85029257226 4.24609931403 5.15635324725
2024-05-30T20:12:00.000000 -3499.987719819 -2344.263919347 5217.049431127 4.13671008748 4.44191402098 4.75413021809
2024-05-30T20:13:00.000000 -3243.680896710 -2072.399897219 5489.661565810 4.40346602291 4.61663240590 4.32934677080
2024-05-30T20:14:00.000000 -2971.990248101 -1790.706436624 5736.160298365 4.64930278714 4.76943401051 3.88402915133
2024-05-30T20:15:00.000000 -2686.206148026 -1500.520521768 5955.376681815 4.87306375338 4.89960377389 3.42029497639
2024-05-30T20:16:00.000000 -2387.685221336 -1203.218920903 6146.271284571 5.07369719377 5.00653032043 2.94034296703
2024-05-30T20:17:00.000000 -2077.843985740 -900.211880281 6307.938948039 5.25025930734 5.08971081142 2.44644854328
2024-05-30T20:18:00.000000 -1758.152233354 -592.936423220 6439.612999090 5.40191878099 5.14875493994 1.94095050175
2024-05-30T20:19:00.000000 -1430.126155920 -282.849666204 6540.668802800 5.52796126623 5.18338402103 1.42624351894
2024-05-30T20:20:00.000000 -1095.321126784 28.578044308 6610.626770158 5.62779561213 5.19343650403 0.90476469420
2024-05-30T20:21:00.000000 -755.324315928 339.870221667 6649.154329550 5.70095221539 5.17886768789 0.37897512264
2024-05-30T20:22:00.000000 -411.747425560 649.550959117 6656.067258401 5.74708494566 5.13974256923 -0.14864093458
2024-05-30T20:23:00.000000 -66.219069912 956.151768516 6631.330706674 5.76597444970 5.07624314230 -0.67559221659
2024-05-30T20:24:00.000000 279.622674930 1258.218491562 6575.059316729 5.75752654548 4.98866524057 -1.19938801469
2024-05-30T20:25:00.000000 624.137974168 1554.318131522 6487.516759840 5.72177581932 4.87741770624 -1.71755387600
2024-05-30T20:26:00.000000 965.692840242 1843.045515227 6369.114446564 5.65888257717 4.74301865390 -2.22764112374
2024-05-30T20:27:00.000000 1302.666670354 2123.029757435 6220.409697252 5.56913279209 4.58609236879 -2.72723637504
2024-05-30T20:28:00.000000 1633.459739596 2392.940541337 6042.103333296 5.45293542743 4.40736676754 -3.21397058557
2024-05-30T20:29:00.000000 1956.500549220 2651.494365068 5835.036861010 5.31082356972 4.20767435528 -3.68552503923
2024-05-30T20:30:00.000000 2270.253428097 2897.460808816 5600.189099581 5.14345904159 3.98795245424 -4.13964434037
2024-05-30T20:31:00.000000 2573.226207229 3129.668693407 5338.671644815 4.95162680650 3.74923526905 -4.57416085890
2024-05-30T20:32:00.000000 2863.977173283 3347.011569188 5051.723554975 4.73622493348 3.49264751529 -4.98699294377
2024-05-30T20:33:00.000000 3141.122036722 3548.453234359 4740.705883636 4.49826856120 3.21940437686 -5.37615917268
2024-05-30T20:34:00.000000 3403.340731280 3733.032849904 4407.095234308 4.23888219993 2.93080148316 -5.73979034912
2024-05-30T20:35:00.000000 3649.383811513 3899.869581221 4052.476839426 3.95929472832 2.62820943794 -6.07613596099
2024-05-30T20:36:00.000000 3878.078582889 4048.166973001 3678.537160651 3.66083456798 2.31306896426 -6.38357399508
2024-05-30T20:37:00.000000 4088.334875104 4177.216911384 3287.055924965 3.34492314825 1.98688317200 -6.66061849602
2024-05-30T20:38:00.000000 4279.150493031 4286.403226185 2879.897754990 3.01307093566 1.65121249715 -6.90592756239
2024-05-30T20:39:00.000000 4449.616331375 4375.204856359 2459.003192177 2.66686843576 1.30766561741 -7.11831323532
2024-05-30T20:40:00.000000 4598.920906616 4443.198589930 2026.379315111 2.30797820055 0.95789450377 -7.29674697198
2024-05-30T20:41:00.000000 4726.354491388 4490.061443552 1584.089904217 1.93812844128 0.60358610652 -7.44036926445
2024-05-30T20:42:00.000000 4831.312725652 4515.572258898 1134.245038521 1.55910049474 0.24644505441 -7.54849539150
2024-05-30T20:43:00.000000 4913.299472133 4519.612550964 678.990784822 1.17271987861 -0.11181069355 -7.62061109533
2024-05-30T20:44:00.000000 4971.929302069 4502.167199881 220.498773553 0.78084978185 -0.46945528578 -7.65637953016
2024-05-30T20:45:00.000000 5006.929471591 4463.324613534 -239.044592596 0.38538147223 -0.82476557050 -7.65564577487
2024-05-30T20:46:00.000000 5018.141252964 4403.276196591 -697.449118980 -0.01177801507 -1.17603338363 -7.61843798575
2024-05-30T20:47:00.000000 5005.520507066 4322.315169229 -1152.531717786 -0.40871786062 -1.52157417665 -7.54496449071
2024-05-30T20:48:00.000000 4969.137604203 4220.834929505 -1602.127142472 -0.80353340866 -1.85973448903 -7.43561106366
2024-05-30T20:49:00.000000 4909.176806742 4099.326963367 -2044.098551773 -1.19433438847 -2.18889987564 -7.29093862030
2024-05-30T20:50:00.000000 4825.935106186 3958.378186190 -2476.347918230 -1.57925498302 -2.50750494990 -7.11167881990
2024-05-30T20:51:00.000000 4719.820510272 3798.667830329 -2896.826122532 -1.95646200025 -2.81403912924 -6.89873006213
2024-05-30T20:52:00.000000 4591.349753979 3620.963889993 -3303.542850485 -2.32416639108 -3.10705566917 -6.65315257315
2024-05-30T20:53:00.000000 4441.145365408 3426.119097277 -3694.576013087 -2.68063163740 -3.38517737135 -6.37615915370
2024-05-30T20:54:00.000000 4269.932332010 3215.066585819 -4068.080737976 -3.02418037926 -3.64710274268 -6.06910976815
2024-05-30T20:55:00.000000 4078.534307326 2988.815151301 -4422.297959037 -3.35320225387 -3.89161192114 -5.73350348983
2024-05-30T20:56:00.000000 3867.869365456 2748.444179162 -4755.562556429 -3.66616175443 -4.11757303500 -5.37097122060
2024-05-30T20:57:00.000000 3638.945238741 2495.098185849 -5066.310934942 -3.96160703178 -4.32394734244 -4.98326405514
2024-05-30T20:58:00.000000 3392.854159282 2229.981173475 -5353.087899826 -4.23817353915 -4.50979121031 -4.57224317991
2024-05-30T20:59:00.000000 3130.767494809 1954.350802420 -5614.553057493 -4.49458928453 -4.67426043839 -4.13987238713
2024-05-30T21:00:00.000000 2853.929996480 1669.512306772 -5849.486627483 -4.72968084640 -4.81661381141 -3.68820627670
2024-05-30T21:01:00.000000 2563.653790858 1376.812283584 -6056.794546469 -4.94237595636 -4.93621374779 -3.21937942443
2024-05-30T21:02:00.000000 2261.312250510 1077.632448831 -6235.513069982 -5.13170648597 -5.03252779704 -2.73560032247
2024-05-30T21:03:00.000000 1948.333474889 773.383199542 -6384.812920734 -5.29681754916 -5.10513272392 -2.23913937371
2024-05-30T21:04:00.000000 1626.193477538 465.497128337 -6504.002472652 -5.43696575854 -5.15371094924 -1.73231397211
2024-05-30T21:05:00.000000 1296.409539367 155.422689139 -6592.530529460 -5.55151996015 -5.17805270739 -1.21748618129
2024-05-30T21:06:00.000000 960.533358007 -155.382431857 -6649.988635982 -5.63996438694 -5.17805997350 -0.69705005525
2024-05-30T21:07:00.000000 620.144057524 -465.457998242 -6676.112623889 -5.70190044140 -5.15374530097 -0.17341874939
2024-05-30T21:08:00.000000 276.841181564 -773.347733503 -6670.783454569 -5.73704653715 -5.10522722896 0.35098394457
2024-05-30T21:09:00.000000 -67.762381652 -1077.605556885 -6634.027756819 -5.74523971650 -5.03272754911 0.87372619012
2024-05-30T21:10:00.000000 -412.047702364 -1376.802007746 -6566.018146456 -5.72644273020 -4.93657993799 1.39237775966
2024-05-30T21:11:00.000000 -754.397296303 -1669.530971551 -6467.072361600 -5.68073898592 -4.81722670082 1.90453324774
2024-05-30T21:12:00.000000 -1093.202175624 -1954.415900331 -6337.651719424 -5.60832922894 -4.67521156006 2.40781168738
2024-05-30T21:13:00.000000 -1426.869110022 -2230.116055834 -6178.359452817 -5.50953871910 -4.51118452150 2.89986729568
2024-05-30T21:14:00.000000 -1753.828042772 -2495.332734714 -5989.938002628 -5.38481307651 -4.32589518851 3.37840691940
2024-05-30T21:15:00.000000 -2072.539100379 -2748.815049882 -5773.265713560 -5.23471244281 -4.12018773106 3.84119394536
2024-05-30T21:16:00.000000 -2381.499500667 -2989.365645885 -5529.353303687 -5.05991383734 -3.89500240087 4.28605493955
2024-05-30T21:17:00.000000 -2679.250559230 -3215.846337416 -5259.339623952 -4.86120889310 -3.65137004253 4.71089331392
2024-05-30T21:18:00.000000 -2964.384465090 -3427.183466839 -4964.486921140 -4.63950256279 -3.39041131788 5.11369454092
2024-05-30T21:19:00.000000 -3235.551082772 -3622.373225522 -4646.175370211 -4.39581045217 -3.11333165441 5.49254452220
2024-05-30T21:20:00.000000 -3491.464319054 -3800.486443806 -4305.896878341 -4.13125178470 -2.82141341563 5.84563338231
2024-05-30T21:21:00.000000 -3730.908329633 -3960.673156432 -3945.248562432 -3.84704781819 -2.51601344428 6.17126649018
2024-05-30T21:22:00.000000 -3952.743401083 -4102.166858012 -3565.925513850 -3.54451415660 -2.19855550972 6.46787314183
2024-05-30T21:23:00.000000 -4155.911535002 -4224.288308783 -3169.713242610 -3.22505870259 -1.87052407418 6.73401167864
2024-05-30T21:24:00.000000 -4339.441836752 -4326.449076597 -2758.479597641 -2.89017546749 -1.53346081180 6.96838086111
2024-05-30T21:25:00.000000 -4502.455451293 -4408.154773732 -2334.166089920 -2.54143768546 -1.18895723098 7.16982772823
2024-05-30T21:26:00.000000 -4644.170137723 -4469.007742545 -1898.778749460 -2.18049075648 -0.83864464955 7.33735606058
2024-05-30T21:27:00.000000 -4763.904239580 -4508.709211555 -1454.378534038 -1.80904068751 -0.48418683483 7.47013121129
2024-05-30T21:28:00.000000 -4861.080202263 -4527.061011148 -1003.071605502 -1.42885140744 -0.12727203283 7.56748222237
2024-05-30T21:29:00.000000 -4935.227861469 -4523.966800886 -546.999192868 -1.04173583850 0.23039531185 7.62891289181
2024-05-30T21:30:00.000000 -4985.986862732 -4499.432705962 -88.326956430 -0.64953903009 0.58710621272 7.65410412521
2024-05-30T21:31:00.000000 -5013.108317123 -4453.567324725 370.765420307 -0.25413150715 0.94115387153 7.64290741672
2024-05-30T21:32:00.000000 -5016.456245072 -4386.581504820 828.094628345 0.14259537019 1.29083891938 7.59535131257
2024-05-30T21:33:00.000000 -4996.008564778 -4298.787541826 1281.484422886 0.53873784295 1.63448055689 7.51164354077
2024-05-30T21:34:00.000000 -4951.857429860 -4190.597778698 1728.776495615 0.93239448328 1.97042657121 7.39217384446
2024-05-30T21:35:00.000000 -4884.208695469 -4062.522526692 2167.841249855 1.32167836329 2.29706540286 7.23750788373
2024-05-30T21:36:00.000000 -4793.380811399 -3915.167415857 2596.588076069 1.70472411857 2.61283170400 7.04837919308
2024-05-30T21:37:00.000000 -4679.803319906 -3749.230533195 3012.975392803 2.07969487924 2.91620933147 6.82568861009
2024-05-30T21:38:00.000000 -4544.014950917 -3565.499204415 3415.020853016 2.44479157384 3.20574430992 6.57050991203
2024-05-30T21:39:00.000000 -4386.660662126 -3364.845657636 3800.811222074 2.79827358667 3.48005926854 6.28406790911
2024-05-30T21:40:00.000000 -4208.488155966 -3148.222772517 4168.510990951 3.13845575583 3.73784303855 5.96773073502
2024-05-30T21:41:00.000000 -4010.344485760 -2916.659770124 4516.371302274 3.46371482546 3.97786576906 5.62301737801
2024-05-30T21:42:00.000000 -3793.171835907 -2671.256993872 4842.738534477 3.77250356698 4.19898613614 5.25158133190
2024-05-30T21:43:00.000000 -3558.002860808 -2413.180450776 5146.062156100 4.06335526454 4.40015887386 4.85520360705
2024-05-30T21:44:00.000000 -3305.955523591 -2143.655897145 5424.901927845 4.33489408717 4.58043644028 4.43577746634
2024-05-30T21:45:00.000000 -3038.227530647 -1863.963069986 5677.934400308 4.58583822346 4.73896784490 3.99530211187
2024-05-30T21:46:00.000000 -2756.090554038 -1575.429691792 5903.959099998 4.81500491817 4.87500610371 3.53587546347
2024-05-30T21:47:00.000000 -2460.884150918 -1279.425034855 6101.904036297 5.02131464860 4.98791305924 3.05968039283
2024-05-30T21:48:00.000000 -2154.009438776 -977.353433618 6270.830524948 5.20379614297 5.07715825624 2.56897637050
2024-05-30T21:49:00.000000 -1836.922413754 -670.647761211 6409.937504023 5.36159138451 5.14232149110 2.06608960675
2024-05-30T21:50:00.000000 -1511.127137961 -360.762652972 6518.565285437 5.49395755513 5.18309872514 1.55340453370
2024-05-30T21:51:00.000000 -1178.168542854 -49.167458344 6596.198555388 5.60027579992 5.19930221943 1.03334561252
2024-05-30T21:52:00.000000 -839.625091119 262.660483789 6642.468366639 5.68004596779 5.19085351627 0.50836828158
2024-05-30T21:53:00.000000 -497.101577183 573.242668602 6657.153993932 5.73289234950 5.15779349750 -0.01904675845
2024-05-30T21:54:00.000000 -152.221642982 881.106462546 6640.183777229 5.75856157179 5.10027544863 -0.54641060761
2024-05-30T21:55:00.000000 193.379676997 1184.791845968 6591.635597796 5.75692829381 5.01856730522 -1.07123097798
2024-05-30T21:56:00.000000 538.063663192 1482.858272411 6511.736517085 5.72799461754 4.91304939170 -1.59102925060
2024-05-30T21:57:00.000000 880.195481020 1773.891299958 6400.861688137 5.67188772127 4.78421158745 -2.10334862343
2024-05-30T21:58:00.000000 1218.151699617 2056.509189767 6259.532777470 5.58886042773 4.63265349528 -2.60576455853
2024-05-30T21:59:00.000000 1550.327803407 2329.369315192 6088.415721319 5.47929107492 4.45907878107 -3.09589318010
2024-05-30T22:00:00.000000 1875.145843174 2591.174423594 5888.318033248 5.34368647430 4.26429646599 -3.57140217092
2024-05-30T22:01:00.000000 2191.061983039 2840.678900850 5660.185224355 5.18267600786 4.04921790247 -4.03002545132
2024-05-30T22:02:00.000000 2496.573764394 3076.694768194 5405.096594816 4.99700969336 3.81485237908 -4.46957063407
2024-05-30T22:03:00.000000 2790.227397242 3298.097512700 5124.260524526 4.78755963939 3.56230600854 -4.88793080707
2024-05-30T22:04:00.000000 3070.624877520 3503.831656996 4819.008747693 4.55531122635 3.29277100639 -5.28310145022
2024-05-30T22:05:00.000000 3336.430648229 3692.915760327 4490.790271411 4.30136145983 3.00752482770 -5.65318038034
2024-05-30T22:06:00.000000 3586.378233995 3864.447498077 4141.164622854 4.02691412946 2.70792409709 -5.99638747060
2024-05-30T22:07:00.000000 3819.276397663 4017.608026620 3771.794376932 3.73327263401 2.39539431223 -6.31106886666
2024-05-30T22:08:00.000000 4034.014954955 4151.666015768 3384.437367172 3.42183432851 2.07142643633 -6.59570460407
2024-05-30T22:09:00.000000 4229.570249382 4265.981385674 2980.938391757 3.09408543926 1.73756963918 -6.84891694189
2024-05-30T22:10:00.000000 4405.010357349 4360.008584794 2563.220465551 2.75159663854 1.39542488565 -7.06947820915
2024-05-30T22:11:00.000000 4559.499933682 4433.299458070 2133.275455228 2.39601428478 1.04663555671 -7.25632239549
2024-05-30T22:12:00.000000 4692.304378446 4485.505488102 1693.154267606 2.02904921217 0.69287892042 -7.40854794330
2024-05-30T22:13:00.000000 4802.793514048 4516.379643811 1244.956795632 1.65246951301 0.33585861961 -7.52542458214
2024-05-30T22:14:00.000000 4890.444711877 4525.777641576 790.821525360 1.26809058773 -0.02270547386 -7.60639673731
2024-05-30T22:15:00.000000 4954.845442624 4513.658665100 332.914957420 0.87776557643 -0.38108577884 -7.65108644731
2024-05-30T22:16:00.000000 4995.695292604 4480.085531329 -126.579120921 0.48337678102 -0.73755724491 -7.65929579822
2024-05-30T22:17:00.000000 5012.807387386 4425.224264610 -585.470478924 0.08682470674 -1.09040600542 -7.63100822473
2024-05-30T22:18:00.000000 5006.109130912 4349.343140305 -1041.573338729 -0.30998384043 -1.43793927317 -7.56638809632
2024-05-30T22:19:00.000000 4975.642264488 4252.811141488 -1492.717097310 -0.70514578953 -1.77849429961 -7.46577595456
2024-05-30T22:20:00.000000 4921.562448230 4136.095958929 -1936.756742136 -1.09676765567 -2.11044388866 -7.32968425075
2024-05-30T22:21:00.000000 4844.138485006 3999.761722329 -2371.583285342 -1.48297374798 -2.43220295715 -7.15880212518
2024-05-30T22:22:00.000000 4743.750791156 3844.466064763 -2795.134324053 -1.86192172764 -2.74224135017 -6.95399187290
2024-05-30T22:23:00.000000 4620.889036214 3670.956495792 -3205.404132205 -2.23181327404 -3.03909504363 -6.71627772514
2024-05-30T22:24:00.000000 4476.149362234 3480.066330947 -3600.453008551 -2.59089866574 -3.32136773920 -6.44683642296
2024-05-30T22:25:00.000000 4310.231192596 3272.710476789 -3978.416387382 -2.93748630115 -3.58773765434 -6.14699408647
2024-05-30T22:26:00.000000 4123.933561440 3049.880727610 -4337.513547405 -3.26994886477 -3.83696474886 -5.81821861650
2024-05-30T22:27:00.000000 3918.150886564 2812.640685562 -4676.055872988 -3.58673601181 -4.06789587415 -5.46210968554
2024-05-30T22:28:00.000000 3693.868252067 2562.120466327 -4992.454374288 -3.88637550483 -4.27946800957 -5.08038789851
2024-05-30T22:29:00.000000 3452.156568338 2299.511124332 -5285.226807940 -4.16748085681 -4.47071336599 -4.67488882860
2024-05-30T22:30:00.000000 3194.167199811 2026.058874513 -5553.004214869 -4.42875708528 -4.64076164259 -4.24755211918
2024-05-30T22:31:00.000000 2921.126273986 1743.059077449 -5794.536952459 -4.66900892257 -4.78884576413 -3.80041237667
2024-05-30T22:32:00.000000 2634.328561343 1451.850045247 -6008.699838874 -4.88714233655 -4.91430009929 -3.33558235065
2024-05-30T22:33:00.000000 2335.131514039 1153.806988423 -6194.496823467 -5.08216356611 -5.01656213550 -2.85525390508
2024-05-30T22:34:00.000000 2024.948901931 850.335521376 -6351.065467038 -5.25319006246 -5.09518116072 -2.36168506072
2024-05-30T22:35:00.000000 1705.244105147 542.865021751 -6477.680345509 -5.39945037873 -5.14981512157 -1.85718346621
2024-05-30T22:36:00.000000 1377.523429818 232.842172818 -6573.755823274 -5.52028586381 -5.18022941393 -1.34410000799
2024-05-30T22:37:00.000000 1043.329233180 -78.275535260 -6638.848381715 -5.61515358987 -5.18629864656 -0.82481893131
2024-05-30T22:38:00.000000 704.233001301 -389.026336522 -6672.658262417 -5.68362509587 -5.16800507426 -0.30174691215
2024-05-30T22:39:00.000000 361.828471062 -697.950588893 -6675.030689055 -5.72538819148 -5.12543726421 0.22269070916
2024-05-30T22:40:00.000000 17.724459083 -1003.597196855 -6645.956805124 -5.74025341636 -5.05879275073 0.74605738070
2024-05-30T22:41:00.000000 -326.462575777 -1304.530312139 -6585.573802536 -5.72815439125 -4.96838138398 1.26592456456
2024-05-30T22:42:00.000000 -669.115758890 -1599.335872292 -6494.164083860 -5.68914395474 -4.85461875698 1.77988141286
2024-05-30T22:43:00.000000 -1008.624995314 -1886.627799542 -6372.153984217 -5.62339477518 -4.71802175358 2.28554144239
2024-05-30T22:44:00.000000 -1343.394142376 -2165.054240321 -6220.112211219 -5.53120017809 -4.55921595259 2.78054836670
2024-05-30T22:45:00.000000 -1671.848315975 -2433.304023007 -6038.747383700 -5.41297435102 -4.37892866979 3.26259674996
2024-05-30T22:46:00.000000 -1992.440982049 -2690.112411484 -5828.904879460 -5.26924854090 -4.17798126287 3.72943346391
2024-05-30T22:47:00.000000 -2303.661069651 -2934.266867987 -5591.563406589 -5.10067263973 -3.95729144971 4.17887062413
2024-05-30T22:48:00.000000 -2604.039821765 -3164.612642161 -5327.830761179 -4.90800688771 -3.71786760387 4.60879251443
2024-05-30T22:49:00.000000 -2892.157550629 -3380.058256030 -5038.939414019 -4.69212756043 -3.46081041604 5.01716230596
2024-05-30T22:50:00.000000 -3166.650544559 -3579.580908819 -4726.241180055 -4.45402245813 -3.18730664317 5.40204073019
2024-05-30T22:51:00.000000 -3426.217507151 -3762.231371060 -4391.201142834 -4.19478390473 -2.89862130031 5.76159203879
2024-05-30T22:52:00.000000 -3669.625777425 -3927.138595936 -4035.391241293 -3.91560673235 -2.59609483860 6.09409212931
2024-05-30T22:53:00.000000 -3895.717308451 -4073.514093258 -3660.483244935 -3.61778236915 -2.28113752392 6.39793864169
2024-05-30T22:54:00.000000 -4103.414352023 -4200.655897757 -3268.241232598 -3.30269543572 -1.95522205335 6.67165834211
2024-05-30T22:55:00.000000 -4291.724894647 -4307.952129940 -2860.513586145 -2.97181790541 -1.61987782570 6.91391578078
2024-05-30T22:56:00.000000 -4459.747695201 -4394.884244621 -2439.224466624 -2.62670247715 -1.27668536470 7.12352202115
2024-05-30T22:57:00.000000 -4606.676890819 -4461.029842581 -2006.364767700 -2.26897420433 -0.92726754599 7.29944233000
2024-05-30T22:58:00.000000 -4731.806116564 -4506.064985993 -1563.982732381 -1.90032372068 -0.57328238748 7.44080093556
2024-05-30T22:59:00.000000 -4834.532228314 -4529.766050451 -1114.174192830 -1.52249929861 -0.21641383023 7.54688829550
2024-05-30T23:00:00.000000 -4914.358430143 -4532.010990093 -659.072492855 -1.13729618440 0.14163706979 7.61716356924
2024-05-30T23:01:00.000000 -4970.896904416 -4512.780204608 -200.838301503 -0.74655083644 0.49915781513 7.65125793029
2024-05-30T23:02:00.000000 -5003.871046498 -4472.156945141 258.350908619 -0.35213187574 0.85443424624 7.64898093760
2024-05-30T23:03:00.000000 -5013.116981254 -4410.327071586 716.311675653 0.04407420337 1.20576255706 7.61032281824
2024-05-30T23:04:00.000000 -4998.584319541 -4327.578094129 1170.865175784 0.44017111003 1.55145875149 7.53544706907
2024-05-30T23:05:00.000000 -4960.336695412 -4224.297916684 1619.847682912 0.83425611527 1.88986147977 7.42469548017
2024-05-30T23:06:00.000000 -4898.551664559 -4100.973125126 2061.121464764 1.22443784841 2.21934510345 7.27859107522
2024-05-30T23:07:00.000000 -4813.519627959 -3958.186571092 2492.585332272 1.60884678128 2.53832719514 7.09782825721
2024-05-30T23:08:00.000000 -4705.642391079 -3796.614531544 2912.184840755 1.98564001394 2.84527791022 6.88327033653
2024-05-30T23:09:00.000000 -4575.431254990 -3617.023263766 3317.922334192 2.35301333828 3.13872859348 6.63594569986
2024-05-30T23:10:00.000000 -4423.504350053 -3420.265206742 3707.866612690 2.70921057839 3.41727649480 6.35704046078
2024-05-30T23:11:00.000000 -4250.583576553 -3207.274757746 4080.162241559 3.05253045162 3.67959351286 6.04789268235
2024-05-30T23:12:00.000000 -4057.491012378 -2979.063614159 4433.038422680 3.38133690033 3.92443167547 5.70998386588
2024-05-30T23:13:00.000000 -3845.144737756 -2736.715910699 4764.817353421 3.69406642226 4.15062517051 5.34493176517
2024-05-30T23:14:00.000000 -3614.554361536 -2481.383058597 5073.922263176 3.98923293325 4.35709875609 4.95448513314
2024-05-30T23:15:00.000000 -3366.816082911 -2214.278069817 5358.884996574 4.26543773175 4.54287525751 4.54051348833
2024-05-30T23:16:00.000000 -3103.107223938 -1936.669541281 5618.352855804 4.52137624506 4.70707949753 4.10499370303
2024-05-30T23:17:00.000000 -2824.680462326 -1649.875489956 5851.094672908 4.75584170310 4.84893909268 3.64999852543
2024-05-30T23:18:00.000000 -2532.857859625 -1355.257200037 6056.006390357 4.96772874863 4.96778511582 3.17769167599
2024-05-30T23:19:00.000000 -2229.024617395 -1054.212741430 6232.116278076 5.15603922769 5.06306141379 2.69031713873
2024-05-30T23:20:00.000000 -1914.622494550 -748.170220727 6378.589269995 5.31988659327 5.13432211106 2.19018586121
2024-05-30T23:21:00.000000 -1591.142951813 -438.581112610 6494.730829733 5.45850164148 5.18123533766 1.67966840062
2024-05-30T23:22:00.000000 -1260.120023955 -126.913365718 6579.990000159 5.57123414896 5.20358294737 1.16117837652
2024-05-30T23:23:00.000000 -923.123202150 185.355362346 6633.961810402 5.65755375956 5.20126072306 0.63716742913
2024-05-30T23:24:00.000000 -581.750021248 496.744683931 6656.389070706 5.71705474029 5.17428024782 0.11010656191
2024-05-30T23:25:00.000000 -237.618792761 805.778219130 6647.163394274 5.74945204666 5.12276495314 -0.41751467453
2024-05-30T23:26:00.000000 107.638935966 1110.990498103 6606.325955121 5.75458919449 5.04695447842 -0.94320401198
2024-05-30T23:27:00.000000 452.386015193 1410.933819830 6534.067200991 5.73243573124 4.94720077470 -1.46447943635
2024-05-30T23:28:00.000000 794.987228926 1704.184884379 6430.726022432 5.68308685228 4.82396547670 -1.97887580284
2024-05-30T23:29:00.000000 1133.816915481 1989.351420152 6296.788448546 5.60676604717 4.67782086277 -2.48395638200
2024-05-30T23:30:00.000000 1467.266626313 2265.078718045 6132.885510859 5.50382294585 4.50944626410 -2.97732588834
2024-05-30T23:31:00.000000 1793.752619327 2530.055992687 5939.790519727 5.37473155393 4.31962614711 -3.45663851711
2024-05-30T23:32:00.000000 2111.723350163 2783.022644100 5718.415780216 5.22009114011 4.10924888431 -3.91960925272
2024-05-30T23:33:00.000000 2419.666902764 3022.774428009 5469.808471676 5.04062194822 3.87930317281 -4.36402937240
2024-05-30T23:34:00.000000 2716.118107236 3248.169241752 5195.145862510 4.83716276759 3.63087116752 -4.78777243272
2024-05-30T23:35:00.000000 2999.665682651 3458.132614503 4895.730058932 4.61066994264 3.36512462092 -5.18880501127
2024-05-30T23:36:00.000000 3268.959157774 3651.663055565 4572.982100336 4.36221333794 3.08332349688 -5.56519951972
2024-05-30T23:37:00.000000 3522.715444105 3827.837050176 4228.435170759 4.09296830341 2.78680567342 -5.91514547670
2024-05-30T23:38:00.000000 3759.725086987 3985.813579664 3863.727449262 3.80421314759 2.47698223587 -6.23695550259
2024-05-30T23:39:00.000000 3978.858263862 4124.838316122 3480.594406114 3.49732300341 2.15533065846 -6.52907549070
2024-05-30T23:40:00.000000 4179.070382190 4244.247410875 3080.860537630 3.17376245138 1.82338843859 -6.79009311771
2024-05-30T23:41:00.000000 4359.407272515 4343.470890752 2666.430646855 2.83508014515 1.48274583266 -7.01874523811
2024-05-30T23:42:00.000000 4519.010009605 4422.035580730 2239.280665526 2.48290071057 1.13503804052 -7.21392489445
2024-05-30T23:43:00.000000 4657.119256870 4479.567596417 1801.448100418 2.11891815441 0.78193815464 -7.37468823345
2024-05-30T23:44:00.000000 4773.079171845 4515.794319517 1355.021970793 1.74488643942 0.42514684206 -7.50026283040
2024-05-30T23:45:00.000000 4866.340678226 4530.545737537 902.132397075 1.36260844870 0.06638181225 -7.59005136895
2024-05-30T23:46:00.000000 4936.464081340 4523.755199778 444.940112480 0.97392644475 -0.29262983358 -7.64363061268
2024-05-30T23:47:00.000000 4983.121274656 4495.459844595 -14.374104949 0.58071613484 -0.65015757608 -7.66075740016
2024-05-30T23:48:00.000000 5006.097336014 4445.800378417 -473.620396917 0.18487214628 -1.00448146455 -7.64137107770
2024-05-30T23:49:00.000000 5005.291366085 4375.020222073 -930.610605443 -0.21170025228 -1.35389883695 -7.58558947740
2024-05-30T23:50:00.000000 4980.716857986 4283.464152327 -1383.169034084 -0.60709494410 -1.69673503897 -7.49370882599
2024-05-30T23:51:00.000000 4932.501543867 4171.576557558 -1829.143107008 -0.99941213051 -2.03134643706 -7.36620597695
2024-05-30T23:52:00.000000 4860.886503006 4039.898953529 -2266.414230208 -1.38677519677 -2.35614059890 -7.20373281003
2024-05-30T23:53:00.000000 4766.224578289 3889.066923495 -2692.907900375 -1.76733662547 -2.66957485742 -7.00710793903
2024-05-30T23:54:00.000000 4648.978339227 3719.806884756 -3106.603718117 -2.13928806694 -2.97016564500 -6.77731507811
2024-05-30T23:55:00.000000 4509.717463213 3532.932277049 -3505.545084358 -2.50086870566 -3.25649744468 -6.51549583643
2024-05-30T23:56:00.000000 4349.115674169 3329.339238073 -3887.848411187 -2.85037256478 -3.52722951767 -6.22294111382
2024-05-30T23:57:00.000000 4167.947160338 3110.002033999 -4251.711911578 -3.18615865224 -3.78109950620 -5.90108557665
2024-05-30T23:58:00.000000 3967.082379045 2875.968124194 -4595.423946966 -3.50666007305 -4.01693107333 -5.55149739333
2024-05-30T23:59:00.000000 3747.483493449 2628.352864917 -4917.370704230 -3.81038732083 -4.23363794182 -5.17586824726
2024-05-31T00:00:00.000000 3510.199554670 2368.333962313 -5216.043357944 -4.09593475775 -4.43022835068 -4.77600381331
2024-05-31T00:01:00.000000 3256.361319121 2097.145796097 -5490.044630391 -4.36198549505 -4.60580536139 -4.35381607606
2024-05-31T00:02:00.000000 2987.175748639 1816.073606649 -5738.094994861 -4.60731694574 -4.75957160668 -3.91131671412
2024-05-31T00:03:00.000000 2703.920180843 1526.447313419 -5959.038366047 -4.83080721025 -4.89083594080 -3.45060637372
2024-05-31T00:04:00.000000 2407.936071703 1229.635063220 -6151.846997592 -5.03144162372 -4.99901525667 -2.97385976883
2024-05-31T00:05:00.000000 2100.622550277 927.036833394 -6315.625489365 -5.20831134278 -5.08363058954 -2.48331301531
2024-05-31T00:06:00.000000 1783.430107611 620.078201289 -6449.614479222 -5.36061514908 -5.14430910745 -1.98126373626
2024-05-31T00:07:00.000000 1457.853811341 310.203787719 -6553.193953714 -5.48766880854 -5.18078907223 -1.47005610116
2024-05-31T00:08:00.000000 1125.426344433 -1.129403207 -6625.885513850 -5.58890155241 -5.19291818446 -0.95206475404
2024-05-31T00:09:00.000000 787.711273320 -312.458346455 -6667.354105864 -5.66385570260 -5.18064850285 -0.42969320009
2024-05-31T00:10:00.000000 446.296111345 -622.320395268 -6677.409626476 -5.71219154831 -5.14404133782 0.09463162476
2024-05-31T00:11:00.000000 102.785065160 -929.259992335 -6656.007958794 -5.73369243305 -5.08327199593 0.61847433568
2024-05-31T00:12:00.000000 -241.208267332 -1231.835397012 -6603.250920778 -5.72826174177 -4.99862432272 1.13940671621
2024-05-31T00:13:00.000000 -584.068120073 -1528.625070305 -6519.385650860 -5.69592362330 -4.89048791703 1.65501509632
2024-05-31T00:14:00.000000 -924.183687466 -1818.233935418 -6404.803438651 -5.63681901837 -4.75935461536 2.16290765613
2024-05-31T00:15:00.000000 -1259.956275797 -2099.299593304 -6260.038398750 -5.55121212458 -4.60582321177 2.66071860747
2024-05-31T00:16:00.000000 -1589.806736774 -2370.498747996 -6085.765232398 -5.43948872027 -4.43059632858 3.14613003311
2024-05-31T00:17:00.000000 -1912.182520283 -2630.553150600 -5882.796095231 -5.30214897685 -4.23447250838 3.61687831824
2024-05-31T00:18:00.000000 -2225.564497373 -2878.235334219 -5652.077287232 -5.13980756826 -4.01834630156 4.07075619270
2024-05-31T00:19:00.000000 -2528.474018697 -3112.374428692 -5394.685569722 -4.95319933579 -3.78320896922 4.50562608484
2024-05-31T00:20:00.000000 -2819.479975576 -3331.861711991 -5111.823446132 -4.74317273750 -3.53013976290 4.91943447221
2024-05-31T00:21:00.000000 -3097.205488249 -3535.655839914 -4804.813998037 -4.51068673382 -3.26030509016 5.31021802359
2024-05-31T00:22:00.000000 -3360.334445306 -3722.787888455 -4475.095087181 -4.25680727526 -2.97495128857 5.67611503531
2024-05-31T00:23:00.000000 -3607.617807100 -3892.366011746 -4124.213053793 -3.98270338855 -2.67540072458 6.01537295613
2024-05-31T00:24:00.000000 -3837.879656605 -4043.579869569 -3753.815885440 -3.68964289032 -2.36304706684 6.32635751283
2024-05-31T00:25:00.000000 -4050.023004216 -4175.704746931 -3365.645833552 -3.37898779563 -2.03934971849 6.60756253377
2024-05-31T00:26:00.000000 -4243.035237019 -4288.105306625 -2961.531468882 -3.05218776234 -1.70582773283 6.85761809554
2024-05-31T00:27:00.000000 -4415.993231318 -4380.238987377 -2543.379220967 -2.71077484022 -1.36405268408 7.07530080474
2024-05-31T00:28:00.000000 -4568.067996959 -4451.658804157 -2113.164364925 -2.35635320222 -1.01563777036 7.25953892429
2024-05-31T00:29:00.000000 -4698.528849598 -4502.015743703 -1672.921897523 -1.99059528558 -0.66223498543 7.40941528971
2024-05-31T00:30:00.000000 -4806.747346854 -4531.060858072 -1224.736903546 -1.61523487155 -0.30552560272 7.52417867743
2024-05-31T00:31:00.000000 -4892.200634857 -4538.646664037 -770.734452127 -1.23205568587 0.05279096592 7.60324784866
2024-05-31T00:32:00.000000 -4954.474091758 -4524.728046551 -313.069391331 -0.84288095471 0.41100207431 7.64621158367
2024-05-31T00:33:00.000000 -4993.263592241 -4489.362875317 146.084042817 -0.44956902483 0.76739061900 7.65283632460
2024-05-31T00:34:00.000000 -5008.377254109 -4432.711780173 604.542921931 -0.05400167865 1.12024912397 7.62306482612
2024-05-31T00:35:00.000000 -4999.736643399 -4355.037477596 1060.126213622 0.34192312333 1.46788362573 7.55701893794
2024-05-31T00:36:00.000000 -4967.377336920 -4256.703640228 1510.665652353 0.73630548334 1.80862453690 7.45500189367
2024-05-31T00:37:00.000000 -4911.448620199 -4138.173133072 1954.016491562 1.12725650099 2.14083677629 7.31749294676
2024-05-31T00:38:00.000000 -4832.212682361 -4000.005705815 2388.067850670 1.51290216417 2.46292680742 7.14514202784
2024-05-31T00:39:00.000000 -4730.043456646 -3842.855272024 2810.753016827 1.89139426404 2.77335092200 6.93877070943
2024-05-31T00:40:00.000000 -4605.424691443 -3667.466696576 3220.059550180 2.26092178818 3.07062205802 6.69936540743
2024-05-31T00:41:00.000000 -4458.947509150 -3474.672214771 3614.038993782 2.61971756781 3.35331602719 6.42807173324
2024-05-31T00:42:00.000000 -4291.307598139 -3265.387428176 3990.816334535 2.96606476557 3.62008008323 6.12619184335
2024-05-31T00:43:00.000000 -4103.301828920 -3040.606669650 4348.599224878 3.29830988580 3.86964377669 5.79517700510
2024-05-31T00:44:00.000000 -3895.824107617 -2801.397924142 4685.686537116 3.61487269477 4.10082290988 5.43661447692
2024-05-31T00:45:00.000000 -3669.860884841 -2548.897610478 5000.476219390 3.91424929529 4.31252053563 5.05221905468
2024-05-31T00:46:00.000000 -3426.486382257 -2284.305250165 5291.472896284 4.19501963289 4.50373217874 4.64383089270
2024-05-31T00:47:00.000000 -3166.857252476 -2008.877582265 5557.295023583 4.45585682308 4.67355553543 4.21340099607
2024-05-31T00:48:00.000000 -2892.206933633 -1723.922409107 5796.681155775 4.69552903893 4.82119129238 3.76298110181
2024-05-31T00:49:00.000000 -2603.839718142 -1430.792312115 6008.495756791 4.91290714833 4.94594638836 3.29471392839
2024-05-31T00:50:00.000000 -2303.124529945 -1130.878228501 6191.734302306 5.10696633207 5.04723598985 2.81082302725
2024-05-31T00:51:00.000000 -1991.488459242 -825.602832459 6345.527925980 5.27679423681 5.12458720408 2.31360427166
2024-05-31T00:52:00.000000 -1670.409885038 -516.413841236 6469.147319534 5.42159296169 5.17763848048 1.80541232987
2024-05-31T00:53:00.000000 -1341.411594671 -204.777252801 6562.005992629 5.54068116307 5.20614175107 1.28865138862
2024-05-31T00:54:00.000000 -1006.053605214 107.829497738 6623.662968133 5.63350034702 5.20996499900 0.76576487338
2024-05-31T00:55:00.000000 -665.925779550 419.924475359 6653.824573372 5.69961243547 5.18908873683 0.23921913223
2024-05-31T00:56:00.000000 -322.640636343 730.027997058 6652.345834555 5.73870249053 5.14360878075 -0.28849795274
2024-05-31T00:57:00.000000 22.174231194 1036.669603080 6619.231245945 5.75058236116 5.07373627411 -0.81489393772
2024-05-31T00:58:00.000000 366.883723032 1338.394903449 6554.634730110 5.73519035409 4.97979512547 -1.33748203942
2024-05-31T00:59:00.000000 709.852867488 1633.772262454 6458.858992258 5.69259213623 4.86221996581 -1.85379140022
2024-05-31T01:00:00.000000 1049.454401011 1921.399479244 6332.354259488 5.62297928595 4.72155739433 -2.36137730516
2024-05-31T01:01:00.000000 1384.076372946 2199.910428894 6175.716325299 5.52667017699 4.55846225964 -2.85783422489
2024-05-31T01:02:00.000000 1712.129683058 2467.981420403 5989.683925755 5.40410816659 4.37369406336 -3.34080451280
2024-05-31T01:03:00.000000 2032.055540541 2724.337439308 5775.135539396 5.25585967246 4.16811542394 -3.80798916948
2024-05-31T01:04:00.000000 2342.332830189 2967.758280508 5533.085617978 5.08261450326 3.94269038409 -4.25715705301
2024-05-31T01:05:00.000000 2641.485487384 3197.084499134 5264.680063051 4.88518363745 3.69847912757 -4.68615958547
2024-05-31T01:06:00.000000 2928.089627328 3411.223020105 4971.190941485 4.66449444783 3.43663299698 -5.09294178423
2024-05-31T01:07:00.000000 3200.780342146 3609.152445920 4654.010576532 4.42158496288 3.15838882272 -5.47555097864
2024-05-31T01:08:00.000000 3458.258343752 3789.928057588 4314.645269423 4.15760489684 2.86506616198 -5.83214272008
2024-05-31T01:09:00.000000 3699.296469118 3952.686679704 3954.708239633 3.87380541438 2.55806084589 -6.16099858926
2024-05-31T01:10:00.000000 3922.745572559 4096.651016574 3575.912072317 3.57153743610 2.23884004643 -6.46052801262
2024-05-31T01:11:00.000000 4127.540321446 4221.133662887 3180.060397091 3.25224056749 1.90893012876 -6.72928609845
2024-05-31T01:12:00.000000 4312.704348380 4325.540440234 2769.039334274 2.91744188859 1.56991213252 -6.96596979938
2024-05-31T01:13:00.000000 4477.355450606 4409.373479776 2344.808532481 2.56875055774 1.22341343613 -7.16943332461
2024-05-31T01:14:00.000000 4620.710080424 4472.233711957 1909.391492265 2.20784443385 0.87109868432 -7.33869467129
2024-05-31T01:15:00.000000 4742.087203583 4513.822870157 1464.865604082 1.83646114327 0.51466204971 -7.47294016276
2024-05-31T01:16:00.000000 4840.911621873 4533.945024857 1013.351938299 1.45638945538 0.15581923649 -7.57152812202
2024-05-31T01:17:00.000000 4916.716779190 4532.507624766 557.004840441 1.06946088014 -0.20370120318 -7.63399152292
2024-05-31T01:18:00.000000 4969.147079898 4509.521971799 98.001344449 0.67754082135 -0.56216722998 -7.66004155645
2024-05-31T01:19:00.000000 4997.959631982 4465.103225048 -361.469579676 0.28251920421 -0.91784992787 -7.64956929438
2024-05-31T01:20:00.000000 5003.025515361 4399.470014564 -819.217967299 -0.11369642002 -1.26903284119 -7.60265327594
2024-05-31T01:21:00.000000 4984.330220019 4312.942806659 -1273.064207404 -0.50920388113 -1.61404011228 -7.51955403886
2024-05-31T01:22:00.000000 4941.973220115 4205.941740663 -1720.849163169 -0.90210339384 -1.95122171198 -7.40069701913
2024-05-31T01:23:00.000000 4876.167687824 4078.984997426 -2160.444820858 -1.29051029416 -2.27896534848 -7.24669382985
2024-05-31T01:24:00.000000 4787.238920199 3932.685861495 -2589.764980494 -1.67257151003 -2.59571284360 -7.05832431229
2024-05-31T01:25:00.000000 4675.622405674 3767.749405962 -3006.775237145 -2.04646937584 -2.89996496532 -6.83653481369
2024-05-31T01:26:00.000000 4541.861312579 3584.968689055 -3409.502736154 -2.41043330666 -3.19028854385 -6.58242931097
2024-05-31T01:27:00.000000 4386.603445070 3385.220600382 -3796.045415041 -2.76274723231 -3.46532345242 -6.29726185709
2024-05-31T01:28:00.000000 4210.597778831 3169.461365257 -4164.580846573 -3.10175708168 -3.72378689156 -5.98243280612
2024-05-31T01:29:00.000000 4014.690374700 2938.721605915 -4513.374659074 -3.42588027129 -3.96448147095 -5.63947364640
2024-05-31T01:30:00.000000 3799.820150218 2694.101276785 -4840.788185431 -3.73360599956 -4.18629473729 -5.27004352743
2024-05-31T01:31:00.000000 3567.014221583 2436.764319288 -5145.285983448 -4.02350634412 -4.38820715357 -4.87592206678
2024-05-31T01:32:00.000000 3317.382744793 2167.932950703 -5425.442721957 -4.29424208958 -4.56929629600 -4.45899838015
2024-05-31T01:33:00.000000 3052.113419702 1888.881740293 -5679.949466679 -4.54456869099 -4.72874006801 -4.02126154568
2024-05-31T01:34:00.000000 2772.465660140 1600.931496743 -5907.619362918 -4.77334088916 -4.86581968756 -3.56479018075
2024-05-31T01:35:00.000000 2479.764476379 1305.442985865 -6107.392701025 -4.97951841476 -4.97992240319 -3.09174149450
2024-05-31T01:36:00.000000 2175.394124512 1003.810563082 -6278.341206074 -5.16216572399 -5.07054090557 -2.60433826811
2024-05-31T01:37:00.000000 1860.791843415 697.455820783 -6419.671899256 -5.32045442220 -5.13727616773 -2.10486669530
2024-05-31T01:38:00.000000 1537.441061719 387.820911805 -6530.730427051 -5.45367323118 -5.17984011499 -1.59565742559
2024-05-31T01:39:00.000000 1206.864529967 76.362211663 -6611.003420290 -5.56122230907 -5.19804776870 -1.07908053875
2024-05-31T01:40:00.000000 870.617564089 -235.456156872 -6660.120766820 -5.64261627070 -5.19182591115 -0.55753852054
2024-05-31T01:41:00.000000 530.281102593 -546.169002217 -6677.857265622 -5.69748804871 -5.16121297909 -0.03345755430
2024-05-31T01:42:00.000000 187.454423071 -854.316816865 -6664.133522761 -5.72559265814 -5.10635874536 0.49073095179
2024-05-31T01:43:00.000000 -156.252095871 -1158.452289745 -6619.015975808 -5.72680508717 -5.02752001331 1.01259865847
2024-05-31T01:44:00.000000 -499.224123301 -1457.146733921 -6542.716442453 -5.70111838548 -4.92506041923 1.52972903561
2024-05-31T01:45:00.000000 -839.850504668 -1748.996383253 -6435.591232260 -5.64864584610 -4.79944663717 2.03972314231
2024-05-31T01:46:00.000000 -1176.530523089 -2032.628661583 -6298.139844886 -5.56962210681 -4.65125277199 2.54021003493
2024-05-31T01:47:00.000000 -1507.681099261 -2306.708569455 -6131.002724079 -5.46439937889 -4.48115487334 3.02886341698
2024-05-31T01:48:00.000000 -1831.743770564 -2569.944574599 -5934.958571493 -5.33344665843 -4.28992657247 3.50340188450
2024-05-31T01:49:00.000000 -2147.191770593 -2821.094524006 -5710.921363363 -5.17735163498 -4.07843997305 3.96159942117
2024-05-31T01:50:00.000000 -2452.537180898 -3058.971535445 -5459.936650495 -4.99682113425 -3.84766459271 4.40129896319
2024-05-31T01:51:00.000000 -2746.337984309 -3282.449685038 -5183.177035713 -4.79267807361 -3.59866243420 4.82042451947
2024-05-31T01:52:00.000000 -3027.204878880 -3490.469378019 -4881.936903418 -4.56585520640 -3.33258066357 5.21699357232
2024-05-31T01:53:00.000000 -3293.807718970 -3682.042269394 -4557.626676807 -4.31739110293 -3.05064657994 5.58912238318
2024-05-31T01:54:00.000000 -3544.881735077 -3856.255951561 -4211.766692978 -4.04842659389 -2.75416414045 5.93503146211
2024-05-31T01:55:00.000000 -3779.233681051 -4012.278501472 -3845.980634440 -3.76020365359 -2.44451065099 6.25305809113
2024-05-31T01:56:00.000000 -3995.747627086 -4149.362641833 -3461.988219503 -3.45405653539 -2.12313003294 6.54166413536
2024-05-31T01:57:00.000000 -4193.390441252 -4266.849698582 -3061.597580348 -3.13141109423 -1.79153076635 6.79944291327
2024-05-31T01:58:00.000000 -4371.217199430 -4364.173157809 -2646.696963813 -2.79378030642 -1.45127421775 7.02513212705
2024-05-31T01:59:00.000000 -4528.376111846 -4440.861546225 -2219.245795035 -2.44275311916 -1.10396592544 7.21762296989
2024-05-31T02:00:00.000000 -4664.112649793 -4496.540890038 -1781.265369353 -2.07998211610 -0.75124990076 7.37596110145
2024-05-31T02:01:00.000000 -4777.773415426 -4530.936920010 -1334.829510916 -1.70718534197 -0.39480391221 7.49935258180
2024-05-31T02:02:00.000000 -4868.809775554 -4543.876744181 -882.054558820 -1.32613424192 -0.03632755704 7.58717472726
2024-05-31T02:03:00.000000 -4936.780702004 -4535.289859397 -425.089059446 -0.93864308717 0.32246706013 7.63897692289
2024-05-31T02:04:00.000000 -4981.355106708 -4505.208662753 33.896629238 -0.54656086114 0.67986361590 7.65448292216
2024-05-31T02:05:00.000000 -5002.313670605 -4453.768420596 492.720833337 -0.15176254275 1.03415061068 7.63359195913
2024-05-31T02:06:00.000000 -4999.550117916 -4381.206833203 949.201149530 0.24386018074 1.38362598600 7.57638123370
2024-05-31T02:07:00.000000 -4973.071955194 -4287.863200012 1401.165283349 0.63840818527 1.72660812050 7.48311166952
2024-05-31T02:08:00.000000 -4923.000424994 -4174.176610717 1846.462020473 1.02999189824 2.06145346958 7.35422129277
2024-05-31T02:09:00.000000 -4849.569739873 -4040.683728710 2282.971484285 1.41673598806 2.38655347919 7.19031892864
2024-05-31T02:10:00.000000 -4753.125954954 -3888.016281101 2708.615553134 1.79678842816 2.70035081478 6.99218518896
2024-05-31T02:11:00.000000 -4634.125436448 -3716.897759818 3121.367911411 2.16832723156 3.00134388662 6.76076694051
2024-05-31T02:12:00.000000 -4493.132501340 -3528.139943027 3519.263939235 2.52957681813 3.28809273310 6.49717163246
2024-05-31T02:13:00.000000 -4330.816599770 -3322.639005606 3900.410134730 2.87880933796 3.55922557308 6.20266282713
2024-05-31T02:14:00.000000 -4147.949116959 -3101.371091296 4262.993428193 3.21435748427 3.81345047114 5.87865596318
2024-05-31T02:15:00.000000 -3945.399357542 -2865.387304189 4605.289832213 3.53462516451 4.04956016916 5.52670255391
2024-05-31T02:16:00.000000 -3724.130237929 -2615.808738170 4925.672398188 3.83808868276 4.26642991599 5.14848675912
2024-05-31T02:17:00.000000 -3485.193658933 -2353.821142814 5222.619190060 4.12330806537 4.46303152666 4.74582196665
2024-05-31T02:18:00.000000 -3229.725191811 -2080.668940773 5494.720487202 4.38893449780 4.63843725255 4.32063333331
2024-05-31T02:19:00.000000 -2958.938516088 -1797.649156699 5740.685223933 4.63371449045 4.79182233623 3.87494928348
2024-05-31T02:20:00.000000 -2674.119508494 -1506.105132929 5959.346813510 4.85649507843 4.92246725302 3.41088884392
2024-05-31T02:21:00.000000 -2376.620160571 -1207.420224735 6149.668415694 5.05622684159 5.02975916519 2.93065722570
2024-05-31T02:22:00.000000 -2067.852076291 -903.011161295 6310.747735233 5.23197277289 5.11319816881 2.43653029798
2024-05-31T02:23:00.000000 -1749.279760314 -594.321404637 6441.820809402 5.38290576176 5.17239296151 1.93084325716
2024-05-31T02:24:00.000000 -1422.414007168 -282.814528360 6542.265563718 5.50831198187 5.20706559186 1.41598954249
2024-05-31T02:25:00.000000 -1088.804714039 30.032720604 6611.604916657 5.60760245555 5.21705455691 0.89440474609
2024-05-31T02:26:00.000000 -750.033485733 342.737287578 6649.508762683 5.68030856008 5.20231098070 0.36855217521
2024-05-31T02:27:00.000000 -407.706349192 653.816662714 6655.795505288 5.72608561566 5.16290244083 -0.15908370733
2024-05-31T02:28:00.000000 -63.446277629 961.795861595 6630.432907481 5.74471367139 5.09901174247 -0.68601017080
2024-05-31T02:29:00.000000 281.114386059 1265.214291827 6573.538277856 5.73610060597 5.01093567989 -1.20973763139
2024-05-31T02:30:00.000000 624.341556038 1562.632507682 6485.377878398 5.70027985837 4.89908167718 -1.72779133460
2024-05-31T02:31:00.000000 964.606928017 1852.638858105 6366.365891575 5.63741132230 4.76396959348 -2.23771762752
2024-05-31T02:32:00.000000 1300.295619573 2133.856228454 6217.062665015 5.54778206257 4.60622942724 -2.73710036301
2024-05-31T02:33:00.000000 1629.813694722 2404.948454483 6038.172168593 5.43180316243 4.42659613189 -3.22356882463
2024-05-31T02:34:00.000000 1951.595705521 2664.626655889 5830.539016419 5.29001332274 4.22591051305 -3.69480944154
2024-05-31T02:35:00.000000 2264.112128474 2911.655357159 5595.144487716 5.12306951092 4.00511032547 -4.14857955136
2024-05-31T02:36:00.000000 2565.876466160 3144.858248898 5333.102375805 4.93175053394 3.76523105316 -4.58270757953
2024-05-31T02:37:00.000000 2855.452554287 3363.124067274 5045.654068087 4.71695338419 3.50740376396 -4.99511427229
2024-05-31T02:38:00.000000 3131.461448946 3565.412045688 4734.162784070 4.47968876956 3.23284652407 -5.38381876496
2024-05-31T02:39:00.000000 3392.588208242 3750.757021242 4400.107348865 4.22107775073 2.94286046552 -5.74695051290
2024-05-31T02:40:00.000000 3637.588296970 3918.274254131 4045.075297498 3.94234601367 2.63882441878 -6.08275788892
2024-05-31T02:41:00.000000 3865.293782111 4067.163903286 3670.755404186 3.64481999642 2.32218803966 -6.38961972102
2024-05-31T02:42:00.000000 4074.619151250 4196.715024236 3278.929584452 3.32991948113 1.99446370277 -6.66605378835
2024-05-31T02:43:00.000000 4264.566682431 4306.309110987 2871.464336480 2.99914978692 1.65721925116 -6.91072366449
2024-05-31T02:44:00.000000 4434.231387998 4395.423254237 2450.301812338 2.65409572611 1.31207218654 -7.12244547326
2024-05-31T02:45:00.000000 4582.805594130 4463.632871800 2017.450411984 2.29641488142 0.96068108683 -7.30019622394
2024-05-31T02:46:00.000000 4709.582995794 4510.613890762 1574.974924229 1.92782703005 0.60473603582 -7.44311964836
2024-05-31T02:47:00.000000 4813.962175596 4536.144367218 1124.986446132 1.55010751995 0.24595001001 -7.55052936895
2024-05-31T02:48:00.000000 4895.449665776 4540.105627575 669.632013193 1.16507763808 -0.11394904324 -7.62191452259
2024-05-31T02:49:00.000000 4953.662401281 4522.482884909 211.083951294 0.77459415826 -0.47322804835 -7.65694308209
2024-05-31T02:50:00.000000 4988.329552496 4483.365260534 -248.470814961 0.38054074001 -0.83015734080 -7.65546063127
2024-05-31T02:51:00.000000 4999.293939377 4422.945401231 -706.841570862 -0.01518038144 -1.18301774633 -7.61749640685
2024-05-31T02:52:00.000000 4986.512706056 4341.518496125 -1161.844835603 -0.41066135897 -1.53011099221 -7.54326183930
2024-05-31T02:53:00.000000 4950.057415396 4239.480686980 -1611.315479934 -0.80400111666 -1.86977519228 -7.43315630633
2024-05-31T02:54:00.000000 4890.113036752 4117.326473935 -2053.117366961 -1.19331866939 -2.20039135855 -7.28774566570
2024-05-31T02:55:00.000000 4806.976783451 3975.646110581 -2485.153511789 -1.57675676524 -2.52038988625 -7.10776801316
2024-05-31T02:56:00.000000 4701.056319748 3815.122372520 -2905.376082918 -1.95249143907 -2.82825618213 -6.89412352740
2024-05-31T02:57:00.000000 4572.867567034 3636.527116431 -3311.796148861 -2.31874012366 -3.12253741352 -6.64787479711
2024-05-31T02:58:00.000000 4423.031861709 3440.717291198 -3702.493228987 -2.67377305377 -3.40185097292 -6.37023953769
2024-05-31T02:59:00.000000 4252.272516445 3228.630485015 -4075.624343764 -3.01592241636 -3.66489286589 -6.06258120509
2024-05-31T03:00:00.000000 4061.410908789 3001.280103904 -4429.432389026 -3.34358734136 -3.91043984045 -5.72639809362
2024-05-31T03:01:00.000000 3851.362347070 2759.750407739 -4762.254126686 -3.65523936529 -4.13735468382 -5.36331961064
2024-05-31T03:02:00.000000 3623.131453272 2505.191157926 -5072.527779425 -3.94943084533 -4.34459189014 -4.97509673627
2024-05-31T03:03:00.000000 3377.807136383 2238.811991156 -5358.800055742 -4.22480094321 -4.53120196822 -4.56359326783
2024-05-31T03:04:00.000000 3116.557186749 1961.876512216 -5619.732620869 -4.48008197730 -4.69633599438 -4.13077536152
2024-05-31T03:05:00.000000 2840.622544017 1675.696179138 -5854.107919730 -4.71410423845 -4.83924818132 -3.67870129091
2024-05-31T03:06:00.000000 2551.311231306 1381.624034596 -6060.834393085 -4.92580228650 -4.95929860550 -3.20951017818
2024-05-31T03:07:00.000000 2249.992039773 1081.048340392 -6238.950890190 -5.11421539860 -5.05595294096 -2.72540859058
2024-05-31T03:08:00.000000 1938.088260904 775.386240892 -6387.630561733 -5.27848836166 -5.12878292413 -2.22866592548
2024-05-31T03:09:00.000000 1617.071179895 466.077345420 -6506.184472361 -5.41787807971 -5.17746889023 -1.72160813083
2024-05-31T03:10:00.000000 1288.453150693 154.577067737 -6594.064526625 -5.53175846314 -5.20180367432 -1.20660053340
2024-05-31T03:11:00.000000 953.780720217 -157.650015955 -6650.865395825 -5.61961510999 -5.20168832987 -0.68603702954
2024-05-31T03:12:00.000000 614.627809342 -469.136698722 -6676.326262142 -5.68105219645 -5.17713488256 -0.16233839527
2024-05-31T03:13:00.000000 272.588386688 -778.419801267 -6670.331908665 -5.71579676546 -5.12826502432 0.36206519171
2024-05-31T03:14:00.000000 -70.730772176 -1084.046691190 -6632.912904249 -5.72369373381 -5.05530830771 0.88474550283
2024-05-31T03:15:00.000000 -413.717096528 -1384.581749956 -6564.245363675 -5.70470644653 -4.95860258466 1.40328091221
2024-05-31T03:16:00.000000 -754.759456655 -1678.612795855 -6464.650137702 -5.65891870004 -4.83858999377 1.91526992035
2024-05-31T03:17:00.000000 -1092.255295230 -1964.757235301 -6334.591472564 -5.58653265194 -4.69581537939 2.41833510196
2024-05-31T03:18:00.000000 -1424.617748797 -2241.668365677 -6174.675266584 -5.48786913132 -4.53093021743 2.91013484421
2024-05-31T03:19:00.000000 -1750.282727032 -2508.041619342 -5985.646548943 -5.36336666184 -4.34468630203 3.38837331737
2024-05-31T03:20:00.000000 -2067.716135402 -2762.620496777 -5768.386595139 -5.21358733765 -4.13793425249 3.85080800992
2024-05-31T03:21:00.000000 -2375.421180317 -3004.202422482 -5523.909149625 -5.03921059137 -3.91162000651 4.29526715382
2024-05-31T03:22:00.000000 -2671.945243200 -3231.644358862 -5253.355978484 -4.84102922172 -3.66678170886 4.71965702192
2024-05-31T03:23:00.000000 -2955.886559371 -3443.868202237 -4957.991883256 -4.61994492851 -3.40454484627 5.12197131717
2024-05-31T03:24:00.000000 -3225.900656915 -3639.865895558 -4639.199245116 -4.37696543030 -3.12611855315 5.50029779496
2024-05-31T03:25:00.000000 -3480.706733146 -3818.704399361 -4298.472178583 -4.11320553038 -2.83279327788 5.85282654684
2024-05-31T03:26:00.000000 -3719.094017009 -3979.530351300 -3937.409980726 -3.82988359845 -2.52593329416 6.17786333485
2024-05-31T03:27:00.000000 -3939.927762895 -4121.574283199 -3557.709899381 -3.52831450790 -2.20696973406 6.47383865699
2024-05-31T03:28:00.000000 -4142.154839854 -4244.154447569 -3161.159387568 -3.20990240318 -1.87739451145 6.73931630178
2024-05-31T03:29:00.000000 -4324.808903615 -4346.680318403 -2749.627933208 -2.87613553959 -1.53875573274 6.97299929810
2024-05-31T03:30:00.000000 -4487.015310229 -4428.655815677 -2325.058442601 -2.52858124827 -1.19265209941 7.17373904418
2024-05-31T03:31:00.000000 -4627.995613172 -4489.682007719 -1889.458072077 -2.16887701197 -0.84072167550 7.34054292223
2024-05-31T03:32:00.000000 -4747.071502086 -4529.459316500 -1444.888777960 -1.79872235139 -0.48463681570 7.47257795979
2024-05-31T03:33:00.000000 -4843.668429907 -4547.789190370 -993.457542317 -1.41987593060 -0.12609072036 7.56917754528
2024-05-31T03:34:00.000000 -4917.318873933 -4544.575157696 -537.306174449 -1.03414362307 0.23320720800 7.62984796194
2024-05-31T03:35:00.000000 -4967.664694190 -4519.823683757 -78.600858853 -0.64336374408 0.59153728981 7.65427027188
2024-05-31T03:36:00.000000 -4994.458924241 -4473.644411376 380.478241863 -0.24940465801 0.94718150065 7.64229820928
2024-05-31T03:37:00.000000 -4997.567423729 -4406.249714330 837.747651281 0.14584572871 1.29843566561 7.59396785044
2024-05-31T03:38:00.000000 -4976.969516009 -4317.953685267 1291.031308657 0.54049215741 1.64361306818 7.50949021233
2024-05-31T03:39:00.000000 -4932.758333993 -4209.170906854 1738.171302145 0.93264055988 1.98105360074 7.38925925781
2024-05-31T03:40:00.000000 -4865.140246481 -4080.414500863 2177.038582228 1.32040986135 2.30913352485 7.23384270475
2024-05-31T03:41:00.000000 -4774.433930907 -3932.293607361 2605.543493642 1.70194122430 2.62627893571 7.04398466385
2024-05-31T03:42:00.000000 -4661.068589089 -3765.510150939 3021.645957451 2.07540942329 2.93097047970 6.82059295321
2024-05-31T03:43:00.000000 -4525.581829607 -3580.855406324 3423.365286641 2.43902777941 3.22175136285 6.56473833866
2024-05-31T03:44:00.000000 -4368.617052181 -3379.206029284 3808.789719801 2.79105817652 3.49723262785 6.27764685167
2024-05-31T03:45:00.000000 -4190.920271723 -3161.519840253 4176.085622971 3.12981964591 3.75609919267 5.96069594525
2024-05-31T03:46:00.000000 -3993.336402885 -2928.831122598 4523.506402900 3.45369822155 3.99711896939 5.61540785576
2024-05-31T03:47:00.000000 -3776.804981536 -2682.245408890 4849.400818722 3.76115464162 4.21914942493 5.24343654596
2024-05-31T03:48:00.000000 -3542.355539424 -2422.934106166 5152.220615611 4.05072927552 4.42113743783 4.84656074558
2024-05-31T03:49:00.000000 -3291.102607476 -2152.128951468 5430.527936255 4.32105016223 4.60212710692 4.42667983854
2024-05-31T03:50:00.000000 -3024.240180600 -1871.115940722 5683.002149634 4.57084141265 4.76126592706 3.98579971923
2024-05-31T03:51:00.000000 -2743.035796241 -1581.229070216 5908.445867556 4.79892826789 4.89780690452 3.52602058279
2024-05-31T03:52:00.000000 -2448.824361387 -1283.843925438 6105.790233684 5.00423983332 5.01111075138 3.04952471507
2024-05-31T03:53:00.000000 -2143.001924567 -980.371220057 6274.099617107 5.18580988521 5.10064637200 2.55857020075
2024-05-31T03:54:00.000000 -1827.019151059 -672.250189202 6412.575922098 5.34278479891 5.16599425809 2.05548081768
2024-05-31T03:55:00.000000 -1502.374523325 -360.941880632 6520.562182605 5.47442507626 5.20684742414 1.54263616476
2024-05-31T03:56:00.000000 -1170.607313454 -47.922324135 6597.545625089 5.58011080420 5.22301324145 1.02246104388
2024-05-31T03:57:00.000000 -833.290374804 265.324372042 6643.160082751 5.65934318178 5.21441600716 0.49741516571
2024-05-31T03:58:00.000000 -492.022807252 577.313052133 6657.187609361 5.71174596425 5.18109540854 -0.03002196090
2024-05-31T03:59:00.000000 -148.422554767 886.564362761 6639.559484751 5.73706825567 5.12320576050 -0.55735729396
2024-05-31T04:00:00.000000 195.881224104 1191.611677730 6590.356611958 5.73518671772 5.04101648609 -1.08209913695
2024-05-31T04:01:00.000000 539.255730909 1491.007891253 6509.809069242 5.70610341519 4.93490847454 -1.60176756907
2024-05-31T04:02:00.000000 880.072100911 1783.332108939 6398.295199278 5.64994776315 4.80537494331 -2.11390244633
2024-05-31T04:03:00.000000 1216.713060179 2067.196370612 6256.339974689 5.56697598493 4.65301910232 -2.61607858607
2024-05-31T04:04:00.000000 1547.580409840 2341.252062234 6084.612675625 5.45756807172 4.47854998815 -3.10591130342
2024-05-31T04:05:00.000000 1871.102570480 2604.196382465 5883.924143244 5.32223133267 4.28278491222 -3.58107016750
2024-05-31T04:06:00.000000 2185.742099122 2854.778620380 5655.223002535 5.16159504936 4.06664150856 -4.03929396370
2024-05-31T04:07:00.000000 2490.002893238 3091.806015996 5399.591356715 4.97640842101 3.83113363597 -4.47839632946
2024-05-31T04:08:00.000000 2782.437339177 3314.149424805 5118.239955638 4.76753725092 3.57736752245 -4.89627603778
2024-05-31T04:09:00.000000 3061.653241454 3520.748905550 4812.502915320 4.53596365685 3.30654342572 -5.29092530323
2024-05-31T04:10:00.000000 3326.320766760 3710.619129536 4483.831560053 4.28278317618 3.01994670753 -5.66044690077
2024-05-31T04:11:00.000000 3575.179029251 3882.854241122 4133.787369216 4.00919606182 2.71893853824 -6.00306812224
2024-05-31T04:12:00.000000 3807.042009876 4036.631997230 3764.034518206 3.71649786082 2.40494482125 -6.31713705030
2024-05-31T04:13:00.000000 4020.804306632 4171.217769770 3376.332558899 3.40607962997 2.07946087816 -6.60112893721
2024-05-31T04:14:00.000000 4215.446828851 4285.968713778 2972.528345166 3.07942750211 1.74404964855 -6.85366154242
2024-05-31T04:15:00.000000 4390.042277233 4380.337521165 2554.546777415 2.73811078745 1.40032857039 -7.07351896060
2024-05-31T04:16:00.000000 4543.759504499 4453.874879176 2124.380864486 2.38376571909 1.04994597277 -7.25964223963
2024-05-31T04:17:00.000000 4675.867682719 4506.231504079 1684.082451521 2.01809830405 0.69458733298 -7.41113402216
2024-05-31T04:18:00.000000 4785.740031904 4537.160018353 1235.752027542 1.64286904591 0.33596224519 -7.52726936280
2024-05-31T04:19:00.000000 4872.856852447 4546.516166406 781.528411837 1.25988530587 -0.02420285969 -7.60749626315
2024-05-31T04:20:00.000000 4936.808102070 4534.259583693 323.578292551 0.87099433920 -0.38417269527 -7.65143849023
2024-05-31T04:21:00.000000 4977.295595950 4500.454000504 -135.914516294 0.47807495230 -0.74221511063 -7.65890229626
2024-05-31T04:22:00.000000 4994.134404792 4445.266704033 -594.760063512 0.08302126906 -1.09661147308 -7.62987606173
2024-05-31T04:23:00.000000 4987.253473877 4368.967533638 -1050.773073320 -0.31226627565 -1.44566330084 -7.56452719268
2024-05-31T04:24:00.000000 4956.695731138 4271.927433419 -1501.783663837 -0.70589032176 -1.78770012344 -7.46320113693
2024-05-31T04:25:00.000000 4902.617602279 4154.616514389 -1945.647977717 -1.09596665049 -2.12108863383 -7.32641918995
2024-05-31T04:26:00.000000 4825.287966333 4017.601544176 -2380.258599211 -1.48063241433 -2.44424167415 -7.15487437511
2024-05-31T04:27:00.000000 4725.086585017 3861.542922751 -2803.554736538 -1.85805586020 -2.75562625434 -6.94942676778
2024-05-31T04:28:00.000000 4602.501979282 3687.191255423 -3213.532116726 -2.22644518864 -3.05377004551 -6.71109961127
2024-05-31T04:29:00.000000 4458.128716961 3495.383449188 -3608.252583920 -2.58405868671 -3.33726976022 -6.44107209147
2024-05-31T04:30:00.000000 4292.664181130 3287.038379545 -3985.853216223 -2.92921217715 -3.60479740975 -6.14067171342
2024-05-31T04:31:00.000000 4106.904870816 3063.152195675 -4344.555015488 -3.26028735877 -3.85510617152 -5.81136700632
2024-05-31T04:32:00.000000 3901.742225923 2824.793276895 -4682.671091617 -3.57573877319 -4.08703613503 -5.45475813136
2024-05-31T04:33:00.000000 3678.158079123 2573.096858081 -4998.614284520 -3.87409997244 -4.29951930274 -5.07256770278
2024-05-31T04:34:00.000000 3437.219710604 2309.259425831 -5290.904230554 -4.15399014008 -4.49158240701 -4.66663143361
2024-05-31T04:35:00.000000 3180.074547825 2034.532965136 -5558.173893538 -4.41411934873 -4.66234924773 -4.23889035992
2024-05-31T04:36:00.000000 2907.944516638 1750.218967002 -5799.175672071 -4.65329540812 -4.81104700790 -3.79138184981
2024-05-31T04:37:00.000000 2622.120068470 1457.662114145 -6012.786699563 -4.87042660183 -4.93700884439 -3.32622492804
2024-05-31T04:38:00.000000 2323.954018220 1158.243907216 -6198.013480554 -5.06452660159 -5.03967417130 -2.84561094225
2024-05-31T04:39:00.000000 2014.855190599 853.376309997 -6353.995906102 -5.23471446210 -5.11858813176 -2.35179371054
2024-05-31T04:40:00.000000 1696.282016278 544.495385423 -6480.010888986 -5.38021972189 -5.17340326092 -1.84708585121
2024-05-31T04:41:00.000000 1369.735620588 233.054682809 -6575.475456867 -5.50038873239 -5.20388370229 -1.33384168401
2024-05-31T04:42:00.000000 1036.753016187 -79.481347217 -6639.948910477 -5.59467926517 -5.20990233256 -0.81444928725
2024-05-31T04:43:00.000000 698.900261545 -391.643979549 -6673.134691716 -5.66266637169 -5.19144384431 -0.29132343038
2024-05-31T04:44:00.000000 357.765245982 -701.966909468 -6674.881593744 -5.70404744878 -5.14860377720 0.23310893765
2024-05-31T04:45:00.000000 14.950496140 -1008.992759695 -6645.184058205 -5.71863625964 -5.08158389548 0.75641941916
2024-05-31T04:46:00.000000 -327.933858806 -1311.279537802 -6584.182198464 -5.70636668876 -4.99069544963 1.27618380300
2024-05-31T04:47:00.000000 -669.277306156 -1607.407086042 -6492.161040002 -5.66729078014 -4.87635398534 1.78999686223
2024-05-31T04:48:00.000000 -1007.475901278 -1895.983260150 -6369.549360718 -5.60157671221 -4.73907842872 2.29547170490
2024-05-31T04:49:00.000000 -1340.939542033 -2175.650266314 -6216.918350584 -5.50951817332 -4.57949469515 2.79025235847
2024-05-31T04:50:00.000000 -1668.099412790 -2445.090958172 -6034.979144301 -5.39152994881 -4.39833090019 3.27203158813
2024-05-31T04:51:00.000000 -1987.415079113 -2703.034829178 -5824.579653895 -5.24814276699 -4.19641307842 3.73855825752
2024-05-31T04:52:00.000000 -2297.381406307 -2948.263826061 -5586.701014153 -5.08000250134 -3.97466332075 4.18764426425
2024-05-31T04:53:00.000000 -2596.535454387 -3179.618041831 -5322.453519247 -4.88786974332 -3.73409724117 4.61717422705
2024-05-31T04:54:00.000000 -2883.463318226 -3396.001213262 -5033.071915819 -4.67261773702 -3.47581988621 5.02511685292
2024-05-31T04:55:00.000000 -3156.806776735 -3596.385945817 -4719.910079329 -4.43522902236 -3.20102114576 5.40953377988
2024-05-31T04:56:00.000000 -3415.269784699 -3779.818695147 -4384.435163348 -4.17679287448 -2.91097213727 5.76858942530
2024-05-31T04:57:00.000000 -3657.624731654 -3945.424483460 -4028.221107411 -3.89850049893 -2.60701951888 6.10056114878
2024-05-31T04:58:00.000000 -3882.718435818 -4092.411255538 -3652.941616213 -3.60164072922 -2.29057994107 6.40384773839
2024-05-31T04:59:00.000000 -4089.477816193 -4220.073902476 -3260.362573749 -3.28759365130 -1.96313351277 6.67697911163
2024-05-31T05:00:00.000000 -4276.915190683 -4327.797830118 -2852.333986611 -2.95782511932 -1.62621647695 6.91862212161
2024-05-31T05:01:00.000000 -4444.133294408 -4415.062201653 -2430.781556498 -2.61388229205 -1.28141701223 7.12758849977
2024-05-31T05:02:00.000000 -4590.329958685 -4481.442836398 -1997.697662809 -2.25738620449 -0.93036691124 7.30284537931
2024-05-31T05:03:00.000000 -4714.802233611 -4526.614518679 -1555.131865745 -1.89002180632 -0.57473214251 7.44351999401
2024-05-31T05:04:00.000000 -4816.950033212 -4550.352859741 -1105.181174319 -1.51353184591 -0.21620621410 7.54890484241
2024-05-31T05:05:00.000000 -4896.279326401 -4552.535652039 -649.979919876 -1.12970677274 0.14349998449 7.61846367840
2024-05-31T05:06:00.000000 -4952.404710317 -4533.143662657 -191.689440512 -0.74037598243 0.50266609503 7.65183301124
2024-05-31T05:07:00.000000 -4985.051525653 -4492.260947470 267.512392082 -0.34739991096 0.85957118299 7.64882579561
2024-05-31T05:08:00.000000 -4994.057405661 -4430.074592194 725.441825672 0.04734050434 1.21250328353 7.60943308581
2024-05-31T05:09:00.000000 -4979.373215223 -4346.873919460 1179.919922529 0.44195334460 1.55976796312 7.53382433941
2024-05-31T05:10:00.000000 -4941.063426175 -4243.049168808 1628.783260817 0.83454538588 1.89969720806 7.42234719913
2024-05-31T05:11:00.000000 -4879.305882686 -4119.089646900 2069.894591826 1.22323240788 2.23065827792 7.27552614173
2024-05-31T05:12:00.000000 -4794.390949491 -3975.581345507 2501.153377070 1.60614982471 2.55106268456 7.09405964809
2024-05-31T05:13:00.000000 -4686.720017983 -3813.203997925 2920.506069377 1.98146274165 2.85937537763 6.87881461725
2024-05-31T05:14:00.000000 -4556.803497524 -3632.727696585 3325.956074358 2.34737340929 3.15412048264 6.63082211949
2024-05-31T05:15:00.000000 -4405.258287638 -3435.009121170 3715.573492197 2.70213207927 3.43388900831 6.35127301825
2024-05-31T05:16:00.000000 -4232.804579381 -3220.987297788 4087.504429615 3.04404621331 3.69734604331 6.04150836306
2024-05-31T05:17:00.000000 -4040.262283031 -2991.678992764 4439.979791897 3.37148575783 3.94323617182 5.70301305600
2024-05-31T05:18:00.000000 -3828.547003291 -2748.173749783 4771.323724255 3.68289199182 4.17038956711 5.33740862175
2024-05-31T05:19:00.000000 -3598.665606945 -2491.628624587 5079.961642194 3.97678322257 4.37772752978 4.94644885798
2024-05-31T05:20:00.000000 -3351.711221938 -2223.262372235 5364.427849391 4.25176718217 4.56427231295 4.53200582155
2024-05-31T05:21:00.000000 -3088.857740497 -1944.349466369 5623.372187679 4.50654467815 4.72914468418 4.09605833489
2024-05-31T05:22:00.000000 -2811.354073350 -1656.214023482 5855.566247073 4.73991503816 4.87156995017 3.64068363977
2024-05-31T05:23:00.000000 -2520.518095588 -1360.223463235 6059.908907859 4.95078090114 4.99087915437 3.16804579082
2024-05-31T05:24:00.000000 -2217.730347342 -1057.782165830 6235.431294418 5.13815136001 5.08651010483 2.68038786953
2024-05-31T05:25:00.000000 -1904.427516962 -750.324874945 6381.301272955 5.30114648515 5.15801371003 2.18002285984
2024-05-31T05:26:00.000000 -1582.095641998 -439.309824387 6496.827262230 5.43900184285 5.20505602480 1.66932061505
2024-05-31T05:27:00.000000 -1252.263119062 -126.211811591 6581.461261707 5.55106998441 5.22741903095 1.15069516595
2024-05-31T05:28:00.000000 -916.493644702 187.484689864 6634.801159426 5.63682216706 5.22499741779 0.62659455531
2024-05-31T05:29:00.000000 -576.378998564 500.292287171 6656.592613044 5.69585154003 5.19780017601 0.09949474348
2024-05-31T05:30:00.000000 -233.531630995 810.727651749 6646.730373455 5.72787657824 5.14595376495 -0.42811287504
2024-05-31T05:31:00.000000 110.422915655 1117.318500774 6605.258764045 5.73274203168 5.06969919946 -0.95373591610
2024-05-31T05:32:00.000000 453.853537041 1418.610395642 6532.371469519 5.71041802459 4.96939047282 -1.47488917683
2024-05-31T05:33:00.000000 795.131192053 1713.173556704 6428.410822306 5.66100386015 4.84549529656 -1.98910574022
2024-05-31T05:34:00.000000 1132.636618209 1999.609562424 6293.866200694 5.58472473335 4.69859022177 -2.49395249755
2024-05-31T05:35:00.000000 1464.767757686 2276.557776256 6129.371845648 5.48192971495 4.52935843679 -2.98703476441
2024-05-31T05:36:00.000000 1789.947285503 2542.701791299 5935.704250974 5.35309385188 4.33859088064 -3.46600805405
2024-05-31T05:37:00.000000 2106.630095287 2796.775785059 5713.778724298 5.19881578642 4.12718177499 -3.92859167049
2024-05-31T05:38:00.000000 2413.310635292 3037.570558774 5464.645213208 5.01981444939 3.89612351626 -4.37257977741
2024-05-31T05:39:00.000000 2708.530035311 3263.939296087 5189.483601389 4.81692724409 3.64650278123 -4.79584863651
2024-05-31T05:40:00.000000 2990.883168625 3474.803155723 4889.598414504 4.59110719563 3.37949825592 -5.19636899606
2024-05-31T05:41:00.000000 3259.025508030 3669.156692837 4566.412802740 4.34342058902 3.09637620026 -5.57221939181
2024-05-31T05:42:00.000000 3511.679593160 3846.072694552 4221.461683132 4.07503551868 2.79847666442 -5.92159402725
2024-05-31T05:43:00.000000 3747.641154153 4004.706602563 3856.384896890 3.78722315774 2.48721495339 -6.24280332248
2024-05-31T05:44:00.000000 3965.785322412 4144.300928114 3472.919944523 3.48136084667 2.16407703977 -6.53428576852
2024-05-31T05:45:00.000000 4165.072651193 4264.189215632 3072.893295350 3.15891117010 1.83060950003 -6.79463811687
2024-05-31T05:46:00.000000 4344.553659552 4363.799435427 2658.211245112 2.82141401781 1.48841177098 -7.02260176613
2024-05-31T05:47:00.000000 4503.373796356 4442.656889896 2230.851063865 2.47049231577 1.13912832859 -7.21707221156
2024-05-31T05:48:00.000000 4640.778047767 4500.386729113 1792.851265579 2.10783791097 0.78444043989 -7.37711406080
2024-05-31T05:49:00.000000 4756.114572153 4536.715768245 1346.301350728 1.73519645954 0.42605447353 -7.50196283620
2024-05-31T05:50:00.000000 4848.837735508 4551.473796335 893.331565791 1.35436195075 0.06569531396 -7.59102555154
2024-05-31T05:51:00.000000 4918.510801378 4544.594422513 436.102449400 0.96716820957 -0.29490297991 -7.64388585591
2024-05-31T05:52:00.000000 4964.808007606 4516.115370920 -23.205780328 0.57547961946 -0.65400488682 -7.66030448760
2024-05-31T05:53:00.000000 4987.516189946 4466.178321871 -482.403992838 0.18118299933 -1.00988325443 -7.64022422473
2024-05-31T05:54:00.000000 4986.535730647 4395.028001056 -939.305036215 -0.21382546514 -1.36083145349 -7.58376736001
2024-05-31T05:55:00.000000 4961.880824554 4303.010785047 -1391.734417991 -0.60764966441 -1.70516883230 -7.49123348292
2024-05-31T05:56:00.000000 4913.679224009 4190.572926709 -1837.540928718 -0.99840182327 -2.04124850616 -7.36309914740
2024-05-31T05:57:00.000000 4842.171454424 4058.258193286 -2274.607211234 -1.38421249944 -2.36746841553 -7.20001525087
2024-05-31T05:58:00.000000 4747.709400885 3906.704952212 -2700.860071259 -1.76324064221 -2.68227862155 -7.00280251206
2024-05-31T05:59:00.000000 4630.754298257 3736.642772321 -3114.280553940 -2.13368441579 -2.98419049319 -6.77244703576
2024-05-31T06:00:00.000000 4491.874047649 3548.888496531 -3512.913596712 -2.49379108068 -3.27178451754 -6.51009051314
2024-05-31T06:01:00.000000 4331.740133740 3344.341998091 -3894.877103775 -2.84186167295 -3.54371278925 -6.21702331186
2024-05-31T06:02:00.000000 4151.124107142 3123.981716382 -4258.370806775 -3.17626176064 -3.79870628780 -5.89468114946
2024-05-31T06:03:00.000000 3950.893396799 2888.859635843 -4601.684625497 -3.49543061990 -4.03558307908 -5.54463227042
2024-05-31T06:04:00.000000 3732.006800861 2640.096012184 -4923.206297950 -3.79788381164 -4.25324970196 -5.16856828328
2024-05-31T06:05:00.000000 3495.509752681 2378.873942599 -5221.428645548 -4.08221943549 -4.45070619473 -4.76829916871
2024-05-31T06:06:00.000000 3242.529103962 2106.433534789 -5494.956365555 -4.34712638538 -4.62705263810 -4.34574164151
2024-05-31T06:07:00.000000 2974.267548141 1824.065888758 -5742.512081654 -4.59138869995 -4.78148953366 -3.90290891359
2024-05-31T06:08:00.000000 2691.997714398 1533.106939380 -5962.941867675 -4.81389174157 -4.91332249514 -3.44190031753
2024-05-31T06:09:00.000000 2397.056016078 1234.931119956 -6155.220025518 -5.01362434070 -5.02196240085 -2.96488920371
2024-05-31T06:10:00.000000 2090.836418114 930.945038977 -6318.453281486 -5.18967936615 -5.10692671354 -2.47411544299
2024-05-31T06:11:00.000000 1774.784092008 622.580935599 -6451.884540620 -5.34125817668 -5.16784350250 -1.97187638203
2024-05-31T06:12:00.000000 1450.388755085 311.290133555 -6554.896015686 -5.46767500457 -5.20444819861 -1.46051713179
2024-05-31T06:13:00.000000 1119.177778872 -1.463434592 -6627.011844218 -5.56836120826 -5.21658591508 -0.94242097032
2024-05-31T06:14:00.000000 782.709149688 -314.209910897 -6667.899951368 -5.64286462965 -5.20421415524 -0.41999617524
2024-05-31T06:15:00.000000 442.564413795 -625.480226717 -6677.373241868 -5.69085224136 -5.16740053259 0.10433533336
2024-05-31T06:16:00.000000 100.341602045 -933.812557022 -6655.390182253 -5.71210791097 -5.10631973515 0.62814362162
2024-05-31T06:17:00.000000 -242.351898969 -1237.758862633 -6602.054967933 -5.70653544985 -5.02125570698 1.14900424172
2024-05-31T06:18:00.000000 -583.906396729 -1535.891267269 -6517.616903568 -5.67415452393 -4.91259659770 1.66450390354
2024-05-31T06:19:00.000000 -922.717052967 -1826.808378567 -6402.469645683 -5.61510807820 -4.78083716186 2.17224729339
2024-05-31T06:20:00.000000 -1257.191258572 -2109.141666383 -6257.149643749 -5.52966032083 -4.62657825319 2.66987158258
2024-05-31T06:21:00.000000 -1585.755858313 -2381.561802006 -6082.333804231 -5.41819466652 -4.45052414719 3.15506001757
2024-05-31T06:22:00.000000 -1906.864162220 -2642.784622768 -5878.836514582 -5.28121016117 -4.25347625202 3.62554691241
2024-05-31T06:23:00.000000 -2219.002952402 -2891.576990484 -5647.606351455 -5.11932318735 -4.03633337433 4.07912734189
2024-05-31T06:24:00.000000 -2520.699427493 -3126.762505472 -5389.722099788 -4.93326415115 -3.80008749916 4.51366698568
2024-05-31T06:25:00.000000 -2810.528014993 -3347.227060901 -5106.388301933 -4.72387702197 -3.54582304267 4.92711034081
2024-05-31T06:26:00.000000 -3087.117141008 -3551.924286268 -4798.930117765 -4.49211705087 -3.27471209328 5.31749411575
2024-05-31T06:27:00.000000 -3349.155792873 -3739.880601204 -4468.787513433 -4.23904709001 -2.98800815637 5.68295633487
2024-05-31T06:28:00.000000 -3595.399838934 -3910.199958547 -4117.508883829 -3.96583273564 -2.68704123986 6.02174623535
2024-05-31T06:29:00.000000 -3824.678032792 -4062.068258026 -3746.744121306 -3.67373706163 -2.37321193246 6.33223253690
2024-05-31T06:30:00.000000 -4035.897722492 -4194.757429867 -3358.237227756 -3.36411614491 -2.04798657884 6.61291097976
2024-05-31T06:31:00.000000 -4228.050295287 -4307.629209981 -2953.818412719 -3.03841417875 -1.71289105778 6.86241377856
2024-05-31T06:32:00.000000 -4400.216268197 -4400.138476350 -2535.395666033 -2.69815697384 -1.36950304712 7.07951705498
2024-05-31T06:33:00.000000 -4551.570009905 -4471.836157885 -2104.945911235 -2.34494592483 -1.01944536967 7.26314835731
2024-05-31T06:34:00.000000 -4681.384044893 -4522.371702426 -1664.505687474 -1.98045012421 -0.66437777005 7.41239391531
2024-05-31T06:35:00.000000 -4789.032861988 -4551.495058421 -1216.161455884 -1.60639786673 -0.30598924695 7.52650439949
2024-05-31T06:36:00.000000 -4873.996212543 -4559.058178547 -762.039569928 -1.22456813123 0.05401060381 7.60490020155
2024-05-31T06:37:00.000000 -4935.861862669 -4545.015971544 -304.295970753 -0.83678081279 0.41390100914 7.64717486259
2024-05-31T06:38:00.000000 -4974.327801595 -4509.426732894 154.894249986 -0.44488878963 0.77195785052 7.65309728031
2024-05-31T06:39:00.000000 -4989.203929739 -4452.452075805 613.347488120 -0.05076783192 1.12646291061 7.62261492850
2024-05-31T06:40:00.000000 -4980.413149160 -4374.356294172 1068.882358224 0.34369264536 1.47571329321 7.55585448010
2024-05-31T06:41:00.000000 -4947.991866753 -4275.505146768 1519.330472297 0.73660066345 1.81803147507 7.45312217920
2024-05-31T06:42:00.000000 -4892.089807527 -4156.364063122 1962.547106858 1.12607232670 2.15177374448 7.31490001116
2024-05-31T06:43:00.000000 -4812.969280844 -4017.495888763 2396.421671144 1.51024021111 2.47533814789 7.14184336859
2024-05-31T06:44:00.000000 -4711.003912382 -3859.558119542 2818.888013812 1.88726273759 2.78717272182 6.93477744654
2024-05-31T06:45:00.000000 -4586.676815731 -3683.299700119 3227.934504460 2.25533363470 3.08578259954 6.69469383484
2024-05-31T06:46:00.000000 -4440.578166686 -3489.557338498 3621.613855788 2.61269174330 3.36973832502 6.42274453934
2024-05-31T06:47:00.000000 -4273.402256904 -3279.251371393 3998.052585350 2.95762951379 3.63768327673 6.12023688823
2024-05-31T06:48:00.000000 -4085.943945389 -3053.381126113 4355.460089746 3.28850356888 3.88834202769 5.78862407324
2024-05-31T06:49:00.000000 -3879.094643424 -2813.019923296 4692.137060056 3.60373943208 4.12052398449 5.42949504625
2024-05-31T06:50:00.000000 -3653.837988167 -2559.309861049 5006.483495476 3.90183939304 4.33312851489 5.04456992404
2024-05-31T06:51:00.000000 -3411.244949703 -2293.456215342 5297.006247539 4.18139068576 4.52515057521 4.63568837463
2024-05-31T06:52:00.000000 -3152.468602295 -2016.721663347 5562.325924609 4.44107038086 4.69568246686 4.20480150882
2024-05-31T06:53:00.000000 -2878.738522488 -1730.420289271 5801.183343813 4.67965250373 4.84391951511 3.75396323366
2024-05-31T06:54:00.000000 -2591.354862358 -1435.911252861 6012.445305909 4.89601001867 4.96916353414 3.28531793303
2024-05-31T06:55:00.000000 -2291.682313094 -1134.592377895 6195.109981328 5.08912181745 5.07082579365 2.80109881374
2024-05-31T06:56:00.000000 -1981.143350931 -827.893343936 6348.311671146 5.25808228867 5.14843270298 2.30360721642
2024-05-31T06:57:00.000000 -1661.211304759 -517.268800030 6471.324506816 5.40210306470 5.20162572723 1.79519975042
2024-05-31T06:58:00.000000 -1333.403353110 -204.191596556 6563.565267046 5.52050929345 5.23015564524 1.27827517970
2024-05-31T06:59:00.000000 -999.273728410 109.853822986 6624.596022892 5.61274270480 5.23388674894 0.75527625275
2024-05-31T07:00:00.000000 -660.406473868 423.378387565 6654.126343269 5.67836795750 5.21280045958 0.22867415959
2024-05-31T07:01:00.000000 -318.408054996 734.895412051 6652.014592558 5.71707328507 5.16699464025 -0.29904421918
2024-05-31T07:02:00.000000 25.100098849 1042.927517363 6618.268567098 5.72867169832 5.09668124356 -0.82538617456
2024-05-31T07:03:00.000000 368.489108122 1346.013462456 6553.045593750 5.71310251717 5.00218690848 -1.34786172721
2024-05-31T07:04:00.000000 710.130336064 1642.715097942 6456.651914499 5.67043410700 4.88395359414 -1.86400045881
2024-05-31T07:05:00.000000 1048.402979173 1931.624036524 6329.541131322 5.60085893056 4.74253114719 -2.37136080471
2024-05-31T07:06:00.000000 1381.701574943 2211.368157711 6172.312297565 5.50469609243 4.57857820533 -2.86753879940
2024-05-31T07:07:00.000000 1708.443517419 2480.618010727 5985.707279452 5.38238786796 4.39285835252 -3.35017851151
2024-05-31T07:08:00.000000 2027.076462255 2738.093139810 5770.607649907 5.23450076919 4.18624076904 -3.81698192834
2024-05-31T07:09:00.000000 2336.085697853 2982.568269434 5528.030775169 5.06172221118 3.95969482676 -4.26572160589
2024-05-31T07:10:00.000000 2634.001394278 3212.879221290 5259.125339867 4.86486081076 3.71428710351 -4.69425014766
2024-05-31T07:11:00.000000 2919.405801854 3427.928640926 4965.166125150 4.64484351324 3.45117795710 -5.10051429241
2024-05-31T07:12:00.000000 3190.940182373 3626.691350058 4647.547871533 4.40270797908 3.17161034662 -5.48256936427
2024-05-31T07:13:00.000000 3447.311177005 3808.219125074 4307.778847014 4.13959708852 2.87690743651 -5.83857639209
2024-05-31T07:14:00.000000 3687.297197364 3971.645478543 3947.474016449 3.85675663646 2.56846839396 -6.16682168630
2024-05-31T07:15:00.000000 3909.754010920 4116.189981919 3568.347457922 3.55552296287 2.24776473531 -6.46571133555
2024-05-31T07:16:00.000000 4113.621114786 4241.162761850 3172.204844359 3.23734909928 1.91633755141 -6.73379708739
2024-05-31T07:17:00.000000 4297.927527811 4345.967575348 2760.933699658 2.90375902499 1.57576691765 -6.96979270200
2024-05-31T07:18:00.000000 4461.795730004 4430.104600437 2336.494494651 2.55634804164 1.22768800009 -7.17255537867
2024-05-31T07:19:00.000000 4604.446188656 4493.173468677 1900.911355914 2.19678364666 0.87377649486 -7.34110821964
2024-05-31T07:20:00.000000 4725.201219304 4534.875157254 1456.262110420 1.82679420642 0.51573484704 -7.47463701118
2024-05-31T07:21:00.000000 4823.488740365 4555.013561143 1004.668288106 1.44816820753 0.15528902012 -7.57250283778
2024-05-31T07:22:00.000000 4898.845209685 4553.496497546 548.284336603 1.06273338637 -0.20582397048 -7.63424665182
2024-05-31T07:23:00.000000 4950.917694240 4530.336094423 89.286819255 0.67234694368 -0.56586653120 -7.65958971994
2024-05-31T07:24:00.000000 4979.465422339 4485.648562536 -370.136266988 0.27888964551 -0.92310732312 -7.64843072832
2024-05-31T07:25:00.000000 4984.360861648 4419.653570091 -827.796299912 -0.11574696041 -1.27583116351 -7.60084932158
2024-05-31T07:26:00.000000 4965.590090566 4332.672982610 -1281.514778201 -0.50966862385 -1.62234815710 -7.51710328128
2024-05-31T07:27:00.000000 4923.252716949 4225.129086053 -1729.133953952 -0.90098628844 -1.96100183186 -7.39762630882
2024-05-31T07:28:00.000000 4857.561293345 4097.542350613 -2168.527405918 -1.28782698662 -2.29017778442 -7.24302841176
2024-05-31T07:29:00.000000 4768.839942649 3950.528605383 -2597.610417000 -1.66834569909 -2.60831304363 -7.05408860049
2024-05-31T07:30:00.000000 4657.522482848 3784.795745607 -3014.349946403 -2.04073223505 -2.91390238331 -6.83174972234
2024-05-31T07:31:00.000000 4524.150048448 3601.140116527 -3416.774382791 -2.40322194321 -3.20550430119 -6.57711575917
2024-05-31T07:32:00.000000 4369.368006727 3400.442412870 -3802.982940347 -2.75410573820 -3.48174959843 -6.29144179094
2024-05-31T07:33:00.000000 4193.922509357 3183.663181418 -4171.154514632 -3.09173448456 -3.74134698662 -5.97612822438
2024-05-31T07:34:00.000000 3998.656599921 2951.837902549 -4519.556185268 -3.41452913694 -3.98309090165 -5.63271174420
2024-05-31T07:35:00.000000 3784.505822053 2706.071734022 -4846.551031529 -3.72098597755 -4.20586492422 -5.26285459959
2024-05-31T07:36:00.000000 3552.493566170 2447.534030472 -5150.605483291 -4.00968170016 -4.40864623787 -4.86833849774
2024-05-31T07:37:00.000000 3303.725970413 2177.452621668 -5430.296244419 -4.27928291664 -4.59050902778 -4.45105525828
2024-05-31T07:38:00.000000 3039.386344911 1897.107906727 -5684.316511189 -4.52855106099 -4.75062739877 -4.01299485991
2024-05-31T07:39:00.000000 2760.729359058 1607.826716270 -5911.481609966 -4.75634673083 -4.88828011350 -3.55623615436
2024-05-31T07:40:00.000000 2469.075018563 1310.976001658 -6110.733976407 -4.96163198623 -5.00285099375 -3.08293614795
2024-05-31T07:41:00.000000 2165.802406657 1007.956482568 -6281.147599047 -5.14347649482 -5.09383118795 -2.59532046194
2024-05-31T07:42:00.000000 1852.343178544 700.196164244 -6421.931697508 -5.30105751445 -5.16081962123 -2.09566973274
2024-05-31T07:43:00.000000 1530.175190456 389.143931743 -6532.433897853 -5.43365834522 -5.20352174728 -1.58631735946
2024-05-31T07:44:00.000000 1200.815814465 76.262980891 -6612.143322296 -5.54068117096 -5.22175623471 -1.06964257113
2024-05-31T07:45:00.000000 865.814661595 -236.976007841 -6660.692572781 -5.62164732832 -5.21545389125 -0.54804667702
2024-05-31T07:46:00.000000 526.746622303 -549.101457232 -6677.858865433 -5.67619303092 -5.18465382772 -0.02394840303
2024-05-31T07:47:00.000000 185.204897296 -858.647422814 -6663.564927001 -5.70407262920 -5.12950506612 0.50022290770
2024-05-31T07:48:00.000000 -157.206122987 -1164.160141182 -6617.879186769 -5.70515784141 -5.05026370588 1.02204062733
2024-05-31T07:49:00.000000 -498.877939952 -1464.204411545 -6541.015563662 -5.67944183760 -4.94729304220 1.53908371205
2024-05-31T07:50:00.000000 -838.205314570 -1757.370042037 -6433.332637470 -5.62703843110 -4.82106286077 2.04895274093
2024-05-31T07:51:00.000000 -1173.593401047 -2042.278242326 -6295.332162949 -5.54818144270 -4.67215033402 2.54927697399
2024-05-31T07:52:00.000000 -1503.465000719 -2317.587935133 -6127.656872962 -5.44322400637 -4.50123378720 3.03772905137
2024-05-31T07:53:00.000000 -1826.267592630 -2582.001698993 -5931.087755549 -5.31263595549 -4.30909060158 3.51202927492
2024-05-31T07:54:00.000000 -2140.480338914 -2834.271714593 -5706.540850370 -5.15700295892 -4.09659597099 3.96995710364
2024-05-31T07:55:00.000000 -2444.620993156 -3073.205526291 -5455.063493725 -4.97702607264 -3.86471999185 4.40935791590
2024-05-31T07:56:00.000000 -2737.252853232 -3297.671709710 -5177.830052826 -4.77352220399 -3.61452678954 4.82815432765
2024-05-31T07:57:00.000000 -3016.991615411 -3506.605396377 -4876.136829130 -4.54741977066 -3.34716905806 5.22436121196
2024-05-31T07:58:00.000000 -3282.511880083 -3699.013334464 -4551.396298983 -4.29975349829 -3.06388082209 5.59609209837
2024-05-31T07:59:00.000000 -3532.553457067 -3873.978680658 -4205.130962893 -4.03166165247 -2.76597432695 5.94156758097
2024-05-31T08:00:00.000000 -3765.927465109 -4030.665556870 -3838.966640856 -3.74438232192 -2.45483521977 6.25912468216
2024-05-31T08:01:00.000000 -3981.522194367 -4168.323274210 -3454.625197907 -3.43924887430 -2.13191650830 6.54722650423
2024-05-31T08:02:00.000000 -4178.308631037 -4286.290181268 -3053.916694894 -3.11768330517 -1.79873179927 6.80447119925
2024-05-31T08:03:00.000000 -4355.345620522 -4383.997111035 -2638.731109412 -2.78119173926 -1.45684970034 7.02959835070
2024-05-31T08:04:00.000000 -4511.784720695 -4460.970476570 -2211.029495505 -2.43135645156 -1.10788534839 7.22150049276
2024-05-31T08:05:00.000000 -4646.874464989 -4516.834720415 -1772.834703519 -2.06982679756 -0.75349056205 7.37922526724
2024-05-31T08:06:00.000000 -4759.964260230 -4551.314429735 -1326.221946639 -1.69831504347 -0.39535068796 7.50198172896
2024-05-31T08:07:00.000000 -4850.507891830 -4564.236026693 -873.308782304 -1.31858586448 -0.03517251026 7.58914946986
2024-05-31T08:08:00.000000 -4918.066349436 -4555.528756141 -416.244910548 -0.93244714599 0.32532421951 7.64027793779
2024-05-31T08:09:00.000000 -4962.310229570 -4525.225276644 42.798133553 -0.54174334551 0.68441323376 7.65509063845
2024-05-31T08:10:00.000000 -4983.021667880 -4473.461803351 501.637591486 -0.14834590347 1.04037091256 7.63349063767
2024-05-31T08:11:00.000000 -4980.095587518 -4400.477610477 958.090310568 0.24585893225 1.39148720388 7.57556159121
2024-05-31T08:12:00.000000 -4953.540266511 -4306.613930685 1409.983534208 0.63898039938 1.73607498716 7.48156610358
2024-05-31T08:13:00.000000 -4903.477332525 -4192.312303352 1855.165604383 1.02913272990 2.07247960136 7.35194443607
2024-05-31T08:14:00.000000 -4830.141152974 -4058.112336801 2291.516488733 1.41444508502 2.39908776976 7.18730945601
2024-05-31T08:15:00.000000 -4733.877704454 -3904.649101089 2716.958008877 1.79306950699 2.71433126165 6.98844370295
2024-05-31T08:16:00.000000 -4615.142895593 -3732.650207942 3129.464059383 2.16319112977 3.01669580827 6.75629981706
2024-05-31T08:17:00.000000 -4474.500296304 -3542.932193687 3527.070659494 2.52303813498 3.30473335642 6.49199456737
2024-05-31T08:18:00.000000 -4312.618237211 -3336.396283938 3907.885492161 2.87089132265 3.57706955048 6.19679852891
2024-05-31T08:19:00.000000 -4130.266422539 -3114.023863712 4270.096935817 3.20509254080 3.83240770957 5.87212969798
2024-05-31T08:20:00.000000 -3928.312017244 -2876.871652358 4611.982638928 3.52405200840 4.06953417567 5.51954445359
2024-05-31T08:21:00.000000 -3707.715371176 -2626.066558868 4931.917614919 3.82625469952 4.28732389428 5.14073050216
2024-05-31T08:22:00.000000 -3469.525323148 -2362.800241138 5228.381847722 4.11026671617 4.48474395181 4.73749797331
2024-05-31T08:23:00.000000 -3214.874174569 -2088.323443612 5499.967494766 4.37474161591 4.66085975022 4.31177477994
2024-05-31T08:24:00.000000 -2944.972152248 -1803.939826642 5745.385553390 4.61842862523 4.81484121341 3.86559179631
2024-05-31T08:25:00.000000 -2661.101583296 -1510.999749388 5963.471835579 4.84017704760 4.94596382449 3.40107760194
2024-05-31T08:26:00.000000 -2364.610609057 -1210.893667275 6153.192389958 5.03894398640 5.05361516088 2.92044201638
2024-05-31T08:27:00.000000 -2056.906666832 -905.045459154 6313.648021822 5.21379665291 5.13729374186 2.42596554035
2024-05-31T08:28:00.000000 -1739.449763829 -594.905766766 6444.078212214 5.36391552682 5.19660868304 1.91998884097
2024-05-31T08:29:00.000000 -1413.745642493 -281.945327601 6543.864529967 5.48859635794 5.23128195349 1.40490585558
2024-05-31T08:30:00.000000 -1081.338760121 32.351912586 6612.533467161 5.58725329924 5.24115125900 0.88315150002
2024-05-31T08:31:00.000000 -743.805081407 346.495724114 6649.758573349 5.65942257466 5.22616951910 0.35719078987
2024-05-31T08:32:00.000000 -402.744717776 658.996535268 6655.361880239 5.70476268517 5.18640559893 -0.17049359957
2024-05-31T08:33:00.000000 -59.774583780 968.372336556 6629.314718860 5.72305574497 5.12204255858 -0.69740906895
2024-05-31T08:34:00.000000 283.479118480 1273.155564662 6571.738022194 5.71421036882 5.03337953206 -1.22106370329
2024-05-31T08:35:00.000000 625.388504516 1571.900097624 6482.901809633 5.67826140731 4.92083092981 -1.73898231986
2024-05-31T08:36:00.000000 964.331555563 1863.187964148 6363.223897977 5.61537005414 4.78492045509 -2.24871450992
2024-05-31T08:37:00.000000 1298.699720057 2145.635908894 6213.268103912 5.52582321501 4.62628124605 -2.74784639741
2024-05-31T08:38:00.000000 1626.905343883 2417.901843135 6033.741762200 5.41003078147 4.44565217088 -3.23400843093
2024-05-31T08:39:00.000000 1947.389150410 2678.691220626 5825.492842266 5.26852930270 4.24387897043 -3.70488543178
2024-05-31T08:40:00.000000 2258.627805063 2926.763298290 5589.506133191 5.10197898096 4.02190787975 -4.15823383498
2024-05-31T08:41:00.000000 2559.141151819 3160.936987531 5326.898714459 4.91115872659 3.78078100043 -4.59188871480
2024-05-31T08:42:00.000000 2847.499268264 3380.096551869 5038.914913623 4.69696290269 3.52163365500 -5.00377544103
2024-05-31T08:43:00.000000 3122.329225406 3583.197029962 4726.920665102 4.46039723280 3.24568950921 -5.39191578624
2024-05-31T08:44:00.000000 3382.321798881 3769.269488095 4392.397368516 4.20257785661 2.95425751468 -5.75444239131
2024-05-31T08:45:00.000000 3626.237786686 3937.425800417 4036.934979845 3.92472340063 2.64872164268 -6.08960277544
2024-05-31T08:46:00.000000 3852.914513617 4086.863256678 3662.224971621 3.62816691932 2.33054605888 -6.39577303040
2024-05-31T08:47:00.000000 4061.272011570 4216.868849018 3270.051330286 3.31432294923 2.00124858568 -6.67149019897
2024-05-31T08:48:00.000000 4250.317354115 4326.822053349 2862.282121426 2.98468601529 1.66240105887 -6.91541480018
2024-05-31T08:49:00.000000 4419.150061578 4416.198509685 2440.861106704 2.64083798774 1.31563157645 -7.12636700805
2024-05-31T08:50:00.000000 4566.966698048 4484.572707670 2007.798017616 2.28443129267 0.96260642893 -7.30332798998
2024-05-31T08:51:00.000000 4693.064912578 4531.620111304 1565.158719150 1.91718135488 0.60502365051 -7.44544594473
2024-05-31T08:52:00.000000 4796.847005572 4557.118838954 1115.055102900 1.54085996827 0.24460588348 -7.55204004700
2024-05-31T08:53:00.000000 4877.822950464 4560.950832089 659.634563194 1.15728192587 -0.11691091080 -7.62260745963
2024-05-31T08:54:00.000000 4935.612697151 4543.102383961 201.069383509 0.76829771710 -0.47778515321 -7.65682240862
2024-05-31T08:55:00.000000 4969.948034437 4503.664196626 -258.454144805 0.37578168317 -0.83628091576 -7.65454417058
2024-05-31T08:56:00.000000 4980.673536382 4442.830611209 -716.746678072 -0.01838225434 -1.19068044814 -7.61580959925
2024-05-31T08:57:00.000000 4967.747034130 4360.898445966 -1171.626228077 -0.41230261313 -1.53928578643 -7.54082773428
2024-05-31T08:58:00.000000 4931.239946742 4258.265629656 -1620.928708438 -0.80408714682 -1.88042661322 -7.42998692778
2024-05-31T08:59:00.000000 4871.336893711 4135.429221199 -2062.518741357 -1.19185698416 -2.21247099409 -7.28385603034
2024-05-31T09:00:00.000000 4788.334416369 3992.982647574 -2494.300343848 -1.57376230779 -2.53384020983 -7.10317604937
2024-05-31T09:01:00.000000 4682.639105633 3831.612414107 -2914.226843752 -1.94798464472 -2.84301068733 -6.88885040928
2024-05-31T09:02:00.000000 4554.765496207 3652.094584736 -3320.310715534 -2.31274685467 -3.13852257995 -6.64194603315
2024-05-31T09:03:00.000000 4405.333214558 3455.290683136 -3710.633123731 -2.66632458363 -3.41898817827 -6.36368433242
2024-05-31T09:04:00.000000 4235.063522721 3242.143170899 -4083.352947264 -3.00705579918 -3.68309813293 -6.05543272665
2024-05-31T09:05:00.000000 4044.775367935 3013.670621714 -4436.715231750 -3.33334691998 -3.92962525549 -5.71869448013
2024-05-31T09:06:00.000000 3835.381177058 2770.962664444 -4769.059114734 -3.64367648582 -4.15742924119 -5.35510182763
2024-05-31T09:07:00.000000 3607.882294150 2515.174592345 -5078.825372682 -3.93660378828 -4.36546249890 -4.96640884348
2024-05-31T09:08:00.000000 3363.363887036 2247.521660790 -5364.563371283 -4.21077581504 -4.55277422406 -4.55447897370
2024-05-31T09:09:00.000000 3102.989633258 1969.273234265 -5624.937349180 -4.46492939697 -4.71851194692 -4.12127743343
2024-05-31T09:10:00.000000 2827.996055450 1681.746768548 -5858.732388493 -4.69790157615 -4.86192613453 -3.66886459891
2024-05-31T09:11:00.000000 2539.686346271 1386.301501246 -6064.859584529 -4.90863197388 -4.98237371396 -3.19937832793
2024-05-31T09:12:00.000000 2239.424299946 1084.332052846 -6242.360464663 -5.09616211100 -5.07931848472 -2.71502793557
2024-05-31T09:13:00.000000 1928.627944757 777.261973297 -6390.411014038 -5.25964305345 -5.15233216053 -2.21808312008
2024-05-31T09:14:00.000000 1608.763044046 466.537321585 -6508.324961409 -5.39833238102 -5.20109336538 -1.71086607386
2024-05-31T09:15:00.000000 1281.336513550 153.620048679 -6595.556859338 -5.51160302159 -5.22539421687 -1.19574573621
2024-05-31T09:16:00.000000 947.889266573 -160.018760205 -6651.704306140 -5.59894815637 -5.22513747631 -0.67511869882
2024-05-31T09:17:00.000000 609.989172808 -472.905458119 -6676.509252599 -5.65997541276 -5.20033501099 -0.15139965266
2024-05-31T09:18:00.000000 269.224161477 -783.570412351 -6669.858956292 -5.69440914959 -5.15110847275 0.37298459925
2024-05-31T09:19:00.000000 -72.804807018 -1090.554498059 -6631.786442030 -5.70209131943 -5.07768696823 0.89560215010
2024-05-31T09:20:00.000000 -414.491000671 -1392.415680910 -6562.470516045 -5.68298745618 -4.98041040076 1.41402940891
2024-05-31T09:21:00.000000 -754.229170094 -1687.735452686 -6462.234850341 -5.63718128309 -4.85972298291 1.92586058635
2024-05-31T09:22:00.000000 -1090.422772274 -1975.125221324 -6331.546761102 -5.56487969516 -4.71617784287 2.42871764026
2024-05-31T09:23:00.000000 -1421.491197060 -2253.232633210 -6171.014932477 -5.46640521093 -4.55042807197 2.92026604947
2024-05-31T09:24:00.000000 -1745.876624501 -2520.747481094 -5981.386885467 -5.34219597098 -4.36322616549 3.39821373303
2024-05-31T09:25:00.000000 -2062.051058297 -2776.407713613 -5763.546113278 -5.19280794470 -4.15542457157 3.86032216977
2024-05-31T09:26:00.000000 -2368.523409845 -3019.005374844 -5518.508514808 -5.01891533141 -3.92797327924 4.30441873848
2024-05-31T09:27:00.000000 -2663.846514291 -3247.392298868 -5247.418052745 -4.82130721739 -3.68191454452 4.72840881533
2024-05-31T09:28:00.000000 -2946.623885740 -3460.485532891 -4951.541803699 -4.60088317192 -3.41837926291 5.13028473229
2024-05-31T09:29:00.000000 -3215.516247462 -3657.272529016 -4632.264475489 -4.35865026773 -3.13858252279 5.50813462334
2024-05-31T09:30:00.000000 -3469.247912819 -3836.816037240 -4291.082385025 -4.09572045418 -2.84381839563 5.86015145879
2024-05-31T09:31:00.000000 -3706.612957660 -3998.258731502 -3929.596916298 -3.81330666779 -2.53545634179 6.18464168606
2024-05-31T09:32:00.000000 -3926.481166192 -4140.827586860 -3549.507383535 -3.51271855500 -2.21493581155 6.48003635838
2024-05-31T09:33:00.000000 -4127.803636799 -4263.837858398 -3152.603262970 -3.19535590039 -1.88375862981 6.74490014877
2024-05-31T09:34:00.000000 -4309.618021827 -4366.696609807 -2740.755986698 -2.86270319799 -1.54348239389 6.97793791366
2024-05-31T09:35:00.000000 -4471.053414803 -4448.905850431 -2315.910253808 -2.51632252725 -1.19571274777 7.17800378692
2024-05-31T09:36:00.000000 -4611.334768115 -4510.065178630 -1880.074910122 -2.15784618474 -0.84209622880 7.34410618197
2024-05-31T09:37:00.000000 -4729.786927931 -4549.874058931 -1435.313498811 -1.78897022181 -0.48431363893 7.47541475162
2024-05-31T09:38:00.000000 -4825.838197327 -4568.133611906 -983.734391744 -1.41144593271 -0.12407134926 7.57126653108
2024-05-31T09:39:00.000000 -4899.023410760 -4564.747849147 -527.480565800 -1.02707139266 0.23690943524 7.63117160306
2024-05-31T09:40:00.000000 -4948.986434971 -4539.724222885 -68.719171138 -0.63768136617 0.59690298813 7.65481395128
2024-05-31T09:41:00.000000 -4975.482106810 -4493.173743617 390.368935323 -0.24513851116 0.95418425879 7.64205356288
2024-05-31T09:42:00.000000 -4978.377604444 -4425.310672198 847.599857910 0.14867669257 1.30703818293 7.59292931661
2024-05-31T09:43:00.000000 -4957.653216369 -4336.451621749 1300.797432750 0.54187634408 1.65377012828 7.50765983008
2024-05-31T09:44:00.000000 -4913.402482848 -4227.014023383 1747.803904299 0.93257434994 1.99271491353 7.38663969534
2024-05-31T09:45:00.000000 -4845.831838449 -4097.514179309 2186.490495330 1.31889584769 2.32224386616 7.23044011744
2024-05-31T09:46:00.000000 -4755.259610359 -3948.564768201 2614.767882228 1.69898697388 2.64077429089 7.03980452148
2024-05-31T09:47:00.000000 -4642.114485728 -3780.871813387 3030.596476043 2.07102519203 2.94677930865 6.81564614430
2024-05-31T09:48:00.000000 -4506.933322713 -3595.231101332 3431.996365970 2.43322836246 3.23879413667 6.55904049079
2024-05-31T09:49:00.000000 -4350.358447221 -3392.524279568 3817.056977299 2.78386525368 3.51542336028 6.27122175463
2024-05-31T09:50:00.000000 -4173.134308610 -3173.714456171 4183.946260428 3.12126356674 3.77534746105 5.95357213232
2024-05-31T09:51:00.000000 -3976.103754648 -2939.841483214 4530.919434628 3.44381750542 4.01732955486 5.60761688465
2024-05-31T09:52:00.000000 -3760.203792323 -2692.016772866 4856.327224069 3.74999481597 4.24022151341 5.23501259543
2024-05-31T09:53:00.000000 -3526.461072729 -2431.417900890 5158.623519478 4.03834038002 4.44296685708 4.83754116259
2024-05-31T09:54:00.000000 -3275.986961320 -2159.282917449 5436.372779020 4.30748816612 4.62460714907 4.41710385926
2024-05-31T09:55:00.000000 -3009.971976309 -1876.904345150 5688.256732237 4.55616529868 4.78428598011 3.97570737582
2024-05-31T09:56:00.000000 -2729.680034385 -1585.622881506 5913.080485947 4.78320034421 4.92125411792 3.51545451846
2024-05-31T09:57:00.000000 -2436.442221912 -1286.821038077 6109.777799716 4.98752465169 5.03486670051 3.03853087070
2024-05-31T09:58:00.000000 -2131.650602562 -981.916740045 6277.416077999 5.16817642143 5.12458998389 2.54720372246
2024-05-31T09:59:00.000000 -1816.751519608 -672.356457683 6415.200773824 5.32430865990 5.19000616671 2.04380448527
2024-05-31T10:00:00.000000 -1493.238657502 -359.608293298 6522.478768108 5.45519004332 5.23081145798 1.53071429957
2024-05-31T10:01:00.000000 -1162.646126593 -45.155195861 6598.741146981 5.56020496978 5.24681505097 1.01035829078
2024-05-31T10:02:00.000000 -826.541327647 269.511918705 6643.625621871 5.63886049395 5.23794263812 0.48519568251
2024-05-31T10:03:00.000000 -486.517567310 582.901122820 6656.918044836 5.69078522418 5.20423419996 -0.04229566492
2024-05-31T10:04:00.000000 -144.186762386 893.526321856 6638.553389660 5.71573108859 5.14584464260 -0.56962457651
2024-05-31T10:05:00.000000 198.828055749 1199.914198824 6588.616182899 5.71357567969 5.06304477476 -1.09429944168
2024-05-31T10:06:00.000000 540.900273551 1500.611112643 6507.340166252 5.68432222615 4.95621952167 -1.61383974594
2024-05-31T10:07:00.000000 880.407265123 1794.189890020 6395.107267848 5.62810007186 4.82586539458 -2.12578831134
2024-05-31T10:08:00.000000 1215.737902306 2079.256437096 6252.445938586 5.54516308950 4.67258869230 -2.62771971608
2024-05-31T10:09:00.000000 1545.300064746 2354.456310588 6080.028970421 5.43589188626 4.49710451436 -3.11724967737
2024-05-31T10:10:00.000000 1867.528320143 2618.481193923 5878.670590689 5.30079409485 4.30023435340 -3.59205112126
2024-05-31T10:11:00.000000 2180.891269009 2870.075104633 5649.322673185 5.14049600557 4.08290116746 -4.04986328748
2024-05-31T10:12:00.000000 2483.898685074 3108.040461232 5393.070546657 4.95574415633 3.84612740336 -4.48850082984
2024-05-31T10:13:00.000000 2775.108718963 3331.243797592 5111.128083286 4.74740353077 3.59102674421 -4.90586590278
2024-05-31T10:14:00.000000 3053.134839272 3538.621112966 4804.832243862 4.51645330141 3.31880110365 -5.29995441462
2024-05-31T10:15:00.000000 3316.652694500 3729.183152554 4475.637104629 4.26398555589 3.03073938995 -5.66886924625
2024-05-31T10:16:00.000000 3564.406637821 3902.020470254 4125.107054102 3.99119762194 2.72821143750 -6.01083244825
2024-05-31T10:17:00.000000 3795.215872659 4056.307953442 3754.909328336 3.69938621122 2.41265724270 -6.32419413915
2024-05-31T10:18:00.000000 4007.980313962 4191.308952322 3366.806193324 3.38994405808 2.08558575935 -6.60743913460
2024-05-31T10:19:00.000000 4201.686051693 4306.379255972 2962.646379487 3.06434917087 1.74856621088 -6.85920183698
2024-05-31T10:20:00.000000 4375.410250087 4400.970161409 2544.356010136 2.72415868716 1.40321127016 -7.07826759850
2024-05-31T10:21:00.000000 4528.325824015 4474.630978284 2113.929562023 2.37100697694 1.05117624243 -7.26357436319
2024-05-31T10:22:00.000000 4659.705875230 4527.011596615 1673.420251228 2.00659628635 0.69415622024 -7.41422874162
2024-05-31T10:23:00.000000 4768.927240251 4557.864386411 1224.929677576 1.63268033321 0.33386987165 -7.52951052078
2024-05-31T10:24:00.000000 4855.473389056 4567.045337505 770.597539104 1.25105940828 -0.02794839605 -7.60887055253
2024-05-31T10:25:00.000000 4918.937090345 4554.514827319 312.591220307 0.86357545569 -0.38955425920 -7.65193671684
2024-05-31T10:26:00.000000 4959.022542826 4520.337915356 -146.905171347 0.47209694209 -0.74920624402 -7.65852359173
2024-05-31T10:27:00.000000 4975.546498123 4464.683702579 -605.701692609 0.07850754520 -1.10517753488 -7.62862074235
2024-05-31T10:28:00.000000 4968.439126110 4387.824430566 -1061.613149101 -0.31529806281 -1.45575887214 -7.56239837314
2024-05-31T10:29:00.000000 4937.744240988 4290.134043823 -1512.470017415 -0.70742865783 -1.79927123959 -7.46020777869
2024-05-31T10:30:00.000000 4883.618752600 4172.086091863 -1956.129118761 -1.09600660670 -2.13407463747 -7.32257476927
2024-05-31T10:31:00.000000 4806.331662280 4034.251174794 -2390.483983328 -1.47917493752 -2.45857547486 -7.15019701333
2024-05-31T10:32:00.000000 4706.262481493 3877.293905868 -2813.475070327 -1.85510858517 -2.77123487184 -6.94394014596
2024-05-31T10:33:00.000000 4583.899045153 3701.969394282 -3223.099657721 -2.22202315724 -3.07057633739 -6.70483134362
2024-05-31T10:34:00.000000 4439.834835963 3509.119305767 -3617.421358455 -2.57818307373 -3.35519235600 -6.43405382757
2024-05-31T10:35:00.000000 4274.765738662 3299.667497336 -3994.579280936 -2.92191209872 -3.62375179090 -6.13293909726
2024-05-31T10:36:00.000000 4089.486253409 3074.615284894 -4352.796608351 -3.25159994268 -3.87500430295 -5.80295672130
2024-05-31T10:37:00.000000 3884.885412546 2835.036486037 -4690.388696666 -3.56570719970 -4.10778469007 -5.44570887752
2024-05-31T10:38:00.000000 3661.942243718 2582.072094843 -5005.770797714 -3.86277447833 -4.32101959510 -5.06292109699
2024-05-31T10:39:00.000000 3421.720841129 2316.924662890 -5297.465158414 -4.14142654907 -4.51373152419 -4.65643325030
2024-05-31T10:40:00.000000 3165.365103199 2040.852358753 -5564.107589501 -4.40037955717 -4.68504445004 -4.22818859864
2024-05-31T10:41:00.000000 2894.093091200 1755.162864686 -5804.453317069 -4.63844596738 -4.83418405395 -3.78022303763
2024-05-31T10:42:00.000000 2609.191161107 1461.207224113 -6017.382293179 -4.85453732913 -4.96047963759 -3.31465700776
2024-05-31T10:43:00.000000 2312.007822216 1160.373551329 -6201.904015084 -5.04767171083 -5.06336664272 -2.83368586720
2024-05-31T10:44:00.000000 2003.947250033 854.080603391 -6357.161604874 -5.21697501543 -5.14238848197 -2.33956693936
2024-05-31T10:45:00.000000 1686.462820692 543.771235417 -6482.435278195 -5.36168187248 -5.19719889246 -1.83461082259
2024-05-31T10:46:00.000000 1361.050549178 230.905772549 -6577.145229275 -5.48113671867 -5.22756127603 -1.32117248548
2024-05-31T10:47:00.000000 1029.242254318 -83.044579036 -6640.854163375 -5.57480326449 -5.23335031777 -0.80164399410
2024-05-31T10:48:00.000000 692.598405352 -396.604434641 -6673.268913689 -5.64226128993 -5.21455141552 -0.27843612199
2024-05-31T10:49:00.000000 352.701264394 -708.300770976 -6674.241405514 -5.68320505790 -5.17125736451 0.24602577776
2024-05-31T10:50:00.000000 11.147884453 -1016.669425706 -6643.769461231 -5.69744864156 -5.10367235912 0.76930617518
2024-05-31T10:51:00.000000 -330.457217854 -1320.261855208 -6581.996815109 -5.68492841418 -5.01211086346 1.28897944236
2024-05-31T10:52:00.000000 -670.509278525 -1617.651521401 -6489.212294356 -5.64569986339 -4.89699266361 1.80263532442
2024-05-31T10:53:00.000000 -1007.410456008 -1907.440332812 -6365.848620492 -5.57993791397 -4.75884567091 2.30789024752
2024-05-31T10:54:00.000000 -1339.576923078 -2188.264946292 -6212.480446223 -5.48793466312 -4.59829924398 2.80239751489
2024-05-31T10:55:00.000000 -1665.445903268 -2458.802759063 -6029.821990643 -5.37009971084 -4.41608200695 3.28385270641
2024-05-31T10:56:00.000000 -1983.482741052 -2717.777898124 -5818.724306161 -5.22696142073 -4.21302369771 3.75000102162
2024-05-31T10:57:00.000000 -2292.188081169 -2963.967309652 -5580.171805188 -5.05916718622 -3.99005369316 4.19865505769
2024-05-31T10:58:00.000000 -2590.104802519 -3196.206447571 -5315.277852039 -4.86747662373 -3.74819200194 4.62770419184
2024-05-31T10:59:00.000000 -2875.824656557 -3413.394632429 -5025.280027121 -4.65275864902 -3.48854737457 5.03511992012
2024-05-31T11:00:00.000000 -3147.994780095 -3614.500351048 -4711.534973494 -4.41599125551 -3.21231629049 5.41896368394
2024-05-31T11:01:00.000000 -3405.324276101 -3798.566360756 -4375.512605988 -4.15826090869 -2.92077661107 5.77740021164
2024-05-31T11:02:00.000000 -3646.590549309 -3964.714418963 -4018.789570314 -3.88075646789 -2.61528278177 6.10870950607
2024-05-31T11:03:00.000000 -3870.645173656 -4112.149625373 -3643.042103292 -3.58476148733 -2.29725773444 6.41129138950
2024-05-31T11:04:00.000000 -4076.419642913 -4240.164446990 -3250.038641115 -3.27165499048 -1.96818962657 6.68367598758
2024-05-31T11:05:00.000000 -4262.930759659 -4348.142398451 -2841.631621763 -2.94290051472 -1.62962404746 6.92453363993
2024-05-31T11:06:00.000000 -4429.285547449 -4435.561278582 -2419.748905693 -2.60004047395 -1.28315724095 7.13268134606
2024-05-31T11:07:00.000000 -4574.685726863 -4501.996009584 -1986.384770694 -2.24468831384 -0.93042864462 7.30708878128
2024-05-31T11:08:00.000000 -4698.431899383 -4547.120938888 -1543.590614751 -1.87852589359 -0.57311230303 7.44688369182
2024-05-31T11:09:00.000000 -4799.927431114 -4570.711781273 -1093.465161327 -1.50329474108 -0.21291109842 7.55136264928
2024-05-31T11:10:00.000000 -4878.681609209 -4572.646958828 -638.144150417 -1.12078184178 0.14845522769 7.61999488220
2024-05-31T11:11:00.000000 -4934.312051299 -4552.908454991 -179.789947626 -0.73280993741 0.50925662116 7.65242423689
2024-05-31T11:12:00.000000 -4966.546655758 -4511.582021073 279.418948130 -0.34123148819 0.86776542837 7.64846893924
2024-05-31T11:13:00.000000 -4975.225189312 -4448.856863877 737.298407616 0.05207869113 1.22226176271 7.60812384412
2024-05-31T11:14:00.000000 -4960.300280030 -4365.024941287 1191.669397168 0.44523550995 1.57104249776 7.53156403546
2024-05-31T11:15:00.000000 -4921.837710511 -4260.479602786 1640.368730036 0.83635341159 1.91243245217 7.41914207654
2024-05-31T11:16:00.000000 -4860.016212933 -4135.713684620 2081.259668469 1.22355484886 2.24479195493 7.27138694945
2024-05-31T11:17:00.000000 -4775.126645665 -3991.317128272 2512.242437099 1.60498141484 2.56652522030 7.08900114444
2024-05-31T11:18:00.000000 -4667.570554512 -3827.974096281 2931.264541077 1.97880380192 2.87608864425 6.87285765570
2024-05-31T11:19:00.000000 -4537.858089978 -3646.459582315 3336.330858846 2.34323272661 3.17199984048 6.62399455147
2024-05-31T11:20:00.000000 -4386.605362044 -3447.635480015 3725.513283640 2.69652667438 3.45284510162 6.34360636222
2024-05-31T11:21:00.000000 -4214.531362709 -3232.446360072 4096.959962958 3.03699918875 3.71728370822 6.03303992490
2024-05-31T11:22:00.000000 -4022.454362397 -3001.914778576 4448.904230011 3.36302898033 3.96405800505 5.69378564600
2024-05-31T11:23:00.000000 -3811.287782819 -2757.136209866 4779.672875523 3.67306638393 4.19199487986 5.32746771373
2024-05-31T11:24:00.000000 -3582.035748044 -2499.273807457 5087.694087514 3.96563914776 4.40001403148 4.93583996195
2024-05-31T11:25:00.000000 -3335.788154291 -2229.552686075 5371.504796838 4.23936128902 4.58712862719 4.52077255130
2024-05-31T11:26:00.000000 -3073.715422219 -1949.254241809 5629.757647545 4.49293549387 4.75245350547 4.08425091607
2024-05-31T11:27:00.000000 -2797.062857006 -1659.709630030 5861.227397008 4.72516492867 4.89521353627 3.62835676937
2024-05-31T11:28:00.000000 -2507.144477019 -1362.293398094 6064.816345467 4.93495573619 5.01473832384 3.15525955790
2024-05-31T11:29:00.000000 -2205.336728275 -1058.416986483 6239.559408431 5.12132222378 5.11046905867 2.66720777819
2024-05-31T11:30:00.000000 -1893.071848026 -749.521990645 6384.628439796 5.28339065940 5.18195962347 2.16651577816
2024-05-31T11:31:00.000000 -1571.831082329 -437.073358353 6499.335836354 5.42040123957 5.22887763106 1.65555205287
2024-05-31T11:32:00.000000 -1243.137831704 -122.552578096 6583.137523054 5.53170934463 5.25100439091 1.13673142933
2024-05-31T11:33:00.000000 -908.550549811 192.549200852 6635.635469059 5.61679198129 5.24823651304 0.61250467695
2024-05-31T11:34:00.000000 -569.655409609 506.738057262 6656.579445986 5.67524792207 5.22058520064 0.08534644823
2024-05-31T11:35:00.000000 -228.058985494 818.524229857 6645.868191069 5.70679874313 5.16817799259 -0.44225435713
2024-05-31T11:36:00.000000 114.619179572 1126.429071536 6603.549900262 5.71129081000 5.09125738191 -0.96780650684
2024-05-31T11:37:00.000000 456.754093118 1428.991901432 6529.822053742 5.68869598961 4.99017978126 -1.48882704415
2024-05-31T11:38:00.000000 796.722809083 1724.776811252 6425.030609321 5.63911105615 4.86541406550 -2.00285086250
2024-05-31T11:39:00.000000 1132.912032521 2012.379321392 6289.668649088 5.56276092963 4.71753874964 -2.50744107846
2024-05-31T11:40:00.000000 1463.725749495 2290.432994258 6124.374298976 5.45999636139 4.54724358664 -3.00020227976
2024-05-31T11:41:00.000000 1787.592695311 2557.616001872 5929.927812404 5.33129083584 4.35532446926 -3.47879345426
2024-05-31T11:42:00.000000 2102.973674301 2812.657390531 5707.248153265 5.17724067936 4.14268157184 -3.94093381604
2024-05-31T11:43:00.000000 2408.368998726 3054.343232892 5457.388923740 4.99856540784 3.91031388477 -4.38441857966
2024-05-31T11:44:00.000000 2702.325652636 3281.522338577 5181.533508833 4.79610062118 3.65931343287 -4.80712706019
2024-05-31T11:45:00.000000 2983.444262795 3493.111811519 4880.989834314 4.57079885445 3.39086413230 -5.20703132025
2024-05-31T11:46:00.000000 3250.385936995 3688.102408813 4557.184339124 4.32372183701 3.10623635038 -5.58220977701
2024-05-31T11:47:00.000000 3501.878691475 3865.563612172 4211.655432434 4.05603855783 2.80678294594 -5.93085400393
2024-05-31T11:48:00.000000 3736.723795850 4024.648347058 3846.046259744 3.76902012852 2.49393099291 -6.25128264104
2024-05-31T11:49:00.000000 3953.801692696 4164.597188583 3462.096870164 3.46403406663 2.16917392456 -6.54194827701
2024-05-31T11:50:00.000000 4152.077645049 4284.742145617 3061.635915246 3.14253869600 1.83406491542 -6.80144648039
2024-05-31T11:51:00.000000 4330.606897546 4384.510011153 2646.571836445 2.80607400499 1.49020910832 -7.02852279426
2024-05-31T11:52:00.000000 4488.539405584 4463.425280144 2218.883648952 2.45625530981 1.13925644206 -7.22208105302
2024-05-31T11:53:00.000000 4625.123995654 4521.112529628 1780.611282710 2.09476197134 0.78289237198 -7.38118611714
2024-05-31T11:54:00.000000 4739.712187209 4557.298516956 1333.845845844 1.72333733675 0.42283623424 -7.50507094878
2024-05-31T11:55:00.000000 4831.761641266 4571.813711940 880.718999054 1.34377225610 0.06082205199 -7.59314978218
2024-05-31T11:56:00.000000 4900.838601698 4564.592811408 423.392404086 0.95789548649 -0.30140952933 -7.64500808284
2024-05-31T11:57:00.000000 4946.620075456 4535.675115384 -35.952729229 0.56756821638 -0.66211398046 -7.66041025875
2024-05-31T11:58:00.000000 4968.895428465 4485.204446309 -495.126521726 0.17467322374 -1.01955363161 -7.63930350010
2024-05-31T11:59:00.000000 4967.567337560 4413.428313921 -951.941477452 -0.21889801212 -1.37201244204 -7.58181894705
2024-05-31T12:00:00.000000 4942.651940244 4320.696332169 -1404.223275995 -0.61125594036 -1.71780354730 -7.48826423509
2024-05-31T12:01:00.000000 4894.278500805 4207.458295161 -1849.821317964 -1.00052065903 -2.05527570281 -7.35912195485
2024-05-31T12:02:00.000000 4822.688571365 4074.261829220 -2286.619167858 -1.38483086596 -2.38282053146 -7.19504817870
2024-05-31T12:03:00.000000 4728.234554343 3921.749548537 -2712.544882875 -1.76235454677 -2.69888160767 -6.99686913910
2024-05-31T12:04:00.000000 4611.377628899 3750.655640600 -3125.581060204 -2.13129960634 -3.00196471138 -6.76557489659
2024-05-31T12:05:00.000000 4472.685123572 3561.801924543 -3523.774335207 -2.48992025982 -3.29064304377 -6.50230903957
2024-05-31T12:06:00.000000 4312.827589329 3356.093736393 -3905.244549669 -2.83652361694 -3.56356121133 -6.20836821048
2024-05-31T12:07:00.000000 4132.575231438 3134.515283060 -4268.193747189 -3.16948224188 -3.81944704990 -5.88519313615
2024-05-31T12:08:00.000000 3932.793782232 2898.124505639 -4610.914413900 -3.48724037079 -4.05711512164 -5.53435664653
2024-05-31T12:09:00.000000 3714.439995022 2648.047782748 -4931.797193258 -3.78832095194 -4.27547070441 -5.15755630886
2024-05-31T12:10:00.000000 3478.556721367 2385.474321914 -5229.338036536 -4.07133176875 -4.47351437553 -4.75660272684
2024-05-31T12:11:00.000000 3226.267726357 2111.650430207 -5502.144696444 -4.33496851024 -4.65034284296 -4.33341112272
2024-05-31T12:12:00.000000 2958.772300948 1827.873620619 -5748.942798606 -4.57801848877 -4.80515278234 -3.88999411252
2024-05-31T12:13:00.000000 2677.339590281 1535.486518808 -5968.581491840 -4.79936772084 -4.93724505573 -3.42845464366
2024-05-31T12:14:00.000000 2383.302449847 1235.870483062 -6160.038478028 -4.99800699077 -5.04602764904 -2.95097344523
2024-05-31T12:15:00.000000 2078.051013879 930.439107867 -6322.424372400 -5.17303685150 -5.13101861785 -2.45979738883
2024-05-31T12:16:00.000000 1763.026074166 620.631602997 -6454.986199800 -5.32366773626 -5.19184525676 -1.95722476152
2024-05-31T12:17:00.000000 1439.712576161 307.906343206 -6557.110331487 -5.44921829184 -5.22824254813 -1.44560263578
2024-05-31T12:18:00.000000 1109.632816194 -6.265822430 -6628.325179169 -5.54912572270 -5.24005942407 -0.92731436852
2024-05-31T12:19:00.000000 774.339396892 -320.408251377 -6668.302814548 -5.62294156021 -5.22725299136 -0.40476482272
2024-05-31T12:20:00.000000 435.408420979 -633.044946173 -6676.860241951 -5.67033184681 -5.18988872156 0.11962025531
2024-05-31T12:21:00.000000 94.432439413 -942.707264776 -6653.960354402 -5.69108292668 -5.12814635836 0.64340715289
2024-05-31T12:22:00.000000 -246.986793161 -1247.940643759 -6599.711878013 -5.68510111765 -5.04231428861 1.16416968458
2024-05-31T12:23:00.000000 -587.245459778 -1547.311011864 -6514.368769045 -5.65241155334 -4.93278744171 1.67949412619
2024-05-31T12:24:00.000000 -924.744836304 -1839.411208547 -6398.329179016 -5.59315870687 -4.80006751058 2.18698983076
2024-05-31T12:25:00.000000 -1257.898422471 -2122.867275450 -6252.133771442 -5.50760585725 -4.64475921988 2.68429796461
2024-05-31T12:26:00.000000 -1585.139117615 -2396.344620684 -6076.463516495 -5.39613572005 -4.46756943859 3.16910301913
2024-05-31T12:27:00.000000 -1904.926254925 -2658.554016541 -5872.136808028 -5.25924681190 -4.26930340616 3.63914005934
2024-05-31T12:28:00.000000 -2215.752602661 -2908.257543029 -5640.106243016 -5.09755507474 -4.05086628306 4.09220296979
2024-05-31T12:29:00.000000 -2516.151336202 -3144.274513900 -5381.454647359 -4.91179076160 -3.81325930600 4.52615871794
2024-05-31T12:30:00.000000 -2804.702843585 -3365.487024180 -5097.390448051 -4.70279769592 -3.55757348928 4.93895503654
2024-05-31T12:31:00.000000 -3080.041522515 -3570.845264694 -4789.242481675 -4.47153121927 -3.28498698531 5.32863279369
2024-05-31T12:32:00.000000 -3340.862265402 -3759.372592689 -4458.454091993 -4.21905189841 -2.99675948223 5.69333528560
2024-05-31T12:33:00.000000 -3585.926675243 -3930.170245758 -4106.576762468 -3.94652205084 -2.69422651028 6.03131609407
2024-05-31T12:34:00.000000 -3814.069000099 -4082.421750307 -3735.263223240 -3.65519972539 -2.37879474570 6.34094777044
2024-05-31T12:35:00.000000 -4024.201763536 -4215.397109860 -3346.260171085 -3.34643664255 -2.05193964124 6.62072705273
2024-05-31T12:36:00.000000 -4215.321407402 -4328.456702081 -2941.400405562 -3.02167648031 -1.71519584881 6.86928985583
2024-05-31T12:37:00.000000 -4386.513378777 -4421.054482763 -2522.594171394 -2.68244082984 -1.37014716111 7.08541845968
2024-05-31T12:38:00.000000 -4536.956684735 -4492.740820251 -2091.820360285 -2.33032633141 -1.01842283807 7.26804384061
2024-05-31T12:39:00.000000 -4665.928211574 -4543.165076929 -1651.117280221 -1.96699741363 -0.66169205523 7.41625628831
2024-05-31T12:40:00.000000 -4772.806502922 -4572.077678359 -1202.572836028 -1.59417641494 -0.30165243730 7.52931283491
2024-05-31T12:41:00.000000 -4857.074926936 -4579.331509041 -748.314488693 -1.21363434027 0.05997966397 7.60663772265
2024-05-31T12:42:00.000000 -4918.324486026 -4564.882866237 -290.499139012 -0.82718652201 0.42147418907 7.64782692524
2024-05-31T12:43:00.000000 -4956.256178380 -4528.792060791 168.697403523 -0.43668266053 0.78109649838 7.65265541971
2024-05-31T12:44:00.000000 -4970.682660962 -4471.223229145 627.091309367 -0.04399200545 1.13712207565 7.62107961720
2024-05-31T12:45:00.000000 -4961.529089201 -4392.443545107 1082.501371009 0.34900467349 1.48784164741 7.55323046112
2024-05-31T12:46:00.000000 -4928.833728022 -4292.822093735 1532.759640863 0.74042101571 1.83156961918 7.44942088216
2024-05-31T12:47:00.000000 -4872.747609505 -4172.828030749 1975.722280667 1.12838503933 2.16665667877 7.31013746830
2024-05-31T12:48:00.000000 -4793.533838897 -4033.028338260 2409.279728379 1.51103437939 2.49149320625 7.13603911904
2024-05-31T12:49:00.000000 -4691.566508745 -3874.085055966 2831.367190868 1.88653371616 2.80452121530 6.92795722047
2024-05-31T12:50:00.000000 -4567.328809366 -3696.751997028 3239.974767805 2.25308373306 3.10424120906 6.68688926208
2024-05-31T12:51:00.000000 -4421.410549967 -3501.870985720 3633.157219790 2.60893114189 3.38921995293 6.41399231049
2024-05-31T12:52:00.000000 -4254.505142157 -3290.367691713 4009.043350909 2.95237689272 3.65809653118 6.11057552302
2024-05-31T12:53:00.000000 -4067.406209174 -3063.247199529 4365.844932886 3.28178093344 3.90958659151 5.77809592096
2024-05-31T12:54:00.000000 -3861.003650434 -2821.588952035 4701.865445363 3.59557642906 4.14249677995 5.41814968067
2024-05-31T12:55:00.000000 -3636.279066251 -2566.541369771 5015.507941014 3.89227332622 4.35572114992 5.03245998863
2024-05-31T12:56:00.000000 -3394.301013409 -2299.316377976 5305.282633064 4.17046512233 4.54825056151 4.62287339191
2024-05-31T12:57:00.000000 -3136.219727665 -2021.183441507 5569.813874928 4.42883627012 4.71917652988 4.19134639420
2024-05-31T12:58:00.000000 -2863.261565329 -1733.463433244 5807.846478717 4.66616557772 4.86769419033 3.73993668288
2024-05-31T12:59:00.000000 -2576.723135228 -1437.522294234 6018.251630501 4.88133487347 4.99310786658 3.27079690469
2024-05-31T13:00:00.000000 -2277.964817255 -1134.764306264 6200.031972926 5.07333566692 5.09483421450 2.78615271653
2024-05-31T13:01:00.000000 -1968.404373368 -826.625532804 6352.325686560 5.24126438122 5.17239702431 2.28829728980
2024-05-31T13:02:00.000000 -1649.510394902 -514.567308076 6474.410563845 5.38433194498 5.22543158141 1.77958910435
2024-05-31T13:03:00.000000 -1322.795261848 -200.069338587 6565.707408227 5.50186728533 5.25369015441 1.26243375809
2024-05-31T13:04:00.000000 -989.808112552 115.377267426 6625.782525615 5.59331710367 5.25704049163 0.73927473876
2024-05-31T13:05:00.000000 -652.127638041 430.276956252 6654.349687769 5.65824955853 5.23546645299 0.21258189988
2024-05-31T13:06:00.000000 -311.354785245 743.136657953 6651.271405559 5.69635518216 5.18906700705 -0.31515816624
2024-05-31T13:07:00.000000 30.894667528 1052.472690468 6616.559615803 5.70744909213 5.11805605522 -0.84145302585
2024-05-31T13:08:00.000000 372.997580442 1356.817647072 6550.375739944 5.69147130925 5.02276220144 -1.36381347561
2024-05-31T13:09:00.000000 713.331130382 1654.727289775 6453.030121334 5.64849257475 4.90362843771 -1.87976896051
2024-05-31T13:10:00.000000 1050.280418806 1944.787196740 6324.980389231 5.57870468085 4.76120546909 -2.38687919531
2024-05-31T13:11:00.000000 1382.245774030 2225.619351659 6166.829718660 5.48242500142 4.59615632562 -2.88273602851
2024-05-31T13:12:00.000000 1707.650375235 2495.888792853 5979.324351778 5.36009738361 4.40925253508 -3.36498074433
2024-05-31T13:13:00.000000 2024.947795992 2754.310010179 5763.350231602 5.21229050453 4.20136972563 -3.83131770121
2024-05-31T13:14:00.000000 2332.629335889 2999.653001372 5519.928915132 5.03969256621 3.97348227235 -4.27952287686
2024-05-31T13:15:00.000000 2629.231134407 3230.749175055 5250.213081445 4.84311006967 3.72666254429 -4.70745142832
2024-05-31T13:16:00.000000 2913.341253378 3446.497115005 4955.481385338 4.62346676414 3.46207606595 -5.11305141714
2024-05-31T13:17:00.000000 3183.606566542 3645.867943010 4637.132510165 4.38179804385 3.18097435593 -5.49437515467
2024-05-31T13:18:00.000000 3438.739292296 3827.910354591 4296.678691685 4.11924654181 2.88469107437 -5.84958676123
2024-05-31T13:19:00.000000 3677.523373934 3991.755392776 3935.738676389 3.83705926986 2.57463599740 -6.17697384015
2024-05-31T13:20:00.000000 3898.820494724 4136.620746273 3556.030044256 3.53657966615 2.25228668709 -6.47495494882
2024-05-31T13:21:00.000000 4101.575755539 4261.814697915 3159.361141303 3.21924399033 1.91918441591 -6.74208812378
2024-05-31T13:22:00.000000 4284.823020690 4366.739732310 2747.622366830 2.88657317927 1.57692649675 -6.97708163688
2024-05-31T13:23:00.000000 4447.689722461 4450.895616148 2322.776938093 2.54016387172 1.22715673410 -7.17880088061
2024-05-31T13:24:00.000000 4589.401171592 4513.881916923 1886.851309145 2.18168090789 0.87155678957 -7.34627339053
2024-05-31T13:25:00.000000 4709.284428757 4555.400045453 1441.925275811 1.81284965387 0.51183834660 -7.47869439143
2024-05-31T13:26:00.000000 4806.771710805 4575.254795245 990.121762466 1.43544876178 0.14973395255 -7.57543237577
2024-05-31T13:27:00.000000 4881.403255287 4573.355215661 533.596234060 1.05129756357 -0.21301558502 -7.63603393509
2024-05-31T13:28:00.000000 4932.829378194 4549.714894047 74.526119789 0.66224529786 -0.57466662781 -7.66022001304
2024-05-31T13:29:00.000000 4960.812173728 4504.452043318 -384.899743940 0.27016761724 -0.93347715031 -7.64789118151
2024-05-31T13:30:00.000000 4965.226763966 4437.788967018 -842.492122373 -0.12304648739 -1.28772200902 -7.59913326445
2024-05-31T13:31:00.000000 4946.061662213 4350.050702525 -1296.072330099 -0.51550749159 -1.63570299780 -7.51421096489
2024-05-31T13:32:00.000000 4903.418580588 4241.663186086 -1743.482847979 -0.90533324375 -1.97575642982 -7.39356488599
2024-05-31T13:33:00.000000 4837.511721217 4113.150967754 -2182.597807353 -1.29065739955 -2.30625966280 -7.23780924152
2024-05-31T13:34:00.000000 4748.666546357 3965.134519044 -2611.333417906 -1.66964040654 -2.62564040352 -7.04773202270
2024-05-31T13:35:00.000000 4637.317698900 3798.326828104 -3027.658125126 -2.04048326524 -2.93238775030 -6.82428379626
2024-05-31T13:36:00.000000 4504.006549544 3613.529637397 -3429.602105724 -2.40142828081 -3.22505517200 -6.56857229293
2024-05-31T13:37:00.000000 4349.378391524 3411.629338065 -3815.266665643 -2.75077091484 -3.50226862502 -6.28185897670
2024-05-31T13:38:00.000000 4174.179009250 3193.592451691 -4182.833211830 -3.08686757728 -3.76273254110 -5.96555161006
2024-05-31T13:39:00.000000 3979.250685984 2960.460673037 -4530.571772031 -3.40814656839 -4.00523746154 -5.62119417595
2024-05-31T13:40:00.000000 3765.527712313 2713.345573880 -4856.848833224 -3.71311385480 -4.22866464367 -5.25045647585
2024-05-31T13:41:00.000000 3534.031513430 2453.423031774 -5160.134543513 -4.00035933626 -4.43198912312 -4.85512205173
2024-05-31T13:42:00.000000 3285.865619056 2181.927606357 -5439.009320027 -4.26855680248 -4.61428081453 -4.43708316048
2024-05-31T13:43:00.000000 3022.210351393 1900.146600386 -5692.170226275 -4.51647447460 -4.77471245515 -3.99833226620
2024-05-31T13:44:00.000000 2744.317088196 1609.413880716 -5918.436503798 -4.74297549156 -4.91255930063 -3.54094973109
2024-05-31T13:45:00.000000 2453.502361213 1311.103600577 -6116.754764462 -4.94702650565 -5.02720397682 -3.06709797938
2024-05-31T13:46:00.000000 2151.141528746 1006.623686722 -6286.203441571 -5.12770012838 -5.11813809313 -2.57900719448
2024-05-31T13:47:00.000000 1838.662327737 697.409303511 -6425.996595454 -5.28417841862 -5.18496221585 -2.07896635478
2024-05-31T13:48:00.000000 1517.538218762 384.916274817 -6535.487103624 -5.41575550496 -5.22738728658 -1.56931179565
2024-05-31T13:49:00.000000 1189.281587241 70.614471931 -6614.169196610 -5.52184041708 -5.24523378358 -1.05241737294
2024-05-31T13:50:00.000000 855.436805165 -244.018710774 -6661.680416323 -5.60195739054 -5.23843062865 -0.53068508514
2024-05-31T13:51:00.000000 517.573335332 -557.504948728 -6677.803090511 -5.65574658023 -5.20701848550 -0.00653719582
2024-05-31T13:52:00.000000 177.278680948 -868.371727819 -6662.465150372 -5.68296632532 -5.15114985768 0.51759722001
2024-05-31T13:53:00.000000 -163.848655137 -1175.158955676 -6615.740255219 -5.68349166257 -5.07108607310 1.03929036803
2024-05-31T13:54:00.000000 -504.206248051 -1476.425475665 -6537.847533985 -5.65731765902 -4.96719680933 1.55612278373
2024-05-31T13:55:00.000000 -842.195074158 -1770.755514546 -6429.150713125 -5.60456244270 -4.83995800342 2.06569685088
2024-05-31T13:56:00.000000 -1176.226726726 -2056.764950716 -6290.156373033 -5.52546031279 -4.68994837816 2.56564896666
2024-05-31T13:57:00.000000 -1504.730279584 -2333.107475335 -6121.511885755 -5.42036075356 -4.51785010853 3.05365015701
2024-05-31T13:58:00.000000 -1826.159420916 -2598.480865513 -5924.003039609 -5.28973520907 -4.32445000543 3.52741938265
2024-05-31T13:59:00.000000 -2138.999672191 -2851.633016606 -5698.550574621 -5.13417182066 -4.11063008838 3.98473992446
2024-05-31T14:00:00.000000 -2441.775244087 -3091.367534960 -5446.206297359 -4.95437249764 -3.87736625842 4.42346070124
2024-05-31T14:01:00.000000 -2733.055899800 -3316.549432890 -5168.148802968 -4.75115327527 -3.62572866037 4.84150882752
2024-05-31T14:02:00.000000 -3011.463709581 -3526.110622021 -4865.678427299 -4.52544129053 -3.35687627489 5.23690083031
2024-05-31T14:03:00.000000 -3275.679629828 -3719.055093698 -4540.211565209 -4.27827147510 -3.07205187246 5.60775333616
2024-05-31T14:04:00.000000 -3524.449823446 -3894.463780920 -4193.274378920 -4.01078178353 -2.77257658247 5.95229220948
2024-05-31T14:05:00.000000 -3756.591728438 -4051.499105300 -3826.495964295 -3.72420938734 -2.45984448420 6.26886240343
2024-05-31T14:06:00.000000 -3970.999795139 -4189.409080119 -3441.600879755 -3.41988227594 -2.13531260827 6.55593699312
2024-05-31T14:07:00.000000 -4166.650785956 -4307.530971362 -3040.401509235 -3.09921698560 -1.80050011054 6.81211743892
2024-05-31T14:08:00.000000 -4342.609010606 -4405.294947350 -2624.789850250 -2.76371321080 -1.45698191885 7.03614971697
2024-05-31T14:09:00.000000 -4498.031069202 -4482.227087663 -2196.728707335 -2.41494663380 -1.10637938410 7.22692893424
2024-05-31T14:10:00.000000 -4632.170205737 -4537.951989356 -1758.242522932 -2.05456212771 -0.75035366911 7.38350628432
2024-05-31T14:11:00.000000 -4744.380319213 -4572.194905412 -1311.407831888 -1.68426924496 -0.39059754678 7.50509570238
2024-05-31T14:12:00.000000 -4834.119554365 -4584.783328149 -858.343138705 -1.30582918075 -0.02882335344 7.59108531759
2024-05-31T14:13:00.000000 -4900.952785069 -4575.647840231 -401.198658190 -0.92103897328 0.33324373718 7.64102775099
2024-05-31T14:14:00.000000 -4944.553992374 -4544.822967387 57.853652357 -0.53173780331 0.69386642005 7.65464940006
2024-05-31T14:15:00.000000 -4964.708405140 -4492.447432029 516.630967198 -0.13979089246 1.05131173131 7.63186151919
2024-05-31T14:16:00.000000 -4961.313506780 -4418.763464091 972.950468783 0.25292512246 1.40386251914 7.57275170769
2024-05-31T14:17:00.000000 -4934.379743672 -4324.115748455 1424.639991628 0.64452369897 1.74982343196 7.47758871523
2024-05-31T14:18:00.000000 -4884.030627271 -4208.949705750 1869.548879314 1.03312465498 2.08753304618 7.34681970600
2024-05-31T14:19:00.000000 -4810.502033013 -4073.809250012 2305.558545077 1.41686406291 2.41537102673 7.18106588675
2024-05-31T14:20:00.000000 -4714.140959512 -3919.334073513 2730.592806581 1.79390348896 2.73176620512 6.98111854321
2024-05-31T14:21:00.000000 -4595.403767304 -3746.256526262 3142.627920756 2.16243679072 3.03520254488 6.74793417464
2024-05-31T14:22:00.000000 -4454.853968159 -3555.398020315 3539.702439822 2.52070064131 3.32422868220 6.48263162159
2024-05-31T14:23:00.000000 -4293.159324247 -3347.664930719 3919.926721625 2.86698478328 3.59746505957 6.18648419362
2024-05-31T14:24:00.000000 -4111.088439639 -3124.044112637 4281.491936111 3.19963878492 3.85360911500 5.86091113006
2024-05-31T14:25:00.000000 -3909.507044192 -2885.598160411 4622.678687969 3.51707667853 4.09144026550 5.50747420469
2024-05-31T14:26:00.000000 -3689.373804039 -2633.460135371 4941.865411547 3.81778908988 4.30983179115 5.12786965679
2024-05-31T14:27:00.000000 -3451.735430369 -2368.827845142 5237.535913729 4.10035055120 4.50775156010 4.72391241831
2024-05-31T14:28:00.000000 -3197.721563899 -2092.958148029 5508.286370015 4.36342387660 4.68426472391 4.29753191563
2024-05-31T14:29:00.000000 -2928.539233393 -1807.160916512 5752.831875261 4.60576720202 4.83853968934 3.85076113513
2024-05-31T14:30:00.000000 -2645.466998906 -1512.792696668 5970.012377318 4.82623910081 4.96985264207 3.38572666085
2024-05-31T14:31:00.000000 -2349.848764826 -1211.250232834 6158.797897709 5.02380324065 5.07758752720 2.90463573056
2024-05-31T14:32:00.000000 -2043.087455011 -903.963963266 6318.293094866 5.19752890787 5.16123774635 2.40976857513
2024-05-31T14:33:00.000000 -1726.638497951 -592.391315199 6447.741511248 5.34659854029 5.22041129375 1.90347216726
2024-05-31T14:34:00.000000 -1402.002800805 -278.009733385 6546.529060080 5.47031352966 5.25483241903 1.38814239834
2024-05-31T14:35:00.000000 -1070.719663837 37.690238009 6614.186591356 5.56809294378 5.26434046939 0.86621312785
2024-05-31T14:36:00.000000 -734.359695903 353.211871888 6650.391884442 5.63947401093 5.24888983859 0.34014710204
2024-05-31T14:37:00.000000 -394.517650960 667.059163106 6654.971204560 5.68411586063 5.20855030097 -0.18757061572
2024-05-31T14:38:00.000000 -52.804966854 977.743756816 6627.900263569 5.70180331224 5.14350700655 -0.71444565328
2024-05-31T14:39:00.000000 289.157832413 1283.791871997 6569.304425669 5.69244904531 5.05406103443 -1.23798655976
2024-05-31T14:40:00.000000 629.748697775 1583.751272940 6479.458047196 5.65608806966 4.94062833837 -1.75571931362
2024-05-31T14:41:00.000000 967.351413519 1876.197998115 6358.783366102 5.59288185156 4.80373550550 -2.26519044678
2024-05-31T14:42:00.000000 1300.363320776 2159.743003907 6207.848814639 5.50311993018 4.64401991267 -2.76398240836
2024-05-31T14:43:00.000000 1627.202877189 2433.038773548 6027.366451101 5.38721574300 4.46222706756 -3.24972710892
2024-05-31T14:44:00.000000 1946.317040746 2694.785638107 5818.188842576 5.24570714852 4.25920694819 -3.72011039168
2024-05-31T14:45:00.000000 2256.188778739 2943.738059652 5581.305338091 5.07925472342 4.03591273402 -4.17288950075
2024-05-31T14:46:00.000000 2555.344236930 3178.710633349 5317.837508869 4.88863759672 3.79339481579 -4.60590141688
2024-05-31T14:47:00.000000 2842.359819077 3398.583725174 5029.034021365 4.67475069337 3.53279431978 -5.01707393547
2024-05-31T14:48:00.000000 3115.868985652 3602.308834360 4716.264959260 4.43860059981 3.25534070352 -5.40443382656
2024-05-31T14:49:00.000000 3374.568861607 3788.913786145 4381.015615396 4.18130263836 2.96234879002 -5.76611527722
2024-05-31T14:50:00.000000 3617.226688592 3957.507815822 4024.879637721 3.90407720168 2.65521535234 -6.10037543291
2024-05-31T14:51:00.000000 3842.685872802 4107.286036351 3649.551315620 3.60824219722 2.33540440293 -6.40560248043
2024-05-31T14:52:00.000000 4049.871740597 4237.533298011 3256.817628619 3.29520962548 2.00444311469 -6.68032012405
2024-05-31T14:53:00.000000 4237.797022917 4347.627878691 2848.549759831 2.96647934331 1.66391690033 -6.92320001908
2024-05-31T14:54:00.000000 4405.566795963 4437.044671242 2426.693943281 2.62362832789 1.31545934717 -7.13306930724
2024-05-31T14:55:00.000000 4552.382932984 4505.357824310 1993.261959952 2.26830406119 0.96074363646 -7.30891824405
2024-05-31T14:56:00.000000 4677.547809698 4552.242791189 1550.321235130 1.90220888249 0.60147347281 -7.44989921291
2024-05-31T14:57:00.000000 4780.467822616 4577.478168350 1099.985026907 1.52710597141 0.23937985443 -7.55533663960
2024-05-31T14:58:00.000000 4860.656497275 4580.946755434 644.401919702 1.14480294513 -0.12379442524 -7.62472653995
2024-05-31T14:59:00.000000 4917.737055636 4562.636246515 185.745349370 0.75714456584 -0.48629829252 -7.65774687810
2024-05-31T15:00:00.000000 4951.444070664 4522.639339694 -273.797346504 0.36599824566 -0.84638362031 -7.65425556419
2024-05-31T15:01:00.000000 4961.624813544 4461.153296679 -732.035823958 -0.02674962749 -1.20231565011 -7.61429547060
2024-05-31T15:02:00.000000 4948.239886915 4378.478684378 -1186.787787011 -0.41920929635 -1.55238794891 -7.53809045785
2024-05-31T15:03:00.000000 4911.363059597 4275.017378940 -1635.889575338 -0.80950074497 -1.89492872271 -7.42603553120
2024-05-31T15:04:00.000000 4851.180761986 4151.270818608 -2077.206315192 -1.19574530172 -2.22829351358 -7.27870097477
2024-05-31T15:05:00.000000 4767.991536245 4007.837286265 -2508.643152973 -1.57609533870 -2.55090288757 -7.09684390504
2024-05-31T15:06:00.000000 4662.203331326 3845.408151503 -2928.155204219 -1.94874632063 -2.86123064345 -6.88137326443
2024-05-31T15:07:00.000000 4534.331336997 3664.764580030 -3333.756976635 -2.31193105299 -3.15781225929 -6.63335957867
2024-05-31T15:08:00.000000 4384.995277705 3466.773519911 -3723.531918200 -2.66393410667 -3.43925444670 -6.35402895361
2024-05-31T15:09:00.000000 4214.916025064 3252.383194192 -4095.641456358 -3.00310037839 -3.70424201209 -6.04475315891
2024-05-31T15:10:00.000000 4024.911767732 3022.618264457 -4448.333493584 -3.32784236094 -3.95154323645 -5.70704139403
2024-05-31T15:11:00.000000 3815.893755161 2778.574667122 -4779.950366623 -3.63664631461 -4.18001446227 -5.34253087353
2024-05-31T15:12:00.000000 3588.861709181 2521.414223269 -5088.936323822 -3.92807828562 -4.38860427211 -4.95298033809
2024-05-31T15:13:00.000000 3344.898779058 2252.358922084 -5373.844538360 -4.20079237209 -4.57635902311 -4.54025972184
2024-05-31T15:14:00.000000 3085.166123897 1972.684971926 -5633.343435517 -4.45353473224 -4.74242564520 -4.10633933955
2024-05-31T15:15:00.000000 2810.897256987 1683.716672244 -5866.222427387 -4.68514818932 -4.88605440216 -3.65328010043
2024-05-31T15:16:00.000000 2523.392105626 1386.820163061 -6071.397066046 -4.89457690654 -5.00660079801 -3.18322412135
2024-05-31T15:17:00.000000 2224.010819293 1083.397033223 -6247.913605227 -5.08086970048 -5.10352802561 -2.69838439868
2024-05-31T15:18:00.000000 1914.167389772 774.877792760 -6394.952954087 -5.24318364973 -5.17640917809 -2.20103418606
2024-05-31T15:19:00.000000 1595.323125398 462.715298912 -6511.833926328 -5.38078425991 -5.22492575046 -1.69349659698
2024-05-31T15:20:00.000000 1268.980031801 148.378220920 -6598.016141824 -5.49305103789 -5.24887002368 -1.17813969540
2024-05-31T15:21:00.000000 936.673830714 -166.655643221 -6653.102244744 -5.57948029246 -5.24814504674 -0.65736122990
2024-05-31T15:22:00.000000 599.966953164 -480.906023341 -6676.839404632 -5.63968556663 -5.22276563914 -0.13357873486
2024-05-31T15:23:00.000000 260.441543483 -792.896844020 -6669.120122895 -5.67339559723 -5.17285605025 0.39078197916
2024-05-31T15:24:00.000000 -80.307429342 -1101.162732413 -6629.982636719 -5.68045540423 -5.09864932544 0.91328942742
2024-05-31T15:25:00.000000 -420.679403841 -1404.255627074 -6559.610942651 -5.66083393277 -5.00048927887 1.43152038137
2024-05-31T15:26:00.000000 -759.075497846 -1700.751301944 -6458.333720198 -5.61461633689 -4.87882564521 1.94307547108
2024-05-31T15:27:00.000000 -1093.905422748 -1989.255649323 -6326.622921297 -5.54200550554 -4.73421248375 2.44557994495
2024-05-31T15:28:00.000000 -1423.594661840 -2268.410862440 -6165.091989006 -5.44332395623 -4.56730608281 2.93669288837
2024-05-31T15:29:00.000000 -1746.591665849 -2536.901692135 -5974.493545020 -5.31901472478 -4.37886866803 3.41411944203
2024-05-31T15:30:00.000000 -2061.374991636 -2793.461647007 -5755.716078208 -5.16963734372 -4.16976147134 3.87562694133
2024-05-31T15:31:00.000000 -2366.460169194 -3036.878695285 -5509.780099257 -4.99586494726 -3.94093879832 4.31904765325
2024-05-31T15:32:00.000000 -2660.406567026 -3266.000905405 -5237.834007243 -4.79848534331 -3.69344926942 4.74228886705
2024-05-31T15:33:00.000000 -2941.824179955 -3479.741984424 -4941.149206865 -4.57839784415 -3.42843142612 5.14334472448
2024-05-31T15:34:00.000000 -3209.380236882 -3677.086536329 -4621.114591554 -4.33661022054 -3.14710921519 5.52030660663
2024-05-31T15:35:00.000000 -3461.805569941 -3857.095032215 -4279.230400818 -4.07423409558 -2.85078658853 5.87137302944
2024-05-31T15:36:00.000000 -3697.900722501 -4018.908434792 -3917.101536607 -3.79248090283 -2.54084166821 6.19485818077
2024-05-31T15:37:00.000000 -3916.541809607 -4161.752475345 -3536.430342098 -3.49265711064 -2.21872086643 6.48920161960
2024-05-31T15:38:00.000000 -4116.685978930 -4284.941526453 -3139.008829287 -3.17615635702 -1.88593136206 6.75297520413
2024-05-31T15:39:00.000000 -4297.376562639 -4387.882114690 -2726.710636141 -2.84445778069 -1.54403736956 6.98488795817
2024-05-31T15:40:00.000000 -4457.748092179 -4470.076184497 -2301.482408608 -2.49912054832 -1.19465331726 7.18379927182
2024-05-31T15:41:00.000000 -4597.030784373 -4531.123750727 -1865.334508838 -2.14177299387 -0.83943222716 7.34872660244
2024-05-31T15:42:00.000000 -4714.554357054 -4570.724994684 -1420.331466235 -1.77410263036 -0.48005918062 7.47884688056
2024-05-31T15:43:00.000000 -4809.751482745 -4588.682025053 -968.582322084 -1.39785300180 -0.11824526003 7.57350098683
2024-05-31T15:44:00.000000 -4882.160940545 -4584.900146350 -512.230538815 -1.01481584532 0.24428234645 7.63220136810
2024-05-31T15:45:00.000000 -4931.430211280 -4559.388565780 -53.443604273 -0.62682090779 0.60578887943 7.65463532762
2024-05-31T15:46:00.000000 -4957.317424495 -4512.260581290 405.597553121 -0.23572540194 0.96454076388 7.64066799326
2024-05-31T15:47:00.000000 -4959.692768320 -4443.733233000 862.709330062 0.15659444178 1.31881539751 7.59034541165
2024-05-31T15:48:00.000000 -4938.539273908 -4354.126326672 1315.716312965 0.54825536436 1.66691148313 7.50389432915
2024-05-31T15:49:00.000000 -4893.952876362 -4243.860841864 1762.462054716 0.93737916764 2.00715947524 7.38171922197
2024-05-31T15:50:00.000000 -4826.141810981 -4113.456806268 2200.819559272 1.32210175744 2.33792816509 7.22439678737
2024-05-31T15:51:00.000000 -4735.425582341 -3963.530797495 2628.701549189 1.70057942422 2.65763173912 7.03267399082
2024-05-31T15:52:00.000000 -4622.233476010 -3794.792983512 3044.070680703 2.07099922494 2.96473862596 6.80746849746
2024-05-31T15:53:00.000000 -4487.102221598 -3608.043473783 3444.949451198 2.43159224367 3.25778112315 6.54985263907
2024-05-31T15:54:00.000000 -4330.673633270 -3404.168815861 3829.429364222 2.78062651280 3.53534861897 6.26106009761
2024-05-31T15:55:00.000000 -4153.691650727 -3184.137750472 4195.680893168 3.11643261092 3.79611322525 5.94248464787
2024-05-31T15:56:00.000000 -3956.998232678 -2948.996123045 4541.962615761 3.43741563923 4.03883643285 5.59566697807
2024-05-31T15:57:00.000000 -3741.528644635 -2699.861161173 4866.629134984 3.74205774203 4.26237338271 5.22226407113
2024-05-31T15:58:00.000000 -3508.307043122 -2437.916286509 5168.138093829 4.02891516239 4.46566473618 4.82405468483
2024-05-31T15:59:00.000000 -3258.441871498 -2164.405658949 5445.057545132 4.29662391885 4.64774668763 4.40294121416
2024-05-31T16:00:00.000000 -2993.120518613 -1880.628078893 5696.073132294 4.54391862825 4.80776226441 3.96093565761
2024-05-31T16:01:00.000000 -2713.603278945 -1587.930633550 5919.994021588 4.76963456954 4.94495910805 3.50014264900
2024-05-31T16:02:00.000000 -2421.217268664 -1287.702320114 6115.758217926 4.97270914498 5.05869292788 3.02275064034
2024-05-31T16:03:00.000000 -2117.350209207 -981.367491656 6282.437383173 5.15218612219 5.14843007730 2.53102501416
2024-05-31T16:04:00.000000 -1803.443831566 -670.379122923 6419.241131119 5.30722211552 5.21375057412 2.02729678410
2024-05-31T16:05:00.000000 -1480.986999782 -356.211905232 6525.520590687 5.43708973472 5.25435059598 1.51394960333
2024-05-31T16:06:00.000000 -1151.508707807 -40.355341771 6600.771190526 5.54117913496 5.27004005364 0.99340864625
2024-05-31T16:07:00.000000 -816.570990410 275.693114487 6644.634855575 5.61899816891 5.26074398699 0.46813018339
2024-05-31T16:08:00.000000 -477.761851192 590.434954362 6656.901707663 5.67017524984 5.22650266067 -0.05940323955
2024-05-31T16:09:00.000000 -136.687766537 902.377600063 6637.511251987 5.69446618202 5.16747361544 -0.58669759503
2024-05-31T16:10:00.000000 205.033877486 1210.041446486 6586.552620006 5.69175073927 5.08393124208 -1.11126095952
2024-05-31T16:11:00.000000 545.782238815 1511.966748864 6504.264205956 5.66203529612 4.97626256187 -1.63061162345
2024-05-31T16:12:00.000000 883.940686486 1806.720336906 6391.032679232 5.60545245136 4.84496674741 -2.14229065463
2024-05-31T16:13:00.000000 1217.904201337 2092.902388137 6247.391380155 5.52225782193 4.69065632020 -2.64386851296
2024-05-31T16:14:00.000000 1546.087097404 2369.153223681 6074.018183435 5.41284058977 4.51405549768 -3.13296236456
2024-05-31T16:15:00.000000 1866.930720359 2634.159658051 5871.731982836 5.27770966422 4.31598859983 -3.60725373034
2024-05-31T16:16:00.000000 2178.910435363 2886.660989630 5641.489010915 5.11749186367 4.09738181023 -4.06448402534
2024-05-31T16:17:00.000000 2480.542911286 3125.455148360 5384.378804041 4.93293609225 3.85926168349 -4.50247200693
2024-05-31T16:18:00.000000 2770.393172347 3349.404439938 5101.619145695 4.72490435711 3.60274700083 -4.91912432541
2024-05-31T16:19:00.000000 3047.081325326 3557.441031057 4794.550679827 4.49437107849 3.32904748783 -5.31244041815
2024-05-31T16:20:00.000000 3309.289354913 3748.572347115 4464.630974061 4.24242389655 3.03946095403 -5.68052655735
2024-05-31T16:21:00.000000 3555.767724902 3921.886089654 4113.427650210 3.97025660455 2.73536397441 -6.02160921286
2024-05-31T16:22:00.000000 3785.341539229 4076.554728541 3742.610945981 3.67916212464 2.41820452993 -6.33404237822
2024-05-31T16:23:00.000000 3996.916331806 4211.839652297 3353.945889967 3.37052821292 2.08949801119 -6.61631424616
2024-05-31T16:24:00.000000 4189.483607826 4327.095008508 2949.283862959 3.04583111151 1.75081920645 -6.86705983514
2024-05-31T16:25:00.000000 4362.125871559 4421.770995689 2530.553538006 2.70662644263 1.40379325677 -7.08506934090
2024-05-31T16:26:00.000000 4514.021096168 4495.416474354 2099.751445641 2.35454008732 1.05008265755 -7.26928911356
2024-05-31T16:27:00.000000 4644.446882846 4547.681232869 1658.932610958 1.99126572785 0.69138895662 -7.41882604554
2024-05-31T16:28:00.000000 4752.784246949 4578.318087247 1210.200492306 1.61855578707 0.32944238948 -7.53296050889
2024-05-31T16:29:00.000000 4838.520800681 4587.184138503 755.696346422 1.23820855826 -0.03401283786 -7.61115118629
2024-05-31T16:30:00.000000 4901.253237504 4574.241403104 297.588602525 0.85206028854 -0.39722534495 -7.65303507096
2024-05-31T16:31:00.000000 4940.689252494 4539.556926303 -161.937946051 0.46197344918 -0.75844685076 -7.65842927290
2024-05-31T16:32:00.000000 4956.648870292 4483.302335788 -620.692966551 0.06982771790 -1.11594131903 -7.62733228910
2024-05-31T16:33:00.000000 4949.065105013 4405.752822219 -1076.491440584 -0.32249176748 -1.46799405612 -7.55992218633
2024-05-31T16:34:00.000000 4917.984040519 4307.285611643 -1527.164347375 -0.71310248907 -1.81291992542 -7.45655383075
2024-05-31T16:35:00.000000 4863.564426313 4188.377948831 -1970.569221033 -1.10013295671 -2.14907144424 -7.31775733654
2024-05-31T16:36:00.000000 4786.076703259 4049.604585971 -2404.600624929 -1.48173360327 -2.47484743393 -7.14423626662
2024-05-31T16:37:00.000000 4685.901374607 3891.634725168 -2827.200395114 -1.85608653342 -2.78870208580 -6.93686168465
2024-05-31T16:38:00.000000 4563.526871842 3715.228480436 -3236.367515941 -2.22141351198 -3.08915183642 -6.69666686472
2024-05-31T16:39:00.000000 4419.546870725 3521.232919853 -3630.167731805 -2.57598663040 -3.37478344819 -6.42484252701
2024-05-31T16:40:00.000000 4254.656961845 3310.577598468 -4006.742677088 -2.91813756968 -3.64426113397 -6.12272572583
2024-05-31T16:41:00.000000 4069.650930783 3084.269810775 -4364.318402135 -3.24626254984 -3.89633042450 -5.79179244663
2024-05-31T16:42:00.000000 3865.416651980 2843.389514211 -4701.213504600 -3.55883033984 -4.12982443489 -5.43364994536
2024-05-31T16:43:00.000000 3642.931540638 2589.083955926 -5015.846723239 -3.85438843557 -4.34366777173 -5.05002765241
2024-05-31T16:44:00.000000 3403.257638192 2322.562047853 -5306.744021225 -4.13156965022 -4.53688111424 -4.64276866755
2024-05-31T16:45:00.000000 3147.536307370 2045.088487354 -5572.545086412 -4.38909776560 -4.70858457405 -4.21381899726
2024-05-31T16:46:00.000000 2876.982659903 1757.977725726 -5812.009248624 -4.62579166040 -4.85800033061 -3.76521952765
2024-05-31T16:47:00.000000 2592.879650651 1462.587690098 -6024.020878706 -4.84057185317 -4.98445749213 -3.29909488883
2024-05-31T16:48:00.000000 2296.571897824 1160.313348743 -6207.594014061 -5.03246254826 -5.08739216215 -2.81764133709
2024-05-31T16:49:00.000000 1989.459391199 852.580263614 -6361.876427129 -5.20059465421 -5.16634882383 -2.32311885666
2024-05-31T16:50:00.000000 1672.990964678 540.838041868 -6486.153112997 -5.34420914885 -5.22098163100 -1.81783963807
2024-05-31T16:51:00.000000 1348.657705094 226.553723879 -6579.849143568 -5.46265688428 -5.25105533460 -1.30415982838
2024-05-31T16:52:00.000000 1017.986216797 -88.794878321 -6642.532133352 -5.55540469661 -5.25644677022 -0.78447246448
2024-05-31T16:53:00.000000 682.531508306 -403.725933926 -6673.913903352 -5.62203795924 -5.23714398863 -0.26118873093
2024-05-31T16:54:00.000000 343.870051851 -716.760093759 -6673.851323533 -5.66225563964 -5.19324181032 0.26326738098
2024-05-31T16:55:00.000000 3.592861842 -1026.427016566 -6642.347046269 -5.67587592961 -5.12494660112 0.78646264178
2024-05-31T16:56:00.000000 -336.701811023 -1331.272082436 -6579.549472464 -5.66283745647 -5.03257461292 1.30597495016
2024-05-31T16:57:00.000000 -675.415433303 -1629.862788290 -6485.751886211 -5.62319312079 -4.91654724986 1.81939635067
2024-05-31T16:58:00.000000 -1010.956267189 -1920.795177072 -6361.391460801 -5.55711679838 -4.77739456121 2.32434147341
2024-05-31T16:59:00.000000 -1341.746573382 -2202.700241136 -6207.047460832 -5.46490070071 -4.61575061373 2.81846023103
2024-05-31T17:00:00.000000 -1666.229734076 -2474.250112871 -6023.438972386 -5.34695780675 -4.43235309675 3.29944418045
2024-05-31T17:01:00.000000 -1982.877563049 -2734.164234797 -5811.421873589 -5.20382118006 -4.22803982717 3.76504457822
2024-05-31T17:02:00.000000 -2290.197212595 -2981.215161921 -5571.985006273 -5.03613529130 -4.00374323146 4.21307812561
2024-05-31T17:03:00.000000 -2586.737916543 -3214.234228421 -5306.246123366 -4.84465901470 -3.76048987666 4.64143327485
2024-05-31T17:04:00.000000 -2871.097829976 -3432.117090088 -5015.447194390 -4.63026316538 -3.49939664753 5.04808247465
2024-05-31T17:05:00.000000 -3141.930627514 -3633.829066028 -4700.949097050 -4.39392741249 -3.22166810438 5.43109166567
2024-05-31T17:06:00.000000 -3397.951964521 -3818.410219390 -4364.225653346 -4.13673729838 -2.92858992729 5.78863164385
2024-05-31T17:07:00.000000 -3637.945690588 -3984.980045054 -4006.857084098 -3.85987969193 -2.62152345167 6.11898654881
2024-05-31T17:08:00.000000 -3860.769760883 -4132.741851487 -3630.522921171 -3.56463683111 -2.30190004198 6.42056305707
2024-05-31T17:09:00.000000 -4065.361818569 -4260.986789160 -3236.994452218 -3.25238224262 -1.97121553055 6.69189747102
2024-05-31T17:10:00.000000 -4250.744532010 -4369.097538047 -2828.126651232 -2.92457538172 -1.63102381829 6.93166545277
2024-05-31T17:11:00.000000 -4416.030540980 -4456.551559565 -2405.849578320 -2.58275477221 -1.28292918890 7.13868957526
2024-05-31T17:12:00.000000 -4560.426998783 -4522.923911714 -1972.159348957 -2.22853100406 -0.92857927979 7.31194666197
2024-05-31T17:13:00.000000 -4683.239667276 -4567.889609116 -1529.108693670 -1.86357948203 -0.56965703380 7.45057361739
2024-05-31T17:14:00.000000 -4783.876609855 -4591.225478914 -1078.797153516 -1.48963315729 -0.20787150684 7.55387435469
2024-05-31T17:15:00.000000 -4861.851314844 -4592.811432365 -623.360906078 -1.10847151325 0.15505159227 7.62132411630
2024-05-31T17:16:00.000000 -4916.785203757 -4572.631227101 -164.962416995 -0.72191144854 0.51737776451 7.65257188077
2024-05-31T17:17:00.000000 -4948.409622851 -4530.772730947 294.220060061 -0.33179874028 0.87737270303 7.64744256246
2024-05-31T17:18:00.000000 -4956.567308320 -4467.427652711 752.003059969 0.06000076439 1.23331068271 7.60593769411
2024-05-31T17:19:00.000000 -4941.213334910 -4382.890772526 1206.208557586 0.45161010998 1.58348347841 7.52823743158
2024-05-31T17:20:00.000000 -4902.415438152 -4277.558563768 1654.674677307 0.84115261901 1.92621099351 7.41469928142
2024-05-31T17:21:00.000000 -4840.353711916 -4151.927279943 2095.266249665 1.22676124154 2.25984869292 7.26585574893
2024-05-31T17:22:00.000000 -4755.319748804 -4006.590564403 2525.885223695 1.60658769695 2.58279582944 7.08241071759
2024-05-31T17:23:00.000000 -4647.715315483 -3842.236649409 2944.480859465 1.97880886883 2.89350156366 6.86523759655
2024-05-31T17:24:00.000000 -4518.050553839 -3659.645020429 3349.059925386 2.34163865601 3.19047752190 6.61537896401
2024-05-31T17:25:00.000000 -4366.941186226 -3459.682380922 3737.696452808 2.69334431611 3.47230372143 6.33403133085
2024-05-31T17:26:00.000000 -4195.105456192 -3243.298721746 4108.540834722 3.03224146937 3.73762602226 6.02254670992
2024-05-31T17:27:00.000000 -4003.360724461 -3011.522586981 4459.829334308 3.35671523774 3.98518454492 5.68242957884
2024-05-31T17:28:00.000000 -3792.618943764 -2765.455335769 4789.892224233 3.66522595119 4.21380820017 5.31530886998
2024-05-31T17:29:00.000000 -3563.882161130 -2506.266018715 5097.161375915 3.95631183004 4.42241425591 4.92294089194
2024-05-31T17:30:00.000000 -3318.237653134 -2235.185765825 5380.177565306 4.22859424992 4.61001661994 4.50719830579
2024-05-31T17:31:00.000000 -3056.852758764 -1953.501884215 5637.597268278 4.48078455118 4.77572945829 4.07006386518
2024-05-31T17:32:00.000000 -2780.969238357 -1662.551721791 5868.199001413 4.71169174113 4.91877136033 3.61362099817
2024-05-31T17:33:00.000000 -2491.897236093 -1363.716268221 6070.889014684 4.92022815141 5.03846965274 3.14004199454
2024-05-31T17:34:00.000000 -2191.008972724 -1058.413523344 6244.706264805 5.10541271099 5.13426379655 2.65157643605
2024-05-31T17:35:00.000000 -1879.732208568 -748.091705695 6388.826741013 5.26637620449 5.20570706526 2.15054043543
2024-05-31T17:36:00.000000 -1559.543418127 -434.222419614 6502.567086251 5.40236398084 5.25246691247 1.63930432376
2024-05-31T17:37:00.000000 -1231.960909666 -118.293788879 6585.387515504 5.51273674077 5.27432484326 1.12028209212
2024-05-31T17:38:00.000000 -898.537836426 198.196326571 6636.894198940 5.59697226023 5.27117499365 0.59592408852
2024-05-31T17:39:00.000000 -560.855060824 513.747202954 6656.841288862 5.65467086683 5.24302883097 0.06871056210
2024-05-31T17:40:00.000000 -220.513637260 826.862405312 6645.132196689 5.68555828856 5.19001725131 -0.45886627787
2024-05-31T17:41:00.000000 120.872624835 1136.056789587 6601.819976523 5.68948454025 5.11238550765 -0.98431160849
2024-05-31T17:42:00.000000 461.684729288 1439.863416893 6527.107114966 5.66642600292 5.01049494755 -1.50514190758
2024-05-31T17:43:00.000000 800.305991344 1736.840381015 6421.344569554 5.61648416062 4.88481806660 -2.01889201731
2024-05-31T17:44:00.000000 1135.129687171 2025.577500847 6285.030430907 5.53988929478 4.73594076632 -2.52312582402
2024-05-31T17:45:00.000000 1464.566644193 2304.703151940 6118.807626388 5.43699536361 4.56456069786 -3.01545368513
2024-05-31T17:46:00.000000 1787.052583614 2572.890655927 5923.460853481 5.30827810229 4.37147777001 -3.49354042561
2024-05-31T17:47:00.000000 2101.055378486 2828.864432205 5699.913080120 5.15433277592 4.15759544853 -3.95511428622
2024-05-31T17:48:00.000000 2405.082121086 3071.406095735 5449.221463653 4.97587176534 3.92391567005 -4.39797453997
2024-05-31T17:49:00.000000 2697.686250518 3299.360261129 5172.572881554 4.77372754728 3.67153635898 -4.82000063617
2024-05-31T17:50:00.000000 2977.474657995 3511.640212300 4871.278667732 4.54884868406 3.40164761270 -5.21916631143
2024-05-31T17:51:00.000000 3243.114534880 3707.233268007 4546.768624207 4.30229544507 3.11552639026 -5.59355067978
2024-05-31T17:52:00.000000 3493.339891803 3885.205899261 4200.584432252 4.03523475524 2.81453363063 -5.94134709978
2024-05-31T17:53:00.000000 3726.957910412 4044.708538449 3834.372392805 3.74893740866 2.50010482200 -6.26087695955
2024-05-31T17:54:00.000000 3942.854898974 4184.979750458 3449.875481965 3.44476893129 2.17374158052 -6.55059741849
2024-05-31T17:55:00.000000 4140.001780680 4305.350018347 3048.924981007 3.12418312326 1.83700463244 -6.80910889407
2024-05-31T17:56:00.000000 4317.459192530 4405.245065167 2633.431699574 2.78871573660 1.49150713553 -7.03516143201
2024-05-31T17:57:00.000000 4474.382200169 4484.188806698 2205.376730332 2.43997711202 1.13890742308 -7.22766333276
2024-05-31T17:58:00.000000 4610.024516302 4541.805782184 1766.801794986 2.07964396972 0.78089999851 -7.38568613646
2024-05-31T17:59:00.000000 4723.742259694 4577.823097675 1319.799269116 1.70945159952 0.41920771479 -7.50847100834
2024-05-31T18:00:00.000000 4814.997175047 4592.071822079 866.501841450 1.33118387819 0.05557145825 -7.59543335321
2024-05-31T18:01:00.000000 4883.359261639 4584.487805728 409.072009175 0.94666401121 -0.30825806426 -7.64616458614
2024-05-31T18:02:00.000000 4928.508873755 4555.112038907 -50.308587814 0.55774568209 -0.67052870600 -7.66043579879
2024-05-31T18:03:00.000000 4950.238243172 4504.090402109 -509.450008311 0.16630265950 -1.02949789563 -7.63819908861
2024-05-31T18:04:00.000000 4948.452375953 4431.672828394 -966.164846163 -0.22578119205 -1.38344115624 -7.57958681418
2024-05-31T18:05:00.000000 4923.169369461 4338.211940226 -1418.279042243 -0.61662192076 -1.73066179439 -7.48491116479
2024-05-31T18:06:00.000000 4874.520101727 4224.161097923 -1863.642565657 -1.00434543123 -2.06949967582 -7.35466034780
2024-05-31T18:07:00.000000 4802.747392012 4090.071980218 -2300.139918772 -1.38709623875 -2.39833930566 -7.18949692079
2024-05-31T18:08:00.000000 4708.204549807 3936.591620425 -2725.700481181 -1.76304852198 -2.71561904079 -6.99025320807
2024-05-31T18:09:00.000000 4591.353303879 3764.458939531 -3138.308507637 -2.13041568032 -3.01983883619 -6.75792492829
2024-05-31T18:10:00.000000 4452.761172750 3574.500839426 -3536.012728636 -2.48745947817 -3.30956714939 -6.49366435857
2024-05-31T18:11:00.000000 4293.098321993 3367.627908126 -3916.935506757 -2.83249761777 -3.58344680432 -6.19877235197
2024-05-31T18:12:00.000000 4113.134000144 3144.829798099 -4279.281550791 -3.16391107123 -3.84020058523 -5.87469180856
2024-05-31T18:13:00.000000 3913.732494299 2907.170236167 -4621.346199221 -3.48015202786 -4.07863747784 -5.52299917790
2024-05-31T18:14:00.000000 3695.848677383 2655.781700347 -4941.523146684 -3.77974973035 -4.29765756697 -5.14539509751
2024-05-31T18:15:00.000000 3460.523204891 2391.859824460 -5238.311631632 -4.06131650620 -4.49625616658 -4.74369562583
2024-05-31T18:16:00.000000 3208.877349329 2116.657561721 -5510.323095167 -4.32355374991 -4.67352808715 -4.31982295236
2024-05-31T18:17:00.000000 2942.107511541 1831.479131231 -5756.287222001 -4.56525653471 -4.82866962069 -3.87579514188
2024-05-31T18:18:00.000000 2661.479416790 1537.673869690 -5975.057496302 -4.78532021798 -4.96098166591 -3.41371897720
2024-05-31T18:19:00.000000 2368.321936237 1236.629805843 -6165.616115475 -4.98274486693 -5.06987354599 -2.93577571589
2024-05-31T18:20:00.000000 2064.020771283 929.767180446 -6327.078112380 -5.15663627336 -5.15486233940 -2.44421090736
2024-05-31T18:21:00.000000 1750.012013636 618.531905835 -6458.694998979 -5.30620988921 -5.21557578120 -1.94132615928
2024-05-31T18:22:00.000000 1427.775491212 304.388896273 -6559.857705244 -5.43079178667 -5.25175244406 -1.42946541964
2024-05-31T18:23:00.000000 1098.828170193 -11.184561408 -6630.098930657 -5.52981911964 -5.26324140839 -0.91100959649
2024-05-31T18:24:00.000000 764.717266416 -326.705410144 -6669.095096579 -5.60284682780 -5.25000085301 -0.38836623165
2024-05-31T18:25:00.000000 427.013204981 -640.691346779 -6676.667603283 -5.64954587744 -5.21209841795 0.13604048113
2024-05-31T18:26:00.000000 87.302603848 -951.667549533 -6652.783596934 -5.66970656846 -5.14971578106 0.65977978066
2024-05-31T18:27:00.000000 -252.818856464 -1258.173301176 -6597.555830972 -5.66323469532 -5.06313982465 1.18042900392
2024-05-31T18:28:00.000000 -591.753241687 -1558.768299171 -6511.242286754 -5.63015124052 -4.95276620518 1.69557056149
2024-05-31T18:29:00.000000 -927.907613136 -1852.039352704 -6394.245441169 -5.57060215175 -4.81910120450 2.20280934032
2024-05-31T18:30:00.000000 -1259.701455240 -2136.606699950 -6247.110460290 -5.48485474373 -4.66275253012 2.69978488237
2024-05-31T18:31:00.000000 -1585.573824160 -2411.130163080 -6070.522896887 -5.37329327607 -4.48443267985 3.18418011879
2024-05-31T18:32:00.000000 -1903.990292830 -2674.315442140 -5865.305762752 -5.23641792139 -4.28495698114 3.65373158346
2024-05-31T18:33:00.000000 -2213.449957512 -2924.920037308 -5632.416058173 -5.07484550700 -4.06523625036 4.10623786342
2024-05-31T18:34:00.000000 -2512.492358992 -3161.758928786 -5372.940788835 -4.88930717000 -3.82627546263 4.53956840286
2024-05-31T18:35:00.000000 -2799.704296513 -3383.710168565 -5088.092390110 -4.68064630285 -3.56917128390 4.95167488354
2024-05-31T18:36:00.000000 -3073.726438943 -3589.720224176 -4779.203508367 -4.44981525478 -3.29510704373 5.34059957066
2024-05-31T18:37:00.000000 -3333.259844957 -3778.809119361 -4447.721261597 -4.19787342077 -3.00535064881 5.70448695507
2024-05-31T18:38:00.000000 -3577.072169176 -3950.075323052 -4095.200771760 -3.92598084115 -2.70124764576 6.04159348203
2024-05-31T18:39:00.000000 -3804.003614429 -4102.700173195 -3723.298217304 -3.63539470716 -2.38421367170 6.35029547170
2024-05-31T18:40:00.000000 -4012.972586317 -4235.951952053 -3333.763453995 -3.32746432916 -2.05573126457 6.62909512543
2024-05-31T18:41:00.000000 -4202.981204353 -4349.189814711 -2928.432130917 -3.00362996998 -1.71734484575 6.87663340390
2024-05-31T18:42:00.000000 -4373.120422838 -4441.867075991 -2509.216985360 -2.66541008026 -1.37064710637 7.09169950443
2024-05-31T18:43:00.000000 -4522.574486844 -4513.533977184 -2078.098995572 -2.31439616145 -1.01727615041 7.27323081973
2024-05-31T18:44:00.000000 -4650.625234447 -4563.840253978 -1637.118134130 -1.95224771439 -0.65890814057 7.42032514178
2024-05-31T18:45:00.000000 -4756.655817806 -4592.537096663 -1188.363586008 -1.58068115852 -0.29724792133 7.53224483393
2024-05-31T18:46:00.000000 -4840.153906404 -4599.478661564 -733.963714422 -1.20146266851 0.06597905853 7.60842225536
2024-05-31T18:47:00.000000 -4900.714440301 -4584.623003951 -276.075777805 -0.81640041253 0.42903628353 7.64846248287
2024-05-31T18:48:00.000000 -4938.041877092 -4548.032468236 183.124562781 -0.42733490213 0.79018571332 7.65214758711
2024-05-31T18:49:00.000000 -4951.951794381 -4489.873480454 641.453914632 -0.03612801118 1.14769769879 7.61943774779
2024-05-31T18:50:00.000000 -4942.371828857 -4410.415734518 1096.731829684 0.35534947055 1.49986082417 7.55047030635
2024-05-31T18:51:00.000000 -4909.341888075 -4310.031020721 1546.791252174 0.74522520519 1.84498298820 7.44555412693
2024-05-31T18:52:00.000000 -4853.014338689 -4189.191867639 1989.488988686 1.13162457324 2.18140187504 7.30517710057
2024-05-31T18:53:00.000000 -4773.653690146 -4048.469249501 2422.716580822 1.51268803552 2.50750035051 7.13000952556
2024-05-31T18:54:00.000000 -4671.634947130 -3888.529463851 2844.410987318 1.88659366148 2.82171831006 6.92088998966
2024-05-31T18:55:00.000000 -4547.441436770 -3710.130889690 3252.564194906 2.25155149426 3.12254678183 6.67881696348
2024-05-31T18:56:00.000000 -4401.662676558 -3514.120502167 3645.233162487 2.60581597001 3.40854535676 6.40495562777
2024-05-31T18:57:00.000000 -4234.991179954 -3301.429316328 4020.549219855 2.94769899747 3.67835294078 6.10061646170
2024-05-31T18:58:00.000000 -4048.219192403 -3073.067741511 4376.726543829 3.27556454599 3.93068335222 5.76725283107
2024-05-31T18:59:00.000000 -3842.235195627 -2830.121072015 4712.071109448 3.58784513819 4.16432957295 5.40647115622
2024-05-31T19:00:00.000000 -3618.019117625 -2573.744041329 5024.989406629 3.88306141567 4.37818637603 5.02000900492
2024-05-31T19:01:00.000000 -3376.637053040 -2305.154753261 5313.995396617 4.15981911055 4.57124414313 4.60971112021
2024-05-31T19:02:00.000000 -3119.236235773 -2025.629036562 5577.717097918 4.41680941730 4.74259076610 4.17753437658
2024-05-31T19:03:00.000000 -2847.039624044 -1736.494298437 5814.903070738 4.65281810444 4.89141923256 3.72553826262
2024-05-31T19:04:00.000000 -2561.340011180 -1439.123120407 6024.428287555 4.86673289888 5.01703175819 3.25587454935
2024-05-31T19:05:00.000000 -2263.493760076 -1134.926626991 6205.299209894 5.05754710704 5.11884112641 2.77077289152
2024-05-31T19:06:00.000000 -1954.914411787 -825.347821164 6356.658227010 5.22436251712 5.19637234267 2.27253287639
2024-05-31T19:07:00.000000 -1637.065966605 -511.854840782 6477.787520198 5.36639627495 5.24926252626 1.76351250934
2024-05-31T19:08:00.000000 -1311.455920651 -195.934239437 6568.112202376 5.48298094900 5.27726058800 1.24611737705
2024-05-31T19:09:00.000000 -979.628306526 120.915809994 6627.203057878 5.57356705822 5.28023176632 0.72279589853
2024-05-31T19:10:00.000000 -643.156466081 437.192703586 6654.778681773 5.63772742834 5.25816318144 0.19602326041
2024-05-31T19:11:00.000000 -303.635715540 751.396552491 6650.706590257 5.67515722398 5.21115660160 -0.33171211304
2024-05-31T19:12:00.000000 37.324139657 1062.037007232 6615.003852257 5.68567788016 5.13942944298 -0.85791639040
2024-05-31T19:13:00.000000 378.106248480 1367.640281562 6547.837023723 5.66923386761 5.04331589082 -1.38010133440
2024-05-31T19:14:00.000000 717.094293111 1666.756073897 6449.521501268 5.62589846873 4.92326407240 -1.89579685644
2024-05-31T19:15:00.000000 1052.680116450 1957.964324470 6320.519979193 5.55586965140 4.77983351026 -2.40256480154
2024-05-31T19:16:00.000000 1383.271076596 2239.881797015 6161.440283337 5.45946615745 4.61369162636 -2.89800624289
2024-05-31T19:17:00.000000 1707.297311694 2511.168509981 5973.032875590 5.33712959438 4.42561269533 -3.37976761033
2024-05-31T19:18:00.000000 2023.219161236 2770.534083921 5756.187683087 5.18942379508 4.21647551176 -3.84555546296
2024-05-31T19:19:00.000000 2329.534393269 3016.743984810 5511.930239774 5.01703323699 3.98726218668 -4.29314496074
2024-05-31T19:20:00.000000 2624.785491963 3248.625564828 5241.417197709 4.82076378293 3.73905281331 -4.72039227205
2024-05-31T19:21:00.000000 2907.566887204 3465.073784422 4945.931059290 4.60154010028 3.47301947217 -5.12524854008
2024-05-31T19:22:00.000000 3176.531860101 3665.056530794 4626.874123760 4.36039766444 3.19042032949 -5.50577087517
2024-05-31T19:23:00.000000 3430.398978397 3847.619655959 4285.761936417 4.09847730347 2.89259533954 -5.86012823020
2024-05-31T19:24:00.000000 3667.958407802 4011.891744758 3924.216279117 3.81702360483 2.58096123977 -6.18661296011
2024-05-31T19:25:00.000000 3888.077864473 4157.088476740 3543.957411043 3.51737559099 2.25700283677 -6.48365073184
2024-05-31T19:26:00.000000 4089.708110310 4282.516502386 3146.795971638 3.20096206861 1.92226725614 -6.74980441983
2024-05-31T19:27:00.000000 4271.888243001 4387.577062582 2734.624447076 2.86929759005 1.57835897911 -6.98378501792
2024-05-31T19:28:00.000000 4433.750588596 4471.769136949 2309.407971908 2.52397375742 1.22692980921 -7.18446099885
2024-05-31T19:29:00.000000 4574.525064047 4534.691997365 1873.174684853 2.16665041060 0.86966947187 -7.35086469916
2024-05-31T19:30:00.000000 4693.542995652 4576.047207293 1428.005773083 1.79904673752 0.50829662355 -7.48219582263
2024-05-31T19:31:00.000000 4790.240468460 4595.640152173 976.025324847 1.42293422122 0.14455210847 -7.57782597792
2024-05-31T19:32:00.000000 4864.161170562 4593.381069204 519.389805605 1.04012618386 -0.21981190694 -7.63730454451
2024-05-31T19:33:00.000000 4914.958595460 4569.285422713 60.277391595 0.65246823382 -0.58304109969 -7.66035856240
2024-05-31T19:34:00.000000 4942.397742184 4523.473820829 -399.122766238 0.26182986846 -0.94338665104 -7.64689585714
2024-05-31T19:35:00.000000 4946.356211008 4456.171371194 -856.621456930 -0.12990687750 -1.29911574849 -7.59700644813
2024-05-31T19:36:00.000000 4926.824645446 4367.706422537 -1310.040297522 -0.52085739837 -1.64852148720 -7.51096096406
2024-05-31T19:37:00.000000 4883.906591964 4258.508692402 -1757.222534254 -0.90914523202 -1.98993373583 -7.38920914803
2024-05-31T19:38:00.000000 4817.817626003 4129.106809494 -2196.043571562 -1.29291341993 -2.32172579764 -7.23237197548
2024-05-31T19:39:00.000000 4728.884021668 3980.125587207 -2624.421196411 -1.67033091465 -2.64232043650 -7.04124147916
2024-05-31T19:40:00.000000 4617.540819879 3812.282667560 -3040.325701288 -2.03960468297 -2.95020166251 -6.81677373196
2024-05-31T19:41:00.000000 4484.329360889 3626.384735898 -3441.789443445 -2.39898514975 -3.24391797849 -6.56008123153
2024-05-31T19:42:00.000000 4329.894439067 3423.323426100 -3826.916190853 -2.74677583388 -3.52209106842 -6.27243050457
2024-05-31T19:43:00.000000 4154.980780791 3204.070708627 -4193.890046989 -3.08134284637 -3.78342203002 -5.95523147522
2024-05-31T19:44:00.000000 3960.429119062 2969.673949324 -4540.983828497 -3.40112131831 -4.02669759456 -5.61002967431
2024-05-31T19:45:00.000000 3747.171820299 2721.250648562 -4866.566910625 -3.70462265370 -4.25079377338 -5.23849695874
2024-05-31T19:46:00.000000 3516.228130968 2459.982943684 -5169.112569550 -3.99044036732 -4.45468083804 -4.84242319492
2024-05-31T19:47:00.000000 3268.699088800 2187.111819471 -5447.204779840 -4.25725558192 -4.63742778856 -4.42370689267
2024-05-31T19:48:00.000000 3005.762093715 1903.931053495 -5699.544401053 -4.50384238411 -4.79820595528 -3.98434385851
2024-05-31T19:49:00.000000 2728.665215970 1611.781046281 -5924.954760612 -4.72907194396 -4.93629064542 -3.52641929910
2024-05-31T19:50:00.000000 2438.721205962 1312.042465202 -6122.386720348 -4.93191779824 -5.05106449111 -3.05209720986
2024-05-31T19:51:00.000000 2137.301218449 1006.129778123 -6290.923079210 -5.11146039671 -5.14201844637 -2.56360967154
2024-05-31T19:52:00.000000 1825.828292235 695.484702215 -6429.782318410 -5.26689003389 -5.20875361975 -2.06324545637
2024-05-31T19:53:00.000000 1505.770726263 381.569558435 -6538.321632861 -5.39750764688 -5.25098154793 -1.55333742719
2024-05-31T19:54:00.000000 1178.635484630 65.860759148 -6616.039326390 -5.50272365948 -5.26852112154 -1.03625640254
2024-05-31T19:55:00.000000 845.961477891 -250.157741450 -6662.577000899 -5.58206402386 -5.26130268878 -0.51440591015
2024-05-31T19:56:00.000000 509.312538468 -565.001200803 -6677.721068538 -5.63517147927 -5.22936994500 0.00979277586
2024-05-31T19:57:00.000000 170.270443804 -877.190878427 -6661.403427205 -5.66180550124 -5.17287764559 0.53391354699
2024-05-31T19:58:00.000000 -169.572051848 -1185.260400895 -6613.701537840 -5.66184010137 -5.09208326482 1.05552928571
2024-05-31T19:59:00.000000 -508.618214682 -1487.762147301 -6534.838585792 -5.63527131953 -4.98735656111 1.57221266874
2024-05-31T20:00:00.000000 -845.274879885 -1783.274111659 -6425.182644985 -5.58221960329 -4.85917938392 2.08156567916
2024-05-31T20:01:00.000000 -1177.959482220 -2070.406271620 -6285.244631413 -5.50291768512 -4.70813551919 2.58122329734
2024-05-31T20:02:00.000000 -1505.106984406 -2347.806723860 -6115.676441400 -5.39771909044 -4.53491272014 3.06885324476
2024-05-31T20:03:00.000000 -1825.177293970 -2614.167997732 -5917.268404855 -5.26710015005 -4.34030306153 3.54217722450
2024-05-31T20:04:00.000000 -2136.662277687 -2868.233056068 -5690.945617530 -5.11164880307 -4.12519484239 3.99898121363
2024-05-31T20:05:00.000000 -2438.092438435 -3108.801002589 -5437.764044369 -4.93206552668 -3.89057078368 4.43711845976
2024-05-31T20:06:00.000000 -2728.043691288 -3334.732663097 -5158.906222059 -4.72916371752 -3.63750556770 4.85451768863
2024-05-31T20:07:00.000000 -3005.144196696 -3544.956122991 -4855.676376460 -4.50387074821 -3.36716550415 5.24919775229
2024-05-31T20:08:00.000000 -3268.080883633 -3738.471922720 -4529.494533975 -4.25721667607 -3.08079832276 5.61927896116
2024-05-31T20:09:00.000000 -3515.605647992 -3914.357917309 -4181.890464693 -3.99033834138 -2.77973314808 5.96298623557
2024-05-31T20:10:00.000000 -3746.541665635 -4071.773899589 -3814.496778234 -3.70447194904 -2.46537014937 6.27866803911
2024-05-31T20:11:00.000000 -3959.788972806 -4209.965670742 -3429.041426386 -3.40094324901 -2.13917606010 6.56479798406
2024-05-31T20:12:00.000000 -4154.329863580 -4328.268951273 -3027.340014236 -3.08116751196 -1.80268002783 6.81998292024
2024-05-31T20:13:00.000000 -4329.234001230 -4426.112901905 -2611.287494324 -2.74664087572 -1.45746703652 7.04297210870
2024-05-31T20:14:00.000000 -4483.663190333 -4503.023281095 -2182.849329686 -2.39893736996 -1.10516943763 7.23266800469
2024-05-31T20:15:00.000000 -4616.875720389 -4558.624909233 -1744.052129791 -2.03969779543 -0.74745672223 7.38812973487
2024-05-31T20:16:00.000000 -4728.230201592 -4592.643789617 -1296.974080389 -1.67062350380 -0.38602973390 7.50858090180
2024-05-31T20:17:00.000000 -4817.188831002 -4604.908619681 -843.734962744 -1.29346540968 -0.02261045504 7.59341090914
2024-05-31T20:18:00.000000 -4883.320288615 -4595.351936026 -386.486050327 -0.91002014939 0.34106425462 7.64218268182
2024-05-31T20:19:00.000000 -4926.302083153 -4564.010593844 72.600415192 -0.52211774045 0.70325471333 7.65463325316
2024-05-31T20:20:00.000000 -4945.922444756 -4511.025803391 531.341695348 -0.13161695445 1.06222414617 7.63067757387
2024-05-31T20:21:00.000000 -4942.081556451 -4436.642548206 987.555375460 0.25961175011 1.41625165996 7.57041033397
2024-05-31T20:22:00.000000 -4914.791956275 -4341.208449797 1439.070003106 0.64969448630 1.76363792560 7.47410238182
2024-05-31T20:23:00.000000 -4864.178554423 -4225.172225486 1883.735671102 1.03676073712 2.10271396658 7.34220074307
2024-05-31T20:24:00.000000 -4790.478187224 -4089.081627161 2319.434570115 1.41895194922 2.43184915192 7.17532879949
2024-05-31T20:25:00.000000 -4694.038524131 -3933.580779757 2744.091543438 1.79443403972 2.74946364688 6.97428326743
2024-05-31T20:26:00.000000 -4575.316316635 -3759.406870238 3155.684240704 2.16140701215 3.05403618245 6.74002698033
2024-05-31T20:27:00.000000 -4434.875003260 -3567.386482336 3552.252913774 2.51811526730 3.34410873966 6.47368263266
2024-05-31T20:28:00.000000 -4273.381952843 -3358.431646899 3931.909957725 2.86285298444 3.61829295175 6.17653311927
2024-05-31T20:29:00.000000 -4091.604831530 -3133.535250110 4292.849218736 3.19398283645 3.87528389196 5.85000446842
2024-05-31T20:30:00.000000 -3890.407825941 -2893.765919173 4633.353960832 3.50992450072 4.11386051287 5.49565411176
2024-05-31T20:31:00.000000 -3670.747858022 -2640.263055611 4951.805207179 3.80917082807 4.33288719476 5.11518245501
2024-05-31T20:32:00.000000 -3433.669707480 -2374.231274128 5246.689851456 4.09030112100 4.53132627734 4.71041452245
2024-05-31T20:33:00.000000 -3180.300695173 -2096.934460558 5516.607724209 4.35198610708 4.70824107258 4.28328847599
2024-05-31T20:34:00.000000 -2911.844997143 -1809.689506982 5760.277978868 4.59299321480 4.86280127934 3.83584105435
2024-05-31T20:35:00.000000 -2629.577817634 -1513.859975406 5976.544697188 4.81218822046 4.99428141482 3.37019869910
2024-05-31T20:36:00.000000 -2334.839368143 -1210.849813423 6164.382096584 5.00853912340 5.10206177625 2.88857243507
2024-05-31T20:37:00.000000 -2029.028543854 -902.096734113 6322.899352535 5.18112260086 5.18563719185 2.39324642665
2024-05-31T20:38:00.000000 -1713.596345140 -589.065387699 6451.344549672 5.32912544444 5.24461459475 1.88656643649
2024-05-31T20:39:00.000000 -1390.039128600 -273.240579409 6549.108254157 5.45185050778 5.27871616444 1.37093427762
2024-05-31T20:40:00.000000 -1059.891413406 43.879815914 6615.726432732 5.54872303422 5.28778480001 0.84879096109
2024-05-31T20:41:00.000000 -724.718634493 360.792012919 6650.882185806 5.61928626992 5.27177808871 0.32259985280
2024-05-31T20:42:00.000000 -386.109982519 675.993055058 6654.407232876 5.66320732698 5.23076867036 -0.20515068002
2024-05-31T20:43:00.000000 -45.670895570 987.987938791 6626.282756069 5.68027576037 5.16494749854 -0.73196844183
2024-05-31T20:44:00.000000 294.984275029 1295.296587691 6566.639503808 5.67040656738 5.07462173857 -1.25536263864
2024-05-31T20:45:00.000000 634.239869904 1596.460814408 6475.757193923 5.63364041683 4.96021301753 -1.77286005908
2024-05-31T20:46:00.000000 970.486398549 1890.051069308 6354.063186653 5.57014216804 4.82225394403 -2.28201416484
2024-05-31T20:47:00.000000 1302.127993570 2174.673027293 6202.130571512 5.48020088325 4.66138520120 -2.78041583750
2024-05-31T20:48:00.000000 1627.589737238 2448.973946464 6020.675701487 5.36422559066 4.47835288289 -3.26569859316
2024-05-31T20:49:00.000000 1945.324986106 2711.649119378 5810.555447325 5.22275070480 4.27401137857 -3.73554795928
2024-05-31T20:50:00.000000 2253.822998462 2961.448255366 5572.763590263 5.05643824411 4.04932017552 -4.18771840356
2024-05-31T20:51:00.000000 2551.616288487 3197.181623093 5308.426049639 4.86606547719 3.80533630069 -4.62005097223
2024-05-31T20:52:00.000000 2837.287430847 3417.725713946 5018.795771957 4.65252528699 3.54321067421 -5.03047209038
2024-05-31T20:53:00.000000 3109.476054277 3622.028863465 4705.247113149 4.41682518675 3.26418566959 -5.41701124620
2024-05-31T20:54:00.000000 3366.885476731 3809.116437250 4369.269284769 4.16007966214 2.96958533628 -5.77781129715
2024-05-31T20:55:00.000000 3608.288982039 3978.095554620 4012.459373563 3.88350585715 2.66080994974 -6.11113490093
2024-05-31T20:56:00.000000 3832.535854462 4128.159508968 3636.514872989 3.58841884848 2.33933054276 -6.41537421181
2024-05-31T20:57:00.000000 4038.557063875 4258.591789202 3243.225662777 3.27622572255 2.00668148655 -6.68905875943
2024-05-31T20:58:00.000000 4225.370611636 4368.769672834 2834.465494451 2.94841866703 1.66445342996 -6.93086457527
2024-05-31T20:59:00.000000 4392.086377695 4458.167429708 2412.183056494 2.60656773921 1.31428826901 -7.13961867190
2024-05-31T21:00:00.000000 4537.910711358 4526.359225444 1978.392646200 2.25231770449 0.95787220624 -7.31430907824
2024-05-31T21:01:00.000000 4662.150675262 4573.021407309 1535.164116277 1.88737770017 0.59692238482 -7.45409762540
2024-05-31T21:02:00.000000 4764.217328223 4597.933959235 1084.612414513 1.51350388876 0.23317548043 -7.55831773490
2024-05-31T21:03:00.000000 4843.628460436 4600.981561327 628.887377013 1.13249731428 -0.13161638412 -7.62647437623
2024-05-31T21:04:00.000000 4900.011119263 4582.154261497 170.163196454 0.74619722410 -0.49569506133 -7.65825179017
2024-05-31T21:05:00.000000 4933.103540265 4541.547471685 -289.372473563 0.35646819043 -0.85730837858 -7.65351704802
2024-05-31T21:06:00.000000 4942.756264808 4479.361315460 -747.529442839 -0.03481249164 -1.21471938558 -7.61231791074
2024-05-31T21:07:00.000000 4928.932654886 4395.899512028 -1202.125757685 -0.42576273558 -1.56621321433 -7.53488145206
2024-05-31T21:08:00.000000 4891.708894914 4291.567744245 -1650.998461775 -0.81450552905 -1.91010771835 -7.42161313474
2024-05-31T21:09:00.000000 4831.273388219 4166.871411897 -2092.014195515 -1.19917938274 -2.24476252065 -7.27309350280
2024-05-31T21:10:00.000000 4747.925479872 4022.412909127 -2523.079550317 -1.57794877113 -2.56858582415 -7.09007289677
2024-05-31T21:11:00.000000 4642.073700263 3858.888489781 -2942.151162784 -1.94901139517 -2.88004251458 -6.87346856617
2024-05-31T21:12:00.000000 4514.233459776 3677.084581196 -3347.245539351 -2.31060832443 -3.17766281368 -6.62435740602
2024-05-31T21:13:00.000000 4365.024219453 3477.873718791 -3736.448426163 -2.66103139768 -3.46004746369 -6.34396987870
2024-05-31T21:14:00.000000 4195.166180666 3262.210065281 -4107.923841521 -2.99863216781 -3.72587587532 -6.03368281331
2024-05-31T21:15:00.000000 4005.476501102 3031.124527617 -4459.922590389 -3.32182842696 -3.97391169084 -5.69501131795
2024-05-31T21:16:00.000000 3796.865053519 2785.719500425 -4790.790299370 -3.62911315276 -4.20300850231 -5.32959893887
2024-05-31T21:17:00.000000 3570.329718354 2527.163453041 -5098.974875517 -3.91906106149 -4.41211152341 -4.93921068650
2024-05-31T21:18:00.000000 3326.951281985 2256.685152176 -5383.033475780 -4.19033421077 -4.60026613670 -4.52572059866
2024-05-31T21:19:00.000000 3067.888106357 1975.567622926 -5641.638732706 -4.44168592713 -4.76661888524 -4.09110271966
2024-05-31T21:20:00.000000 2794.370454148 1685.141980658 -5873.584465497 -4.67196679380 -4.91042045180 -3.63742060305
2024-05-31T21:21:00.000000 2507.694578152 1386.781137521 -6077.790723627 -4.88012668254 -5.03102710086 -3.16681686649
2024-05-31T21:22:00.000000 2209.216692907 1081.893438747 -6253.308326190 -5.06521840923 -5.12790200581 -2.68150703492
2024-05-31T21:23:00.000000 1900.346505111 771.916130161 -6399.322931132 -5.22640680299 -5.20061872126 -2.18376687100
2024-05-31T21:24:00.000000 1582.540554255 458.308805977 -6515.158197266 -5.36296516494 -5.24885858656 -1.67592054145
2024-05-31T21:25:00.000000 1257.295657498 142.546841757 -6600.278588073 -5.47427860257 -5.27241505727 -1.16033480541
2024-05-31T21:26:00.000000 926.142121779 -173.885384830 -6654.291492999 -5.55984592025 -5.27119444705 -0.63940546687
2024-05-31T21:27:00.000000 590.636878565 -489.501221019 -6676.948632211 -5.61928055627 -5.24521389323 -0.11554602993
2024-05-31T21:28:00.000000 252.356607090 -802.818264988 -6668.146921048 -5.65231139438 -5.19459743072 0.40881784848
2024-05-31T21:29:00.000000 -87.109273709 -1112.364741855 -6627.929096027 -5.65878580750 -5.11957641734 0.93125170534
2024-05-31T21:30:00.000000 -426.165910975 -1416.686204091 -6556.483873335 -5.63867503618 -5.02049741014 1.44932861506
2024-05-31T21:31:00.000000 -763.220251584 -1714.352289010 -6454.144867499 -5.59206683465 -4.89781466148 1.96064596007
2024-05-31T21:32:00.000000 -1096.688006353 -2003.962981652 -6321.389158384 -5.51916661352 -4.75208665357 2.46282463124
2024-05-31T21:33:00.000000 -1425.000887505 -2284.155071683 -6158.835519099 -5.42030235389 -4.58398107879 2.95352471293
2024-05-31T21:34:00.000000 -1746.613829570 -2553.608440739 -5967.241525935 -5.29591877161 -4.39426514676 3.43045997694
2024-05-31T21:35:00.000000 -2060.011820455 -2811.051896116 -5747.500288865 -5.14657323074 -4.18380297344 3.89139907065
2024-05-31T21:36:00.000000 -2363.716786158 -3055.269072815 -5500.636931549 -4.97293984324 -3.95355750402 4.33417613362
2024-05-31T21:37:00.000000 -2656.294498538 -3285.104139559 -5227.804205940 -4.77580505097 -3.70458231500 4.75670310152
2024-05-31T21:38:00.000000 -2936.361263151 -3499.467209283 -4930.277725406 -4.55606736783 -3.43802287093 5.15697537498
2024-05-31T21:39:00.000000 -3202.590584847 -3697.339772259 -4609.450384534 -4.31473320197 -3.15511042481 5.53308989588
2024-05-31T21:40:00.000000 -3453.719417247 -3877.779532903 -4266.826127379 -4.05291090408 -2.85715421924 5.88324876740
2024-05-31T21:41:00.000000 -3688.554241319 -4039.925071892 -3904.013387180 -3.77180912422 -2.54553990852 6.20576912497
2024-05-31T21:42:00.000000 -3905.976917557 -4183.000189106 -3522.717835702 -3.47273057889 -2.22172101689 6.49909363603
2024-05-31T21:43:00.000000 -4104.950154445 -4306.317772674 -3124.734689518 -3.15706707023 -1.88721298712 6.76179588198
2024-05-31T21:44:00.000000 -4284.522759594 -4409.283388369 -2711.940599532 -2.82629580912 -1.54358862206 6.99258974133
2024-05-31T21:45:00.000000 -4443.834531820 -4491.398490561 -2286.284902846 -2.48197087738 -1.19246985002 7.19033958825
2024-05-31T21:46:00.000000 -4582.120628861 -4552.263141280 -1849.780446319 -2.12571631478 -0.83552067290 7.35406514352
2024-05-31T21:47:00.000000 -4698.715598837 -4591.578257096 -1404.494005255 -1.75921891878 -0.47443657679 7.48295002050
2024-05-31T21:48:00.000000 -4793.056820741 -4609.147209604 -952.536403792 -1.38421916442 -0.11093694703 7.57634288977
2024-05-31T21:49:00.000000 -4864.687560077 -4604.877083501 -496.052354179 -1.00250350685 0.25324292800 7.63376679518
2024-05-31T21:50:00.000000 -4913.259261445 -4578.779251804 -37.209956168 -0.61588991358 0.61636289629 7.65491788424
2024-05-31T21:51:00.000000 -4938.533325871 -4530.969595995 421.809598739 -0.22622571562 0.97668039774 7.63966557720
2024-05-31T21:52:00.000000 -4940.382665632 -4461.668249913 878.822763422 0.16462234888 1.33246636411 7.58806139622
2024-05-31T21:53:00.000000 -4918.792466646 -4371.198448699 1331.654326931 0.55477917297 1.68201231321 7.50033168248
2024-05-31T21:54:00.000000 -4873.860482761 -4259.985224876 1778.148147188 0.94237082533 2.02363711313 7.37688669337
2024-05-31T21:55:00.000000 -4805.796405270 -4128.553215689 2216.177992800 1.32554121719 2.35570233595 7.21831035146
2024-05-31T21:56:00.000000 -4714.920709552 -3977.524070046 2643.657668985 1.70245369963 2.67661296405 7.02535385233
2024-05-31T21:57:00.000000 -4601.663381482 -3807.613621451 3058.551243270 2.07129694020 2.98482817414 6.79894232786
2024-05-31T21:58:00.000000 -4466.561767450 -3619.628020542 3458.883326994 2.43030733822 3.27887881660 6.54016440393
2024-05-31T21:59:00.000000 -4310.257428720 -3414.459616637 3842.748225770 2.77777282237 3.55735890877 6.25025466259
2024-05-31T22:00:00.000000 -4133.493211924 -3193.083125640 4208.319009652 3.11203165077 3.81893370342 5.93060556818
2024-05-31T22:01:00.000000 -3937.109695508 -2956.550617304 4553.856707838 3.43148949539 4.06235885772 5.58275193975
2024-05-31T22:02:00.000000 -3722.040966075 -2705.986279297 4877.718489705 3.73462574097 4.28647682223 5.20836461351
2024-05-31T22:03:00.000000 -3489.309795513 -2442.580735119 5178.365546443 4.02000506349 4.49023076450 4.80923532277
2024-05-31T22:04:00.000000 -3240.022598827 -2167.585218203 5454.369902203 4.28627559575 4.67265665491 4.38726829262
2024-05-31T22:05:00.000000 -2975.364136801 -1882.305820628 5704.421211416 4.53217886635 4.83289213445 3.94447799897
2024-05-31T22:06:00.000000 -2696.591731992 -1588.097089071 5927.332927132 4.75655563868 4.97018479483 3.48297370148
2024-05-31T22:07:00.000000 -2405.029202630 -1286.355460434 6122.047546983 4.95834874183 5.08389020065 3.00494658730
2024-05-31T22:08:00.000000 -2102.060649815 -978.512813077 6287.641408257 5.13660735395 5.17347214715 2.51266614583
2024-05-31T22:09:00.000000 -1789.123853862 -666.029763350 6423.329104525 5.29049308847 5.23851004963 2.00846855453
2024-05-31T22:10:00.000000 -1467.703487748 -350.388607903 6528.467053379 5.41928250385 5.27870177795 1.49474323987
2024-05-31T22:11:00.000000 -1139.324004004 -33.086279567 6602.556293587 5.52237303809 5.29386059698 0.97391897598
2024-05-31T22:12:00.000000 -805.542504915 284.372459682 6645.244582373 5.59927897638 5.28391362542 0.44845784514
2024-05-31T22:13:00.000000 -467.941538666 600.482139793 6656.328098503 5.64963800116 5.24890934544 -0.07915945928
2024-05-31T22:14:00.000000 -128.121815067 913.743584584 6635.752170358 5.67320785048 5.18900925587 -0.60644085849
2024-05-31T22:15:00.000000 212.305231207 1222.670841167 6583.611763299 5.66987334474 5.10449253985 -1.13089433376
2024-05-31T22:16:00.000000 551.725012422 1525.798141669 6500.150963645 5.63964416674 4.99575210592 -1.65004275342
2024-05-31T22:17:00.000000 888.527212095 1821.686638240 6385.761866839 5.58265317777 4.86329264920 -2.16143065882
2024-05-31T22:18:00.000000 1221.113215631 2108.931132994 6240.982974350 5.49915745809 4.70773041281 -2.66263542821
2024-05-31T22:19:00.000000 1547.903579880 2386.166636228 6066.496917718 5.38953956294 4.52978913005 -3.15127700723
2024-05-31T22:20:00.000000 1867.345580271 2652.074778244 5863.127535812 5.25430654012 4.33029884637 -3.62503064681
2024-05-31T22:21:00.000000 2177.920527993 2905.390132837 5631.836237624 5.09408571609 4.11019372963 -4.08163680820
2024-05-31T22:22:00.000000 2478.151003310 3144.906359389 5373.717810404 4.90962567749 3.87050829318 -4.51891133316
2024-05-31T22:23:00.000000 2766.608099124 3369.482064379 5089.995488895 4.70179380275 3.61237276832 -4.93475906983
2024-05-31T22:24:00.000000 3041.918292665 3578.046418557 4782.015181755 4.47156737639 3.33700657930 -5.32718671270
2024-05-31T22:25:00.000000 3302.769992387 3769.604315308 4451.239380869 4.22003473321 3.04571592431 -5.69430398993
2024-05-31T22:26:00.000000 3547.920140071 3943.241504847 4099.240308871 3.94838934293 2.73988647604 -6.03434514571
2024-05-31T22:27:00.000000 3776.200192811 4098.128983609 3727.692359516 3.65792103284 2.42097383055 -6.34567080584
2024-05-31T22:28:00.000000 3986.521820741 4233.527119842 3338.364340709 3.35001347558 2.09050087111 -6.62677504122
2024-05-31T22:29:00.000000 4177.882404889 4348.789486856 2933.111092441 3.02613850059 1.75004965508 -6.87629736781
2024-05-31T22:30:00.000000 4349.370126613 4443.366149997 2513.864551767 2.68785002341 1.40125323558 -7.09303036154
2024-05-31T22:31:00.000000 4500.168585047 4516.806430328 2082.624290676 2.33677274720 1.04578595169 -7.27592674270
2024-05-31T22:32:00.000000 4629.560845225 4568.761254371 1641.447841842 1.97459667697 0.68535895514 -7.42410389236
2024-05-31T22:33:00.000000 4736.933083913 4598.985022413 1192.440526451 1.60306702648 0.32170834058 -7.53685172255
2024-05-31T22:34:00.000000 4821.777624406 4607.336824193 737.745055279 1.22397546463 -0.04341353938 -7.61363458133
2024-05-31T22:35:00.000000 4883.695462284 4593.781169494 279.530923781 0.83915091416 -0.40824693686 -7.65409604807
2024-05-31T22:36:00.000000 4922.398175482 4558.388098373 -180.016399360 0.45044901360 -0.77103541334 -7.65805999009
2024-05-31T22:37:00.000000 4937.709250002 4501.332715792 -638.706305517 0.05974251790 -1.13003489189 -7.62553148083
2024-05-31T22:38:00.000000 4929.564746798 4422.894146029 -1094.353907269 -0.33109056489 -1.48352365559 -7.55669543851
2024-05-31T22:39:00.000000 4898.013338866 4323.453931178 -1544.790709833 -0.72017615226 -1.82981077205 -7.45191247480
2024-05-31T22:40:00.000000 4843.215864361 4203.494051092 -1987.875000597 -1.10564961598 -2.16723957623 -7.31171546815
2024-05-31T22:41:00.000000 4765.444582772 4063.594625174 -2421.502395837 -1.48566406303 -2.49419824193 -7.13681579773
2024-05-31T22:42:00.000000 4665.081678375 3904.430727552 -2843.616421066 -1.85840528735 -2.80913576360 -6.92809737186
2024-05-31T22:43:00.000000 4542.616777317 3726.768536229 -3252.218425899 -2.22210647982 -3.11056547351 -6.68660156286
2024-05-31T22:44:00.000000 4398.644135215 3531.461435304 -3645.376887027 -2.57504787524 -3.39706956063 -6.41352454136
2024-05-31T22:45:00.000000 4233.859514049 3319.445542117 -4021.236528710 -2.91556744935 -3.66730870473 -6.11021001624
2024-05-31T22:46:00.000000 4049.056442588 3091.734901232 -4378.026905984 -3.24206929468 -3.92002527049 -5.77814084467
2024-05-31T22:47:00.000000 3845.122078773 2849.416406644 -4714.070568152 -3.55302992950 -4.15405017155 -5.41893243338
2024-05-31T22:48:00.000000 3623.032587859 2593.644275745 -5027.790623009 -3.84700642909 -4.36830848369 -5.03431909998
2024-05-31T22:49:00.000000 3383.848246963 2325.634378993 -5317.717618519 -4.12263889888 -4.56182052481 -4.62614717871
2024-05-31T22:50:00.000000 3128.708261397 2046.658414492 -5582.496085635 -4.37865770066 -4.73370604354 -4.19636836656
2024-05-31T22:51:00.000000 2858.825076376 1758.037773141 -5820.890508829 -4.61389210363 -4.88318896040 -3.74702648600
2024-05-31T22:52:00.000000 2575.478410624 1461.137337490 -6031.790434558 -4.82726972522 -5.00959560240 -3.28024593289
2024-05-31T22:53:00.000000 2280.009337796 1157.359190718 -6214.215260387 -5.01781961042 -5.11236158618 -2.79822923761
2024-05-31T22:54:00.000000 1973.813922078 848.135848977 -6367.318444899 -5.18467989977 -5.19103600162 -2.30323924363
2024-05-31T22:55:00.000000 1658.336669630 534.923643753 -6490.390717271 -5.32709794818 -5.24527546210 -1.79758815717
2024-05-31T22:56:00.000000 1335.063904513 219.196237472 -6582.862899538 -5.44443297319 -5.27484648466 -1.28363192259
2024-05-31T22:57:00.000000 1005.516993767 -97.562062906 -6644.308174008 -5.53615761693 -5.27962745996 -0.76375765811
2024-05-31T22:58:00.000000 671.245584624 -413.862921043 -6674.443633314 -5.60185643772 -5.25960526736 -0.24037475645
2024-05-31T22:59:00.000000 333.820812666 -728.220467498 -6673.131534857 -5.64122982126 -5.21487550133 0.28408820696
2024-05-31T23:00:00.000000 -5.171856632 -1039.157936177 -6640.380192898 -5.65410026932 -5.14564722976 0.80719449049
2024-05-31T23:01:00.000000 -344.139916455 -1345.214522324 -6576.343858574 -5.64040952090 -5.05224193730 1.32651809681
2024-05-31T23:02:00.000000 -681.490901530 -1644.951933972 -6481.321857474 -5.60021773580 -4.93508815613 1.83965091902
2024-05-31T23:03:00.000000 -1015.639479938 -1936.960684936 -6355.757242280 -5.53370177788 -4.79471755457 2.34420981153
2024-05-31T23:04:00.000000 -1345.014489423 -2219.866507087 -6200.235244570 -5.44115849523 -4.63177355187 2.83784248237
2024-05-31T23:05:00.000000 -1668.066191251 -2492.336884757 -6015.480689219 -5.32300364076 -4.44700141270 3.31824949850
2024-05-31T23:06:00.000000 -1983.273252059 -2753.086883664 -5802.354781987 -5.17976890293 -4.24124292157 3.78318511305
2024-05-31T23:07:00.000000 -2289.149693416 -3000.885023283 -5561.851521263 -5.01209949290 -4.01543692171 4.23047056682
2024-05-31T23:08:00.000000 -2584.251543918 -3234.558952023 -5295.093556995 -4.82075164637 -3.77061594201 4.65799670766
2024-05-31T23:09:00.000000 -2867.183684870 -3453.001094269 -5003.327681243 -4.60659704831 -3.50790572938 5.06373789900
2024-05-31T23:10:00.000000 -3136.606574977 -3655.174044119 -4687.919341924 -4.37061516510 -3.22851846142 5.44576589038
2024-05-31T23:11:00.000000 -3391.242547319 -3840.115581672 -4350.346591737 -4.11388874752 -2.93374727617 5.80225678682
2024-05-31T23:12:00.000000 -3629.881932275 -4006.943365743 -3992.193578060 -3.83760098896 -2.62496097675 6.13149921147
2024-05-31T23:13:00.000000 -3851.388981545 -4154.859363697 -3615.143520950 -3.54303193838 -2.30359993791 6.43190434622
2024-05-31T23:14:00.000000 -4054.707474423 -4283.153888852 -3220.971028548 -3.23155123139 -1.97116740050 6.70201545020
2024-05-31T23:15:00.000000 -4238.865939556 -4391.209212124 -2811.534026946 -2.90461370886 -1.62922459878 6.94051347486
2024-05-31T23:16:00.000000 -4402.982625622 -4478.502857395 -2388.765208789 -2.56375387306 -1.27938402936 7.14622679605
2024-05-31T23:17:00.000000 -4546.270039685 -4544.610412215 -1954.662951989 -2.21057792843 -0.92330043148 7.31813842310
2024-05-31T23:18:00.000000 -4668.039016152 -4589.207816503 -1511.281879196 -1.84675577759 -0.56266311611 7.45539155936
2024-05-31T23:19:00.000000 -4767.702275608 -4612.073224154 -1060.723063286 -1.47401233465 -0.19918828904 7.55729536091
2024-05-31T23:20:00.000000 -4844.777495314 -4613.088338715 -605.123978916 -1.09412020455 0.16538982001 7.62332786794
2024-05-31T23:21:00.000000 -4898.889957617 -4592.239257565 -146.648213197 -0.70889193919 0.52932735713 7.65314151887
2024-05-31T23:22:00.000000 -4929.774647019 -4549.616754245 312.525098075 -0.32017020392 0.89088029602 7.64656604920
2024-05-31T23:23:00.000000 -4937.277712133 -4485.416010363 770.212008248 0.07018472416 1.24831435804 7.60361103671
2024-05-31T23:24:00.000000 -4921.357205344 -4399.935771132 1224.234415211 0.46030327433 1.59991239097 7.52446180863
2024-05-31T23:25:00.000000 -4882.083498270 -4293.577049505 1672.430738873 0.84831326329 1.94398547516 7.40948402505
2024-05-31T23:26:00.000000 -4819.639035694 -4166.841046014 2112.666607043 1.23235268566 2.27888313000 7.25921746527
2024-05-31T23:27:00.000000 -4734.317478445 -4020.326832880 2542.845224515 1.61057815946 2.60299487444 7.07437620510
2024-05-31T23:28:00.000000 -4626.522190526 -3854.728504322 2960.917866711 1.98117807096 2.91476644932 6.85584596420
2024-05-31T23:29:00.000000 -4496.764150186 -3670.831545298 3364.893783498 2.34237761998 3.21270605219 6.60467324077
2024-05-31T23:30:00.000000 -4345.659463744 -3469.508925142 3752.849806694 2.69244969506 3.49539085112 6.32206303966
2024-05-31T23:31:00.000000 -4173.926164370 -3251.716733528 4122.939572230 3.02972487024 3.76147353507 6.00936866314
2024-05-31T23:32:00.000000 -3982.380638536 -3018.489627749 4473.402200305 3.35259458072 4.00968296803 5.66808686361
2024-05-31T23:33:00.000000 -3771.933721142 -2770.935966173 4802.570919306 3.65952145461 4.23883607053 5.29985546375
2024-05-31T23:34:00.000000 -3543.586158761 -2510.232243215 5108.881093004 3.94904651452 4.44784531551 4.90643982690
2024-05-31T23:35:00.000000 -3298.423687194 -2237.617223933 5390.877614303 4.21979735940 4.63572323841 4.48972345531
2024-05-31T23:36:00.000000 -3037.611597068 -1954.385851440 5647.221597544 4.47049531205 4.80158467076 4.05169479806
2024-05-31T23:37:00.000000 -2762.389030326 -1661.883127748 5876.696396935 4.69995754679 4.94464663277 3.59443965743
2024-05-31T23:38:00.000000 -2474.063124226 -1361.497758939 6078.213316493 4.90710178987 5.06423718100 3.12013482936
2024-05-31T23:39:00.000000 -2174.002744288 -1054.655361328 6250.816545781 5.09095313952 5.15979654875 2.63103092372
2024-05-31T23:40:00.000000 -1863.631995736 -742.811844677 6393.687426316 5.25064599853 5.23087645759 2.12944868091
2024-05-31T23:41:00.000000 -1544.423478294 -427.446449819 6506.148321069 5.38543016290 5.27714695385 1.61776463733
2024-05-31T23:42:00.000000 -1217.891290878 -110.054800954 6587.665514065 5.49467238695 5.29839177437 1.09839862648
2024-05-31T23:43:00.000000 -885.583976804 207.858011145 6637.851637549 5.57785946566 5.29451280406 0.57380669600
2024-05-31T23:44:00.000000 -549.077195218 524.784519798 6656.467256797 5.63459867640 5.26552710606 0.04646282227
2024-05-31T23:45:00.000000 -209.966605188 839.221721580 6643.421994458 5.66461850155 5.21156808475 -0.48114024479
2024-05-31T23:46:00.000000 130.139643457 1149.678167392 6598.775100928 5.66777340625 5.13288674188 -1.00651009173
2024-05-31T23:47:00.000000 469.628391609 1454.680905571 6522.735091659 5.64404185817 5.02984788620 -1.52716503188
2024-05-31T23:48:00.000000 806.888919938 1752.782230084 6415.658900725 5.59352724897 4.90292864036 -2.04064090321
2024-05-31T23:49:00.000000 1140.320509351 2042.566459430 6278.050445137 5.51645914520 4.75271886754 -2.54450506236
2024-05-31T23:50:00.000000 1468.339930663 2322.656583398 6110.558368779 5.41319078047 4.57991711011 -3.03636709459
2024-05-31T23:51:00.000000 1789.388839757 2591.720711929 5913.973273137 5.28419835353 4.38532882166 -3.51388723669
2024-05-31T23:52:00.000000 2101.941155755 2848.478468381 5689.224332257 5.13008101574 4.16986520986 -3.97478840917
2024-05-31T23:53:00.000000 2404.510351502 3091.707209415 5437.375145478 4.95155721534 3.93453861677 -4.41686825365
2024-05-31T23:54:00.000000 2695.656539138 3320.247990089 5159.618956444 4.74946290496 3.68045919921 -4.83801061817
2024-05-31T23:55:00.000000 2973.993402303 3533.011178960 4857.273076895 4.52474756250 3.40882605950 -5.23619620152
2024-05-31T23:56:00.000000 3238.194993120 3728.981725179 4531.772935606 4.27847305253 3.12092611573 -5.60950951200
2024-05-31T23:57:00.000000 3487.002261441 3907.224318215 4184.665418843 4.01180643624 2.81812878236 -5.95615292357
2024-05-31T23:58:00.000000 3719.229189040 4066.888017401 3817.601482918 3.72601420734 2.50187562266 -6.27445588141
2024-05-31T23:59:00.000000 3933.768615824 4207.210404343 3432.328362491 3.42245743518 2.17367509089 -6.56288099107
2024-06-01T00:00:00.000000 4129.597749962 4327.521449364 3030.681346087 3.10258681475 1.83509736034 -6.82003224010
2024-06-01T00:01:00.000000 4305.783346417 4427.246961775 2614.574934914 2.76793423682 1.48776486562 -7.04466641088
2024-06-01T00:02:00.000000 4461.486281371 4505.911475062 2185.993597529 2.42010514044 1.13334568894 -7.23569519426
2024-06-01T00:03:00.000000 4595.965885175 4563.140820878 1746.982195779 2.06077412633 0.77354635218 -7.39219553696
2024-06-01T00:04:00.000000 4708.583754990 4598.664111144 1299.635825454 1.69167358120 0.41010123005 -7.51341708929
2024-06-01T00:05:00.000000 4798.806874419 4612.315042037 846.089331253 1.31458219710 0.04475999805 -7.59878484804
2024-06-01T00:06:00.000000 4866.210152160 4604.032578786 388.506903147 0.93131862930 -0.32071776852 -7.64789617406
2024-06-01T00:07:00.000000 4910.478656974 4573.861403356 -70.928598663 0.54373298945 -0.68457135218 -7.66053290023
2024-06-01T00:08:00.000000 4931.408965440 4521.951422156 -530.026644582 0.15369062723 -1.04505461692 -7.63665494303
2024-06-01T00:09:00.000000 4928.909993127 4448.557037414 -986.599515305 -0.23692926948 -1.40043024089 -7.57639983805
2024-06-01T00:10:00.000000 4903.003450849 4354.036064272 -1438.473406349 -0.62624879291 -1.74899296857 -7.48008996516
2024-06-01T00:11:00.000000 4853.823583148 4238.847511553 -1883.499134277 -1.01239735165 -2.08907601466 -7.34822630963
2024-06-01T00:12:00.000000 4781.616092623 4103.548940703 -2319.562790381 -1.39353059155 -2.41906086590 -7.18147991804
2024-06-01T00:13:00.000000 4686.736598300 3948.793590116 -2744.595747240 -1.76783067828 -2.73737862356 -6.98069030352
2024-06-01T00:14:00.000000 4569.648709997 3775.327013967 -3156.584784234 -2.13351755287 -3.04252345544 -6.74686368574
2024-06-01T00:15:00.000000 4430.921388742 3583.982946845 -3553.581777703 -2.48886139539 -3.33306203557 -6.48116130709
2024-06-01T00:16:00.000000 4271.225721876 3375.678951704 -3933.712695710 -2.83218844916 -3.60763436210 -6.18489132052
2024-06-01T00:17:00.000000 4091.331382135 3151.411788257 -4295.186289671 -3.16188748823 -3.86496127039 -5.85950379540
2024-06-01T00:18:00.000000 3892.102633721 2912.252406548 -4636.302449902 -3.47641863332 -4.10385105834 -5.50658500594
2024-06-01T00:19:00.000000 3674.493766929 2659.340405876 -4955.459896994 -3.77432149941 -4.32320652479 -5.12784032100
2024-06-01T00:20:00.000000 3439.544236217 2393.878501821 -5251.163065423 -4.05421815916 -4.52202141947 -4.72508809953
2024-06-01T00:21:00.000000 3188.373591712 2117.126875464 -5522.028784421 -4.31481775277 -4.69938783919 -4.30025495535
2024-06-01T00:22:00.000000 2922.176050867 1830.397066174 -5766.792468349 -4.55492342657 -4.85450252515 -3.85536506740
2024-06-01T00:23:00.000000 2642.214661364 1535.045605895 -5984.313606475 -4.77343864233 -4.98666922665 -3.39252831057
2024-06-01T00:24:00.000000 2349.815110595 1232.467537708 -6173.580530042 -4.96937232844 -5.09530041031 -2.91392672022
2024-06-01T00:25:00.000000 2046.359461754 924.089981278 -6333.714362809 -5.14183568732 -5.17991411064 -2.42180472611
2024-06-01T00:26:00.000000 1733.279929754 611.365721254 -6463.972751963 -5.29004787258 -5.24013776475 -1.91846712344
2024-06-01T00:27:00.000000 1412.052112866 295.766487806 -6563.753074777 -5.41334378490 -5.27571303347 -1.40626297044
2024-06-01T00:28:00.000000 1084.188182751 -21.223799981 -6632.594503627 -5.51116825928 -5.28648986021 -0.88756979918
2024-06-01T00:29:00.000000 751.230275804 -338.115403499 -6670.179824225 -5.58307881781 -5.27242574425 -0.36479615051
2024-06-01T00:30:00.000000 414.743586285 -653.419404641 -6676.337040427 -5.62875037359 -5.23359136942 0.15962761854
2024-06-01T00:31:00.000000 76.309182967 -965.654618966 -6651.040189867 -5.64797825863 -5.17017310704 0.68326757802
2024-06-01T00:32:00.000000 -262.483123316 -1273.354329792 -6594.409153929 -5.64067605787 -5.08246613260 1.20369695087
2024-06-01T00:33:00.000000 -600.041898505 -1575.072770321 -6506.708990638 -5.60687531505 -4.97087325427 1.71850523122
2024-06-01T00:34:00.000000 -934.781053587 -1869.391469907 -6388.348774515 -5.54672338511 -4.83590167761 2.22530205872
2024-06-01T00:35:00.000000 -1265.126998851 -2154.925671226 -6239.880206407 -5.46049008483 -4.67816844807 2.72172751521
2024-06-01T00:36:00.000000 -1589.525908954 -2430.330787877 -6061.995143191 -5.34856273509 -4.49839371170 3.20547112946
2024-06-01T00:37:00.000000 -1906.450556388 -2694.308386709 -5855.522514802 -5.21144070283 -4.29739573850 3.67427436894
2024-06-01T00:38:00.000000 -2214.407126599 -2945.612085018 -5621.425109399 -5.04973926693 -4.07609160218 4.12593556962
2024-06-01T00:39:00.000000 -2511.942248686 -3183.053531882 -5360.795701196 -4.86419052051 -3.83549791731 4.55832704783
2024-06-01T00:40:00.000000 -2797.649828536 -3405.508082871 -5074.852155167 -4.65563750298 -3.57671976095 4.96940673161
2024-06-01T00:41:00.000000 -3070.177662845 -3611.920026034 -4764.932243002 -4.42503357003 -3.30095024944 5.35722251935
2024-06-01T00:42:00.000000 -3328.233933319 -3801.307706710 -4432.487761154 -4.17343684109 -3.00946306284 5.71992652964
2024-06-01T00:43:00.000000 -3570.593335562 -3972.768204202 -4079.078145799 -3.90200594223 -2.70360884344 6.05578022909
2024-06-01T00:44:00.000000 -3796.103012122 -4125.481849822 -3706.363599168 -3.61199641484 -2.38481092207 6.36316495844
2024-06-01T00:45:00.000000 -4003.688218614 -4258.716384501 -3316.097618162 -3.30475542733 -2.05455855055 6.64059070079
2024-06-01T00:46:00.000000 -4192.357676998 -4371.830772418 -2910.119082202 -2.98171782773 -1.71440270178 6.88670326879
2024-06-01T00:47:00.000000 -4361.208685296 -4464.278670688 -2490.343686331 -2.64439890853 -1.36594638189 7.10029777270
2024-06-01T00:48:00.000000 -4509.431581407 -4535.611213880 -2058.754902432 -2.29438409064 -1.01083521111 7.28031977471
2024-06-01T00:49:00.000000 -4636.313887811 -4585.479478966 -1617.394823753 -1.93332671746 -0.65075408587 7.42587195236
2024-06-01T00:50:00.000000 -4741.244120083 -4613.636561900 -1168.354364463 -1.56293751969 -0.28741646628 7.53622489128
2024-06-01T00:51:00.000000 -4823.714889494 -4619.938963696 -713.763179274 -1.18497489021 0.07744522269 7.61081634037
2024-06-01T00:52:00.000000 -4883.325689383 -4604.347567244 -255.779573984 -0.80124244969 0.44208523286 7.64925541019
2024-06-01T00:53:00.000000 -4919.785287069 -4566.928130616 203.420107955 -0.41357567346 0.80475590599 7.65133217860
2024-06-01T00:54:00.000000 -4932.913146745 -4507.851017227 661.652247045 -0.02382834308 1.16371905334 7.61701296909
2024-06-01T00:55:00.000000 -4922.640435007 -4427.390467421 1116.736526719 0.36613163929 1.51725198139 7.54644271092
2024-06-01T00:56:00.000000 -4889.010508495 -4325.923336638 1566.506692128 0.75443397952 1.86365814449 7.43994443017
2024-06-01T00:57:00.000000 -4832.178768476 -4203.927320517 2008.821177593 1.13921635846 2.20127421755 7.29801787330
2024-06-01T00:58:00.000000 -4752.411837112 -4061.978672372 2441.573611441 1.51863501278 2.52847985034 7.12133561904
2024-06-01T00:59:00.000000 -4650.086220670 -3900.749388503 2862.703058454 1.89087219212 2.84370496588 6.91073924071
2024-06-01T01:00:00.000000 -4525.686490487 -3721.003966498 3270.204074246 2.25414494340 3.14543778509 6.66723595066
2024-06-01T01:01:00.000000 -4379.802947592 -3523.595643181 3662.136489437 2.60671348828 3.43223371459 6.39199360952
2024-06-01T01:02:00.000000 -4213.128716367 -3309.462092529 4036.634862500 2.94689194592 3.70272372732 6.08633390382
2024-06-01T01:03:00.000000 -4026.456203923 -3079.620735592 4391.917473854 3.27305835980 3.95561969976 5.75172450833
2024-06-01T01:04:00.000000 -3820.673010862 -2835.163694603 4726.294779843 3.58366220962 4.18972021222 5.38976816038
2024-06-01T01:05:00.000000 -3596.757600558 -2577.252546733 5038.177265845 3.87722586410 4.40391229577 5.00219670546
2024-06-01T01:06:00.000000 -3355.774634168 -2307.112748402 5326.083136319 4.15235625809 4.59718124258 4.59086646285
2024-06-01T01:07:00.000000 -3098.869583530 -2026.027578443 5588.645312368 4.40775309248 4.76861473872 4.15774301551
2024-06-01T01:08:00.000000 -2827.263110428 -1735.331879830 5824.617657126 4.64221093372 4.91740679012 3.70489048903
2024-06-01T01:09:00.000000 -2542.245222422 -1436.405646013 6032.880601804 4.85462470014 5.04285838205 3.23446222196
2024-06-01T01:10:00.000000 -2245.169108889 -1130.667536192 6212.446247083 5.04399402715 5.14438070353 2.74869247609
2024-06-01T01:11:00.000000 -1937.444719004 -819.568108873 6362.462921123 5.20942802883 5.22149953002 2.24988573382
2024-06-01T01:12:00.000000 -1620.532111482 -504.582921659 6482.218998616 5.35014762291 5.27385550995 1.74040380155
2024-06-01T01:13:00.000000 -1295.934630542 -187.205712242 6571.146088312 5.46549012584 5.30120255351 1.22265866330
2024-06-01T01:14:00.000000 -965.191715426 131.058608971 6628.821699563 5.55491531670 5.30341428622 0.69909735539
2024-06-01T01:15:00.000000 -629.871695423 448.700953704 6654.970862885 5.61799969396 5.28047771028 0.17219124223
2024-06-01T01:16:00.000000 -291.564651962 764.215003754 6649.467550216 5.65444312747 5.23249852424 -0.35556961411
2024-06-01T01:17:00.000000 48.125055992 1076.104303997 6612.335289981 5.66406953789 5.15969948895 -0.88169166879
2024-06-01T01:18:00.000000 387.586257044 1382.889217822 6543.747070176 5.64682835863 5.06241795169 -1.40368839411
2024-06-01T01:19:00.000000 725.208503588 1683.113736288 6444.024583432 5.60279358907 4.94110423629 -1.91909086243
2024-06-01T01:20:00.000000 1059.389507932 1975.352306938 6313.636913921 5.53216392140 4.79632314102 -2.42545739968
2024-06-01T01:21:00.000000 1388.542662252 2258.216579405 6153.198459341 5.43526279034 4.62874889755 -2.92038741473
2024-06-01T01:22:00.000000 1711.104454686 2530.361857162 5963.466216893 5.31253629752 4.43916232032 -3.40152973591
2024-06-01T01:23:00.000000 2025.541787392 2790.493463695 5745.336543652 5.16455243979 4.22844948195 -3.86659174979
2024-06-01T01:24:00.000000 2330.359334891 3037.372973565 5499.841293885 4.99200176575 3.99759876340 -4.31335222950
2024-06-01T01:25:00.000000 2624.106738902 3269.824217078 5228.143101860 4.79569182204 3.74769620666 -4.73967467826
2024-06-01T01:26:00.000000 2905.385505051 3486.738993549 4931.530021871 4.57654329991 3.47992048966 -5.14351596048
2024-06-01T01:27:00.000000 3172.855736369 3687.082511513 4611.409715972 4.33558839079 3.19553925164 -5.52293446409
2024-06-01T01:28:00.000000 3425.242712629 3869.898555659 4269.302979125 4.07396679570 2.89590307834 -5.87610260330
2024-06-01T01:29:00.000000 3661.343179746 4034.314239876 3906.836570284 3.79291997081 2.58243717111 -6.20131666726
2024-06-01T01:30:00.000000 3880.031332351 4179.544290853 3525.735648504 3.49378741063 2.25663738621 -6.49700212610
2024-06-01T01:31:00.000000 4080.264511159 4304.895252787 3127.815573511 3.17799953917 1.92006539428 -6.76172959370
2024-06-01T01:32:00.000000 4261.088359159 4409.768889466 2714.972944620 2.84706839023 1.57433261102 -6.99421989728
2024-06-01T01:33:00.000000 4421.641589676 4493.665113487 2289.176531859 2.50258309546 1.22109854702 -7.19334847321
2024-06-01T01:34:00.000000 4561.160336606 4556.184636748 1852.457667014 2.14620005794 0.86206146934 -7.35815555517
2024-06-01T01:35:00.000000 4678.981909204 4597.030949689 1406.900264235 1.77963431404 0.49894815624 -7.48784848102
2024-06-01T01:36:00.000000 4774.548082221 4616.011862340 954.630654919 1.40465130966 0.13350761252 -7.58180691363
2024-06-01T01:37:00.000000 4847.407845070 4613.040571388 497.807149011 1.02305850474 -0.23249750249 -7.63958585014
2024-06-01T01:38:00.000000 4897.219721152 4588.136142736 38.609343822 0.63669739216 -0.59730360964 -7.66092085181
2024-06-01T01:39:00.000000 4923.753509173 4541.423296023 -420.772642112 0.24743557316 -0.95915282499 -7.64572695421
2024-06-01T01:40:00.000000 4926.891565606 4473.131730836 -878.149259116 -0.14284776727 -1.31630599114 -7.59410741877
2024-06-01T01:41:00.000000 4906.628770038 4383.594841438 -1331.342569576 -0.53228162200 -1.66704771912 -7.50634512957
2024-06-01T01:42:00.000000 4863.072108029 4273.247740847 -1778.196759130 -0.91899898460 -2.00970371837 -7.38289322009
2024-06-01T01:43:00.000000 4796.440344290 4142.624859846 -2216.588442966 -1.30114467814 -2.34263830808 -7.22438145292
2024-06-01T01:44:00.000000 4707.062717758 3992.357264094 -2644.437308519 -1.67689321011 -2.66426895444 -7.03161381236
2024-06-01T01:45:00.000000 4595.376843946 3823.169114422 -3059.716215059 -2.04445899476 -2.97307535630 -6.80555710132
2024-06-01T01:46:00.000000 4461.926119919 3635.873836504 -3460.460745488 -2.40210255547 -3.26760346938 -6.54733464119
2024-06-01T01:47:00.000000 4307.356750279 3431.369934958 -3844.778435928 -2.74813744901 -3.54647239929 -6.25822042498
2024-06-01T01:48:00.000000 4132.414313132 3210.636381084 -4210.857672234 -3.08094045098 -3.80838267591 -5.93963397504
2024-06-01T01:49:00.000000 3937.939637663 2974.727501251 -4556.975938534 -3.39895869131 -4.05212140342 -5.59312327103
2024-06-01T01:50:00.000000 3724.864656299 2724.767825623 -4881.507407034 -3.70071035536 -4.27656268066 -5.22036358422
2024-06-01T01:51:00.000000 3494.207776546 2461.946610143 -5182.930404686 -3.98479589826 -4.48067572146 -4.82314927084
2024-06-01T01:52:00.000000 3247.068767676 2187.512019909 -5459.834211958 -4.24990361747 -4.66352815644 -4.40338295707
2024-06-01T01:53:00.000000 2984.623326063 1902.765109482 -5710.925296774 -4.49481540244 -4.82429016323 -3.96306640058
2024-06-01T01:54:00.000000 2708.117304413 1609.053570397 -5935.032916409 -4.71841141425 -4.96223728711 -3.50428928897
2024-06-01T01:55:00.000000 2418.860668984 1307.765329907 -6131.114097385 -4.91967519134 -5.07675325734 -3.02921843706
2024-06-01T01:56:00.000000 2118.221278592 1000.322053257 -6298.257836666 -5.09769269750 -5.16732927424 -2.54008531751
2024-06-01T01:57:00.000000 1807.618666275 688.172642653 -6435.688922568 -5.25165802920 -5.23356756774 -2.03918269728
2024-06-01T01:58:00.000000 1488.517276465 372.786559563 -6542.771060613 -5.38087887203 -5.27517885330 -1.52884673840
2024-06-01T01:59:00.000000 1162.419807549 55.647374282 -6619.009395825 -5.48477315323 -5.29198412653 -1.01145468899
2024-06-01T02:00:00.000000 830.860505499 -261.754012448 -6664.052603860 -5.56287112408 -5.28391719893 -0.48941264392
2024-06-01T02:01:00.000000 495.398304968 -577.926136126 -6677.694465291 -5.61482135041 -5.25102619000 0.03485179508
2024-06-01T02:02:00.000000 157.609613724 -891.383785716 -6659.874565996 -5.64039208100 -5.19347037308 0.55890752357
2024-06-01T02:03:00.000000 -180.918794387 -1200.654584702 -6610.678281994 -5.63946907831 -5.11151841325 1.08032760115
2024-06-01T02:04:00.000000 -518.596762801 -1504.285550321 -6530.336285274 -5.61205446781 -5.00554759352 1.59669684920
2024-06-01T02:05:00.000000 -853.837848994 -1800.849483218 -6419.223605982 -5.55826972570 -4.87603993539 2.10561964921
2024-06-01T02:06:00.000000 -1185.066436079 -2088.951378350 -6277.858205080 -5.47835410025 -4.72358741210 2.60473022405
2024-06-01T02:07:00.000000 -1510.724744865 -2367.234904649 -6106.898682311 -5.37266259971 -4.54888483729 3.09170701550
2024-06-01T02:08:00.000000 -1829.279788284 -2634.388372325 -5907.141586220 -5.24166692144 -4.35272619974 3.56427459523
2024-06-01T02:09:00.000000 -2139.230382958 -2889.150757138 -5679.518333804 -5.08595563911 -4.13600642354 4.02021452199
2024-06-01T02:10:00.000000 -2439.114191826 -3130.317740899 -5425.091397472 -4.90623456058 -3.89971970344 4.45737931092
2024-06-01T02:11:00.000000 -2727.514669838 -3356.747477115 -5145.049662304 -4.70332380188 -3.64495335996 4.87370505558
2024-06-01T02:12:00.000000 -3003.067706972 -3567.365946625 -4840.703050085 -4.47814959180 -3.37288015254 5.26722124892
2024-06-01T02:13:00.000000 -3264.467889360 -3761.172036496 -4513.476793270 -4.23174221288 -3.08475642721 5.63605683038
2024-06-01T02:14:00.000000 -3510.474679726 -3937.242296536 -4164.905198975 -3.96523333443 -2.78191418726 5.97844784460
2024-06-01T02:15:00.000000 -3739.918360487 -4094.735476475 -3796.625000989 -3.67985119329 -2.46576112185 6.29274554565
2024-06-01T02:16:00.000000 -3951.705769908 -4232.896920839 -3410.368183579 -3.37691957638 -2.13777463029 6.57742535999
2024-06-01T02:17:00.000000 -4144.825985223 -4351.062497827 -3007.954149286 -3.05785423635 -1.79949308709 6.83110046323
2024-06-01T02:18:00.000000 -4318.355439588 -4448.661973682 -2591.281149792 -2.72414947782 -1.45250738041 7.05252949318
2024-06-01T02:19:00.000000 -4471.462440215 -4525.222062925 -2162.317466458 -2.37737291152 -1.09845689220 7.24062079739
2024-06-01T02:20:00.000000 -4603.411445548 -4580.369046338 -1723.092230521 -2.01916112172 -0.73901969498 7.39443881206
2024-06-01T02:21:00.000000 -4713.566985425 -4613.830867559 -1275.685828998 -1.65121169397 -0.37590544398 7.51321155410
2024-06-01T02:22:00.000000 -4801.397061682 -4625.438824038 -822.219894205 -1.27527428964 -0.01084776361 7.59633753410
2024-06-01T02:23:00.000000 -4866.475951718 -4615.128634072 -364.846915981 -0.89314044330 0.35440823812 7.64338993280
2024-06-01T02:24:00.000000 -4908.486414312 -4582.940770137 94.260270730 -0.50663250310 0.71811741438 7.65411648501
2024-06-01T02:25:00.000000 -4927.221320239 -4529.020360000 552.918822496 -0.11759845366 1.07853634737 7.62843713023
2024-06-01T02:26:00.000000 -4922.585041533 -4453.616873804 1008.946488346 0.27209463672 1.43393274861 7.56645231006
2024-06-01T02:27:00.000000 -4894.594203860 -4357.083076888 1460.172581478 0.66057624342 1.78259779700 7.46844720847
2024-06-01T02:28:00.000000 -4843.377310323 -4239.873288762 1904.448831657 1.04598702289 2.12285677647 7.33488148308
2024-06-01T02:29:00.000000 -4769.174245591 -4102.541104572 2339.659673921 1.42647510319 2.45307577363 7.16638787445
2024-06-01T02:30:00.000000 -4672.335137165 -3945.736623953 2763.732845764 1.80022168544 2.77167469451 6.96377264019
2024-06-01T02:31:00.000000 -4553.318287740 -3770.203126633 3174.649143777 2.16543769044 3.07712673239 6.72800057206
2024-06-01T02:32:00.000000 -4412.688234281 -3576.773652299 3570.452281210 2.52037439904 3.36796944855 6.46020211999
2024-06-01T02:33:00.000000 -4251.112922665 -3366.366791970 3949.258476885 2.86333495193 3.64281482812 6.16166248074
2024-06-01T02:34:00.000000 -4069.360319228 -3139.982045431 4309.265495374 3.19268393035 3.90035429273 5.83381312061
2024-06-01T02:35:00.000000 -3868.294476840 -2898.695003389 4648.761130965 3.50685377835 4.13936031990 5.47822247332
2024-06-01T02:36:00.000000 -3648.871449533 -2643.652315871 4966.131400894 3.80434744315 4.35869434338 5.09659632260
2024-06-01T02:37:00.000000 -3412.134590335 -2376.065951436 5259.868510724 4.08375377204 4.55731826969 4.69076486489
2024-06-01T02:38:00.000000 -3159.209227413 -2097.207127828 5528.577805846 4.34375172804 4.73429550717 4.26266790975
2024-06-01T02:39:00.000000 -2891.297138242 -1808.400129450 5770.984109350 4.58311517607 4.88879427167 3.81434636264
2024-06-01T02:40:00.000000 -2609.670729742 -1511.015974940 5985.937453816 4.80071585853 5.02008880579 3.34793196944
2024-06-01T02:41:00.000000 -2315.667064924 -1206.465922073 6172.418368372 4.99552883208 5.12756456694 2.86564088081
2024-06-01T02:42:00.000000 -2010.681377258 -896.194738496 6329.542480882 5.16664002410 5.21071851813 2.36975788938
2024-06-01T02:43:00.000000 -1696.160488970 -581.674030540 6456.564340953 5.31324353811 5.26915976211 1.86262815291
2024-06-01T02:44:00.000000 -1373.596251278 -264.395388948 6552.880925544 5.43464635589 5.30261398698 1.34665293316
2024-06-01T02:45:00.000000 -1044.518438156 54.136715239 6618.034562544 5.53027740062 5.31092523977 0.82427224949
2024-06-01T02:46:00.000000 -710.487518593 372.411874141 6651.714853662 5.59968483103 5.29405228084 0.29795495837
2024-06-01T02:47:00.000000 -373.087404490 688.920787423 6653.760162452 5.64253906176 5.25207313363 -0.22981176506
2024-06-01T02:48:00.000000 -33.918103620 1002.162342876 6624.158349301 5.65863391120 5.18518254024 -0.75653327802
2024-06-01T02:49:00.000000 305.411792845 1310.650610509 6563.046865064 5.64788919249 5.09369147787 -1.27972054152
2024-06-01T02:50:00.000000 643.292587487 1612.921698022 6470.712062451 5.61034808588 4.97802323118 -1.79689962921
2024-06-01T02:51:00.000000 978.120924492 1907.540546742 6347.588116886 5.54617926282 4.83871611176 -2.30561976379
2024-06-01T02:52:00.000000 1308.307330797 2193.107769942 6194.255125513 5.45567603845 4.67641949376 -2.80346954336
2024-06-01T02:53:00.000000 1632.283603981 2468.266170739 6011.436536395 5.33925481273 4.49189075976 -3.28808324440
2024-06-01T02:54:00.000000 1948.510278592 2731.707250551 5799.995979790 5.19745589910 4.28599464609 -3.75715703258
2024-06-01T02:55:00.000000 2255.483839273 2982.177367622 5560.933240253 5.03093736190 4.05969387491 -4.20845592347
2024-06-01T02:56:00.000000 2551.743838161 3218.483604160 5295.380030209 4.84047660729 3.81405083816 -4.63981987436
2024-06-01T02:57:00.000000 2835.880000252 3439.499756215 5004.594979015 4.62696794904 3.55022508356 -5.04918099076
2024-06-01T02:58:00.000000 3106.539079827 3644.171849231 4689.957748885 4.39141722331 3.26946382986 -5.43457391004
2024-06-01T02:59:00.000000 3362.431428822 3831.523260025 4352.962657152 4.13493807104 2.97309739167 -5.79414349429
2024-06-01T03:00:00.000000 3602.337365370 4000.659563568 3995.211794118 3.85874809421 2.66253488932 -6.12615424151
2024-06-01T03:01:00.000000 3825.113241714 4150.773142526 3618.407488562 3.56416318229 2.33925913700 -6.42900271518
2024-06-01T03:02:00.000000 4029.697107840 4281.147245748 3224.344044903 3.25258904232 2.00481459596 -6.70122713309
2024-06-01T03:03:00.000000 4215.113872191 4391.159510337 2814.899154602 2.92551484660 1.66080256578 -6.94151061100
2024-06-01T03:04:00.000000 4380.480212412 4480.285212894 2392.024949727 2.58450911878 1.30887478428 -7.14869065165
2024-06-01T03:05:00.000000 4525.009067384 4548.099976784 1957.738452386 2.23121051109 0.95072268374 -7.32176749528
2024-06-01T03:06:00.000000 4648.013573046 4594.281879172 1514.111681593 1.86731863583 0.58806861818 -7.45990831664
2024-06-01T03:07:00.000000 4748.910470409 4618.613093548 1063.261549807 1.49458659243 0.22265910432 -7.56245038347
2024-06-01T03:08:00.000000 4827.223098768 4620.981066114 607.339436229 1.11481236456 -0.14374558531 -7.62890831753
2024-06-01T03:09:00.000000 4882.583715694 4601.378996851 148.520514749 0.72982711351 -0.50938162451 -7.65897403771
2024-06-01T03:10:00.000000 4914.735269593 4559.905875144 -311.006902251 0.34148819424 -0.87248795039 -7.65251854614
2024-06-01T03:11:00.000000 4923.532696379 4496.766050814 -769.052217049 -0.04833018953 -1.23131444649 -7.60959478490
2024-06-01T03:12:00.000000 4908.943734325 4412.268263475 -1223.433651619 -0.43774537275 -1.58413656301 -7.53044533460
2024-06-01T03:13:00.000000 4871.048652979 4306.823466273 -1671.989365542 -0.82489039754 -1.92926955239 -7.41548756254
2024-06-01T03:14:00.000000 4810.039388555 4180.942678209 -2112.587734726 -1.20791152566 -2.26506630935 -7.26531387087
2024-06-01T03:15:00.000000 4726.218254358 4035.234135635 -2543.137811887 -1.58498444668 -2.58993365269 -7.08068469500
2024-06-01T03:16:00.000000 4619.996104299 3870.400005169 -2961.599130142 -1.95431632012 -2.90233486743 -6.86252253430
2024-06-01T03:17:00.000000 4491.890177047 3687.232787004 -3365.991416596 -2.31415582059 -3.20079669307 -6.61191062486
2024-06-01T03:18:00.000000 4342.521273314 3486.611272940 -3754.404075829 -2.66280404811 -3.48391756714 -6.33008702527
2024-06-01T03:19:00.000000 4172.610302439 3269.496006346 -4125.005188335 -2.99862392197 -3.75037489346 -6.01843430807
2024-06-01T03:20:00.000000 3982.974437908 3036.924392360 -4476.049877516 -3.32004446027 -3.99892985534 -5.67847018427
2024-06-01T03:21:00.000000 3774.522974308 2790.005541786 -4805.888237364 -3.62556729978 -4.22843200138 -5.31184144066
2024-06-01T03:22:00.000000 3548.252744560 2529.914813096 -5112.972835075 -3.91377387658 -4.43782441700 -4.92031564262
2024-06-01T03:23:00.000000 3305.243141500 2257.888035325 -5395.865683832 -4.18333191715 -4.62614905914 -4.50577165594
2024-06-01T03:24:00.000000 3046.650746922 1975.215466164 -5653.244596567 -4.43300155772 -4.79255017853 -4.07018879574
2024-06-01T03:25:00.000000 2773.703655566 1683.235569925 -5883.908903838 -4.66163963286 -4.93627714749 -3.61563681560
2024-06-01T03:26:00.000000 2487.695500649 1383.328630189 -6086.784555929 -4.86820562997 -5.05668652824 -3.14426418660
2024-06-01T03:27:00.000000 2189.979226667 1076.910342938 -6260.928477183 -5.05176270322 -5.15324169865 -2.65828706935
2024-06-01T03:28:00.000000 1881.960899211 765.425341323 -6405.532431516 -5.21147737351 -5.22551488191 -2.15998325578
2024-06-01T03:29:00.000000 1565.093316270 450.340584166 -6519.926564848 -5.34662724644 -5.27319060676 -1.65168540949
2024-06-01T03:30:00.000000 1240.869138350 133.138526130 -6603.582140311 -5.45660516007 -5.29606687214 -1.13576155005
2024-06-01T03:31:00.000000 910.814166048 -184.689504822 -6656.113380422 -5.54091371631 -5.29405031400 -0.61461000611
2024-06-01T03:32:00.000000 576.480540639 -501.649994911 -6677.279240834 -5.59917387024 -5.26716160976 -0.09065375930
2024-06-01T03:33:00.000000 239.439515670 -816.254028255 -6666.984344229 -5.63112703438 -5.21553297388 0.43367709832
2024-06-01T03:34:00.000000 -98.725600352 -1127.023904502 -6625.279055416 -5.63662913715 -5.13940581679 0.95595477525
2024-06-01T03:35:00.000000 -436.426366944 -1432.499729453 -6552.359238900 -5.61565435901 -5.03913222667 1.47375979368
2024-06-01T03:36:00.000000 -772.076346964 -1731.245920296 -6448.565317593 -5.56829461795 -4.91516950507 1.98469386020
2024-06-01T03:37:00.000000 -1104.098094138 -2021.857458816 -6314.380871052 -5.49475748917 -4.76807999867 2.48638428334
2024-06-01T03:38:00.000000 -1430.930110628 -2302.966338148 -6150.430861533 -5.39536753308 -4.59853472123 2.97649328074
2024-06-01T03:39:00.000000 -1751.033951192 -2573.247912714 -5957.479181494 -5.27056935160 -4.40730715870 3.45272918391
2024-06-01T03:40:00.000000 -2062.901489506 -2831.426950073 -5736.425486536 -5.12092766946 -4.19527042855 3.91286098573
2024-06-01T03:41:00.000000 -2365.061878705 -3076.283511749 -5488.301223234 -4.94712006877 -3.96339421053 4.35472754895
2024-06-01T03:42:00.000000 -2656.088271805 -3306.658661844 -5214.265178934 -4.74993475161 -3.71274133345 4.77624695290
2024-06-01T03:43:00.000000 -2934.604334335 -3521.459935341 -4915.598526984 -4.53026734398 -3.44446445477 5.17542256974
2024-06-01T03:44:00.000000 -3199.290730851 -3719.666627821 -4593.699457003 -4.28912228718 -3.15980183348 5.55035253283
2024-06-01T03:45:00.000000 -3448.891572313 -3900.334761944 -4250.077094890 -4.02760873413 -2.86007206571 5.89924283698
2024-06-01T03:46:00.000000 -3682.220500107 -4062.601757974 -3886.344716458 -3.74693432074 -2.54666865983 6.22041725648
2024-06-01T03:47:00.000000 -3898.166432011 -4205.690727048 -3504.212469323 -3.44839998617 -2.22105368444 6.51232384911
2024-06-01T03:48:00.000000 -4095.699059062 -4328.914430765 -3105.479691546 -3.13339641331 -1.88475208578 6.77354329183
2024-06-01T03:49:00.000000 -4273.874034213 -4431.678827278 -2692.026676664 -2.80339703543 -1.53934463691 7.00279760044
2024-06-01T03:50:00.000000 -4431.837739551 -4513.486258614 -2265.805968722 -2.45995182283 -1.18646220082 7.19895766772
2024-06-01T03:51:00.000000 -4568.831696980 -4573.938223662 -1828.833201836 -2.10468087541 -0.82777738641 7.36105090313
2024-06-01T03:52:00.000000 -4684.196537852 -4612.737553604 -1383.177499715 -1.73926636157 -0.46499378697 7.48826774667
2024-06-01T03:53:00.000000 -4777.375463243 -4629.690041565 -930.951556714 -1.36544343889 -0.09983891543 7.57996610273
2024-06-01T03:54:00.000000 -4847.917136462 -4624.705663890 -474.301464149 -0.98499099474 0.26594376627 7.63567541330
2024-06-01T03:55:00.000000 -4895.478069764 -4597.799218828 -15.396347199 -0.59972392502 0.63060499812 7.65509860087
2024-06-01T03:56:00.000000 -4919.824567202 -4549.090451974 443.582122957 -0.21148529207 0.99239728101 7.63811549137
2024-06-01T03:57:00.000000 -4920.834046677 -4478.803653278 900.450433496 0.17786592920 1.34958476929 7.58478437183
2024-06-01T03:58:00.000000 -4898.495768748 -4387.266732713 1353.033886129 0.56646152739 1.70045061586 7.49534137037
2024-06-01T03:59:00.000000 -4852.911102482 -4274.909753853 1799.177377667 0.95243548766 2.04330896421 7.37020282798
2024-06-01T04:00:00.000000 -4784.293054618 -4142.262807735 2236.756011510 1.33393340419 2.37651149674 7.20995976752