CCSDS_OEM_VERS = 2.0
CREATION_DATE  = 2024-10-07T11:24:38.952000
ORIGINATOR     = BTAS3_OFEI

META_START
OBJECT_NAME    = Satellite
OBJECT_ID      = QK-1
CENTER_NAME    = EARTH
REF_FRAME      = J2000
TIME_SYSTEM    = UTC
START_TIME     = 2024-10-07T04:00:00.000000
STOP_TIME      = 2024-10-10T04:00:00.000000
META_STOP

COMMENT OEM data, unit is km and km/s.

2024-10-07T04:00:00.000000 5641.037168528 -1082.230288059 -3479.734461595 3.69178697244 -1.74931142556 6.52554821454
2024-10-07T04:01:00.000000 5849.017193254 -1184.544383980 -3080.250749931 3.23811416788 -1.65980644681 6.78532094164
2024-10-07T04:02:00.000000 6029.300569176 -1281.249120163 -2666.138685344 2.76892912366 -1.56240575971 7.01296189393
2024-10-07T04:03:00.000000 6181.022820993 -1371.884290401 -2239.360282626 2.28645301475 -1.45756702739 7.20736018023
2024-10-07T04:04:00.000000 6303.454869775 -1456.018264544 -1801.939454068 1.79297571554 -1.34578449428 7.36756439583
2024-10-07T04:05:00.000000 6396.006781526 -1533.250100131 -1355.952306165 1.29084371179 -1.22758656765 7.49278663137
2024-10-07T04:06:00.000000 6458.230858356 -1603.211537646 -903.517215540 0.78244996896 -1.10353384914 7.58240683391
2024-10-07T04:07:00.000000 6489.824052848 -1665.568841191 -446.784580309 0.27022065165 -0.97421594452 7.63597809381
2024-10-07T04:08:00.000000 6490.629547095 -1720.024441253 12.073591981 -0.24339776436 -0.84024837187 7.65322697861
2024-10-07T04:09:00.000000 6460.637682003 -1766.318428603 470.874126488 -0.75594820490 -0.70227061336 7.63405530362
2024-10-07T04:10:00.000000 6399.986235645 -1804.229897122 927.433309163 -1.26497559434 -0.56094248485 7.57854361733
2024-10-07T04:11:00.000000 6308.959860652 -1833.578037180 1379.577608052 -1.76804133226 -0.41694040683 7.48695024796
2024-10-07T04:12:00.000000 6187.988738992 -1854.223069649 1825.154303353 -2.26273546642 -0.27095480706 7.35971076786
2024-10-07T04:13:00.000000 6037.646420463 -1866.066947226 2262.042019299 -2.74669023060 -0.12368606751 7.19743311638
2024-10-07T04:14:00.000000 5858.647105803 -1869.053847015 2688.161052428 -3.21758802017 0.02416036133 7.00089976346
2024-10-07T04:15:00.000000 5651.841954058 -1863.170207551 3101.483748202 -3.67318329561 0.17188155971 6.77105950049
2024-10-07T04:16:00.000000 5418.214622697 -1848.444623313 3500.044035280 -4.11130578246 0.31877462638 6.50901644126
2024-10-07T04:17:00.000000 5158.876477905 -1824.947846174 3881.946738489 -4.52987081949 0.46413829501 6.21602920481
2024-10-07T04:18:00.000000 4875.061057883 -1792.792479436 4245.376685361 -4.92689261897 0.60727987681 5.89350379853
2024-10-07T04:19:00.000000 4568.117928267 -1752.132297435 4588.607200354 -5.30048987379 0.74752007445 5.54298316382
2024-10-07T04:20:00.000000 4239.506234261 -1703.161401139 4910.008192942 -5.64889315396 0.88419436495 5.16614303421
2024-10-07T04:21:00.000000 3890.787656498 -1646.113245502 5208.053906482 -5.97045554118 1.01665568619 4.76478389142
2024-10-07T04:22:00.000000 3523.618776080 -1581.259534961 5481.330124545 -6.26366221063 1.14427707472 4.34082134888
2024-10-07T04:23:00.000000 3139.742926891 -1508.908852990 5728.540688493 -6.52713682827 1.26645653539 3.89627286883
2024-10-07T04:24:00.000000 2740.981775772 -1429.405101148 5948.513268548 -6.75964537126 1.38261947669 3.43324698431
2024-10-07T04:25:00.000000 2329.226688097 -1343.125768387 6140.204498643 -6.96009841775 1.49222075695 2.95393232335
2024-10-07T04:26:00.000000 1906.430028094 -1250.480158785 6302.704607952 -7.12755350293 1.59474583282 2.46059270699
2024-10-07T04:27:00.000000 1474.596101951 -1151.907416589 6435.241651643 -7.26122224885 1.68971460293 1.95555632751
2024-10-07T04:28:00.000000 1035.771800527 -1047.874478850 6537.185029759 -7.36047413861 1.77668089413 1.44120458489
2024-10-07T04:29:00.000000 592.037051815 -938.874006632 6608.048354865 -7.42483905615 1.85523364173 0.91996132802
2024-10-07T04:30:00.000000 145.495152504 -825.422186632 6647.491613976 -7.45400740751 1.92500048744 0.39428017944
2024-10-07T04:31:00.000000 -301.736822703 -708.056328769 6655.322757968 -7.44783062540 1.98564975127 -0.13336148062
2024-10-07T04:32:00.000000 -747.537857867 -587.332375797 6631.498802341 -7.40632598887 2.03689247933 -0.66047499844
2024-10-07T04:33:00.000000 -1189.792874993 -463.822299474 6576.126044872 -7.32967343826 2.07848327830 -1.18457448060
2024-10-07T04:34:00.000000 -1626.402443297 -338.111475403 6489.459677235 -7.21821503523 2.11022097918 -1.70318397903
2024-10-07T04:35:00.000000 -2055.292582630 -210.795970602 6371.902878435 -7.07245697345 2.13195079053 -2.21384932636
2024-10-07T04:36:00.000000 -2474.424446322 -82.479733152 6224.005031849 -6.89306256021 2.14356453041 -2.71415208758
2024-10-07T04:37:00.000000 -2881.803689673 46.228183933 6046.459505830 -6.68085347807 2.14500040429 -3.20171295873
2024-10-07T04:38:00.000000 -3275.490068604 174.716431423 5840.100799954 -6.43680951541 2.13624358709 -3.67420968385
2024-10-07T04:39:00.000000 -3653.606648511 302.374178196 5605.900829136 -6.16206133637 2.11732661730 -4.12938505407
2024-10-07T04:40:00.000000 -4014.348789522 428.594005247 5344.964657407 -5.85788604403 2.08833027190 -4.56505976442
2024-10-07T04:41:00.000000 -4355.992717618 552.774768503 5058.525659881 -5.52570252591 2.04938341957 -4.97913727905
2024-10-07T04:42:00.000000 -4676.904084733 674.324563727 4747.940267184 -5.16707312141 2.00066564039 -5.36961523564
2024-10-07T04:43:00.000000 -4975.546343714 792.663721181 4414.681559211 -4.78369052505 1.94240293778 -5.73460981128
2024-10-07T04:44:00.000000 -5250.488115117 907.227337772 4060.332186455 -4.37736871399 1.87486275828 -6.07235476080
2024-10-07T04:45:00.000000 -5500.409961924 1017.467931990 3686.576874123 -3.95002074338 1.79835827819 -6.38120854606
2024-10-07T04:46:00.000000 -5724.110753032 1122.858173138 3295.195669580 -3.50368430497 1.71324764507 -6.65964165164
2024-10-07T04:47:00.000000 -5920.515498851 1222.893748093 2888.055760046 -3.04051936993 1.61994287054 -6.90628802379
2024-10-07T04:48:00.000000 -6088.680712183 1317.096342610 2467.100726473 -2.56274040619 1.51889079197 -7.11995672062
2024-10-07T04:49:00.000000 -6227.797979639 1405.015279628 2034.341773777 -2.07264494024 1.41057186309 -7.29959054514
2024-10-07T04:50:00.000000 -6337.199134756 1486.230090586 1591.848240606 -1.57260215770 1.29551006972 -7.44431128214
2024-10-07T04:51:00.000000 -6416.359536260 1560.352694100 1141.736891615 -1.06502590434 1.17425970196 -7.55341427714
2024-10-07T04:52:00.000000 -6464.900664403 1627.029178539 686.161630680 -0.55237152592 1.04740663918 -7.62636820981
2024-10-07T04:53:00.000000 -6482.592133893 1685.941746983 227.302788266 -0.03711826767 0.91556696443 -7.66282386671
2024-10-07T04:54:00.000000 -6469.352704817 1736.810221867 -232.643761455 0.47824266380 0.77937842857 -7.66261211507
2024-10-07T04:55:00.000000 -6425.250695316 1779.393362448 -691.477461107 0.99122000092 0.63950073009 -7.62574620790
2024-10-07T04:56:00.000000 -6350.503538774 1813.490069484 -1147.003993120 1.49933642934 0.49661146672 -7.55242068174
2024-10-07T04:57:00.000000 -6245.476598186 1838.940325942 -1597.046139807 2.00014047104 0.35140195078 -7.44301092166
2024-10-07T04:58:00.000000 -6110.681199914 1855.625937635 -2039.454582795 2.49122041098 0.20457435169 -7.29807093226
2024-10-07T04:59:00.000000 -5946.771859932 1863.471061106 -2472.118506654 2.97021690867 0.05683748166 -7.11832940343
2024-10-07T05:00:00.000000 -5754.542802897 1862.442478934 -2892.975960976 3.43483438163 -0.09109722326 -6.90468590218
2024-10-07T05:01:00.000000 -5534.923748833 1852.549660272 -3300.023974308 3.88285409764 -0.23851876087 -6.65820566160
2024-10-07T05:02:00.000000 -5288.974919156 1833.844632349 -3691.328270293 4.31214670164 -0.38472035116 -6.38011185166
2024-10-07T05:03:00.000000 -5017.881365367 1806.421587466 -4065.032473466 4.72068184615 -0.52900392419 -6.07177657813
2024-10-07T05:04:00.000000 -4722.946791664 1770.416241156 -4419.366806571 5.10653617854 -0.67068397117 -5.73471310842
2024-10-07T05:05:00.000000 -4405.586866882 1726.005008905 -4752.656324178 5.46790253862 -0.80908977190 -5.37056755893
2024-10-07T05:06:00.000000 -4067.322003988 1673.404018044 -5063.328537386 5.80309710102 -0.94356861740 -4.98110706974
2024-10-07T05:07:00.000000 -3709.769877868 1612.868014830 -5349.920471621 6.11056344049 -1.07348645650 -4.56821502791
2024-10-07T05:08:00.000000 -3334.637360857 1544.689034300 -5611.085413195 6.38888581699 -1.19823556489 -4.13387966770
2024-10-07T05:09:00.000000 -2943.712060923 1469.194758091 -5845.598705484 6.63678912630 -1.31723511713 -3.68018074428
2024-10-07T05:10:00.000000 -2538.853705909 1386.746875119 -6052.363042187 6.85314545423 -1.42993295354 -3.20928116322
2024-10-07T05:11:00.000000 -2121.985216898 1297.739278572 -6230.413041980 7.03697595902 -1.53580805706 -2.72341352889
2024-10-07T05:12:00.000000 -1695.083840830 1202.596192026 -6378.919220940 7.18744960728 -1.63437015518 -2.22487563843
2024-10-07T05:13:00.000000 -1260.171909879 1101.770245466 -6497.191754930 7.30389591244 -1.72516426494 -1.71602068144
2024-10-07T05:14:00.000000 -819.307288789 995.740190776 -6584.683154754 7.38579978783 -1.80777413074 -1.19923941698
2024-10-07T05:15:00.000000 -374.574025526 885.008643166 -6640.990400608 7.43280445265 -1.88182054999 -0.67695486250
2024-10-07T05:16:00.000000 71.927256169 770.099822570 -6665.856573454 7.44471493710 -1.94696356373 -0.15161190237
2024-10-07T05:17:00.000000 518.089041121 651.557062384 -6659.171664603 7.42149444150 -2.00290555484 0.37433883307
2024-10-07T05:18:00.000000 961.806281827 529.940342366 -6620.972851308 7.36326381958 -2.04938971460 0.89844333248
2024-10-07T05:19:00.000000 1400.985964573 405.823758850 -6551.444199434 7.27030140239 -2.08620203364 1.41826155163
2024-10-07T05:20:00.000000 1833.556314142 279.793011744 -6450.915698769 7.14303762680 -2.11317039009 1.93136891127
2024-10-07T05:21:00.000000 2257.476140150 152.442721602 -6319.862174271 6.98206213672 -2.13016969528 2.43536540219
2024-10-07T05:22:00.000000 2670.744380615 24.373659626 -6158.901258354 6.78812196888 -2.13711998223 2.92789343323
2024-10-07T05:23:00.000000 3071.409281486 -103.809979293 -5968.790448313 6.56211201762 -2.13398689973 3.40664896230
2024-10-07T05:24:00.000000 3457.577155482 -231.503278731 -5750.423815976 6.30507345633 -2.12078087690 3.86938517593
2024-10-07T05:25:00.000000 3827.421130737 -358.103323414 -5504.828226961 6.01819134350 -2.09755833372 4.31392394751
2024-10-07T05:26:00.000000 4179.189673267 -483.011967212 -5233.158958321 5.70279158095 -2.06442175061 4.73816496285
2024-10-07T05:27:00.000000 4511.214915368 -605.638592352 -4936.694654803 5.36033585415 -2.02151962952 5.14009810757
2024-10-07T05:28:00.000000 4821.920585780 -725.402867653 -4616.831637221 4.99241478461 -1.96904628192 5.51781224391
2024-10-07T05:29:00.000000 5109.829595015 -841.737489753 -4275.077703868 4.60074281838 -1.90724159700 5.86950444633
2024-10-07T05:30:00.000000 5373.571234576 -954.090891711 -3913.045314613 4.18714998855 -1.83638997864 6.19349029042
2024-10-07T05:31:00.000000 5611.887864838 -1061.929875261 -3532.444251806 3.75357404592 -1.75681916359 6.48821148761
2024-10-07T05:32:00.000000 5823.641145875 -1164.742177643 -3135.073796723 3.30205238460 -1.66889902710 6.75224438125
2024-10-07T05:33:00.000000 6007.817740233 -1262.038959463 -2722.814428877 2.83471296379 -1.57304024415 6.98430714494
2024-10-07T05:34:00.000000 6163.534497374 -1353.357202131 -2297.619085181 2.35376567398 -1.46969244452 7.18326780549
2024-10-07T05:35:00.000000 6290.043040831 -1438.261980008 -1861.503953932 1.86149140585 -1.35934217186 7.34815082556
2024-10-07T05:36:00.000000 6386.733728832 -1516.348623867 -1416.538906443 1.36023189776 -1.24251105805 7.47814347615
2024-10-07T05:37:00.000000 6453.138942085 -1587.244757476 -964.837535724 0.85237724265 -1.11975346188 7.57260194319
2024-10-07T05:38:00.000000 6488.935579362 -1650.612174160 -508.546892663 0.34035237058 -0.99165347299 7.63105522031
2024-10-07T05:39:00.000000 6493.946763687 -1706.148518330 -49.837066708 -0.17339525623 -0.85882147724 7.65320656139
2024-10-07T05:40:00.000000 6468.142868189 -1753.588774870 409.109337176 -0.68640695118 -0.72189135271 7.63893594574
2024-10-07T05:41:00.000000 6411.641795233 -1792.706596690 866.107844544 -1.19622582380 -0.58151757850 7.58830113912
2024-10-07T05:42:00.000000 6324.708499068 -1823.315429904 1318.982791018 -1.70040919944 -0.43837154492 7.50153813951
2024-10-07T05:43:00.000000 6207.753707478 -1845.269429496 1765.578006926 -2.19654311400 -0.29313821069 7.37906014783
2024-10-07T05:44:00.000000 6061.331819778 -1858.464163607 2203.767312542 -2.68225400148 -0.14651252538 7.22145307787
2024-10-07T05:45:00.000000 5886.138172643 -1862.837111895 2631.464818918 -3.15521976199 0.00080413394 7.02947365106
2024-10-07T05:46:00.000000 5683.005565260 -1858.367920601 3046.635053434 -3.61318217141 0.14810817033 6.80404474138
2024-10-07T05:47:00.000000 5452.900109838 -1845.078439634 3447.302769861 -4.05395751945 0.29469694370 6.54625009798
2024-10-07T05:48:00.000000 5196.916440594 -1823.032557990 3831.562429278 -4.47544721756 0.43987245897 6.25732862705
2024-10-07T05:49:00.000000 4916.272269050 -1792.335821708 4197.587316219 -4.87564913507 0.58294440654 5.93866730164
2024-10-07T05:50:00.000000 4612.302326728 -1753.134933379 4543.638139040 -5.25266562900 0.72323157673 5.59179217287
2024-10-07T05:51:00.000000 4286.451890042 -1705.617098465 4868.071233513 -5.60471160689 0.86006615112 5.21836402522
2024-10-07T05:52:00.000000 3940.269623579 -1650.009015968 5169.346369746 -5.93012717520 0.99280032609 4.82016689135
2024-10-07T05:53:00.000000 3575.399994966 -1586.575637433 5446.033724480 -6.22737909000 1.12080641155 4.39909654944
2024-10-07T05:54:00.000000 3193.575464961 -1515.618918222 5696.820457914 -6.49506888640 1.24347974354 3.95715454121
2024-10-07T05:55:00.000000 2796.608262817 -1437.476303222 5920.516731221 -6.73193688576 1.36024234687 3.49643839480
2024-10-07T05:56:00.000000 2386.381866333 -1352.519046222 6116.061208161 -6.93686858128 1.47054548934 3.01913215906
2024-10-07T05:57:00.000000 1964.842107707 -1261.150407676 6282.525985222 -7.10890171250 1.57387163451 2.52749763198
2024-10-07T05:58:00.000000 1533.987843994 -1163.803678287 6419.120812725 -7.24723118210 1.66973746463 2.02385914757
2024-10-07T05:59:00.000000 1095.861460979 -1060.940141287 6525.196420149 -7.35121074681 1.75769299744 1.51058893622
2024-10-07T06:00:00.000000 652.539535076 -953.047044326 6600.247113002 -7.42034673095 1.83732356075 0.99010140298
2024-10-07T06:01:00.000000 206.123503127 -840.635352576 6643.913269675 -7.45430566265 1.90825347608 0.46484869419
2024-10-07T06:02:00.000000 -241.270104379 -724.237398812 6655.983153564 -7.45291811785 1.97014623067 -0.06269380970
2024-10-07T06:03:00.000000 -687.519531289 -604.404474228 6636.393942471 -7.41617895847 2.02270694162 -0.59003975967
2024-10-07T06:04:00.000000 -1130.507574495 -481.704274675 6585.232071510 -7.34424504511 2.06568365301 -1.11470139515
2024-10-07T06:05:00.000000 -1568.131380440 -356.718297407 6502.733082845 -7.23743877779 2.09886889986 -1.63419871321
2024-10-07T06:06:00.000000 -1998.312373647 -230.039084164 6389.280621683 -7.09624502766 2.12210174182 -2.14607711798
2024-10-07T06:07:00.000000 -2419.005766041 -102.267485273 6245.404721998 -6.92130572230 2.13526634694 -2.64791217538
2024-10-07T06:08:00.000000 -2828.210070129 25.990113778 6071.779744611 -6.71342205645 2.13829426944 -3.13731985185
2024-10-07T06:09:00.000000 -3223.976567966 154.124618516 5869.221545906 -6.47355131496 2.13116335991 -3.61196935986
2024-10-07T06:10:00.000000 -3604.418601894 281.527004419 5638.683968743 -6.20280414518 2.11389839952 -4.06959400792
2024-10-07T06:11:00.000000 -3967.720600414 407.591159077 5381.254662214 -5.90243861101 2.08657166787 -4.50800153815
2024-10-07T06:12:00.000000 -4312.146839726 531.716746289 5098.150366825 -5.57385802409 2.04930371478 -4.92508316706
2024-10-07T06:13:00.000000 -4636.050055256 653.312153594 4790.711495520 -5.21860629790 2.00226472942 -5.31882783784
2024-10-07T06:14:00.000000 -4937.879559559 771.797402396 4460.395870566 -4.83835680712 1.94567166656 -5.68733403172
2024-10-07T06:15:00.000000 -5216.188766554 886.606897352 4108.772014342 -4.43490598850 1.87978740636 -6.02881465173
2024-10-07T06:16:00.000000 -5469.642382843 997.192188486 3737.511895466 -4.01016408196 1.80491931037 -6.34160971385
2024-10-07T06:17:00.000000 -5697.022995256 1103.024523288 3348.383355498 -3.56615252939 1.72141817289 -6.62418472360
2024-10-07T06:18:00.000000 -5897.237832517 1203.597596732 2943.241987591 -3.10500170963 1.62968006666 -6.87515232919
2024-10-07T06:19:00.000000 -6069.324769760 1298.430182003 2524.021816194 -2.62893117851 1.53014556419 -7.09328788312
2024-10-07T06:20:00.000000 -6212.456854680 1387.068691296 2092.725522684 -2.14022701127 1.42329376028 -7.27752502050
2024-10-07T06:21:00.000000 -6325.946360054 1469.089358489 1651.414990762 -1.64124242613 1.30963908589 -7.42695872813
2024-10-07T06:22:00.000000 -6409.248589356 1544.100199295 1202.201380072 -1.13439139788 1.18972650701 -7.54085357420
2024-10-07T06:23:00.000000 -6461.965099547 1611.742932006 747.234474773 -0.62212945121 1.06413454529 -7.61865865720
2024-10-07T06:24:00.000000 -6483.845381224 1671.694905759 288.691695552 -0.10693106671 0.93347144080 -7.66000189644
2024-10-07T06:25:00.000000 -6474.787920931 1723.670726193 -171.232502923 0.40871259660 0.79837008993 -7.66468880048
2024-10-07T06:26:00.000000 -6434.840857214 1767.423621689 -630.337478260 0.92230725210 0.65948471965 -7.63270765735
2024-10-07T06:27:00.000000 -6364.201697653 1802.746683500 -1086.427353595 1.43137039411 0.51748935305 -7.56422921355
2024-10-07T06:28:00.000000 -6263.216191834 1829.473915945 -1537.321985525 1.93344585258 0.37307287524 -7.45960665129
2024-10-07T06:29:00.000000 -6132.376331424 1847.480977079 -1980.867744822 2.42611599409 0.22693418724 -7.31936979400
2024-10-07T06:30:00.000000 -5972.317813812 1856.685707465 -2414.948106960 2.90701130714 0.07977989942 -7.14422591225
2024-10-07T06:31:00.000000 -5783.816593236 1857.048415464 -2837.494183886 3.37382823185 -0.06768184120 -6.93505399384
2024-10-07T06:32:00.000000 -5567.784590426 1848.571889282 -3246.494792848 3.82433991172 -0.21474355033 -6.69289760400
2024-10-07T06:33:00.000000 -5325.264763129 1831.301280680 -3640.006099298 4.25640667565 -0.36070097823 -6.41895633541
2024-10-07T06:34:00.000000 -5057.425688578 1805.323797429 -4016.160744199 4.66798204157 -0.50485741498 -6.11457955807
2024-10-07T06:35:00.000000 -4765.555635136 1770.768161802 -4373.176738941 5.05712531732 -0.64652576949 -5.78126184376
2024-10-07T06:36:00.000000 -4451.055884168 1727.803939868 -4709.365847259 5.42201107285 -0.78503307598 -5.42063231306
2024-10-07T06:37:00.000000 -4115.433596211 1676.640494764 -5023.141387923 5.76093687160 -0.91972599723 -5.03444529299
2024-10-07T06:38:00.000000 -3760.294150072 1617.525763867 -5313.025421560 6.07233226760 -1.04997239402 -4.62456858028
2024-10-07T06:39:00.000000 -3387.333216025 1550.744972076 -5577.655203215 6.35475805223 -1.17516146489 -4.19297461667
2024-10-07T06:40:00.000000 -2998.328572600 1476.619243565 -5815.789418574 6.60691924793 -1.29470877172 -3.74173530163
2024-10-07T06:41:00.000000 -2595.131257069 1395.503865529 -6026.313519259 6.82766788444 -1.40805977132 -3.27300256374
2024-10-07T06:42:00.000000 -2179.656764344 1307.786507386 -6208.244330785 7.01600467553 -1.51469002301 -2.78900202698
2024-10-07T06:43:00.000000 -1753.875981591 1213.885350147 -6360.734114690 7.17108232433 -1.61410698425 -2.29202087170
2024-10-07T06:44:00.000000 -1319.806078263 1114.247159837 -6483.073995065 7.29220529531 -1.70585058415 -1.78439953316
2024-10-07T06:45:00.000000 -879.501352900 1009.345238748 -6574.697052219 7.37883363184 -1.78949773199 -1.26852863494
2024-10-07T06:46:00.000000 -435.043553691 899.677037540 -6635.180848581 7.43059172819 -1.86466579017 -0.74682940561
2024-10-07T06:47:00.000000 11.467815017 785.761842843 -6664.248796124 7.44726286431 -1.93101022642 -0.22174129855
2024-10-07T06:48:00.000000 457.924935555 668.138394801 -6661.771066483 7.42878682008 -1.98822691280 0.30428368051
2024-10-07T06:49:00.000000 902.221191293 547.362446860 -6627.765080294 7.37526361057 -2.03605317222 0.82879270563
2024-10-07T06:50:00.000000 1342.260592921 424.004287351 -6562.395163796 7.28694713184 -2.07426743447 1.34934096897
2024-10-07T06:51:00.000000 1775.967151712 298.646130305 -6465.972017868 7.16425090846 -2.10269427367 1.86349758841
2024-10-07T06:52:00.000000 2201.294393986 171.879390716 -6338.951341766 7.00774466968 -2.12120186953 2.36886107289
2024-10-07T06:53:00.000000 2616.234734206 44.302057895 -6181.931824614 6.81815428872 -2.12970330108 2.86306947421
2024-10-07T06:54:00.000000 3018.828597998 -83.484002707 -5995.652386769 6.59635344362 -2.12815614384 3.34381068429
2024-10-07T06:55:00.000000 3407.173275446 -210.875740273 -5780.989034657 6.34336371555 -2.11656354102 3.80882948764
2024-10-07T06:56:00.000000 3779.431669193 -337.271658233 -5538.951112856 6.06034998324 -2.09497398156 4.25593753784
2024-10-07T06:57:00.000000 4133.840840991 -462.074533101 -5270.677069943 5.74861931005 -2.06348177365 4.68302160935
2024-10-07T06:58:00.000000 4468.720474576 -584.694222041 -4977.429546927 5.40961729988 -2.02222863714 5.08805763022
2024-10-07T06:59:00.000000 4782.480904423 -704.550473377 -4660.589682222 5.04491881770 -1.97140218289 5.46912084228
2024-10-07T07:00:00.000000 5073.630693133 -821.075632373 -4321.650926472 4.65622222597 -1.91123461483 5.82439387492
2024-10-07T07:01:00.000000 5340.783831766 -933.717300671 -3962.212329934 4.24534229115 -1.84200215448 6.15217541098
2024-10-07T07:02:00.000000 5582.666524689 -1041.940955697 -3583.971340401 3.81420364634 -1.76402439369 6.45088826515
2024-10-07T07:03:00.000000 5798.123577434 -1145.232546471 -3188.716066380 3.36483342643 -1.67766388331 6.71908950113
2024-10-07T07:04:00.000000 5986.124215054 -1243.100999439 -2778.316925313 2.89934986261 -1.58332358711 6.95547940506
2024-10-07T07:05:00.000000 6145.767238299 -1335.080603577 -2354.717900099 2.41995264553 -1.48144588198 7.15890638507
2024-10-07T07:06:00.000000 6276.285676918 -1420.733333445 -1919.927446905 1.92891467387 -1.37251074452 7.32837440917
2024-10-07T07:07:00.000000 6377.050824543 -1499.651019202 -1476.008923335 1.42856952609 -1.25703299227 7.46305036647
2024-10-07T07:08:00.000000 6447.575482792 -1571.457366517 -1025.070696811 0.92129888137 -1.13555995835 7.56226725988
2024-10-07T07:09:00.000000 6487.516591884 -1635.809838285 -569.256097124 0.40952420339 -1.00866903803 7.62552783271
2024-10-07T07:10:00.000000 6496.677253174 -1692.401369551 -110.733024191 -0.10430678135 -0.87696483785 7.65251088063
2024-10-07T07:11:00.000000 6475.007850695 -1740.961914477 348.316650409 -0.61773412260 -0.74107611796 7.64307200398
2024-10-07T07:12:00.000000 6422.606451268 -1781.259794561 805.707747608 -1.12829730294 -0.60165251704 7.59724571498
2024-10-07T07:13:00.000000 6339.718398574 -1813.102846309 1259.262544829 -1.63355016884 -0.45936085857 7.51524565284
2024-10-07T07:14:00.000000 6226.735053871 -1836.339338666 1706.821411134 -2.13107306668 -0.31488163969 7.39746069845
2024-10-07T07:15:00.000000 6084.191919058 -1850.858722372 2146.253296009 -2.61848338278 -0.16890657024 7.24445484469
2024-10-07T07:16:00.000000 5912.765942583 -1856.592166316 2575.466170986 -3.09345096698 -0.02213358024 7.05696341642
2024-10-07T07:17:00.000000 5713.272077731 -1853.512813711 2992.417095799 -3.55370718316 0.12473629106 6.83588687619
2024-10-07T07:18:00.000000 5486.659308964 -1841.635912171 3395.122051048 -3.99705483960 0.27100128427 6.58228842488
2024-10-07T07:19:00.000000 5234.005970802 -1821.018714961 3781.665605559 -4.42138209672 0.41596374103 6.29738982092
2024-10-07T07:20:00.000000 4956.514222066 -1791.760120351 4150.210130327 -4.82467456406 0.55893374750 5.98256092998
2024-10-07T07:21:00.000000 4655.503998955 -1754.000093752 4499.004408688 -5.20502190731 0.69923275734 5.63931097171
2024-10-07T07:22:00.000000 4332.406558226 -1707.918926652 4826.391767444 -5.56062509382 0.83619547252 5.26928119317
2024-10-07T07:23:00.000000 3988.757530303 -1653.736345096 5130.817785911 -5.88980527877 0.96917344529 4.87423695569
2024-10-07T07:24:00.000000 3626.189553622 -1591.710396729 5410.837451607 -6.19100838403 1.09753797674 4.45605893735
2024-10-07T07:25:00.000000 3246.424581102 -1522.136208081 5665.121942366 -6.46281353807 1.22068236905 4.01673827483
2024-10-07T07:26:00.000000 2851.265536277 -1445.344542022 5892.464889039 -6.70394306045 1.33802620496 3.55836270973
2024-10-07T07:27:00.000000 2442.587687089 -1361.700152635 6091.787798520 -6.91326411720 1.44901657072 3.08310629068
2024-10-07T07:28:00.000000 2022.329714777 -1271.600118064 6262.145008718 -7.08979672705 1.55312980740 2.59322028891
2024-10-07T07:29:00.000000 1592.484433855 -1175.471933704 6402.727898307 -7.23271665110 1.64987644264 2.09101911303
2024-10-07T07:30:00.000000 1155.089500305 -1073.771350702 6512.868282261 -7.34135264340 1.73880390356 1.57886857225
2024-10-07T07:31:00.000000 712.218206662 -966.980229083 6592.041376960 -7.41518958702 1.81949443911 1.05918173161
2024-10-07T07:32:00.000000 265.969898504 -855.604386706 6639.868319429 -7.45387448516 1.89156787926 0.53440712322
2024-10-07T07:33:00.000000 -181.539773002 -740.171262282 6656.117891863 -7.45721684490 1.95468369776 0.00701595883
2024-10-07T07:34:00.000000 -628.188600370 -621.227526559 6640.707594819 -7.42518848351 2.00854178243 -0.52050706893
2024-10-07T07:35:00.000000 -1071.857558980 -499.336579869 6593.704200935 -7.35792422806 2.05288473607 -1.04567243342
2024-10-07T07:36:00.000000 -1510.440725634 -375.075970852 6515.323684657 -7.25572605730 2.08749855879 -1.56599961445
2024-10-07T07:37:00.000000 -1941.855133859 -249.034748778 6405.930180137 -7.11905576867 2.11221412888 -2.07903091271
2024-10-07T07:38:00.000000 -2364.050323765 -121.810729403 6266.034518131 -6.94853588128 2.12690853461 -2.58233656656
2024-10-07T07:39:00.000000 -2775.017932136 5.992291013 6096.292092714 -6.74494586040 2.13150524899 -3.07352880751
2024-10-07T07:40:00.000000 -3172.801026804 133.767307750 5897.500149830 -6.50922105903 2.12597395405 -3.55026866087
2024-10-07T07:41:00.000000 -3555.503472781 260.906927597 5670.594502228 -6.24245189704 2.11033242155 -4.01027845713
2024-10-07T07:42:00.000000 -3921.299078116 386.806302984 5416.645485181 -5.94587877593 2.08464769296 -4.45135366025
2024-10-07T07:43:00.000000 -4268.440468895 510.866054786 5136.853183589 -5.62088738845 2.04903469874 -4.87137604274
2024-10-07T07:44:00.000000 -4595.267587101 632.495083158 4832.541925007 -5.26900149975 2.00365392853 -5.26832368675
2024-10-07T07:45:00.000000 -4900.215780465 751.113229417 4505.154253921 -4.89187616936 1.94871012334 -5.64027958432
2024-10-07T07:46:00.000000 -5181.823350239 866.154101941 4156.244396483 -4.49128643751 1.88445794979 -5.98543765762
2024-10-07T07:47:00.000000 -5438.738890280 977.068004924 3787.471600860 -4.06913720849 1.81119836033 -6.30210812785
2024-10-07T07:48:00.000000 -5669.728936559 1083.324648990 3400.592068938 -3.62744716189 1.72927748163 -6.58875060117
2024-10-07T07:49:00.000000 -5873.683872753 1184.415842268 2997.450190880 -3.16832640738 1.63908492430 -6.84396486058
2024-10-07T07:50:00.000000 -6049.623475668 1279.857990198 2579.969976395 -2.69397658518 1.54105109898 -7.06650001491
2024-10-07T07:51:00.000000 -6196.702029920 1369.194502052 2150.145704709 -2.20667760948 1.43564499549 -7.25526486375
2024-10-07T07:52:00.000000 -6314.212768317 1451.998054160 1710.032247893 -1.70877937316 1.32337325398 -7.40933268932
2024-10-07T07:53:00.000000 -6401.591638385 1527.872780298 1261.734927762 -1.20268680664 1.20477692466 -7.52794907837
2024-10-07T07:54:00.000000 -6458.420250634 1596.456230230 807.399072058 -0.69084838155 1.08042889713 -7.61053591895
2024-10-07T07:55:00.000000 -6484.428032376 1657.421248115 349.199271919 -0.17573995521 0.95093165582 -7.65669592826
2024-10-07T07:56:00.000000 -6479.493472771 1710.477570507 -110.671422778 0.34014698195 0.81691223256 -7.66621114542
2024-10-07T07:57:00.000000 -6443.644778725 1755.373251971 -570.012320553 0.85431491182 0.67902036404 -7.63904549672
2024-10-07T07:58:00.000000 -6377.059827917 1791.895962395 -1026.626161938 1.36427680471 0.53792630620 -7.57534957508
2024-10-07T07:59:00.000000 -6280.064857099 1819.874041815 -1478.330107547 1.86757484965 0.39431424023 -7.47545165777
2024-10-07T08:00:00.000000 -6153.132664407 1839.177177051 -1922.966354422 2.36178371776 0.24887766878 -7.33985925605
2024-10-07T08:01:00.000000 -5996.880140556 1849.716878851 -2358.412896378 2.84452813446 0.10231719646 -7.16925645727
2024-10-07T08:02:00.000000 -5812.064893778 1851.446890359 -2782.593912647 3.31349483918 -0.04466090677 -6.96449829381
2024-10-07T08:03:00.000000 -5599.581156104 1844.363330115 -3193.489863768 3.76644436596 -0.19135095318 -6.72660409146
2024-10-07T08:04:00.000000 -5360.455139907 1828.504644526 -3589.147157097 4.20121849940 -0.33704777683 -6.45675290937
2024-10-07T08:05:00.000000 -5095.839760484 1803.951428102 -3967.687732605 4.61575533878 -0.48105368971 -6.15628229981
2024-10-07T08:06:00.000000 -4807.008330827 1770.825678276 -4327.318125444 5.00810421719 -0.62268599736 -5.82667067900
2024-10-07T08:07:00.000000 -4495.347880232 1729.290037915 -4666.337482736 5.37642578579 -0.76127243659 -5.46952682549
2024-10-07T08:08:00.000000 -4162.352257633 1679.547025693 -4983.145362167 5.71900065249 -0.89615760454 -5.08658771282
2024-10-07T08:09:00.000000 -3809.614619488 1621.837844798 -5276.249091817 6.03423897166 -1.02670747784 -4.67970616967
2024-10-07T08:10:00.000000 -3438.819573330 1556.441111050 -5544.270364727 6.32068259213 -1.15230914026 -4.25084137740
2024-10-07T08:11:00.000000 -3051.734974177 1483.671457918 -5785.951539362 6.57701773401 -1.27237623295 -3.80205305386
2024-10-07T08:12:00.000000 -2650.203072791 1403.877832237 -6000.160990777 6.80207635257 -1.38635083681 -3.33548052929
2024-10-07T08:13:00.000000 -2236.131885014 1317.441796569 -6185.897835069 6.99483650700 -1.49370467268 -2.85334166878
2024-10-07T08:14:00.000000 -1811.486112129 1224.775595177 -6342.296256041 7.15443064142 -1.59394334169 -2.35791766703
2024-10-07T08:15:00.000000 -1378.277983718 1126.320186529 -6468.628880934 7.28014113667 -1.68660351462 -1.85154202984
2024-10-07T08:16:00.000000 -938.558173309 1022.543356626 -6564.309994026 7.37140738854 -1.77125606176 -1.33660187796
2024-10-07T08:17:00.000000 -494.405998893 913.937376318 -6628.898153096 7.42783375158 -1.84751398792 -0.81551475572
2024-10-07T08:18:00.000000 -47.919809552 801.016574575 -6662.097539100 7.44918099455 -1.91502829559 -0.29071697780
2024-10-07T08:19:00.000000 398.792415528 684.315094780 -6663.759003873 7.43536823509 -1.97348832655 0.23534033220
2024-10-07T08:20:00.000000 843.622594960 564.384481831 -6633.880570140 7.38647169958 -2.02262450105 0.76020386119
2024-10-07T08:21:00.000000 1284.471961675 441.791180974 -6572.607453206 7.30272746202 -2.06221082997 1.28142270783
2024-10-07T08:22:00.000000 1719.260699708 317.113839917 -6480.231367231 7.18452894435 -2.09206565788 1.79656591574
2024-10-07T08:23:00.000000 2145.937265834 190.940741935 -6357.189251535 7.03242720079 -2.11205011567 2.30322545671
2024-10-07T08:24:00.000000 2562.487929516 63.867109952 -6204.061300659 6.84712851620 -2.12207177972 2.79903699750
2024-10-07T08:25:00.000000 2966.945682957 -63.507609732 -6021.568165134 6.62948461597 -2.12208181745 3.28168264666
2024-10-07T08:26:00.000000 3357.399103080 -190.582348294 -5810.568037076 6.38049653798 -2.11207539953 3.74889779478
2024-10-07T08:27:00.000000 3732.001230170 -316.757117649 -5572.053078618 6.10131141578 -2.09209354877 4.19848299754
2024-10-07T08:28:00.000000 4088.978252843 -441.435792511 -5307.145206454 5.79321985473 -2.06222417033 4.62831474347
2024-10-07T08:29:00.000000 4426.637949847 -564.028927524 -5017.091136958 5.45764943282 -2.02260175939 5.03635830568
2024-10-07T08:30:00.000000 4743.377669709 -683.956504390 -4703.256811693 5.09615747115 -1.97340587704 5.42067531734
2024-10-07T08:31:00.000000 5037.691983084 -800.650616339 -4367.121360997 4.71042625621 -1.91486065016 5.77943299113
2024-10-07T08:32:00.000000 5308.179971962 -913.558132792 -4010.270494566 4.30225640428 -1.84723437875 6.11091276223
2024-10-07T08:33:00.000000 5553.552163702 -1022.143327548 -3634.389350975 3.87356047680 -1.77083883528 6.41352086756
2024-10-07T08:34:00.000000 5772.636930440 -1125.890475360 -3241.254735618 3.42635279194 -1.68602881028 6.68579650143
2024-10-07T08:35:00.000000 5964.386363946 -1224.306394667 -2832.726898219 2.96274108654 -1.59320054098 6.92642066157
2024-10-07T08:36:00.000000 6127.881531111 -1316.922844049 -2410.740808614 2.48491538908 -1.49278869126 7.13422230030
2024-10-07T08:37:00.000000 6262.337184699 -1403.298774725 -1977.297129832 1.99514053552 -1.38526492211 7.30818400861
2024-10-07T08:38:00.000000 6367.105946390 -1483.022535084 -1534.452737890 1.49574483759 -1.27113728215 7.44745078138
2024-10-07T08:39:00.000000 6441.681674236 -1555.713973748 -1084.310808424 0.98910596236 -1.15094684298 7.55133458436
2024-10-07T08:40:00.000000 6485.702124323 -1621.026283564 -629.010723847 0.47764106766 -1.02526372417 7.61931735583
2024-10-07T08:41:00.000000 6498.950960072 -1678.647713246 -170.717754429 -0.03620541410 -0.89468607625 7.65105464733
2024-10-07T08:42:00.000000 6481.359026108 -1728.303177386 288.387456947 -0.54997427281 -0.75983739393 7.64637897265
2024-10-07T08:43:00.000000 6433.004822976 -1769.755675569 746.119546831 -1.06120470225 -0.62136308229 7.60530050371
2024-10-07T08:44:00.000000 6354.114250363 -1802.807499880 1200.299123719 -1.56744654651 -0.47992683369 7.52800829001
2024-10-07T08:45:00.000000 6245.059546952 -1827.301191505 1648.763489127 -2.06627417677 -0.33620569975 7.41486932860
2024-10-07T08:46:00.000000 6106.357417709 -1843.120212386 2089.377230990 -2.55529998875 -0.19088624812 7.26642536234
2024-10-07T08:47:00.000000 5938.666390033 -1850.189456937 2520.042543091 -3.03218565140 -0.04466279281 7.08338739727
2024-10-07T08:48:00.000000 5742.783606350 -1848.475673731 2938.709285344 -3.49465036285 0.10176436695 6.86663347445
2024-10-07T08:49:00.000000 5519.641025272 -1837.987670052 3343.385047117 -3.94048404636 0.24769480594 6.61720926817
2024-10-07T08:50:00.000000 5270.300651599 -1818.776149642 3732.144980727 -4.36756434705 0.39243287811 6.33631896835
2024-10-07T08:51:00.000000 4995.948962833 -1790.933340090 4103.140909478 -4.77386509943 0.53529052136 6.02531256492
2024-10-07T08:52:00.000000 4697.891009546 -1754.592466415 4454.609867158 -5.15746106450 0.67558963057 5.68567967941
2024-10-07T08:53:00.000000 4377.544118844 -1709.927070105 4784.882342975 -5.51653678414 0.81266498736 5.31904455057
2024-10-07T08:54:00.000000 4036.431048581 -1657.150144955 5092.390069852 -5.84939379647 0.94586702493 4.92715654636
2024-10-07T08:55:00.000000 3676.172761696 -1596.513128382 5375.673448118 -6.15446065922 1.07456488789 4.51188742556
2024-10-07T08:56:00.000000 3298.480371889 -1528.304614582 5633.388364713 -6.43030218592 1.19815071905 4.07521231400
2024-10-07T08:57:00.000000 2905.147021464 -1452.848979624 5864.312254168 -6.67562222179 1.31604049853 3.61920645258
2024-10-07T08:58:00.000000 2498.039237358 -1370.504828405 6067.349710642 -6.88927061512 1.42767773517 3.14603154370
2024-10-07T08:59:00.000000 2079.088125646 -1281.663214798 6241.537376418 -7.07024526288 1.53253793942 2.65792582275
2024-10-07T09:00:00.000000 1650.280380789 -1186.745657201 6386.048289268 -7.21769647390 1.63013014130 2.15719601194
2024-10-07T09:01:00.000000 1213.648961074 -1086.202138120 6500.195642819 -7.33093227526 1.71999649094 1.64620494318
2024-10-07T09:02:00.000000 771.263606243 -980.509079510 6583.435784348 -7.40941840490 1.80171404846 1.12736026808
2024-10-07T09:03:00.000000 325.221338242 -870.167144553 6635.370693354 -7.45278078960 1.87489834422 0.60310707977
2024-10-07T09:04:00.000000 -122.363280429 -755.698871683 6655.749802545 -7.46080811833 1.93920428258 0.07591300024
2024-10-07T09:05:00.000000 -569.367814849 -637.646330369 6644.471098724 -7.43344982776 1.99432662458 -0.45173860033
2024-10-07T09:06:00.000000 -1013.671714414 -516.568636077 6601.581812867 -7.37081976119 2.04000241631 -0.97735842999
2024-10-07T09:07:00.000000 -1453.166207654 -393.039414805 6527.278365868 -7.27319624915 2.07601102057 -1.49846493135
2024-10-07T09:08:00.000000 -1885.764101153 -267.644201519 6421.905550631 -7.14101981712 2.10217668210 -2.01259584364
2024-10-07T09:09:00.000000 -2309.409425319 -140.977713397 6285.955082294 -6.97489059844 2.11836887745 -2.51731725212
2024-10-07T09:10:00.000000 -2722.086973027 -13.641131756 6120.063637528 -6.77556694331 2.12450292483 -3.01023225466
2024-10-07T09:11:00.000000 -3121.831854703 113.760715863 5925.010346540 -6.54396801095 2.12054246040 -3.48899276548
2024-10-07T09:12:00.000000 -3506.738973616 240.622276526 5701.713299484 -6.28116600894 2.10649922967 -3.95131611167
2024-10-07T09:13:00.000000 -3874.972001277 366.340105481 5451.225404570 -5.98838011625 2.08243166543 -4.39499242743
2024-10-07T09:14:00.000000 -4224.772076927 490.315667927 5174.729799269 -5.66697321889 2.04844518331 -4.81789228937
2024-10-07T09:15:00.000000 -4554.466313058 611.958147434 4873.534710075 -5.31844735263 2.00469130809 -5.21797633512
2024-10-07T09:16:00.000000 -4862.476120133 730.687237161 4549.067833434 -4.94444373400 1.95136984043 -5.59330479270
2024-10-07T09:17:00.000000 -5147.325303460 845.936161651 4202.869754098 -4.54673136762 1.88873135064 -5.94205628304
2024-10-07T09:18:00.000000 -5407.647437583 957.154486773 3836.586634719 -4.12720020023 1.81706862948 -6.26253462158
2024-10-07T09:19:00.000000 -5642.192883756 1063.810582816 3451.962362963 -3.68785007495 1.73671674397 -6.55317958369
2024-10-07T09:20:00.000000 -5849.834946736 1165.394293717 3050.830243904 -3.23077824260 1.64805631738 -6.81257139707
2024-10-07T09:21:00.000000 -6029.575583439 1261.419643853 2635.104403733 -2.75817455586 1.55151208611 -7.03943793844
2024-10-07T09:22:00.000000 -6180.550655342 1351.427272429 2206.770590703 -2.27231121420 1.44754560170 -7.23266528506
2024-10-07T09:23:00.000000 -6302.034546053 1434.986623057 1767.876406162 -1.77553078764 1.33665569235 -7.39130654772
2024-10-07T09:24:00.000000 -6393.443948644 1511.698154751 1320.521143189 -1.27023156480 1.21937674483 -7.51458643873
2024-10-07T09:25:00.000000 -6454.340744038 1581.195351921 866.845459871 -0.75885412111 1.09627475511 -7.60190101929
2024-10-07T09:26:00.000000 -6484.434406422 1643.146559508 409.020968248 -0.24387548786 0.96794545368 -7.65282449908
2024-10-07T09:27:00.000000 -6483.583687033 1697.256711075 -50.760741448 0.27220897145 0.83501203473 -7.66711701713
2024-10-07T09:28:00.000000 -6451.797172953 1743.268798494 -510.299169650 0.78690139649 0.69811896454 -7.64472064669
2024-10-07T09:29:00.000000 -6389.233160622 1780.965025206 -967.395855292 1.29771273695 0.55792835650 -7.58576185760
2024-10-07T09:30:00.000000 -6296.198562625 1810.167807144 -1419.865325731 1.80217919289 0.41511852619 -7.49054577722
2024-10-07T09:31:00.000000 -6173.147215072 1830.740708355 -1865.545768995 2.29786940309 0.27038190598 -7.35955668077
2024-10-07T09:32:00.000000 -6020.677461737 1842.589087445 -2302.309795188 2.78240026712 0.12441800429 -7.19345662922
2024-10-07T09:33:00.000000 -5839.528870444 1845.660390454 -2728.074886793 3.25344905979 -0.02206970997 -6.99307827308
2024-10-07T09:34:00.000000 -5630.578316417 1839.944370445 -3140.813509725 3.70876360150 -0.16837514521 -6.75942141613
2024-10-07T09:35:00.000000 -5394.835349955 1825.473078550 -3538.563019757 4.14617569251 -0.31379554287 -6.49364781380
2024-10-07T09:36:00.000000 -5133.436822927 1802.320520463 -3919.435123433 4.56361191323 -0.45763555279 -6.19707286264
2024-10-07T09:37:00.000000 -4847.640850455 1770.602122939 -4281.624840188 4.95910537528 -0.59921047946 -5.87115614531
2024-10-07T09:38:00.000000 -4538.820195506 1730.473994050 -4623.418784591 5.33080181143 -0.73784937146 -5.51748987148
2024-10-07T09:39:00.000000 -4208.455392242 1682.132028686 -4943.202948404 5.67696463666 -0.87289743142 -5.13779373417
2024-10-07T09:40:00.000000 -3858.127371728 1625.810831682 -5239.470125558 5.99598518385 -1.00371974772 -4.73390579405
2024-10-07T09:41:00.000000 -3489.509640869 1561.782457631 -5510.826658892 6.28638692636 -1.12970287395 -4.30777206136
2024-10-07T09:42:00.000000 -3104.360131944 1490.355091660 -5755.998743029 6.54683402605 -1.25025674333 -3.86143973970
2024-10-07T09:43:00.000000 -2704.512511483 1411.871469144 -5973.838088225 6.77613834653 -1.36482065811 -3.39704280727
2024-10-07T09:44:00.000000 -2291.867280580 1326.707020149 -6163.326690021 6.97326024509 -1.47286521794 -2.91678855980
2024-10-07T09:45:00.000000 -1868.382817051 1235.268019754 -6323.580975394 7.13731040197 -1.57389198438 -2.42294926246
2024-10-07T09:46:00.000000 -1436.066313786 1137.989694356 -6453.855460252 7.26755176522 -1.66743422446 -1.91785447564
2024-10-07T09:47:00.000000 -996.964484193 1035.334297410 -6553.545935187 7.36340454283 -1.75305863084 -1.40388217376
2024-10-07T09:48:00.000000 -553.154022088 927.788895874 -6622.192051309 7.42444989339 -1.83037249362 -0.88344682237
2024-10-07T09:49:00.000000 -106.731956750 815.862899417 -6659.478971268 7.45042767160 -1.89902251983 -0.35898293698
2024-10-07T09:50:00.000000 340.193790304 700.085815941 -6665.238402324 7.44123499409 -1.95869276878 0.16706062878
2024-10-07T09:51:00.000000 785.513804692 581.004894930 -6639.449272193 7.39692617637 -2.00910810976 0.69222570460
2024-10-07T09:52:00.000000 1227.126879797 459.182603940 -6582.237937197 7.31771973466 -2.05003683920 1.21406036503
2024-10-07T09:53:00.000000 1662.949576743 335.193990224 -6493.877345788 7.20398898408 -2.08129124708 1.73012993917
2024-10-07T09:54:00.000000 2090.925632545 209.624053073 -6374.785846352 7.05626686208 -2.10272710853 2.23802592224
2024-10-07T09:55:00.000000 2509.035345178 83.065165201 -6225.525091019 6.87523697703 -2.11424309119 2.73538039284
2024-10-07T09:56:00.000000 2915.304451025 -43.885562655 -6046.797590096 6.66173111240 -2.11578278493 3.21986704559
2024-10-07T09:57:00.000000 3307.813100988 -170.628981375 -5839.443943044 6.41673147748 -2.10733469699 3.68921102287
2024-10-07T09:58:00.000000 3684.704904625 -296.566646357 -5604.439349751 6.14137026054 -2.08893412920 4.14120355096
2024-10-07T09:59:00.000000 4044.195658274 -421.103627345 -5342.889202420 5.83691987723 -2.06066260847 4.57371457050
2024-10-07T10:00:00.000000 4384.581575596 -543.651251452 -5056.024210890 5.50478818668 -2.02264719452 4.98469825627
2024-10-07T10:01:00.000000 4704.247328621 -663.629824453 -4745.195044181 5.14651492533 -1.97505991402 5.37220388282
2024-10-07T10:02:00.000000 5001.673721907 -780.471288249 -4411.866329451 4.76376378567 -1.91811648516 5.73438382390
2024-10-07T10:03:00.000000 5275.445108589 -893.621847158 -4057.610314632 4.35832251489 -1.85207672696 6.06950153067
2024-10-07T10:04:00.000000 5524.256559645 -1002.544641372 -3684.099690836 3.93209136111 -1.77724588729 6.37594658225
2024-10-07T10:05:00.000000 5746.920201316 -1106.722501195 -3293.099796656 3.48706984429 -1.69397339730 6.65224251782
2024-10-07T10:06:00.000000 5942.370951058 -1205.660270891 -2886.460458357 3.02535194593 -1.60264352547 6.89704978323
2024-10-07T10:07:00.000000 6109.672153774 -1298.887079178 -2466.107586959 2.54912236427 -1.50368281521 7.10917405257
2024-10-07T10:08:00.000000 6248.020517767 -1385.958943576 -2034.034101030 2.06063889478 -1.39755986102 7.28757726936
2024-10-07T10:09:00.000000 6356.750101373 -1466.461023845 -1592.290407036 1.56222161324 -1.28477614611 7.43138138939
2024-10-07T10:10:00.000000 6435.335982959 -1540.009528003 -1142.974650661 1.05624905491 -1.16586578142 7.53987563583
2024-10-07T10:11:00.000000 6483.397179056 -1606.253671059 -688.222334734 0.54513677876 -1.04139394245 7.61252527997
2024-10-07T10:12:00.000000 6500.698377963 -1664.877390412 -230.195904797 0.03132416274 -0.91195246646 7.64896639101
2024-10-07T10:13:00.000000 6487.151191030 -1715.600907075 228.925532559 -0.48273261612 -0.77815871934 7.64900842774
2024-10-07T10:14:00.000000 6442.814805138 -1758.182166611 686.956742556 -0.99457265958 -0.64065206132 7.61263820201
2024-10-07T10:15:00.000000 6367.895857637 -1792.418035857 1141.717056431 -1.50174413425 -0.50008997937 7.54002081650
2024-10-07T10:16:00.000000 6262.747519136 -1818.145301655 1591.041020665 -2.00181630085 -0.35714516161 7.43149844242
2024-10-07T10:17:00.000000 6127.867823434 -1835.241480936 2032.789038867 -2.49239393805 -0.21250190726 7.28759016080
2024-10-07T10:18:00.000000 5963.897131242 -1843.625404163 2464.857813774 -2.97112927358 -0.06685247588 7.10898629345
2024-10-07T10:19:00.000000 5771.614986441 -1843.257590341 2885.190584066 -3.43573333215 0.07910634611 6.89654736926
2024-10-07T10:20:00.000000 5551.936117543 -1834.140392499 3291.787168215 -3.88399074495 0.22467777211 6.65129706864
2024-10-07T10:21:00.000000 5305.905783001 -1816.317887143 3682.713480365 -4.31376693669 0.36916786425 6.37441430848
2024-10-07T10:22:00.000000 5034.694636972 -1789.875665892 4056.110753357 -4.72301888606 0.51188745807 6.06722971979
2024-10-07T10:23:00.000000 4739.592893464 -1754.940387796 4410.204407331 -5.10980579764 0.65215775264 5.73121756363
2024-10-07T10:24:00.000000 4422.003917985 -1711.679030724 4743.312381010 -5.47229770307 0.78931375702 5.36798575095
2024-10-07T10:25:00.000000 4083.437404214 -1660.298026674 5053.852916658 -5.80878193876 0.92270598711 4.97926861788
2024-10-07T10:26:00.000000 3725.502119416 -1601.042216694 5340.351881157 -6.11766919528 1.05170352713 4.56691883070
2024-10-07T10:27:00.000000 3349.898184219 -1534.193726836 5601.449741234 -6.39750645978 1.17569601256 4.13290009375
2024-10-07T10:28:00.000000 2958.408820800 -1460.070453029 5835.907637757 -6.64697509385 1.29410132091 3.67927211793
2024-10-07T10:29:00.000000 2552.892091456 -1379.024483386 6042.613267732 -6.86490261568 1.40636184493 3.20819021009
2024-10-07T10:30:00.000000 2135.271859351 -1291.440528243 6220.585967401 -7.05026775423 1.51194862228 2.72188569235
2024-10-07T10:31:00.000000 1707.528654336 -1197.734077621 6368.981026618 -7.20220340179 1.61036512448 2.22265686574
2024-10-07T10:32:00.000000 1271.690386738 -1098.349382343 6487.093358973 -7.31999743016 1.70114932153 1.71285798624
2024-10-07T10:33:00.000000 829.823026138 -993.757381382 6574.360595428 -7.40309374679 1.78387362874 1.19489103526
2024-10-07T10:34:00.000000 384.021081554 -884.453571641 6630.365715443 -7.45109807474 1.85814804064 0.67119635527
2024-10-07T10:35:00.000000 -63.602117585 -770.955640664 6654.838882176 -7.46377662968 1.92362258962 0.14423849561
2024-10-07T10:36:00.000000 -510.924056181 -653.801092032 6647.658711966 -7.44105781990 1.97998695448 -0.38350030236
2024-10-07T10:37:00.000000 -955.822850502 -533.544816734 6608.852980716 -7.38303408253 2.02697221821 -0.90953245990
2024-10-07T10:38:00.000000 -1396.187047977 -410.756550127 6538.598610572 -7.28996085185 2.06435271378 -1.43137563965
2024-10-07T10:39:00.000000 -1829.925405741 -286.018260404 6437.220994999 -7.16225557223 2.09194623151 -1.94656502183
2024-10-07T10:40:00.000000 -2254.976511755 -159.921526440 6305.192732626 -7.00049561610 2.10961514336 -2.45265933083
2024-10-07T10:41:00.000000 -2669.318498182 -33.064774912 6143.131908729 -6.80542177450 2.11726900821 -2.94725376587
2024-10-07T10:42:00.000000 -3070.978704765 93.949543739 5951.799361504 -6.57793195190 2.11486386815 -3.42799605933
2024-10-07T10:43:00.000000 -3458.042916307 220.517737366 5732.095349190 -6.31907643323 2.10240280306 -3.89259238661
2024-10-07T10:44:00.000000 -3828.664500648 346.037765661 5485.055705730 -6.03005687275 2.07993748459 -4.33881991888
2024-10-07T10:45:00.000000 -4181.073292564 469.912059611 5211.847234881 -5.71221975698 2.04756501476 -4.76453663836
2024-10-07T10:46:00.000000 -4513.584202074 591.550281728 4913.762631416 -5.36705379274 2.00542981066 -5.16769051027
2024-10-07T10:47:00.000000 -4824.605610698 710.372212767 4592.214652964 -4.99618454824 1.95372492520 -5.54633460260
2024-10-07T10:48:00.000000 -5112.647103965 825.810620734 4248.729414128 -4.60135786398 1.89268907379 -5.89863543818
2024-10-07T10:49:00.000000 -5376.326825312 937.313969429 3884.939765713 -4.18444859334 1.82260807681 -6.22287299490
2024-10-07T10:50:00.000000 -5614.378983819 1044.349264389 3502.577533796 -3.74744434591 1.74381219813 -6.51747068060
2024-10-07T10:51:00.000000 -5825.659826450 1146.404586193 3103.465043323 -3.29242795636 1.65667545800 -6.78098605072
2024-10-07T10:52:00.000000 -6009.153729111 1242.991812042 2689.506746081 -2.82158354771 1.56161454845 -7.01212934682
2024-10-07T10:53:00.000000 -6163.978488348 1333.648877605 2262.679735712 -2.33717340464 1.45908218624 -7.20976748537
2024-10-07T10:54:00.000000 -6289.389876272 1417.942047761 1825.024248286 -1.84153192295 1.34956961130 -7.37293129078
2024-10-07T10:55:00.000000 -6384.785466061 1495.468117637 1378.633576751 -1.33704947336 1.23360254183 -7.50082101544
2024-10-07T10:56:00.000000 -6449.707748266 1565.856432857 925.643905822 -0.82616524606 1.11174062872 -7.59280775086
2024-10-07T10:57:00.000000 -6483.846802752 1628.770941581 468.223773772 -0.31135657742 0.98457687294 -7.64844445736
2024-10-07T10:58:00.000000 -6487.041856377 1683.911943467 8.562905716 0.20488592528 0.85272808019 -7.66747019025
2024-10-07T10:59:00.000000 -6459.281745994 1731.017342539 -451.138614824 0.72006565302 0.71683166356 -7.64980047449
2024-10-07T11:00:00.000000 -6400.705133794 1769.863973848 -908.681119371 1.23168842447 0.57754728763 -7.59553521332
2024-10-07T11:01:00.000000 -6311.599738318 1800.268767452 -1361.876483633 1.73728215029 0.43555082479 -7.50495817455
2024-10-07T11:02:00.000000 -6192.400647074 1822.089578500 -1808.559032442 2.23440895349 0.29152992798 -7.37853358002
2024-10-07T11:03:00.000000 -6043.687845548 1835.225789258 -2246.596244254 2.72067854044 0.14618074539 -7.21690135762
2024-10-07T11:04:00.000000 -5866.183047183 1839.618729716 -2673.899191123 3.19375938496 0.00020465587 -7.02087437683
2024-10-07T11:05:00.000000 -5660.745731706 1835.251855782 -3088.432733616 3.65139219114 -0.14569610326 -6.79143099412
2024-10-07T11:06:00.000000 -5428.368598852 1822.150704677 -3488.225258082 4.09139739712 -0.29082171674 -6.52971013207
2024-10-07T11:07:00.000000 -5170.172408033 1800.382629087 -3871.378172243 4.51168777920 -0.43447867555 -6.23700528990
2024-10-07T11:08:00.000000 -4887.400150420 1770.056332405 -4236.074917796 4.91027763966 -0.57598259991 -5.91475637559
2024-10-07T11:09:00.000000 -4581.410657639 1731.321227796 -4580.589551914 5.28529324353 -0.71466149584 -5.56454244696
2024-10-07T11:10:00.000000 -4253.671573291 1684.366594558 -4903.294776070 5.63498247389 -0.84985895733 -5.18807067860
2024-10-07T11:11:00.000000 -3905.751859557 1629.420545118 -5202.669306218 5.95772122271 -0.98093752968 -4.78716599774
2024-10-07T11:12:00.000000 -3539.313971135 1566.748808552 -5477.304615420 6.25201760288 -1.10728105706 -4.36376087680
2024-10-07T11:13:00.000000 -3156.105698297 1496.653347219 -5725.911157382 6.51652052855 -1.22829907922 -3.91988569525
2024-10-07T11:14:00.000000 -2757.951781432 1419.470701708 -5947.323814255 6.75001520872 -1.34342888364 -3.45765930889
2024-10-07T11:15:00.000000 -2346.745397885 1335.570359257 -6140.507311807 6.95143878844 -1.45213594701 -2.97928682802
2024-10-07T11:16:00.000000 -1924.438809283 1245.352893352 -6304.560638881 7.11988335758 -1.55391879955 -2.48703666014
2024-10-07T11:17:00.000000 -1493.034141675 1149.247974890 -6438.720606487 7.25459541971 -1.64830917006 -1.98323245934
2024-10-07T11:18:00.000000 -1054.574162190 1047.712367855 -6542.364824346 7.35497315033 -1.73487210985 -1.47024442535
2024-10-07T11:19:00.000000 -611.132930851 941.227844431 -6615.014472404 7.42057757752 -1.81321015037 -0.95048371253
2024-10-07T11:20:00.000000 -164.806033247 830.298849780 -6656.336021080 7.45112806638 -1.88296450768 -0.42638108832
2024-10-07T11:21:00.000000 282.298719293 715.450207339 -6666.142339495 7.44649823714 -1.94381495800 0.09961417412
2024-10-07T11:22:00.000000 728.070780766 597.224773426 -6644.393683815 7.40672504672 -1.99548095971 0.62504173502
2024-10-07T11:23:00.000000 1170.406717379 476.180958778 -6591.197710072 7.33200663073 -2.03772505592 1.14745074835
2024-10-07T11:24:00.000000 1607.219642597 352.890119983 -6506.808707997 7.22269680988 -2.07035289203 1.66440487168
2024-10-07T11:25:00.000000 2036.448630704 227.933998921 -6391.626482535 7.07930678391 -2.09321283659 2.17349242092
2024-10-07T11:26:00.000000 2456.068018213 101.902130886 -6246.194499902 6.90250004525 -2.10619672392 2.67233723473
2024-10-07T11:27:00.000000 2864.096507742 -24.610797544 -6071.197563153 6.69309166753 -2.10924163728 3.15860628064
2024-10-07T11:28:00.000000 3258.606151315 -151.007723019 -5867.458932142 6.45204508662 -2.10233087604 3.63001819105
2024-10-07T11:29:00.000000 3637.731347453 -276.691907665 -5635.936914186 6.18047458554 -2.08549185605 4.08435617304
2024-10-07T11:30:00.000000 3999.677608061 -401.069582156 -5377.720480495 5.87963386226 -2.05879616194 4.51948214294
2024-10-07T11:31:00.000000 4342.729686980 -523.552629338 -5094.024559909 5.55091165955 -2.02236117035 4.93333604860
2024-10-07T11:32:00.000000 4665.259835769 -643.561403798 -4786.185028385 5.19583504412 -1.97635183794 5.32394993291
2024-10-07T11:33:00.000000 4965.735797850 -760.527564280 -4455.652637921 4.81605758150 -1.92097957789 5.68946408477
2024-10-07T11:34:00.000000 5242.728067705 -873.896751698 -4103.986344610 4.41335002657 -1.85649875662 6.02813196926
2024-10-07T11:35:00.000000 5494.916789951 -983.131172802 -3732.846327676 3.98959541507 -1.78320720793 6.33832781842
2024-10-07T11:36:00.000000 5721.098269653 -1087.712174952 -3343.986465250 3.54678167781 -1.70144494488 6.61855530373
2024-10-07T11:37:00.000000 5920.191066335 -1187.142751331 -2939.246314909 3.08699444692 -1.61159324966 6.86745662092
2024-10-07T11:38:00.000000 6091.241493913 -1280.949964809 -2520.542498502 2.61240434716 -1.51407281090 7.08382160230
2024-10-07T11:39:00.000000 6233.428426860 -1368.687255891 -2089.859722174 2.12525851673 -1.40934197653 7.26659197325
2024-10-07T11:40:00.000000 6346.067649316 -1449.936657272 -1649.241414753 1.62787111156 -1.29789494273 7.41487008846
2024-10-07T11:41:00.000000 6428.615455770 -1524.310861301 -1200.779914654 1.12260966520 -1.18025960478 7.52792363059
2024-10-07T11:42:00.000000 6480.671531000 -1591.455209721 -746.606499132 0.61188578906 -1.05699527472 7.60518754349
2024-10-07T11:43:00.000000 6501.981361840 -1651.049449169 -288.881024884 0.09814284702 -0.92868934236 7.64627587736
2024-10-07T11:44:00.000000 6492.437443170 -1702.809289378 170.218719981 -0.41616159615 -0.79595217717 7.65097624028
2024-10-07T11:45:00.000000 6452.079994962 -1746.487748476 628.507600525 -0.92856508748 -0.65941753269 7.61925623934
2024-10-07T11:46:00.000000 6381.096721189 -1781.876503162 1083.803780350 -1.43661443954 -0.51973898911 7.55125785827
2024-10-07T11:47:00.000000 6279.822083109 -1808.806914152 1533.939312595 -1.93787437003 -0.37758498676 7.44730356903
2024-10-07T11:48:00.000000 6148.735557319 -1827.150756188 1976.770900892 -2.42994749703 -0.23363416900 7.30788971661
2024-10-07T11:49:00.000000 5988.459266795 -1836.820867661 2410.190115813 -2.91047846548 -0.08857615996 7.13368338713
2024-10-07T11:50:00.000000 5799.754967407 -1837.771647227 2832.133698776 -3.37717045343 0.05689417468 6.92552211066
2024-10-07T11:51:00.000000 5583.520201137 -1829.999240899 3240.593599495 -3.82779558773 0.20208103905 6.68440776099
2024-10-07T11:52:00.000000 5340.783837229 -1813.541412022 3633.626706202 -4.26020683441 0.34629357744 6.41150200002
2024-10-07T11:53:00.000000 5072.700832473 -1788.477217442 4009.364141549 -4.67234898414 0.48884603911 6.10811624227
2024-10-07T11:54:00.000000 4780.546529465 -1754.926678866 4366.020055167 -5.06226615741 0.62905937837 5.77570529510
2024-10-07T11:55:00.000000 4465.710356109 -1713.050165957 4701.900017055 -5.42811365890 0.76626964495 5.41585999074
2024-10-07T11:56:00.000000 4129.689057372 -1663.047360355 5015.408832488 -5.76815772729 0.89982838972 5.03029824192
2024-10-07T11:57:00.000000 3774.079665292 -1605.156479208 5305.058278685 -6.08079394988 1.02910190674 4.62086366892
2024-10-07T11:58:00.000000 3400.571459212 -1539.653059277 5569.473946236 -6.36455105814 1.15347985389 4.18950585920
2024-10-07T11:59:00.000000 3010.937898896 -1466.848552015 5807.401433054 -6.61809489601 1.27237594958 3.73827385148
2024-10-07T12:00:00.000000 2607.028258297 -1387.088796077 6017.712125903 -6.84023469511 1.38523039185 3.26931024517
2024-10-07T12:01:00.000000 2190.758675758 -1300.752407614 6199.408375842 -7.02993222478 1.49151072705 2.78483471783
2024-10-07T12:02:00.000000 1764.103119813 -1208.249039179 6351.627786111 -7.18629858212 1.59071576124 2.28713570491
2024-10-07T12:03:00.000000 1329.084248417 -1110.017358477 6473.647092770 -7.30860001523 1.68237983703 1.77855994248
2024-10-07T12:04:00.000000 887.764073794 -1006.522920679 6564.885325621 -7.39625905376 1.76607204856 1.26150288466
2024-10-07T12:05:00.000000 442.234456763 -898.256059619 6624.906506035 -7.44885874696 1.84139818457 0.73840010600
2024-10-07T12:06:00.000000 -5.392582179 -785.729596864 6653.421673515 -7.46614411470 1.90800270340 0.21171466861
2024-10-07T12:07:00.000000 -452.994588191 -669.476523103 6650.290215634 -7.44802247499 1.96556923468 -0.31607313658
2024-10-07T12:08:00.000000 -898.448434434 -550.047570387 6615.520594023 -7.39456410173 2.01382308235 -0.84247624213
2024-10-07T12:09:00.000000 -1339.640097356 -428.008692236 6549.270439324 -7.30600205368 2.05253146428 -1.36501092375
2024-10-07T12:10:00.000000 -1774.474449132 -303.938480398 6451.846093472 -7.18273362052 2.08150718567 -1.88120628333
2024-10-07T12:11:00.000000 -2200.885034410 -178.425317773 6323.701339241 -7.02531575737 2.10060987644 -2.38861992924
2024-10-07T12:12:00.000000 -2616.843590201 -52.064745800 6165.435547160 -6.83446568914 2.10974156489 -2.88484298432
2024-10-07T12:13:00.000000 -3020.369686033 74.543174800 5977.791268785 -6.61105933336 2.10885019047 -3.36751332773
2024-10-07T12:14:00.000000 -3409.540148689 200.796726722 5761.651168923 -6.35612986631 2.09793274752 -3.83432531194
2024-10-07T12:15:00.000000 -3782.498392950 326.095409113 5518.034083562 -6.07086142456 2.07703219261 -4.28304723430
2024-10-07T12:16:00.000000 -4137.463217471 449.842704773 5248.090402938 -5.75658251650 2.04623889388 -4.71152708968
2024-10-07T12:17:00.000000 -4472.737367783 571.448931222 4953.096982130 -5.41476183637 2.00568992351 -5.11770265543
2024-10-07T12:18:00.000000 -4786.715830353 690.334039452 4634.451537724 -5.04700514629 1.95556978879 -5.49960934399
2024-10-07T12:19:00.000000 -5077.893914717 805.930505941 4293.666371481 -4.65504894542 1.89611111799 -5.85539451296
2024-10-07T12:20:00.000000 -5344.874800491 917.686134470 3932.361354727 -4.24075154438 1.82759204823 -6.18332614574
2024-10-07T12:21:00.000000 -5586.376697344 1025.066773825 3552.256402804 -3.80608740086 1.75033541895 -6.48180411318
2024-10-07T12:22:00.000000 -5801.239445616 1127.558894876 3155.163177674 -3.35313421692 1.66470572671 -6.74937115078
2024-10-07T12:23:00.000000 -5988.430390924 1224.672112286 2742.976364331 -2.88406306835 1.57110991000 -6.98471860610
2024-10-07T12:24:00.000000 -6147.049638289 1315.941664918 2317.664476648 -2.40112568468 1.46999447287 -7.18669455142
2024-10-07T12:25:00.000000 -6276.334613478 1400.930751658 1881.260431315 -1.90664735642 1.36184541243 -7.35430566862
2024-10-07T12:26:00.000000 -6375.664231609 1479.232882760 1435.851637567 -1.40301604382 1.24718574161 -7.48673069833
2024-10-07T12:27:00.000000 -6444.562101782 1550.473867651 983.569486905 -0.89266406111 1.12656834661 -7.58332430201
2024-10-07T12:28:00.000000 -6482.698853395 1614.313547365 526.578930496 -0.37805965988 1.00057521483 -7.64361373037
2024-10-07T12:29:00.000000 -6489.894079570 1670.447612522 67.067842145 0.13830350029 0.86981877996 -7.66730918064
2024-10-07T12:30:00.000000 -6466.117262065 1718.609232517 -392.764093532 0.65392567790 0.73493439694 -7.65430663348
2024-10-07T12:31:00.000000 -6411.487680925 1758.570218513 -850.716382374 1.16631395597 0.59657474261 -7.60468174149
2024-10-07T12:32:00.000000 -6326.273877949 1790.142140974 -1304.598515922 1.67298902704 0.45541233696 -7.51869363385
2024-10-07T12:33:00.000000 -6210.892158915 1813.177314913 -1752.241083094 2.17150748572 0.31213100590 -7.39678448910
2024-10-07T12:34:00.000000 -6065.904125204 1827.569314907 -2191.506451086 2.65947061291 0.16742264752 -7.23957104790
2024-10-07T12:35:00.000000 -5892.013674370 1833.253484045 -2620.299208676 3.13453631998 0.02198682966 -7.04784317355
2024-10-07T12:36:00.000000 -5690.063285032 1830.207192856 -3036.576438268 3.59442931648 -0.12347617557 -6.82256111503
2024-10-07T12:37:00.000000 -5461.029449510 1818.449742317 -3438.357808104 4.03696040098 -0.26826934221 -6.56484736900
2024-10-07T12:38:00.000000 -5206.017337498 1798.042120234 -3823.734866983 4.46002983978 -0.41170038592 -6.27597584211
2024-10-07T12:39:00.000000 -4926.255156276 1769.086623642 -4190.880132180 4.86163867821 -0.55308544246 -5.95737000997
2024-10-07T12:40:00.000000 -4623.087731588 1731.726227015 -4538.055731869 5.23989973907 -0.69175309470 -5.61059169039
2024-10-07T12:41:00.000000 -4297.969604767 1686.143717893 -4863.621425162 5.59304418689 -0.82704804912 -5.23733207120
2024-10-07T12:42:00.000000 -3952.457657902 1632.560664265 -5166.042106378 5.91943143113 -0.95833349382 -4.83940199814
2024-10-07T12:43:00.000000 -3588.203263156 1571.236221830 -5443.894525348 6.21755194911 -1.08499368756 -4.41871836660
2024-10-07T12:44:00.000000 -3206.944319547 1502.465790399 -5695.873527891 6.48603220571 -1.20643617098 -3.97729891593
2024-10-07T12:45:00.000000 -2810.496955356 1426.579607731 -5920.797861315 6.72363968881 -1.32209330592 -3.51725533157
2024-10-07T12:46:00.000000 -2400.746760723 1343.941093114 -6117.615507141 6.92929211275 -1.43142660145 -3.04078117831
2024-10-07T12:47:00.000000 -1979.639673560 1254.945032011 -6285.408230667 7.10206112110 -1.53393027306 -2.55014009335
2024-10-07T12:48:00.000000 -1549.172680287 1160.015489380 -6423.395308492 7.24117254769 -1.62913345751 -2.04765030292
2024-10-07T12:49:00.000000 -1111.384609414 1059.603834417 -6530.936631147 7.34600732511 -1.71659711494 -1.53567993372
2024-10-07T12:50:00.000000 -668.346598916 954.186672378 -6607.535365250 7.41610731246 -1.79592021690 -1.01663346163
2024-10-07T12:51:00.000000 -222.152597227 844.263488420 -6652.839678339 7.45116935210 -1.86674054784 -0.49293945004
2024-10-07T12:52:00.000000 225.089961991 730.354387975 -6666.644150405 7.45104879968 -1.92873313504 0.03295183930
2024-10-07T12:53:00.000000 671.269869562 612.997801781 -6648.890638447 7.41576398476 -1.98161260358 0.55858431888
2024-10-07T12:54:00.000000 1114.281775171 492.748053346 -6599.668230171 7.34549121193 -2.02513461137 1.08150727822
2024-10-07T12:55:00.000000 1552.035624543 370.172866030 -6519.212749828 7.24056419734 -2.05909718649 1.59928167184
2024-10-07T12:56:00.000000 1982.466118341 245.850764416 -6407.905758928 7.10147420688 -2.08334267365 2.10949083379
2024-10-07T12:57:00.000000 2403.542064751 120.368353579 -6266.272811915 6.92886604500 -2.09775908122 2.60975337247
2024-10-07T12:58:00.000000 2813.275492095 -5.682311652 -6094.981080874 6.72353537460 -2.10227628414 3.09773118361
2024-10-07T12:59:00.000000 3209.730689939 -131.706270734 -5894.836546066 6.48642848230 -2.09686861857 3.57113732610
2024-10-07T13:00:00.000000 3591.033131999 -257.108454422 -5666.780579007 6.21863756918 -2.08155786536 4.02774694758
2024-10-07T13:01:00.000000 3955.378149917 -381.296460967 -5411.885977088 5.92139891352 -2.05641094150 4.46540608233
2024-10-07T13:02:00.000000 4301.039492443 -503.683255081 -5131.352340605 5.59608927585 -2.02153988680 4.88204381295
2024-10-07T13:03:00.000000 4626.377577341 -623.689873477 -4826.500747304 5.24421957411 -1.97710163482 5.27568359524
2024-10-07T13:04:00.000000 4929.847319616 -740.748110141 -4498.767806266 4.86742782560 -1.92329780601 5.64445230828
2024-10-07T13:05:00.000000 5210.005569030 -854.303184524 -4149.699171304 4.46747238006 -1.86037415670 5.98659006354
2024-10-07T13:06:00.000000 5465.518026714 -963.816386404 -3780.942465430 4.04622143324 -1.78862086091 6.30045848463
2024-10-07T13:07:00.000000 5695.165636994 -1068.767751076 -3394.239921864 3.60564879756 -1.70837211979 6.58454326961
2024-10-07T13:08:00.000000 5897.850896222 -1168.658609895 -2991.420537830 3.14782967028 -1.62000303319 6.83746970953
2024-10-07T13:09:00.000000 6072.603412704 -1263.013936056 -2574.391352101 2.67492364763 -1.52392631917 7.05801124506
2024-10-07T13:10:00.000000 6218.584648530 -1351.384621423 -2145.128566147 2.18916594223 -1.42059346843 7.24508935012
2024-10-07T13:11:00.000000 6335.092382946 -1433.349753223 -1705.668383906 1.69286276366 -1.31049175293 7.39778517237
2024-10-07T13:12:00.000000 6421.564436651 -1508.518630369 -1258.097197674 1.18837416827 -1.19414095906 7.51534376818
2024-10-07T13:13:00.000000 6477.581792258 -1576.532710418 -804.541762282 0.67811202367 -1.07209358165 7.59717754319
2024-10-07T13:14:00.000000 6502.871149499 -1637.067605173 -347.158522320 0.16451319888 -0.94493372373 7.64288465328
2024-10-07T13:15:00.000000 6497.305516820 -1689.834536844 111.876926267 -0.34997714136 -0.81326403330 7.65222442146
2024-10-07T13:16:00.000000 6460.905525273 -1734.581677238 570.379669397 -0.86288652734 -0.67771429558 7.62513366057
2024-10-07T13:17:00.000000 6393.839969648 -1771.095643169 1026.166750744 -1.37175488298 -0.53893458940 7.56173766015
2024-10-07T13:18:00.000000 6296.424512379 -1799.202497216 1477.067923043 -1.87414558241 -0.39758866297 7.46233453955
2024-10-07T13:19:00.000000 6169.120210630 -1818.768434583 1920.936159529 -2.36765221612 -0.25435072131 7.32740025939
2024-10-07T13:20:00.000000 6012.531184018 -1829.700431529 2355.658176830 -2.84991379806 -0.10990531118 7.15758275825
2024-10-07T13:21:00.000000 5827.401604762 -1831.946728027 2779.164676735 -3.31862554547 0.03505719791 6.95370003242
2024-10-07T13:22:00.000000 5614.611811813 -1825.497066063 3189.440359298 -3.77155460728 0.17984486339 6.71673142268
2024-10-07T13:23:00.000000 5375.174000961 -1810.382651357 3584.533376427 -4.20653965584 0.32376731467 6.44781449076
2024-10-07T13:24:00.000000 5110.227376945 -1786.676031980 3962.564899979 -4.62151163039 0.46613786854 6.14824250789
2024-10-07T13:25:00.000000 4821.032339112 -1754.490709050 4321.738029962 -5.01450052417 0.60627868896 5.81945265904
2024-10-07T13:26:00.000000 4508.964299764 -1713.980524558 4660.346275117 -5.38364410285 0.74352329207 5.46301997894
2024-10-07T13:27:00.000000 4175.506938905 -1665.338860681 4976.781587798 -5.72719714811 0.87722120082 5.08064935208
2024-10-07T13:28:00.000000 3822.244966271 -1608.797575631 5269.541876676 -6.04353847292 1.00673993944 4.67416640207
2024-10-07T13:29:00.000000 3450.856411057 -1544.625930538 5537.237965368 -6.33117980274 1.13146637368 4.24550717806
2024-10-07T13:30:00.000000 3063.104539543 -1473.129253358 5778.599884201 -6.58876858451 1.25081155817 3.79670857535
2024-10-07T13:31:00.000000 2660.829450928 -1394.647430460 5992.482768644 -6.81509880285 1.36421349817 3.32990081394
2024-10-07T13:32:00.000000 2245.939142159 -1309.553148422 6177.871815285 -7.00911083662 1.47114053852 2.84728753164
2024-10-07T13:33:00.000000 1820.400909357 -1218.250157284 6333.886705663 -7.16989014020 1.57108911253 2.35114800588
2024-10-07T13:34:00.000000 1386.232223316 -1121.171454631 6459.785901208 -7.29668001908 1.66358900062 1.84382617216
2024-10-07T13:35:00.000000 945.491130540 -1018.777148905 6554.969992133 -7.38888396986 1.74820640973 1.32771309900
2024-10-07T13:36:00.000000 500.266725942 -911.552338170 6618.984230642 -7.44606427990 1.82454242512 0.80523874982
2024-10-07T13:37:00.000000 52.669541677 -800.004946677 6651.520579429 -7.46794380165 1.89223532762 0.27886200928
2024-10-07T13:38:00.000000 -395.178100179 -684.663427482 6652.419212353 -7.45440726313 1.95096320308 -0.24893740185
2024-10-07T13:39:00.000000 -841.151860443 -566.074295322 6621.669413055 -7.40550264007 2.00044588162 -0.77567065854
2024-10-07T13:40:00.000000 -1283.135199759 -444.799580690 6559.409844704 -7.32144290193 2.04044708908 -1.29884924060
2024-10-07T13:41:00.000000 -1719.029358525 -321.414168750 6465.927974684 -7.20260561706 2.07077340031 -1.81600466877
2024-10-07T13:42:00.000000 -2146.762901278 -196.503325003 6341.658741111 -7.04952527702 2.09127375731 -2.32468856992
2024-10-07T13:43:00.000000 -2564.301387734 -70.659928634 6187.183123652 -6.86290007720 2.10184522726 -2.82248508144
2024-10-07T13:44:00.000000 -2969.657048311 55.518385737 6003.225688250 -6.64358682739 2.10243216264 -3.30702565256
2024-10-07T13:45:00.000000 -3360.898178900 181.431960524 5790.651454348 -6.39259745450 2.09302233150 -3.77599800763
2024-10-07T13:46:00.000000 -3736.158448308 306.481828896 5550.462228825 -6.11109799618 2.07365221199 -4.22715801036
2024-10-07T13:47:00.000000 -4093.645847281 430.072687262 5283.792075806 -5.80039887498 2.04440677987 -4.65834187989
2024-10-07T13:48:00.000000 -4431.651285185 551.615736283 4991.902287150 -5.46195280826 2.00541746428 -5.06747470024
2024-10-07T13:49:00.000000 -4748.556932644 670.531402484 4676.175758049 -5.09734864914 1.95686077041 -5.45257882107
2024-10-07T13:50:00.000000 -5042.844342824 786.252149691 4338.110863506 -4.70830960070 1.89896170857 -5.81178557762
2024-10-07T13:51:00.000000 -5313.102213922 898.225360506 3979.314373177 -4.29668061055 1.83199166607 -6.14335215078
2024-10-07T13:52:00.000000 -5558.033259617 1005.915986184 3601.493819621 -3.86441747047 1.75626495647 -6.44566274677
2024-10-07T13:53:00.000000 -5776.460841716 1108.809153069 3206.449609464 -3.41358412497 1.67213951505 -6.71723993748
2024-10-07T13:54:00.000000 -5967.335095804 1206.412722528 2796.066375011 -2.94634056661 1.58001515463 -6.95675497177
2024-10-07T13:55:00.000000 -6129.738318576 1298.259781368 2372.303816792 -2.46492983325 1.48033247849 -7.16303505880
2024-10-07T13:56:00.000000 -6262.889643301 1383.910985323 1937.187264527 -1.97166991465 1.37356953282 -7.33506626918
2024-10-07T13:57:00.000000 -6366.149334922 1462.956832893 1492.797776857 -1.46894257335 1.26024276682 -7.47200727998
2024-10-07T13:58:00.000000 -6439.021890111 1535.019736867 1041.261688166 -0.95917317676 1.14089793870 -7.57318952880
2024-10-07T13:59:00.000000 -6481.158477167 1599.755697055 584.740225912 -0.44482324787 1.01610977336 -7.63811783817
2024-10-07T14:00:00.000000 -6492.358946866 1656.856112126 125.419122749 0.07161315080 0.88648253171 -7.66647388861
2024-10-07T14:01:00.000000 -6472.573278016 1706.049374739 -334.502514016 0.58763069526 0.75264460711 -7.65812976962
2024-10-07T14:02:00.000000 -6421.901602387 1747.102219982 -792.823482019 1.10073227549 0.61524496933 -7.61314304920
2024-10-07T14:03:00.000000 -6340.593253081 1779.820837115 -1247.351411639 1.60844220100 0.47494914498 -7.53174899633
2024-10-07T14:04:00.000000 -6229.045431502 1804.051762748 -1695.913356160 2.10830852814 0.33243603558 -7.41436095601
2024-10-07T14:05:00.000000 -6087.801339294 1819.682643916 -2136.366683813 2.59792178266 0.18839707116 -7.26157594009
2024-10-07T14:06:00.000000 -5917.546920077 1826.642796658 -2566.609734956 3.07493183545 0.04352745109 -7.07416060476
2024-10-07T14:07:00.000000 -5719.107388356 1824.903245246 -2984.592068732 3.53705102495 -0.10147671653 -6.85305601137
2024-10-07T14:08:00.000000 -5493.442796489 1814.476851931 -3388.324651240 3.98207364947 -0.24591808592 -6.59936641989
2024-10-07T14:09:00.000000 -5241.642759881 1795.418169344 -3775.889429548 4.40788902434 -0.38910492809 -6.31435116935
2024-10-07T14:10:00.000000 -4964.920539262 1767.823044300 -4145.448266085 4.81248673681 -0.53035307254 -5.99941436134
2024-10-07T14:11:00.000000 -4664.606818414 1731.827999617 -4495.251519025 5.19396493414 -0.66899171787 -5.65610007503
2024-10-07T14:12:00.000000 -4342.142942098 1687.609364634 -4823.646127586 5.55053769792 -0.80436467133 -5.28608259043
2024-10-07T14:13:00.000000 -3999.073698873 1635.382334342 -5129.083231396 5.88054458127 -0.93583358926 -4.89115897252
2024-10-07T14:14:00.000000 -3637.039561928 1575.399753253 -5410.125185749 6.18245752083 -1.06278226400 -4.47323769552
2024-10-07T14:15:00.000000 -3257.768571790 1507.950755931 -5665.451928758 6.45488659308 -1.18461716748 -4.03432805944
2024-10-07T14:16:00.000000 -2863.067872917 1433.359351008 -5893.866718796 6.69658545911 -1.30077009828 -3.57652952186
2024-10-07T14:17:00.000000 -2454.815014435 1351.982805105 -6094.301257099 6.90645440934 -1.41070099017 -3.10202268153
2024-10-07T14:18:00.000000 -2034.949014372 1264.209881705 -6265.820269104 7.08354494848 -1.51390050162 -2.61305911693
2024-10-07T14:19:00.000000 -1605.461185148 1170.458934001 -6407.625392946 7.22706249531 -1.60989169085 -2.11194931260
2024-10-07T14:20:00.000000 -1168.385872995 1071.175925532 -6519.058447437 7.33636741388 -1.69823183727 -1.60105402469
2024-10-07T14:21:00.000000 -725.791084177 966.832254720 -6599.604175400 7.41097811877 -1.77851613603 -1.08277454901
2024-10-07T14:22:00.000000 -279.768945122 857.922476002 -6648.892279604 7.45057190711 -1.85037741862 -0.55954001515
2024-10-07T14:23:00.000000 167.573853772 744.962020910 -6666.698816518 7.45498645708 -1.91348716250 -0.03379756677
2024-10-07T14:24:00.000000 614.125665414 628.484875079 -6652.946881868 7.42421798428 -1.96755523982 0.49200003681
2024-10-07T14:25:00.000000 1057.779314440 509.041273890 -6607.706796944 7.35842005557 -2.01233075372 1.01539870364
2024-10-07T14:26:00.000000 1496.441686147 387.195181565 -6531.195907322 7.25790803240 -2.04760792919 1.53395505664
2024-10-07T14:27:00.000000 1928.043311307 263.521560227 -6423.777347701 7.12315268580 -2.07322449849 2.04525428933
2024-10-07T14:28:00.000000 2350.547472253 138.603914005 -6285.958288474 6.95477562395 -2.08905899092 2.54690996320
2024-10-07T14:29:00.000000 2761.959369911 13.031675757 -6118.388047231 6.75355297915 -2.09503526302 3.03657265831
2024-10-07T14:30:00.000000 3160.335447343 -112.602499338 -5921.855405563 6.52041604059 -2.09112214147 3.51194592265
2024-10-07T14:31:00.000000 3543.792431636 -237.705446887 -5697.284968477 6.25644062772 -2.07733381820 3.97079961163
2024-10-07T14:32:00.000000 3910.515798337 -361.686214524 -5445.733153766 5.96284373961 -2.05372985073 4.41097103481
2024-10-07T14:33:00.000000 4258.768339480 -483.958784889 -5168.383778606 5.64098428091 -2.02041517493 4.83037877098
2024-10-07T14:34:00.000000 4586.898449923 -603.944792482 -4866.542837617 5.29235603407 -1.97753986277 5.22703316491
2024-10-07T14:35:00.000000 4893.348061880 -721.076228148 -4541.632683080 4.91858179148 -1.92529902750 5.59904706260
2024-10-07T14:36:00.000000 5176.660149715 -834.798127501 -4195.185586134 4.52140562933 -1.86393221078 5.94464509239
2024-10-07T14:37:00.000000 5435.485801219 -944.571191129 -3828.836757415 4.10268585630 -1.79372156424 6.26217321879
2024-10-07T14:38:00.000000 5668.590732926 -1049.874275212 -3444.316822764 3.66438369811 -1.71499047786 6.55010473987
2024-10-07T14:39:00.000000 5874.861346241 -1150.206947221 -3043.444050200 3.20855939379 -1.62810559661 6.80704776070
2024-10-07T14:40:00.000000 6053.310340300 -1245.091976430 -2628.115962208 2.73736200447 -1.53347356331 7.03175242506
2024-10-07T14:41:00.000000 6203.081924688 -1334.077735550 -2200.300558153 2.25302346837 -1.43154064081 7.22312255771
2024-10-07T14:42:00.000000 6323.456220556 -1416.740418512 -1762.026748157 1.75784001438 -1.32278710999 7.38022351059
2024-10-07T14:43:00.000000 6413.852821599 -1492.686019512 -1315.374712283 1.25416325190 -1.20772619004 7.50228115856
2024-10-07T14:44:00.000000 6473.833913324 -1561.552279028 -862.466103157 0.74439197960 -1.08690205009 7.58868944866
2024-10-07T14:45:00.000000 6503.106541457 -1623.010466055 -405.453909599 0.23095657776 -0.96088899828 7.63900758322
2024-10-07T14:46:00.000000 6501.524697816 -1676.767224967 53.487660090 -0.28367919863 -0.83028996765 7.65297414810
2024-10-07T14:47:00.000000 6469.090384401 -1722.566028142 512.174260368 -0.79704783668 -0.69572985836 7.63051046192
2024-10-07T14:48:00.000000 6405.953537693 -1760.188466607 968.422225387 -1.30668819254 -0.55785319147 7.57171816895
2024-10-07T14:49:00.000000 6312.411188300 -1789.455264551 1420.059327025 -1.81016019743 -0.41731965369 7.47687597621
2024-10-07T14:50:00.000000 6188.905898805 -1810.227145626 1864.935282728 -2.30505439100 -0.27480249598 7.34643667480
2024-10-07T14:51:00.000000 6036.023566007 -1822.405542411 2300.932206990 -2.78900516993 -0.13098432997 7.18102673058
2024-10-07T14:52:00.000000 5854.490413859 -1825.932977606 2725.974838596 -3.25970145570 0.01344810314 6.98143979632
2024-10-07T14:53:00.000000 5645.169449538 -1820.793288949 3138.040500809 -3.71489727897 0.15780448633 6.74863416672
2024-10-07T14:54:00.000000 5409.056195094 -1807.011755747 3535.168823890 -4.15242309973 0.30139554114 6.48372769573
2024-10-07T14:55:00.000000 5147.273875543 -1784.654756093 3915.471128480 -4.57019244481 0.44353993737 6.18799178480
2024-10-07T14:56:00.000000 4861.068041439 -1753.829446730 4277.139647377 -4.96621855203 0.58356069360 5.86285087993
2024-10-07T14:57:00.000000 4551.800028542 -1714.683222815 4618.456301977 -5.33862981179 0.72079443348 5.50986723260
2024-10-07T14:58:00.000000 4220.939924039 -1667.402862485 4937.800431587 -5.68567159126 0.85459120965 5.13072366674
2024-10-07T14:59:00.000000 3870.059727092 -1612.213731442 5233.655977759 -6.00570340684 0.98431604785 4.72722564535
2024-10-07T15:00:00.000000 3500.826007831 -1549.378670988 5504.618788790 -6.29721521281 1.10935494114 4.30129530618
2024-10-07T15:01:00.000000 3114.991802385 -1479.196668296 5749.403262317 -6.55883684964 1.22911834145 3.85496003194
2024-10-07T15:02:00.000000 2714.388011836 -1402.001241093 5966.848121770 -6.78934183128 1.34304395535 3.39033421718
2024-10-07T15:03:00.000000 2300.914889710 -1318.158902711 6155.921482832 -6.98764655940 1.45059518804 2.90961640618
2024-10-07T15:04:00.000000 1876.533180431 -1228.067448508 6315.725645722 -7.15281875605 1.55126594337 2.41507862332
2024-10-07T15:05:00.000000 1443.254916717 -1132.154107109 6445.501200036 -7.28408229300 1.64458204705 1.90905658214
2024-10-07T15:06:00.000000 1003.133930426 -1030.873489994 6544.630440351 -7.38081990345 1.73010500290 1.39393603277
2024-10-07T15:07:00.000000 558.256319136 -924.705436946 6612.640024029 -7.44257326638 1.80743260391 0.87214146884
2024-10-07T15:08:00.000000 110.730928092 -814.152842999 6649.203019450 -7.46904255561 1.87619827498 0.34612801205
2024-10-07T15:09:00.000000 -337.320246538 -699.739456712 6654.140596842 -7.46009024992 1.93607470387 -0.18162461809
2024-10-07T15:10:00.000000 -783.771914615 -582.007378330 6627.423080670 -7.41574420052 1.98677756474 -0.70862666518
2024-10-07T15:11:00.000000 -1226.505428644 -461.514511718 6569.170136568 -7.33619730051 2.02806368769 -1.23239196278
2024-10-07T15:12:00.000000 -1663.418539489 -338.832107579 6479.650321415 -7.22180343096 2.05973273298 -1.75044424221
2024-10-07T15:13:00.000000 -2092.435156986 -214.542043077 6359.280178268 -7.07308058806 2.08163031196 -2.26033019689
2024-10-07T15:14:00.000000 -2511.515073438 -89.234148627 6208.622424366 -6.89070644763 2.09364546790 -2.75963108529
2024-10-07T15:15:00.000000 -2918.663597654 36.496450611 6028.383727915 -6.67552072575 2.09571426680 -3.24597009269
2024-10-07T15:16:00.000000 -3311.941115345 162.052341534 5819.411641712 -6.42851777952 2.08782341196 -3.71702988932
2024-10-07T15:17:00.000000 -3689.472178473 286.836661053 5582.690766379 -6.15084212126 2.07000410714 -4.17056107636
2024-10-07T15:18:00.000000 -4049.454445785 410.255754672 5319.338362443 -5.84378490538 2.04233236886 -4.60439249000
2024-10-07T15:19:00.000000 -4390.167297411 531.721919463 5030.599462659 -5.50877884675 2.00493091919 -5.01643750654
2024-10-07T15:20:00.000000 -4709.980255834 650.656233234 4717.841444035 -5.14739459833 1.95796937214 -5.40470688261
2024-10-07T15:21:00.000000 -5007.361050882 766.491324337 4382.547885699 -4.76133470497 1.90166352873 -5.76731779809
2024-10-07T15:22:00.000000 -5280.883420349 878.674215754 4026.311834145 -4.35242863094 1.83627697656 -6.10250680156
2024-10-07T15:23:00.000000 -5529.234400449 986.669044238 3650.828251286 -3.92262183731 1.76211600080 -6.40864139591
2024-10-07T15:24:00.000000 -5751.220988006 1089.959591765 3257.885909065 -3.47396545293 1.67952921977 -6.68422867465
2024-10-07T15:25:00.000000 -5945.776104762 1188.051812631 2849.358806825 -3.00860448526 1.58890679252 -6.92792120202
2024-10-07T15:26:00.000000 -6111.964033992 1280.476260846 2427.197300555 -2.52877169213 1.49067860633 -7.13852229084
2024-10-07T15:27:00.000000 -6248.985457541 1366.790549179 1993.418766134 -2.03677806050 1.38531663802 -7.31499733540
2024-10-07T15:28:00.000000 -6356.181540466 1446.581691807 1550.097602410 -1.53499365653 1.27332756442 -7.45647885567
2024-10-07T15:29:00.000000 -6433.037409300 1519.468072543 1099.355221049 -1.02584576605 1.15525008333 -7.56227047012
2024-10-07T15:30:00.000000 -6479.185044295 1585.101274088 643.349445621 -0.51179987035 1.03165259217 -7.63185330949
2024-10-07T15:31:00.000000 -6494.405343853 1643.168013554 184.263832327 0.00464855069 0.90313719108 -7.66489184048
2024-10-07T15:32:00.000000 -6478.629192570 1693.391868619 -275.703579471 0.52099829791 0.77032912292 -7.66123660661
2024-10-07T15:33:00.000000 -6431.937504757 1735.534564292 -734.351199906 1.03475080241 0.63387437635 -7.62091956975
2024-10-07T15:34:00.000000 -6354.560705283 1769.397091737 -1189.484883921 1.54342373296 0.49443498560 -7.54415624626
2024-10-07T15:35:00.000000 -6246.877352269 1794.820577317 -1638.928793073 2.04456330628 0.35268667761 -7.43134105733
2024-10-07T15:36:00.000000 -6109.412056771 1811.687024488 -2080.536106330 2.53575722273 0.20931512656 -7.28304640252
2024-10-07T15:37:00.000000 -5942.832624517 1819.919762204 -2512.199583333 3.01464642911 0.06501218113 -7.10001852763
2024-10-07T15:38:00.000000 -5747.946502838 1819.483768034 -2931.861873340 3.47893728464 -0.07952666009 -6.88317337461
2024-10-07T15:39:00.000000 -5525.696505311 1810.385746947 -3337.525556302 3.92641338316 -0.22360650611 -6.63359187274
2024-10-07T15:40:00.000000 -5277.155789486 1792.673973810 -3727.262852785 4.35494828053 -0.36653727480 -6.35251306771
2024-10-07T15:41:00.000000 -5003.522109460 1766.437899286 -4099.224833913 4.76251684726 -0.50763717014 -6.04132429340
2024-10-07T15:42:00.000000 -4706.111525196 1731.807548034 -4451.649990640 5.14720136632 -0.64623580258 -5.70155114312
2024-10-07T15:43:00.000000 -4386.351761492 1688.952772024 -4782.872375713 5.50719930548 -0.78167653934 -5.33485228921
2024-10-07T15:44:00.000000 -4045.774975806 1638.082324699 -5091.329306141 5.84083325044 -0.91331988252 -4.94300930536
2024-10-07T15:45:00.000000 -3686.010055277 1579.442728601 -5375.568435518 6.14655754552 -1.04054692201 -4.52791681260
2024-10-07T15:46:00.000000 -3308.774531051 1513.316938661 -5634.254202900 6.42296355303 -1.16276258421 -4.09157137642
2024-10-07T15:47:00.000000 -2915.866235687 1440.022852772 -5866.173680756 6.66878421183 -1.27939744981 -3.63606277237
2024-10-07T15:48:00.000000 -2509.154607353 1359.911712716 -6070.241874638 6.88290074283 -1.38990991286 -3.16356342062
2024-10-07T15:49:00.000000 -2090.571694765 1273.366361507 -6245.506290567 7.06434501922 -1.49378861272 -2.67631607290
2024-10-07T15:50:00.000000 -1662.103048876 1180.799341161 -6391.150872010 7.21230215603 -1.59055519578 -2.17662378495
2024-10-07T15:51:00.000000 -1225.778506187 1082.650938479 -6506.499294042 7.32611116538 -1.67976299154 -1.66684041862
2024-10-07T15:52:00.000000 -783.662836477 979.387204602 -6591.017819274 7.40526911680 -1.76100099089 -1.14936305314
2024-10-07T15:53:00.000000 -337.846181761 871.497673964 -6644.317530461 7.44943394497 -1.83389750742 -0.62661955119
2024-10-07T15:54:00.000000 109.565634052 759.493027485 -6666.155688061 7.45842370725 -1.89811911736 -0.10105245935
2024-10-07T15:55:00.000000 556.460503635 643.902817835 -6656.436393416 7.43221094242 -1.95337020837 0.42488589083
2024-10-07T15:56:00.000000 1000.729471005 525.273119449 -6615.211120125 7.37092981907 -1.99939691482 0.94873804214
2024-10-07T15:57:00.000000 1440.276501713 404.163927889 -6542.678377421 7.27487454849 -2.03598788721 1.46806315087
2024-10-07T15:58:00.000000 1873.027766961 281.146751183 -6439.182556866 7.14449221413 -2.06297143483 1.98043869548
2024-10-07T15:59:00.000000 2296.941027407 156.802081209 -6305.212601588 6.98038788096 -2.08022030028 2.48347216858
2024-10-07T16:00:00.000000 2710.014894469 31.716671486 -6141.399808549 6.78331775476 -2.08765271997 2.97481145777
2024-10-07T16:01:00.000000 3110.297945031 -93.519119566 -5948.515271684 6.55419207992 -2.08523041319 3.45215080894
2024-10-07T16:02:00.000000 3495.897950337 -218.314006629 -5727.466572793 6.29407117187 -2.07296108194 3.91324940296
2024-10-07T16:03:00.000000 3864.990462002 -342.078546088 -5479.293613925 6.00415394239 -2.05089803352 4.35593704359
2024-10-07T16:04:00.000000 4215.827220783 -464.227821755 -5205.164260694 5.68578107996 -2.01913907046 4.77812106520
2024-10-07T16:05:00.000000 4546.744523169 -584.184148125 -4906.369258540 5.34042910633 -1.97782726508 5.17779978491
2024-10-07T16:06:00.000000 4856.171170269 -701.379759849 -4584.316497308 4.96970406068 -1.92715024666 5.55307165835
2024-10-07T16:07:00.000000 5142.636053424 -815.259480490 -4240.524708941 4.57533507442 -1.86733981257 5.90214503619
2024-10-07T16:08:00.000000 5404.775330219 -925.283342720 -3876.616591236 4.15916713844 -1.79867106965 6.22334777241
2024-10-07T16:09:00.000000 5641.339086922 -1030.929167683 -3494.311363755 3.72315134812 -1.72146161856 6.51513557515
2024-10-07T16:10:00.000000 5851.197480227 -1131.695069593 -3095.416922413 3.26933805958 -1.63607018387 6.77609823616
2024-10-07T16:11:00.000000 6033.346478947 -1227.101906443 -2681.821490716 2.79986861073 -1.54289579163 7.00497010784
2024-10-07T16:12:00.000000 6186.912955878 -1316.695608247 -2255.484732334 2.31696367029 -1.44237481708 7.20063607118
2024-10-07T16:13:00.000000 6311.159203696 -1400.049392184 -1818.428554052 1.82291486444 -1.33498039674 7.36213796062
2024-10-07T16:14:00.000000 6405.486828817 -1476.765923903 -1372.727451135 1.32007209421 -1.22122044742 7.48868176145
2024-10-07T16:15:00.000000 6469.439864290 -1546.479305494 -920.498534247 0.81083096085 -1.10163439897 7.57964157593
2024-10-07T16:16:00.000000 6502.707184118 -1608.856879531 -463.891358687 0.29762249993 -0.97679069225 7.63456253324
2024-10-07T16:17:00.000000 6505.124278832 -1663.600940496 -5.077499883 -0.21709987142 -0.84728535767 7.65316593521
2024-10-07T16:18:00.000000 6476.674170084 -1710.450266938 453.760055177 -0.73087386303 -0.71373797128 7.63535035087
2024-10-07T16:19:00.000000 6417.487537043 -1749.181453773 910.437569102 -1.24124225098 -0.57678889829 7.58119178652
2024-10-07T16:20:00.000000 6327.842092556 -1779.610009275 1362.781119284 -1.74576206801 -0.43709397135 7.49094187433
2024-10-07T16:21:00.000000 6208.161362819 -1801.591169413 1808.637264943 -2.24201968916 -0.29532121454 7.36503118332
2024-10-07T16:22:00.000000 6059.012396891 -1815.020505554 2245.883528240 -2.72764510586 -0.15214638967 7.20405926205
2024-10-07T16:23:00.000000 5881.103163109 -1819.834394456 2672.438387291 -3.20031219275 -0.00825462510 7.00879364739
2024-10-07T16:24:00.000000 5675.279413797 -1816.010512382 3086.271642670 -3.65775873511 0.13566521092 6.78017768188
2024-10-07T16:25:00.000000 5442.519976451 -1803.567572703 3485.414612089 -4.09781386731 0.27893404652 6.51931071931
2024-10-07T16:26:00.000000 5183.931645557 -1782.565237570 3867.968553167 -4.51837726121 0.42086261472 6.22743122879
2024-10-07T16:27:00.000000 4900.744860887 -1753.104587415 4232.114301359 -4.91743798081 0.56076615070 5.90595339074
2024-10-07T16:28:00.000000 4594.306843638 -1715.326906134 4576.121885885 -5.29311330476 0.69798896915 5.55642592128
2024-10-07T16:29:00.000000 4266.074609487 -1669.412528407 4898.357774773 -5.64362647000 0.83188188028 5.18052026497
2024-10-07T16:30:00.000000 3917.607950293 -1615.580357938 5197.292499365 -5.96732915601 0.96181131436 4.78002775469
2024-10-07T16:31:00.000000 3550.561960979 -1554.086760523 5471.507377983 -6.26269400938 1.08716213873 4.35685243985
2024-10-07T16:32:00.000000 3166.679325415 -1485.224314396 5719.701325179 -6.52833079149 1.20734312098 3.91300688130
2024-10-07T16:33:00.000000 2767.781869867 -1409.320319516 5940.696853686 -6.76299220566 1.32178837449 3.45059651033
2024-10-07T16:34:00.000000 2355.761909762 -1326.735205825 6133.445322226 -6.96557615174 1.42995977662 2.97180949306
2024-10-07T16:35:00.000000 1932.573439965 -1237.860821266 6297.031710239 -7.13513006035 1.53134850469 2.47891057123
2024-10-07T16:36:00.000000 1500.222891596 -1143.118590757 6430.678888814 -7.27085957716 1.62547811465 1.97422804458
2024-10-07T16:37:00.000000 1060.759657043 -1042.957505902 6533.750921717 -7.37212621632 1.71190594516 1.46013938020
2024-10-07T16:38:00.000000 616.266697008 -937.852089851 6605.755872819 -7.43845030239 1.79022434308 0.93906457900
2024-10-07T16:39:00.000000 168.851042104 -828.300221764 6646.347979197 -7.46950897948 1.86006229169 0.41345614350
2024-10-07T16:40:00.000000 -279.365795405 -714.820868790 6655.329518538 -7.46514400610 1.92108887803 -0.11420654610
2024-10-07T16:41:00.000000 -726.257823463 -597.951616833 6632.651880955 -7.42536351325 1.97301377317 -0.64143475875
2024-10-07T16:42:00.000000 -1169.704417228 -478.246260520 6578.415836899 -7.35033862626 2.01558800161 -1.16573916336
2024-10-07T16:43:00.000000 -1607.600168878 -356.272178333 6492.871180042 -7.24040449218 2.04860751636 -1.68464417894
2024-10-07T16:44:00.000000 -2037.864547784 -232.607708901 6376.415696072 -7.09605569579 2.07191120302 -2.19569191712
2024-10-07T16:45:00.000000 -2458.451714459 -107.839446534 6229.593896222 -6.91795516076 2.08538564089 -2.69645449683
2024-10-07T16:46:00.000000 -2867.360443359 17.440561847 6053.094351217 -6.70692337590 2.08896120343 -3.18455878603
2024-10-07T16:47:00.000000 -3262.643214740 142.637370907 5847.746514780 -6.46393165500 2.08261216332 -3.65768181093
2024-10-07T16:48:00.000000 -3642.415447462 267.155969676 5614.517336381 -6.19010486157 2.06636194977 -4.11356714278
2024-10-07T16:49:00.000000 -4004.864358903 390.404102322 5354.506885086 -5.88671094736 2.04027806073 -4.55003372667
2024-10-07T16:50:00.000000 -4348.257579418 511.794878196 5068.943749143 -5.55516267110 2.00447291407 -4.96498053472
2024-10-07T16:51:00.000000 -4670.951790008 630.749615311 4759.179819031 -5.19701452586 1.95910751166 -5.35640100878
2024-10-07T16:52:00.000000 -4971.401038831 746.700712886 4426.684192686 -4.81395624609 1.90439026506 -5.72239726077
2024-10-07T16:53:00.000000 -5248.164550756 859.094459261 4073.036277460 -4.40780245447 1.84057510305 -6.06119139805
2024-10-07T16:54:00.000000 -5499.913964861 967.393699768 3699.918338519 -3.98048377164 1.76796019216 -6.37113436980
2024-10-07T16:55:00.000000 -5725.439961252 1071.080515144 3309.107520012 -3.53403627678 1.68688828624 -6.65071370166
2024-10-07T16:56:00.000000 -5923.658385513 1169.658814660 2902.467439799 -3.07059496688 1.59774363593 -6.89856097073
2024-10-07T16:57:00.000000 -6093.615881735 1262.656720032 2481.939279715 -2.59238274826 1.50094880549 -7.11345957820
2024-10-07T16:58:00.000000 -6234.494940207 1349.628913271 2049.532570087 -2.10170398974 1.39696758056 -7.29435003189
2024-10-07T16:59:00.000000 -6345.618389177 1430.159176027 1607.315287210 -1.60092810106 1.28630443530 -7.44034554094
2024-10-07T17:00:00.000000 -6426.452700043 1503.862467627 1157.403418386 -1.09247311074 1.16949357712 -7.55073139204
2024-10-07T17:01:00.000000 -6476.610770044 1570.386745180 701.950606341 -0.57879938674 1.04710062168 -7.62496891804
2024-10-07T17:02:00.000000 -6495.853976791 1629.414749286 243.137392921 -0.06239360736 0.91971880808 -7.66270026211
2024-10-07T17:03:00.000000 -6484.093360008 1680.665561641 -216.839659351 0.45424431162 0.78796567227 -7.66374942749
2024-10-07T17:04:00.000000 -6441.390026202 1723.895962102 -675.778909398 0.96861433643 0.65247975519 -7.62812320007
2024-10-07T17:05:00.000000 -6367.954755839 1758.901601145 -1131.484593851 1.47822942967 0.51391776162 -7.55601058598
2024-10-07T17:06:00.000000 -6264.146836676 1785.517987839 -1581.777741761 1.98062869375 0.37295085604 -7.44778202337
2024-10-07T17:07:00.000000 -6130.472100677 1803.621243161 -2024.506987171 2.47339031968 0.23026115855 -7.30398685503
2024-10-07T17:08:00.000000 -5967.580182730 1813.128660541 -2457.559224622 2.95414489270 0.08653826931 -7.12535042914
2024-10-07T17:09:00.000000 -5776.260986023 1813.999034208 -2878.870038925 3.42058847744 -0.05752471411 -6.91276946155
2024-10-07T17:10:00.000000 -5557.440367277 1806.232747546 -3286.433780029 3.87049487488 -0.20123517151 -6.66730481657
2024-10-07T17:11:00.000000 -5312.175173197 1789.871646115 -3678.313220299 4.30172596733 -0.34390427935 -6.39017525197
2024-10-07T17:12:00.000000 -5041.647620664 1764.998689506 -4052.648768722 4.71224212351 -0.48485095806 -6.08274835290
2024-10-07T17:13:00.000000 -4747.159156702 1731.737398609 -4407.667169757 5.10011025161 -0.62340472929 -5.74653322446
2024-10-07T17:14:00.000000 -4430.123777127 1690.251122962 -4741.689742107 5.46351310877 -0.75890901692 -5.38317152653
2024-10-07T17:15:00.000000 -4092.060872616 1640.742113602 -5053.140047304 5.80075586732 -0.89072410752 -4.99442838893
2024-10-07T17:16:00.000000 -3734.587664807 1583.450428868 -5340.551049499 6.11027355200 -1.01823002132 -4.58218377882
2024-10-07T17:17:00.000000 -3359.411227263 1518.652661094 -5602.571707911 6.39063695567 -1.14082923695 -4.14842277034
2024-10-07T17:18:00.000000 -2968.320138019 1446.660519532 -5837.973018328 6.64055992387 -1.25794951010 -3.69522625114
2024-10-07T17:19:00.000000 -2563.175701680 1367.819182479 -6045.653361056 6.85890468550 -1.36904763614 -3.22475726687
2024-10-07T17:20:00.000000 -2145.902993084 1282.505539676 -6224.643078660 7.04468355146 -1.47360994893 -2.73924984763
2024-10-07T17:21:00.000000 -1718.481815646 1191.126375350 -6374.108486041 7.19706073089 -1.57115409951 -2.24100126037
2024-10-07T17:22:00.000000 -1282.937418826 1094.116401416 -6493.355343402 7.31535730619 -1.66123156912 -1.73235968729
2024-10-07T17:23:00.000000 -841.331130385 991.936276380 -6581.831564040 7.39904983894 -1.74342590840 -1.21571507311
2024-10-07T17:24:00.000000 -395.750871710 885.070547799 -6639.129534096 7.44777583204 -1.81735883052 -0.69349010228
2024-10-07T17:25:00.000000 51.698423727 774.025217898 -6664.987566384 7.46132967234 -1.88269288060 -0.16812508871
2024-10-07T17:26:00.000000 498.904168141 659.325407683 -6659.290835162 7.43966322239 -1.93912815488 0.35792535400
2024-10-07T17:27:00.000000 943.755827487 541.513006837 -6622.071916987 7.38289245653 -1.98640627573 0.88220665793
2024-10-07T17:28:00.000000 1384.154436969 421.144208459 -6553.510265606 7.29128579112 -2.02430802544 1.40227679746
2024-10-07T17:29:00.000000 1818.021838163 298.787179076 -6453.931524174 7.16527018092 -2.05265461452 1.91570685566
2024-10-07T17:30:00.000000 2243.310280451 175.019446550 -6323.806265006 7.00543071454 -2.07131305574 2.42009700338
2024-10-07T17:31:00.000000 2658.011720879 50.425167182 -6163.747970502 6.81250645444 -2.08019532869 2.91308458478
2024-10-07T17:32:00.000000 3060.167154548 -74.407588949 -5974.510407991 6.58739181252 -2.07925877727 3.39235965454
2024-10-07T17:33:00.000000 3447.875596162 -198.889486891 -5756.984038997 6.33112485389 -2.06850380218 3.85567542651
2024-10-07T17:34:00.000000 3819.302634307 -322.432559966 -5512.192239205 6.04488754655 -2.04797604923 4.30084991870
2024-10-07T17:35:00.000000 4172.689073229 -444.452933114 -5241.286971549 5.73000334041 -2.01776586953 4.72578095696
2024-10-07T17:36:00.000000 4506.359193222 -564.373509728 -4945.543776419 5.38793140963 -1.97800937113 5.12845279791
2024-10-07T17:37:00.000000 4818.728840395 -681.626705558 -4626.356210694 5.02026353444 -1.92888681711 5.50694967015
2024-10-07T17:38:00.000000 5108.313120078 -795.657076904 -4285.229480484 4.62871455476 -1.87062313604 5.85946716205
2024-10-07T17:39:00.000000 5373.733466004 -905.923997899 -3923.773571865 4.21511320209 -1.80348665938 6.18431778609
2024-10-07T17:40:00.000000 5613.724352931 -1011.904194219 -3543.696024978 3.78139764704 -1.72778747271 6.47993895895
2024-10-07T17:41:00.000000 5827.139622618 -1113.094247677 -3146.794139990 3.32960706503 -1.64387728073 6.74490272693
2024-10-07T17:42:00.000000 6012.958260671 -1209.013063002 -2734.946658721 2.86187227454 -1.55214816976 6.97792349321
2024-10-07T17:43:00.000000 6170.289619796 -1299.204246099 -2310.104987301 2.38040604291 -1.45303114009 7.17786604645
2024-10-07T17:44:00.000000 6298.378006439 -1383.238365253 -1874.283992889 1.88749287660 -1.34699356004 7.34375119886
2024-10-07T17:45:00.000000 6396.606698738 -1460.715082193 -1429.552398367 1.38547798087 -1.23453749036 7.47476417750
2024-10-07T17:46:00.000000 6464.501147954 -1531.265152268 -978.022780482 0.87675347438 -1.11619674999 7.57025842056
2024-10-07T17:47:00.000000 6501.731469926 -1594.552223178 -521.841373058 0.36374739723 -0.99253344983 7.62975926626
2024-10-07T17:48:00.000000 6508.114210179 -1650.274468091 -63.177649881 -0.15108958804 -0.86413602326 7.65296693201
2024-10-07T17:49:00.000000 6483.613314126 -1698.166086620 395.786197799 -0.66529687894 -0.73161632978 7.63975732744
2024-10-07T17:50:00.000000 6428.340379879 -1737.998630450 852.865786864 -1.17641476273 -0.59560737292 7.59018155140
2024-10-07T17:51:00.000000 6342.554318245 -1769.582190015 1305.885123102 -1.68199482282 -0.45675978494 7.50446869983
2024-10-07T17:52:00.000000 6226.660199486 -1792.766301921 1752.687302091 -2.17961623274 -0.31573738590 7.38302510805
2024-10-07T17:53:00.000000 6081.207204646 -1807.440641481 2191.144989699 -2.66689766088 -0.17321337939 7.22642991764
2024-10-07T17:54:00.000000 5906.885944312 -1813.535453914 2619.170760484 -3.14150790330 -0.02986700019 7.03543386465
2024-10-07T17:55:00.000000 5704.525091315 -1811.021945344 3034.727335014 -3.60117931358 0.11361618525 6.81095708253
2024-10-07T17:56:00.000000 5475.086998581 -1799.912528116 3435.837406151 -4.04372410312 0.25654852207 6.55407509819
2024-10-07T17:57:00.000000 5219.663083968 -1780.260864688 3820.592756556 -4.46702842109 0.39824424634 6.26601889432
2024-10-07T17:58:00.000000 4939.468794776 -1752.161451276 4187.163859833 -4.86907597189 0.53802869833 5.94817718815
2024-10-07T17:59:00.000000 4635.837229006 -1715.748899952 4533.808844939 -5.24796405644 0.67523955921 5.60208021737
2024-10-07T18:00:00.000000 4310.212171919 -1671.197183594 4858.881352477 -5.60190313268 0.80922711630 5.22938115129
2024-10-07T18:01:00.000000 3964.141329707 -1618.718779801 5160.838093474 -5.92922291817 0.93935860368 4.83186122602
2024-10-07T18:02:00.000000 3599.268661434 -1558.563556042 5438.246004249 -6.22838449495 1.06502038951 4.41141015070
2024-10-07T18:03:00.000000 3217.326696072 -1491.017630672 5689.788564069 -6.49797586337 1.18561823394 3.97002489141
2024-10-07T18:04:00.000000 2820.128424225 -1416.402049617 5914.272195460 -6.73672886670 1.30058288558 3.50980277592
2024-10-07T18:05:00.000000 2409.558499355 -1335.071206442 6110.631747678 -6.94352347558 1.40937238829 3.03292560645
2024-10-07T18:06:00.000000 1987.564270346 -1247.411138780 6277.935232754 -7.11739007641 1.51147420230 2.54164889091
2024-10-07T18:07:00.000000 1556.146651895 -1153.837676879 6415.387991934 -7.25751378405 1.60640844325 2.03829260687
2024-10-07T18:08:00.000000 1117.350756237 -1054.794416718 6522.336137732 -7.36323569626 1.69372927703 1.52522743644
2024-10-07T18:09:00.000000 673.256584308 -950.750671660 6598.269380676 -7.43405208478 1.77302591853 1.00486841691
2024-10-07T18:10:00.000000 225.969602378 -842.199290669 6642.823528785 -7.46961940412 1.84392467615 0.47966927580
2024-10-07T18:11:00.000000 -222.389148425 -729.654411724 6655.782435185 -7.46976215334 1.90608966216 -0.04789251336
2024-10-07T18:12:00.000000 -669.692983517 -613.649140794 6637.078930355 -7.43446693961 1.95922563644 -0.57532912453
2024-10-07T18:13:00.000000 -1113.819344624 -494.733000936 6586.795226617 -7.36388526968 2.00307963209 -1.10015166448
2024-10-07T18:14:00.000000 -1552.659681683 -373.469495885 6505.162612020 -7.25833234988 2.03743969356 -1.61988086746
2024-10-07T18:15:00.000000 -1984.129266222 -250.433454017 6392.560589735 -7.11828682163 2.06214044600 -2.13205779388
2024-10-07T18:16:00.000000 -2406.176945012 -126.208263138 6249.515268913 -6.94438879287 2.07706154006 -2.63425667610
2024-10-07T18:17:00.000000 -2816.794704048 -1.383254605 6076.696981345 -6.73743482082 2.08212474120 -3.12409745248
2024-10-07T18:18:00.000000 -3214.026889772 123.448809512 5874.917414297 -6.49837457744 2.07729484196 -3.59924843590
2024-10-07T18:19:00.000000 -3595.979540452 247.694493248 5645.126390657 -6.22831340344 2.06258474466 -4.05744070377
2024-10-07T18:20:00.000000 -3960.829415785 370.762524970 5388.407670759 -5.92850309984 2.03805356175 -4.49647874546
2024-10-07T18:21:00.000000 -4306.832804095 492.066594821 5105.974355141 -5.60034214619 2.00380768451 -4.91424905627
2024-10-07T18:22:00.000000 -4632.334197943 611.028216017 4799.163593380 -5.24537168929 1.96000187806 -5.30873284982
2024-10-07T18:23:00.000000 -4935.774573647 727.079646740 4469.430384549 -4.86526388506 1.90683887583 -5.67802163514
2024-10-07T18:24:00.000000 -5215.699009488 839.666662743 4118.340898521 -4.46181741190 1.84456652358 -6.02031971761
2024-10-07T18:25:00.000000 -5470.764214052 948.251295439 3747.565255355 -4.03695188723 1.77347889380 -6.33396063147
2024-10-07T18:26:00.000000 -5699.745269301 1052.314535478 3358.869418373 -3.59269137155 1.69391280038 -6.61741635008
2024-10-07T18:27:00.000000 -5901.541687246 1151.358760508 2954.106842238 -3.13115930883 1.60624459737 -6.86929982958
2024-10-07T18:28:00.000000 -6075.183183610 1244.910171206 2535.209675541 -2.65456974938 1.51089183804 -7.08837671012
2024-10-07T18:29:00.000000 -6219.834711074 1332.521182578 2104.179385348 -2.16521509902 1.40831039802 -7.27357175244
2024-10-07T18:30:00.000000 -6334.800846642 1413.772677541 1663.076993073 -1.66545483712 1.29899302743 -7.42397612897
2024-10-07T18:31:00.000000 -6419.529425725 1488.276143274 1214.012920660 -1.15770263228 1.18346654121 -7.53885280317
2024-10-07T18:32:00.000000 -6473.614403881 1555.675613902 759.136561979 -0.64441347218 1.06228858881 -7.61764017778
2024-10-07T18:33:00.000000 -6496.797985468 1615.649456191 300.625671594 -0.12807210283 0.93604562761 -7.65995506411
2024-10-07T18:34:00.000000 -6488.972046668 1667.912019489 -159.324464962 0.38881970237 0.80534988780 -7.66559698545
2024-10-07T18:35:00.000000 -6450.178698714 1712.215053145 -618.512051182 0.90375802368 0.67083530761 -7.63454930799
2024-10-07T18:36:00.000000 -6380.610017820 1748.348926149 -1074.739822718 1.41425056716 0.53315467710 -7.56697975679
2024-10-07T18:37:00.000000 -6280.606887209 1776.143631152 -1525.826057714 1.91783149048 0.39297529843 -7.46323797778
2024-10-07T18:38:00.000000 -6150.657059231 1795.469562830 -1969.615398971 2.41207318319 0.25097624866 -7.32385299323
2024-10-07T18:39:00.000000 -5991.392434842 1806.238130250 -2403.989536593 2.89460052590 0.10784471516 -7.14952963374
2024-10-07T18:40:00.000000 -5803.585566983 1808.402081950 -2826.877567982 3.36310179287 -0.03572908648 -6.94114250420
2024-10-07T18:41:00.000000 -5588.145533875 1801.955615366 -3236.266066550 3.81534032309 -0.17905428274 -6.69973203898
2024-10-07T18:42:00.000000 -5346.113035631 1786.934277095 -3630.208794961 4.24916656258 -0.32144424149 -6.42649576584
2024-10-07T18:43:00.000000 -5078.654964613 1763.414615558 -4006.835918524 4.66252545293 -0.46221905318 -6.12278227164
2024-10-07T18:44:00.000000 -4787.058383589 1731.513711341 -4364.362886285 5.05346810825 -0.60070830052 -5.79008421455
2024-10-07T18:45:00.000000 -4472.723863827 1691.388474423 -4701.098791752 5.42016123508 -0.73625535065 -5.43002867358
2024-10-07T18:46:00.000000 -4137.158318425 1643.234726578 -5015.454128260 5.76089454980 -0.86822019344 -5.04436699790
2024-10-07T18:47:00.000000 -3781.967416117 1587.286118573 -5305.947955681 6.07408742644 -0.99598242246 -4.63496501925
2024-10-07T18:48:00.000000 -3408.847659560 1523.812871636 -5571.214477377 6.35829335805 -1.11894357450 -4.20379370737
2024-10-07T18:49:00.000000 -3019.578160391 1453.120436000 -5810.009133763 6.61220687850 -1.23652841858 -3.75292183412
2024-10-07T18:50:00.000000 -2616.011934345 1375.547941871 -6021.214115742 6.83467041871 -1.34819023051 -3.28450332229
2024-10-07T18:51:00.000000 -2200.066959093 1291.466423812 -6203.843105987 7.02467666254 -1.45341229757 -2.80076564342
2024-10-07T18:52:00.000000 -1773.717048776 1201.276991953 -6357.045385927 7.18137236210 -1.55170921668 -2.30399930390
2024-10-07T18:53:00.000000 -1338.982538193 1105.408873331 -6480.109253122 7.30406013900 -1.64262947002 -1.79654572666
2024-10-07T18:54:00.000000 -897.920940735 1004.317376202 -6572.464727016 7.39219761802 -1.72575484768 -1.28078612096
2024-10-07T18:55:00.000000 -452.617675938 898.481872532 -6633.685787702 7.44539791822 -1.80070258083 -0.75913728553
2024-10-07T18:56:00.000000 -5.176577245 788.403497755 -6663.492225303 7.46343420703 -1.86712987160 -0.23404018179
2024-10-07T18:57:00.000000 442.289741931 674.602845421 -6661.750717734 7.44624148486 -1.92473076794 0.29205183641
2024-10-07T18:58:00.000000 887.669575656 557.617659865 -6628.475108311 7.39391237257 -1.97324016848 0.81668864279
2024-10-07T18:59:00.000000 1328.861260782 438.000406461 -6563.826168625 7.30669076821 -2.01243195100 1.33742119459
2024-10-07T19:00:00.000000 1763.782738788 316.315864136 -6468.111447676 7.18498785974 -2.04212347692 1.85181114916
2024-10-07T19:01:00.000000 2190.381457657 193.138326960 -6341.783696189 7.02937243163 -2.06217936656 2.35745912818
2024-10-07T19:02:00.000000 2606.643382507 69.048992013 -6185.438460608 6.84056010121 -2.07250413024 2.85200272264
2024-10-07T19:03:00.000000 3010.602115773 -55.366468782 -5999.811944341 6.61942492217 -2.07304544378 3.33312000692
2024-10-07T19:04:00.000000 3400.348301245 -179.520654611 -5785.777760849 6.36699082717 -2.06379798501 3.79855448658
2024-10-07T19:05:00.000000 3774.038225950 -302.827227095 -5544.342866651 6.08442197186 -2.04480196178 4.24611845865
2024-10-07T19:06:00.000000 4129.902227603 -424.703558003 -5276.643252118 5.77302224601 -2.01614075689 4.67369984788
2024-10-07T19:07:00.000000 4466.253046387 -544.573325409 -4983.939138991 5.43423438462 -1.97794148868 5.07927201009
2024-10-07T19:08:00.000000 4781.493980598 -661.869203689 -4667.609411667 5.06963211264 -1.93037707388 5.46090751434
2024-10-07T19:09:00.000000 5074.126507778 -776.035597260 -4329.145479422 4.68091399805 -1.87366515345 5.81678492482
2024-10-07T19:10:00.000000 5342.757579168 -886.531233104 -3970.144560417 4.26989574539 -1.80806535585 6.14519944954
2024-10-07T19:11:00.000000 5586.106484281 -992.831740375 -3592.302495091 3.83850510552 -1.73388186603 6.44457096910
2024-10-07T19:12:00.000000 5803.011269103 -1094.432259836 -3197.405898547 3.38877148856 -1.65145989260 6.71345465443
2024-10-07T19:13:00.000000 5992.434575900 -1190.849828493 -2787.323802142 2.92281596034 -1.56118417281 6.95054986149
2024-10-07T19:14:00.000000 6153.468695258 -1281.625709629 -2363.998887032 2.44283880296 -1.46347723872 7.15470171091
2024-10-07T19:15:00.000000 6285.340309222 -1366.327672122 -1929.438569672 1.95111741616 -1.35880027632 7.32491036182
2024-10-07T19:16:00.000000 6387.414613807 -1444.552259021 -1485.705301083 1.44998888241 -1.24764999407 7.46034169190
2024-10-07T19:17:00.000000 6459.198494895 -1515.926707931 -1034.906598427 0.94183787739 -1.13055268174 7.56032721844
2024-10-07T19:18:00.000000 6500.343179122 -1580.110760056 -579.185008221 0.42908846722 -1.00806506668 7.62436976604
2024-10-07T19:19:00.000000 6510.646069856 -1636.798320389 -120.707685047 -0.08581232565 -0.88076846580 7.65214522701
2024-10-07T19:20:00.000000 6490.051951846 -1685.718872773 338.343967189 -0.60040055553 -0.74926748952 7.64350414460
2024-10-07T19:21:00.000000 6438.653535390 -1726.638858965 795.784967729 -1.11221264000 -0.61418907920 7.59847653209
2024-10-07T19:22:00.000000 6356.691000477 -1759.362918528 1249.437396737 -1.61879713636 -0.47617905430 7.51726729931
2024-10-07T19:23:00.000000 6244.551041231 -1783.734945747 1697.140968031 -2.11772491037 -0.33589943910 7.40026014327
2024-10-07T19:24:00.000000 6102.764949668 -1799.638916296 2136.763740202 -2.60660742535 -0.19402320138 7.24801494146
2024-10-07T19:25:00.000000 5932.005858943 -1806.999360621 2566.212488943 -3.08310648047 -0.05122864948 7.06126173536
2024-10-07T19:26:00.000000 5733.085442686 -1805.781627994 2983.442840687 -3.54494461141 0.09180225047 6.84089851277
2024-10-07T19:27:00.000000 5506.949841190 -1795.992008801 3386.469197269 -3.98991859022 0.23438725539 6.58798492633
2024-10-07T19:28:00.000000 5254.674983408 -1777.677673834 3773.374274217 -4.41590756148 0.37584666390 6.30373867349
2024-10-07T19:29:00.000000 4977.461042736 -1750.926410091 4142.318408468 -4.82089382009 0.51550616598 5.98952449848
2024-10-07T19:30:00.000000 4676.626401012 -1715.866324020 4491.547674382 -5.20295046932 0.65269672831 5.64683940811
2024-10-07T19:31:00.000000 4353.601915527 -1672.665235333 4819.402654607 -5.56026476457 0.78676645711 5.27733345214
2024-10-07T19:32:00.000000 4009.923254916 -1621.529388934 5124.326485266 -5.89115172901 0.91708458013 4.88277148447
2024-10-07T19:33:00.000000 3647.223588068 -1562.702449284 5404.871701907 -6.19404952784 1.04303532026 4.46503631220
2024-10-07T19:34:00.000000 3267.225656687 -1496.464393386 5659.707081958 -6.46753465275 1.16402467720 4.02611646541
2024-10-07T19:35:00.000000 2871.733447198 -1423.130141945 5887.623614655 -6.71032383396 1.27948220571 3.56809612241
2024-10-07T19:36:00.000000 2462.623550519 -1343.048074024 6087.539900348 -6.92128019086 1.38886350719 3.09314250097
2024-10-07T19:37:00.000000 2041.836394827 -1256.598349692 6258.506843491 -7.09941294339 1.49165431689 2.60349771738
2024-10-07T19:38:00.000000 1611.367367669 -1164.191063124 6399.712007875 -7.24388245623 1.58737099451 2.10147370790
2024-10-07T19:39:00.000000 1173.257542307 -1066.264329867 6510.483456991 -7.35400531752 1.67556385656 1.58943992591
2024-10-07T19:40:00.000000 729.584231025 -963.282182714 6590.292936519 -7.42925854902 1.75581875045 1.06981421347
2024-10-07T19:41:00.000000 282.451157176 -855.732444104 6638.758324954 -7.46928492754 1.82775664982 0.54504697432
2024-10-07T19:42:00.000000 -166.021356889 -744.124575806 6655.645152622 -7.47388691842 1.89103658169 0.01760948895
2024-10-07T19:43:00.000000 -613.706024404 -628.987200174 6640.867805751 -7.44303165977 1.94536028694 -0.51001088791
2024-10-07T19:44:00.000000 -1058.478508548 -510.865705140 6594.489977816 -7.37684973977 1.99046741816 -1.03532498491
2024-10-07T19:45:00.000000 -1498.227286580 -390.319793461 6516.724563946 -7.27563781568 2.02614174088 -1.55585196098
2024-10-07T19:46:00.000000 -1930.863509816 -267.920849876 6407.932680562 -7.13985433996 2.05220983708 -2.06913311961
2024-10-07T19:47:00.000000 -2354.330608945 -144.249365368 6268.622095570 -6.97011621025 2.06854189298 -2.57274019429
2024-10-07T19:48:00.000000 -2766.613733013 -19.892252625 6099.445153721 -6.76719700341 2.07505378447 -3.06428413159
2024-10-07T19:49:00.000000 -3165.749077305 104.559838454 5901.196126267 -6.53202457685 2.07170483870 -3.54142353308
2024-10-07T19:50:00.000000 -3549.833236140 228.515195397 5674.808184110 -6.26568515738 2.05850084419 -4.00187269117
2024-10-07T19:51:00.000000 -3917.032711845 351.383909622 5421.349457427 -5.96942099412 2.03549692369 -4.44342223735
2024-10-07T19:52:00.000000 -4265.592839438 472.580847410 5142.017984435 -5.64461587781 2.00279553615 -4.86395139193
2024-10-07T19:53:00.000000 -4593.846197251 591.528326618 4838.136324899 -5.29279422627 1.96054336920 -5.26143241919
2024-10-07T19:54:00.000000 -4900.220890410 707.658877335 4511.145548142 -4.91561389258 1.90893401203 -5.63394445252
2024-10-07T19:55:00.000000 -5183.248276023 820.418029530 4162.598588101 -4.51485810996 1.84820718734 -5.97968091969
2024-10-07T19:56:00.000000 -5441.570314483 929.267042322 3794.153049941 -4.09242847763 1.77864692315 -6.29696113062
2024-10-07T19:57:00.000000 -5673.946356952 1033.685503591 3407.563437322 -3.65033539157 1.70058028402 -6.58423687116
2024-10-07T19:58:00.000000 -5879.259461791 1133.173917738 3004.672956550 -3.19069057876 1.61437707026 -6.84010097487
2024-10-07T19:59:00.000000 -6056.522258522 1227.256216908 2587.404794525 -2.71569991377 1.52044837209 -7.06329680853
2024-10-07T20:00:00.000000 -6204.882200370 1315.482181576 2157.752722305 -2.22764899826 1.41924383051 -7.25272900716
2024-10-07T20:01:00.000000 -6323.625973088 1397.429642876 1717.771301779 -1.72889172127 1.31124879668 -7.40746757021
2024-10-07T20:02:00.000000 -6412.183247156 1472.706619330 1269.565760284 -1.22183779985 1.19698393210 -7.52675462738
2024-10-07T20:03:00.000000 -6470.129580997 1540.953352259 815.281554414 -0.70893857127 1.07700188221 -7.61000719445
2024-10-07T20:04:00.000000 -6497.188620685 1601.844101122 357.093812434 -0.19267719568 0.95188346896 -7.65682008013
2024-10-07T20:05:00.000000 -6493.233635365 1655.088755765 -102.803479689 0.32444448365 0.82223522152 -7.66697034861
2024-10-07T20:06:00.000000 -6458.288210321 1700.434315998 -562.208483355 0.83992011815 0.68868703220 -7.64041953088
2024-10-07T20:07:00.000000 -6392.526070115 1737.666172349 -1018.922621847 1.35125418590 0.55188794677 -7.57731468273
2024-10-07T20:08:00.000000 -6296.269956283 1766.609119922 -1470.761632890 1.85597717487 0.41250173382 -7.47798517587
2024-10-07T20:09:00.000000 -6169.989681658 1787.128121002 -1915.566374467 2.35165802396 0.27120288522 -7.34293800206
2024-10-07T20:10:00.000000 -6014.299551432 1799.128882170 -2351.213355329 2.83591313250 0.12867493022 -7.17285475955
2024-10-07T20:11:00.000000 -5829.955102584 1802.558281588 -2775.625205605 3.30642081043 -0.01439454581 -6.96859007313
2024-10-07T20:12:00.000000 -5617.849013530 1797.404462602 -3186.780842580 3.76093340213 -0.15731781534 -6.73116457299
2024-10-07T20:13:00.000000 -5379.006292457 1783.696774798 -3582.725221673 4.19728923846 -0.29940974268 -6.46175743216
2024-10-07T20:14:00.000000 -5114.578856721 1761.505506684 -3961.578608704 4.61342099039 -0.43999135315 -6.16169889425
2024-10-07T20:15:00.000000 -4825.839598921 1730.941409429 -4321.545469294 5.00736515295 -0.57839347524 -5.83246393585
2024-10-07T20:16:00.000000 -4514.175883604 1692.155028630 -4660.922905217 5.37727124309 -0.71395924968 -5.47566438392
2024-10-07T20:17:00.000000 -4181.082430612 1645.335849991 -4978.108602348 5.72141267279 -0.84604809344 -5.09303902550
2024-10-07T20:18:00.000000 -3828.153676282 1590.711243959 -5271.608075175 6.03819283132 -0.97403835737 -4.68644159062
2024-10-07T20:19:00.000000 -3457.075858133 1528.545226765 -5540.041289586 6.32614935882 -1.09733042575 -4.25783215365
2024-10-07T20:20:00.000000 -3069.618741298 1459.137092779 -5782.148768088 6.58396140530 -1.21534838434 -3.80926724862
2024-10-07T20:21:00.000000 -2667.626977755 1382.819914516 -5996.797020032 6.81045387630 -1.32754256938 -3.34288793721
2024-10-07T20:22:00.000000 -2253.011330250 1299.958908490 -6182.983339865 7.00459884303 -1.43339166422 -2.86091192450
2024-10-07T20:23:00.000000 -1827.739620738 1210.949612993 -6339.840184351 7.16552388038 -1.53240698031 -2.36562402696
2024-10-07T20:24:00.000000 -1393.827289010 1116.215859898 -6466.638617807 7.29251263402 -1.62413402509 -1.85935745234
2024-10-07T20:25:00.000000 -953.328234065 1016.207716805 -6562.791037218 7.38500026529 -1.70815280726 -1.34449001485
2024-10-07T20:26:00.000000 -508.325507344 911.399431976 -6627.853687044 7.44258083307 -1.78407743466 -0.82343676467
2024-10-07T20:27:00.000000 -60.921665242 802.287321158 -6661.528486797 7.46501007865 -1.85155835873 -0.29863570758
2024-10-07T20:28:00.000000 386.770857633 689.387580439 -6663.663971877 7.45220217635 -1.91028320757 0.22746531515
2024-10-07T20:29:00.000000 832.639092384 573.233896512 -6634.255700572 7.40422442373 -1.95998140548 0.75241335712
2024-10-07T20:30:00.000000 1274.578839448 454.374939656 -6573.446584060 7.32130496355 -2.00042464939 1.27375162607
2024-10-07T20:31:00.000000 1710.504638105 333.371783243 -6481.526404172 7.20383781807 -2.03142697293 1.78904585193
2024-10-07T20:32:00.000000 2138.359215752 210.795469664 -6358.930084314 7.05236784413 -2.05284239574 2.29589094638
2024-10-07T20:33:00.000000 2556.122651285 87.224499657 -6206.235976647 6.86759675688 -2.06456925655 2.79191360608
2024-10-07T20:34:00.000000 2961.821854625 -36.757936868 -6024.163370985 6.65038183654 -2.06655230892 3.27479219592
2024-10-07T20:35:00.000000 3353.539537177 -160.566630705 -5813.569086020 6.40172496714 -2.05877944030 3.74226422065
2024-10-07T20:36:00.000000 3729.422838837 -283.616947940 -5575.443822092 6.12277229617 -2.04128204279 4.19213096793
2024-10-07T20:37:00.000000 4087.691977272 -405.327494375 -5310.907983280 5.81481235804 -2.01413700992 4.62226984906
2024-10-07T20:38:00.000000 4426.648596271 -525.122821662 -5021.206816392 5.47927076239 -1.97746515179 5.03064316639
2024-10-07T20:39:00.000000 4744.683960694 -642.436075295 -4707.704991522 5.11770774444 -1.93143288204 5.41531076004
2024-10-07T20:40:00.000000 5040.286666822 -756.711736394 -4371.880342728 4.73180578628 -1.87625044656 5.77444104878
2024-10-07T20:41:00.000000 5312.049842663 -867.408156356 -4015.317296584 4.32336695905 -1.81217094632 6.10631424200
2024-10-07T20:42:00.000000 5558.678155429 -974.000225897 -3639.699694229 3.89430391000 -1.73949136093 6.40933859508
2024-10-07T20:43:00.000000 5778.993977860 -1075.981785794 -3246.803009394 3.44662780666 -1.65854669790 6.68205032226
2024-10-07T20:44:00.000000 5971.943421537 -1172.868082313 -2838.486517679 2.98245076197 -1.56971588968 6.92312408960
2024-10-07T20:45:00.000000 6136.601900088 -1264.198298034 -2416.684419752 2.50396765185 -1.47341647076 7.13138791599
2024-10-07T20:46:00.000000 6272.178730369 -1349.537699392 -1983.396635579 2.01344630195 -1.37010032480 7.30582388504
2024-10-07T20:47:00.000000 6378.021270255 -1428.479730294 -1540.679324644 1.51321716503 -1.26025488688 7.44557653043
2024-10-07T20:48:00.000000 6453.618216520 -1500.648078302 -1090.635099024 1.00566100741 -1.14440011837 7.54995272764
2024-10-07T20:49:00.000000 6498.602548927 -1565.698551375 -635.403046483 0.49320350963 -1.02308666358 7.61843236482
2024-10-07T20:50:00.000000 6512.753603117 -1623.320873810 -177.148089771 -0.02170557641 -0.89689366672 7.65067416151
2024-10-07T20:51:00.000000 6495.998004695 -1673.240194341 281.949655503 -0.53660830757 -0.76642146891 7.64651177820
2024-10-07T20:52:00.000000 6448.409934742 -1715.218253356 739.705200037 -1.04904447461 -0.63229021962 7.60594899944
2024-10-07T20:53:00.000000 6370.211182551 -1749.054661086 1193.939023882 -1.55655592994 -0.49514142407 7.52916686623
2024-10-07T20:54:00.000000 6261.770416733 -1774.587996605 1642.488005419 -2.05670896485 -0.35563167441 7.41652966981
2024-10-07T20:55:00.000000 6123.601182247 -1791.696602863 2083.216158954 -2.54710989075 -0.21442915398 7.26857673686
2024-10-07T20:56:00.000000 5956.359208658 -1800.299136102 2514.024946641 -3.02541381106 -0.07220894868 7.08601611770
2024-10-07T20:57:00.000000 5760.839244104 -1800.354941240 2932.863342113 -3.48933400897 0.07034814663 6.86972344607
2024-10-07T20:58:00.000000 5537.971183273 -1791.864223858 3337.737842059 -3.93665445826 0.21256192636 6.62074012398
2024-10-07T20:59:00.000000 5288.815352071 -1774.867961787 3726.722237627 -4.36524600380 0.35375336714 6.34026569202
2024-10-07T21:00:00.000000 5014.556991861 -1749.447736462 4097.966691707 -4.77307401050 0.49324932300 6.02964433192
2024-10-07T21:01:00.000000 4716.500602214 -1715.725219006 4449.706264929 -5.15819947363 0.63038677533 5.69036299884
2024-10-07T21:02:00.000000 4396.063677731 -1673.861542511 4780.269479468 -5.51879763802 0.76451395136 5.32404715359
2024-10-07T21:03:00.000000 4054.769644020 -1624.056460231 5088.086174537 -5.85316231325 0.89499578243 4.93244799218
2024-10-07T21:04:00.000000 3694.240489822 -1566.547355921 5371.694921399 -6.15971702908 1.02121305187 4.51743641211
2024-10-07T21:05:00.000000 3316.188679868 -1501.608127894 5629.749732719 -6.43702231045 1.14256953730 4.08098730206
2024-10-07T21:06:00.000000 2922.408960655 -1429.547643184 5861.025968441 -6.68377494640 1.25849516915 3.62516988311
2024-10-07T21:07:00.000000 2514.770047896 -1350.708268727 6064.425896989 -6.89881449611 1.36844375262 3.15214390619
2024-10-07T21:08:00.000000 2095.205798766 -1265.464296568 6238.983780190 -7.08113031695 1.47189819720 2.66414731381
2024-10-07T21:09:00.000000 1665.706155329 -1174.220106925 6383.870216438 -7.22986387316 1.56837256487 2.16348491478
2024-10-07T21:10:00.000000 1228.307961195 -1077.408307034 6498.395943861 -7.34431174161 1.65741217671 1.65252282001
2024-10-07T21:11:00.000000 785.085310123 -975.487754166 6582.015209694 -7.42393670476 1.73859773963 1.13367406725
2024-10-07T21:12:00.000000 338.139708133 -868.941303729 6634.327882917 -7.46835939073 1.81154814961 0.60937951576
2024-10-07T21:13:00.000000 -110.409305592 -758.273597085 6655.081311654 -7.47736201567 1.87591880142 0.08211271623
2024-10-07T21:14:00.000000 -558.434171303 -644.008798335 6644.171618002 -7.45089209000 1.93140334523 -0.44564300442
2024-10-07T21:15:00.000000 -1003.809006194 -526.688254795 6601.644195016 -7.38906004389 1.97773627692 -0.97139692198
2024-10-07T21:16:00.000000 -1444.419538615 -406.867961435 6527.693666492 -7.29214145555 2.01469486884 -1.49266763505
2024-10-07T21:17:00.000000 -1878.172867719 -285.115980018 6422.663003543 -7.16057270520 2.04209943083 -2.00699294580
2024-10-07T21:18:00.000000 -2303.007109572 -162.009875050 6287.042113607 -6.99495123501 2.05981316730 -2.51193961962
2024-10-07T21:19:00.000000 -2716.900893529 -38.134087798 6121.465756741 -6.79602916179 2.06774416432 -3.00511218667
2024-10-07T21:20:00.000000 -3117.882743123 85.922858832 5926.711221124 -6.56471894471 2.06584840050 -3.48415849844
2024-10-07T21:21:00.000000 -3504.040686476 209.571198699 5703.695080002 -6.30208969126 2.05412803908 -3.94679002116
2024-10-07T21:22:00.000000 -3873.531399014 332.222642759 5453.469120290 -6.00936013587 2.03263015313 -4.39078902644
2024-10-07T21:23:00.000000 -4224.589175600 453.293092542 5177.215843212 -5.68789873163 2.00144769694 -4.81401922222
2024-10-07T21:24:00.000000 -4555.534657729 572.205465740 4876.243041568 -5.33921263340 1.96072168376 -5.21444110570
2024-10-07T21:25:00.000000 -4864.782991000 688.392524136 4551.977921347 -4.96494555207 1.91063867107 -5.59011651934
2024-10-07T21:26:00.000000 -5150.851842494 801.299569832 4205.960471760 -4.56686834804 1.85143030672 -5.93922544442
2024-10-07T21:27:00.000000 -5412.368684928 910.387151512 3839.836222477 -4.14686954453 1.78337295972 -6.26007110056
2024-10-07T21:28:00.000000 -5648.077669764 1015.133720873 3455.348567000 -3.70694810117 1.70678677841 -6.55108998061
2024-10-07T21:29:00.000000 -5856.845922193 1115.038191892 3054.330527428 -3.24920300288 1.62203329038 -6.81085860385
2024-10-07T21:30:00.000000 -6037.669368237 1209.622397374 2638.696196574 -2.77582784741 1.52951532850 -7.03809950864
2024-10-07T21:31:00.000000 -6189.678215773 1298.433607568 2210.431603155 -2.28910242199 1.42967734404 -7.23169513962
2024-10-07T21:32:00.000000 -6312.141576791 1381.046866764 1771.584801301 -1.79137489924 1.32299992255 -7.39069548349
2024-10-07T21:33:00.000000 -6404.471235280 1457.067076709 1324.255736438 -1.28505038856 1.20999745514 -7.51432192326
2024-10-07T21:34:00.000000 -6466.224653230 1526.130965878 870.585857183 -0.77257837482 1.09121622113 -7.60197022130
2024-10-07T21:35:00.000000 -6497.107286829 1587.908941749 412.747465991 -0.25643937409 0.96723171037 -7.65321656218
2024-10-07T21:36:00.000000 -6496.974028058 1642.106702068 -47.067079103 0.26086692275 0.83864455150 -7.66781658715
2024-10-07T21:37:00.000000 -6465.830047136 1688.466704155 -506.656281258 0.77683397627 0.70607890208 -7.64571062955
2024-10-07T21:38:00.000000 -6403.830668830 1726.769469666 -963.820624487 1.28896608307 0.57017864293 -7.58702410876
2024-10-07T21:39:00.000000 -6311.280237826 1756.834612666 -1416.373542197 1.79479320937 0.43160236710 -7.49206184818
2024-10-07T21:40:00.000000 -6188.630369420 1778.521627860 -1862.152024787 2.29187734263 0.29102007617 -7.36130444634
2024-10-07T21:41:00.000000 -6036.477780887 1791.730472285 -2299.027235124 2.77782247606 0.14911058930 -7.19541094766
2024-10-07T21:42:00.000000 -5855.561173657 1796.402081777 -2724.915213838 3.25029497154 0.00656025662 -6.99521682660
2024-10-07T21:43:00.000000 -5646.757072800 1792.518627889 -3137.787194469 3.70703584370 -0.13594389878 -6.76172495012
2024-10-07T21:44:00.000000 -5411.075060660 1780.103427056 -3535.679387253 4.14587041105 -0.27771762269 -6.49609710444
2024-10-07T21:45:00.000000 -5149.652458909 1759.220693335 -3916.702329465 4.56471679896 -0.41808275019 -6.19964838230
2024-10-07T21:46:00.000000 -4863.748417414 1729.975008892 -4279.049913692 4.96159828881 -0.55637260640 -5.87384019176
2024-10-07T21:47:00.000000 -4554.737274433 1692.510614126 -4621.007795223 5.33465322032 -0.69193113582 -5.52026814946
2024-10-07T21:48:00.000000 -4224.101492757 1647.010791476 -4940.961169163 5.68213952546 -0.82411454702 -5.14065413390
2024-10-07T21:49:00.000000 -3873.424256015 1593.696840676 -5237.402214361 6.00244393249 -0.95229995779 -4.73683981198
2024-10-07T21:50:00.000000 -3504.381543574 1532.826799187 -5508.936850099 6.29408698415 -1.07588616074 -4.31077399264
2024-10-07T21:51:00.000000 -3118.733880185 1464.694012541 -5754.290951429 6.55573187010 -1.19429763293 -3.86450365552
2024-10-07T21:52:00.000000 -2718.317594962 1389.625599624 -5972.315700748 6.78618751618 -1.30698418663 -3.40015655821
2024-10-07T21:53:00.000000 -2305.036251735 1307.980885041 -6161.992284540 6.98440485853 -1.41342304794 -2.91993925480
2024-10-07T21:54:00.000000 -1880.851746979 1220.149635570 -6322.436537362 7.14949059903 -1.51312294240 -2.42612988192
2024-10-07T21:55:00.000000 -1447.774857688 1126.550110765 -6452.902603551 7.28070766410 -1.60562493483 -1.92105876079
2024-10-07T21:56:00.000000 -1007.855924677 1027.627150622 -6552.785833451 7.37747506064 -1.69050278164 -1.40710094361
2024-10-07T21:57:00.000000 -563.175409608 923.850084959 -6621.625141765 7.43936983654 -1.76736648044 -0.88666503335
2024-10-07T21:58:00.000000 -115.834415483 815.710554314 -6659.104684788 7.46612623055 -1.83586231982 -0.36218219945
2024-10-07T21:59:00.000000 332.054660526 703.720311852 -6665.055032386 7.45763388097 -1.89567431084 0.16389890326
2024-10-07T22:00:00.000000 778.377532859 588.408824000 -6639.454063459 7.41394144077 -1.94652836380 0.68911788443
2024-10-07T22:01:00.000000 1221.027823859 470.320747429 -6582.427240361 7.33526364598 -1.98819171071 1.21101980204
2024-10-07T22:02:00.000000 1657.916807353 350.013522586 -6494.246742838 7.22197276627 -2.02047142762 1.72716987912
2024-10-07T22:03:00.000000 2086.982691155 228.054852534 -6375.330112993 7.07459410402 -2.04321861104 2.23515788031
2024-10-07T22:04:00.000000 2506.199943954 105.020122458 -6226.238637315 6.89381270484 -2.05632562405 2.73260585961
2024-10-07T22:05:00.000000 2913.588836295 -18.510103863 -6047.674750062 6.68046706798 -2.05972819050 3.21718854135
2024-10-07T22:06:00.000000 3307.224258424 -141.952748904 -5840.478794959 6.43553984668 -2.05340674612 3.68663411257
2024-10-07T22:07:00.000000 3685.244529620 -264.724940365 -5605.625619188 6.16016272574 -2.03738807391 4.13873442830
2024-10-07T22:08:00.000000 4045.860097566 -386.246742923 -5344.220199128 5.85560590721 -2.01174209431 4.57136027930
2024-10-07T22:09:00.000000 4387.361741715 -505.943674400 -5057.492948367 5.52327875501 -1.97658177162 4.98246151617
2024-10-07T22:10:00.000000 4708.128960791 -623.249413688 -4746.794408542 5.16472634778 -1.93206584434 5.37008666422
2024-10-07T22:11:00.000000 5006.637688338 -737.608492135 -4413.589063543 4.78161722631 -1.87839717200 5.73238979287
2024-10-07T22:12:00.000000 5281.467587643 -848.478912175 -4059.448804211 4.37573972095 -1.81582180984 6.06763857678
2024-10-07T22:13:00.000000 5531.308995124 -955.334717348 -3686.045770162 3.94899263251 -1.74462818816 6.37422486093
2024-10-07T22:14:00.000000 5754.969275139 -1057.668487409 -3295.144747135 3.50337747349 -1.66514561447 6.65066941867
2024-10-07T22:15:00.000000 5951.378860710 -1154.993801108 -2888.595194852 3.04099358137 -1.57774484330 6.89563119291
2024-10-07T22:16:00.000000 6119.596791202 -1246.847683978 -2468.322603637 2.56402646039 -1.48283606327 7.10791822251
2024-10-07T22:17:00.000000 6258.815521570 -1332.792881469 -2036.319335963 2.07473576553 -1.38086607301 7.28649417670
2024-10-07T22:18:00.000000 6368.365039822 -1412.419993784 -1594.635162702 1.57544470198 -1.27231621679 7.43048261627
2024-10-07T22:19:00.000000 6447.716384465 -1485.349482764 -1145.367500766 1.06852986297 -1.15770009778 7.53917283599
2024-10-07T22:20:00.000000 6496.484460629 -1551.233527227 -690.651316996 0.55640792056 -1.03756103876 7.61202399282
2024-10-07T22:21:00.000000 6514.430108110 -1609.757767848 -232.648903154 0.04152521116 -0.91247081369 7.64866701437
2024-10-07T22:22:00.000000 6501.461553491 -1660.642922717 226.460617254 -0.47365411214 -0.78302619247 7.64891080894
2024-10-07T22:23:00.000000 6457.634967309 -1703.646161751 684.492066950 -0.98666612635 -0.64984472965 7.61274363319
2024-10-07T22:24:00.000000 6383.154100188 -1738.562276740 1139.264686069 -1.49505444546 -0.51356316563 7.54032448948
2024-10-07T22:25:00.000000 6278.369741834 -1765.224791808 1588.612684576 -1.99637872833 -0.37483443830 7.43199503431
2024-10-07T22:26:00.000000 6143.778000720 -1783.506739095 2030.396156324 -2.48823744135 -0.23432248737 7.28827473553
2024-10-07T22:27:00.000000 5980.017595352 -1793.321267844 2462.511537223 -2.96828059426 -0.09269957161 7.10985404954
2024-10-07T22:28:00.000000 5787.866542198 -1794.621983232 2882.901623387 -3.43421532536 0.04935859501 6.89758793374
2024-10-07T22:29:00.000000 5568.238495106 -1787.403067546 3289.565480422 -3.88381598907 0.19117516712 6.65249653795
2024-10-07T22:30:00.000000 5322.178243947 -1771.699363905 3680.568146736 -4.31493880789 0.33207176815 6.37575748827
2024-10-07T22:31:00.000000 5050.856433656 -1747.586321383 4054.049941420 -4.72553485738 0.47137551031 6.06870093191
2024-10-07T22:32:00.000000 4755.563674683 -1715.179414696 4408.235248824 -5.11365440243 0.60842404967 5.73279853595
2024-10-07T22:33:00.000000 4437.704243689 -1674.633575673 4741.440914708 -5.47746061558 0.74256604548 5.36965785661
2024-10-07T22:34:00.000000 4098.789189838 -1626.142332260 5052.084030937 -5.81523166098 0.87316654639 4.98101317233
2024-10-07T22:35:00.000000 3740.429140566 -1569.936764748 5338.689448200 -6.12537241237 0.99960894537 4.56871968987
2024-10-07T22:36:00.000000 3364.326396579 -1506.284380928 5599.896606901 -6.40642296058 1.12129601983 4.13474012914
2024-10-07T22:37:00.000000 2972.266708174 -1435.487848400 5834.465705566 -6.65706224070 1.23765371822 3.68113556516
2024-10-07T22:38:00.000000 2566.110811469 -1357.883476295 6041.283286882 -6.87611200199 1.34813515136 3.21005443935
2024-10-07T22:39:00.000000 2147.785806399 -1273.839594962 6219.367276138 -7.06254021603 1.45221937024 2.72372741179
2024-10-07T22:40:00.000000 1719.276037596 -1183.754946504 6367.871630105 -7.21547102060 1.54941501440 2.22445511965
2024-10-07T22:41:00.000000 1282.613717869 -1088.056731451 6486.090128316 -7.33418549475 1.63926486073 1.71459622674
2024-10-07T22:42:00.000000 839.869381712 -987.198556850 6573.459505586 -7.41812485526 1.72134619874 1.19655494939
2024-10-07T22:43:00.000000 393.142363895 -881.658325321 6629.561913300 -7.46688879738 1.79527203245 0.67277394714
2024-10-07T22:44:00.000000 -55.448984714 -771.936025804 6654.126878161 -7.48024307013 1.86069332665 0.14571875304
2024-10-07T22:45:00.000000 -503.776968029 -658.551476827 6647.032348749 -7.45811125675 1.91729854262 -0.38212723094
2024-10-07T22:46:00.000000 -949.714319416 -542.041949544 6608.305603197 -7.40058418023 1.96481771291 -0.90827380955
2024-10-07T22:47:00.000000 -1391.144142286 -422.959664504 6538.123122939 -7.30791597294 2.00302264158 -1.43023926541
2024-10-07T22:48:00.000000 -1825.969591373 -301.869259079 6436.809860841 -7.18052099381 2.03172767818 -1.94555706847
2024-10-07T22:49:00.000000 -2252.123559614 -179.345206746 6304.838087779 -7.01897622535 2.05079110199 -2.45178549496
2024-10-07T22:50:00.000000 -2667.578384518 -55.969106149 6142.825494649 -6.82401897480 2.06011697456 -2.94652095905
2024-10-07T22:51:00.000000 -3070.355363067 67.673008466 5951.532576328 -6.59654334996 2.05965333184 -3.42740803488
2024-10-07T22:52:00.000000 -3458.534137782 190.993351305 5731.859519911 -6.33760043902 2.04939420466 -3.89214815308
2024-10-07T22:53:00.000000 -3830.262046651 313.405206697 5484.842267187 -6.04839358901 2.02938110160 -4.33851742070
2024-10-07T22:54:00.000000 -4183.762921177 434.325693724 5211.647795881 -5.73026941904 1.99970020811 -4.76437154794
2024-10-07T22:55:00.000000 -4517.345761944 553.178500977 4913.569126032 -5.38471905510 1.96048427046 -5.16765661768
2024-10-07T22:56:00.000000 -4829.413163865 669.396658366 4592.019491336 -5.01337065706 1.91191246811 -5.54642129262
2024-10-07T22:57:00.000000 -5118.469315853 782.425351034 4248.525755975 -4.61798006903 1.85420984129 -5.89883071188
2024-10-07T22:58:00.000000 -5383.127348251 891.724570439 3884.721254550 -4.20042195336 1.78764518782 -6.22317198336
2024-10-07T22:59:00.000000 -5622.116273764 996.771756986 3502.338234208 -3.76268354803 1.71253124359 -6.51786227902
2024-10-07T23:00:00.000000 -5834.287536944 1097.064441304 3103.199721229 -3.30685641817 1.62922465597 -6.78146047477
2024-10-07T23:01:00.000000 -6018.620905543 1192.122764311 2689.210752241 -2.83512503967 1.53812179252 -7.01267516059
2024-10-07T23:02:00.000000 -6174.229741042 1281.491803978 2262.349180308 -2.34975606029 1.43965753935 -7.21037133040
2024-10-07T23:03:00.000000 -6300.365626227 1364.743863510 1824.656138545 -1.85308890791 1.33430425294 -7.37357595880
2024-10-07T23:04:00.000000 -6396.422438458 1441.480673963 1378.226036893 -1.34752459278 1.22256998763 -7.50148779251
2024-10-07T23:05:00.000000 -6461.939542029 1511.335435093 925.196090273 -0.83550961506 1.10499538272 -7.59348140531
2024-10-07T23:06:00.000000 -6496.604141770 1573.974696427 467.735664566 -0.31952280574 0.98215039782 -7.64911107255
2024-10-07T23:07:00.000000 -6500.252825869 1629.099953833 8.035488229 0.19793633672 0.85462981576 -7.66811068790
2024-10-07T23:08:00.000000 -6472.872477817 1676.449123958 -451.703282425 0.71436112272 0.72305226251 -7.65039944701
2024-10-07T23:09:00.000000 -6414.600138227 1715.797817693 -909.280100433 1.22725394487 0.58805498596 -7.59607712829
2024-10-07T23:10:00.000000 -6325.722283870 1746.960414777 -1362.505836167 1.73413403547 0.45029265591 -7.50542566938
2024-10-07T23:11:00.000000 -6206.673288333 1769.790970080 -1809.213731754 2.23255380790 0.31043249260 -7.37890793537
2024-10-07T23:12:00.000000 -6058.033104513 1784.183914051 -2247.270222619 2.72011188795 0.16915240228 -7.21716741803
2024-10-07T23:13:00.000000 -5880.523933529 1790.074511698 -2674.585549162 3.19446868711 0.02713507051 -7.02101907385
2024-10-07T23:14:00.000000 -5675.006328671 1787.439079938 -3089.123924429 3.65335502241 -0.11493445766 -6.79144666639
2024-10-07T23:15:00.000000 -5442.474481907 1776.294981655 -3488.913439483 4.09458676323 -0.25637392962 -6.52959384596
2024-10-07T23:16:00.000000 -5184.050929638 1756.700345838 -3872.055420197 4.51607146032 -0.39650685382 -6.23675763273
2024-10-07T23:17:00.000000 -4900.980691222 1728.753654983 -4236.733467538 4.91582063268 -0.53466536183 -5.91438163057
2024-10-07T23:18:00.000000 -4594.624770313 1692.593124880 -4581.221943620 5.29195799346 -0.67019323924 -5.56404625159
2024-10-07T23:19:00.000000 -4266.453164891 1648.395913446 -4903.893905095 5.64272794274 -0.80244935454 -5.18745911016
2024-10-07T23:20:00.000000 -3918.037432031 1596.377111905 -5203.228422307 5.96650153127 -0.93081071466 -4.78644489063
2024-10-07T23:21:00.000000 -3551.042941027 1536.788585404 -5477.817358292 6.26178177679 -1.05467494470 -4.36293729317
2024-10-07T23:22:00.000000 -3167.220755629 1469.917657445 -5726.371637860 6.52720993883 -1.17346309635 -3.91896983479
2024-10-07T23:23:00.000000 -2768.399181455 1396.085619912 -5947.726994699 6.76157161688 -1.28662183557 -3.45666779983
2024-10-07T23:24:00.000000 -2356.474800758 1315.646163399 -6140.849102032 6.96380645008 -1.39362533649 -2.97823399681
2024-10-07T23:25:00.000000 -1933.403228149 1228.983599448 -6304.837661075 7.13300507109 -1.49397889788 -2.48593182012
2024-10-07T23:26:00.000000 -1501.190224113 1136.510965148 -6438.930018243 7.26840752889 -1.58722017412 -1.98208594968
2024-10-07T23:27:00.000000 -1061.882347376 1038.667995619 -6542.504509301 7.36941420826 -1.67292169621 -1.46906785354
2024-10-07T23:28:00.000000 -617.557370186 935.919048388 -6615.082760557 7.43558329081 -1.75069013403 -0.94928068187
2024-10-07T23:29:00.000000 -170.314982969 828.751007859 -6656.331386378 7.46662609692 -1.82016836179 -0.42515396623
2024-10-07T23:30:00.000000 277.732508903 717.671058487 -6666.063482047 7.46241196571 -1.88103732432 0.10086006503
2024-10-07T23:31:00.000000 724.469915593 603.204316846 -6644.239667162 7.42297624284 -1.93301816262 0.62630008970
2024-10-07T23:32:00.000000 1167.789040429 485.891454450 -6590.968002146 7.34851493548 -1.97587166815 1.14871396371
2024-10-07T23:33:00.000000 1605.598169405 366.286227858 -6506.503256554 7.23938161334 -2.00940095730 1.66566568983
2024-10-07T23:34:00.000000 2035.831388808 244.952969748 -6391.245594288 7.09608155882 -2.03345019854 2.17474422205
2024-10-07T23:35:00.000000 2456.457821627 122.464092701 -6245.739136611 6.91927990462 -2.04790643819 2.67356533642
2024-10-07T23:36:00.000000 2865.491277352 -0.602530436 -6070.669595442 6.70979802400 -2.05270053620 3.15979627836
2024-10-07T23:37:00.000000 3260.999201331 -123.666191997 -5866.860933533 6.46860176050 -2.04780704366 3.63116174861
2024-10-07T23:38:00.000000 3641.111291309 -246.145927723 -5635.271830805 6.19680063398 -2.03324264690 4.08544719496
2024-10-07T23:39:00.000000 4004.028208773 -367.463091095 -5376.991805622 5.89565058075 -2.00906887386 4.52050881211
2024-10-07T23:40:00.000000 4348.030191881 -487.044131969 -5093.236467183 5.56654653401 -1.97539354417 4.93428896715
2024-10-07T23:41:00.000000 4671.485166922 -604.323295878 -4785.342080924 5.21101543664 -1.93236867128 5.32482488689
2024-10-07T23:42:00.000000 4972.856492818 -718.745276644 -4454.759643790 4.83071074562 -1.88019043438 5.69025640670
2024-10-07T23:43:00.000000 5250.710390865 -829.767842758 -4103.048435139 4.42740653406 -1.81909834374 6.02883588767
2024-10-07T23:44:00.000000 5503.722957441 -936.864408329 -3731.868981611 4.00298993632 -1.74937416927 6.33893748437
2024-10-07T23:45:00.000000 5730.686730888 -1039.526538475 -3342.975491887 3.55945389291 -1.67134110087 6.61906599720
2024-10-07T23:46:00.000000 5930.516752338 -1137.266404914 -2938.207730718 3.09888711914 -1.58536255140 6.86786592936
2024-10-07T23:47:00.000000 6102.256027464 -1229.619160288 -2519.482433034 2.62346495197 -1.49184105294 7.08412846551
2024-10-07T23:48:00.000000 6245.080400383 -1316.145245814 -2088.784252377 2.13543763787 -1.39121637676 7.26679931407
2024-10-07T23:49:00.000000 6358.302700168 -1396.432510322 -1648.156393680 1.63712003070 -1.28396206478 7.41498172522
2024-10-07T23:50:00.000000 6441.376396742 -1470.098215807 -1199.690975382 1.13088348002 -1.17058491553 7.52794338768
2024-10-07T23:51:00.000000 6493.898597131 -1536.790985698 -745.518935651 0.61914179687 -1.05162294664 7.60512334856
2024-10-07T23:52:00.000000 6515.612143588 -1596.192566496 -287.799694704 0.10433730338 -0.92764163305 7.64613312857
2024-10-07T23:53:00.000000 6506.407016455 -1648.019379529 171.289231170 -0.41106969094 -0.79923106715 7.65075819273
2024-10-07T23:54:00.000000 6466.321122411 -1692.023977300 629.562695586 -0.92460983753 -0.66700520657 7.61895978379
2024-10-07T23:55:00.000000 6395.540468974 -1727.996343653 1084.838686367 -1.43381913483 -0.53159683947 7.55088153996
2024-10-07T23:56:00.000000 6294.398253363 -1755.764891605 1534.949253618 -1.93625835982 -0.39365352682 7.44684758608
2024-10-07T23:57:00.000000 6163.372928281 -1775.197246584 1977.751079350 -2.42952580048 -0.25383454892 7.30735333334
2024-10-07T23:58:00.000000 6003.085835423 -1786.200914116 2411.135624930 -2.91126117962 -0.11280964008 7.13306354882
2024-10-07T23:59:00.000000 5814.298373744 -1788.723807357 2833.039454438 -3.37915979272 0.02874514031 6.92481672391
2024-10-08T00:00:00.000000 5597.908051387 -1782.754403974 3241.454428874 -3.83099131228 0.17015462918 6.68361473598
2024-10-08T00:01:00.000000 5354.943868973 -1768.321621814 3634.437121282 -4.26460316325 0.31074579692 6.41061281425
2024-10-08T00:02:00.000000 5086.561457038 -1745.494652905 4010.118038015 -4.67792895051 0.44984988918 6.10711951310
2024-10-08T00:03:00.000000 4794.037534494 -1714.382642090 4366.710704255 -5.06900178459 0.58680401524 5.77459278132
2024-10-08T00:04:00.000000 4478.763414786 -1675.134222792 4702.520303130 -5.43596975971 0.72095604705 5.41462686631
2024-10-08T00:05:00.000000 4142.238046715 -1627.936706931 5015.951477055 -5.77709778861 0.85166923509 5.02894229815
2024-10-08T00:06:00.000000 3786.060767700 -1573.015056292 5305.515725287 -6.09077588075 0.97832595867 4.61937874242
2024-10-08T00:07:00.000000 3411.923597897 -1510.630698514 5569.838266520 -6.37552563039 1.10032806351 4.18788566521
2024-10-08T00:08:00.000000 3021.603158113 -1441.080324774 5807.664385808 -6.63000705475 1.21709930402 3.73651443335
2024-10-08T00:09:00.000000 2616.952110326 -1364.694410442 6017.865169019 -6.85302524679 1.32808994345 3.26740453827
2024-10-08T00:10:00.000000 2199.890503090 -1281.835639684 6199.442541552 -7.04353002941 1.43277616229 2.78277774075
2024-10-08T00:11:00.000000 1772.396735309 -1192.897254913 6351.533996062 -7.20062837218 1.53066434874 2.28492734535
2024-10-08T00:12:00.000000 1336.498110500 -1098.301109391 6473.416275153 -7.32358166137 1.62129405747 1.77620143479
2024-10-08T00:13:00.000000 894.261563111 -998.495708414 6564.508621509 -7.41180882054 1.70423789087 1.25899978336
2024-10-08T00:14:00.000000 447.784039457 -893.954121975 6624.375507331 -7.46489184245 1.77910507968 0.73576127612
2024-10-08T00:15:00.000000 -0.817296872 -785.171725791 6652.728456176 -7.48257249966 1.84554213923 0.20894795244
2024-10-08T00:16:00.000000 -449.414598160 -672.664015119 6649.427454189 -7.46475541613 1.90323305178 -0.31895562280
2024-10-08T00:17:00.000000 -895.879289704 -556.964213248 6614.481772497 -7.41151091857 1.95190267897 -0.84545988588
2024-10-08T00:18:00.000000 -1338.091917517 -438.620819134 6548.049954252 -7.32307230176 1.99131753574 -1.36808023059
2024-10-08T00:19:00.000000 -1773.951888510 -318.195023161 6450.439255005 -7.19983522970 2.02128801937 -1.88434595692
2024-10-08T00:20:00.000000 -2201.387238794 -196.258119712 6322.104458833 -7.04235825740 2.04166691557 -2.39181200451
2024-10-08T00:21:00.000000 -2618.364353097 -73.388906792 6163.645985456 -6.85136013052 2.05235160846 -2.88807091036
2024-10-08T00:22:00.000000 -3022.897435762 49.829010696 5975.807366490 -6.62771624508 2.05328471466 -3.37076097740
2024-10-08T00:23:00.000000 -3413.057908121 172.809962205 5759.472176510 -6.37245778569 2.04445440055 -3.83757786780
2024-10-08T00:24:00.000000 -3786.983662337 294.968884248 5515.660262269 -6.08676882782 2.02589299594 -4.28628547562
2024-10-08T00:25:00.000000 -4142.888091311 415.724065078 5245.523285537 -5.77198091190 1.99768038737 -4.71472776888
2024-10-08T00:26:00.000000 -4479.068786430 534.500037183 4950.339603916 -5.42956813186 1.95994458958 -5.12083958075
2024-10-08T00:27:00.000000 -4793.915907366 650.730399092 4631.508543238 -5.06114197462 1.91285923942 -5.50265513869
2024-10-08T00:28:00.000000 -5085.920353240 763.860407802 4290.543962001 -4.66844591343 1.85663872544 -5.85832588386
2024-10-08T00:29:00.000000 -5353.681110483 873.349545390 3929.066983776 -4.25333878235 1.79154448576 -6.18612356825
2024-10-08T00:30:00.000000 -5595.912257562 978.674351161 3548.798674733 -3.81779737244 1.71788200486 -6.48444881905
2024-10-08T00:31:00.000000 -5811.449653023 1079.330960939 3151.551839077 -3.36390186587 1.63599959355 -6.75184349848
2024-10-08T00:32:00.000000 -5999.256803980 1174.837665981 2739.222414077 -2.89382589263 1.54628684048 -6.98699542057
2024-10-08T00:33:00.000000 -6158.430334365 1264.737344958 2313.780417291 -2.40983044559 1.44917311330 -7.18875108407
2024-10-08T00:34:00.000000 -6288.204638148 1348.599649672 1877.260163213 -1.91424643766 1.34512146565 -7.35611864763
2024-10-08T00:35:00.000000 -6387.956070503 1426.023224211 1431.750544187 -1.40947242650 1.23463603967 -7.48827420019
2024-10-08T00:36:00.000000 -6457.206368665 1496.637991800 979.384410593 -0.89795071566 1.11825210394 -7.58457729802
2024-10-08T00:37:00.000000 -6495.624585403 1560.106685328 522.327883747 -0.38215187703 0.99652985206 -7.64455633952
2024-10-08T00:38:00.000000 -6503.029084034 1616.126618416 62.770020631 0.13542221366 0.87006045528 -7.66792271457
2024-10-08T00:39:00.000000 -6479.388559737 1664.431238501 -397.088390604 0.65226463730 0.73945662339 -7.65457231131
2024-10-08T00:40:00.000000 -6424.822062349 1704.791386702 -855.045711051 1.16587083495 0.60535224467 -7.60458145010
2024-10-08T00:41:00.000000 -6339.598534764 1737.016556857 -1308.910553277 1.67375430187 0.46840063600 -7.51821557425
2024-10-08T00:42:00.000000 -6224.135067465 1760.955809162 -1756.512834438 2.17346336691 0.32926653651 -7.39591850905
2024-10-08T00:43:00.000000 -6078.994595648 1776.498335633 -2195.714495409 2.66259116388 0.18862247769 -7.23831333125
2024-10-08T00:44:00.000000 -5904.882746557 1783.573895102 -2624.420068233 3.13879006315 0.04714793967 -7.04619541275
2024-10-08T00:45:00.000000 -5702.644008770 1782.153135267 -3040.586884719 3.59978118446 -0.09447442781 -6.82052983039
2024-10-08T00:46:00.000000 -5473.257071229 1772.247601190 -3442.235106876 4.04337165978 -0.23556499019 -6.56244235752
2024-10-08T00:47:00.000000 -5217.829592994 1753.909488932 -3827.456989158 4.46745640309 -0.37544812121 -6.27321104975
2024-10-08T00:48:00.000000 -4937.592497847 1727.231364273 -4194.426043624 4.87003537012 -0.51345494553 -5.95426440434
2024-10-08T00:49:00.000000 -4633.893273417 1692.345524202 -4541.405530044 5.24922177726 -0.64893074236 -5.60716291013
2024-10-08T00:50:00.000000 -4308.189303306 1649.423115956 -4866.756212051 5.60324142196 -0.78123506989 -5.23359644840
2024-10-08T00:51:00.000000 -3962.040690357 1598.673236711 -5168.943972714 5.93044610752 -0.90974399318 -4.83537708641
2024-10-08T00:52:00.000000 -3597.102460996 1540.341844234 -5446.546801996 6.22932097177 -1.03385332046 -4.41442804830
2024-10-08T00:53:00.000000 -3215.116363185 1474.710469698 -5698.261166883 6.49849122219 -1.15298198030 -3.97277339446
2024-10-08T00:54:00.000000 -2817.902309561 1402.094735474 -5922.907715475 6.73672676815 -1.26657514188 -3.51252681662
2024-10-08T00:55:00.000000 -2407.349534188 1322.842697501 -6119.436341653 6.94294793657 -1.37410701290 -3.03588002304
2024-10-08T00:56:00.000000 -1985.407586698 1237.333078795 -6286.930402369 7.11622273021 -1.47508065609 -2.54508970174
2024-10-08T00:57:00.000000 -1554.077424608 1145.973551167 -6424.610637918 7.25577242038 -1.56902884563 -2.04247745370
2024-10-08T00:58:00.000000 -1115.401797371 1049.198784158 -6531.838527634 7.36098150004 -1.65551992516 -1.53040787395
2024-10-08T00:59:00.000000 -671.455899124 947.468226069 -6608.118408558 7.43138350271 -1.73415886170 -1.01128054813
2024-10-08T01:00:00.000000 -224.338177644 841.264003995 -6653.099675567 7.46667081391 -1.80458486593 -0.48752839647
2024-10-08T01:01:00.000000 223.839299124 731.088796663 -6666.578420581 7.46669858168 -1.86647443072 0.03839372695
2024-10-08T01:02:00.000000 670.960730134 617.463511067 -6648.498173636 7.43148555196 -1.91954350139 0.56402869361
2024-10-08T01:03:00.000000 1114.916183822 500.924869932 -6598.949758786 7.36120868598 -1.96354914593 1.08692514423
2024-10-08T01:04:00.000000 1553.611064371 382.022974223 -6518.170661256 7.25620147151 -1.99828825477 1.60464696228
2024-10-08T01:05:00.000000 1984.975400255 261.318846897 -6406.543970999 7.11695176009 -2.02360035724 2.11477736418
2024-10-08T01:06:00.000000 2406.973295485 139.381856731 -6264.596922743 6.94410784331 -2.03936761273 2.61493235449
2024-10-08T01:07:00.000000 2817.612317090 16.787174258 -6092.998337065 6.73846779127 -2.04551421100 3.10277644837
2024-10-08T01:08:00.000000 3214.952325676 -105.886729475 -5892.555729681 6.50097733015 -2.04200632233 3.57602340078
2024-10-08T01:09:00.000000 3597.114368497 -228.060674471 -5664.212070776 6.23273045633 -2.02885455909 4.03244579271
2024-10-08T01:10:00.000000 3962.289588500 -349.157512266 -5409.041872161 5.93496876739 -2.00611595721 4.46988904120
2024-10-08T01:11:00.000000 4308.747903801 -468.604853086 -5128.246400936 5.60907534373 -1.97389209860 4.88628492827
2024-10-08T01:12:00.000000 4634.846166190 -585.837755608 -4823.148124937 5.25656317709 -1.93232928724 5.27966204159
2024-10-08T01:13:00.000000 4939.035804044 -700.301349888 -4495.184782134 4.87907085017 -1.88161693498 5.64815130025
2024-10-08T01:14:00.000000 5219.870142785 -811.453402793 -4145.902999338 4.47835599661 -1.82198675296 5.98999311174
2024-10-08T01:15:00.000000 5476.011450923 -918.766861037 -3776.951449237 4.05629112107 -1.75371307660 6.30354726344
2024-10-08T01:16:00.000000 5706.237594212 -1021.732410303 -3390.073394168 3.61485538344 -1.67711261604 6.58730267469
2024-10-08T01:17:00.000000 5909.448147293 -1119.860936522 -2987.098656804 3.15612508997 -1.59254140459 6.83988642849
2024-10-08T01:18:00.000000 6084.669965519 -1212.685784381 -2569.935127771 2.68226552911 -1.50039182810 7.06006997726
2024-10-08T01:19:00.000000 6231.062296955 -1299.765020350 -2140.559896456 2.19552232907 -1.40109681701 7.24677721614
2024-10-08T01:20:00.000000 6347.921124909 -1380.683892933 -1701.009784867 1.69820507422 -1.29512719655 7.39909359858
2024-10-08T01:21:00.000000 6434.682708909 -1455.056767343 -1253.371638353 1.19267947794 -1.18298290534 7.51626706469
2024-10-08T01:22:00.000000 6490.926686835 -1522.528971336 -799.772332605 0.68135609807 -1.06519593571 7.59771645721
2024-10-08T01:23:00.000000 6516.378295542 -1582.778597179 -342.368429929 0.16667605811 -0.94232578524 7.64303337580
2024-10-08T01:24:00.000000 6510.909882764 -1635.518101073 116.664213704 -0.34890009919 -0.81495815588 7.65198321939
2024-10-08T01:25:00.000000 6474.541763523 -1680.495792221 575.140949591 -0.86290267200 -0.68370198538 7.62450877743
2024-10-08T01:26:00.000000 6407.442295369 -1717.497113714 1030.879116579 -1.37286898310 -0.54918495895 7.56073287511
2024-10-08T01:27:00.000000 6309.927101625 -1746.345584825 1481.708805223 -1.87635593582 -0.41204829431 7.46095803253
2024-10-08T01:28:00.000000 6182.457341158 -1766.903611145 1925.483478538 -2.37095634164 -0.27294706494 7.32565901414
2024-10-08T01:29:00.000000 6025.637411708 -1779.073253533 2360.090206711 -2.85430478851 -0.13254714660 7.15548156263
2024-10-08T01:30:00.000000 5840.212105787 -1782.796738427 2783.459907483 -3.32408878138 0.00847926583 6.95124179515
2024-10-08T01:31:00.000000 5627.062936265 -1778.056693979 3193.577532525 -3.77806649491 0.14945808950 6.71392268914
2024-10-08T01:32:00.000000 5387.203553210 -1764.876184041 3588.491714261 -4.21407569685 0.28971624821 6.44466290142
2024-10-08T01:33:00.000000 5121.774812387 -1743.318526984 3966.323999969 -4.63004024869 0.42858553063 6.14475403221
2024-10-08T01:34:00.000000 4832.039229931 -1713.486919971 4325.277917216 -5.02398321036 0.56540517382 5.81563576651
2024-10-08T01:35:00.000000 4519.374644765 -1675.523905990 4663.647553128 -5.39403895910 0.69952532508 5.45888452002
2024-10-08T01:36:00.000000 4185.267443852 -1629.610596111 4979.825365726 -5.73845455425 0.83031022293 5.07620308956
2024-10-08T01:37:00.000000 3831.305534564 -1575.965788928 5272.309833117 -6.05560273411 0.95714036214 4.66942053464
2024-10-08T01:38:00.000000 3459.170420840 -1514.844832898 5539.712491547 -6.34399031001 1.07941728074 4.24047453037
2024-10-08T01:39:00.000000 3070.629121874 -1446.538308718 5780.764223418 -6.60226135200 1.19656519439 3.79140385620
2024-10-08T01:40:00.000000 2667.525754531 -1371.370673084 5994.320987919 -6.82920249293 1.30803092203 3.32433757917
2024-10-08T01:41:00.000000 2251.772838740 -1289.698772126 6179.369004653 -7.02374813858 1.41328891855 2.84148723539
2024-10-08T01:42:00.000000 1825.342203988 -1201.910092697 6335.029345638 -7.18498735089 1.51184344160 2.34513319027
2024-10-08T01:43:00.000000 1390.255805846 -1108.420964349 6460.561644303 -7.31215935855 1.60322871994 1.83761410794
2024-10-08T01:44:00.000000 948.576597655 -1009.674720965 6555.367652215 -7.40466118086 1.68701172415 1.32132682321
2024-10-08T01:45:00.000000 502.398730891 -906.139490232 6618.994156719 -7.46205473179 1.76279912924 0.79870518249
2024-10-08T01:46:00.000000 53.837903097 -798.305923831 6651.134814407 -7.48406029194 1.83023299388 0.27221120007
2024-10-08T01:47:00.000000 -394.978346045 -686.685023993 6651.631695103 -7.47056339504 1.88899345976 -0.25567275627
2024-10-08T01:48:00.000000 -841.920541539 -571.805814803 6620.476087542 -7.42161385513 1.93880005825 -0.78245660260
2024-10-08T01:49:00.000000 -1284.867139774 -454.212878798 6557.808639393 -7.33742611103 1.97941496983 -1.30565421316
2024-10-08T01:50:00.000000 -1721.714305619 -334.463793067 6463.918763638 -7.21837555703 2.01064255018 -1.82279340833
2024-10-08T01:51:00.000000 -2150.385638980 -213.126622169 6339.243622399 -7.06500193860 2.03232916287 -2.33142425208
2024-10-08T01:52:00.000000 -2568.841983794 -90.777325434 6184.366295666 -6.87800570710 2.04436563779 -2.82913451500
2024-10-08T01:53:00.000000 -2975.090894298 32.002928355 6000.013278720 -6.65824348597 2.04668737889 -3.31355662679
2024-10-08T01:54:00.000000 -3367.196101181 154.630483503 5787.051529881 -6.40673082011 2.03927685919 -3.78237988256
2024-10-08T01:55:00.000000 -3743.286714638 276.522039970 5546.484518113 -6.12462955266 2.02216215671 -4.23336398460
2024-10-08T01:56:00.000000 -4101.566050156 397.097257172 5279.448079594 -5.81325318488 1.99541486435 -4.66434001133
2024-10-08T01:57:00.000000 -4440.320662400 515.781533528 4987.205446197 -5.47405959385 1.95915447257 -5.07323266672
2024-10-08T01:58:00.000000 -4757.928644496 632.008780428 4671.141427856 -5.10864241871 1.91354497390 -5.45806577351
2024-10-08T01:59:00.000000 -5052.867677465 745.224114866 4332.756138249 -4.71872576863 1.85879621085 -5.81697352641
2024-10-08T02:00:00.000000 -5323.722648936 854.886613505 3973.658143344 -4.30615857693 1.79516332863 -6.14820879157
2024-10-08T02:01:00.000000 -5569.192908127 960.471989507 3595.556925563 -3.87290497070 1.72294560254 -6.45015649049
2024-10-08T02:02:00.000000 -5788.098838921 1061.475199104 3200.254721301 -3.42103404486 1.64248488824 -6.72134131633
2024-10-08T02:03:00.000000 -5979.387860926 1157.412954082 2789.637892538 -2.95270951521 1.55416445576 -6.96043511430
2024-10-08T02:04:00.000000 -6142.139883529 1247.826162713 2365.667891013 -2.47018251574 1.45840654522 -7.16626534917
2024-10-08T02:05:00.000000 -6275.572112864 1332.282096228 1930.371590745 -1.97577517956 1.35566776554 -7.33782366110
2024-10-08T02:06:00.000000 -6379.042984665 1410.376540916 1485.831522813 -1.47187337086 1.24644240689 -7.47426456333
2024-10-08T02:07:00.000000 -6452.055736525 1481.736001975 1034.175698341 -0.96091387296 1.13125891810 -7.57491852109
2024-10-08T02:08:00.000000 -6494.260956854 1546.019594052 577.567009676 -0.44537049585 1.01067555614 -7.63929307687
2024-10-08T02:09:00.000000 -6505.458483168 1602.920789861 118.192464068 0.07225800258 0.88527885114 -7.66707708742
2024-10-08T02:10:00.000000 -6485.598513878 1652.168924553 -341.747763797 0.58946074346 0.75567639048 -7.65814326625
2024-10-08T02:11:00.000000 -6434.781871477 1693.530409631 -800.051386984 1.10373018998 0.62249713542 -7.61254838967
2024-10-08T02:12:00.000000 -6353.259460455 1726.810000259 -1254.525056036 1.61257256029 0.48638925572 -7.53053479585
2024-10-08T02:13:00.000000 -6241.430815792 1751.851734689 -1702.995713313 2.11353350182 0.34801244694 -7.41253366016
2024-10-08T02:14:00.000000 -6099.841283591 1768.539485698 -2143.321210213 2.60420449742 0.20803538296 -7.25914429589
2024-10-08T02:15:00.000000 -5929.179184335 1776.797486322 -2573.400629113 3.08223222358 0.06713379529 -7.07114052321
2024-10-08T02:16:00.000000 -5730.272062228 1776.590653331 -2991.184466786 3.54533008106 -0.07401216805 -6.84946197738
2024-10-08T02:17:00.000000 -5504.082432605 1767.924756091 -3394.684582998 3.99128849455 -0.21472186582 -6.59521450468
2024-10-08T02:18:00.000000 -5251.702562687 1750.846236291 -3781.983969683 4.41799394036 -0.35432150057 -6.30965994664
2024-10-08T02:19:00.000000 -4974.348585672 1725.441680567 -4151.245682224 4.82343193579 -0.49214633626 -5.99420511777
2024-10-08T02:20:00.000000 -4673.354270103 1691.837261683 -4500.721376495 5.20569678581 -0.62754227474 -5.65039450382
2024-10-08T02:21:00.000000 -4350.164316960 1650.198009954 -4828.759341995 5.56299844709 -0.75986865382 -5.27990387072
2024-10-08T02:22:00.000000 -4006.327109268 1600.726905682 -5133.812116750 5.89367184298 -0.88850156138 -4.88453077192
2024-10-08T02:23:00.000000 -3643.487016573 1543.663798748 -5414.443531284 6.19618390030 -1.01283641728 -4.46618586241
2024-10-08T02:24:00.000000 -3263.376241944 1479.284156728 -5669.335181705 6.46914078278 -1.13229107126 -4.02688213291
2024-10-08T02:25:00.000000 -2867.806308838 1407.897628105 -5897.292253082 6.71129343031 -1.24630875994 -3.56872439728
2024-10-08T02:26:00.000000 -2458.659179341 1329.846436465 -6097.248643251 6.92154334306 -1.35436082426 -3.09389546760
2024-10-08T02:27:00.000000 -2037.878280757 1245.503673417 -6268.271244663 7.09893984071 -1.45594671724 -2.60464536165
2024-10-08T02:28:00.000000 -1607.459536162 1155.271565568 -6409.563878373 7.24268466296 -1.55059707103 -2.10328667294
2024-10-08T02:29:00.000000 -1169.442095134 1059.579438777 -6520.470739446 7.35213621313 -1.63787785265 -1.59218393109
2024-10-08T02:30:00.000000 -725.898774380 958.881638441 -6600.479070507 7.42681351681 -1.71738887489 -1.07373805911
2024-10-08T02:31:00.000000 -278.926578365 853.655549347 -6649.221030520 7.46639129631 -1.78876254576 -0.55037916347
2024-10-08T02:32:00.000000 169.362852646 744.399466382 -6666.475336156 7.47070788791 -1.85167088814 -0.02455878208
2024-10-08T02:33:00.000000 616.853023953 631.630102779 -6652.167980343 7.43976248167 -1.90582749617 0.50126712989
2024-10-08T02:34:00.000000 1061.432135652 515.880198168 -6606.372198460 7.37371176568 -1.95098388749 1.02464734641
2024-10-08T02:35:00.000000 1501.002539995 397.696233088 -6529.308026314 7.27287124003 -1.98693186370 1.54314210136
2024-10-08T02:36:00.000000 1933.490173214 277.635873344 -6421.341200234 7.13771039758 -2.01350626349 2.05433495703
2024-10-08T02:37:00.000000 2356.853787659 156.265473880 -6282.981683969 6.96885481875 -2.03058240632 2.55583680062
2024-10-08T02:38:00.000000 2769.094371633 34.157643034 -6114.881517980 6.76708499869 -2.03807707119 3.04530358943
2024-10-08T02:39:00.000000 3168.264143672 -88.111313545 -5917.831878057 6.53332825009 -2.03595024273 3.52044084122
2024-10-08T02:40:00.000000 3552.475543938 -209.964054513 -5692.760012715 6.26866522335 -2.02420832256 3.97901109226
2024-10-08T02:41:00.000000 3919.910256004 -330.825023991 -5440.725169842 5.97432145147 -2.00290351884 4.41885304559
2024-10-08T02:42:00.000000 4268.827723184 -450.123098539 -5162.913783831 5.65166201659 -1.97213113830 4.83789101879
2024-10-08T02:43:00.000000 4597.573195925 -567.294141163 -4860.634085611 5.30218182947 -1.93202926278 5.23414060298
2024-10-08T02:44:00.000000 4904.585519746 -681.783624738 -4535.310429471 4.92750451221 -1.88277951333 5.60571787773
2024-10-08T02:45:00.000000 5188.404617498 -793.049163106 -4188.476964652 4.52937519434 -1.82460525656 5.95084798865
2024-10-08T02:46:00.000000 5447.678659772 -900.563071655 -3821.770788218 4.10965516241 -1.75777314283 6.26787639571
2024-10-08T02:47:00.000000 5681.170704436 -1003.814920460 -3436.924452858 3.67031178443 -1.68259141355 6.55527669255
2024-10-08T02:48:00.000000 5887.764865930 -1102.313979525 -3035.758038507 3.21341111100 -1.59940781956 6.81165883735
2024-10-08T02:49:00.000000 6066.472012774 -1195.591549036 -2620.170852553 2.74111186109 -1.50861035442 7.03577347126
2024-10-08T02:50:00.000000 6216.435026037 -1283.203536604 -2192.132506857 2.25565144647 -1.41062954382 7.22652916979
2024-10-08T02:51:00.000000 6336.932836456 -1364.732664203 -1753.673250338 1.75932526490 -1.30592843902 7.38299451366
2024-10-08T02:52:00.000000 6427.383872943 -1439.790477233 -1306.874743978 1.25449249215 -1.19500463226 7.50438767579
2024-10-08T02:53:00.000000 6487.350194319 -1508.019249566 -853.860267152 0.74357274108 -1.07838323142 7.59010938641
2024-10-08T02:54:00.000000 6516.539558748 -1569.093552813 -396.783631390 0.22900157424 -0.95661720187 7.63973611928
2024-10-08T02:55:00.000000 6514.806442300 -1622.722047221 62.180942266 -0.28676625146 -0.83028852182 7.65301236198
2024-10-08T02:56:00.000000 6482.153008791 -1668.648953953 520.849082013 -0.80126385540 -0.69999939518 7.62985605857
2024-10-08T02:57:00.000000 6418.729618018 -1706.655208582 977.036839094 -1.31202008868 -0.56637272678 7.57036462128
2024-10-08T02:58:00.000000 6324.834504729 -1736.559766714 1428.571705429 -1.81658267518 -0.43005050485 7.47482234385
2024-10-08T02:59:00.000000 6200.911793200 -1758.220349201 1873.303547061 -2.31254136642 -0.29168260217 7.34368685413
2024-10-08T03:00:00.000000 6047.549136276 -1771.533955773 2309.114654260 -2.79752242796 -0.15192886296 7.17758368890
2024-10-08T03:01:00.000000 5865.475047036 -1776.437457612 2733.930106229 -3.26920815126 -0.01145752740 6.97731169337
2024-10-08T03:02:00.000000 5655.555167713 -1772.907946126 3145.727826054 -3.72534617247 0.12905963146 6.74383346688
2024-10-08T03:03:00.000000 5418.787993411 -1760.962774906 3542.548354224 -4.16376276273 0.26895322926 6.47827191042
2024-10-08T03:04:00.000000 5156.299850172 -1740.659337226 3922.504173837 -4.58237175643 0.40755807185 6.18190115716
2024-10-08T03:05:00.000000 4869.339423382 -1712.094783262 4283.788635726 -4.97918243927 0.54421435763 5.85614228947
2024-10-08T03:06:00.000000 4559.271625230 -1675.405615325 4624.684633773 -5.35231354459 0.67827107552 5.50255692791
2024-10-08T03:07:00.000000 4227.570771678 -1630.766993526 4943.572672848 -5.70000010955 0.80909137464 5.12283586455
2024-10-08T03:08:00.000000 3875.813442845 -1578.391795383 5238.938395496 -6.02059951891 0.93605512432 4.71879166097
2024-10-08T03:09:00.000000 3505.670884463 -1518.529515682 5509.379686169 -6.31260079501 1.05856279668 4.29235145585
2024-10-08T03:10:00.000000 3118.900838429 -1451.464919163 5753.613150580 -6.57463226416 1.17603829734 3.84554325472
2024-10-08T03:11:00.000000 2717.339086585 -1377.516625794 5970.479831201 -6.80546502103 1.28792935648 3.38048539656
2024-10-08T03:12:00.000000 2302.890764333 -1297.035642696 6158.950320550 -7.00401620223 1.39370902972 2.89937631963
2024-10-08T03:13:00.000000 1877.521554612 -1210.403755399 6318.129390811 -7.16935198597 1.49287913072 2.40448913723
2024-10-08T03:14:00.000000 1443.248524495 -1118.031701040 6447.260098051 -7.30069308074 1.58497253058 1.89815800690
2024-10-08T03:15:00.000000 1002.130817319 -1020.357318135 6545.727214323 -7.39741788029 1.66955388938 1.38277117893
2024-10-08T03:16:00.000000 556.260040118 -917.843470600 6613.060088505 -7.45906517659 1.74622459966 0.86075808055
2024-10-08T03:17:00.000000 107.750606123 -810.975859328 6648.934891658 -7.48533728794 1.81462189036 0.33458085749
2024-10-08T03:18:00.000000 -341.270130738 -700.260852448 6653.176107933 -7.47609976268 1.87442011816 -0.19328011673
2024-10-08T03:19:00.000000 -788.671669309 -586.223154164 6625.757433233 -7.43138298035 1.92533425682 -0.72033350380
2024-10-08T03:20:00.000000 -1232.330300916 -469.403323191 6566.801991693 -7.35138212284 1.96712073958 -1.24409203384
2024-10-08T03:21:00.000000 -1670.138862464 -350.355274081 6476.581806944 -7.23645370475 1.99957821903 -1.76208036021
2024-10-08T03:22:00.000000 -2100.016510206 -229.643711531 6355.516851631 -7.08711885065 2.02254845588 -2.27184490631
2024-10-08T03:23:00.000000 -2519.918504894 -107.841519898 6204.173260645 -6.90405833207 2.03591706239 -2.77096852932
2024-10-08T03:24:00.000000 -2927.845680022 14.472849835 6023.260998889 -6.68811161787 2.03961292344 -3.25707550618
2024-10-08T03:25:00.000000 -3321.854060162 136.718040397 5813.630957076 -6.44027785374 2.03361075138 -3.72784718525
2024-10-08T03:26:00.000000 -3700.064138668 258.312550534 5576.271055554 -6.16170491234 2.01793071453 -4.18103516863
2024-10-08T03:27:00.000000 -4060.669672174 378.677486346 5312.301975755 -5.85368791351 1.99264019408 -4.61446420992
2024-10-08T03:28:00.000000 -4401.946520055 497.239389440 5022.972332344 -5.51766713275 1.95785191053 -5.02604734624
2024-10-08T03:29:00.000000 -4722.261155925 613.432872562 4709.653058631 -5.15522209662 1.91372296228 -5.41379604511
2024-10-08T03:30:00.000000 -5020.078849464 726.703362455 4373.831135584 -4.76806515167 1.86045665924 -5.77583256106
2024-10-08T03:31:00.000000 -5293.971318761 836.509917175 4017.102554471 -4.35802892334 1.79830375147 -6.11040280959
2024-10-08T03:32:00.000000 -5542.623506206 942.327851360 3641.164831667 -3.92705587512 1.72755427137 -6.41587581352
2024-10-08T03:33:00.000000 -5764.840353958 1043.651109794 3247.809485969 -3.47720283511 1.64854005958 -6.69075232715
2024-10-08T03:34:00.000000 -5959.553427345 1139.994791484 2838.913590377 -3.01063160234 1.56163413653 -6.93368268636
2024-10-08T03:35:00.000000 -6125.826610848 1230.897683138 2416.430313616 -2.52958595155 1.46725310701 -7.14348042010
2024-10-08T03:36:00.000000 -6262.860495876 1315.924687874 1982.379295439 -2.03638024518 1.36584946799 -7.31911610453
2024-10-08T03:37:00.000000 -6369.996640107 1394.668891762 1538.836966076 -1.53339612219 1.25791055854 -7.45972840922
2024-10-08T03:38:00.000000 -6446.721051677 1466.753644182 1087.926215417 -1.02306438388 1.14395714151 -7.56463005689
2024-10-08T03:39:00.000000 -6492.666775074 1531.834473728 631.805942360 -0.50785401808 1.02454099985 -7.63330852272
2024-10-08T03:40:00.000000 -6507.615870099 1589.600916787 172.660428883 0.00973917514 0.90024318201 -7.66543132565
2024-10-08T03:41:00.000000 -6491.500587812 1639.778086286 -287.311611321 0.52720660500 0.77166770815 -7.66085005242
2024-10-08T03:42:00.000000 -6444.403779487 1682.128010716 -745.908120725 1.04203970127 0.63944124074 -7.61960219998
2024-10-08T03:43:00.000000 -6366.558302797 1716.450883237 -1200.934878313 1.55174978228 0.50420756567 -7.54191040145
2024-10-08T03:44:00.000000 -6258.345449879 1742.585882447 -1650.216404478 2.05387912532 0.36662240738 -7.42817627408
2024-10-08T03:45:00.000000 -6120.292762468 1760.411847040 -2091.606633297 2.54601248611 0.22735121218 -7.27897800812
2024-10-08T03:46:00.000000 -5953.071159824 1769.847739607 -2522.999389449 3.02578759088 0.08706570489 -7.09506663841
2024-10-08T03:47:00.000000 -5757.491407934 1770.852946921 -2942.338678314 3.49090752329 -0.05355906408 -6.87736313427
2024-10-08T03:48:00.000000 -5534.499783765 1763.427356877 -3347.628708922 3.93915408728 -0.19384867068 -6.62695196878
2024-10-08T03:49:00.000000 -5285.173044454 1747.611242146 -3736.943466988 4.36839755948 -0.33313171799 -6.34507351214
2024-10-08T03:50:00.000000 -5010.712825411 1723.484980370 -4108.435908355 4.77660729278 -0.47074367329 -6.03311853315
2024-10-08T03:51:00.000000 -4712.439338407 1691.168504707 -4460.346677728 5.16186242219 -0.60603085515 -5.69261727938
2024-10-08T03:52:00.000000 -4391.784613459 1650.820607011 -4791.012207802 5.52235781939 -0.73835211194 -5.32523149657
2024-10-08T03:53:00.000000 -4050.285279208 1602.638083450 -5098.872395565 5.85641359718 -0.86708241803 -4.93274632956
2024-10-08T03:54:00.000000 -3689.574836768 1546.854663386 -5382.477660872 6.16248123910 -0.99161613428 -4.51705933291
2024-10-08T03:55:00.000000 -3311.375587914 1483.739752223 -5640.495447500 6.43915090283 -1.11137052904 -4.08017181875
2024-10-08T03:56:00.000000 -2917.490113969 1413.596942252 -5871.716034142 6.68515604192 -1.22578856204 -3.62417510230
2024-10-08T03:57:00.000000 -2509.792657162 1336.762512702 -6075.057752011 6.89937665801 -1.33433824475 -3.15124503254
2024-10-08T03:58:00.000000 -2090.220045162 1253.603787174 -6249.571597278 7.08084569848 -1.43651714986 -2.66362500156
2024-10-08T03:59:00.000000 -1660.762662532 1164.517353127 -6394.445004805 7.22874561944 -1.53185230038 -2.16361954140
2024-10-08T04:00:00.000000 -1223.455230906 1069.927187138 -6509.005374558 7.34241775534 -1.61990484534 -1.65358667054
2024-10-08T04:01:00.000000 -780.367220728 970.282515124 -6592.722715696 7.42136068662 -1.70027127107 -1.13592060363
2024-10-08T04:02:00.000000 -333.593527861 866.055793950 -6645.211722271 7.46523005384 -1.77258101516 -0.61304898382
2024-10-08T04:03:00.000000 114.755181328 757.740600007 -6666.233463466 7.47384475609 -1.83650185659 -0.08742090358
2024-10-08T04:04:00.000000 562.562253741 645.849199774 -6655.696163224 7.44718493984 -1.89174241064 0.43851040025
2024-10-08T04:05:00.000000 1007.714493229 530.910228063 -6613.655219740 7.38538659446 -1.93804851494 0.96229208079
2024-10-08T04:06:00.000000 1448.111701381 413.466357269 -6540.312931517 7.28874617599 -1.97520705040 1.48148362368
2024-10-08T04:07:00.000000 1881.676070508 294.071809280 -6436.017346859 7.15771255948 -2.00304542608 1.99366759170
2024-10-08T04:08:00.000000 2306.361305683 173.290000618 -6301.260905080 6.99288920921 -2.02143070804 2.49644884572
2024-10-08T04:09:00.000000 2720.162141342 51.690949362 -6136.678693191 6.79503930299 -2.03027625047 2.98747153792
2024-10-08T04:10:00.000000 3121.123696404 -70.151491124 -5943.045540798 6.56507789081 -2.02954023971 3.46443517821
2024-10-08T04:11:00.000000 3507.350385492 -191.662227547 -5721.272471290 6.30406609156 -2.01922304726 3.92510129146
2024-10-08T04:12:00.000000 3877.014614874 -312.267461299 -5472.402751883 6.01320841541 -1.99936756847 4.36730170824
2024-10-08T04:13:00.000000 4228.365283838 -431.397276562 -5197.607416381 5.69384963021 -1.97006060473 4.78894764351
2024-10-08T04:14:00.000000 4559.736052275 -548.488297958 -4898.180158531 5.34746926787 -1.93143329368 5.18804068526
2024-10-08T04:15:00.000000 4869.553264162 -662.986330655 -4575.531644972 4.97567643619 -1.88366038556 5.56268181034
2024-10-08T04:16:00.000000 5156.343558416 -774.348972129 -4231.183251924 4.58020413898 -1.82696027269 5.91108146207
2024-10-08T04:17:00.000000 5418.741075737 -882.048205198 -3866.760177049 4.16290120748 -1.76159364043 6.23157000808
2024-10-08T04:18:00.000000 5655.494142977 -985.572885103 -3483.983992786 3.72572351052 -1.68786214507 6.52260589228
2024-10-08T04:19:00.000000 5865.471425231 -1084.431183957 -3084.664762994 3.27072525902 -1.60610805833 6.78278186089
2024-10-08T04:20:00.000000 6047.667622137 -1178.153017281 -2670.692773989 2.80005217671 -1.51671345806 7.01083269695
2024-10-08T04:21:00.000000 6201.208705178 -1266.292351198 -2244.029718757 2.31593237962 -1.42009770518 7.20564489801
2024-10-08T04:22:00.000000 6325.356488113 -1348.429405021 -1806.699348915 1.82066348208 -1.31671618458 7.36626435945
2024-10-08T04:23:00.000000 6419.512408925 -1424.172725187 -1360.777784179 1.31660050664 -1.20705730632 7.49190000377
2024-10-08T04:24:00.000000 6483.220702455 -1493.161111016 -908.383596083 0.80614628102 -1.09164083736 7.58192907399
2024-10-08T04:25:00.000000 6516.170849087 -1555.065421527 -451.667538504 0.29173711867 -0.97101501802 7.63590176808
2024-10-08T04:26:00.000000 6518.199210566 -1609.590185480 7.197847628 -0.22416895435 -0.84575360885 7.65354188618
2024-10-08T04:27:00.000000 6489.290019049 -1656.475079913 466.028714443 -0.73910291533 -0.71645415272 7.63474930274
2024-10-08T04:28:00.000000 6429.575641839 -1695.496276872 922.640555271 -1.25059830099 -0.58373491751 7.57960219936
2024-10-08T04:29:00.000000 6339.336038545 -1726.467571771 1374.858893464 -1.75620393565 -0.44823123455 7.48835675460
2024-10-08T04:30:00.000000 6218.997437254 -1749.241305926 1820.529944139 -2.25349756144 -0.31059186896 7.36144612807
2024-10-08T04:31:00.000000 6069.130203912 -1763.709047721 2257.531151009 -2.74009916864 -0.17147553736 7.19947706681
2024-10-08T04:32:00.000000 5890.446005910 -1769.802200225 2683.781433564 -3.21367958680 -0.03155058845 7.00322588231
2024-10-08T04:33:00.000000 5683.794419802 -1767.492330645 3097.251440990 -3.67197438122 0.10851375653 6.77363922668
2024-10-08T04:34:00.000000 5450.158538674 -1756.791112780 3495.973443157 -4.11279908439 0.24804996802 6.51182273555
2024-10-08T04:35:00.000000 5190.649926521 -1737.750203539 3878.050628975 -4.53405723340 0.38639303491 6.21903400189
2024-10-08T04:36:00.000000 4906.503074267 -1710.460973772 4241.666040329 -4.93374859939 0.52288514784 5.89667584364
2024-10-08T04:37:00.000000 4599.069458241 -1675.053975135 4585.091112027 -5.30997558537 0.65687815793 5.54629124015
2024-10-08T04:38:00.000000 4269.811050294 -1631.698316444 4906.693908197 -5.66095435848 0.78773565480 5.16955678616
2024-10-08T04:39:00.000000 3920.293181764 -1580.600824534 5204.946889068 -5.98502529635 0.91483732896 4.76827418156
2024-10-08T04:40:00.000000 3552.176791282 -1522.005011761 5478.434073156 -6.28066201769 1.03758104179 4.34435815246
2024-10-08T04:41:00.000000 3167.210295738 -1456.189868660 5725.857466237 -6.54647557928 1.15538713178 3.89982519971
2024-10-08T04:42:00.000000 2767.221229685 -1383.468409108 5946.042893295 -6.78121869244 1.26770150113 3.43678462946
2024-10-08T04:43:00.000000 2354.107591644 -1304.186080506 6137.945216553 -6.98378972033 1.37399714054 2.95742644031
2024-10-08T04:44:00.000000 1929.829085950 -1218.719133109 6300.652981601 -7.15323477170 1.47377482971 2.46401619367
2024-10-08T04:45:00.000000 1496.398012257 -1127.472839664 6433.392714104 -7.28875554030 1.56656664839 1.95888532258
2024-10-08T04:46:00.000000 1055.869795532 -1030.879595687 6535.532446341 -7.38971298403 1.65193646438 1.44441723287
2024-10-08T04:47:00.000000 610.333388232 -929.397006296 6606.584510961 -7.45562894626 1.72948043473 0.92303653913
2024-10-08T04:48:00.000000 161.901630596 -823.505832068 6646.207671524 -7.48618494364 1.79883120080 0.39719871130
2024-10-08T04:49:00.000000 -287.298384010 -713.707748611 6654.208806460 -7.48122551785 1.85965900154 -0.13061622305
2024-10-08T04:50:00.000000 -735.135241534 -600.523036263 6630.544000740 -7.44076197914 1.91167392243 -0.65791748047
2024-10-08T04:51:00.000000 -1179.483122354 -484.488145541 6575.318758196 -7.36496893354 1.95462683875 -1.18221656468
2024-10-08T04:52:00.000000 -1618.231576892 -366.153238697 6488.787651403 -7.25418464141 1.98831012490 -1.70103441679
2024-10-08T04:53:00.000000 -2049.295421627 -246.079617823 6371.353407011 -7.10891260358 2.01256043117 -2.21191465685
2024-10-08T04:54:00.000000 -2470.624449243 -124.837077318 6223.565087053 -6.92981393871 2.02725772908 -2.71243634356
2024-10-08T04:55:00.000000 -2880.212869317 -3.001298467 6046.115888601 -6.71770938092 2.03232607388 -3.20021788796
2024-10-08T04:56:00.000000 -3276.108944855 118.848801172 5839.840289483 -6.47357836602 2.02773344097 -3.67293397292
2024-10-08T04:57:00.000000 -3656.424292762 240.133741733 5605.710374469 -6.19855312665 2.01349363509 -4.12832475026
2024-10-08T04:58:00.000000 -4019.342915317 360.276242755 5344.831525989 -5.89391265439 1.98966565701 -4.56420783743
2024-10-08T04:59:00.000000 -4363.129895450 478.703927551 5058.437625954 -5.56108089940 1.95635470285 -4.97848462189
2024-10-08T05:00:00.000000 -4686.139991536 594.852181945 4747.885569458 -5.20162215840 1.91371383154 -5.36915548947
2024-10-08T05:01:00.000000 -4986.825831855 708.166889755 4414.648902862 -4.81723134176 1.86193957883 -5.73433269485
2024-10-08T05:02:00.000000 -5263.745460024 818.107019440 4060.311096199 -4.40972899969 1.80127086960 -6.07224293274
2024-10-08T05:03:00.000000 -5515.569482512 924.146991400 3686.557997649 -3.98104011900 1.73198367191 -6.38124320379
2024-10-08T05:04:00.000000 -5741.087514416 1025.779205373 3295.170871770 -3.53321655487 1.65440610132 -6.65980238779
2024-10-08T05:05:00.000000 -5939.215871236 1122.517554909 2888.017703411 -3.06841487870 1.56891992373 -6.90656634767
2024-10-08T05:06:00.000000 -6109.002161692 1213.899409443 2467.043046723 -2.58885970187 1.47592640547 -7.12032890271
2024-10-08T05:07:00.000000 -6249.630183665 1299.487461012 2034.259427084 -2.09686408313 1.37587093278 -7.30003759043
2024-10-08T05:08:00.000000 -6360.424563595 1378.872323039 1591.737281907 -1.59480553734 1.26923655259 -7.44481460682
2024-10-08T05:09:00.000000 -6440.854084606 1451.674556201 1141.594537528 -1.08511008361 1.15653863655 -7.55395446963
2024-10-08T05:10:00.000000 -6490.534303125 1517.546584292 685.986190952 -0.57024201795 1.03832285806 -7.62692799296
2024-10-08T05:11:00.000000 -6509.229482096 1576.174367907 227.093640277 -0.05269224069 0.91516137056 -7.66338450824
2024-10-08T05:12:00.000000 -6496.853837460 1627.278960292 -232.886115824 0.46503433489 0.78765112329 -7.66315538001
2024-10-08T05:13:00.000000 -6453.471906935 1670.617863867 -691.751454786 0.98043409066 0.65640951450 -7.62625472978
2024-10-08T05:14:00.000000 -6379.298119390 1705.986176446 -1147.307037832 1.49101612479 0.52207217475 -7.55287792144
2024-10-08T05:15:00.000000 -6274.695640943 1733.217626677 -1597.374698656 1.99431598961 0.38529028284 -7.44340172232
2024-10-08T05:16:00.000000 -6140.174375184 1752.185348066 -2039.804243956 2.48790885129 0.24672550389 -7.29838131867
2024-10-08T05:17:00.000000 -5976.388223769 1762.802408243 -2472.484064119 2.96942157417 0.10704695425 -7.11854700205
2024-10-08T05:18:00.000000 -5784.131617910 1765.022186421 -2893.351540850 3.43654547187 -0.03307138814 -6.90480102860
2024-10-08T05:19:00.000000 -5564.335186142 1758.838541867 -3300.403192886 3.88705128280 -0.17295482547 -6.65821058106
2024-10-08T05:20:00.000000 -5318.060711641 1744.285734093 -3691.704304957 4.31879806564 -0.31193220107 -6.37999977649
2024-10-08T05:21:00.000000 -5046.495517152 1721.438076209 -4065.398122538 4.72974335975 -0.44933994459 -6.07154162898
2024-10-08T05:22:00.000000 -4750.946329022 1690.409423478 -4419.714585231 5.11795168288 -0.58452401028 -5.73435199536
2024-10-08T05:23:00.000000 -4432.832477435 1651.352495830 -4752.978590621 5.48160596190 -0.71684360930 -5.37007790300
2024-10-08T05:24:00.000000 -4093.678680652 1604.457972832 -5063.617542336 5.81901112976 -0.84567463193 -4.98048814038
2024-10-08T05:25:00.000000 -3735.107526922 1549.953451600 -5350.168476869 6.12860174549 -0.97041086023 -4.56746729170
2024-10-08T05:26:00.000000 -3358.831391308 1488.102260301 -5611.284715674 6.40895107094 -1.09046835282 -4.13300449169
2024-10-08T05:27:00.000000 -2966.644006765 1419.202029552 -5845.741766197 6.65877493121 -1.20528772257 -3.67918191252
2024-10-08T05:28:00.000000 -2560.411729827 1343.583173920 -6052.442580355 6.87693730458 -1.31433603933 -3.20816336074
2024-10-08T05:29:00.000000 -2142.064606038 1261.607233228 -6230.422072608 7.06245073745 -1.41710881267 -2.72218226650
2024-10-08T05:30:00.000000 -1713.587473196 1173.665189851 -6378.851155489 7.21447806902 -1.51312903712 -2.22353804629
2024-10-08T05:31:00.000000 -1277.010612696 1080.175704604 -6497.040393892 7.33234168668 -1.60195266559 -1.71458294932
2024-10-08T05:32:00.000000 -834.400292043 981.582978702 -6584.442728373 7.41551972882 -1.68317208859 -1.19770977399
2024-10-08T05:33:00.000000 -387.849299708 878.354614071 -6640.655664874 7.46365041932 -1.75641462901 -0.67534244552
2024-10-08T05:34:00.000000 60.532719761 770.979516511 -6665.422835777 7.47653433663 -1.82134386948 -0.14992568822
2024-10-08T05:35:00.000000 508.628942238 659.965581515 -6658.634776323 7.45412980036 -1.87766278268 0.37608925821
2024-10-08T05:36:00.000000 954.324779005 545.837387866 -6620.329259825 7.39655460601 -1.92511279677 0.90024811429
2024-10-08T05:37:00.000000 1395.517471088 429.133828601 -6550.690933884 7.30408327340 -1.96347492238 1.42011069550
2024-10-08T05:38:00.000000 1830.125319497 310.405762865 -6450.050447916 7.17714471854 -1.99257033363 1.93325072394
2024-10-08T05:39:00.000000 2256.097161051 190.213439455 -6318.883314402 7.01632770197 -2.01226455959 2.43726867423
2024-10-08T05:40:00.000000 2671.421907363 69.123917902 -6157.807833187 6.82237864369 -2.02246510612 2.92980723028
2024-10-08T05:41:00.000000 3074.137745909 -52.291473309 -5967.582148722 6.59619198531 -2.02312207357 3.40856248276
2024-10-08T05:42:00.000000 3462.340934367 -173.459687413 -5749.100991465 6.33880955378 -2.01422832980 3.87128726934
2024-10-08T05:43:00.000000 3834.194612092 -293.808564984 -5503.391897625 6.05141778861 -1.99582064523 4.31580354223
2024-10-08T05:44:00.000000 4187.937338281 -412.769462116 -5231.610806024 5.73534411175 -1.96797927003 4.74001087787
2024-10-08T05:45:00.000000 4521.891477353 -529.779846802 -4935.037050250 5.39205334778 -1.93082781803 5.14189858960
2024-10-08T05:46:00.000000 4834.471212135 -644.285916808 -4615.067670631 5.02314033987 -1.88453366140 5.51955516289
2024-10-08T05:47:00.000000 5124.190176266 -755.745225193 -4273.211186186 4.63032409644 -1.82930787108 5.87117791573
2024-10-08T05:48:00.000000 5389.668668791 -863.629275293 -3911.080770950 4.21543972949 -1.76540416252 6.19508235183
2024-10-08T05:49:00.000000 5629.640387050 -967.426043716 -3530.386929462 3.78043087662 -1.69311775206 6.48971001992
2024-10-08T05:50:00.000000 5842.958703807 -1066.642433961 -3132.929672996 3.32734156300 -1.61278406583 6.75363719978
2024-10-08T05:51:00.000000 6028.602414709 -1160.806653390 -2720.590207004 2.85830700709 -1.52477772058 6.98558225256
2024-10-08T05:52:00.000000 6185.680947268 -1249.470529916 -2295.322200252 2.37554498006 -1.42951106331 7.18441267637
2024-10-08T05:53:00.000000 6313.439024379 -1332.211722180 -1859.142601553 1.88134559962 -1.32743261535 7.34915276589
2024-10-08T05:54:00.000000 6411.260657857 -1408.635844427 -1414.122038203 1.37805979798 -1.21902525771 7.47898998164
2024-10-08T05:55:00.000000 6478.672442418 -1478.378447831 -962.374849055 0.86808723849 -1.10480357919 7.57328071772
2024-10-08T05:56:00.000000 6515.346065728 -1541.106831666 -506.048816767 0.35386246480 -0.98531066699 7.63155396152
2024-10-08T05:57:00.000000 6521.100060416 -1596.521670865 -47.314788542 -0.16215581501 -0.86111567478 7.65351242983
2024-10-08T05:58:00.000000 6495.900908132 -1644.358508606 411.643865550 -0.67749714076 -0.73281116743 7.63903635325
2024-10-08T05:59:00.000000 6439.863328149 -1684.389068974 868.641923173 -1.18969264700 -0.60101015709 7.58818369201
2024-10-08T06:00:00.000000 6353.249830584 -1716.422401389 1321.502991437 -1.69628717396 -0.46634329513 7.50119110838
2024-10-08T06:01:00.000000 6236.469434170 -1740.305828401 1768.070222674 -2.19485468833 -0.32945497475 7.37847256933
2024-10-08T06:02:00.000000 6090.075560145 -1755.925659672 2206.216793651 -2.68300927396 -0.19099997945 7.22061444809
2024-10-08T06:03:00.000000 5914.763322856 -1763.207736131 2633.856196224 -3.15841591329 -0.05164060867 7.02837385414
2024-10-08T06:04:00.000000 5711.366090386 -1762.117761473 3048.952371723 -3.61880304850 0.08795731886 6.80267445253
2024-10-08T06:05:00.000000 5480.851336113 -1752.661409657 3449.529551891 -4.06197404539 0.22712772735 6.54460122184
2024-10-08T06:06:00.000000 5224.315826500 -1734.884263090 3833.681742685 -4.48581724051 0.36520692217 6.25539427312
2024-10-08T06:07:00.000000 4942.980188621 -1708.871554593 4199.581894437 -4.88831795754 0.50153762564 5.93644338746
2024-10-08T06:08:00.000000 4638.182752877 -1674.747694249 4545.490536996 -5.26756822195 0.63547136783 5.58927632317
2024-10-08T06:09:00.000000 4311.373019213 -1632.675684250 4869.763857916 -5.62177182313 0.76637101424 5.21555366637
2024-10-08T06:10:00.000000 3964.104612730 -1582.856274696 5170.861503615 -5.94925581068 0.89361615123 4.81706104422
2024-10-08T06:11:00.000000 3598.027678124 -1525.526889896 5447.353667908 -6.24847644574 1.01660482401 4.39569621116
2024-10-08T06:12:00.000000 3214.880992448 -1460.960457795 5697.927593557 -6.51802406058 1.13475610302 3.95346180943
2024-10-08T06:13:00.000000 2816.483742671 -1389.464089173 5921.393617409 -6.75662886683 1.24751174903 3.49245691049
2024-10-08T06:14:00.000000 2404.726991520 -1311.377602552 6116.690712411 -6.96316585532 1.35434063274 3.01486918595
2024-10-08T06:15:00.000000 1981.564694649 -1227.071804784 6282.891521625 -7.13666515926 1.45474096568 2.52296365123
2024-10-08T06:16:00.000000 1549.004277568 -1136.946693471 6419.206518393 -7.27631477621 1.54824206198 2.01906782734
2024-10-08T06:17:00.000000 1109.097071550 -1041.429531098 6524.987284066 -7.38146172355 1.63440550864 1.50555482386
2024-10-08T06:18:00.000000 663.929053487 -940.972933352 6599.729078028 -7.45160504711 1.71282514450 0.98484207161
2024-10-08T06:19:00.000000 215.611416007 -836.052815953 6643.073422984 -7.48640634011 1.78313085035 0.45938457675
2024-10-08T06:20:00.000000 -233.729284359 -727.166209142 6654.809875927 -7.48569200772 1.84498899419 -0.06834014885
2024-10-08T06:21:00.000000 -681.961024131 -614.829009100 6634.877028387 -7.44945305415 1.89810485435 -0.59584363782
2024-10-08T06:22:00.000000 -1126.956127549 -499.573589851 6583.362878495 -7.37784353405 1.94222392428 -1.12063530046
2024-10-08T06:23:00.000000 -1566.601158199 -381.946356172 6500.504692850 -7.27118487749 1.97713356823 -1.64023303552
2024-10-08T06:24:00.000000 -1998.806899087 -262.505164423 6386.687935547 -7.12996086175 2.00266447066 -2.15218056715
2024-10-08T06:25:00.000000 -2421.517899694 -141.816752833 6242.444590594 -6.95481410319 2.01869029766 -2.65405124242
2024-10-08T06:26:00.000000 -2832.722076285 -20.454081171 6068.451051207 -6.74654677190 2.02512983799 -3.14346033174
2024-10-08T06:27:00.000000 -3230.460179386 101.006302278 5865.525284520 -6.50611796483 2.02194465807 -3.61807496058
2024-10-08T06:28:00.000000 -3612.835177027 221.986885977 5634.623360168 -6.23464132254 2.00914133940 -4.07562684670
2024-10-08T06:29:00.000000 -3978.021329085 341.911891822 5376.835260898 -5.93337921719 1.98677105360 -4.51392160191
2024-10-08T06:30:00.000000 -4324.273078632 460.210000105 5093.380177420 -5.60374157291 1.95493172352 -4.93084925491
2024-10-08T06:31:00.000000 -4649.933721461 576.317189476 4785.600970628 -5.24727843646 1.91376844807 -5.32439948978
2024-10-08T06:32:00.000000 -4953.443488176 689.679511056 4454.957891199 -4.86566913974 1.86347135732 -5.69267081112
2024-10-08T06:33:00.000000 -5233.347082783 799.755682114 4103.021875062 -4.46071697153 1.80427226617 -6.03387660347
2024-10-08T06:34:00.000000 -5488.300969878 906.019623040 3731.467327144 -4.03434111134 1.73644662091 -6.34635483039
2024-10-08T06:35:00.000000 -5717.080128773 1007.963070895 3342.064625079 -3.58857437069 1.66031204580 -6.62857127995
2024-10-08T06:36:00.000000 -5918.584926022 1105.098117737 2936.671870661 -3.12556194049 1.57623162333 -6.87913938309
2024-10-08T06:37:00.000000 -6091.847126404 1196.960070912 2517.225297046 -2.64753017366 1.48461235514 -7.09684193693
2024-10-08T06:38:00.000000 -6236.033987207 1283.109554724 2085.729547611 -2.15677232558 1.38589193757 -7.28061463983
2024-10-08T06:39:00.000000 -6350.452456365 1363.134515062 1644.248344005 -1.65564966867 1.28054341624 -7.42955262540
2024-10-08T06:40:00.000000 -6434.553187518 1436.652370504 1194.894768589 -1.14659012275 1.16907616415 -7.54292019408
2024-10-08T06:41:00.000000 -6487.933907614 1503.312051977 739.820428621 -0.63206327561 1.05202955341 -7.62016850156
2024-10-08T06:42:00.000000 -6510.341266859 1562.795596414 281.204390008 -0.11456110484 0.92996783163 -7.66093047103
2024-10-08T06:43:00.000000 -6501.671795364 1614.819684535 -178.757601488 0.40341338047 0.80348153875 -7.66501725177
2024-10-08T06:44:00.000000 -6461.972304973 1659.137160679 -637.863900690 0.91935588834 0.67318484770 -7.63242116624
2024-10-08T06:45:00.000000 -6391.439630336 1695.538308710 -1093.917861074 1.43077230020 0.53971072651 -7.56331713414
2024-10-08T06:46:00.000000 -6290.419527678 1723.851821233 -1544.738803550 1.93519480231 0.40370569316 -7.45806137319
2024-10-08T06:47:00.000000 -6159.404785517 1743.945537252 -1988.172785557 2.43019281117 0.26582816354 -7.31718927259
2024-10-08T06:48:00.000000 -5999.032474487 1755.727093426 -2422.103252213 2.91338843671 0.12674551466 -7.14141001914
2024-10-08T06:49:00.000000 -5810.080626610 1759.144346419 -2844.461382415 3.38246387473 -0.01286983014 -6.93160592785
2024-10-08T06:50:00.000000 -5593.464070486 1754.185487677 -3253.236353132 3.83517953390 -0.15234670307 -6.68882636690
2024-10-08T06:51:00.000000 -5350.229328683 1740.878843993 -3646.485009037 4.26938578202 -0.29101849992 -6.41427505168
2024-10-08T06:52:00.000000 -5081.549179141 1719.292640876 -4022.340911400 4.68302568671 -0.42822203306 -6.10930616905
2024-10-08T06:53:00.000000 -4788.716607531 1689.534644055 -4379.023270789 5.07415118112 -0.56330369477 -5.77541776458
2024-10-08T06:54:00.000000 -4473.138094185 1651.751476550 -4714.845185068 5.44092788449 -0.69562195791 -5.41424060442
2024-10-08T06:55:00.000000 -4136.326588691 1606.127805269 -5028.221448730 5.78164284607 -0.82455118995 -5.02753268235
2024-10-08T06:56:00.000000 -3779.893868211 1552.885219410 -5317.675887709 6.09471634450 -0.94948663453 -4.61716713085
2024-10-08T06:57:00.000000 -3405.542450693 1492.281030220 -5581.847798624 6.37870355196 -1.06984187061 -4.18511961474
2024-10-08T06:58:00.000000 -3015.057292172 1424.607070127 -5819.498004731 6.63230309150 -1.18505427158 -3.73346289052
2024-10-08T06:59:00.000000 -2610.297032132 1350.188093059 -6029.514207121 6.85436005553 -1.29458885551 -3.26435177878
2024-10-08T07:00:00.000000 -2193.185132620 1269.380114262 -6210.915654078 7.04386973860 -1.39793905319 -2.78001441926
2024-10-08T07:01:00.000000 -1765.700750548 1182.568663273 -6362.857152778 7.19998017409 -1.49462744917 -2.28273953406
2024-10-08T07:02:00.000000 -1329.869613524 1090.167028974 -6484.632441156 7.32199058272 -1.58420645365 -1.77486878335
2024-10-08T07:03:00.000000 -887.754865727 992.614374795 -6575.677339826 7.40935741958 -1.66626255637 -1.25879532526
2024-10-08T07:04:00.000000 -441.447258650 890.373514071 -6635.572250140 7.46170280706 -1.74042020306 -0.73694110569
2024-10-08T07:05:00.000000 6.944550142 783.928743841 -6664.043442790 7.47880723529 -1.80633935618 -0.21174587912
2024-10-08T07:06:00.000000 455.303444428 673.783644449 -6660.963998729 7.46060892480 -1.86371726445 0.31433731377
2024-10-08T07:07:00.000000 901.513437354 560.458798735 -6626.354257391 7.40720639443 -1.91229001628 0.83885602719
2024-10-08T07:08:00.000000 1343.469088043 444.489474248 -6560.381505350 7.31885326173 -1.95183277095 1.35936383695
2024-10-08T07:09:00.000000 1779.085004757 326.423113307 -6463.359431865 7.19596397157 -1.98216438554 1.87343077880
2024-10-08T07:10:00.000000 2206.305353048 206.816824506 -6335.746683949 7.03910946353 -2.00314369227 2.37865557227
2024-10-08T07:11:00.000000 2623.113285700 86.234908891 -6178.144848046 6.84901702605 -2.01467241214 2.87267768480
2024-10-08T07:12:00.000000 3027.540048965 -34.753697480 -5991.295691918 6.62656230536 -2.01669422126 3.35318526450
2024-10-08T07:13:00.000000 3417.673910897 -155.577966420 -5776.078032651 6.37276972328 -2.00919587468 3.81792420007
2024-10-08T07:14:00.000000 3791.668923704 -275.667361144 -5533.503964708 6.08880734988 -1.99220693599 4.26470678416
2024-10-08T07:15:00.000000 4147.753543312 -394.454423995 -5264.714656221 5.77598720450 -1.96580075773 4.69142057196
2024-10-08T07:16:00.000000 4484.239165185 -511.377438636 -4970.975369958 5.43576012024 -1.93009534790 5.09604391819
2024-10-08T07:17:00.000000 4799.528129561 -625.883084586 -4653.669720997 5.06970580932 -1.88525230493 5.47665410471
2024-10-08T07:18:00.000000 5092.121323549 -737.429017987 -4314.293536135 4.67952847562 -1.83147580472 5.83143522135
2024-10-08T07:19:00.000000 5360.625444303 -845.486410038 -3954.448154767 4.26704971349 -1.76901214396 6.15868745429
2024-10-08T07:20:00.000000 5603.759837169 -949.542467588 -3575.833212764 3.83420177259 -1.69814946577 6.45683565020
2024-10-08T07:21:00.000000 5820.362903084 -1049.102919622 -3180.238865337 3.38301924640 -1.61921676324 6.72443911759
2024-10-08T07:22:00.000000 6009.397951527 -1143.694409957 -2769.537481435 2.91562964696 -1.53258185172 6.96019950509
2024-10-08T07:23:00.000000 6169.958456049 -1232.866783648 -2345.674855654 2.43424227246 -1.43865027700 7.16296848409
2024-10-08T07:24:00.000000 6301.272659367 -1316.195334986 -1910.661064144 1.94113869024 -1.33786439352 7.33175280691
2024-10-08T07:25:00.000000 6402.707613454 -1393.282918058 -1466.560952751 1.43866251728 -1.23069990484 7.46572109787
2024-10-08T07:26:00.000000 6473.772546631 -1463.761872290 -1015.484237110 0.92920683891 -1.11766390628 7.56420969653
2024-10-08T07:27:00.000000 6514.121443274 -1527.295897104 -559.575389218 0.41520254554 -0.99929427785 7.62672421116
2024-10-08T07:28:00.000000 6523.555038381 -1583.581782720 -101.003315472 -0.10089198585 -0.87615529984 7.65294543252
2024-10-08T07:29:00.000000 6502.022037896 -1632.350883651 358.049240064 -0.61660481338 -0.74883453702 7.64273152359
2024-10-08T07:30:00.000000 6449.619556075 -1673.370450405 815.396400753 -1.12946340048 -0.61794053077 7.59612024844
2024-10-08T07:31:00.000000 6366.592691429 -1706.444795297 1268.859938526 -1.63700979380 -0.48409938218 7.51332824930
2024-10-08T07:32:00.000000 6253.333283726 -1731.416233912 1716.279908141 -2.13681230382 -0.34795153872 7.39474800432
2024-10-08T07:33:00.000000 6110.377991833 -1748.165885658 2155.525166053 -2.62647765787 -0.21014918958 7.24094674707
2024-10-08T07:34:00.000000 5938.405600714 -1756.614225160 2584.503739728 -3.10366328350 -0.07135139309 7.05266215960
2024-10-08T07:35:00.000000 5738.233661143 -1756.721402678 3001.172939092 -3.56608817995 0.06777885597 6.83079868983
2024-10-08T07:36:00.000000 5510.814448418 -1748.487407648 3403.549237924 -4.01154439450 0.20657687074 6.57642328651
2024-10-08T07:37:00.000000 5257.230233833 -1731.952083825 3789.717898636 -4.43790894980 0.34437989923 6.29076105183
2024-10-08T07:38:00.000000 4978.687783485 -1707.194837565 4157.842204115 -4.84315653802 0.48053229871 5.97518549184
2024-10-08T07:39:00.000000 4676.512276032 -1674.334167089 4506.172050736 -5.22536642023 0.61438712443 5.63120900403
2024-10-08T07:40:00.000000 4352.140831839 -1633.527045153 4833.052081891 -5.58272942557 0.74530935379 5.26047643722
2024-10-08T07:41:00.000000 4007.115547204 -1584.968107121 5136.929397127 -5.91355653479 0.87267903845 4.86475642251
2024-10-08T07:42:00.000000 3643.076132219 -1528.888678922 5416.360721864 -6.21628390587 0.99589341178 4.44593375724
2024-10-08T07:43:00.000000 3261.752129734 -1465.555686262 5670.019238027 -6.48948337166 1.11436921193 4.00600357327
2024-10-08T07:44:00.000000 2864.954513861 -1395.270339462 5896.700759751 -6.73186854175 1.22754752491 3.54705686886
2024-10-08T07:45:00.000000 2454.567066436 -1318.366628271 6095.329262873 -6.94230071670 1.33489451330 3.07127263645
2024-10-08T07:46:00.000000 2032.537303521 -1235.209775642 6264.961747484 -7.11979434116 1.43590364865 2.58090410324
2024-10-08T07:47:00.000000 1600.867229536 -1146.194471330 6404.792355171 -7.26351874778 1.53009988959 2.07826736086
2024-10-08T07:48:00.000000 1161.604087202 -1051.742896325 6514.155840030 -7.37279682253 1.61704181083 1.56573260714
2024-10-08T07:49:00.000000 716.831011545 -952.302741978 6592.530620304 -7.44711032104 1.69632052226 1.04571661635
2024-10-08T07:50:00.000000 268.657365292 -848.345194182 6639.541220526 -7.48610345231 1.76756246402 0.52067072390
2024-10-08T07:51:00.000000 -180.791038127 -740.362737794 6654.959977175 -7.48958373576 1.83043105130 -0.00693118992
2024-10-08T07:52:00.000000 -629.381725593 -628.866941953 6638.708102987 -7.45752158154 1.88462729170 -0.53460172305
2024-10-08T07:53:00.000000 -1074.985361799 -514.386115221 6590.856246862 -7.39005186296 1.92989225404 -1.05984873314
2024-10-08T07:54:00.000000 -1515.485746712 -397.462897559 6511.624383285 -7.28747723141 1.96600731245 -1.58019014419
2024-10-08T07:55:00.000000 -1948.789685909 -278.651792178 6401.380761413 -7.15026096346 1.99279614485 -2.09316583119
2024-10-08T07:56:00.000000 -2372.836633871 -158.516557783 6260.640448467 -6.97902839543 2.01012653409 -2.59634474026
2024-10-08T07:57:00.000000 -2785.608314160 -37.627584808 6090.063139811 -6.77456216521 2.01790950020 -3.08733783133
2024-10-08T07:58:00.000000 -3185.138126508 83.440695106 5890.450485461 -6.53780282259 2.01609970315 -3.56380423702
2024-10-08T07:59:00.000000 -3569.520630299 204.112522286 5662.742770543 -6.26984729941 2.00469861211 -4.02346618437
2024-10-08T08:00:00.000000 -3936.920707494 323.813629865 5408.014750693 -5.97194198319 1.98375403257 -4.46412056168
2024-10-08T08:01:00.000000 -4285.582434320 441.973948754 5127.470873843 -5.64547946249 1.95335807027 -4.88364965778
2024-10-08T08:02:00.000000 -4613.837608854 558.030264105 4822.439803015 -5.29198982822 1.91364679612 -5.28003146625
2024-10-08T08:03:00.000000 -4920.113908711 671.428821878 4494.368490889 -4.91313876418 1.86479990164 -5.65134801625
2024-10-08T08:04:00.000000 -5202.942643753 781.627981427 4144.815440657 -4.51071147599 1.80704100854 -5.99579743964
2024-10-08T08:05:00.000000 -5460.966043305 888.100856433 3775.444074794 -4.08662602888 1.74063941980 -6.31168925886
2024-10-08T08:06:00.000000 -5692.945187527 990.338188156 3388.014594395 -3.64291383620 1.66591286611 -6.59749157004
2024-10-08T08:07:00.000000 -5897.765383028 1087.851002928 2984.374931205 -3.18168930723 1.58321775279 -6.85180713709
2024-10-08T08:08:00.000000 -6074.441890899 1180.172794646 2566.452527259 -2.70516670774 1.49294769386 -7.07338833950
2024-10-08T08:09:00.000000 -6222.125244443 1266.861841241 2136.244881264 -2.21563920303 1.39553458333 -7.26114758716
2024-10-08T08:10:00.000000 -6340.105702106 1347.503418223 1695.809796685 -1.71546889950 1.29144629795 -7.41416350435
2024-10-08T08:11:00.000000 -6427.817006485 1421.711916439 1247.255248965 -1.20707473690 1.18118505164 -7.53168610253
2024-10-08T08:12:00.000000 -6484.839402742 1489.132816593 792.728871433 -0.69291813110 1.06528429398 -7.61314424791
2024-10-08T08:13:00.000000 -6510.901709347 1549.444435765 334.407190763 -0.17548846370 0.94430455486 -7.65814585283
2024-10-08T08:14:00.000000 -6505.882693786 1602.359483421 -125.515164575 0.34270739520 0.81883179405 -7.66648039652
2024-10-08T08:15:00.000000 -6469.811646290 1647.626620787 -584.836491662 0.85916264862 0.68947800218 -7.63812258869
2024-10-08T08:16:00.000000 -6402.867833312 1685.031787149 -1041.358992319 1.37138561225 0.55687177074 -7.57322653656
2024-10-08T08:17:00.000000 -6305.379506477 1714.398991731 -1492.899422920 1.87690292249 0.42165394979 -7.47212407630
2024-10-08T08:18:00.000000 -6177.822429171 1735.591101286 -1937.299943317 2.37327475628 0.28447841116 -7.33533055863
2024-10-08T08:19:00.000000 -6020.817208725 1748.510497354 -2372.439007454 2.85811502496 0.14600784666 -7.16353848193
2024-10-08T08:20:00.000000 -5835.125782103 1753.099488125 -2796.241708427 3.32909995498 0.00690954650 -6.95760938132
2024-10-08T08:21:00.000000 -5621.647392355 1749.340452842 -3206.689838014 3.78397880226 -0.13214825917 -6.71857084182
2024-10-08T08:22:00.000000 -5381.413822084 1737.255863012 -3601.831659258 4.22058594570 -0.27049786989 -6.44760995986
2024-10-08T08:23:00.000000 -5115.583983780 1716.908146263 -3979.791332918 4.63685166424 -0.40747600113 -6.14606884096
2024-10-08T08:24:00.000000 -4825.437711086 1688.399231572 -4338.777931921 5.03081667325 -0.54243014442 -5.81543255498
2024-10-08T08:25:00.000000 -4512.369000040 1651.869805035 -4677.093543901 5.40063479158 -0.67472092489 -5.45731583657
2024-10-08T08:26:00.000000 -4177.879087800 1607.498502869 -4993.140991684 5.74457975154 -0.80372320284 -5.07346091511
2024-10-08T08:27:00.000000 -3823.568890032 1555.500947805 -5285.431174172 6.06105601856 -0.92882974418 -4.66572545726
2024-10-08T08:28:00.000000 -3451.131102280 1496.128628152 -5552.589645597 6.34860040375 -1.04945243507 -4.23607349814
2024-10-08T08:29:00.000000 -3062.341937859 1429.667604304 -5793.362883032 6.60589476242 -1.16502856038 -3.78656837835
2024-10-08T08:30:00.000000 -2659.052274410 1356.436877993 -6006.623591155 6.83176687142 -1.27502164881 -3.31935301865
2024-10-08T08:31:00.000000 -2243.178963761 1276.786904954 -6191.375415507 7.02519166749 -1.37892093702 -2.83664830748
2024-10-08T08:32:00.000000 -1816.695723477 1191.097840503 -6346.757256742 7.18529893684 -1.47624741643 -2.34073857669
2024-10-08T08:33:00.000000 -1381.623943876 1099.777692236 -6472.046630862 7.31136890113 -1.56655101357 -1.83396019564
2024-10-08T08:34:00.000000 -940.023528611 1003.260573322 -6566.662869657 7.40284071205 -1.64941331572 -1.31870206048
2024-10-08T08:35:00.000000 -493.983056320 902.004523569 -6630.169643454 7.45931790210 -1.72445530400 -0.79738280898
2024-10-08T08:36:00.000000 -45.610163853 796.489241242 -6662.276318184 7.48056120531 -1.79133322946 -0.27243979633
2024-10-08T08:37:00.000000 402.977905565 687.214001118 -6662.838974644 7.46649046303 -1.84973916786 0.25367559509
2024-10-08T08:38:00.000000 849.663835314 574.695402387 -6631.860887171 7.41718255066 -1.89940348868 0.77850886146
2024-10-08T08:39:00.000000 1292.339753692 459.465006616 -6569.492584894 7.33287678204 -1.94009792754 1.29960933624
2024-10-08T08:40:00.000000 1728.916896688 342.066820626 -6476.031043397 7.21396881551 -1.97163524412 1.81454647073
2024-10-08T08:41:00.000000 2157.334975409 223.054869860 -6351.918450964 7.06101413330 -1.99386943040 2.32091332770
2024-10-08T08:42:00.000000 2575.571747630 102.990637454 -6197.740104925 6.87472206489 -2.00669748571 2.81634844877
2024-10-08T08:43:00.000000 2981.651888410 -17.559427396 -6014.221641447 6.65594828711 -2.01005692645 3.29853516255
2024-10-08T08:44:00.000000 3373.655929241 -138.026389257 -5802.226158814 6.40569876663 -2.00392756650 3.76521038895
2024-10-08T08:45:00.000000 3749.729197091 -257.841392154 -5562.750629106 6.12512690312 -1.98833257411 4.21417647781
2024-10-08T08:46:00.000000 4108.090564278 -376.438317772 -5296.921633397 5.81552995657 -1.96334000162 4.64331295371
2024-10-08T08:47:00.000000 4447.040889217 -493.256444094 -5005.990358034 5.47834214651 -1.92906145103 5.05058847604
2024-10-08T08:48:00.000000 4764.970996697 -607.743036994 -4691.326999877 5.11512732793 -1.88565156624 5.43406829522
2024-10-08T08:49:00.000000 5060.369348950 -719.355920205 -4354.414752403 4.72757544257 -1.83330751366 5.79192248218
2024-10-08T08:50:00.000000 5331.829409429 -827.566019603 -3996.843200200 4.31749540044 -1.77226891118 6.12243590813
2024-10-08T08:51:00.000000 5578.056601612 -931.859899248 -3620.301151596 3.88680890682 -1.70281712776 6.42401837618
2024-10-08T08:52:00.000000 5797.874762203 -1031.742221524 -3226.568830862 3.43753975555 -1.62527397276 6.69521381353
2024-10-08T08:53:00.000000 5990.232010219 -1126.738141589 -2817.509627412 2.97180527682 -1.54000038491 6.93470750580
2024-10-08T08:54:00.000000 6154.206051016 -1216.395611354 -2395.061404391 2.49180610213 -1.44739518957 7.14133259172
2024-10-08T08:55:00.000000 6289.008917959 -1300.287619480 -1961.227446277 1.99981779905 -1.34789390116 7.31407666641
2024-10-08T08:56:00.000000 6393.991141812 -1378.014332391 -1518.066920076 1.49817883670 -1.24196627090 7.45209048202
2024-10-08T08:57:00.000000 6468.645101355 -1449.205042043 -1067.684976554 0.98927749613 -1.13011319788 7.55469057998
2024-10-08T08:58:00.000000 6512.607762660 -1513.520013449 -612.222700405 0.47554303803 -1.01286585060 7.62136396309
2024-10-08T08:59:00.000000 6525.662719400 -1570.652206952 -153.846725073 -0.04056821223 -0.89078249330 7.65177214030
2024-10-08T09:00:00.000000 6507.741458203 -1620.328836701 305.261315412 -0.55658540404 -0.76444604188 7.64575411931
2024-10-08T09:01:00.000000 6458.923787286 -1662.312739741 762.915456206 -1.07003716428 -0.63446058320 7.60332641115
2024-10-08T09:02:00.000000 6379.437525000 -1696.403562391 1216.936063761 -1.57846338738 -0.50144839618 7.52468352913
2024-10-08T09:03:00.000000 6269.657448118 -1722.438744329 1665.160484567 -2.07942745798 -0.36604643003 7.41019682054
2024-10-08T09:04:00.000000 6130.103498438 -1740.294294037 2105.453637234 -2.57052977841 -0.22890271695 7.26041346460
2024-10-08T09:05:00.000000 5961.438155825 -1749.885341581 2535.718402533 -3.04941999432 -0.09067276743 7.07605087010
2024-10-08T09:06:00.000000 5764.463210534 -1751.166528326 2953.905757362 -3.51380700062 0.04798196412 6.85799451689
2024-10-08T09:07:00.000000 5540.115822278 -1744.132303130 3358.024776010 -3.96147171268 0.18639699029 6.60729509486
2024-10-08T09:08:00.000000 5289.463752094 -1728.816900658 3746.152391433 -4.39028220261 0.32391166439 6.32516169799
2024-10-08T09:09:00.000000 5013.699837674 -1705.293985057 4116.442517738 -4.79820198795 0.45987254873 6.01294984368
2024-10-08T09:10:00.000000 4714.136102375 -1673.676180663 4467.134639119 -5.18329615588 0.59363449917 5.67215570604
2024-10-08T09:11:00.000000 4392.197356093 -1634.114528026 4796.562068124 -5.54374146038 0.72456276059 5.30440900174
2024-10-08T09:12:00.000000 4049.414319294 -1586.797765600 5103.159678338 -5.87783129735 0.85203570694 4.91146473818
2024-10-08T09:13:00.000000 3687.416344548 -1531.951449877 5385.471374480 -6.18398835350 0.97544907023 4.49520017967
2024-10-08T09:14:00.000000 3307.923319847 -1469.836749271 5642.156819125 -6.46077024618 1.09421966623 4.05759531798
2024-10-08T09:15:00.000000 2912.737533723 -1400.749171458 5871.997568264 -6.70687597787 1.20778684704 3.60073090769
2024-10-08T09:16:00.000000 2503.734920116 -1325.017144123 6073.902558973 -6.92115059682 1.31561428298 3.12677076684
2024-10-08T09:17:00.000000 2082.856357875 -1243.000405590 6246.912975360 -7.10258566674 1.41719530758 2.63795863461
2024-10-08T09:18:00.000000 1652.098588358 -1155.088185160 6390.206778542 -7.25032873005 1.51205346184 2.13660740892
2024-10-08T09:19:00.000000 1213.504722261 -1061.697384416 6503.102380967 -7.36368640846 1.59974298092 1.62508354682
2024-10-08T09:20:00.000000 769.154756299 -963.270688751 6585.061548110 -7.44212256728 1.67985062100 1.10579827422
2024-10-08T09:21:00.000000 321.156037994 -860.274516620 6635.691914352 -7.48526299065 1.75199916505 0.58120049164
2024-10-08T09:22:00.000000 -128.366554996 -753.196806557 6654.748751503 -7.49289648535 1.81584809850 0.05376059596
2024-10-08T09:23:00.000000 -577.280305985 -642.544823753 6642.136067962 -7.46497377240 1.87109436799 -0.47403497479
2024-10-08T09:24:00.000000 -1023.454501449 -528.842834282 6597.907276745 -7.40161117533 1.91747435732 -0.99969477513
2024-10-08T09:25:00.000000 -1464.770360301 -412.629731488 6522.265094368 -7.30308979858 1.95476427233 -1.52073530003
2024-10-08T09:26:00.000000 -1899.130883645 -294.456584311 6415.560720565 -7.16985404753 1.98278244235 -2.03469264917
2024-10-08T09:27:00.000000 -2324.470552969 -174.884082078 6278.292375889 -7.00250884420 2.00138986428 -2.53913139649
2024-10-08T09:28:00.000000 -2738.764934327 -54.479953474 6111.103320002 -6.80181876930 2.01049120812 -3.03165340748
2024-10-08T09:29:00.000000 -3140.040347031 66.183717266 5914.779297778 -6.56871069828 2.01003674688 -3.50991106155
2024-10-08T09:30:00.000000 -3526.383352870 186.533207550 5690.244963220 -6.30426431318 2.00002128079 -3.97162272655
2024-10-08T09:31:00.000000 -3895.949750145 305.995788946 5438.559717401 -6.00970714451 1.98048324230 -4.41457963832
2024-10-08T09:32:00.000000 -4246.973361156 424.002388216 5160.913125048 -5.68641202736 1.95150630784 -4.83665365273
2024-10-08T09:33:00.000000 -4577.774591058 539.990326677 4858.619774318 -5.33589169749 1.91321999488 -5.23580622381
2024-10-08T09:34:00.000000 -4886.768856888 653.406099107 4533.113597703 -4.95979991481 1.86580066238 -5.61010209288
2024-10-08T09:35:00.000000 -5172.474642805 763.708116765 4185.941040262 -4.55991553930 1.80946843079 -5.95772592470
2024-10-08T09:36:00.000000 -5433.520812203 870.369305948 3818.753904270 -4.13813939647 1.74448718958 -6.27698341187
2024-10-08T09:37:00.000000 -5668.653768261 972.879672171 3433.301598093 -3.69648623620 1.67116212917 -6.56631766043
2024-10-08T09:38:00.000000 -5876.743771123 1070.748830739 3031.422540218 -3.23706655054 1.58984179289 -6.82431898094
2024-10-08T09:39:00.000000 -6056.790309934 1163.508504603 2615.035375031 -2.76207792864 1.50091362368 -7.04972233450
2024-10-08T09:40:00.000000 -6207.927493034 1250.714797951 2186.130173544 -2.27380983165 1.40480325783 -7.24141617294
2024-10-08T09:41:00.000000 -6329.429023403 1331.950476056 1746.758481147 -1.77462029838 1.30197305358 -7.39846330440
2024-10-08T09:42:00.000000 -6420.711665320 1406.827060621 1299.022954853 -1.26691891341 1.19291866940 -7.52009718260
2024-10-08T09:43:00.000000 -6481.338081278 1474.986740258 845.067122502 -0.75315845033 1.07816651638 -7.60572173141
2024-10-08T09:44:00.000000 -6511.019341562 1536.104199871 387.065010606 -0.23583135164 0.95827304651 -7.65491973920
2024-10-08T09:45:00.000000 -6509.616615719 1589.888303501 -72.790043332 0.28255695150 0.83382021565 -7.66746316315
2024-10-08T09:46:00.000000 -6477.141457059 1636.083514900 -532.296322496 0.79949793591 0.70541247096 -7.64330066377
2024-10-08T09:47:00.000000 -6413.755897749 1674.471148781 -989.254579912 1.31248811138 0.57367260909 -7.58256709692
2024-10-08T09:48:00.000000 -6319.771469340 1704.870318032 -1441.479190277 1.81905021738 0.43923774439 -7.48558020003
2024-10-08T09:49:00.000000 -6195.647270437 1727.138791587 -1886.808914963 2.31674392783 0.30275884643 -7.35283471244
2024-10-08T09:50:00.000000 -6041.987479691 1741.173699683 -2323.117481733 2.80317560874 0.16489613101 -7.18500131656
2024-10-08T09:51:00.000000 -5859.538143504 1746.911962188 -2748.324075154 3.27601246483 0.02631523832 -6.98292357000
2024-10-08T09:52:00.000000 -5649.183117782 1744.330521940 -3160.403504707 3.73299533681 -0.11231602308 -6.74761091481
2024-10-08T09:53:00.000000 -5411.939360756 1733.446358942 -3557.395986383 4.17194857927 -0.25033148032 -6.48023341771
2024-10-08T09:54:00.000000 -5148.951540436 1714.316286653 -3937.416591830 4.59079279003 -0.38707015412 -6.18211457916
2024-10-08T09:55:00.000000 -4861.485946659 1687.036510301 -4298.664153778 4.98755464658 -0.52188078129 -5.85472104735
2024-10-08T09:56:00.000000 -4550.923945652 1651.741928708 -4639.429543874 5.36037238101 -0.65412503861 -5.49965315724
2024-10-08T09:57:00.000000 -4218.755057364 1608.605337910 -4958.103529610 5.70750455937 -0.78317830007 -5.11863895616
2024-10-08T09:58:00.000000 -3866.569467848 1557.836508567 -5253.184122120 6.02733775726 -0.90843338568 -4.71352359720
2024-10-08T09:59:00.000000 -3496.050179367 1499.681072055 -5523.283353094 6.31839308161 -1.02930216511 -4.28626108200
2024-10-08T10:00:00.000000 -3108.964680201 1434.419325208 -5767.133482336 6.57933415884 -1.14521800453 -3.83890292125
2024-10-08T10:01:00.000000 -2707.156279754 1362.364788558 -5983.592489428 6.80897025417 -1.25564101572 -3.37358663500
2024-10-08T10:02:00.000000 -2292.535272799 1283.862482956 -6171.648936868 7.00626021805 -1.36006099292 -2.89252530138
2024-10-08T10:03:00.000000 -1867.069871706 1199.287179376 -6330.426118821 7.17031442914 -1.45799643691 -2.39799554999
2024-10-08T10:04:00.000000 -1432.777072050 1109.041668548 -6459.185662492 7.30039734114 -1.54899495332 -1.89233026672
2024-10-08T10:05:00.000000 -991.713298434 1013.554985422 -6557.330604214 7.39593029880 -1.63263480931 -1.37790907616
2024-10-08T10:06:00.000000 -545.964881743 913.280358131 -6624.407952041 7.45649617111 -1.70853248285 -0.85714835572
2024-10-08T10:07:00.000000 -97.638359293 808.692902484 -6660.110327180 7.48183738604 -1.77634058954 -0.33248407591
2024-10-08T10:08:00.000000 351.148997326 700.287549954 -6664.276951186 7.47185337766 -1.83574682765 0.19363412421
2024-10-08T10:09:00.000000 798.278607748 588.576828011 -6636.894358206 7.42660309132 -1.88647720854 0.71874654581
2024-10-08T10:10:00.000000 1241.640403242 474.088493621 -6578.096505597 7.34630958781 -1.92829852401 1.24040244437
2024-10-08T10:11:00.000000 1679.142357534 357.363050666 -6488.163891769 7.23135152926 -1.96101889803 1.75616792150
2024-10-08T10:12:00.000000 2108.719965086 238.951308828 -6367.522314731 7.08226729919 -1.98448647441 2.26363679723
2024-10-08T10:13:00.000000 2528.345594566 119.411979402 -6216.740769887 6.89974616164 -1.99859022395 2.76044235696
2024-10-08T10:14:00.000000 2936.037438038 -0.690852980 -6036.529012808 6.68462667894 -2.00326209572 3.24426052385
2024-10-08T10:15:00.000000 3329.868526106 -120.790292439 -5827.734752836 6.43789882347 -1.99847649086 3.71281874999
2024-10-08T10:16:00.000000 3707.975849347 -240.319223509 -5591.340107238 6.16070320154 -1.98425193102 4.16391239644
2024-10-08T10:17:00.000000 4068.569072556 -358.712962593 -5328.457125996 5.85432024999 -1.96065070130 4.59541579785
2024-10-08T10:18:00.000000 4409.938764399 -475.411847029 -5040.322891774 5.52016590564 -1.92777783015 5.00528827267
2024-10-08T10:19:00.000000 4730.464433428 -589.863776033 -4728.294154852 5.15978831601 -1.88578002743 5.39158326200
2024-10-08T10:20:00.000000 5028.622296391 -701.526693456 -4393.841395453 4.77486183369 -1.83484595182 5.75245705856
2024-10-08T10:21:00.000000 5302.992788469 -809.871229963 -4038.542439847 4.36718551739 -1.77521030008 6.08617872735
2024-10-08T10:22:00.000000 5552.267642828 -914.383394713 -3664.075100685 3.93866684436 -1.70714887024 6.39114686105
2024-10-08T10:23:00.000000 5775.256120939 -1014.566768763 -3272.209483487 3.49131723105 -1.63097294135 6.66588648490
2024-10-08T10:24:00.000000 5970.891254351 -1109.944974832 -2864.800067145 3.02724742460 -1.54703945672 6.90906380110
2024-10-08T10:25:00.000000 6138.235200250 -1200.064210236 -2443.776832793 2.54864936063 -1.45574252665 7.11949600281
2024-10-08T10:26:00.000000 6276.483867516 -1284.495367257 -2011.136174483 2.05778836268 -1.35751116808 7.29615200162
2024-10-08T10:27:00.000000 6384.971216126 -1362.836103346 -1568.931686230 1.55699963453 -1.25280859862 7.43815897532
2024-10-08T10:28:00.000000 6463.173046131 -1434.712894445 -1119.264248811 1.04867336209 -1.14213174980 7.54481448413
2024-10-08T10:29:00.000000 6510.709805230 -1499.782922005 -664.271611434 0.53523710685 -1.02600624852 7.61559230061
2024-10-08T10:30:00.000000 6527.348297576 -1557.735698373 -206.117958306 0.01914136875 -0.90498419309 7.65013667696
2024-10-08T10:31:00.000000 6513.002934438 -1608.294605900 253.016361364 -0.49714598700 -0.77964197077 7.64826555219
2024-10-08T10:32:00.000000 6467.736399274 -1651.218292296 710.945385596 -1.01115266479 -0.65057822934 7.60997430936
2024-10-08T10:33:00.000000 6391.759495140 -1686.301898497 1165.488232346 -1.52041597269 -0.51841029170 7.53543659879
2024-10-08T10:34:00.000000 6285.430203776 -1713.378103727 1614.479741118 -2.02249443185 -0.38377152432 7.42500304163
2024-10-08T10:35:00.000000 6149.252005639 -1732.317950801 2055.781122789 -2.51498239454 -0.24730652057 7.27920134205
2024-10-08T10:36:00.000000 5983.871328508 -1743.031422122 2487.290398435 -2.99552174360 -0.10966850176 7.09873029735
2024-10-08T10:37:00.000000 5790.074385012 -1745.467882224 2906.952653095 -3.46181410375 0.02848391202 6.88445935441
2024-10-08T10:38:00.000000 5568.783122124 -1739.616261739 3312.770053971 -3.91163483318 0.16649094290 6.63742019549
2024-10-08T10:39:00.000000 5321.050568205 -1725.505045862 3702.811367044 -4.34284062120 0.30369428678 6.35880065597
2024-10-08T10:40:00.000000 5048.055608471 -1703.202100165 4075.221202900 -4.75338169610 0.43944022008 6.04993934785
2024-10-08T10:41:00.000000 4751.097092566 -1672.814290510 4428.228776389 -5.14131008198 0.57308302184 5.71231694553
2024-10-08T10:42:00.000000 4431.587473267 -1634.486896371 4760.156245954 -5.50478866617 0.70398836326 5.34754912471
2024-10-08T10:43:00.000000 4091.045932521 -1588.402846461 5069.426507008 -5.84209745973 0.83153615484 4.95737728818
2024-10-08T10:44:00.000000 3731.091109490 -1534.781823617 5354.570605593 -6.15164417959 0.95512156152 4.54366288472
2024-10-08T10:45:00.000000 3353.433168966 -1473.879150797 5614.234453595 -6.43196841925 1.07416292090 4.10837245658
2024-10-08T10:46:00.000000 2959.865917266 -1405.984406955 5847.185201936 -6.68174697487 1.18809844555 3.65357962378
2024-10-08T10:47:00.000000 2552.257981159 -1331.420242043 6052.317079578 -6.89980796490 1.29638964227 3.18144316888
2024-10-08T10:48:00.000000 2132.543873839 -1250.540754360 6228.656199937 -7.08512845202 1.39852663006 2.69419970187
2024-10-08T10:49:00.000000 1702.714848675 -1163.729753055 6375.364927632 -7.23684011538 1.49402932457 2.19415228566
2024-10-08T10:50:00.000000 1264.809588335 -1071.398922920 6491.745546357 -7.35423056200 1.58244869107 1.68366006567
2024-10-08T10:51:00.000000 820.904818549 -973.985947622 6577.243347449 -7.43674465779 1.66336739000 1.16512976685
2024-10-08T10:52:00.000000 373.105711631 -871.952505181 6631.449217845 -7.48398987356 1.73640385228 0.64100520796
2024-10-08T10:53:00.000000 -76.463851976 -765.782042677 6654.101447593 -7.49573488161 1.80121368960 0.11375494241
2024-10-08T10:54:00.000000 -525.671007660 -655.977571670 6645.087002338 -7.47191212257 1.85748937151 -0.41413562752
2024-10-08T10:55:00.000000 -972.383782331 -543.059401044 6604.442164862 -7.41261860408 1.90496227094 -0.94017664559
2024-10-08T10:56:00.000000 -1414.480938893 -427.562739587 6532.352488330 -7.31811537230 1.94340443998 -1.46188415432
2024-10-08T10:57:00.000000 -1849.861794963 -310.035266239 6429.152087044 -7.18882591484 1.97262821387 -1.97679139554
2024-10-08T10:58:00.000000 -2276.455920309 -191.034631060 6295.322411141 -7.02533561045 1.99248957806 -2.48245542488
2024-10-08T10:59:00.000000 -2692.232933885 -71.125797192 6131.490419367 -6.82839380524 2.00288839991 -2.97647208100
2024-10-08T11:00:00.000000 -3095.212176817 49.121565804 5938.425777255 -6.59890712056 2.00376809950 -3.45648982473
2024-10-08T11:01:00.000000 -3483.472006872 169.135710845 5717.037511161 -6.33793642134 1.99511611922 -3.92021649410
2024-10-08T11:02:00.000000 -3855.159024542 288.345486986 5468.370078428 -6.04669437275 1.97696503216 -4.36543180276
2024-10-08T11:03:00.000000 -4208.496968936 406.183075609 5193.598786632 -5.72653901582 1.94939343940 -4.78999562628
2024-10-08T11:04:00.000000 -4541.795371229 522.086724157 4894.024684991 -5.37897172798 1.91252471231 -5.19185883631
2024-10-08T11:05:00.000000 -4853.458040617 635.503441653 4571.068644071 -5.00563126966 1.86652715561 -5.56907978635
2024-10-08T11:06:00.000000 -5141.990811923 745.891577790 4226.264647207 -4.60827967617 1.81161120950 -5.91982834017
2024-10-08T11:07:00.000000 -5406.009025933 852.723573044 3861.252925203 -4.18880320485 1.74803582225 -6.24239693912
2024-10-08T11:08:00.000000 -5644.244637753 955.488637926 3477.772182959 -3.74920187747 1.67609981486 -6.53521195043
2024-10-08T11:09:00.000000 -5855.552714286 1053.695099340 3077.651297073 -3.29157710304 1.59614272310 -6.79684169711
2024-10-08T11:10:00.000000 -6038.917291204 1146.872955826 2662.800620298 -2.81812485687 1.50854634700 -7.02600461822
2024-10-08T11:11:00.000000 -6193.456621863 1234.576227711 2235.202674229 -2.33112146619 1.41372966380 -7.22157651971
2024-10-08T11:12:00.000000 -6318.427782845 1316.385218082 1796.902569185 -1.83291570276 1.31214907520 -7.38259734695
2024-10-08T11:13:00.000000 -6413.230574925 1391.908587105 1349.997944882 -1.32591494375 1.20429318768 -7.50827661420
2024-10-08T11:14:00.000000 -6477.410734319 1460.785329003 896.628594312 -0.81257307665 1.09068473550 -7.59800087883
2024-10-08T11:15:00.000000 -6510.662198556 1522.686728201 438.965755988 -0.29537481620 0.97187563476 -7.65133537758
2024-10-08T11:16:00.000000 -6512.828711691 1577.317871105 -20.798682536 0.22317346917 0.84844058320 -7.66802742438
2024-10-08T11:17:00.000000 -6483.904622299 1624.419021264 -480.463148888 0.74055994214 0.72097745251 -7.64800652214
2024-10-08T11:18:00.000000 -6424.034857457 1663.766978383 -937.827374293 1.25428017396 0.59010550351 -7.59138703837
2024-10-08T11:19:00.000000 -6333.513990717 1695.176213335 -1390.703426918 1.76185213697 0.45646056150 -7.49846523335
2024-10-08T11:20:00.000000 -6212.784542552 1718.499746204 -1836.926562204 2.26082859928 0.32069088527 -7.36971727819
2024-10-08T11:21:00.000000 -6062.434512668 1733.629751440 -2274.365909776 2.74880941265 0.18345301791 -7.20579563627
2024-10-08T11:22:00.000000 -5883.194160141 1740.497983163 -2700.934962032 3.22345527060 0.04540891577 -7.00752561944
2024-10-08T11:23:00.000000 -5675.931976918 1739.075969445 -3114.601712238 3.68249894264 -0.09277774566 -6.77589736305
2024-10-08T11:24:00.000000 -5441.650122755 1729.375076217 -3513.398387819 4.12375395645 -0.23044350011 -6.51206135215
2024-10-08T11:25:00.000000 -5181.479217405 1711.446334681 -3895.430921722 4.54512666763 -0.36693021500 -6.21732261042
2024-10-08T11:26:00.000000 -4896.672448120 1685.380055456 -4258.887987679 4.94462689800 -0.50158702580 -5.89313281791
2024-10-08T11:27:00.000000 -4588.599047546 1651.305306034 -4602.049543947 5.32037831702 -0.63377362101 -5.54108144402
2024-10-08T11:28:00.000000 -4258.737194074 1609.389151005 -4923.294778919 5.67062684247 -0.76286424648 -5.16288489955
2024-10-08T11:29:00.000000 -3908.666466343 1559.835704308 -5221.109413268 5.99374769965 -0.88825012571 -4.76037578265
2024-10-08T11:30:00.000000 -3540.059975297 1502.885036806 -5494.092327774 6.28824818300 -1.00934188249 -4.33549281150
2024-10-08T11:31:00.000000 -3154.676270905 1438.811866684 -5740.961751007 6.55277365935 -1.12557480572 -3.89027305766
2024-10-08T11:32:00.000000 -2754.351020630 1367.924109886 -5960.560891494 6.78611020886 -1.23640624240 -3.42684560731
2024-10-08T11:33:00.000000 -2340.988125476 1290.561469093 -6151.863205846 6.98719796706 -1.34132117941 -2.94741942161
2024-10-08T11:34:00.000000 -1916.550466253 1207.093591359 -6313.976687839 7.15513094427 -1.43983596305 -2.45426845626
2024-10-08T11:35:00.000000 -1483.050607099 1117.918240543 -6446.147436495 7.28915882372 -1.53149733803 -1.94971979146
2024-10-08T11:36:00.000000 -1042.541592696 1023.459458625 -6547.762588404 7.38868335846 -1.61588262065 -1.43614859485
2024-10-08T11:37:00.000000 -597.107442534 924.165613432 -6618.353045230 7.45327107568 -1.69260465475 -0.91596697817
2024-10-08T11:38:00.000000 -148.853434257 820.507218445 -6657.595046104 7.48264531789 -1.76131199735 -0.39160703648
2024-10-08T11:39:00.000000 300.103196823 712.974804072 -6665.311352586 7.47668529038 -1.82168901439 0.13447943919
2024-10-08T11:40:00.000000 747.642897942 602.076743582 -6641.472186542 7.43543541189 -1.87345708217 0.65983272089
2024-10-08T11:41:00.000000 1191.653634538 488.336923794 -6586.195089334 7.35910017729 -1.91637800027 1.18200323994
2024-10-08T11:42:00.000000 1630.040331316 372.292313326 -6499.744172077 7.24804085014 -1.95025376344 1.69855588624
2024-10-08T11:43:00.000000 2060.734331324 254.490555893 -6382.528950479 7.10277620777 -1.97492669216 2.20708135310
2024-10-08T11:44:00.000000 2481.702698474 135.487529101 -6235.102476361 6.92397796914 -1.99028017561 2.70520504372
2024-10-08T11:45:00.000000 2890.957411769 15.844816436 -6058.159006054 6.71247074042 -1.99624098181 3.19059734266
2024-10-08T11:46:00.000000 3286.564357078 -103.872899800 -5852.531002597 6.46922710420 -1.99277870989 3.66098138542
2024-10-08T11:47:00.000000 3666.652313725 -223.100358525 -5619.185718492 6.19537057585 -1.97990431781 4.11414425340
2024-10-08T11:48:00.000000 4029.421764810 -341.274201698 -5359.220865791 5.89216555999 -1.95767060917 4.54795100876
2024-10-08T11:49:00.000000 4373.153145437 -457.835561420 -5073.859875063 5.56101345746 -1.92617495678 4.96034702125
2024-10-08T11:50:00.000000 4696.215129710 -572.232797119 -4764.446703836 5.20345290199 -1.88556069543 5.34937264778
2024-10-08T11:51:00.000000 4997.072520870 -683.924157210 -4432.439676752 4.82114766406 -1.83601345405 5.71317607177
2024-10-08T11:52:00.000000 5274.293522092 -792.380262363 -4079.404883946 4.41587988097 -1.77776012021 6.05001807320
2024-10-08T11:53:00.000000 5526.556694175 -897.086591159 -3707.009190954 3.98954497055 -1.71106916956 6.35828031948
2024-10-08T11:54:00.000000 5752.657506752 -997.545978166 -3317.012674523 3.54414264666 -1.63625021092 6.63647567401
2024-10-08T11:55:00.000000 5951.514325153 -1093.280979418 -2911.260523455 3.08176897468 -1.55365070686 6.88325527732
2024-10-08T11:56:00.000000 6122.174000763 -1183.836144708 -2491.674500717 2.60460861158 -1.46365648641 7.09741704890
2024-10-08T11:57:00.000000 6263.816788268 -1268.780291381 -2060.243911126 2.11492202291 -1.36669015227 7.27791254257
2024-10-08T11:58:00.000000 6375.760624155 -1347.708654950 -1619.016191709 1.61503635429 -1.26320950882 7.42385387694
2024-10-08T11:59:00.000000 6457.464721540 -1420.244923790 -1170.087023725 1.10733031347 -1.15370439991 7.53452131707
2024-10-08T12:00:00.000000 6508.532267964 -1486.043094614 -715.590360294 0.59422563181 -1.03869573801 7.60935931277
2024-10-08T12:01:00.000000 6528.712849167 -1544.789263692 -257.688129889 0.07817494243 -0.91873067618 7.64799102294
2024-10-08T12:02:00.000000 6517.903882874 -1596.203096982 201.440242050 -0.43834565606 -0.79438210056 7.65021337743
2024-10-08T12:03:00.000000 6476.151396549 -1640.039285108 659.608824556 -0.95286475401 -0.66624278530 7.61600876003
2024-10-08T12:04:00.000000 6403.649430703 -1676.088647731 1114.635669304 -1.46291833087 -0.53492481716 7.54552893904
2024-10-08T12:05:00.000000 6300.739493362 -1704.179268774 1564.353366717 -1.96605914940 -0.40105760267 7.43910850176
2024-10-08T12:06:00.000000 6167.908660119 -1724.177407399 2006.619921480 -2.45988420226 -0.26528289878 7.29725519022
2024-10-08T12:07:00.000000 6005.787077753 -1735.988028876 2439.328728847 -2.94202702451 -0.12824906859 7.12064473100
2024-10-08T12:08:00.000000 5815.145253156 -1739.555204585 2860.419075398 -3.41018071931 0.00938927225 6.91012873662
2024-10-08T12:09:00.000000 5596.889900464 -1734.862379521 3267.886163426 -3.86211125129 0.14697435085 6.66671783589
2024-10-08T12:10:00.000000 5352.059555723 -1721.932512679 3659.790680108 -4.29566244465 0.28384813052 6.39158486664
2024-10-08T12:11:00.000000 5081.819222462 -1700.827872512 4034.268254795 -4.70877628967 0.41935894844 6.08605158970
2024-10-08T12:12:00.000000 4787.454461596 -1671.649538160 4389.537948892 -5.09949042426 0.55286499650 5.75157774028
2024-10-08T12:13:00.000000 4470.365595229 -1634.536832929 4723.910819401 -5.46594748919 0.68373327695 5.38976935739
2024-10-08T12:14:00.000000 4132.060648605 -1589.666773431 5035.798109564 -5.80641457321 0.81134095565 5.00235690053
2024-10-08T12:15:00.000000 3774.147872220 -1537.253229978 5323.718470670 -6.11928484279 0.93508357685 4.59118930963
2024-10-08T12:16:00.000000 3398.327972346 -1477.545755865 5586.304818350 -6.40308432753 1.05437635414 4.15822461852
2024-10-08T12:17:00.000000 3006.386006886 -1410.828340937 5822.310588950 -6.65647600913 1.16865627811 3.70552131272
2024-10-08T12:18:00.000000 2600.182896495 -1337.418051763 6030.615582242 -6.87827067706 1.27738465629 3.23523050644
2024-10-08T12:19:00.000000 2181.646304927 -1257.663480972 6210.230928812 -7.06743124214 1.38004891500 2.74957622451
2024-10-08T12:20:00.000000 1752.761702541 -1171.943195229 6360.303292729 -7.22306917886 1.47616372392 2.25085203053
2024-10-08T12:21:00.000000 1315.563223574 -1080.663865330 6480.118810141 -7.34445147070 1.56527800301 1.74141127540
2024-10-08T12:22:00.000000 872.124225923 -984.258250303 6569.106320350 -7.43100413860 1.64697266722 1.22365560324
2024-10-08T12:23:00.000000 424.547683577 -883.183267657 6626.839976837 -7.48231444587 1.72086238064 0.70002549511
2024-10-08T12:24:00.000000 -25.043557101 -777.917878650 6653.041219194 -7.49813263421 1.78659761970 0.17298798059
2024-10-08T12:25:00.000000 -474.516546982 -668.960920708 6647.580059579 -7.47837196652 1.84386581477 -0.35497310433
2024-10-08T12:26:00.000000 -921.738050472 -556.828816458 6610.475781076 -7.42310964030 1.89239349960 -0.88136767259
2024-10-08T12:27:00.000000 -1364.584377287 -442.053227625 6541.897015393 -7.33258672467 1.93194638447 -1.40370873779
2024-10-08T12:28:00.000000 -1800.951297271 -325.178568486 6442.161252449 -7.20721079147 1.96233472527 -1.91952495212
2024-10-08T12:29:00.000000 -2228.763816354 -206.759334266 6311.733377882 -7.04754765924 1.98341071998 -2.42637432822
2024-10-08T12:30:00.000000 -2645.985733303 -87.357710211 6151.223889777 -6.85432564940 1.99506677081 -2.92184752385
2024-10-08T12:31:00.000000 -3050.629377938 32.458987304 5961.386463905 -6.62843312792 1.99723990795 -3.40358323364
2024-10-08T12:32:00.000000 -3440.765105740 152.121061015 5743.114727321 -6.37091543754 1.98991352031 -3.86928003403
2024-10-08T12:33:00.000000 -3814.530562189 271.059121711 5497.438293286 -6.08296922975 1.97311420839 -4.31670793525
2024-10-08T12:34:00.000000 -4170.139608818 388.706683626 5225.518182234 -5.76593752150 1.94691226493 -4.74371844651
2024-10-08T12:35:00.000000 -4505.890958376 504.502814384 4928.641665173 -5.42130510538 1.91142299245 -5.14825306886
2024-10-08T12:36:00.000000 -4820.176556870 617.894918064 4608.216545526 -5.05069372876 1.86680889872 -5.52835483726
2024-10-08T12:37:00.000000 -5111.489570844 728.341487493 4265.764716092 -4.65585470194 1.81327656871 -5.88217919269
2024-10-08T12:38:00.000000 -5378.431960207 835.314727475 3902.915115055 -4.23866143205 1.75107673863 -6.20800417206
2024-10-08T12:39:00.000000 -5619.721546470 938.303195207 3521.396135277 -3.80110197622 1.68050318391 -6.50423797296
2024-10-08T12:40:00.000000 -5834.198717267 1036.814287060 3123.027464356 -3.34527157481 1.60188985422 -6.76943154310
2024-10-08T12:41:00.000000 -6020.832417868 1130.376634661 2709.711199607 -2.87335799331 1.51561062282 -7.00228785547
2024-10-08T12:42:00.000000 -6178.725343867 1218.542462898 2283.422582846 -2.38763018384 1.42207771876 -7.20166651575
2024-10-08T12:43:00.000000 -6307.118529055 1300.889853384 1846.200438809 -1.89042883392 1.32174059614 -7.36658980545
2024-10-08T12:44:00.000000 -6405.395319786 1377.024912395 1400.137182888 -1.38415481317 1.21508332686 -7.49625011398
2024-10-08T12:45:00.000000 -6473.084586123 1446.583712046 947.368479222 -0.87125614801 1.10262015873 -7.59001356018
2024-10-08T12:46:00.000000 -6509.863250627 1509.234109175 490.062730129 -0.35421755960 0.98489668862 -7.64742437861
2024-10-08T12:47:00.000000 -6515.557962431 1564.677541695 30.410200026 0.16445721737 0.86248534321 -7.66820905817
2024-10-08T12:48:00.000000 -6490.145908548 1612.650455845 -429.387884419 0.68225579497 0.73597990090 -7.65227622230
2024-10-08T12:49:00.000000 -6433.754954837 1652.925507368 -887.130347865 1.19667100556 0.60599395430 -7.59971942568
2024-10-08T12:50:00.000000 -6346.662760601 1685.312750071 -1340.627110933 1.70521841697 0.47315939048 -7.51081353167
2024-10-08T12:51:00.000000 -6229.295228743 1709.660530654 -1787.709974693 2.20544317127 0.33811997090 -7.38601370920
2024-10-08T12:52:00.000000 -6082.224237257 1725.856104485 -2226.243443361 2.69493719609 0.20152856990 -7.22595391586
2024-10-08T12:53:00.000000 -5906.164385367 1733.826097869 -2654.135229006 3.17135234461 0.06404448050 -7.03143906890
2024-10-08T12:54:00.000000 -5701.969183433 1733.536892023 -3069.346400569 3.63240893092 -0.07366746366 -6.80344292499
2024-10-08T12:55:00.000000 -5470.626499725 1724.994650409 -3469.901360036 4.07590935773 -0.21094705339 -6.54310106918
2024-10-08T12:56:00.000000 -5213.253351143 1708.245016188 -3853.897322431 4.49974856370 -0.34713835663 -6.25170378640
2024-10-08T12:57:00.000000 -4931.090012069 1683.372790082 -4219.513362310 4.90192464725 -0.48159289677 -5.93068839431
2024-10-08T12:58:00.000000 -4625.493501166 1650.501372923 -4565.018969837 5.28054931489 -0.61367266659 -5.58162929438
2024-10-08T12:59:00.000000 -4297.930581105 1609.792083955 -4888.781975296 5.63385407422 -0.74275230454 -5.20622909319
2024-10-08T13:00:00.000000 -3949.970277444 1561.443270523 -5189.275961095 5.96019956113 -0.86822386739 -4.80630735765
2024-10-08T13:01:00.000000 -3583.276132393 1505.689151869 -5465.086913905 6.25807517282 -0.98949963863 -4.38379171110
2024-10-08T13:02:00.000000 -3199.598152361 1442.798578583 -5714.919569403 6.52611038683 -1.10601278880 -3.94070949606
2024-10-08T13:03:00.000000 -2800.764384730 1373.073788376 -5937.603067853 6.76307591248 -1.21721833380 -3.47918042381
2024-10-08T13:04:00.000000 -2388.672083176 1296.848908494 -6132.096224017 6.96789450635 -1.32259835066 -3.00140403568
2024-10-08T13:05:00.000000 -1965.278567084 1214.488286921 -6297.491944073 7.13964206435 -1.42166445444 -2.50964898300
2024-10-08T13:06:00.000000 -1532.591943009 1126.384594300 -6433.020984779 7.27754953610 -1.51396048294 -2.00623966843
2024-10-08T13:07:00.000000 -1092.661763605 1032.956973622 -6538.055024933 7.38100533412 -1.59906053257 -1.49354758872
2024-10-08T13:08:00.000000 -647.569476837 934.649071956 -6612.109149808 7.44955750123 -1.67657468812 -0.97397899598
2024-10-08T13:09:00.000000 -199.418970911 831.926830579 -6654.843594775 7.48290974140 -1.74614901099 -0.44996563591
2024-10-08T13:10:00.000000 249.672876341 725.276399701 -6666.065153352 7.48092663875 -1.80746413208 0.07604125749
2024-10-08T13:11:00.000000 697.585951930 615.201990437 -6645.727877591 7.44363503255 -1.86023770100 0.60158661807
2024-10-08T13:12:00.000000 1142.206501625 502.223623830 -6593.933004939 7.37121980818 -1.90422521150 1.12422012446
2024-10-08T13:13:00.000000 1581.436620210 386.874801168 -6510.928481151 7.26402450655 -1.93922236356 1.64150344042
2024-10-08T13:14:00.000000 2013.203780778 269.699999912 -6397.107901731 7.12255111803 -1.96506793363 2.15102259306
2024-10-08T13:15:00.000000 2435.470182840 151.252098960 -6253.008615583 6.94745419010 -1.98164223032 2.65040082574
2024-10-08T13:16:00.000000 2846.241832034 32.090017299 -6079.309370510 6.73953996070 -1.98886374928 3.13730236962
2024-10-08T13:17:00.000000 3243.577735436 -87.223701412 -5876.827567003 6.49976823991 -1.98669431855 3.60944433000
2024-10-08T13:18:00.000000 3625.598857950 -206.125596304 -5646.515654766 6.22924325832 -1.97514104367 4.06460842971
2024-10-08T13:19:00.000000 3990.496734936 -324.053911263 -5389.457118471 5.92921340040 -1.95425344903 4.50064720729
2024-10-08T13:20:00.000000 4336.542059618 -440.451143014 -5106.861825770 5.60106770394 -1.92412389787 4.91549729046
2024-10-08T13:21:00.000000 4662.092929635 -554.766607756 -4800.060677365 5.24632980222 -1.88488722139 5.30718918765
2024-10-08T13:22:00.000000 4965.602748313 -666.458992446 -4470.499664578 4.86665152118 -1.83672109722 5.67385778185
2024-10-08T13:23:00.000000 5245.627676206 -774.998927243 -4119.733325761 4.46380522768 -1.77984572651 6.01375143928
2024-10-08T13:24:00.000000 5500.833634912 -879.871493870 -3749.417632663 4.03967513492 -1.71452254253 6.32524227632
2024-10-08T13:25:00.000000 5730.002655518 -980.578724922 -3361.302412242 3.59624677690 -1.64105520651 6.60682963203
2024-10-08T13:26:00.000000 5932.038960402 -1076.642069333 -2957.223533332 3.13560674104 -1.55978671526 6.85714916105
2024-10-08T13:27:00.000000 6105.974631881 -1167.604682108 -2539.094292417 2.65992768107 -1.47109689187 7.07498472159
2024-10-08T13:28:00.000000 6250.974440655 -1253.033541399 -2108.896465769 2.17145889830 -1.37540058111 7.25927052927
2024-10-08T13:29:00.000000 6366.340250778 -1332.521623752 -1668.671100205 1.67251950520 -1.27314886641 7.40909842159
2024-10-08T13:30:00.000000 6451.514855689 -1405.689932342 -1220.508776150 1.16548563974 -1.16482480539 7.52372587547
2024-10-08T13:31:00.000000 6506.085062165 -1472.189502945 -766.539492829 0.65277856403 -1.05094641199 7.60258441963
2024-10-08T13:32:00.000000 6529.783651231 -1531.703186318 -308.922066514 0.13684174874 -0.93205318753 7.64527750529
2024-10-08T13:33:00.000000 6522.490945884 -1583.946861608 150.165882020 -0.37985220732 -0.80870968144 7.65158024759
2024-10-08T13:34:00.000000 6484.235651434 -1628.671172397 608.538745374 -0.89483257150 -0.68150782284 7.62144826017
2024-10-08T13:35:00.000000 6415.194706271 -1665.662749323 1064.013521672 -1.40563000809 -0.55105404884 7.55501441078
2024-10-08T13:36:00.000000 6315.692799682 -1694.745083046 1514.420553914 -1.90979129198 -0.41797194044 7.45259071796
2024-10-08T13:37:00.000000 6186.200850879 -1715.779568297 1957.614348964 -2.40489928665 -0.28289940480 7.31466960441
2024-10-08T13:38:00.000000 6027.333358350 -1728.666112316 2391.484083260 -2.88858543798 -0.14648218557 7.14191324822
2024-10-08T13:39:00.000000 5839.845285741 -1733.343580658 2813.963771817 -3.35853946954 -0.00937238789 6.93515350090
2024-10-08T13:40:00.000000 5624.628174412 -1729.790015744 3223.042148468 -3.81251855509 0.12777635200 6.69538163441
2024-10-08T13:41:00.000000 5382.705925754 -1718.022759700 3616.772285743 -4.24835737725 0.26430827975 6.42375067366
2024-10-08T13:42:00.000000 5115.229619620 -1698.098388338 3993.281041385 -4.66398291540 0.39957206341 6.12156515894
2024-10-08T13:43:00.000000 4823.471790525 -1670.112376535 4350.777901476 -5.05742135882 0.53292301140 5.79027394115
2024-10-08T13:44:00.000000 4508.820191744 -1634.198562571 4687.563425734 -5.42680691393 0.66372762340 5.43146275484
2024-10-08T13:45:00.000000 4172.771086740 -1590.528413713 5002.037301494 -5.77039056708 0.79136512932 5.04684900327
2024-10-08T13:46:00.000000 3816.921857937 -1539.310208806 5292.705908010 -6.08655178653 0.91523022526 4.63826898249
2024-10-08T13:47:00.000000 3442.963198121 -1480.787959468 5558.189081014 -6.37380125127 1.03473733647 4.20766738848
2024-10-08T13:48:00.000000 3052.671083349 -1415.240209075 5797.226440717 -6.63078700304 1.14932128484 3.75709119376
2024-10-08T13:49:00.000000 2647.898218911 -1342.978671058 6008.683230703 -6.85630443171 1.25844290230 3.28867773104
2024-10-08T13:50:00.000000 2230.565208601 -1264.346565858 6191.555240952 -7.04929401756 1.36159005617 2.80464046308
2024-10-08T13:51:00.000000 1802.651805920 -1179.717110158 6344.973315220 -7.20884538379 1.45827595835 2.30726683298
2024-10-08T13:52:00.000000 1366.187669835 -1089.491800180 6468.207527944 -7.33420679104 1.54804557422 1.79890790368
2024-10-08T13:53:00.000000 923.242718068 -994.098417944 6560.670476290 -7.42478723439 1.63047742041 1.28196100010
2024-10-08T13:54:00.000000 475.917544962 -893.989065793 6621.919769545 -7.48015577629 1.70518258204 0.75886108247
2024-10-08T13:55:00.000000 26.333776951 -789.638160641 6651.660002884 -7.50004220287 1.77180639054 0.23207169905
2024-10-08T13:56:00.000000 -423.375628909 -681.540292745 6649.744261158 -7.48433960721 1.83003179332 -0.29592305420
2024-10-08T13:57:00.000000 -871.076235660 -570.207895986 6616.174977259 -7.43310553138 1.87958113717 -0.82263069480
2024-10-08T13:58:00.000000 -1314.642048200 -456.168819824 6551.104132390 -7.34656469066 1.92021845398 -1.34556162158
2024-10-08T13:59:00.000000 -1751.965502189 -339.963920437 6454.832516984 -7.22510443950 1.95174534808 -1.86224610585
2024-10-08T14:00:00.000000 -2180.967052240 -222.144723862 6327.808563217 -7.06927310737 1.97400633152 -2.37023373608
2024-10-08T14:01:00.000000 -2599.604993136 -103.270727635 6170.626725964 -6.87978301286 1.98689057406 -2.86711033289
2024-10-08T14:02:00.000000 -3005.885134762 16.093244773 5984.024873217 -6.65750423658 1.99033108551 -3.35051090072
2024-10-08T14:03:00.000000 -3397.870178152 135.379609934 5768.881223967 -6.40346442691 1.98430361978 -3.81812386253
2024-10-08T14:04:00.000000 -3773.689181441 254.020736926 5526.210570486 -6.11884518472 1.96883044273 -4.26771131901
2024-10-08T14:05:00.000000 -4131.546447833 371.451638942 5257.159592225 -5.80497304845 1.94397755834 -4.69711551727
2024-10-08T14:06:00.000000 -4469.730170788 487.112633795 4963.001814494 -5.46331674873 1.90985569730 -5.10426760028
2024-10-08T14:07:00.000000 -4786.620824908 600.452032687 4645.132015706 -5.09548326443 1.86662082275 -5.48719664954
2024-10-08T14:08:00.000000 -5080.699348044 710.928855363 4305.059914858 -4.70321301606 1.81447348484 -5.84404515831
2024-10-08T14:09:00.000000 -5350.554780964 818.015429223 3944.402924663 -4.28836628990 1.75365648987 -6.17308128030
2024-10-08T14:10:00.000000 -5594.891174714 921.199919151 3564.878611800 -3.85291672769 1.68445512479 -6.47269959189
2024-10-08T14:11:00.000000 -5812.534309459 1019.988870551 3168.296751505 -3.39894649871 1.60719644903 -6.74143408162
2024-10-08T14:12:00.000000 -6002.437861790 1113.909673753 2756.550604212 -2.92863428101 1.52224809898 -6.97796978475
2024-10-08T14:13:00.000000 -6163.688723448 1202.512942702 2331.607616741 -2.44423982092 1.43001606956 -7.18114866305
2024-10-08T14:14:00.000000 -6295.511650342 1285.374815505 1895.499921308 -1.94809707718 1.33094565903 -7.34997550989
2024-10-08T14:15:00.000000 -6397.273157708 1362.099153149 1450.314273416 -1.44259628638 1.22551307219 -7.48362228696
2024-10-08T14:16:00.000000 -6468.484992901 1432.319290404 998.182062658 -0.93018533612 1.11422646305 -7.58143409096
2024-10-08T14:17:00.000000 -6508.806700903 1495.699930898 541.268543304 -0.41334094093 0.99762119475 -7.64293367058
2024-10-08T14:18:00.000000 -6518.047404783 1551.938766336 81.762379852 0.10542857780 0.87626325739 -7.66782186351
2024-10-08T14:19:00.000000 -6496.167084955 1600.768276455 -378.135544792 0.62360758038 0.75074365251 -7.65598951524
2024-10-08T14:20:00.000000 -6443.276471283 1641.956911352 -836.223322168 1.13868825416 0.62166998519 -7.60751108444
2024-10-08T14:21:00.000000 -6359.636266217 1675.310064392 -1290.308926634 1.64818132724 0.48966629954 -7.52264098940
2024-10-08T14:22:00.000000 -6245.655689160 1700.671093529 -1738.220956818 2.14962752045 0.35537401855 -7.40181277701
2024-10-08T14:23:00.000000 -6101.890238662 1717.922073495 -2177.819379104 2.64061072165 0.21943863581 -7.24563678791
2024-10-08T14:24:00.000000 -5929.039087808 1726.984006899 -2607.006151719 3.11876314927 0.08251726676 -7.05490511509
2024-10-08T14:25:00.000000 -5727.940982801 1727.817750953 -3023.735966470 3.58180178245 -0.05472387451 -6.83057739759
2024-10-08T14:26:00.000000 -5499.569325122 1720.423989217 -3426.025737645 4.02752091943 -0.19162295065 -6.57376994572
2024-10-08T14:27:00.000000 -5245.027237855 1704.842951766 -3811.964166973 4.45380532509 -0.32752453854 -6.28575764424
2024-10-08T14:28:00.000000 -4965.541687499 1681.153947807 -4179.720861303 4.85864316166 -0.46178124183 -5.96796035047
2024-10-08T14:29:00.000000 -4662.457125667 1649.474869238 -4527.554788765 5.24013162450 -0.59375506112 -5.62193623579
2024-10-08T14:30:00.000000 -4337.228649602 1609.961505721 -4853.822345213 5.59648646344 -0.72282122457 -5.24937297391
2024-10-08T14:31:00.000000 -3991.414686835 1562.806651825 -5156.984867540 5.92604896951 -0.84837147726 -4.85207958711
2024-10-08T14:32:00.000000 -3626.669204117 1508.239058033 -5435.615630851 6.22729451017 -0.96981599159 -4.43197626909
2024-10-08T14:33:00.000000 -3244.733485550 1446.522217837 -5688.406154930 6.49883781899 -1.08658707027 -3.99108262573
2024-10-08T14:34:00.000000 -2847.427645640 1377.952968341 -5914.171869844 6.73943716639 -1.19814107734 -3.53150782076
2024-10-08T14:35:00.000000 -2436.641873405 1302.860011939 -6111.857195032 6.94799916875 -1.30395982589 -3.05544048254
2024-10-08T14:36:00.000000 -2014.327427924 1221.602314680 -6280.540000180 7.12358218471 -1.40355330562 -2.56513868930
2024-10-08T14:37:00.000000 -1582.487429651 1134.567345988 -6419.435438244 7.26539937683 -1.49646127952 -2.06291847898
2024-10-08T14:38:00.000000 -1143.167570328 1042.169273601 -6527.899129389 7.37281867084 -1.58225485492 -1.55114527613
2024-10-08T14:39:00.000000 -698.446693415 944.846943616 -6605.429900165 7.44536794187 -1.66054055457 -1.03222438255
2024-10-08T14:40:00.000000 -250.427178734 843.061752631 -6651.671725877 7.48273458129 -1.73096019541 -0.50858754585
2024-10-08T14:41:00.000000 198.774671572 737.295508329 -6666.415041483 7.48476721044 -1.79319161340 0.01731741677
2024-10-08T14:42:00.000000 647.038224946 628.048283208 -6649.597329864 7.45147206337 -1.84694803306 0.54303750154
2024-10-08T14:43:00.000000 1092.247959560 515.836259195 -6601.303344966 7.38301445283 -1.89198021380 1.06611784082
2024-10-08T14:44:00.000000 1532.303177221 401.189292247 -6521.764808770 7.27972268168 -1.92808185130 1.58411834034
2024-10-08T14:45:00.000000 1965.127525548 284.648437336 -6411.358997597 7.14207839092 -1.95508493017 2.09462699469
2024-10-08T14:46:00.000000 2388.678128909 166.763638988 -6270.607109538 6.97071642897 -1.97286241258 2.59525983652
2024-10-08T14:47:00.000000 2800.954840661 48.091191876 -6100.172276877 6.76642687649 -1.98132915020 3.08367157080
2024-10-08T14:48:00.000000 3200.009618207 -70.808762386 -5900.856800972 6.53015529322 -1.98044246412 3.55757167050
2024-10-08T14:49:00.000000 3583.955531545 -189.374808128 -5673.598429844 6.26299126858 -1.97020243708 4.01473620410
2024-10-08T14:50:00.000000 3950.975266328 -307.046821042 -5419.466334282 5.96616677759 -1.95065215442 4.45300967764
2024-10-08T14:51:00.000000 4299.329720704 -423.268555742 -5139.656611058 5.64105556022 -1.92187775493 4.87031904944
2024-10-08T14:52:00.000000 4627.366290488 -537.490221447 -4835.487012726 5.28916649370 -1.88400826489 5.26468372206
2024-10-08T14:53:00.000000 4933.526822927 -649.171052021 -4508.391074602 4.91213765833 -1.83721540454 5.63422665240
2024-10-08T14:54:00.000000 5216.355119200 -757.781849410 -4159.911614663 4.51172811727 -1.78171289276 5.97718349346
2024-10-08T14:55:00.000000 5474.503981337 -862.807472423 -3791.693737681 4.08981116660 -1.71775536871 6.29191065109
2024-10-08T14:56:00.000000 5706.741795659 -963.749272587 -3405.477304540 3.64836445023 -1.64563817674 6.57689388066
2024-10-08T14:57:00.000000 5911.958574760 -1060.127548343 -3003.089019407 3.18946353392 -1.56569691872 6.83075455364
2024-10-08T14:58:00.000000 6089.171552309 -1151.483853900 -2586.433993696 2.71527204883 -1.47830450535 7.05225849880
2024-10-08T14:59:00.000000 6237.530268682 -1237.383245815 -2157.486880690 2.22803515965 -1.38387105488 7.24032380824
2024-10-08T15:00:00.000000 6356.321073404 -1317.416432269 -1718.282427959 1.73006503224 -1.28284126103 7.39403005565
2024-10-08T15:01:00.000000 6444.970650651 -1391.201794071 -1270.905730728 1.22372568142 -1.17569237972 7.51261872852
2024-10-08T15:02:00.000000 6503.049037678 -1458.387258576 -817.482516987 0.71143117396 -1.06293136177 7.59549667663
2024-10-08T15:03:00.000000 6530.272147223 -1518.651998810 -360.168830598 0.19562557892 -0.94509354847 7.64224497987
2024-10-08T15:04:00.000000 6526.503294628 -1571.708250925 98.859200033 -0.32122040559 -0.82274469209 7.65261575840
2024-10-08T15:05:00.000000 6491.754514893 -1617.302858020 557.416165152 -0.83662585820 -0.69647124631 7.62654760060
2024-10-08T15:06:00.000000 6426.186437554 -1655.218381404 1013.318368811 -1.34811972736 -0.56687736206 7.56415825682
2024-10-08T15:07:00.000000 6330.107408074 -1685.274124399 1464.394534347 -1.85325172768 -0.43458306934 7.46574359732
2024-10-08T15:08:00.000000 6203.971832601 -1707.326998685 1908.496375705 -2.34960507027 -0.30022154388 7.33177346894
2024-10-08T15:09:00.000000 6048.377873431 -1721.272214438 2343.508951060 -2.83480644399 -0.16443547503 7.16288896726
2024-10-08T15:10:00.000000 5864.064535547 -1727.043737217 2767.360848608 -3.30653622722 -0.02787355017 6.95989987882
2024-10-08T15:11:00.000000 5651.908038622 -1724.614563933 3178.034262762 -3.76254325979 0.10881207355 6.72378198626
2024-10-08T15:12:00.000000 5412.917322048 -1713.996902987 3573.574571637 -4.20065375261 0.24496717146 6.45566396150
2024-10-08T15:13:00.000000 5148.229468692 -1695.242101593 3952.099605783 -4.61877383756 0.37994264387 6.15683430500
2024-10-08T15:14:00.000000 4859.104112881 -1668.440196518 4311.809192900 -5.01491532739 0.51309785639 5.82873440521
2024-10-08T15:15:00.000000 4546.916694817 -1633.719400470 4650.993779274 -5.38720752725 0.64380147455 5.47294048041
2024-10-08T15:16:00.000000 4213.151371865 -1591.245440533 4968.041964400 -5.73389518114 0.77143433084 5.09114662762
2024-10-08T15:17:00.000000 3859.394281466 -1541.220840543 5261.447655571 -6.05333687829 0.89539002624 4.68517063336
2024-10-08T15:18:00.000000 3487.326140515 -1483.883909318 5529.817432402 -6.34402365819 1.01508270250 4.25694768740
2024-10-08T15:19:00.000000 3098.713980161 -1419.507493830 5771.877141223 -6.60458840934 1.12994744325 3.80851573469
2024-10-08T15:20:00.000000 2695.402535241 -1348.397593540 5986.477589808 -6.83380769018 1.23944400792 3.34200012849
2024-10-08T15:21:00.000000 2279.305641737 -1270.891923236 6172.599595150 -7.03060282882 1.34305604376 2.85960880626
2024-10-08T15:22:00.000000 1852.397308970 -1187.358342884 6329.358717872 -7.19404761366 1.44029534999 2.36362311203
2024-10-08T15:23:00.000000 1416.702420851 -1098.193116060 6456.009308898 -7.32337311282 1.53070398592 1.85638611576
2024-10-08T15:24:00.000000 974.287210784 -1003.819010402 6551.947847097 -7.41797008132 1.61385651659 1.34029016418
2024-10-08T15:25:00.000000 527.249686266 -904.683303646 6616.715539774 -7.47738860269 1.68936157061 0.81776565324
2024-10-08T15:26:00.000000 77.710067546 -801.255771901 6650.000351150 -7.50133823256 1.75686045666 0.29127336456
2024-10-08T15:27:00.000000 -372.198887446 -694.026621107 6651.638671255 -7.48969264183 1.81603205192 -0.23670225347
2024-10-08T15:28:00.000000 -820.341847413 -583.504115780 6621.616270519 -7.44249245180 1.86659531426 -0.76366867291
2024-10-08T15:29:00.000000 -1264.590886401 -470.212251414 6560.068386134 -7.35994294121 1.90830674331 -1.28713756031
2024-10-08T15:30:00.000000 -1702.835268951 -354.688383551 6467.279284510 -7.24241241190 1.94096561807 -1.80463123702
2024-10-08T15:31:00.000000 -2132.991302349 -237.480642195 6343.681209638 -7.09043339268 1.96441250908 -2.31369740421
2024-10-08T15:32:00.000000 -2553.012073082 -119.145543316 6189.852573516 -6.90469998291 1.97852814027 -2.81191628253
2024-10-08T15:33:00.000000 -2960.897287875 -0.245327438 6006.515689556 -6.68607077411 1.98324210989 -3.29691560190
2024-10-08T15:34:00.000000 -3354.702731938 118.654940331 5794.533330517 -6.43555499698 1.97852888114 -3.76638554336
2024-10-08T15:35:00.000000 -3732.549284469 236.989852257 5554.904963602 -6.15431406396 1.96440287143 -4.21808124085
2024-10-08T15:36:00.000000 -4092.632025382 354.196174775 5288.762437301 -5.84365806165 1.94092288429 -4.64983701233
2024-10-08T15:37:00.000000 -4433.228873621 469.715575996 4997.364942577 -5.50503770966 1.90819315779 -5.05957505060
2024-10-08T15:38:00.000000 -4752.708948303 582.997265772 4682.093475831 -5.14004188441 1.86636058508 -5.44531447747
2024-10-08T15:39:00.000000 -5049.540779014 693.500596724 4344.444684596 -4.75039402086 1.81561696175 -5.80518396248
2024-10-08T15:40:00.000000 -5322.300052511 800.697772984 3986.023888772 -4.33794114697 1.75619840152 -6.13743337971
2024-10-08T15:41:00.000000 -5569.676815689 904.076456904 3608.537586281 -3.90464683073 1.68838374831 -6.44044211711
2024-10-08T15:42:00.000000 -5790.482189251 1003.142247225 3213.785358622 -3.45258155227 1.61249163878 -6.71272954055
2024-10-08T15:43:00.000000 -5983.654457186 1097.421053752 2803.651243563 -2.98391195023 1.52888099311 -6.95296202096
2024-10-08T15:44:00.000000 -6148.264535645 1186.461589998 2380.094687613 -2.50089029605 1.43795262186 -7.15996131667
2024-10-08T15:45:00.000000 -6283.520715087 1269.837701450 1945.140974156 -2.00584172005 1.34014204115 -7.33271187605
2024-10-08T15:46:00.000000 -6388.772694827 1347.150334657 1500.871362347 -1.50115321645 1.23591758193 -7.47036293677
2024-10-08T15:47:00.000000 -6463.515221244 1418.029573479 1049.413107370 -0.98927142635 1.12578234973 -7.57223587257
2024-10-08T15:48:00.000000 -6507.391016469 1482.136701506 592.928654499 -0.47267813859 1.01027221967 -7.63783519923
2024-10-08T15:49:00.000000 -6520.192464294 1539.165966603 133.604733166 0.04612156989 0.88994916851 -7.66684807786
2024-10-08T15:50:00.000000 -6501.862573049 1588.846014797 -326.358671357 0.56461408866 0.76539748350 -7.65914488178
2024-10-08T15:51:00.000000 -6452.495133414 1630.941182698 -784.759286746 1.08028934624 0.63722225207 -7.61477945503
2024-10-08T15:52:00.000000 -6372.334039576 1665.252650521 -1239.403559766 1.59065616115 0.50604573224 -7.53398768737
2024-10-08T15:53:00.000000 -6261.771833362 1691.619349799 -1688.117452308 2.09325233770 0.37250357372 -7.41718407317
2024-10-08T15:54:00.000000 -6121.347623922 1709.918691127 -2128.757156927 2.58565715476 0.23724218388 -7.26496164089
2024-10-08T15:55:00.000000 -5951.744143205 1720.067085390 -2559.219701376 3.06550577317 0.10091465241 -7.07808743606
2024-10-08T15:56:00.000000 -5753.784072049 1722.020276547 -2977.453224041 3.53049998842 -0.03582155919 -6.85749747378
2024-10-08T15:57:00.000000 -5528.425679943 1715.773476210 -3381.466989348 3.97842052668 -0.17230895804 -6.60429236453
2024-10-08T15:58:00.000000 -5276.757687343 1701.361265362 -3769.341066325 4.40714055780 -0.30789341279 -6.31973000562
2024-10-08T15:59:00.000000 -4999.993388672 1678.857270045 -4139.235428643 4.81463533234 -0.44192805009 -6.00521418367
2024-10-08T16:00:00.000000 -4699.464378975 1648.373646589 -4489.398464772 5.19898756856 -0.57377568917 -5.66228761952
2024-10-08T16:01:00.000000 -4376.613787067 1610.060442274 -4818.175133983 5.55839855780 -0.70281113247 -5.29262461755
2024-10-08T16:02:00.000000 -4032.988940293 1564.104750697 -5124.014527761 5.89119466790 -0.82842522535 -4.89802079072
2024-10-08T16:03:00.000000 -3670.233625763 1510.729658853 -5405.476892433 6.19583537377 -0.95002781101 -4.48038354597
2024-10-08T16:04:00.000000 -3290.079958098 1450.193041719 -5661.239995472 6.47091767886 -1.06704978100 -4.04172147893
2024-10-08T16:05:00.000000 -2894.339965888 1382.786224375 -5890.104942650 6.71518198674 -1.17894566730 -3.58413569338
2024-10-08T16:06:00.000000 -2484.896777934 1308.832490170 -6091.001383458 6.92751837060 -1.28519603573 -3.10980746829
2024-10-08T16:07:00.000000 -2063.695609968 1228.685462695 -6262.991963010 7.10696750666 -1.38530932820 -2.62098749618
2024-10-08T16:08:00.000000 -1632.734623978 1142.727355093 -6405.276220520 7.25272437910 -1.47882432945 -2.11998598030
2024-10-08T16:09:00.000000 -1194.055632051 1051.367165210 -6517.193807269 7.36413918392 -1.56530934569 -1.60916214839
2024-10-08T16:10:00.000000 -749.734708526 955.038834374 -6598.227239002 7.44072019175 -1.64436559524 -1.09091745735
2024-10-08T16:11:00.000000 -301.872565841 854.199132980 -6648.004088660 7.48213857721 -1.71563103285 -0.56768241372
2024-10-08T16:12:00.000000 147.415163494 749.325475415 -6666.298177278 7.48822418922 -1.77877937685 -0.04190014964
2024-10-08T16:13:00.000000 596.007275726 640.913796189 -6653.030243984 7.45896235878 -1.83351971238 0.48397503220
2024-10-08T16:14:00.000000 1041.786585331 529.476310717 -6608.268454607 7.39450267712 -1.87960121356 1.00748702393
2024-10-08T16:15:00.000000 1482.649670968 415.539107476 -6532.227831573 7.29515184218 -1.91681118341 1.52619777677
2024-10-08T16:16:00.000000 1916.516119184 299.639912872 -6425.269191322 7.16137195429 -1.94497530012 2.03768625827
2024-10-08T16:17:00.000000 2341.338035192 182.325673860 -6287.897724093 6.99378353754 -1.96396068824 2.53956396854
2024-10-08T16:18:00.000000 2755.109310651 64.150062684 -6120.760717353 6.79315877086 -1.97367592045 3.02948302447
2024-10-08T16:19:00.000000 3155.874816325 -54.329043891 -5924.644976626 6.56042538460 -1.97407296646 3.50514367374
2024-10-08T16:20:00.000000 3541.739613925 -172.552213080 -5700.473336758 6.29665932977 -1.96514736537 3.96431359429
2024-10-08T16:21:00.000000 3910.877488357 -289.960987780 -5449.300456155 6.00307582145 -1.94693622429 4.40483063809
2024-10-08T16:22:00.000000 4261.539433139 -406.000422383 -5172.308441421 5.68103280241 -1.91951961011 4.82461166098
2024-10-08T16:23:00.000000 4592.062012711 -520.121657250 -4870.801667164 5.33202351618 -1.88302023074 5.22166554604
2024-10-08T16:24:00.000000 4900.875307020 -631.784469608 -4546.200993414 4.95767092948 -1.83760322794 5.59410224210
2024-10-08T16:25:00.000000 5186.510503561 -740.459809446 -4200.037410441 4.55972118614 -1.78347586124 5.94014235248
2024-10-08T16:26:00.000000 5447.607070602 -845.632316188 -3833.945104888 4.14003600840 -1.72088698448 6.25812707580
2024-10-08T16:27:00.000000 5682.919401691 -946.802768238 -3449.653965667 3.70058303904 -1.65012546508 6.54652601229
2024-10-08T16:28:00.000000 5891.322969731 -1043.490464237 -3048.981706987 3.24342977999 -1.57151983610 6.80394370819
2024-10-08T16:29:00.000000 6071.820068313 -1135.235579665 -2633.825445537 2.77073385526 -1.48543699295 7.02913013535
2024-10-08T16:30:00.000000 6223.544881820 -1221.601409541 -2206.152806330 2.28473275653 -1.39228065193 7.22098611077
2024-10-08T16:31:00.000000 6345.768000581 -1302.176550953 -1767.992624655 1.78773349361 -1.29249000343 7.37857192833
2024-10-08T16:32:00.000000 6437.900165773 -1376.576925684 -1321.425211812 1.28209917429 -1.18653617210 7.50111152189
2024-10-08T16:33:00.000000 6499.495403278 -1444.447646970 -868.572446236 0.77024106584 -1.07492114292 7.58799669224
2024-10-08T16:34:00.000000 6530.253503712 -1505.464857304 -411.587499927 0.25460409022 -0.95817666000 7.63879312694
2024-10-08T16:35:00.000000 6530.021604544 -1559.337393513 47.355664698 -0.26234718299 -0.83686030586 7.65324228010
2024-10-08T16:36:00.000000 6498.794992075 -1605.808245881 506.072873225 -0.77814105587 -0.71155211331 7.63126239990
2024-10-08T16:37:00.000000 6436.717160252 -1644.655753018 962.380356270 -1.29031122615 -0.58284990763 7.57294828962
2024-10-08T16:38:00.000000 6344.079181057 -1675.694671578 1414.105251579 -1.79640570294 -0.45136983906 7.47856946899
2024-10-08T16:39:00.000000 6221.318490770 -1698.777134589 1859.096238699 -2.29400072652 -0.31774017590 7.34857379160
2024-10-08T16:40:00.000000 6069.016735307 -1713.793252317 2295.234064283 -2.78071541007 -0.18259885757 7.18358133001
2024-10-08T16:41:00.000000 5887.896869737 -1720.671712448 2720.441691843 -3.25422087274 -0.04659342868 6.98437934173
2024-10-08T16:42:00.000000 5678.819782523 -1719.380215763 3132.694437056 -3.71225133724 0.08962475230 6.75192550105
2024-10-08T16:43:00.000000 5442.780000935 -1709.925399602 3530.030027685 -4.15262035861 0.22540981374 6.48734024832
2024-10-08T16:44:00.000000 5180.900502940 -1692.352665434 3910.557878586 -4.57323401004 0.36011348053 6.19189024209
2024-10-08T16:45:00.000000 4894.427194693 -1666.746373741 4272.467762400 -4.97208786655 0.49308833783 5.86699114892
2024-10-08T16:46:00.000000 4584.723102806 -1633.229272432 4614.039128247 -5.34728857154 0.62370299820 5.51421136147
2024-10-08T16:47:00.000000 4253.261087374 -1591.961606820 4933.649204268 -5.69706720382 0.75133873903 5.13523930028
2024-10-08T16:48:00.000000 3901.616548261 -1543.140250717 5229.779998126 -6.01977444653 0.87539351991 4.73187885042
2024-10-08T16:49:00.000000 3531.460161481 -1486.997764827 5501.025214865 -6.31388605735 0.99528000935 4.30604936731
2024-10-08T16:50:00.000000 3144.549932472 -1423.801365533 5746.096985004 -6.57801685299 1.11043154269 3.85977608855
2024-10-08T16:51:00.000000 2742.722694868 -1353.851530092 5963.831754078 -6.81092470485 1.22030637897 3.39517602124
2024-10-08T16:52:00.000000 2327.885444841 -1277.480484393 6153.195531718 -7.01151375461 1.32438784974 2.91444967264
2024-10-08T16:53:00.000000 1902.006392220 -1195.050690365 6313.288662248 -7.17884082938 1.42218527172 2.41987265809
2024-10-08T16:54:00.000000 1467.105581618 -1106.953149383 6443.349920046 -7.31212120613 1.51323881193 1.91378079452
2024-10-08T16:55:00.000000 1025.245455464 -1013.605512252 6542.759742915 -7.41072659905 1.59711954069 1.39855953766
2024-10-08T16:56:00.000000 578.521375476 -915.450199188 6611.042965538 -7.47418777835 1.67343157497 0.87663450367
2024-10-08T16:57:00.000000 129.052141397 -812.952359080 6647.870990781 -7.50219368358 1.74181319220 0.35046561526
2024-10-08T16:58:00.000000 -321.029777918 -706.597723281 6653.063641860 -7.49460077299 1.80194061322 -0.17746297599
2024-10-08T16:59:00.000000 -769.588314450 -596.890331669 6626.590072754 -7.45143145210 1.85352711193 -0.70465940363
2024-10-08T17:00:00.000000 -1214.493659490 -484.350246750 6568.568998557 -7.37287293311 1.89632609437 -1.22863230577
2024-10-08T17:01:00.000000 -1653.632198068 -369.511095406 6479.268193441 -7.25927631262 1.93013171953 -1.74690581086
2024-10-08T17:02:00.000000 -2084.916199486 -252.917605488 6359.103484600 -7.11115466955 1.95478062397 -2.25702138316
2024-10-08T17:03:00.000000 -2506.293790444 -135.122979736 6208.637262566 -6.92918967409 1.97015280303 -2.75655699673
2024-10-08T17:04:00.000000 -2915.758734420 -16.686436893 6028.575690657 -6.71421852751 1.97616814666 -3.24314185020
2024-10-08T17:05:00.000000 -3311.359623333 101.829331519 5819.765679984 -6.46723293082 1.97279161106 -3.71445735407
2024-10-08T17:06:00.000000 -3691.209158092 219.860856487 5583.191197592 -6.18937568355 1.96003141419 -4.16825561526
2024-10-08T17:07:00.000000 -4053.492924826 336.846386706 5319.968936284 -5.88193447986 1.93793709948 -4.60236020354
2024-10-08T17:08:00.000000 -4396.478231847 452.228509398 5031.343760784 -5.54634463316 1.90660427952 -5.01467855689
2024-10-08T17:09:00.000000 -4718.522728950 565.456921041 4718.683227214 -5.18418180008 1.86617404274 -5.40321483638
2024-10-08T17:10:00.000000 -5018.082726319 675.991132547 4383.471402587 -4.79715699643 1.81683211815 -5.76608394291
2024-10-08T17:11:00.000000 -5293.720957575 783.303083858 4027.301874003 -4.38710553499 1.75880700231 -6.10152144097
2024-10-08T17:12:00.000000 -5544.113828376 886.879690596 3651.870245088 -3.95597957631 1.69236919928 -6.40789276865
2024-10-08T17:13:00.000000 -5768.058133585 986.225359933 3258.966085695 -3.50583808565 1.61783138933 -6.68370174456
2024-10-08T17:14:00.000000 -5964.477125829 1080.864504514 2850.464407266 -3.03883607017 1.53554723413 -6.92759713791
2024-10-08T17:15:00.000000 -6132.426116651 1170.343951159 2428.316790838 -2.55721922841 1.44591061729 -7.13838008733
2024-10-08T17:16:00.000000 -6271.097506181 1254.235370185 1994.541823346 -2.06330808093 1.34935456781 -7.31501722763
2024-10-08T17:17:00.000000 -6379.824816714 1332.137390083 1551.215079474 -1.55948532341 1.24634419998 -7.45664235285
2024-10-08T17:18:00.000000 -6458.086216544 1403.677522479 1100.458971028 -1.04818740422 1.13737724826 -7.56256185148
2024-10-08T17:19:00.000000 -6505.507291780 1468.514072466 644.432208895 -0.53188963463 1.02298178974 -7.63225985441
2024-10-08T17:20:00.000000 -6521.862981744 1526.337841988 185.319038976 -0.01309275266 0.90371237468 -7.66540139559
2024-10-08T17:21:00.000000 -6507.078702685 1576.873630411 -274.681649112 0.50569013317 0.78014731807 -7.66183359418
2024-10-08T17:22:00.000000 -6461.230695084 1619.881582462 -733.367295724 1.02194704235 0.65288596035 -7.62158704335
2024-10-08T17:23:00.000000 -6384.545537045 1655.158354518 -1188.542665677 1.53318094353 0.52254555031 -7.54487508294
2024-10-08T17:24:00.000000 -6277.398847698 1682.538102685 -1638.030762386 2.03692289390 0.38975821106 -7.43209194266
2024-10-08T17:25:00.000000 -6140.313234547 1701.893260430 -2079.683620923 2.53074440368 0.25516717387 -7.28381078682
2024-10-08T17:26:00.000000 -5973.955460588 1713.135107848 -2511.392963926 3.01227109770 0.11942347566 -7.10078067585
2024-10-08T17:27:00.000000 -5779.132789091 1716.214122490 -2931.100604360 3.47919610356 -0.01681795753 -6.88392111253
2024-10-08T17:28:00.000000 -5556.788577650 1711.120107990 -3336.808468025 3.92929171957 -0.15290175163 -6.63431529307
2024-10-08T17:29:00.000000 -5307.997179523 1697.882113654 -3726.588198547 4.36042073395 -0.28817568162 -6.35320238239
2024-10-08T17:30:00.000000 -5033.958265435 1676.568147514 -4098.590265248 4.77054458211 -0.42199386529 -6.04196972637
2024-10-08T17:31:00.000000 -4735.990607629 1647.284700490 -4451.052644596 5.15773346142 -0.55371992962 -5.70214534947
2024-10-08T17:32:00.000000 -4415.525287559 1610.176088172 -4782.308968271 5.52017456775 -0.68272988332 -5.33538814307
2024-10-08T17:33:00.000000 -4074.098489190 1565.423627999 -5090.796122979 5.85617857915 -0.80841475497 -4.94347978780
2024-10-08T17:34:00.000000 -3713.343850610 1513.244659546 -5375.061356794 6.16418755077 -0.93018318624 -4.52831557176
2024-10-08T17:35:00.000000 -3334.984386859 1453.891417186 -5633.768786092 6.44278111672 -1.04746383006 -4.09189424181
2024-10-08T17:36:00.000000 -2940.824056514 1387.649723964 -5865.705322938 6.69068267428 -1.15970918876 -3.63630845519
2024-10-08T17:37:00.000000 -2532.738954110 1314.837448342 -6069.785946634 6.90676489475 -1.26639878397 -3.16373224354
2024-10-08T17:38:00.000000 -2112.668283400 1235.802865949 -6245.058208966 7.09005145976 -1.36703949853 -2.67640901121
2024-10-08T17:39:00.000000 -1682.605257781 1150.922995074 -6390.706161461 7.23971940123 -1.46116698608 -2.17664403480
2024-10-08T17:40:00.000000 -1244.587738196 1060.601769836 -6506.053712452 7.35510329628 -1.54834824844 -1.66679134580
2024-10-08T17:41:00.000000 -800.688836103 965.268226050 -6590.567233591 7.43569398024 -1.62817977512 -1.14924523402
2024-10-08T17:42:00.000000 -353.007403219 865.374559474 -6643.857764122 7.48114274271 -1.70029443763 -0.62643089923
2024-10-08T17:43:00.000000 96.341522315 761.393838559 -6665.682429391 7.49125818585 -1.76436290672 -0.10079148366
2024-10-08T17:44:00.000000 545.236180918 653.817851333 -6655.945373575 7.46600937602 -1.82009076716 0.42521668020
2024-10-08T17:45:00.000000 991.557899114 543.154892394 -6614.698091979 7.40552799060 -1.86722246170 0.94914189603
2024-10-08T17:46:00.000000 1433.200448486 429.927499446 -6542.138850576 7.31009760261 -1.90553823573 1.46854227875
2024-10-08T17:47:00.000000 1868.079440821 314.670271030 -6438.612082643 7.18016385065 -1.93485721399 1.98099064033
2024-10-08T17:48:00.000000 2294.141999351 197.927330140 -6304.606947498 7.01632970945 -1.95504277426 2.48409148242
2024-10-08T17:49:00.000000 2709.376058400 80.249711850 -6140.755228538 6.81935338040 -1.96600100321 2.97548813417
2024-10-08T17:50:00.000000 3111.819698710 -37.807151669 -5947.828517065 6.59014651895 -1.96767863688 3.45287946424
2024-10-08T17:51:00.000000 3499.570067823 -155.685830040 -5726.734644358 6.32976584841 -1.96006305150 3.91402544262
2024-10-08T17:52:00.000000 3870.792057580 -272.829451763 -5478.513868128 6.03941271749 -1.94318550110 4.35675390986
2024-10-08T17:53:00.000000 4223.726908083 -388.684293686 -5204.334430192 5.72042979843 -1.91711967647 4.77897273209
2024-10-08T17:54:00.000000 4556.700494125 -502.702364996 -4905.487437825 5.37429446862 -1.88198277993 5.17867969200
2024-10-08T17:55:00.000000 4868.131341814 -614.343960281 -4583.381268785 5.00261794979 -1.83793396259 5.55397067599
2024-10-08T17:56:00.000000 5156.538412528 -723.080197917 -4239.535135271 4.60713354537 -1.78517437015 5.90305648110
2024-10-08T17:57:00.000000 5420.548077114 -828.395478501 -3875.572130937 4.18968822717 -1.72394580913 6.22426444586
2024-10-08T17:58:00.000000 5658.900849338 -929.789939607 -3493.211997337 3.75223878986 -1.65453082127 6.51604728902
2024-10-08T17:59:00.000000 5870.457746917 -1026.781861690 -3094.263267721 3.29684319614 -1.57725133604 6.77699426043
2024-10-08T18:00:00.000000 6054.206041561 -1118.910001313 -2680.614843092 2.82565059907 -1.49246819522 7.00583848844
2024-10-08T18:01:00.000000 6209.264405056 -1205.735920747 -2254.227121114 2.34088976080 -1.40057999570 7.20146429107
2024-10-08T18:02:00.000000 6334.887408201 -1286.846143432 -1817.122792149 1.84486068529 -1.30202000977 7.36291238010
2024-10-08T18:03:00.000000 6430.469500168 -1361.854188893 -1371.377197254 1.33992374334 -1.19725440942 7.48938810269
2024-10-08T18:04:00.000000 6495.548194756 -1430.402480950 -919.108290193 0.82848492136 -1.08678019210 7.58026592216
2024-10-08T18:05:00.000000 6529.806466928 -1492.164131389 -462.466455127 0.31298565980 -0.97112273051 7.63509118938
2024-10-08T18:06:00.000000 6533.074559063 -1546.844524665 -3.624087579 -0.20410912923 -0.85083184475 7.65358540705
2024-10-08T18:07:00.000000 6505.330924620 -1594.182724802 455.235021440 -0.72032626545 -0.72648025843 7.63564686350
2024-10-08T18:08:00.000000 6446.702386006 -1633.952799368 911.926247723 -1.23319493897 -0.59866152608 7.58134980949
2024-10-08T18:09:00.000000 6357.463628408 -1665.965013250 1364.274750542 -1.74025995468 -0.46798844928 7.49094609654
2024-10-08T18:10:00.000000 6238.035804185 -1690.066829242 1810.126017409 -2.23909510908 -0.33508644094 7.36486007408
2024-10-08T18:11:00.000000 6088.984767480 -1706.143478641 2247.356182955 -2.72730467147 -0.20058940741 7.20369150327
2024-10-08T18:12:00.000000 5911.018561221 -1714.118522840 2673.882842238 -3.20255078160 -0.06514078659 7.00822016540
2024-10-08T18:13:00.000000 5704.983302932 -1713.954303027 3087.675245291 -3.66256818820 0.07061159573 6.77938632548
2024-10-08T18:14:00.000000 5471.858782179 -1705.651960044 3486.763743474 -4.10516761800 0.20602203969 6.51828468209
2024-10-08T18:15:00.000000 5212.753842917 -1689.251538929 3869.248913764 -4.52823744570 0.34043879546 6.22616337655
2024-10-08T18:16:00.000000 4928.901371986 -1664.832114781 4233.310972232 -4.92975745695 0.47321579884 5.90442852497
2024-10-08T18:17:00.000000 4621.652069906 -1632.510970948 4577.218988543 -5.30782466630 0.60372666882 5.55463004069
2024-10-08T18:18:00.000000 4292.467321674 -1592.442528996 4899.338675189 -5.66065082681 0.73135715552 5.17844068394
2024-10-08T18:19:00.000000 3942.912140673 -1544.817820668 5198.139927866 -5.98657275032 0.85550297275 4.77765763548
2024-10-08T18:20:00.000000 3574.647489031 -1489.863587715 5472.203740621 -6.28405413210 0.97557841832 4.35418592628
2024-10-08T18:21:00.000000 3189.422634580 -1427.841209026 5720.228676784 -6.55169083212 1.09101478292 3.91003918725
2024-10-08T18:22:00.000000 2789.066767326 -1359.045529000 5941.037085459 -6.78822366007 1.20126622797 3.44732734476
2024-10-08T18:23:00.000000 2375.480176492 -1283.803387283 6133.580469716 -6.99254240183 1.30581229234 2.96824348335
2024-10-08T18:24:00.000000 1950.625259303 -1202.472048057 6296.944143322 -7.16368741009 1.40415966091 2.47505379947
2024-10-08T18:25:00.000000 1516.517338414 -1115.437477935 6430.351369420 -7.30085505357 1.49584560276 1.97008789631
2024-10-08T18:26:00.000000 1075.215249015 -1023.112442028 6533.166718308 -7.40339802259 1.58043937292 1.45572488989
2024-10-08T18:27:00.000000 628.812002466 -925.934569452 6604.898869909 -7.47082512224 1.65754340070 0.93438885370
2024-10-08T18:28:00.000000 179.425203857 -824.364325731 6645.203142771 -7.50280952153 1.72679399358 0.40854144603
2024-10-08T18:29:00.000000 -270.813000276 -718.882968350 6653.883221185 -7.49919216316 1.78786209374 -0.11933653904
2024-10-08T18:30:00.000000 -719.765776775 -609.990330536 6630.891981221 -7.45997646206 1.84045855018 -0.64675359430
2024-10-08T18:31:00.000000 -1165.301487345 -498.202432780 6576.331819241 -7.38533187008 1.88433186132 -1.17121936201
2024-10-08T18:32:00.000000 -1605.303607053 -384.049227384 6490.454312052 -7.27559300936 1.91927062191 -1.69025325863
2024-10-08T18:33:00.000000 -2037.680633024 -268.072030656 6373.659224518 -7.13125874192 1.94510715715 -2.20139857399
2024-10-08T18:34:00.000000 -2460.375830120 -150.820966588 6226.492704981 -6.95298840092 1.96171503047 -2.70223428191
2024-10-08T18:35:00.000000 -2871.376722556 -32.852586262 6049.644885093 -6.74159735903 1.96900642839 -3.19038270398
2024-10-08T18:36:00.000000 -3268.724446502 85.272566270 5843.947141283 -6.49805807598 1.96693731875 -3.66351552146
2024-10-08T18:37:00.000000 -3650.523158524 202.992645190 5610.368618730 -6.22349714232 1.95550738973 -4.11937087511
2024-10-08T18:38:00.000000 -4014.949092060 319.747080315 5350.012016107 -5.91919056711 1.93476033111 -4.55576012041
2024-10-08T18:39:00.000000 -4360.259478410 434.979311793 5064.108861614 -5.58656139065 1.90478620087 -4.97057965319
2024-10-08T18:40:00.000000 -4684.801233311 548.139583457 4754.014032436 -5.22717510567 1.86572145701 -5.36182432952
2024-10-08T18:41:00.000000 -4987.019167735 658.687656221 4421.199395398 -4.84272697916 1.81774669601 -5.72760002960
2024-10-08T18:42:00.000000 -5265.463591681 766.095457913 4067.247074780 -4.43503882993 1.76108691109 -6.06612799709
2024-10-08T18:43:00.000000 -5518.797746631 869.849704841 3693.842010303 -4.00605011066 1.69600934354 -6.37576162633
2024-10-08T18:44:00.000000 -5745.804425458 969.454326479 3302.763898076 -3.55780584669 1.62282054742 -6.65498912344
2024-10-08T18:45:00.000000 -5945.392205523 1064.432861537 2895.878902998 -3.09245236816 1.54186754994 -6.90244244813
2024-10-08T18:46:00.000000 -6116.601175690 1154.330833780 2475.130662804 -2.61222482122 1.45353588131 -7.11690817139
2024-10-08T18:47:00.000000 -6258.607923396 1238.718030444 2042.530845802 -2.11943642062 1.35824856826 -7.29733339027
2024-10-08T18:48:00.000000 -6370.729860535 1317.190698029 1600.149269865 -1.61646547606 1.25646410985 -7.44283357378
2024-10-08T18:49:00.000000 -6452.428719548 1389.373572785 1150.103697002 -1.10574287723 1.14867313158 -7.55269568424
2024-10-08T18:50:00.000000 -6503.313400074 1454.921743234 694.549392716 -0.58974087190 1.03539654508 -7.62638352853
2024-10-08T18:51:00.000000 -6523.142015923 1513.522407226 235.668410969 -0.07095898679 0.91718325370 -7.66354060696
2024-10-08T18:52:00.000000 -6511.823173922 1564.896462902 -224.341261027 0.44808808514 0.79460715169 -7.66399287851
2024-10-08T18:53:00.000000 -6469.416463689 1608.799908027 -683.276727517 0.96488475234 0.66826377870 -7.62775095798
2024-10-08T18:54:00.000000 -6396.132058175 1645.025033571 -1138.941267302 1.47692958471 0.53876672840 -7.55500963853
2024-10-08T18:55:00.000000 -6292.329468320 1673.401395632 -1589.155308252 1.98174807090 0.40674413104 -7.44614561472
2024-10-08T18:56:00.000000 -6158.515505061 1693.796617625 -2031.767312357 2.47690762193 0.27283615108 -7.30171582386
2024-10-08T18:57:00.000000 -5995.341340896 1706.116971051 -2464.664372471 2.96002993174 0.13769022515 -7.12245004108
2024-10-08T18:58:00.000000 -5803.598994870 1710.307731545 -2885.782490380 3.42880078399 0.00195867500 -6.90924841408
2024-10-08T18:59:00.000000 -5584.217053140 1706.353364370 -3293.116645945 3.88098412825 -0.13370540541 -6.66317507647
2024-10-08T19:00:00.000000 -5338.255718959 1694.277430811 -3684.730372425 4.31442989630 -0.26865222320 -6.38545053987
2024-10-08T19:01:00.000000 -5066.901319033 1674.142347286 -4058.765034940 4.72708649881 -0.40223684357 -6.07744691981
2024-10-08T19:02:00.000000 -4771.460074148 1646.048988102 -4413.448603387 5.11701027105 -0.53382295740 -5.74067773493
2024-10-08T19:03:00.000000 -4453.351363624 1610.136052656 -4747.103899258 5.48237433897 -0.66278657090 -5.37678945970
2024-10-08T19:04:00.000000 -4114.100489882 1566.579234363 -5058.156271478 5.82147594877 -0.78851904664 -4.98755161984
2024-10-08T19:05:00.000000 -3755.331033448 1515.590217592 -5345.140691643 6.13274289597 -0.91042963162 -4.57484716389
2024-10-08T19:06:00.000000 -3378.756847119 1457.415562951 -5606.708281160 6.41473939693 -1.02794671868 -4.14066334732
2024-10-08T19:07:00.000000 -2986.173671219 1392.335491324 -5841.632284933 6.66617254183 -1.14052067760 -3.68708194674
2024-10-08T19:08:00.000000 -2579.450414075 1320.662437494 -6048.813433209 6.88589713555 -1.24762777614 -3.21626885145
2024-10-08T19:09:00.000000 -2160.520155947 1242.739434555 -6227.284637689 7.07291990396 -1.34877204768 -2.73046228720
2024-10-08T19:10:00.000000 -1731.370930643 1158.938396023 -6376.214979116 7.22640262278 -1.44348714481 -2.23196101987
2024-10-08T19:11:00.000000 -1294.036380112 1069.658284555 -6494.913006387 7.34566352684 -1.53133788743 -1.72311320334
2024-10-08T19:12:00.000000 -850.586390031 975.323245785 -6582.829334875 7.43017551498 -1.61191993390 -1.20630526977
2024-10-08T19:13:00.000000 -403.117809397 876.380704537 -6639.558859770 7.47956836471 -1.68486266957 -0.68395902339
2024-10-08T19:14:00.000000 46.255147430 773.299215257 -6664.842518855 7.49363338917 -1.74983191266 -0.15851827354
2024-10-08T19:15:00.000000 495.410620626 666.566376536 -6658.568228684 7.47232464532 -1.80652751123 0.36756400003
2024-10-08T19:16:00.000000 942.228696666 556.686636306 -6620.770994355 7.41575055726 -1.85468810969 0.89183827687
2024-10-08T19:17:00.000000 1384.600540593 444.179023370 -6551.632832405 7.32417509476 -1.89408921503 1.41185327529
2024-10-08T19:18:00.000000 1820.438254000 329.574778373 -6451.482473525 7.19803184500 -1.92454926418 1.92517618983
2024-10-08T19:19:00.000000 2247.684644389 213.414779473 -6320.793392090 7.03790755363 -1.94592714049 2.42941498815
2024-10-08T19:20:00.000000 2664.322147660 96.247252638 -6160.181579288 6.84453827304 -1.95811998678 2.92221003723
2024-10-08T19:21:00.000000 3068.382174357 -21.374708796 -5970.403385665 6.61882065527 -1.96106876583 3.40124753798
2024-10-08T19:22:00.000000 3457.954450787 -138.895774959 -5752.351988125 6.36179885389 -1.95475765542 3.86428160179
2024-10-08T19:23:00.000000 3831.195540901 -255.760907710 -5507.053250155 6.07465694147 -1.93921196648 4.30913544241
2024-10-08T19:24:00.000000 4186.337275649 -371.417824840 -5235.661424441 5.75871945480 -1.91449838479 4.73370755126
2024-10-08T19:25:00.000000 4521.695189018 -485.319508957 -4939.454343783 5.41545186547 -1.88072602277 5.13598327628
2024-10-08T19:26:00.000000 4835.676712673 -596.926801445 -4619.827660570 5.04644906449 -1.83804770842 5.51405092546
2024-10-08T19:27:00.000000 5126.788652852 -705.710964657 -4278.288592568 4.65342905649 -1.78665730762 5.86610448822
2024-10-08T19:28:00.000000 5393.644554403 -811.156117705 -3916.449274674 4.23823047561 -1.72679032596 6.19045486918
2024-10-08T19:29:00.000000 5634.971624939 -912.761809786 -3536.019356859 3.80280098966 -1.65872497223 6.48554215357
2024-10-08T19:30:00.000000 5849.616938488 -1010.045478497 -3138.798079453 3.34918775527 -1.58277900117 6.74994116608
2024-10-08T19:31:00.000000 6036.553184578 -1102.544730154 -2726.665903636 2.87952867285 -1.49930621568 6.98237064576
2024-10-08T19:32:00.000000 6194.883823603 -1189.819458272 -2301.575788907 2.39604439363 -1.40869643803 7.18169624765
2024-10-08T19:33:00.000000 6323.847853663 -1271.454087580 -1865.544034482 1.90102902395 -1.31137693275 7.34694312863
2024-10-08T19:34:00.000000 6422.823685502 -1347.059660623 -1420.640546563 1.39683433469 -1.20780701319 7.47729897459
2024-10-08T19:35:00.000000 6491.332386143 -1416.275711960 -968.978995578 0.88586137413 -1.09847710082 7.57211853623
2024-10-08T19:36:00.000000 6529.040216083 -1478.772049354 -512.706667135 0.37054765139 -0.98390492838 7.63092678309
2024-10-08T19:37:00.000000 6535.760554322 -1534.250325778 -53.994131598 -0.14664317885 -0.86463476233 7.65342326240
2024-10-08T19:38:00.000000 6511.455015407 -1582.445650186 404.975273146 -0.66323497810 -0.74123667484 7.63948334012
2024-10-08T19:39:00.000000 6456.233854801 -1623.127943930 862.016145414 -1.17675247407 -0.61430005096 7.58916300595
2024-10-08T19:40:00.000000 6370.355397550 -1656.103022522 1314.951746878 -1.68473684017 -0.48443228645 7.50269421539
2024-10-08T19:41:00.000000 6254.224788311 -1681.213646959 1761.624521586 -2.18475475937 -0.35225621050 7.38048476564
2024-10-08T19:42:00.000000 6108.392098256 -1698.340235708 2199.906646832 -2.67441081152 -0.21840382709 7.22311747024
2024-10-08T19:43:00.000000 5933.549654554 -1707.401380656 2627.710440809 -3.15136080446 -0.08351533482 7.03134689478
2024-10-08T19:44:00.000000 5730.528586831 -1708.354252764 3042.998535874 -3.61332402058 0.05176427169 6.80609487724
2024-10-08T19:45:00.000000 5500.294665478 -1701.194774391 3443.793767979 -4.05809512386 0.18678857068 6.54844492911
2024-10-08T19:46:00.000000 5243.943521537 -1685.957642729 3828.188718359 -4.48355352865 0.32091244335 6.25963969359
2024-10-08T19:47:00.000000 4962.694702550 -1662.715996723 4194.354982037 -4.88769002843 0.45350026202 5.94106111661
2024-10-08T19:48:00.000000 4657.885838770 -1631.581036245 4540.550830489 -5.26857559854 0.58391750383 5.59422656662
2024-10-08T19:49:00.000000 4330.966885142 -1592.701743958 4865.130335985 -5.62440241593 0.71154297769 5.22080427681
2024-10-08T19:50:00.000000 3983.492454006 -1546.263777236 5166.551232128 -5.95348822061 0.83577394079 4.82258036784
2024-10-08T19:51:00.000000 3617.114253368 -1492.488522989 5443.381908993 -6.25428089792 0.95602303928 4.40145617278
2024-10-08T19:52:00.000000 3233.572986274 -1431.632015464 5694.307990616 -6.52536636424 1.07172267251 3.95943605766
2024-10-08T19:53:00.000000 2834.689963465 -1363.983733296 5918.138220421 -6.76547298348 1.18232663409 3.49861775357
2024-10-08T19:54:00.000000 2422.358447882 -1289.865153103 6113.809683082 -6.97347349624 1.28731485784 3.02118028614
2024-10-08T19:55:00.000000 1998.534972879 -1209.628146951 6280.392562654 -7.14838776193 1.38619405404 2.52938042380
2024-10-08T19:56:00.000000 1565.230245333 -1123.653394437 6417.094513947 -7.28939064437 1.47849795119 2.02554143057
2024-10-08T19:57:00.000000 1124.499811988 -1032.348615511 6523.264332916 -7.39581330559 1.56379189512 1.51204384733
2024-10-08T19:58:00.000000 678.434462059 -936.146608153 6598.395113564 -7.46715100833 1.64167478307 0.99131416929
2024-10-08T19:59:00.000000 229.150270358 -835.503261783 6642.126460374 -7.50306459127 1.71177791223 0.46580668851
2024-10-08T20:00:00.000000 -221.221076557 -730.895506251 6654.245918477 -7.50337353543 1.77377000364 -0.06200049482
2024-10-08T20:01:00.000000 -670.542102890 -622.818970858 6634.690199700 -7.46806520717 1.82735774094 -0.58961740197
2024-10-08T20:02:00.000000 -1116.679467611 -511.785832872 6583.545488899 -7.39729080757 1.87228412091 -1.11455197971
2024-10-08T20:03:00.000000 -1557.513928672 -398.322446912 6501.047221452 -7.29136826587 1.90833332176 -1.63432425514
2024-10-08T20:04:00.000000 -1990.950186684 -282.966915630 6387.578993639 -7.15077733783 1.93532980499 -2.14647683164
2024-10-08T20:05:00.000000 -2414.926518008 -166.266625694 6243.670938887 -6.97615710829 1.95314002305 -2.64858401754
2024-10-08T20:06:00.000000 -2827.424261466 -48.775689324 6069.997534934 -6.76830320526 1.96167270885 -3.13826143489
2024-10-08T20:07:00.000000 -3226.477171163 68.947522626 5867.374949063 -6.52816791403 1.96087803570 -3.61317168541
2024-10-08T20:08:00.000000 -3610.180927455 186.343000835 5636.757912244 -6.25686393278 1.95075139765 -4.07103598714
2024-10-08T20:09:00.000000 -3976.702729624 302.851873281 5379.235516093 -5.95565865311 1.93133512086 -4.50965854195
2024-10-08T20:10:00.000000 -4324.289982057 417.919069473 5096.025999519 -5.62595910011 1.90271308210 -4.92692881527
2024-10-08T20:11:00.000000 -4651.278870687 530.995860048 4788.471474561 -5.26931638076 1.86501337321 -5.32083194747
2024-10-08T20:12:00.000000 -4956.102665556 641.542544887 4458.031689273 -4.88741368694 1.81840867292 -5.68946276492
2024-10-08T20:13:00.000000 -5237.299387805 749.031099680 4106.277249679 -4.48205873156 1.76311529764 -6.03103247712
2024-10-08T20:14:00.000000 -5493.519113514 852.947748737 3734.882350387 -4.05517737226 1.69939175248 -6.34387870875
2024-10-08T20:15:00.000000 -5723.530760834 952.795486146 3345.616923187 -3.60880377145 1.62753829528 -6.62647370487
2024-10-08T20:16:00.000000 -5926.228377453 1048.096533934 2940.338346925 -3.14507375843 1.54789575650 -6.87743193523
2024-10-08T20:17:00.000000 -6100.636961584 1138.394791280 2520.982570973 -2.66621402700 1.46084509705 -7.09552140630
2024-10-08T20:18:00.000000 -6245.917553972 1223.258090863 2089.554708139 -2.17453123391 1.36680279309 -7.27966988456
2024-10-08T20:19:00.000000 -6361.371737233 1302.280288291 1648.119201938 -1.67240144437 1.26621980280 -7.42897354889
2024-10-08T20:20:00.000000 -6446.445311409 1375.083347036 1198.789459452 -1.16225223093 1.15958179337 -7.54270400762
2024-10-08T20:21:00.000000 -6500.730939922 1441.319306329 743.717419339 -0.64655083686 1.04740485638 -7.62030554117
2024-10-08T20:22:00.000000 -6523.970330469 1500.672009014 285.083034532 -0.12779599533 0.93023271707 -7.66140117961
2024-10-08T20:23:00.000000 -6516.055719860 1552.858693461 -174.916616012 0.39149581721 0.80863440097 -7.66579772451
2024-10-08T20:24:00.000000 -6477.030455004 1597.631438391 -634.078442441 0.90880699642 0.68320175767 -7.63348791468
2024-10-08T20:25:00.000000 -6407.088577266 1634.778414722 -1090.204452257 1.42163423457 0.55454510222 -7.56464849788
2024-10-08T20:26:00.000000 -6306.573573236 1664.124846100 -1541.112708845 1.92750137162 0.42328856053 -7.45963730866
2024-10-08T20:27:00.000000 -6175.976408569 1685.533740357 -1984.648095078 2.42397052035 0.29006727615 -7.31899026157
2024-10-08T20:28:00.000000 -6015.932830579 1698.906509533 -2418.692927575 2.90865569775 0.15552566235 -7.14341825892
2024-10-08T20:29:00.000000 -5827.219928953 1704.183402993 -2841.177308449 3.37923326298 0.02031324285 -6.93380297128
2024-10-08T20:30:00.000000 -5610.751988690 1701.343697039 -3250.089276590 3.83345628040 -0.11491934173 -6.69119247441
2024-10-08T20:31:00.000000 -5367.575518484 1690.405642873 -3643.484492113 4.26916529607 -0.24952404952 -6.41679139776
2024-10-08T20:32:00.000000 -5098.863777213 1671.426234361 -4019.495450383 4.68429665038 -0.38285787111 -6.11195534629
2024-10-08T20:33:00.000000 -4805.910703514 1644.500822921 -4376.340318243 5.07689271542 -0.51428581892 -5.77818308082
2024-10-08T20:34:00.000000 -4490.124283272 1609.762542483 -4712.331303429 5.44511142175 -0.64318394558 -5.41710916829
2024-10-08T20:35:00.000000 -4153.019285838 1567.381538442 -5025.882491031 5.78723676084 -0.76894322186 -5.03049257261
2024-10-08T20:36:00.000000 -3796.209552789 1517.563975159 -5315.516924526 6.10168265071 -0.89097217993 -4.62020518128
2024-10-08T20:37:00.000000 -3421.400045608 1460.550937933 -5579.873189738 6.38699941310 -1.00869880557 -4.18822477521
2024-10-08T20:38:00.000000 -3030.378429693 1396.617178892 -5817.711414788 6.64188072027 -1.12157324253 -3.73662291157
2024-10-08T20:39:00.000000 -2625.006377584 1326.069722450 -6027.918534686 6.86516601733 -1.22906982793 -3.26755336969
2024-10-08T20:40:00.000000 -2207.210778227 1249.246374744 -6209.513015370 7.05584312288 -1.33068871779 -2.78324589519
2024-10-08T20:41:00.000000 -1778.974559905 1166.514028639 -6361.649129833 7.21305743681 -1.42596104128 -2.28599416669
2024-10-08T20:42:00.000000 -1342.327260790 1078.266740978 -6483.620216838 7.33610818034 -1.51444988297 -1.77813921531
2024-10-08T20:43:00.000000 -899.335876171 984.923843267 -6574.861483310 7.42444934348 -1.59574968016 -1.26206767891
2024-10-08T20:44:00.000000 -452.095345727 886.928067073 -6634.952389930 7.47769568566 -1.66948627580 -0.74019933675
2024-10-08T20:45:00.000000 -2.718875499 784.743588009 -6663.618242545 7.49562314282 -1.73531912983 -0.21497333129
2024-10-08T20:46:00.000000 446.671610665 678.853962530 -6660.731011928 7.47816457066 -1.79294374918 0.31116143757
2024-10-08T20:47:00.000000 893.954785948 569.759835403 -6626.309812405 7.42540734387 -1.84209490685 0.83574889880
2024-10-08T20:48:00.000000 1337.019480049 457.976568353 -6560.521210197 7.33760490575 -1.88254750717 1.35633420503
2024-10-08T20:49:00.000000 1773.774667304 344.031878107 -6463.678333790 7.21517204892 -1.91411427028 1.87048896448
2024-10-08T20:50:00.000000 2202.158741540 228.463570693 -6336.239212969 7.05867545689 -1.93664670171 2.37581090628
2024-10-08T20:51:00.000000 2620.148886177 111.817110958 -6178.805042089 6.86884205787 -1.95003867919 2.86993394356
2024-10-08T20:52:00.000000 3025.770545616 -5.356964769 -5992.117389471 6.64655131757 -1.95422675230 3.35054649941
2024-10-08T20:53:00.000000 3417.106273964 -122.505538446 -5777.054770057 6.39282703491 -1.94918813124 3.81539566827
2024-10-08T20:54:00.000000 3792.304431023 -239.075351679 -5534.628990369 6.10883944786 -1.93494152812 4.26229355466
2024-10-08T20:55:00.000000 4149.587871297 -354.515568128 -5265.980800754 5.79589964612 -1.91154858308 4.68913118554
2024-10-08T20:56:00.000000 4487.262254272 -468.280294062 -4972.375023678 5.45545763354 -1.87911276756 5.09388371815
2024-10-08T20:57:00.000000 4803.724325536 -579.831149510 -4655.194969663 5.08909656506 -1.83778072893 5.47462887445
2024-10-08T20:58:00.000000 5097.469485095 -688.639782225 -4315.936106752 4.69852169853 -1.78774018704 5.82955055517
2024-10-08T20:59:00.000000 5367.099076155 -794.190373271 -3956.199434678 4.28555766314 -1.72922093517 6.15694990475
2024-10-08T21:00:00.000000 5611.327196651 -895.982065945 -3577.684106920 3.85213667192 -1.66249168123 6.45525405303
2024-10-08T21:01:00.000000 5828.986971849 -993.531348657 -3182.179817528 3.40029364085 -1.58786241263 6.72301962341
2024-10-08T21:02:00.000000 6019.036536845 -1086.374507000 -2771.558624965 2.93215858841 -1.50568185730 6.95894647237
2024-10-08T21:03:00.000000 6180.564396965 -1174.069798752 -2347.766134089 2.44994575707 -1.41633394730 7.16188386004
2024-10-08T21:04:00.000000 6312.794198699 -1256.199633883 -1912.812332503 1.95594331365 -1.32023968017 7.33083828805
2024-10-08T21:05:00.000000 6415.088693356 -1332.372659274 -1468.761905261 1.45249760604 -1.21785148298 7.46497968090
2024-10-08T21:06:00.000000 6486.952997122 -1402.225610605 -1017.724504174 0.94200763072 -1.10965430757 7.56364043163
2024-10-08T21:07:00.000000 6528.037515158 -1465.425311924 -561.844611532 0.42691356428 -0.99616466485 7.62632922233
2024-10-08T21:08:00.000000 6538.139719475 -1521.670308173 -103.290823315 -0.09032543263 -0.87792265389 7.65273216843
2024-10-08T21:09:00.000000 6517.204983933 -1570.692212945 355.754536386 -0.60723832604 -0.75549040932 7.64270561775
2024-10-08T21:10:00.000000 6465.327138719 -1612.256989849 813.105791662 -1.12135035480 -0.62945059624 7.59628193903
2024-10-08T21:11:00.000000 6382.748313316 -1646.166195603 1266.584521710 -1.63019482369 -0.50040672563 7.51367197036
2024-10-08T21:12:00.000000 6269.857941960 -1672.258063876 1714.030434701 -2.13133158057 -0.36897659125 7.39526824100
2024-10-08T21:13:00.000000 6127.190673397 -1690.408226028 2153.312064071 -2.62236243809 -0.23578875835 7.24163759709
2024-10-08T21:14:00.000000 5955.423575000 -1700.530315790 2582.336980972 -3.10093918824 -0.10148105400 7.05351424584
2024-10-08T21:15:00.000000 5755.372893118 -1702.576398862 2999.061811287 -3.56477182662 0.03330414109 6.83179876361
2024-10-08T21:16:00.000000 5527.990274047 -1696.537177283 3401.502319335 -4.01164205860 0.16792152357 6.57756239118
2024-10-08T21:17:00.000000 5274.357596126 -1682.442031694 3787.743247000 -4.43942770005 0.30172848880 6.29202803334
2024-10-08T21:18:00.000000 4995.681394882 -1660.358670440 4155.946884912 -4.84609428696 0.43408985689 5.97655913647
2024-10-08T21:19:00.000000 4693.287444769 -1630.392776387 4504.361835669 -5.22970666655 0.56437538846 5.63266899933
2024-10-08T21:20:00.000000 4368.614137295 -1592.687512458 4831.331586722 -5.58844593077 0.69196673616 5.26200438870
2024-10-08T21:21:00.000000 4023.205425728 -1547.422812069 5135.302286025 -5.92061510783 0.81625656524 4.86633956705
2024-10-08T21:22:00.000000 3658.703095469 -1494.814557269 5414.829988376 -6.22465007164 0.93665545963 4.44756096221
2024-10-08T21:23:00.000000 3276.838836577 -1435.113337745 5668.587075805 -6.49911870417 1.05259608580 4.00765936745
2024-10-08T21:24:00.000000 2879.426125202 -1368.603113033 5895.368371265 -6.74272855089 1.16353310301 3.54872355103
2024-10-08T21:25:00.000000 2468.351600791 -1295.599922943 6094.096660656 -6.95433379729 1.26894312277 3.07292824512
2024-10-08T21:26:00.000000 2045.566195804 -1216.450428358 6263.827559021 -7.13293792173 1.36832969837 2.58252498196
2024-10-08T21:27:00.000000 1613.076039040 -1131.530185329 6403.753819311 -7.27769787026 1.46122581871 2.07983192893
2024-10-08T21:28:00.000000 1172.933120642 -1041.241943688 6513.209126871 -7.38792996217 1.54719244276 1.56722702548
2024-10-08T21:29:00.000000 727.225461113 -946.013791426 6591.671185854 -7.46311616515 1.62582528679 1.04712909170
2024-10-08T21:30:00.000000 278.067459882 -846.296999294 6638.763741862 -7.50289439314 1.69675476640 0.52198866375
2024-10-08T21:31:00.000000 -172.409725023 -742.564027616 6654.258534097 -7.50707050849 1.75964492857 -0.00571626304
2024-10-08T21:32:00.000000 -622.068190414 -635.306425852 6638.076247984 -7.47561195408 1.81419560919 -0.53349811778
2024-10-08T21:33:00.000000 -1068.773037023 -525.032588395 6590.287082864 -7.40865272709 1.86014591727 -1.05886412068
2024-10-08T21:34:00.000000 -1510.402373453 -412.265363651 6511.110506464 -7.30649153345 1.89727511587 -1.57933318236
2024-10-08T21:35:00.000000 -1944.857070997 -297.539641200 6400.914285771 -7.16958838959 1.92540234691 -2.09244406369
2024-10-08T21:36:00.000000 -2370.070478532 -181.399961652 6260.213022568 -6.99856524833 1.94438704143 -2.59576599210
2024-10-08T21:37:00.000000 -2784.017970644 -64.398018651 6089.666030375 -6.79420111588 1.95413216170 -3.08690634141
2024-10-08T21:38:00.000000 -3184.726493892 52.910043834 5890.074810342 -6.55743616445 1.95458596267 -3.56352144389
2024-10-08T21:39:00.000000 -3570.284100129 169.966254127 5662.379592383 -6.28936569697 1.94573905497 -4.02333219170
2024-10-08T21:40:00.000000 -3938.849079121 286.213361745 5407.655237244 -5.99123543925 1.92762523619 -4.46413105273
2024-10-08T21:41:00.000000 -4288.659009727 401.097484654 5127.106651463 -5.66444241428 1.90032301157 -4.88379437216
2024-10-08T21:42:00.000000 -4618.039491529 514.070790322 4822.063151662 -5.31052036628 1.86395557087 -5.28029872207
2024-10-08T21:43:00.000000 -4925.412205060 624.594148761 4493.972507650 -4.93113988896 1.81868935580 -5.65172215389
2024-10-08T21:44:00.000000 -5209.302988010 732.139695367 4144.394215512 -4.52809885490 1.76473369848 -5.99626364608
2024-10-08T21:45:00.000000 -5468.349070879 836.193425954 3774.992118106 -4.10331170403 1.70234103748 -6.31224720098
2024-10-08T21:46:00.000000 -5701.305889556 936.257708723 3387.526640725 -3.65880271938 1.63180418555 -6.59813095333
2024-10-08T21:47:00.000000 -5907.053402387 1031.853682229 2983.846510792 -3.19669711582 1.55345636490 -6.85251436264
2024-10-08T21:48:00.000000 -6084.601936859 1122.523701971 2565.880039294 -2.71921397659 1.46767136424 -7.07414716532
2024-10-08T21:49:00.000000 -6233.097494353 1207.833734092 2135.625731700 -2.22865374181 1.37486187424 -7.26194133635
2024-10-08T21:50:00.000000 -6351.826163011 1287.375560843 1695.142411306 -1.72738426183 1.27547517597 -7.41497479369
2024-10-08T21:51:00.000000 -6440.217878668 1360.768782980 1246.539072508 -1.21782993478 1.16999092742 -7.53249824208
2024-10-08T21:52:00.000000 -6497.849386197 1427.662712362 791.964400779 -0.70245804090 1.05891952464 -7.61393875306
2024-10-08T21:53:00.000000 -6524.446416784 1487.738116426 333.596068456 -0.18376542907 0.94279859705 -7.65890307700
2024-10-08T21:54:00.000000 -6519.885104715 1540.708820814 -126.370098639 0.33573369312 0.82219223874 -7.66718003818
2024-10-08T21:55:00.000000 -6484.192590755 1586.323192891 -585.731137041 0.85352244867 0.69768684621 -7.63874317804
2024-10-08T21:56:00.000000 -6417.546713749 1624.365332491 -1042.288032246 1.36709696349 0.56988642322 -7.57374992217
2024-10-08T21:57:00.000000 -6320.274822479 1654.656026374 -1493.856604989 1.87397917430 0.43940964581 -7.47253632793
2024-10-08T21:58:00.000000 -6192.851983330 1677.053601883 -1938.278096326 2.37172426350 0.30688876929 -7.33561401957
2024-10-08T21:59:00.000000 -6035.898696415 1691.454633534 -2373.429837104 2.85793236850 0.17296572313 -7.16367507165
2024-10-08T22:00:00.000000 -5850.177577405 1697.794361820 -2797.236031069 3.33026928187 0.03828646376 -6.95758795972
2024-10-08T22:01:00.000000 -5636.588960445 1696.046850913 -3207.677976384 3.78647994395 -0.09650076963 -6.71838526380
2024-10-08T22:02:00.000000 -5396.165987294 1686.225053781 -3602.803642269 4.22439376771 -0.23074893577 -6.44725654375
2024-10-08T22:03:00.000000 -5130.069205244 1668.380616347 -3980.736966034 4.64193612005 -0.36381540788 -6.14554295519
2024-10-08T22:04:00.000000 -4839.580567541 1642.603570417 -4339.686757643 5.03713695106 -0.49506414581 -5.81473190197
2024-10-08T22:05:00.000000 -4526.096686869 1609.021722664 -4677.955179093 5.40814572398 -0.62387298945 -5.45644412861
2024-10-08T22:06:00.000000 -4191.121632868 1567.799815875 -4993.945317276 5.75323142060 -0.74963230111 -5.07242353799
2024-10-08T22:07:00.000000 -3836.259471067 1519.138702508 -5286.168508621 6.07079374032 -0.87174937853 -4.66453165996
2024-10-08T22:08:00.000000 -3463.206261060 1463.274219016 -5553.250974283 6.35936722021 -0.98965086486 -4.23473598222
2024-10-08T22:09:00.000000 -3073.741672809 1400.475917747 -5793.939969478 6.61763205094 -1.10278726075 -3.78509989565
2024-10-08T22:10:00.000000 -2669.720209418 1331.045551197 -6007.108931164 6.84441183913 -1.21063423299 -3.31776517736
2024-10-08T22:11:00.000000 -2253.062684308 1255.315620617 -6191.762232300 7.03867547361 -1.31269165262 -2.83495462690
2024-10-08T22:12:00.000000 -1825.747022076 1173.647793804 -6347.039711876 7.19955079858 -1.40848800371 -2.33895696488
2024-10-08T22:13:00.000000 -1389.798789795 1086.431142246 -6472.220062823 7.32632127968 -1.49758133559 -1.83211054423
2024-10-08T22:14:00.000000 -947.281876378 994.080315484 -6566.723603434 7.41842663943 -1.57956165896 -1.31679654043
2024-10-08T22:15:00.000000 -500.289027232 897.033555524 -6630.114550564 7.47546545466 -1.65405248212 -0.79542825484
2024-10-08T22:16:00.000000 -50.932359907 795.750696566 -6662.102591579 7.49719268246 -1.72071055416 -0.27044047662
2024-10-08T22:17:00.000000 398.665989884 690.711115853 -6662.544058205 7.48352002084 -1.77922862967 0.25571429125
2024-10-08T22:18:00.000000 846.383427352 582.411440742 -6631.442784887 7.43452218262 -1.82933894630 0.78057422483
2024-10-08T22:19:00.000000 1290.106832405 471.363229650 -6568.950075063 7.35043858432 -1.87081113916 1.30168850028
2024-10-08T22:20:00.000000 1727.742167065 358.090733313 -6475.363714055 7.23166543062 -1.90345334733 1.81662632570
2024-10-08T22:21:00.000000 2157.223774778 243.128462953 -6351.126562966 7.07875244365 -1.92711494039 2.32298275636
2024-10-08T22:22:00.000000 2576.523788279 127.018844506 -6196.824858143 6.89241078679 -1.94168281456 2.81838742716
2024-10-08T22:23:00.000000 2983.661655434 10.309843814 -6013.185465964 6.67350322927 -1.94708613486 3.30052405589
2024-10-08T22:24:00.000000 3376.712931360 -106.447611193 -5801.072623271 6.42303855164 -1.94329696912 3.76713053407
2024-10-08T22:25:00.000000 3753.818176487 -222.702221762 -5561.484305151 6.14217301068 -1.93033043115 4.21601427213
2024-10-08T22:26:00.000000 4113.191455541 -337.904767116 -5295.547777831 5.83220053707 -1.90824063879 4.64505735638
2024-10-08T22:27:00.000000 4453.128751630 -451.510553053 -5004.515002058 5.49455796676 -1.87712497699 5.05222494907
2024-10-08T22:28:00.000000 4772.016318326 -562.982020430 -4689.757030555 5.13081481586 -1.83712348732 5.43558370250
2024-10-08T22:29:00.000000 5068.338292483 -671.791257076 -4352.757758200 4.74266386928 -1.78841767957 5.79330627895
2024-10-08T22:30:00.000000 5340.684001295 -777.422483774 -3995.107322002 4.33191746718 -1.73123023879 6.12368078096
2024-10-08T22:31:00.000000 5587.754857606 -879.374469228 -3618.494855659 3.90049797008 -1.66582336236 6.42512007149
2024-10-08T22:32:00.000000 5808.370742323 -977.162933902 -3224.700833829 3.45043087059 -1.59250012947 6.69616807473
2024-10-08T22:33:00.000000 6001.475958606 -1070.322980992 -2815.588916284 2.98383648788 -1.51160294070 6.93550953901
2024-10-08T22:34:00.000000 6166.144640950 -1158.411369178 -2393.097243084 2.50292047328 -1.42351101601 7.14197853642
2024-10-08T22:35:00.000000 6301.585512738 -1241.008666822 -1959.229245971 2.00996148198 -1.32863839842 7.31456518207
2024-10-08T22:36:00.000000 6407.145967045 -1317.721287311 -1516.044164976 1.50730163349 -1.22743238790 7.45242023135
2024-10-08T22:37:00.000000 6482.315534655 -1388.183454419 -1065.647201457 0.99733427835 -1.12037236010 7.55486176629
2024-10-08T22:38:00.000000 6526.728535456 -1452.059031494 -610.179386527 0.48249073649 -1.00796627582 7.62137737464
2024-10-08T22:39:00.000000 6540.166111183 -1509.043160329 -151.807345950 -0.03476784976 -0.89074865471 7.65162746418
2024-10-08T22:40:00.000000 6522.557644442 -1558.863804603 307.287268337 -0.55196405066 -0.76927839557 7.64545162138
2024-10-08T22:41:00.000000 6473.981173573 -1601.283079326 764.918591374 -1.06662315956 -0.64413443012 7.60286846408
2024-10-08T22:42:00.000000 6394.662898247 -1636.098436033 1218.907021890 -1.57628110674 -0.51591599298 7.52406827849
2024-10-08T22:43:00.000000 6284.976419078 -1663.143816711 1667.089739245 -2.07849166692 -0.38523880104 7.40942185285
2024-10-08T22:44:00.000000 6145.440988665 -1682.290421254 2107.331600127 -2.57084928027 -0.25272822060 7.25947881933
2024-10-08T22:45:00.000000 5976.718707760 -1693.447160952 2537.535522354 -3.05099867415 -0.11901584164 7.07495749372
2024-10-08T22:46:00.000000 5779.611310422 -1696.561078174 2955.652531542 -3.51664261390 0.01525864398 6.85674341036
2024-10-08T22:47:00.000000 5555.056195754 -1691.617733486 3359.691766786 -3.96555904994 0.14945269972 6.60588617682
2024-10-08T22:48:00.000000 5304.121616271 -1678.641178845 3747.729996849 -4.39560906593 0.28292570003 6.32359010838
2024-10-08T22:49:00.000000 5028.001428892 -1657.693813353 4117.920802407 -4.80474659426 0.41504066773 6.01120997583
2024-10-08T22:50:00.000000 4728.009182539 -1628.876057203 4468.503354308 -5.19102980914 0.54516822942 5.67024228312
2024-10-08T22:51:00.000000 4405.571655556 -1592.325711015 4797.810635050 -5.55262674637 0.67269189442 5.30231683496
2024-10-08T22:52:00.000000 4062.222059149 -1548.217201940 5104.277319005 -5.88782379978 0.79700750637 4.90919254054
2024-10-08T22:53:00.000000 3699.592551988 -1496.760745750 5386.447240904 -6.19503782584 0.91752697913 4.49274683012
2024-10-08T22:54:00.000000 3319.406200834 -1438.201284739 5642.980099489 -6.47282242838 1.03368111173 4.05496232560
2024-10-08T22:55:00.000000 2923.468682460 -1372.817295275 5872.657435597 -6.71987059509 1.14492199229 3.59791654734
2024-10-08T22:56:00.000000 2513.659857223 -1300.919394222 6074.388145027 -6.93501761600 1.25072612262 3.12377647000
2024-10-08T22:57:00.000000 2091.924929263 -1222.848921144 6247.213604514 -7.11725156716 1.35059323219 2.63478815522
2024-10-08T22:58:00.000000 1660.265205580 -1138.976396634 6390.311973705 -7.26571417784 1.44405187139 2.13326432308
2024-10-08T22:59:00.000000 1220.728728812 -1049.699693056 6503.001995009 -7.37970707089 1.53066179439 1.62157547315
2024-10-08T23:00:00.000000 775.400632227 -955.442135506 6584.745966226 -7.45869137679 1.61001501248 1.10213488732
2024-10-08T23:01:00.000000 326.393585182 -856.650545043 6635.152171986 -7.50229030322 1.68173685777 0.57739392032
2024-10-08T23:02:00.000000 -124.162128724 -753.793146256 6653.976603671 -7.51029083198 1.74548814957 0.04982252531
2024-10-08T23:03:00.000000 -574.128205299 -647.357478284 6641.124067310 -7.48264135531 1.80096517024 -0.47808939841
2024-10-08T23:04:00.000000 -1021.368304287 -537.848134312 6596.648908352 -7.41945803562 1.84790308389 -1.00385010378
2024-10-08T23:05:00.000000 -1463.757972044 -425.784429379 6520.754731564 -7.32102021347 1.88607627767 -1.52497741849
2024-10-08T23:06:00.000000 -1899.194354212 -311.698010690 6413.793633573 -7.18776914014 1.91529941617 -2.03900490915
2024-10-08T23:07:00.000000 -2325.606002695 -196.130390357 6276.264928560 -7.02031005244 1.93542941153 -2.54349443944
2024-10-08T23:08:00.000000 -2740.962598704 -79.630389789 6108.813045693 -6.81940810694 1.94636535846 -3.03604834084
2024-10-08T23:09:00.000000 -3143.284473317 37.248366226 5912.224860839 -6.58598632667 1.94804845605 -3.51431756421
2024-10-08T23:10:00.000000 -3530.652082060 153.950037657 5687.426453282 -6.32112583363 1.94046361108 -3.97601379459
2024-10-08T23:11:00.000000 -3901.215338839 269.919153265 5435.478947575 -6.02605851801 1.92363794319 -4.41892531453
2024-10-08T23:12:00.000000 -4253.202428780 384.603180962 5157.573798563 -5.70216199441 1.89764322152 -4.84092089220
2024-10-08T23:13:00.000000 -4584.928505108 497.455256976 4855.027601835 -5.35095664977 1.86259589395 -5.23996206996
2024-10-08T23:14:00.000000 -4894.804129435 607.936814645 4529.276131799 -4.97410045058 1.81865625026 -5.61411790173
2024-10-08T23:15:00.000000 -5181.343126071 715.520190692 4181.867547434 -4.57337666713 1.76602722499 -5.96157329541
2024-10-08T23:16:00.000000 -5443.169976910 819.691173801 3814.455255712 -4.15068902577 1.70495426881 -6.28063708527
2024-10-08T23:17:00.000000 -5679.026768877 919.951560136 3428.790172828 -3.70805266254 1.63572541778 -6.56975189463
2024-10-08T23:18:00.000000 -5887.779590581 1015.821634055 3026.712396446 -3.24758416892 1.55866845796 -6.82750330093
2024-10-08T23:19:00.000000 -6068.424369458 1106.842533287 2610.142435863 -2.77149333884 1.47415059201 -7.05262706800
2024-10-08T23:20:00.000000 -6220.092114245 1192.578539276 2181.071934884 -2.28207119417 1.38257567510 -7.24401696180
2024-10-08T23:21:00.000000 -6342.053511739 1272.619256444 1741.554017550 -1.78168084664 1.28438398533 -7.40073175413
2024-10-08T23:22:00.000000 -6433.722838679 1346.581751502 1293.693100387 -1.27274300713 1.18005004638 -7.52200373621
2024-10-08T23:23:00.000000 -6494.660960246 1414.112509810 839.634355345 -0.75772060428 1.07007939318 -7.60724225287
2024-10-08T23:24:00.000000 -6524.577493980 1474.889180277 381.553101597 -0.23910817827 0.95500468886 -7.65603333271
2024-10-08T23:25:00.000000 -6523.332460697 1528.622144678 -78.355963878 0.28057840005 0.83538431091 -7.66814657255
2024-10-08T23:26:00.000000 -6490.936944316 1575.055976207 -537.889893379 0.79882217899 0.71179848731 -7.64353604703
2024-10-08T23:27:00.000000 -6427.552857802 1613.970628246 -994.848395353 1.31311401870 0.58484654728 -7.58233689944
2024-10-08T23:28:00.000000 -6333.492067843 1645.182565462 -1447.044754963 1.82096634711 0.45514511677 -7.48486579709
2024-10-08T23:29:00.000000 -6209.214805285 1668.545624114 -1892.316763130 2.31992520050 0.32332325663 -7.35162391361
2024-10-08T23:30:00.000000 -6055.326947745 1683.951747962 -2328.537641955 2.80759091757 0.19002102435 -7.18328865370
2024-10-08T23:31:00.000000 -5872.576584008 1691.331416926 -2753.626382340 3.28162465308 0.05588234888 -6.98070809421
2024-10-08T23:32:00.000000 -5661.849986019 1690.653808740 -3165.557902642 3.73976129138 -0.07844737498 -6.74489729871
2024-10-08T23:33:00.000000 -5424.166849354 1681.926815729 -3562.372845030 4.17982008128 -0.21232300327 -6.47703089084
2024-10-08T23:34:00.000000 -5160.674922155 1665.196971393 -3942.186952700 4.59971518214 -0.34510282177 -6.17843647361
2024-10-08T23:35:00.000000 -4872.643968915 1640.549050545 -4303.200020369 4.99746715194 -0.47615433581 -5.85058649846
2024-10-08T23:36:00.000000 -4561.459071025 1608.105454619 -4643.704260113 5.37121261857 -0.60485609546 -5.49508710526
2024-10-08T23:37:00.000000 -4228.613526511 1568.025493480 -4962.092040779 5.71920889954 -0.73059964304 -5.11366979432
2024-10-08T23:38:00.000000 -3875.701359475 1520.504534217 -5256.863134082 6.03984180421 -0.85279202164 -4.70818111500
2024-10-08T23:39:00.000000 -3504.409494519 1465.772956141 -5526.631360105 6.33163002774 -0.97085985226 -4.28057501981
2024-10-08T23:40:00.000000 -3116.509587266 1404.094898229 -5770.130803098 6.59323176173 -1.08425111998 -3.83290519258
2024-10-08T23:41:00.000000 -2713.849366099 1335.766952331 -5986.221501295 6.82345452017 -1.19243678067 -3.36731373762
2024-10-08T23:42:00.000000 -2298.343494308 1261.116648182 -6173.894260948 7.02125958208 -1.29491519770 -2.88601458697
2024-10-08T23:43:00.000000 -1871.964503096 1180.500767892 -6332.274564481 7.18575558979 -1.39121260677 -2.39128333390
2024-10-08T23:44:00.000000 -1436.733844983 1094.303662315 -6460.626320804 7.31620583825 -1.48088484487 -1.88545647070
2024-10-08T23:45:00.000000 -994.712325262 1002.935328355 -6558.354989559 7.41203515445 -1.56352093886 -1.37091279197
2024-10-08T23:46:00.000000 -547.990539129 906.829491121 -6625.009655787 7.47282403510 -1.63874118745 -0.85006018896
2024-10-08T23:47:00.000000 -98.679657010 806.441629765 -6660.284732957 7.49830735858 -1.70620040113 -0.32533441049
2024-10-08T23:48:00.000000 351.098046967 702.246876321 -6664.021460793 7.48838156790 -1.76558915597 0.20080762511
2024-10-08T23:49:00.000000 799.219108990 594.737823803 -6636.208688290 7.44310986156 -1.81663456450 0.72590645082
2024-10-08T23:50:00.000000 1243.568645521 484.422317477 -6576.982556595 7.36271431479 -1.85910184732 1.24751239382
2024-10-08T23:51:00.000000 1682.049847933 371.821100784 -6486.625686618 7.24757461883 -1.89279543362 1.76319482838
2024-10-08T23:52:00.000000 2112.593245026 257.465508783 -6365.565825216 7.09822288390 -1.91755826441 2.27054591538
2024-10-08T23:53:00.000000 2533.166143960 141.895068763 -6214.374340831 6.91535366044 -1.93327448586 2.76719064496
2024-10-08T23:54:00.000000 2941.782185467 25.655026806 -6033.763545652 6.69981428391 -1.93986919602 3.25080737387
2024-10-08T23:55:00.000000 3336.510193742 -90.706072837 -5824.583344011 6.45259647849 -1.93730710198 3.71913164124
2024-10-08T23:56:00.000000 3715.482851881 -206.638757491 -5587.817740169 6.17483824966 -1.92559318298 4.16995898949
2024-10-08T23:57:00.000000 4076.905594122 -321.595184701 -5324.580812816 5.86782491462 -1.90477715875 4.60116175335
2024-10-08T23:58:00.000000 4419.065080559 -435.031793456 -5036.111699347 5.53297804466 -1.87495133002 5.01069936122
2024-10-08T23:59:00.000000 4740.337298731 -546.411794588 -4723.769142978 5.17185227912 -1.83624945945 5.39662772372
2024-10-09T00:00:00.000000 5039.195290604 -655.207706735 -4389.025417233 4.78612732350 -1.78884787459 5.75710769125
2024-10-09T00:01:00.000000 5314.216502514 -760.903867185 -4033.459771749 4.37760238842 -1.73296400209 6.09041411841
2024-10-09T00:02:00.000000 5564.089748361 -862.998870271 -3658.751334872 3.94818950339 -1.66885561938 6.39494440803
2024-10-09T00:03:00.000000 5787.621753185 -961.007973335 -3266.671457769 3.49990530886 -1.59682006548 6.66922859116
2024-10-09T00:04:00.000000 5983.743147729 -1054.465408984 -2859.075518526 3.03486211362 -1.51719235110 6.91193709619
2024-10-09T00:05:00.000000 6151.513926780 -1142.926643222 -2437.894210498 2.55525719626 -1.43034513541 7.12189047592
2024-10-09T00:06:00.000000 6290.128113547 -1225.970555928 -2005.124399605 2.06335977495 -1.33668557773 7.29806221339
2024-10-09T00:07:00.000000 6398.917947098 -1303.201454689 -1562.819849438 1.56150644630 -1.23665423332 7.43958431693
2024-10-09T00:08:00.000000 6477.357547000 -1374.251077562 -1113.081394349 1.05208742600 -1.13072458038 7.54575656261
2024-10-09T00:09:00.000000 6525.065684685 -1438.780480402 -658.046746011 0.53753162134 -1.01939947401 7.61605018976
2024-10-09T00:10:00.000000 6541.807740499 -1496.481635919 -199.880216254 0.02029640811 -0.90320634673 7.65010767453
2024-10-09T00:11:00.000000 6527.497161087 -1547.078926463 259.237733696 -0.49714331938 -0.78269824903 7.64774878524
2024-10-09T00:12:00.000000 6482.196029727 -1590.330653086 717.121097817 -1.01230889717 -0.65845215536 7.60896901122
2024-10-09T00:13:00.000000 6406.115022715 -1626.030341814 1171.589008811 -1.52272886659 -0.53106431658 7.53394495726
2024-10-09T00:14:00.000000 6299.612420145 -1654.007717753 1620.476627103 -2.02595752106 -0.40114416007 7.42303330127
2024-10-09T00:15:00.000000 6163.192111932 -1674.129392474 2061.645699228 -2.51958789755 -0.26931200065 7.27676206477
2024-10-09T00:16:00.000000 5997.501130372 -1686.299545503 2492.994743987 -3.00125749801 -0.13619939112 7.09582993285
2024-10-09T00:17:00.000000 5803.326510584 -1690.460452069 2912.469333600 -3.46866455569 -0.00244339320 6.88110530420
2024-10-09T00:18:00.000000 5581.591302787 -1686.592633220 3318.072023700 -3.91957830087 0.13131857690 6.63361803618
2024-10-09T00:19:00.000000 5333.350075909 -1674.714842097 3707.871862281 -4.35184688196 0.26444961117 6.35455418646
2024-10-09T00:20:00.000000 5059.783887570 -1654.884015500 4080.013708216 -4.76340857114 0.39631406656 6.04525429404
2024-10-09T00:21:00.000000 4762.194356989 -1627.195081122 4432.727290566 -5.15230858654 0.52628257283 5.70720435967
2024-10-09T00:22:00.000000 4441.996999129 -1591.780399204 4764.335497070 -5.51670537657 0.65373690806 5.34202194707
2024-10-09T00:23:00.000000 4100.714365727 -1548.809034721 5073.262063927 -5.85487360157 0.77807266569 4.95145067245
2024-10-09T00:24:00.000000 3739.968804158 -1498.485813644 5358.039031672 -6.16521460901 0.89870232553 4.53735545174
2024-10-09T00:25:00.000000 3361.474500227 -1441.050289612 5617.313593644 -6.44626584857 1.01505591111 4.10170749230
2024-10-09T00:26:00.000000 2967.029256444 -1376.775638306 5849.854234236 -6.69670423803 1.12658364244 3.64657748520
2024-10-09T00:27:00.000000 2558.505902718 -1305.967304293 6054.556346688 -6.91535197022 1.23275951405 3.17412292994
2024-10-09T00:28:00.000000 2137.843525705 -1228.961606907 6230.447204022 -7.10117981520 1.33308094046 2.68658157087
2024-10-09T00:29:00.000000 1707.038275222 -1146.124145780 6376.690471614 -7.25331508611 1.42707553688 2.18625899502
2024-10-09T00:30:00.000000 1268.134025490 -1057.847963867 6492.589884324 -7.37104021317 1.51430021735 1.67551782780
2024-10-09T00:31:00.000000 823.212929514 -964.551772461 6577.592424332 -7.45379717969 1.59434337295 1.15676877941
2024-10-09T00:32:00.000000 374.385674062 -866.677949807 6631.290884346 -7.50119343085 1.66682805222 0.63245775988
2024-10-09T00:33:00.000000 -76.218261634 -764.690471476 6653.425510926 -7.51299451268 1.73141078588 0.10505506964
2024-10-09T00:34:00.000000 -526.460300958 -659.072859312 6643.885434863 -7.48913275727 1.78778451219 -0.42295031857
2024-10-09T00:35:00.000000 -974.202783825 -550.325923710 6602.709266226 -7.42970597618 1.83567989697 -0.94906627263
2024-10-09T00:36:00.000000 -1417.318841686 -438.965451494 6530.084994340 -7.33497583587 1.87486769323 -1.47080720461
2024-10-09T00:37:00.000000 -1853.702208918 -325.519752917 6426.349297306 -7.20536743811 1.90515915093 -1.98570419131
2024-10-09T00:38:00.000000 -2281.277046088 -210.527285724 6291.986227185 -7.04146990652 1.92640539446 -2.49131582299
2024-10-09T00:39:00.000000 -2698.007689191 -94.534169618 6127.625168301 -6.84403228244 1.93849991850 -2.98524051506
2024-10-09T00:40:00.000000 -3101.908154040 21.908371596 5934.038206061 -6.61396145582 1.94137916909 -3.46512517211
2024-10-09T00:41:00.000000 -3491.051535182 138.246566833 5712.136875520 -6.35231945454 1.93502169319 -3.92867571338
2024-10-09T00:42:00.000000 -3863.579298760 253.926657122 5462.968343138 -6.06032278169 1.91944980113 -4.37366790209
2024-10-09T00:43:00.000000 -4217.710366171 368.397564990 5187.710770975 -5.73933570079 1.89473050701 -4.79796119243
2024-10-09T00:44:00.000000 -4551.749789486 481.113557096 4887.667950788 -5.39086340352 1.86097463874 -5.19951035935
2024-10-09T00:45:00.000000 -4864.096953611 591.536848954 4564.263358035 -5.01654484935 1.81833652992 -5.57637138931
2024-10-09T00:46:00.000000 -5153.253678216 699.140213431 4219.033869535 -4.61815482292 1.76701331676 -5.92671280161
2024-10-09T00:47:00.000000 -5417.831817171 803.409450422 3853.622396253 -4.19758376789 1.70724186164 -6.24882986185
2024-10-09T00:48:00.000000 -5656.560214971 903.845847802 3469.770298314 -3.75683964488 1.63930219784 -6.54115092177
2024-10-09T00:49:00.000000 -5868.291131179 999.968719498 3069.308864561 -3.29802672939 1.56351409454 -6.80224788450
2024-10-09T00:50:00.000000 -6052.006041126 1091.317738823 2654.150817041 -2.82334764286 1.48023739177 -7.03083714453
2024-10-09T00:51:00.000000 -6206.821229551 1177.455417755 2226.281126675 -2.33508996362 1.38987252386 -7.22579580621
2024-10-09T00:52:00.000000 -6331.992359408 1257.969397034 1787.747179055 -1.83561016197 1.29285637050 -7.38616726037
2024-10-09T00:53:00.000000 -6426.918241539 1332.474520061 1340.648624072 -1.32732160095 1.18965814469 -7.51116629450
2024-10-09T00:54:00.000000 -6491.143937608 1400.614676096 887.126986391 -0.81268355776 1.08077600219 -7.60018287210
2024-10-09T00:55:00.000000 -6524.363127677 1462.064482418 429.355120452 -0.29418902349 0.96673672686 -7.65278348903
2024-10-09T00:56:00.000000 -6526.419765449 1516.530984951 -30.473558810 0.22564803017 0.84809327274 -7.66871671216
2024-10-09T00:57:00.000000 -6497.308964889 1563.755043840 -490.156054313 0.74430476648 0.72541909063 -7.64791471671
2024-10-09T00:58:00.000000 -6437.177163297 1603.512589585 -947.490958900 1.25926487808 0.59931117894 -7.59050021046
2024-10-09T00:59:00.000000 -6346.320766758 1635.616033348 -1400.289716185 1.76804576441 0.47038600631 -7.49677353914
2024-10-09T01:00:00.000000 -6225.184508851 1659.915081640 -1846.386975260 2.26818683023 0.33926971502 -7.36721271874
2024-10-09T01:01:00.000000 -6074.359350916 1676.297265295 -2283.651698454 2.75727962604 0.20659685531 -7.20248013066
2024-10-09T01:02:00.000000 -5894.578908098 1684.688385380 -2709.997667721 3.23297729386 0.07300826889 -7.00340723178
2024-10-09T01:03:00.000000 -5686.715489904 1685.052828648 -3123.393667434 3.69300688550 -0.06085191614 -6.77099454782
2024-10-09T01:04:00.000000 -5451.775273799 1677.393566092 -3521.873291286 4.13518019703 -0.19434158910 -6.50640065772
2024-10-09T01:05:00.000000 -5190.892953169 1661.752055590 -3903.544223020 4.55740275228 -0.32682074947 -6.21093592391
2024-10-09T01:06:00.000000 -4905.325779499 1638.207903010 -4266.597249090 4.95768694346 -0.45765880508 -5.88605749240
2024-10-09T01:07:00.000000 -4596.446918093 1606.878251802 -4609.314505805 5.33415532513 -0.58623468545 -5.53335268995
2024-10-09T01:08:00.000000 -4265.738741363 1567.917173865 -4930.077318565 5.68504796587 -0.71193944472 -5.15453923891
2024-10-09T01:09:00.000000 -3914.785390939 1521.514812359 -5227.373702944 6.00873360939 -0.83418007992 -4.75145385878
2024-10-09T01:10:00.000000 -3545.264868858 1467.896353400 -5499.805189502 6.30371594307 -0.95238200461 -4.32604211147
2024-10-09T01:11:00.000000 -3158.940740678 1407.320818945 -5746.093046733 6.56863997522 -1.06599236039 -3.88034780793
2024-10-09T01:12:00.000000 -2757.653518571 1340.079701143 -5965.083863144 6.80229685015 -1.17448213287 -3.41650284262
2024-10-09T01:13:00.000000 -2343.311708989 1266.495427227 -6155.754458044 7.00362899489 -1.27734944969 -2.93671350862
2024-10-09T01:14:00.000000 -1917.882833925 1186.919765194 -6317.215990101 7.17172672323 -1.37411783238 -2.44325170353
2024-10-09T01:15:00.000000 -1483.384312373 1101.732247166 -6448.717844000 7.30583930390 -1.46433948638 -1.93844985071
2024-10-09T01:16:00.000000 -1041.873790792 1011.338237972 -6549.650542962 7.40537323281 -1.54760155282 -1.42467830239
2024-10-09T01:17:00.000000 -595.440005078 916.166893056 -6619.548044286 7.46988835828 -1.62352306280 -0.90434757673
2024-10-09T01:18:00.000000 -146.193276791 816.669295953 -6658.089833000 7.49910481940 -1.69175454681 -0.37989666697
2024-10-09T01:19:00.000000 303.744206174 713.316444737 -6665.102370691 7.49290811855 -1.75198235322 0.14621798630
2024-10-09T01:20:00.000000 752.248260172 606.597036053 -6640.559528428 7.45134489694 -1.80393036392 0.67154023916
2024-10-09T01:21:00.000000 1197.202268397 497.015186201 -6584.582370485 7.37462062273 -1.84736028994 1.19362158031
2024-10-09T01:22:00.000000 1636.506648211 385.088207263 -6497.438427595 7.26309712497 -1.88207135666 1.71002916890
2024-10-09T01:23:00.000000 2068.088190255 271.344222461 -6379.540603724 7.11729255701 -1.90790370896 2.21835135456
2024-10-09T01:24:00.000000 2489.909601570 156.319791973 -6231.445474945 6.93788495923 -1.92473591493 2.71621462110
2024-10-09T01:25:00.000000 2899.978738651 40.557575273 -6053.850592956 6.72570018507 -1.93248632635 3.20129241605
2024-10-09T01:26:00.000000 3296.357495004 -75.396085117 -5847.591656861 6.48171391584 -1.93111405750 3.67130852609
2024-10-09T01:27:00.000000 3677.170795372 -190.993660168 -5613.639143432 6.20705179705 -1.92062066272 4.12404872318
2024-10-09T01:28:00.000000 4040.615533226 -305.689003862 -5353.094137835 5.90298578875 -1.90105067950 4.55737543293
2024-10-09T01:29:00.000000 4384.969180558 -418.939928028 -5067.183389517 5.57092830371 -1.87249133962 4.96924028949
2024-10-09T01:30:00.000000 4708.597842694 -530.210728203 -4757.253643354 5.21242057606 -1.83507157748 5.35769193351
2024-10-09T01:31:00.000000 5009.963861580 -638.974682209 -4424.765635270 4.82912769895 -1.78896141428 5.72088317095
2024-10-09T01:32:00.000000 5287.633112624 -744.716470082 -4071.287701961 4.42283582531 -1.73437126705 6.05707655442
2024-10-09T01:33:00.000000 5540.282093715 -846.934643006 -3698.488770515 3.99544396343 -1.67155271355 6.36465813968
2024-10-09T01:34:00.000000 5766.704388478 -945.143974080 -3308.130752484 3.54895555814 -1.60079437506 6.64214304481
2024-10-09T01:35:00.000000 5965.816844714 -1038.877685234 -2902.060576118 3.08547432110 -1.52242332843 6.88818424560
2024-10-09T01:36:00.000000 6136.665248177 -1127.689861216 -2482.201603578 2.60719254479 -1.43680785467 7.10158290147
2024-10-09T01:37:00.000000 6278.429180812 -1211.157789306 -2050.544376083 2.11637436432 -1.34435135365 7.28129906017
2024-10-09T01:38:00.000000 6390.425961137 -1288.883852586 -1609.137182985 1.61534771742 -1.24548753514 7.42644755690
2024-10-09T01:39:00.000000 6472.114464594 -1360.497482865 -1160.076512053 1.10650016731 -1.14068411288 7.53630970286
2024-10-09T01:40:00.000000 6523.098090360 -1425.657079277 -705.496787393 0.59225915842 -1.03043830252 7.61033923684
2024-10-09T01:41:00.000000 6543.126804733 -1484.051699220 -247.560027740 0.07508076887 -0.91527426958 7.64816322548
2024-10-09T01:42:00.000000 6532.098493337 -1535.402592444 211.554592364 -0.44256197069 -0.79574106661 7.64958277180
2024-10-09T01:43:00.000000 6490.059669709 -1579.464664460 669.661259054 -0.95818988229 -0.67241024828 7.61457604596
2024-10-09T01:44:00.000000 6417.205482751 -1616.027631156 1124.578209601 -1.46932950914 -0.54587050262 7.54330021057
2024-10-09T01:45:00.000000 6313.878942604 -1644.917044564 1574.138600070 -1.97353000450 -0.41672709195 7.43609543778
2024-10-09T01:46:00.000000 6180.568918254 -1665.995140060 2016.201175132 -2.46838019954 -0.28559679439 7.29347235767
2024-10-09T01:47:00.000000 6017.907677982 -1679.161424943 2448.660444893 -2.95151414602 -0.15310526776 7.11611275766
2024-10-09T01:48:00.000000 5826.667803157 -1684.353272238 2869.456850924 -3.42062151655 -0.01988861295 6.90486613486
2024-10-09T01:49:00.000000 5607.758450494 -1681.546288545 3276.586852172 -3.87346371603 0.11341652681 6.66074803770
2024-10-09T01:50:00.000000 5362.220696999 -1670.754226247 3668.112470252 -4.30788183714 0.24617486197 6.38492790588
2024-10-09T01:51:00.000000 5091.222601490 -1652.028913480 4042.170552953 -4.72180500866 0.37775298895 6.07873026161
2024-10-09T01:52:00.000000 4796.053373668 -1625.460028103 4396.981863561 -5.11326799906 0.50752348803 5.74362501046
2024-10-09T01:53:00.000000 4478.116828012 -1591.174575688 4730.859333594 -5.48041523248 0.63487031932 5.38121322023
2024-10-09T01:54:00.000000 4138.924793588 -1549.336148617 5042.215895863 -5.82150464249 0.75918976548 4.99322771389
2024-10-09T01:55:00.000000 3780.089732111 -1500.144129129 5329.572196770 -6.13492538264 0.87989350574 4.58152264395
2024-10-09T01:56:00.000000 3403.316756908 -1443.832664656 5591.563387574 -6.41920042220 0.99641112205 4.14805964222
2024-10-09T01:57:00.000000 3010.395412080 -1380.669534474 5826.945337117 -6.67299362334 1.10819246832 3.69489861393
2024-10-09T01:58:00.000000 2603.191131147 -1310.954862297 6034.600149251 -6.89511138204 1.21470995604 3.22418690472
2024-10-09T01:59:00.000000 2183.636524163 -1235.019682694 6213.541307333 -7.08451046544 1.31546127139 2.73815420835
2024-10-09T02:00:00.000000 1753.722123381 -1153.224336033 6362.918060110 -7.24030207696 1.40997212532 2.23909386111
2024-10-09T02:01:00.000000 1315.487296285 -1065.956808263 6482.019050157 -7.36174804973 1.49779498643 1.72935944681
2024-10-09T02:02:00.000000 871.010905196 -973.631042326 6570.275862969 -7.44827218451 1.57851389733 1.21135945748
2024-10-09T02:03:00.000000 422.401424118 -876.684837302 6627.265704183 -7.49946206201 1.65174900968 0.68753653196
2024-10-09T02:04:00.000000 -28.212717042 -775.577790365 6652.713193666 -7.51506625981 1.71715386289 0.16036136739
2024-10-09T02:05:00.000000 -478.693000123 -670.789223986 6646.491765987 -7.49499963561 1.77441747391 -0.36767867144
2024-10-09T02:06:00.000000 -926.900746316 -562.816011936 6608.624327865 -7.43934226662 1.82326649997 -0.89409022145
2024-10-09T02:07:00.000000 -1370.707058422 -452.170229807 6539.283237432 -7.34833942108 1.86346753960 -1.41638727723
2024-10-09T02:08:00.000000 -1808.002594299 -339.376774046 6438.789596474 -7.22239808525 1.89482653012 -1.93209816269
2024-10-09T02:09:00.000000 -2236.707409102 -224.971000712 6307.612125792 -7.06209110842 1.91718925520 -2.43877703741
2024-10-09T02:10:00.000000 -2654.780767229 -109.496259681 6146.365135616 -6.86815132630 1.93044351777 -2.93401815258
2024-10-09T02:11:00.000000 -3060.230629796 6.498624706 5955.805950835 -6.64147014129 1.93451953116 -3.41546134664
2024-10-09T02:12:00.000000 -3451.123247772 122.461987373 5736.831695073 -6.38309662199 1.92939194029 -3.88081055070
2024-10-09T02:13:00.000000 -3825.592167773 237.841872626 5490.475209396 -6.09422564749 1.91507673517 -4.32783620794
2024-10-09T02:14:00.000000 -4181.847260733 352.088638715 5217.900918187 -5.77620605333 1.89163500845 -4.75438675529
2024-10-09T02:15:00.000000 -4518.183630974 464.657575224 4920.399492567 -5.43052806037 1.85916991857 -5.15840575732
2024-10-09T02:16:00.000000 -4832.989941628 575.011487437 4599.382060040 -5.05881987552 1.81782910367 -5.53793699112
2024-10-09T02:17:00.000000 -5124.756473723 682.623328954 4256.373733418 -4.66283875496 1.76780281614 -5.89113829645
2024-10-09T02:18:00.000000 -5392.082673338 786.978751483 3893.006553351 -4.24446545028 1.70932422433 -6.21628968152
2024-10-09T02:19:00.000000 -5633.684306002 887.578667818 3511.011793458 -3.80569460905 1.64266863810 -6.51180473978
2024-10-09T02:20:00.000000 -5848.399975374 983.941747610 3112.211694410 -3.34862432775 1.56815227965 -6.77623912655
2024-10-09T02:21:00.000000 -6035.197013814 1075.606791804 2698.510729970 -2.87544617622 1.48612967686 -7.00829714316
2024-10-09T02:22:00.000000 -6193.176835626 1162.135003045 2271.886465803 -2.38843647242 1.39699297449 -7.20683939830
2024-10-09T02:23:00.000000 -6321.579697348 1243.112197566 1834.379906078 -1.88994401779 1.30116986820 -7.37089200280
2024-10-09T02:24:00.000000 -6419.788570488 1318.150867936 1388.085446805 -1.38237595012 1.19912187959 -7.49964938313
2024-10-09T02:25:00.000000 -6487.332404964 1386.892183032 935.140627368 -0.86818874218 1.09134285518 -7.59248027143
2024-10-09T02:26:00.000000 -6523.888655123 1449.007830470 477.715496717 -0.34987374596 0.97835558600 -7.64893309062
2024-10-09T02:27:00.000000 -6529.284917530 1504.201636422 18.001768443 0.17005756591 0.86070840124 -7.66873648045
2024-10-09T02:28:00.000000 -6503.499901016 1552.211087746 -441.797987712 0.68908128063 0.73897431841 -7.65180165956
2024-10-09T02:29:00.000000 -6446.663681207 1592.808647046 -899.481533071 1.20467941461 0.61374537930 -7.59822763507
2024-10-09T02:30:00.000000 -6359.056945550 1625.802815760 -1352.858109545 1.71435129032 0.48563089015 -7.50830041753
2024-10-09T02:31:00.000000 -6241.109163524 1651.039056034 -1799.759783732 2.21564191621 0.35525197953 -7.38248908476
2024-10-09T02:32:00.000000 -6093.395811907 1668.400379899 -2238.051818515 2.70614002494 0.22323958246 -7.22143404343
2024-10-09T02:33:00.000000 -5916.635255564 1677.807898400 -2665.643113921 3.18349569351 0.09023186873 -7.02594684266
2024-10-09T02:34:00.000000 -5711.684878198 1679.221125443 -3080.496234621 3.64542665858 -0.04312971421 -6.79700499707
2024-10-09T02:35:00.000000 -5479.536611236 1672.638080765 -3480.637340986 4.08973289179 -0.17620412343 -6.53574960803
2024-10-09T02:36:00.000000 -5221.311621747 1658.095102051 -3864.165726677 4.51430826591 -0.30835514568 -6.24347594091
2024-10-09T02:37:00.000000 -4938.254327699 1635.666531328 -4229.262769119 4.91715164735 -0.43895307219 -5.92162257504
2024-10-09T02:38:00.000000 -4631.726008134 1605.464203393 -4574.200250790 5.29636988980 -0.56737794808 -5.57176427014
2024-10-09T02:39:00.000000 -4303.198008071 1567.636802225 -4897.348400049 5.65018903176 -0.69302209172 -5.19560589847
2024-10-09T02:40:00.000000 -3954.244337487 1522.369027386 -5197.183376511 5.97696200432 -0.81529306713 -4.79497218803
2024-10-09T02:41:00.000000 -3586.533830638 1469.880601219 -5472.294198486 6.27517645374 -0.93361636333 -4.37179855463
2024-10-09T02:42:00.000000 -3201.821861171 1410.425114589 -5721.389043052 6.54346087310 -1.04743792220 -3.92811985084
2024-10-09T02:43:00.000000 -2801.941727268 1344.288709296 -5943.300909599 6.78059041914 -1.15622748083 -3.46606003296
2024-10-09T02:44:00.000000 -2388.795689001 1271.788548124 -6136.992544616 6.98549092391 -1.25948125127 -2.98781742244
2024-10-09T02:45:00.000000 -1964.346003462 1193.271261820 -6301.560595258 7.15723705556 -1.35672086492 -2.49565655497
2024-10-09T02:46:00.000000 -1530.605890538 1109.111335538 -6436.239450625 7.29505622338 -1.44749704189 -1.99190330098
2024-10-09T02:47:00.000000 -1089.630145065 1019.709243954 -6540.404631384 7.39833643246 -1.53139291346 -1.47893300514
2024-10-09T02:48:00.000000 -643.505443830 925.489525224 -6613.575177996 7.46662536209 -1.60802274885 -0.95915223549
2024-10-09T02:49:00.000000 -194.340952990 826.898953525 -6655.415410706 7.49962734521 -1.67703200259 -0.43499741278
2024-10-09T02:50:00.000000 255.741370698 724.404443200 -6665.736452767 7.49721141614 -1.73810461786 0.09107800512
2024-10-09T02:51:00.000000 704.616554325 618.490715813 -6644.496743912 7.45940739402 -1.79096244748 0.61661891737
2024-10-09T02:52:00.000000 1150.166127195 509.658147679 -6591.801885947 7.38640237994 -1.83536179075 1.13917524652
2024-10-09T02:53:00.000000 1590.287659361 398.420586380 -6507.904114324 7.27854333249 -1.87109813846 1.65631229624
2024-10-09T02:54:00.000000 2022.904148353 285.302951596 -6393.201032993 7.13633057182 -1.89800672464 2.16561918442
2024-10-09T02:55:00.000000 2445.973294089 170.838894964 -6248.234054929 6.96042131189 -1.91596080154 2.66471563543
2024-10-09T02:56:00.000000 2857.496902666 55.568548668 -6073.686079468 6.75162681096 -1.92487160082 3.15126741137
2024-10-09T02:57:00.000000 3255.529935507 -59.963878937 -5870.378615128 6.51090877775 -1.92469311714 3.62298902519
2024-10-09T02:58:00.000000 3638.189669418 -175.212801633 -5639.268441338 6.23938102528 -1.91542472505 4.07766077602
2024-10-09T02:59:00.000000 4003.664501183 -289.633828520 -5381.443240581 5.93829997517 -1.89710678745 4.51313968056
2024-10-09T03:00:00.000000 4350.222397125 -402.686209466 -5098.116729111 5.60905992010 -1.86981996678 4.92736922134
2024-10-09T03:01:00.000000 4676.218927568 -513.835248138 -4790.623243102 5.25318592038 -1.83368554306 5.31838651781
2024-10-09T03:02:00.000000 4980.105006992 -622.554707901 -4460.411919423 4.87233097632 -1.78886423752 5.68432889481
2024-10-09T03:03:00.000000 5260.434494074 -728.329254122 -4109.040390758 4.46827228311 -1.73555917703 6.02344475963
2024-10-09T03:04:00.000000 5515.871360932 -830.657001638 -3738.167740521 4.04290124905 -1.67401517308 6.33410532071
2024-10-09T03:05:00.000000 5745.196268716 -929.051989552 -3349.546907389 3.59821451201 -1.60451812931 6.61481264422
2024-10-09T03:06:00.000000 5947.312564564 -1023.046585012 -2945.016579105 3.13630381670 -1.52739272229 6.86420714855
2024-10-09T03:07:00.000000 6121.251799594 -1112.193740575 -2526.492663537 2.65934940528 -1.44299964455 7.08107610230
2024-10-09T03:08:00.000000 6266.178742511 -1196.069069185 -2095.959243660 2.16960972425 -1.35173398596 7.26436058968
2024-10-09T03:09:00.000000 6381.395696847 -1274.272885319 -1655.459165391 1.66940815816 -1.25402282108 7.41316154665
2024-10-09T03:10:00.000000 6466.346001954 -1346.432131302 -1207.084445033 1.16112249979 -1.15032915074 7.52673916748
2024-10-09T03:11:00.000000 6520.617255483 -1412.202698052 -752.966373003 0.64718065702 -1.04115172802 7.60452727240
2024-10-09T03:12:00.000000 6543.943659515 -1471.271008849 -295.264838004 0.13003799331 -0.92700849164 7.64613774676
2024-10-09T03:13:00.000000 6536.207182129 -1523.355165894 163.842111218 -0.38783534452 -0.80843884511 7.65135180513
2024-10-09T03:14:00.000000 6497.438505648 -1568.206508642 622.168499326 -0.90395535669 -0.68601158999 7.62012795649
2024-10-09T03:15:00.000000 6427.817015786 -1605.611150159 1077.531355955 -1.41585139985 -0.56031464964 7.55260462522
2024-10-09T03:16:00.000000 6327.669994581 -1635.390913375 1527.761303727 -1.92106635874 -0.43195014687 7.44909950950
2024-10-09T03:17:00.000000 6197.471090903 -1657.404027493 1970.713412933 -2.41718038105 -0.30152920184 7.31010615580
2024-10-09T03:18:00.000000 6037.837977256 -1671.545753566 2404.277520641 -2.90181539955 -0.16967519879 7.13629217717
2024-10-09T03:19:00.000000 5849.529158192 -1677.748982917 2826.388675014 -3.37265677447 -0.03701789227 6.92849371845
2024-10-09T03:20:00.000000 5633.440038636 -1675.984503414 3235.036926016 -3.82745709242 0.09580919521 6.68770849927
2024-10-09T03:21:00.000000 5390.598551379 -1666.261182056 3628.276985692 -4.26404813495 0.22817130046 6.41509283719
2024-10-09T03:22:00.000000 5122.160103912 -1648.625872831 4004.237518216 -4.68035044579 0.35943732195 6.11195467770
2024-10-09T03:23:00.000000 4829.401935489 -1623.163135573 4361.130101637 -5.07438467435 0.48898207689 5.77974883160
2024-10-09T03:24:00.000000 4513.716732207 -1589.994775252 4697.257771868 -5.44428330986 0.61618956285 5.42006689052
2024-10-09T03:25:00.000000 4176.605740443 -1549.279235055 5011.022885853 -5.78829584410 0.74045528704 5.03462685564
2024-10-09T03:26:00.000000 3819.671595272 -1501.210757285 5300.934556284 -6.10479478582 0.86119077872 4.62526867889
2024-10-09T03:27:00.000000 3444.610581140 -1446.018368529 5565.615755150 -6.39228767212 0.97782564191 4.19394522594
2024-10-09T03:28:00.000000 3053.204321081 -1383.964688240 5803.809656272 -6.64942306220 1.08981084771 3.74270835006
2024-10-09T03:29:00.000000 2647.311181762 -1315.344603107 6014.385221432 -6.87499486547 1.19662002975 3.27369715592
2024-10-09T03:30:00.000000 2228.857517131 -1240.483884275 6196.342119178 -7.06794281427 1.29775010264 2.78912874647
2024-10-09T03:31:00.000000 1799.828789801 -1159.737725773 6348.815282198 -7.22735855853 1.39272437105 2.29129273154
2024-10-09T03:32:00.000000 1362.260311557 -1073.489057346 6471.078838041 -7.35248869784 1.48109481662 1.78253810215
2024-10-09T03:33:00.000000 918.227833211 -982.146786496 6562.549465068 -7.44273966008 1.56244442260 1.26526536814
2024-10-09T03:34:00.000000 469.837894365 -886.143847405 6622.789131410 -7.49767923304 1.63638906847 0.74191590435
2024-10-09T03:35:00.000000 19.217990227 -785.935244741 6651.507201050 -7.51704088303 1.70257757730 0.21495848702
2024-10-09T03:36:00.000000 -431.493268320 -681.995996037 6648.561718042 -7.50072099146 1.76069451422 -0.31312024059
2024-10-09T03:37:00.000000 -880.156059975 -574.818899686 6613.960239497 -7.44878312029 1.81046287069 -0.83982591852
2024-10-09T03:38:00.000000 -1324.639329846 -464.912218378 6547.859829360 -7.36145504298 1.85164422915 -1.36267089191
2024-10-09T03:39:00.000000 -1762.830571387 -352.797330117 6450.566452139 -7.23912785049 1.88404002401 -1.87918070037
2024-10-09T03:40:00.000000 -2192.645717914 -239.006314598 6322.533844753 -7.08235808405 1.90749227540 -2.38690694272
2024-10-09T03:41:00.000000 -2612.038876523 -124.079490624 6164.361538013 -6.89186064557 1.92188419564 -2.88343855615
2024-10-09T03:42:00.000000 -3019.011870024 -8.562952996 5976.792500059 -6.66851221454 1.92714050400 -3.36640815916
2024-10-09T03:43:00.000000 -3411.623923283 106.993994618 5760.709945045 -6.41334760774 1.92322942475 -3.83351078893
2024-10-09T03:44:00.000000 -3788.000832820 222.041417910 5517.133302418 -6.12755057957 1.91016192642 -4.28251132524
2024-10-09T03:45:00.000000 -4146.343873845 336.031387027 5247.213801349 -5.81245233633 1.88799375159 -4.71125380851
2024-10-09T03:46:00.000000 -4484.938501445 448.420561152 4952.229456020 -5.46952826656 1.85682176976 -5.11766933676
2024-10-09T03:47:00.000000 -4802.162997236 558.672707214 4633.579426107 -5.10039529601 1.81678668856 -5.49979129735
2024-10-09T03:48:00.000000 -5096.496659665 666.261393812 4292.777453183 -4.70680185810 1.76807438244 -5.85577001994
2024-10-09T03:49:00.000000 -5366.527157941 770.672595110 3931.444482220 -4.29060940816 1.71091170485 -6.18387968046
2024-10-09T03:50:00.000000 -5610.957258011 871.407136856 3551.301476108 -3.85379412528 1.64556711592 -6.48251465013
2024-10-09T03:51:00.000000 -5828.611704591 967.983128605 3154.161704407 -3.39844519579 1.57234797179 -6.75020565477
2024-10-09T03:52:00.000000 -6018.443875205 1059.938337812 2741.922043922 -2.92675781625 1.49160214212 -6.98564035192
2024-10-09T03:53:00.000000 -6179.541151212 1146.832514408 2316.553017899 -2.44099889512 1.40371412105 -7.18767193907
2024-10-09T03:54:00.000000 -6311.129122863 1228.249617716 1880.089467437 -1.94351079747 1.30910650729 -7.35530670617
2024-10-09T03:55:00.000000 -6412.575913418 1303.800025222 1434.620658790 -1.43669766599 1.20823637411 -7.48772491205
2024-10-09T03:56:00.000000 -6483.395336988 1373.122463741 982.279852311 -0.92301032755 1.10159122863 -7.58428031095
2024-10-09T03:57:00.000000 -6523.249377052 1435.885764409 525.233794957 -0.40493522902 0.98968661743 -7.64450303644
2024-10-09T03:58:00.000000 -6531.950075658 1491.790527533 65.672053471 0.11501406734 0.87306643648 -7.66810381434
2024-10-09T03:59:00.000000 -6509.460632207 1540.570822164 -394.204065526 0.63431653913 0.75230107656 -7.65498072781
2024-10-09T04:00:00.000000 -6455.895290361 1581.995519734 -852.192658576 1.15045968191 0.62797941103 -7.60521502003
2024-10-09T04:01:00.000000 -6371.518554731 1615.869304641 -1306.102161155 1.66094962967 0.50070576696 -7.51907000538
2024-10-09T04:02:00.000000 -6256.743658717 1642.033486966 -1753.762223735 2.16332486661 0.37109624799 -7.39698899616
2024-10-09T04:03:00.000000 -6112.130248681 1660.366659346 -2193.034390119 2.65516814875 0.23977723525 -7.23959129720
2024-10-09T04:04:00.000000 -5938.381374204 1670.785244345 -2621.822583649 3.13411898875 0.10738278396 -7.04766940990
2024-10-09T04:05:00.000000 -5736.339713793 1673.243837278 -3038.083341152 3.59788539189 -0.02544946479 -6.82218405635
2024-10-09T04:06:00.000000 -5506.983087404 1667.735304914 -3439.835767843 4.04425683015 -0.15808199655 -6.56425868454
2024-10-09T04:07:00.000000 -5251.419236876 1654.290690148 -3825.171039388 4.47111454657 -0.28988011199 -6.27517107456
2024-10-09T04:08:00.000000 -4970.880029096 1632.978958019 -4192.261470569 4.87644163366 -0.42021522933 -5.95634676059
2024-10-09T04:09:00.000000 -4666.715039524 1603.906508100 -4539.369103044 5.25833271037 -0.54846841026 -5.60934938314
2024-10-09T04:10:00.000000 -4340.384634449 1567.216556538 -4864.853715222 5.61500152523 -0.67403173964 -5.23587189265
2024-10-09T04:11:00.000000 -3993.452575002 1523.088367810 -5167.180308369 5.94478888704 -0.79631222240 -4.83772698160
2024-10-09T04:12:00.000000 -3627.578219435 1471.736259713 -5444.925988984 6.24616823909 -0.91473495042 -4.41683742073
2024-10-09T04:13:00.000000 -3244.508384145 1413.408405632 -5696.786361269 6.51775259831 -1.02874681473 -3.97522872779
2024-10-09T04:14:00.000000 -2846.068727835 1348.385503875 -5921.581272671 6.75830104494 -1.13781637158 -3.51501460490
2024-10-09T04:15:00.000000 -2434.154893914 1276.979451734 -6118.259802407 6.96672266544 -1.24143633627 -3.03838706432
2024-10-09T04:16:00.000000 -2010.723454484 1199.531748658 -6285.904570260 7.14207692151 -1.33912690717 -2.54760399592
2024-10-09T04:17:00.000000 -1577.782905338 1116.411875834 -6423.735518313 7.28357469129 -1.43043604087 -2.04498450851
2024-10-09T04:18:00.000000 -1137.384276175 1028.015446593 -6531.113329573 7.39058820536 -1.51494497468 -1.53289699576
2024-10-09T04:19:00.000000 -691.611547801 934.762271199 -6607.541839937 7.46264583659 -1.59226533891 -1.01374461900
2024-10-09T04:20:00.000000 -242.572231904 837.094541699 -6652.670045431 7.49943607963 -1.66204016768 -0.48996105850
2024-10-09T04:21:00.000000 207.612377734 735.474786648 -6666.293575913 7.50081143295 -1.72394946357 0.03600232328
2024-10-09T04:22:00.000000 656.816962347 630.383602033 -6648.355215890 7.46678324132 -1.77771010407 0.56169293287
2024-10-09T04:23:00.000000 1102.921594187 522.317528821 -6598.944935284 7.39752165205 -1.82307434743 1.08465870571
2024-10-09T04:24:00.000000 1543.821371729 411.786810144 -6518.299380815 7.29335562518 -1.85983324755 1.60246483805
2024-10-09T04:25:00.000000 1977.435683671 299.313126956 -6406.800633024 7.15476581814 -1.88781418065 2.11269759584
2024-10-09T04:26:00.000000 2401.717501571 185.427331542 -6264.974948076 6.98239273252 -1.90688536449 2.61296808153
2024-10-09T04:27:00.000000 2814.663013444 70.666882908 -6093.490594563 6.77703475072 -1.91695790443 3.10093399098
2024-10-09T04:28:00.000000 3214.320838768 -44.426645097 -5893.154715552 6.53964005668 -1.91798320184 3.57430958841
2024-10-09T04:29:00.000000 3598.800878512 -159.309956146 -5664.909760635 6.27130302436 -1.90995256753 4.03087170785
2024-10-09T04:30:00.000000 3966.283025447 -273.440446194 -5409.829465177 5.97326186344 -1.89289799694 4.46846888668
2024-10-09T04:31:00.000000 4315.025698722 -386.278688631 -5129.114230635 5.64689498160 -1.86689345549 4.88503236767
2024-10-09T04:32:00.000000 4643.374066220 -497.290946047 -4824.085844547 5.29371460844 -1.83205457112 5.27858599414
2024-10-09T04:33:00.000000 4949.767934713 -605.951669701 -4496.181681123 4.91536242635 -1.78853867615 5.64725492909
2024-10-09T04:34:00.000000 5232.749321749 -711.745986679 -4146.948273178 4.51360232523 -1.73654410992 5.98927683159
2024-10-09T04:35:00.000000 5490.969566081 -814.172136596 -3778.034327534 4.09031338212 -1.67630951673 6.30300980627
2024-10-09T04:36:00.000000 5723.195993439 -912.743860703 -3391.183195628 3.64748091431 -1.60811282905 6.58694237698
2024-10-09T04:37:00.000000 5928.317981248 -1006.992742024 -2988.224843878 3.18718676148 -1.53227070611 6.83969963422
2024-10-09T04:38:00.000000 6105.352557672 -1096.470498068 -2571.067476116 2.71160297740 -1.44913739739 7.06005018816
2024-10-09T04:39:00.000000 6253.449557594 -1180.751187291 -2141.688615274 2.22298232815 -1.35910310625 7.24691640740
2024-10-09T04:40:00.000000 6371.896055177 -1259.433313789 -1702.125649521 1.72364447193 -1.26259200325 7.39938094298
2024-10-09T04:41:00.000000 6460.120047081 -1332.141786001 -1254.466122309 1.21596579296 -1.16005985605 7.51669022676
2024-10-09T04:42:00.000000 6517.693538338 -1398.529778249 -800.837701774 0.70236754593 -1.05199267514 7.59826123043
2024-10-09T04:43:00.000000 6544.334797073 -1458.280450011 -343.397870190 0.18530222379 -0.93890348008 7.64368327459
2024-10-09T04:44:00.000000 6539.909927529 -1511.108503776 115.676477863 -0.33275677375 -0.82133045144 7.65272061375
2024-10-09T04:45:00.000000 6504.433727629 -1556.761637108 574.199628432 -0.84932876780 -0.69983473059 7.62531514743
2024-10-09T04:46:00.000000 6438.069727356 -1595.021824029 1029.987714568 -1.36193871864 -0.57499721200 7.56158653819
2024-10-09T04:47:00.000000 6341.129488406 -1625.706410894 1480.869380567 -1.86812938681 -0.44741554883 7.46183215252
2024-10-09T04:48:00.000000 6214.071142759 -1648.669027220 1924.696417269 -2.36547446458 -0.31770104407 7.32652587440
2024-10-09T04:49:00.000000 6057.497138893 -1663.800288871 2359.354297078 -2.85159210440 -0.18647450523 7.15631576088
2024-10-09T04:50:00.000000 5872.151180356 -1671.028304647 2782.772455444 -3.32415750291 -0.05436490302 6.95201847271
2024-10-09T04:51:00.000000 5658.914486067 -1670.319076675 3192.934291974 -3.78091309106 0.07799473673 6.71461549740
2024-10-09T04:52:00.000000 5418.801452236 -1661.676583754 3587.886945595 -4.21967966217 0.20997217535 6.44524905448
2024-10-09T04:53:00.000000 5152.954529611 -1645.142623950 3965.750681802 -4.63836926725 0.34093932164 6.14521257352
2024-10-09T04:54:00.000000 4862.638566687 -1620.796541309 4324.727711402 -5.03499118470 0.47027292839 5.81594360707
2024-10-09T04:55:00.000000 4549.234673932 -1588.754859504 4663.110699777 -5.40766250572 0.59735758160 5.45901819628
2024-10-09T04:56:00.000000 4214.233534528 -1549.170701579 4979.290836995 -5.75461483377 0.72158917791 5.07614420296
2024-10-09T04:57:00.000000 3859.228149044 -1502.233032993 5271.765607419 -6.07420875656 0.84237764935 4.66915380666
2024-10-09T04:58:00.000000 3485.905857455 -1448.165693650 5539.145691271 -6.36493866638 0.95915133485 4.23998669187
2024-10-09T04:59:00.000000 3096.040240952 -1387.226201395 5780.161232788 -6.62543678610 1.07135932398 3.79068377541
2024-10-09T05:00:00.000000 2691.482651827 -1319.704469480 5993.667602815 -6.85447924500 1.17847346674 3.32337637322
2024-10-09T05:01:00.000000 2274.153509469 -1245.921325467 6178.650488928 -7.05098793043 1.27999145060 2.84027602528
2024-10-09T05:02:00.000000 1846.033406888 -1166.226968839 6334.230534967 -7.21403658763 1.37543668358 2.34366825250
2024-10-09T05:03:00.000000 1409.153784758 -1080.999369888 6459.667450068 -7.34285723278 1.46436060679 1.83590064238
2024-10-09T05:04:00.000000 965.587361517 -990.642523916 6554.363321606 -7.43684216319 1.54634413493 1.31936966444
2024-10-09T05:05:00.000000 517.438491645 -895.584667197 6617.865197384 -7.49554407710 1.62099916619 0.79650920554
2024-10-09T05:06:00.000000 66.833580639 -796.276288604 6649.867127700 -7.51867610506 1.68797209210 0.26978453370
2024-10-09T05:07:00.000000 -384.088717613 -693.188061275 6650.211787374 -7.50611757809 1.74694405337 -0.25831766928
2024-10-09T05:08:00.000000 -833.187532015 -586.808672702 6618.891324986 -7.45791463513 1.79763374417 -0.78530409228
2024-10-09T05:09:00.000000 -1278.329670826 -477.642549222 6556.047416629 -7.37427707227 1.83979784911 -1.30868483596
2024-10-09T05:10:00.000000 -1717.399497299 -366.207544919 6461.970841558 -7.25558089630 1.87323272838 -1.82598176650
2024-10-09T05:11:00.000000 -2148.308908495 -253.032468395 6337.100305147 -7.10236639290 1.89777655494 -2.33474478533
2024-10-09T05:12:00.000000 -2569.006952908 -138.654641905 6182.020473894 -6.91533174605 1.91330762409 -2.83255888816
2024-10-09T05:13:00.000000 -2977.489403405 -23.617432499 5997.459687619 -6.69533660833 1.91974609971 -3.31705255230
2024-10-09T05:14:00.000000 -3371.808385772 91.532247805 5784.286887789 -6.44339864133 1.91705397844 -3.78591252860
2024-10-09T05:15:00.000000 -3750.081694573 206.246514029 5543.507776313 -6.16068815768 1.90523667087 -4.23689543820
2024-10-09T05:16:00.000000 -4110.501758850 319.979077358 5276.260352733 -5.84852235757 1.88434235325 -4.66783550195
2024-10-09T05:17:00.000000 -4451.344432343 432.187874059 4983.809965042 -5.50836388112 1.85446324692 -5.07665630056
2024-10-09T05:18:00.000000 -4770.977547009 542.337634935 4667.543566680 -5.14181563582 1.81573400795 -5.46138300034
2024-10-09T05:19:00.000000 -5067.868985105 649.902475483 4328.963146346 -4.75060579874 1.76833236156 -5.82015578371
2024-10-09T05:20:00.000000 -5340.593988943 754.368435612 3969.678971926 -4.33658642512 1.71247738882 -6.15122761209
2024-10-09T05:21:00.000000 -5587.842510783 855.235832638 3591.402493912 -3.90172947354 1.64842842970 -6.45297214403
2024-10-09T05:22:00.000000 -5808.426456977 952.022191445 3195.938406042 -3.44812136884 1.57649695848 -6.72391658596
2024-10-09T05:23:00.000000 -6001.285378687 1044.264553473 2785.175044856 -2.97793163848 1.49702144438 -6.96273892331
2024-10-09T05:24:00.000000 -6165.491834032 1131.521450362 2361.075805848 -2.49342364987 1.41038142232 -7.16826348480
2024-10-09T05:25:00.000000 -6300.256649058 1213.375366282 1925.669644467 -1.99693916671 1.31699464192 -7.33948288519
2024-10-09T05:26:00.000000 -6404.932958202 1289.434878368 1481.040764665 -1.49087737299 1.21731236102 -7.47556270848
2024-10-09T05:27:00.000000 -6479.019280500 1359.336541409 1029.318280355 -0.97768425373 1.11181569592 -7.57584048361
2024-10-09T05:28:00.000000 -6522.162097233 1422.746663514 572.665766709 -0.45984326876 1.00101494618 -7.63983115724
2024-10-09T05:29:00.000000 -6534.157635132 1479.362959463 113.270523621 0.06013911259 0.88544619215 -7.66722885765
2024-10-09T05:30:00.000000 -6514.952962187 1528.916024814 -346.667253848 0.57974378261 0.76566911477 -7.65791058104
2024-10-09T05:31:00.000000 -6464.646237183 1571.170706306 -804.945521339 1.09645622640 0.64226525846 -7.61193711841
2024-10-09T05:32:00.000000 -6383.486012643 1605.927288997 -1259.371325702 1.60777975019 0.51583349330 -7.52955050300
2024-10-09T05:33:00.000000 -6271.869826018 1633.022403922 -1707.771637222 2.11124672075 0.38698605738 -7.41117264418
2024-10-09T05:34:00.000000 -6130.342089541 1652.329775988 -2148.004115372 2.60443142908 0.25634686085 -7.25740420740
2024-10-09T05:35:00.000000 -5959.591142219 1663.760827517 -2577.967718409 3.08496398921 0.12454788794 -7.06902034451
2024-10-09T05:36:00.000000 -5760.445532598 1667.265059694 -2995.613061857 3.55054328287 -0.00777426478 -6.84696710361
2024-10-09T05:37:00.000000 -5533.869434675 1662.830191945 -3398.952438139 3.99895120050 -0.13998264700 -6.59235230411
2024-10-09T05:38:00.000000 -5280.957460519 1650.482114261 -3786.069237243 4.42805885157 -0.27144269875 -6.30643749067
2024-10-09T05:39:00.000000 -5002.929034930 1630.284590662 -4155.127068528 4.83583720344 -0.40152689432 -5.99063392892
2024-10-09T05:40:00.000000 -4701.121976555 1602.338781232 -4504.378456429 5.22037039946 -0.52961679234 -5.64649193727
2024-10-09T05:41:00.000000 -4376.985540151 1566.782593212 -4832.172811393 5.57986004152 -0.65510629168 -5.27568955597
2024-10-09T05:42:00.000000 -4032.073234694 1523.789882921 -5136.963930016 5.91263108231 -0.77740351087 -4.88002735110
2024-10-09T05:43:00.000000 -3668.035082466 1473.569533876 -5417.317100662 6.21714306966 -0.89593329504 -4.46141878050
2024-10-09T05:44:00.000000 -3286.609375023 1416.364350239 -5671.915472709 6.49199456024 -1.01014073224 -4.02187773161
2024-10-09T05:45:00.000000 -2889.614162456 1352.449746323 -5899.565820922 6.73592961110 -1.11949397022 -3.56350892059
2024-10-09T05:46:00.000000 -2478.938393174 1282.132314198 -6099.203594034 6.94784098883 -1.22348606871 -3.08849483766
2024-10-09T05:47:00.000000 -2056.532993973 1205.748286251 -6269.897278580 7.12677013124 -1.32163553069 -2.59908676797
2024-10-09T05:48:00.000000 -1624.401796766 1123.662052224 -6410.852359156 7.27191349331 -1.41348603115 -2.09759797031
2024-10-09T05:49:00.000000 -1184.592135603 1036.264455741 -6521.414644839 7.38262403182 -1.49861297000 -1.58639110911
2024-10-09T05:50:00.000000 -739.185448228 943.970801542 -6601.072982873 7.45841319543 -1.57662569203 -1.06786947893
2024-10-09T05:51:00.000000 -290.287629753 847.218849391 -6649.461281124 7.49895411731 -1.64716579313 -0.54446347835
2024-10-09T05:52:00.000000 159.980694920 746.466852864 -6666.359836040 7.50408241130 -1.70990969783 -0.01861950647
2024-10-09T05:53:00.000000 609.493740687 642.191389292 -6651.695941371 7.47379036693 -1.76456968998 0.50720861202
2024-10-09T05:54:00.000000 1056.130111968 534.885213892 -6605.544153541 7.40823196440 -1.81089464144 1.03056973321
2024-10-09T05:55:00.000000 1497.782303457 425.055062452 -6528.125674418 7.30771535192 -1.84866948438 1.54902615029
2024-10-09T05:56:00.000000 1932.366030244 313.219402409 -6419.807568095 7.17270770471 -1.87771930936 2.06015607818
2024-10-09T05:57:00.000000 2357.829823678 199.905961979 -6281.101302055 7.00383524429 -1.89790961945 2.56156972171
2024-10-09T05:58:00.000000 2772.164521893 85.649370334 -6112.660441736 6.80188060574 -1.90914512767 3.05092306574
2024-10-09T05:59:00.000000 3173.412346269 -29.011221216 -5915.277604648 6.56777353472 -1.91137042877 3.52592492965
2024-10-09T06:00:00.000000 3559.675770669 -143.534564295 -5689.881146967 6.30259245827 -1.90457125105 3.98434434964
2024-10-09T06:01:00.000000 3929.126302258 -257.379792116 -5437.531169819 6.00755913497 -1.88877445889 4.42402196009
2024-10-09T06:02:00.000000 4280.012994688 -370.008871667 -5159.415014151 5.68403676410 -1.86404766737 4.84287763834
2024-10-09T06:03:00.000000 4610.670849462 -480.889064744 -4856.842110124 5.33352551046 -1.83049991533 5.23892381540
2024-10-09T06:04:00.000000 4919.528790024 -589.495436831 -4531.238141923 4.95765505180 -1.78828230607 5.61027444919
2024-10-09T06:05:00.000000 5205.117242561 -695.313365965 -4184.138653014 4.55817774357 -1.73758726089 5.95515525452
2024-10-09T06:06:00.000000 5466.075245336 -797.840985868 -3817.182074547 4.13696031723 -1.67864740186 6.27191214103
2024-10-09T06:07:00.000000 5701.157092825 -896.591566332 -3432.102294391 3.69597683488 -1.61173443305 6.55901866045
2024-10-09T06:08:00.000000 5909.238560595 -991.095832716 -3030.720738599 3.23730105907 -1.53715844729 6.81508485457
2024-10-09T06:09:00.000000 6089.322585577 -1080.904246546 -2614.937935541 2.76309632518 -1.45526703440 7.03886488899
2024-10-09T06:10:00.000000 6240.544378508 -1165.589228731 -2186.724674256 2.27560683900 -1.36644435466 7.22926407588
2024-10-09T06:11:00.000000 6362.175950679 -1244.747297677 -1748.112693671 1.77714650055 -1.27110918510 7.38534639969
2024-10-09T06:12:00.000000 6453.629951492 -1318.001085718 -1301.184986267 1.27008734445 -1.16971274909 7.50634037650
2024-10-09T06:13:00.000000 6514.462800283 -1385.001205342 -848.065773735 0.75684771721 -1.06273613057 7.59164392427
2024-10-09T06:14:00.000000 6544.377082446 -1445.427972626 -390.910218144 0.23987911505 -0.95068791018 7.64082806241
2024-10-09T06:15:00.000000 6543.223178852 -1498.992984407 68.105997811 -0.27834501361 -0.83410192527 7.65363838181
2024-10-09T06:16:00.000000 6511.000220514 -1545.440562324 526.797268170 -0.79534228224 -0.71353453845 7.62999866672
2024-10-09T06:17:00.000000 6447.856223672 -1584.549013140 982.978756557 -1.30863417005 -0.58956194599 7.57001091873
2024-10-09T06:18:00.000000 6354.087466317 -1616.131751150 1434.477126041 -1.81575982275 -0.46277754137 7.47395636050
2024-10-09T06:19:00.000000 6230.136979423 -1640.038204377 1879.141204781 -2.31429016327 -0.33378779776 7.34229178809
2024-10-09T06:20:00.000000 6076.592325908 -1656.154514382 2314.852411122 -2.80183837231 -0.20320969905 7.17564642628
2024-10-09T06:21:00.000000 5894.182713828 -1664.404093366 2739.535028252 -3.27607177801 -0.07166798526 6.97481920498
2024-10-09T06:22:00.000000 5683.775402056 -1664.747975486 3151.166264599 -3.73472334999 0.06020857111 6.74077477075
2024-10-09T06:23:00.000000 5446.371391425 -1657.184958841 3547.786049644 -4.17560379781 0.19179046928 6.47463795687
2024-10-09T06:24:00.000000 5183.100465379 -1641.751568659 3927.506467378 -4.59661172877 0.32245008371 6.17768842863
2024-10-09T06:25:00.000000 4895.215511146 -1618.521843175 4288.520845012 -4.99574690416 0.45156526840 5.85135257540
2024-10-09T06:26:00.000000 4584.086224566 -1587.606914062 4629.112206437 -5.37111647380 0.57852189307 5.49719271224
2024-10-09T06:27:00.000000 4251.192487493 -1549.154471441 4947.661288205 -5.72094259294 0.70271622269 5.11690270258
2024-10-09T06:28:00.000000 3898.117121386 -1503.348008807 5242.654150213 -6.04357261758 0.82355909796 4.71229738428
2024-10-09T06:29:00.000000 3526.538249057 -1450.405851528 5512.689127415 -6.33748341062 0.94047904474 4.28530320803
2024-10-09T06:30:00.000000 3138.221316914 -1390.580029227 5756.483300491 -6.60128881998 1.05292434850 3.83795029436
2024-10-09T06:31:00.000000 2735.010671707 -1324.155070634 5972.878374575 -6.83374481843 1.16036338919 3.37236117628
2024-10-09T06:32:00.000000 2318.820985399 -1251.446720463 6160.846125389 -7.03375402775 1.26228851647 2.89074835405
2024-10-09T06:33:00.000000 1891.627996733 -1172.800337653 6319.493338686 -7.20037810245 1.35822014422 2.39539590896
2024-10-09T06:34:00.000000 1455.458993157 -1088.589197941 6448.065675051 -7.33283824297 1.44770806979 1.88864654091
2024-10-09T06:35:00.000000 1012.383265698 -999.212656851 6545.950661423 -7.43051074148 1.53033258743 1.37288583857
2024-10-09T06:36:00.000000 564.502918388 -905.094372714 6612.680365295 -7.49292805280 1.60570399566 0.85054566537
2024-10-09T06:37:00.000000 113.943161853 -806.680385204 6647.933826456 -7.51978774267 1.67346611836 0.32409039428
2024-10-09T06:38:00.000000 -337.157609322 -704.437088948 6651.538574183 -7.51095283047 1.73329695914 -0.20399652930
2024-10-09T06:39:00.000000 -786.657727885 -598.849105999 6623.471455655 -7.46645087813 1.78491125716 -0.73122281489
2024-10-09T06:40:00.000000 -1232.422108931 -490.417046657 6563.858916882 -7.38647446811 1.82806146284 -1.25509549371
2024-10-09T06:41:00.000000 -1672.332303734 -379.655197043 6472.976659271 -7.27138516633 1.86253967200 -1.77313597086
2024-10-09T06:42:00.000000 -2104.296394806 -267.089109161 6351.248304106 -7.12170467927 1.88817809520 -2.28289229135
2024-10-09T06:43:00.000000 -2526.258609152 -153.253176052 6199.243682443 -6.93811654165 1.90485038224 -2.78194532199
2024-10-09T06:44:00.000000 -2936.208947418 -38.688111464 6017.676444363 -6.72146221104 1.91247164607 -3.26792108816
2024-10-09T06:45:00.000000 -3332.192654184 76.061497845 5807.401153222 -6.47274190440 1.91099813281 -3.73849911893
2024-10-09T06:46:00.000000 -3712.319626553 190.449708577 5569.409609239 -6.19310921399 1.90042825445 -4.19142660842
2024-10-09T06:47:00.000000 -4074.773504579 303.931771301 5304.826574186 -5.88386856333 1.88080398311 -4.62452641333
2024-10-09T06:48:00.000000 -4417.820633730 415.966793420 5014.904805136 -5.54647153843 1.85221166867 -5.03571166157
2024-10-09T06:49:00.000000 -4739.818636142 526.020412659 4701.019167154 -5.18250604009 1.81478257353 -5.42300068625
2024-10-09T06:50:00.000000 -5039.224198534 633.567350190 4364.660245267 -4.79368711321 1.76868750259 -5.78451733149
2024-10-09T06:51:00.000000 -5314.600834589 738.093863319 4007.427757897 -4.38185814887 1.71414091963 -6.11850507495
2024-10-09T06:52:00.000000 -5564.625874931 839.100194417 3631.022920568 -3.94896962522 1.65139268607 -6.42333251107
2024-10-09T06:53:00.000000 -5788.097592369 936.102862286 3237.241196840 -3.49710346845 1.58074019154 -6.69749896638
2024-10-09T06:54:00.000000 -5983.942060104 1028.637849442 2827.963007077 -3.02842843484 1.50252968255 -6.93967185654
2024-10-09T06:55:00.000000 -6151.217724124 1116.262638891 2405.144262577 -2.54519229984 1.41713130712 -7.14866594150
2024-10-09T06:56:00.000000 -6289.120455996 1198.557936937 1970.807247336 -2.04972379252 1.32495060003 -7.32345769437
2024-10-09T06:57:00.000000 -6396.987658782 1275.129878766 1527.030720965 -1.54441189970 1.22642962857 -7.46318624258
2024-10-09T06:58:00.000000 -6474.302024484 1345.612242228 1075.940003972 -1.03170777359 1.12204699717 -7.56716543481
2024-10-09T06:59:00.000000 -6520.694456545 1409.668412478 619.696035366 -0.51409763923 1.01230991319 -7.63489273180
2024-10-09T07:00:00.000000 -6535.945759215 1466.992973632 160.484433864 0.00591097655 0.89775075102 -7.66604787256
2024-10-09T07:01:00.000000 -6519.987559266 1517.313158265 -299.495336417 0.52579899227 0.77892497683 -7.66049058147
2024-10-09T07:02:00.000000 -6472.902590882 1560.390133452 -758.040935652 1.04305184661 0.65640798573 -7.61826431628
2024-10-09T07:03:00.000000 -6394.924036895 1596.020164459 -1212.958038859 1.55517077508 0.53079387696 -7.53959316812
2024-10-09T07:04:00.000000 -6286.434228545 1624.035636501 -1662.071167006 2.05968442929 0.40269207082 -7.42488082529
2024-10-09T07:05:00.000000 -6147.962657701 1644.305867686 -2103.234492740 2.55416235103 0.27272326641 -7.27471176991
2024-10-09T07:06:00.000000 -5980.182981785 1656.737661974 -2534.342473741 3.03623081471 0.14151628203 -7.08984308289
2024-10-09T07:07:00.000000 -5783.909359127 1661.275742072 -2953.340074555 3.50358185069 0.00970534043 -6.87120067216
2024-10-09T07:08:00.000000 -5560.092163847 1657.902901485 -3358.232809202 3.95398573107 -0.12207579001 -6.61987603614
2024-10-09T07:09:00.000000 -5309.812847136 1646.639850853 -3747.096377218 4.38530406091 -0.25319690623 -6.33711526556
2024-10-09T07:10:00.000000 -5034.278267970 1627.544987173 -4118.085723896 4.79549661864 -0.38303259556 -6.02431338925
2024-10-09T07:11:00.000000 -4734.814435527 1600.713998982 -4469.443794173 5.18263389082 -0.51096562342 -5.68300633246
2024-10-09T07:12:00.000000 -4412.859637332 1566.279318089 -4799.509606084 5.54490343725 -0.63638872869 -5.31485951283
2024-10-09T07:13:00.000000 -4069.957243686 1524.409457038 -5106.725855786 5.88061648563 -0.75870729265 -4.92166253225
2024-10-09T07:14:00.000000 -3707.747975754 1475.308054440 -5389.646102706 6.18821826657 -0.87734589273 -4.50531844461
2024-10-09T07:15:00.000000 -3327.961698575 1419.212675148 -5646.941127815 6.46629259873 -0.99174898493 -4.06783043308
2024-10-09T07:16:00.000000 -2932.408941740 1356.393573934 -5877.404730553 6.71356787802 -1.10138296350 -3.61129385612
2024-10-09T07:17:00.000000 -2522.972127951 1287.152313230 -6079.958890131 6.92891954906 -1.20573821798 -3.13788468370
2024-10-09T07:18:00.000000 -2101.596612322 1211.820224989 -6253.658334254 7.11137548176 -1.30433247007 -2.64984939886
2024-10-09T07:19:00.000000 -1670.281464722 1130.756760455 -6397.694322389 7.26011665051 -1.39671044795 -2.14949101238
2024-10-09T07:20:00.000000 -1231.070388956 1044.347885765 -6511.397885581 7.37447466069 -1.48244382741 -1.63916604648
2024-10-09T07:21:00.000000 -786.042374840 953.004314360 -6594.242991398 7.45394455043 -1.56113765471 -1.12127871731
2024-10-09T07:22:00.000000 -337.301734761 857.159391344 -6645.848605833 7.49818515922 -1.63243146949 -0.59825567193
2024-10-09T07:23:00.000000 113.031477119 757.267105259 -6665.979823340 7.50701275250 -1.69599799577 -0.07254074518
2024-10-09T07:24:00.000000 562.830961894 653.800051540 -6654.548759175 7.48040390252 -1.75154475618 0.45341138160
2024-10-09T07:25:00.000000 1009.973801203 547.247287201 -6611.614727146 7.41849315723 -1.79881519864 0.97714993376
2024-10-09T07:26:00.000000 1452.349869651 438.112134053 -6537.383956302 7.32157413976 -1.83759164628 1.49623005080
2024-10-09T07:27:00.000000 1887.871482180 326.909760302 -6432.208749648 7.19009969661 -1.86769577111 2.00822950521
2024-10-09T07:28:00.000000 2314.482849747 214.164929877 -6296.585909172 7.02468112719 -1.88898687552 2.51075597011
2024-10-09T07:29:00.000000 2730.169530089 100.409620349 -6131.154471355 6.82608318360 -1.90136503651 3.00146202852
2024-10-09T07:30:00.000000 3132.967429541 -13.819385733 -5936.692880824 6.59522005167 -1.90477009701 3.47804949957
2024-10-09T07:31:00.000000 3520.971775292 -127.982899936 -5714.115687090 6.33315371771 -1.89918194890 3.93828134994
2024-10-09T07:32:00.000000 3892.345847278 -241.541742592 -5464.469672515 6.04109074937 -1.88462133893 4.37998810180
2024-10-09T07:33:00.000000 4245.329659882 -353.959234068 -5188.929490491 5.72038210603 -1.86115079677 4.80107936793
2024-10-09T07:34:00.000000 4578.248456632 -464.703692634 -4888.792442622 5.37251554507 -1.82887435110 5.19955917262
2024-10-09T07:35:00.000000 4889.520594032 -573.250916564 -4565.472605023 4.99910653039 -1.78793727751 5.57353186494
2024-10-09T07:36:00.000000 5177.665091273 -679.086645692 -4220.494573414 4.60189396440 -1.73852551843 5.92121076800
2024-10-09T07:37:00.000000 5441.308839462 -781.708978099 -3855.486643021 4.18273353262 -1.68086507286 6.24092740037
2024-10-09T07:38:00.000000 5679.193394211 -880.630774852 -3472.173442000 3.74359036519 -1.61522192624 6.53114082679
2024-10-09T07:39:00.000000 5890.181260114 -975.382020379 -3072.367987726 3.28652916518 -1.54190058046 6.79044670121
2024-10-09T07:40:00.000000 6073.261625176 -1065.512089815 -2657.963323111 2.81370716166 -1.46124269219 7.01758356424
2024-10-09T07:41:00.000000 6227.555607350 -1150.591943606 -2230.923596294 2.32736181033 -1.37362598257 7.21144377203
2024-10-09T07:42:00.000000 6352.320639142 -1230.216256008 -1793.274743814 1.82979839924 -1.27946274074 7.37107563975
2024-10-09T07:43:00.000000 6446.954367916 -1304.005410901 -1347.094992674 1.32338410453 -1.17919744844 7.49568970209
2024-10-09T07:44:00.000000 6510.997960718 -1371.607387615 -894.504821097 0.81053246579 -1.07330498812 7.58466725470
2024-10-09T07:45:00.000000 6544.138455285 -1432.699513820 -437.656746468 0.29369121186 -0.96228860866 7.63755938336
2024-10-09T07:46:00.000000 6546.210566079 -1486.990111102 21.274985431 -0.22466662855 -0.84667753168 7.65409155455
2024-10-09T07:47:00.000000 6517.197834767 -1534.219958151 480.105012299 -0.74205585048 -0.72702413312 7.63416837455
2024-10-09T07:48:00.000000 6457.232874042 -1574.163594469 936.647662952 -1.25599514734 -0.60390067488 7.57787471905
2024-10-09T07:49:00.000000 6366.596719055 -1606.630409525 1388.727708294 -1.76402034295 -0.47789620452 7.48547347115
2024-10-09T07:50:00.000000 6245.717428897 -1631.465577033 1834.191002677 -2.26369716947 -0.34961401486 7.35740411517
2024-10-09T07:51:00.000000 6095.167898911 -1648.550823813 2270.914960804 -2.75263365148 -0.21966869522 7.19427830445
2024-10-09T07:52:00.000000 5915.663054669 -1657.804990454 2696.818777369 -3.22848913206 -0.08868197658 6.99687700267
2024-10-09T07:53:00.000000 5708.056407706 -1659.184338495 3109.873552402 -3.68898692618 0.04272080025 6.76614878813
2024-10-09T07:54:00.000000 5473.335815968 -1652.682719400 3508.112220409 -4.13192805697 0.17391230740 6.50320501972
2024-10-09T07:55:00.000000 5212.618436357 -1638.331626750 3889.639048567 -4.55520276464 0.30426579928 6.20931087569
2024-10-09T07:56:00.000000 4927.145101030 -1616.200004894 4252.638664121 -4.95680017610 0.43316049990 5.88587818529
2024-10-09T07:57:00.000000 4618.274124945 -1586.393796800 4595.384546866 -5.33481592585 0.55998403399 5.53445573138
2024-10-09T07:58:00.000000 4287.474705616 -1549.055390547 4916.247067944 -5.68745991856 0.68413453807 5.15672310561
2024-10-09T07:59:00.000000 3936.319830775 -1504.362884681 5213.701062956 -6.01306324975 0.80502394693 4.75448156161
2024-10-09T08:00:00.000000 3566.478833373 -1452.529204938 5486.332974648 -6.31008562897 0.92207956077 4.32964930570
2024-10-09T08:01:00.000000 3179.709282416 -1393.801114214 5732.847535306 -6.57712620436 1.03474706407 3.88424833899
2024-10-09T08:02:00.000000 2777.848602752 -1328.457983912 5952.073729756 -6.81292620063 1.14249402021 3.42039765871
2024-10-09T08:03:00.000000 2362.805183305 -1256.810437247 6142.970235103 -7.01637902306 1.24481157348 2.94029843314
2024-10-09T08:04:00.000000 1936.549242653 -1179.198849881 6304.629979071 -7.18653089978 1.34121739570 2.44622299033
2024-10-09T08:05:00.000000 1501.103589801 -1095.991662025 6436.284090355 -7.32258228276 1.43125861176 1.94050430428
2024-10-09T08:06:00.000000 1058.534344579 -1007.583585516 6537.305345816 -7.42389022319 1.51451235813 1.42552953465
2024-10-09T08:07:00.000000 610.941370333 -914.393798150 6607.211085964 -7.48997320716 1.59058631335 0.90372838204
2024-10-09T08:08:00.000000 160.448534191 -816.864013498 6645.665436277 -7.52051299184 1.65912208429 0.37756201615
2024-10-09T08:09:00.000000 -290.806132951 -715.456428495 6652.480827784 -7.51535545959 1.71979506696 -0.15048888990
2024-10-09T08:10:00.000000 -740.680255138 -610.651659868 6627.618924562 -7.47451015851 1.77231655082 -0.67793192620
2024-10-09T08:11:00.000000 -1187.037015728 -502.946526202 6571.191043919 -7.39815367377 1.81643508050 -1.20227321297
2024-10-09T08:12:00.000000 -1627.755233063 -392.851815070 6483.457768718 -7.28662934371 1.85193677076 -1.72103367099
2024-10-09T08:13:00.000000 -2060.739170724 -280.889934851 6364.827777459 -7.14044220264 1.87864873360 -2.23175664429
2024-10-09T08:14:00.000000 -2483.928283080 -167.592430690 6215.856196537 -6.96025949669 1.89643887937 -2.73201974994
2024-10-09T08:15:00.000000 -2895.306784530 -53.497567325 6037.242241021 -6.74690596712 1.90521553269 -3.21944284390
2024-10-09T08:16:00.000000 -3292.913191876 60.852152805 5829.826466703 -6.50136720745 1.90492968044 -3.69169774311
2024-10-09T08:17:00.000000 -3674.849850900 174.912626234 5594.587106644 -6.22478340905 1.89557681106 -4.14652538802
2024-10-09T08:18:00.000000 -4039.291973154 288.140766719 5332.635676869 -5.91844311926 1.87719520662 -4.58174324406
2024-10-09T08:19:00.000000 -4384.496470528 399.997057307 5045.212050494 -5.58377955644 1.84986523577 -4.99525756138
2024-10-09T08:20:00.000000 -4708.810377999 509.948021219 4733.678886299 -5.22236370308 1.81370809745 -5.38506975557
2024-10-09T08:21:00.000000 -5010.679126219 617.468736872 4399.515572834 -4.83590209981 1.76888754305 -5.74929101968
2024-10-09T08:22:00.000000 -5288.654171127 722.045329489 4044.311382457 -4.42622242037 1.71560895904 -6.08614510024
2024-10-09T08:23:00.000000 -5541.400690475 823.177707311 3669.758620585 -3.99528920124 1.65412636161 -6.39398301133
2024-10-09T08:24:00.000000 -5767.704848205 920.382228586 3277.643516429 -3.54515812712 1.58473172371 -6.67131864562
2024-10-09T08:25:00.000000 -5966.478638453 1013.193809186 2869.837837573 -3.07797854748 1.50775309304 -6.91678776593
2024-10-09T08:26:00.000000 -6136.766201766 1101.168229769 2448.290489787 -2.59599812790 1.42355728940 -7.12918679305
2024-10-09T08:27:00.000000 -6277.748826828 1183.884407823 2015.017799386 -2.10154046047 1.33254880655 -7.30747269849
2024-10-09T08:28:00.000000 -6388.749239481 1260.946591370 1572.093623027 -1.59699387941 1.23516665253 -7.45077133421
2024-10-09T08:29:00.000000 -6469.235160919 1331.986336869 1121.639133253 -1.08480179008 1.13188198730 -7.55838141670
2024-10-09T08:30:00.000000 -6518.822142344 1396.664369214 665.812166024 -0.56744512098 1.02319517586 -7.62978170862
2024-10-09T08:31:00.000000 -6537.275448504 1454.672242379 206.796497706 -0.04743248030 0.90963347531 -7.66462994922
2024-10-09T08:32:00.000000 -6524.511310625 1505.733922440 -253.209178519 0.47271698176 0.79174916121 -7.66277167776
2024-10-09T08:33:00.000000 -6480.596894824 1549.607101380 -712.002376299 0.99049257074 0.67011341298 -7.62423274144
2024-10-09T08:34:00.000000 -6405.749701140 1586.084263731 -1167.387383833 1.50339385989 0.54531485989 -7.54921386932
2024-10-09T08:35:00.000000 -6300.336737997 1614.993729727 -1617.185995867 2.00894106730 0.41795888277 -7.43809883281
2024-10-09T08:36:00.000000 -6164.872697893 1636.200507178 -2059.248557973 2.50469430524 0.28866204597 -7.29145541172
2024-10-09T08:37:00.000000 -6000.016935489 1649.606838026 -2491.464814983 2.98827363579 0.15804860432 -7.11002593009
2024-10-09T08:38:00.000000 -5806.569748278 1655.152617144 -2911.774010799 3.45736134232 0.02674903797 -6.89471912650
2024-10-09T08:39:00.000000 -5585.468280750 1652.815646086 -3318.174978429 3.90971671022 -0.10460436476 -6.64661101138
2024-10-09T08:40:00.000000 -5337.781463571 1642.611645392 -3708.735882690 4.34318948342 -0.23538032358 -6.36693541918
2024-10-09T08:41:00.000000 -5064.704225970 1624.594080928 -4081.603451176 4.75573174945 -0.36495298643 -6.05707548860
2024-10-09T08:42:00.000000 -4767.551121702 1598.853674299 -4435.011586997 5.14540435718 -0.49270658061 -5.71855227065
2024-10-09T08:43:00.000000 -4447.749689561 1565.517798546 -4767.289434418 5.51038183090 -0.61803527494 -5.35301879454
2024-10-09T08:44:00.000000 -4106.833296523 1524.749794291 -5076.869115813 5.84896400889 -0.74034689460 -4.96225261977
2024-10-09T08:45:00.000000 -3746.433364763 1476.748032800 -5362.292794785 6.15958281353 -0.85906595636 -4.54814219770
2024-10-09T08:46:00.000000 -3368.271389666 1421.744905813 -5622.219088420 6.44080506687 -0.97363464428 -4.11268055137
2024-10-09T08:47:00.000000 -2974.150524878 1360.005552365 -5855.429154638 6.69134374866 -1.08352018866 -3.65795605981
2024-10-09T08:48:00.000000 -2565.946698440 1291.826359556 -6060.831836384 6.91005944741 -1.18821267919 -3.18613510591
2024-10-09T08:49:00.000000 -2145.599754898 1217.533636779 -6237.468200596 7.09596229400 -1.28722592712 -2.69945776511
2024-10-09T08:50:00.000000 -1715.104280762 1137.481987361 -6384.515595932 7.24821706927 -1.38010304263 -2.20022358700
2024-10-09T08:51:00.000000 -1276.500458026 1052.052625292 -6501.290918038 7.36613992433 -1.46641352097 -1.69078539383
2024-10-09T08:52:00.000000 -831.864641434 961.651702701 -6587.253728115 7.44921053219 -1.54575837502 -1.17354225564
2024-10-09T08:53:00.000000 -383.299506361 866.708206609 -6642.008372676 7.49707070099 -1.61777491583 -0.65091879249
2024-10-09T08:54:00.000000 67.075509942 767.671920826 -6665.305212521 7.50951979134 -1.68213226012 -0.12535720893
2024-10-09T08:55:00.000000 517.133730543 665.011473666 -6657.041523367 7.48651696013 -1.73853380198 0.40068985221
2024-10-09T08:56:00.000000 964.750740191 559.212219604 -6617.261859403 7.42817959670 -1.78671898751 0.92476599519
2024-10-09T08:57:00.000000 1407.814116440 450.773973232 -6546.157934368 7.33478888224 -1.82646648846 1.44442620562
2024-10-09T08:58:00.000000 1844.232951979 340.208689332 -6444.067571438 7.20678118304 -1.85759293422 1.95724455652
2024-10-09T08:59:00.000000 2271.947397443 228.038137938 -6311.473344828 7.04475509792 -1.87995478791 2.46082670249
2024-10-09T09:00:00.000000 2688.938034916 114.791535310 -6149.000090681 6.84945768888 -1.89344692870 2.95282410322
2024-10-09T09:01:00.000000 3093.234727449 1.003252495 -5957.412254815 6.62178563520 -1.89800309243 3.43093327322
2024-10-09T09:02:00.000000 3482.925662067 -112.789566710 -5737.610841125 6.36278610252 -1.89359722288 3.89290759110
2024-10-09T09:03:00.000000 3856.166319983 -226.049465453 -5490.629642135 6.07365427484 -1.88024531562 4.33656970840
2024-10-09T09:04:00.000000 4211.188175792 -338.241218035 -5217.630704145 5.75572701502 -1.85800541850 4.75982347044
2024-10-09T09:05:00.000000 4546.307015944 -448.834296100 -4919.899168590 5.41047678050 -1.82697589474 5.16066336817
2024-10-09T09:06:00.000000 4859.930887832 -557.305287171 -4598.837584018 5.03950562968 -1.78729586037 5.53718264456
2024-10-09T09:07:00.000000 5150.567724164 -663.140369905 -4255.959723479 4.64454003741 -1.73914564849 5.88758218450
2024-10-09T09:08:00.000000 5416.832626599 -765.837737761 -3892.883846062 4.22742488317 -1.68274541802 6.21017981196
2024-10-09T09:09:00.000000 5657.454769289 -864.909991039 -3511.325362553 3.79011601150 -1.61835502160 6.50342116655
2024-10-09T09:10:00.000000 5871.283734343 -959.886476937 -3113.088892129 3.33466957897 -1.54627267664 6.76588794527
2024-10-09T09:11:00.000000 6057.295281582 -1050.315554529 -2700.059910621 2.86323396737 -1.46683367834 6.99630467392
2024-10-09T09:12:00.000000 6214.596575784 -1135.766802714 -2274.195932292 2.37803896666 -1.38041004157 7.19354658906
2024-10-09T09:13:00.000000 6342.430745829 -1215.833172268 -1837.517287837 1.88138547167 -1.28740810308 7.35664557501
2024-10-09T09:14:00.000000 6440.180875061 -1290.132946896 -1392.097535584 1.37563577283 -1.18826575717 7.48479651319
2024-10-09T09:15:00.000000 6507.373321305 -1358.311603377 -940.053520826 0.86320138940 -1.08345142269 7.57736248849
2024-10-09T09:16:00.000000 6543.680286387 -1420.043623823 -483.535135374 0.34652996254 -0.97346331758 7.63387937813
2024-10-09T09:17:00.000000 6548.921581859 -1475.034214713 -24.714886557 -0.17190776080 -0.85882660019 7.65405764193
2024-10-09T09:18:00.000000 6523.065681150 -1523.020782191 434.222637750 -0.68962921257 -0.74008887341 7.63778461507
2024-10-09T09:19:00.000000 6466.230039136 -1563.774197300 891.091437037 -1.20415308213 -0.61781760742 7.58512605909
2024-10-09T09:20:00.000000 6378.680595857 -1597.099912720 1343.714817993 -1.71301360006 -0.49259773576 7.49632595111
2024-10-09T09:21:00.000000 6260.830484934 -1622.838942641 1789.935991821 -2.21377157870 -0.36502904197 7.37180383536
2024-10-09T09:22:00.000000 6113.238077725 -1640.868620893 2227.628621394 -2.70402760824 -0.23572182354 7.21215444821
2024-10-09T09:23:00.000000 5936.604222881 -1651.103168895 2654.707171173 -3.18143337830 -0.10529515547 7.01814300916
2024-10-09T09:24:00.000000 5731.768787930 -1653.494150684 3069.137098238 -3.64370581584 0.02562586787 6.79070271785
2024-10-09T09:25:00.000000 5499.706399472 -1648.030715635 3468.944708805 -4.08863750712 0.15641448013 6.53092824302
2024-10-09T09:26:00.000000 5241.521551369 -1634.739535642 3852.226717182 -4.51410915435 0.28644714592 6.24007002216
2024-10-09T09:27:00.000000 4958.443038539 -1613.684549599 4217.159270040 -4.91809756919 0.41510548649 5.91952452708
2024-10-09T09:28:00.000000 4651.817913390 -1584.966588009 4562.006566017 -5.29868619451 0.54177857127 5.57082862687
2024-10-09T09:29:00.000000 4323.104815141 -1548.722860955 4885.128945890 -5.65407268605 0.66586503061 5.19564875289
2024-10-09T09:30:00.000000 3973.866998297 -1505.126337187 5184.990480011 -5.98257356717 0.78677455697 4.79577614107
2024-10-09T09:31:00.000000 3605.764790153 -1454.384905326 5460.166315786 -6.28263844888 0.90393492599 4.37311860632
2024-10-09T09:32:00.000000 3220.547519723 -1396.740242080 5709.349194097 -6.55285170076 1.01679138497 3.92968828311
2024-10-09T09:33:00.000000 2820.045089928 -1332.466679299 5931.355523137 -6.79194432578 1.12481158121 3.46759121756
2024-10-09T09:34:00.000000 2406.159246969 -1261.869763870 6125.130509685 -6.99878985314 1.22748705735 2.98901547934
2024-10-09T09:35:00.000000 1980.854845220 -1185.284809425 6289.753142925 -7.17241377347 1.32433458546 2.49622998266
2024-10-09T09:36:00.000000 1546.150429161 -1103.075302261 6424.440518016 -7.31200117464 1.41489866455 1.99156653651
2024-10-09T09:37:00.000000 1104.108674799 -1015.631184948 6528.551162901 -7.41689531046 1.49875299483 1.47740632923
2024-10-09T09:38:00.000000 656.826941558 -923.367077409 6601.587831329 -7.48659763225 1.57550178103 0.95617504777
2024-10-09T09:39:00.000000 206.427567809 -826.720334396 6643.199909196 -7.52077470611 1.64478345639 0.43033136836
2024-10-09T09:40:00.000000 -244.951975382 -726.148984749 6653.184900672 -7.51925493738 1.70627027434 -0.09764662250
2024-10-09T09:41:00.000000 -695.168835554 -622.129665485 6631.489464666 -7.48203134461 1.75967012200 -0.62526707025
2024-10-09T09:42:00.000000 -1142.084739425 -515.155441344 6578.209858715 -7.40926333398 1.80472762908 -1.15003745060
2024-10-09T09:43:00.000000 -1583.575932482 -405.733574540 6493.591627180 -7.30127556053 1.84122525283 -1.66947589661
2024-10-09T09:44:00.000000 -2017.543056617 -294.383190543 6378.028594907 -7.15855576261 1.86898522135 -2.18112315555
2024-10-09T09:45:00.000000 -2441.920862456 -181.632892852 6232.061261523 -6.98175320104 1.88786936609 -2.68255098463
2024-10-09T09:46:00.000000 -2854.687906078 -68.018329478 6056.374670278 -6.77167936880 1.89778180752 -3.17137119743
2024-10-09T09:47:00.000000 -3253.876296093 45.920408050 5851.795531405 -6.52930597621 1.89866973458 -3.64525281324
2024-10-09T09:48:00.000000 -3637.581003276 159.641254308 5619.288456314 -6.25575658073 1.89051987221 -4.10193082262
2024-10-09T09:49:00.000000 -4003.968941772 272.602590442 5359.951764725 -5.95230488592 1.87336144347 -4.53921512381
2024-10-09T09:50:00.000000 -4351.287803678 384.265917455 5075.012658515 -5.62036844986 1.84726891122 -4.95500149883
2024-10-09T09:51:00.000000 -4677.874520016 494.098515250 4765.821848922 -5.26150489947 1.81236064725 -5.34727846728
2024-10-09T09:52:00.000000 -4982.163677639 601.576073826 4433.847561187 -4.87740988200 1.76879762096 -5.71414340140
2024-10-09T09:53:00.000000 -5262.695435771 706.185141860 4080.668623913 -4.46990511824 1.71678164425 -6.05381345871
2024-10-09T09:54:00.000000 -5518.122792550 807.425683870 3707.967062942 -4.04092945203 1.65655766612 -6.36463226381
2024-10-09T09:55:00.000000 -5747.218545485 904.813552962 3317.520221072 -3.59253550046 1.58840934300 -6.64508264581
2024-10-09T09:56:00.000000 -5948.881573369 997.882689228 2911.191960116 -3.12687037665 1.51265668536 -6.89379727033
2024-10-09T09:57:00.000000 -6122.142150044 1086.187487729 2490.923767015 -2.64616626784 1.42966205105 -7.10955607649
2024-10-09T09:58:00.000000 -6266.167051291 1169.305307426 2058.725725128 -2.15274068330 1.33982694752 -7.29129604935
2024-10-09T09:59:00.000000 -6380.264297530 1246.838541290 1616.666517133 -1.64897983869 1.24358388549 -7.43812802727
2024-10-09T10:00:00.000000 -6463.886582242 1318.416461164 1166.862963742 -1.13731802414 1.14139623292 -7.54933565682
2024-10-09T10:01:00.000000 -6516.633934838 1383.697058609 711.469720475 -0.62023112795 1.03375806079 -7.62437503637
2024-10-09T10:02:00.000000 -6538.256009867 1442.368865672 252.668697834 -0.10022892448 0.92119239303 -7.66288414534
2024-10-09T10:03:00.000000 -6528.653473049 1494.152487547 -207.342185674 0.42016972397 0.80424467158 -7.66468929246
2024-10-09T10:04:00.000000 -6487.878096239 1538.801937414 -666.359870971 0.93844608081 0.68348310255 -7.62979339164
2024-10-09T10:05:00.000000 -6416.132596491 1576.105916255 -1122.187016087 1.45209074030 0.55949482223 -7.55838484892
2024-10-09T10:06:00.000000 -6313.769484028 1605.888800631 -1572.643126192 1.95862296775 0.43288113266 -7.45083575682
2024-10-09T10:07:00.000000 -6181.288920179 1628.011391337 -2015.575343979 2.45560286414 0.30425477142 -7.30769446368
2024-10-09T10:08:00.000000 -6019.336006182 1642.371567947 -2448.868982078 2.94064164533 0.17423829512 -7.12968482177
2024-10-09T10:09:00.000000 -5828.697261425 1648.904736574 -2870.457933538 3.41141608247 0.04345937871 -6.91770116824
2024-10-09T10:10:00.000000 -5610.296359284 1647.584044008 -3278.334700326 3.86567925274 -0.08745203343 -6.67280178369
2024-10-09T10:11:00.000000 -5365.189232726 1638.420421880 -3670.560078938 4.30127169658 -0.21786715857 -6.39620393794
2024-10-09T10:12:00.000000 -5094.558431687 1621.462383853 -4045.272450786 4.71613391765 -0.34716263822 -6.08927460196
2024-10-09T10:13:00.000000 -4799.706903633 1596.795604432 -4400.696442287 5.10831280297 -0.47472348302 -5.75352039611
2024-10-09T10:14:00.000000 -4482.051428765 1564.542360859 -4735.151147310 5.47596926619 -0.59994506670 -5.39058265926
2024-10-09T10:15:00.000000 -4143.115414375 1524.860809919 -5047.057909817 5.81738887520 -0.72223645164 -5.00222628847
2024-10-09T10:16:00.000000 -3784.521280558 1477.944121376 -5334.947471352 6.13098732998 -0.84102167823 -4.59033180603
2024-10-09T10:17:00.000000 -3407.982354331 1424.019513769 -5597.466589838 6.41531957737 -0.95574240596 -4.15688358551
2024-10-09T10:18:00.000000 -3015.294399896 1363.347069255 -5833.383906002 6.66908312910 -1.06586204356 -3.70395842324
2024-10-09T10:19:00.000000 -2608.327001340 1296.218365095 -6041.595250984 6.89112078392 -1.17086785211 -3.23371815997
2024-10-09T10:20:00.000000 -2189.014617022 1222.954919005 -6221.128429235 7.08042791007 -1.27027490100 -2.74839716083
2024-10-09T10:21:00.000000 -1759.347403784 1143.906536705 -6371.147167814 7.23615270525 -1.36362490111 -2.25029080673
2024-10-09T10:22:00.000000 -1321.361949153 1059.449717731 -6490.954536476 7.35759971242 -1.45048642633 -1.74174637446
2024-10-09T10:23:00.000000 -877.131887047 969.986004003 -6579.995784838 7.44423003495 -1.53045740113 -1.22515564757
2024-10-09T10:24:00.000000 -428.758283097 875.939976633 -6637.860750332 7.49566856875 -1.60317195689 -0.70294235647
2024-10-09T10:25:00.000000 21.640071929 777.757205268 -6664.285220326 7.51169876687 -1.66829589975 -0.17754698312
2024-10-09T10:26:00.000000 471.936087038 675.902305759 -6659.151817783 7.49226056162 -1.72552914642 0.34857651864
2024-10-09T10:27:00.000000 920.003963263 570.856830752 -6622.490680725 7.43745879388 -1.77460757757 0.87296854861
2024-10-09T10:28:00.000000 1363.729068540 463.117025274 -6554.479139186 7.34755860447 -1.81530582667 1.39318367800
2024-10-09T10:29:00.000000 1801.017379666 353.191508230 -6455.440748824 7.22298293877 -1.84743644232 1.90679449730
2024-10-09T10:30:00.000000 2229.805031672 241.599039753 -6325.843814485 7.06431273104 -1.87084901892 2.41140586334
2024-10-09T10:31:00.000000 2648.067546300 128.866230610 -6166.299172334 6.87227948725 -1.88543272319 2.90466245174
2024-10-09T10:32:00.000000 3053.828840027 15.525125622 -5977.557647398 6.64776491971 -1.89111712017 3.38425437007
2024-10-09T10:33:00.000000 3445.170314680 -97.889208355 -5760.507088211 6.39180417796 -1.88787215485 3.84792684558
2024-10-09T10:34:00.000000 3820.239988089 -210.841151587 -5516.168490241 6.10558028371 -1.87570944877 4.29349873264
2024-10-09T10:35:00.000000 4177.261012746 -322.797003226 -5245.691339309 5.79041414225 -1.85468113578 4.71886866678
2024-10-09T10:36:00.000000 4514.539867945 -433.227380070 -4950.348638861 5.44776169714 -1.82487874023 5.12202214586
2024-10-09T10:37:00.000000 4830.474400258 -541.609574467 -4631.531475464 5.07921246303 -1.78643388853 5.50103955776
2024-10-09T10:38:00.000000 5123.561674389 -647.430059373 -4290.742940541 4.68648290288 -1.73952109314 5.85410883293
2024-10-09T10:39:00.000000 5392.405351811 -750.187023611 -3929.591266239 4.27140703121 -1.68435534591 6.17953924613
2024-10-09T10:40:00.000000 5635.722389630 -849.392673584 -3549.782502955 3.83592829945 -1.62118974771 6.47576086960
2024-10-09T10:41:00.000000 5852.349603394 -944.575661571 -3153.112895825 3.38209535237 -1.55031864865 6.74134045822
2024-10-09T10:42:00.000000 6041.249485892 -1035.283382622 -2741.460391762 2.91204792762 -1.47207236395 6.97498797848
2024-10-09T10:43:00.000000 6201.515462584 -1121.084133235 -2316.775860130 2.42800811443 -1.38681654035 7.17556437581
2024-10-09T10:44:00.000000 6332.376428647 -1201.569151812 -1881.073930785 1.93226912912 -1.29495122805 7.34208307195
2024-10-09T10:45:00.000000 6433.200951705 -1276.354790304 -1436.423650979 1.42719154871 -1.19691237983 7.47371951121
2024-10-09T10:46:00.000000 6503.500853004 -1345.084475361 -984.938397926 0.91518700580 -1.09316628074 7.56982134876
2024-10-09T10:47:00.000000 6542.933756896 -1407.430428646 -528.765448013 0.39870130185 -0.98420520743 7.62991097461
2024-10-09T10:48:00.000000 6551.304721536 -1463.095116696 -70.075544585 -0.11979825606 -0.87054583902 7.65368331259
2024-10-09T10:49:00.000000 6528.567308501 -1511.812789269 388.947473633 -0.63783055881 -0.75273017834 7.64100774321
2024-10-09T10:50:00.000000 6474.824064881 -1553.350857345 846.117260068 -1.15291290624 -0.63132100522 7.59193189997
2024-10-09T10:51:00.000000 6390.326145080 -1587.511032549 1299.255703370 -1.66257683259 -0.50689853204 7.50668198954
2024-10-09T10:52:00.000000 6275.472104357 -1614.130332592 1746.203543014 -2.16437907755 -0.38005901052 7.38566024811
2024-10-09T10:53:00.000000 6130.806021204 -1633.081923745 2184.830941944 -2.65591467123 -0.25141029863 7.22944460448
2024-10-09T10:54:00.000000 5957.014805287 -1644.275712498 2613.047891365 -3.13482933036 -0.12156890990 7.03878438494
2024-10-09T10:55:00.000000 5754.924780025 -1647.658758257 3028.814429445 -3.59883264951 0.00884416845 6.81459754657
2024-10-09T10:56:00.000000 5525.497459612 -1643.215433441 3430.150537510 -4.04571027257 0.13920616902 6.55796293386
2024-10-09T10:57:00.000000 5269.824695969 -1630.967484930 3815.145589692 -4.47333349880 0.26889501995 6.27011376168
2024-10-09T10:58:00.000000 4989.123280074 -1610.973838718 4181.967450981 -4.87966826750 0.39729366028 5.95243229254
2024-10-09T10:59:00.000000 4684.728905336 -1583.330279167 4528.871180747 -5.26278676813 0.52379107148 5.60644090720
2024-10-09T11:00:00.000000 4358.089589741 -1548.168935439 4854.207145659 -5.62087319753 0.64778743992 5.23379323421
2024-10-09T11:01:00.000000 4010.758735910 -1505.657601130 5156.428771586 -5.95223319761 0.76869391561 4.83626924996
2024-10-09T11:02:00.000000 3644.387561986 -1455.998865464 5434.099713636 -6.25529969965 0.88594065649 4.41576219044
2024-10-09T11:03:00.000000 3260.717407076 -1399.429050898 5685.900639300 -6.52863964416 0.99897177253 3.97427822109
2024-10-09T11:04:00.000000 2861.571116296 -1336.217286861 5910.635478475 -6.77096863344 1.10725196414 3.51391615218
2024-10-09T11:05:00.000000 2448.844294274 -1266.664061724 6107.236652988 -6.98114671489 1.21027072333 3.03686030481
2024-10-09T11:06:00.000000 2024.496359773 -1191.099745026 6274.769994008 -7.15818748162 1.30754312662 2.54537060548
2024-10-09T11:07:00.000000 1590.541263902 -1109.882981893 6412.438882151 -7.30126008743 1.39861170176 2.04177041487
2024-10-09T11:08:00.000000 1149.038094385 -1023.399022199 6519.587720886 -7.40969070707 1.48304718003 1.52843561975
2024-10-09T11:09:00.000000 702.081619168 -932.057989722 6595.704872936 -7.48296488023 1.56045040898 1.00778768022
2024-10-09T11:10:00.000000 251.792567752 -836.292933491 6640.425051323 -7.52073150096 1.63045670703 0.48228105043
2024-10-09T11:11:00.000000 -199.692133787 -736.557764009 6653.530968930 -7.52280224103 1.69273518268 -0.04560663997
2024-10-09T11:12:00.000000 -650.229215068 -633.325219607 6634.954442932 -7.48915412805 1.74698950591 -0.57338494776
2024-10-09T11:13:00.000000 -1097.678978656 -527.084716754 6584.776804205 -7.41992908711 1.79296043977 -1.09856215312
2024-10-09T11:14:00.000000 -1539.915192135 -418.340093031 6503.228662160 -7.31543380541 1.83042630497 -1.61865598466
2024-10-09T11:15:00.000000 -1974.834921268 -307.607344488 6390.689055691 -7.17613821263 1.85920443299 -2.13120230449
2024-10-09T11:16:00.000000 -2400.368331895 -195.412149496 6247.684068359 -7.00267585452 1.87915440311 -2.63376596106
2024-10-09T11:17:00.000000 -2814.488524499 -82.287422739 6074.884656994 -6.79584361946 1.89017542483 -3.12395567365
2024-10-09T11:18:00.000000 -3215.221121208 31.229089982 5873.103649691 -6.55659452293 1.89220724403 -3.59943426710
2024-10-09T11:19:00.000000 -3600.653630175 144.597266395 5643.292322961 -6.28603854107 1.88523158260 -4.05792651364
2024-10-09T11:20:00.000000 -3968.944717923 257.277229846 5386.536220545 -5.98543582404 1.86927480430 -4.49723394222
2024-10-09T11:21:00.000000 -4318.332975251 368.731968961 5104.050304503 -5.65619035673 1.84440583499 -4.91524178485
2024-10-09T11:22:00.000000 -4647.145574539 478.429914134 4797.173662247 -5.29984989392 1.81073729419 -5.30993055376
2024-10-09T11:23:00.000000 -4953.806585308 585.847467509 4467.363322445 -4.91809504389 1.76842146689 -5.67938881400
2024-10-09T11:24:00.000000 -5236.844814430 690.471412527 4116.187617867 -4.51273570083 1.71765301829 -6.02182074398
2024-10-09T11:25:00.000000 -5494.901262806 791.801477583 3745.318799415 -4.08569980351 1.65866845833 -6.33555886162
2024-10-09T11:26:00.000000 -5726.735979967 889.352855215 3356.525184378 -3.63902675285 1.59174658857 -6.61907040055
2024-10-09T11:27:00.000000 -5931.234470049 982.658665190 2951.662714683 -3.17485651198 1.51720581846 -6.87096872779
2024-10-09T11:28:00.000000 -6107.413364017 1071.272278950 2532.666008959 -2.69541906017 1.43540258675 -7.09001897160
2024-10-09T11:29:00.000000 -6254.425539050 1154.769569512 2101.538967709 -2.20302275781 1.34673007854 -7.27514804788
2024-10-09T11:30:00.000000 -6371.564371319 1232.750995011 1660.345002167 -1.70004268615 1.25161406121 -7.42544506939
2024-10-09T11:31:00.000000 -6458.267720104 1304.843545814 1211.197033400 -1.18891639232 1.15051349139 -7.54017442683
2024-10-09T11:32:00.000000 -6514.120841410 1370.702698647 756.246657061 -0.67211645055 1.04391811526 -7.61878017663
2024-10-09T11:33:00.000000 -6538.858284150 1430.014164827 297.673635709 -0.15214652781 0.93234576110 -7.66088104723
2024-10-09T11:34:00.000000 -6532.365453664 1482.495467439 -162.324907530 0.36847166026 0.81633803321 -7.66627996695
2024-10-09T11:35:00.000000 -6494.679236829 1527.897274900 -621.545571323 0.88721299432 0.69645824361 -7.63496560014
2024-10-09T11:36:00.000000 -6425.987630131 1566.004661658 -1077.789859663 1.40156835072 0.57328921462 -7.56711127933
2024-10-09T11:37:00.000000 -6326.628432517 1596.638151431 -1528.875064579 1.90905504312 0.44742913594 -7.46306982898
2024-10-09T11:38:00.000000 -6197.087341066 1619.654535371 -1972.644992025 2.40722759345 0.31948820697 -7.32337194753
2024-10-09T11:39:00.000000 -6037.995355007 1634.947486865 -2406.980599994 2.89369056646 0.19008494977 -7.14872484128
2024-10-09T11:40:00.000000 -5850.125347616 1642.447947293 -2829.810456915 3.36611250210 0.05984269129 -6.94000740927
2024-10-09T11:41:00.000000 -5634.387810875 1642.124355780 -3239.120828072 3.82223934732 -0.07061224722 -6.69826211675
2024-10-09T11:42:00.000000 -5391.826003565 1633.982754023 -3632.965233096 4.25990047456 -0.20065353912 -6.42468819907
2024-10-09T11:43:00.000000 -5123.610637036 1618.066646311 -4009.473828129 4.67702111884 -0.32965924767 -6.12063976746
2024-10-09T11:44:00.000000 -4831.033663939 1594.456676452 -4366.862368549 5.07163595122 -0.45701372376 -5.78761394208
2024-10-09T11:45:00.000000 -4515.501498678 1563.270136980 -4703.440475264 5.44189615102 -0.58211177439 -5.42724100748
2024-10-09T11:46:00.000000 -4178.527789170 1524.660234462 -5017.619357014 5.78607755323 -0.70436183955 -5.04127514815
2024-10-09T11:47:00.000000 -3821.725734662 1478.815189249 -5307.918883415 6.10258620563 -0.82318879588 -4.63158233867
2024-10-09T11:48:00.000000 -3446.800205061 1425.957204971 -5572.974048396 6.38996138225 -0.93803517629 -4.20013318781
2024-10-09T11:49:00.000000 -3055.539587568 1366.341341394 -5811.541042500 6.64688082562 -1.04836361522 -3.74899585869
2024-10-09T11:50:00.000000 -2649.807190965 1300.254245702 -6022.502847433 6.87217090318 -1.15365922884 -3.28032600470
2024-10-09T11:51:00.000000 -2231.532198458 1228.012667730 -6204.874101989 7.06481022097 -1.25343405219 -2.79635499209
2024-10-09T11:52:00.000000 -1802.700373860 1149.961799079 -6357.805249037 7.22393434639 -1.34722793052 -2.29937555791
2024-10-09T11:53:00.000000 -1365.344703002 1066.473588322 -6480.585795756 7.34883232310 -1.43460903075 -1.79172949527
2024-10-09T11:54:00.000000 -921.536196371 977.945053310 -6572.647248617 7.43895069732 -1.51517447095 -1.27580709282
2024-10-09T11:55:00.000000 -473.374113238 884.796363207 -6633.565469643 7.49389953762 -1.58855538498 -0.75402649009
2024-10-09T11:56:00.000000 -22.976448449 787.468849417 -6663.062024827 7.51344388633 -1.65441528042 -0.22882652902
2024-10-09T11:57:00.000000 427.529463919 686.423041802 -6661.005407879 7.49750937182 -1.71245075142 0.29733579122
2024-10-09T11:58:00.000000 876.016813405 582.136631130 -6627.411622262 7.44618688934 -1.76239388445 0.82200387642
2024-10-09T11:59:00.000000 1320.369002581 475.102253349 -6562.443748013 7.35972530185 -1.80401438842 1.34273223804
2024-10-09T12:00:00.000000 1758.489105122 365.825239487 -6466.411139087 7.23853177311 -1.83711940427 1.85709238575
2024-10-09T12:01:00.000000 2188.309345839 254.821358635 -6339.768030510 7.08316986933 -1.86155405943 2.36268511043
2024-10-09T12:02:00.000000 2607.800383024 142.614484574 -6183.111566641 6.89435762612 -1.87720344527 2.85714768229
2024-10-09T12:03:00.000000 3014.980536476 29.734171354 -5997.179203070 6.67296417623 -1.88399286314 3.33816724535
2024-10-09T12:04:00.000000 3407.924721683 -83.286733219 -5782.845576039 6.42000768612 -1.88188728637 3.80348508407
2024-10-09T12:05:00.000000 3784.773465023 -195.914459900 -5541.118902665 6.13665606564 -1.87089087507 4.25091010065
2024-10-09T12:06:00.000000 4143.741626135 -307.616682010 -5273.136524077 5.82421794331 -1.85104813098 4.67832993376
2024-10-09T12:07:00.000000 4483.126747867 -417.865040027 -4980.160007618 5.48414072838 -1.82244698202 5.08371838907
2024-10-09T12:08:00.000000 4801.317242807 -526.137709394 -4663.569527310 5.11800415110 -1.78521664587 5.46514984511
2024-10-09T12:09:00.000000 5096.800056558 -631.921808873 -4324.857612660 4.72751200912 -1.73952621096 5.82080579571
2024-10-09T12:10:00.000000 5368.167929588 -734.715818711 -3965.622479664 4.31448570843 -1.68558525456 6.14898356372
2024-10-09T12:11:00.000000 5614.126203338 -834.031953088 -3587.560804571 3.88085610949 -1.62364115049 6.44810465429
2024-10-09T12:12:00.000000 5833.499279868 -929.398352834 -3192.460119912 3.42866065487 -1.55397835364 6.71672070969
2024-10-09T12:13:00.000000 6025.236764663 -1020.361478392 -2782.190594434 2.96003188320 -1.47692279735 6.95352782223
2024-10-09T12:14:00.000000 6188.418650611 -1106.488443344 -2358.696180457 2.47718294703 -1.39283617228 7.15737016698
2024-10-09T12:15:00.000000 6322.260069196 -1187.369092484 -1923.985603677 1.98240363724 -1.30211424788 7.32724656006
2024-10-09T12:16:00.000000 6426.115506539 -1262.617985854 -1480.122770454 1.47804698912 -1.20518497082 7.46231982491
2024-10-09T12:17:00.000000 6499.482158862 -1331.876279882 -1029.216774483 0.96651423814 -1.10250634014 7.56192081943
2024-10-09T12:18:00.000000 6542.002512518 -1394.813510712 -573.411881269 0.45024711091 -0.99456654489 7.62554752549
2024-10-09T12:19:00.000000 6553.466522049 -1451.129284997 -114.877192815 -0.06828361594 -0.88187884017 7.65287418004
2024-10-09T12:20:00.000000 6533.812950055 -1500.554789745 344.203997247 -0.58659121607 -0.76498249941 7.64375550987
2024-10-09T12:21:00.000000 6483.129673622 -1542.854151118 801.645113322 -1.10219423353 -0.64443512540 7.59822480123
2024-10-09T12:22:00.000000 6401.653211921 -1577.825508387 1255.266747086 -1.61261957277 -0.52081350222 7.51648947022
2024-10-09T12:23:00.000000 6289.767780903 -1605.302097214 1702.907495490 -2.11542338739 -0.39470836514 7.39894104906
2024-10-09T12:24:00.000000 6148.002995024 -1625.152854473 2142.434386605 -2.60819945014 -0.26672088705 7.24613482609
2024-10-09T12:25:00.000000 5977.031661143 -1637.283250624 2571.753055467 -3.08858664685 -0.13746589396 7.05880314799
2024-10-09T12:26:00.000000 5777.666382239 -1641.635779724 2988.818160567 -3.55428713031 -0.00756186432 6.83784652763
2024-10-09T12:27:00.000000 5550.855479340 -1638.190117396 3391.643279390 -4.00307683024 0.12237008214 6.58432725959
2024-10-09T12:28:00.000000 5297.678213538 -1626.963215945 3778.310461543 -4.43281712770 0.25170991942 6.29946432703
2024-10-09T12:29:00.000000 5019.339401657 -1608.009048480 4146.979342533 -4.84146169114 0.37984371135 5.98462357115
2024-10-09T12:30:00.000000 4717.163701786 -1581.418321140 4495.895881070 -5.22706597687 0.50616039113 5.64131663597
2024-10-09T12:31:00.000000 4392.588865144 -1547.318175766 4823.400804117 -5.58780488705 0.63005879701 5.27118719023
2024-10-09T12:32:00.000000 4047.158675035 -1505.871379684 5127.937184070 -5.92197032049 0.75095198156 4.87600363320
2024-10-09T12:33:00.000000 3682.515542121 -1457.275499361 5408.057804793 -6.22798442049 0.86826768132 4.45765188868
2024-10-09T12:34:00.000000 3300.392525225 -1401.761920042 5662.431815350 -6.50440408457 0.98145092164 4.01812360674
2024-10-09T12:35:00.000000 2902.605105418 -1339.594767149 5889.850863740 -6.74992633592 1.08996605941 3.55950971402
2024-10-09T12:36:00.000000 2491.042414195 -1271.069596773 6089.234789049 -6.96340097943 1.19330175235 3.08398824965
2024-10-09T12:37:00.000000 2067.658053277 -1196.511919053 6259.636174436 -7.14382737423 1.29097027994 2.59380520754
2024-10-09T12:38:00.000000 1634.461224237 -1116.275741820 6400.244440803 -7.29035436795 1.38251093374 2.09127558013
2024-10-09T12:39:00.000000 1193.507460717 -1030.741774927 6510.389762757 -7.40229009218 1.46749407566 1.57877320380
2024-10-09T12:40:00.000000 746.888965614 -940.315640945 6589.546090372 -7.47910366892 1.54551894086 1.05871534188
2024-10-09T12:41:00.000000 296.724934334 -845.426063630 6637.333532653 -7.52042694747 1.61621681177 0.53355463835
2024-10-09T12:42:00.000000 -154.848254991 -746.522896233 6653.520098225 -7.52605511462 1.67925222962 0.00576697296
2024-10-09T12:43:00.000000 -605.686858733 -644.075071281 6638.022825624 -7.49594775243 1.73432510595 -0.52215773458
2024-10-09T12:44:00.000000 -1053.649654203 -538.568435235 6590.908295583 -7.43022924048 1.78117161243 -1.04772625463
2024-10-09T12:45:00.000000 -1496.607849692 -430.503544976 6512.392580254 -7.32919056382 1.81956630505 -1.56845063259
2024-10-09T12:46:00.000000 -1932.455137089 -320.393204325 6402.840373074 -7.19328775737 1.84932576364 -2.08186793222
2024-10-09T12:47:00.000000 -2359.117277847 -208.760131236 6262.763329002 -7.02313538752 1.87030278060 -2.58554160242
2024-10-09T12:48:00.000000 -2774.561875003 -96.134677653 6092.818260960 -6.81951295305 1.88239081213 -3.07707294692
2024-10-09T12:49:00.000000 -3176.808126800 16.947673218 5893.804385733 -6.58336036564 1.88552565982 -3.55411602538
2024-10-09T12:50:00.000000 -3563.936307369 129.948890901 5666.659766065 -6.31577221783 1.87968634539 -4.01439009191
2024-10-09T12:51:00.000000 -3934.096878468 242.330924681 5412.457174335 -6.01799332062 1.86489289147 -4.45568692339
2024-10-09T12:52:00.000000 -4285.519455489 353.558155601 5132.399444888 -5.69141663472 1.84120682783 -4.87588147668
2024-10-09T12:53:00.000000 -4616.521525932 463.099978789 4827.814089779 -5.33757691075 1.80873388349 -5.27294498541
2024-10-09T12:54:00.000000 -4925.516702487 570.433418461 4500.147192645 -4.95814242671 1.76762221889 -5.64495496706
2024-10-09T12:55:00.000000 -5211.022593950 675.045650407 4150.956805331 -4.55491077601 1.71806221931 -5.99010370691
2024-10-09T12:56:00.000000 -5471.668320669 776.436537535 3781.905672161 -4.12979910404 1.66028621200 -6.30671052383
2024-10-09T12:57:00.000000 -5706.201391027 874.121116580 3394.753438346 -3.68483614898 1.59456757313 -6.59322742011
2024-10-09T12:58:00.000000 -5913.494243676 967.632027295 2991.348343874 -3.22215545910 1.52121919361 -6.84825141596
2024-10-09T12:59:00.000000 -6092.550127229 1056.521794265 2573.618203067 -2.74398148456 1.44059077016 -7.07053400338
2024-10-09T13:00:00.000000 -6242.508174553 1140.365016928 2143.560979006 -2.25261746427 1.35306835972 -7.25898628533
2024-10-09T13:01:00.000000 -6362.647819256 1218.760511385 1703.235033278 -1.75043504938 1.25907269256 -7.41268504220
2024-10-09T13:02:00.000000 -6452.392546697 1291.333312654 1254.749010857 -1.23986255303 1.15905678402 -7.53087790523
2024-10-09T13:03:00.000000 -6511.312972457 1357.736611917 800.251422517 -0.72337316906 1.05350611837 -7.61298992550
2024-10-09T13:04:00.000000 -6539.128962520 1417.653605980 341.919851051 -0.20346622886 0.94293415931 -7.65862624526
2024-10-09T13:05:00.000000 -6535.710918169 1470.798991679 -118.049754718 0.31734044467 0.82787698371 -7.66757009885
2024-10-09T13:06:00.000000 -6501.080653770 1516.920302849 -577.453952695 0.83652047180 0.70889337342 -7.63978993116
2024-10-09T13:07:00.000000 -6435.411268679 1555.799210108 -1034.093058393 1.35156089133 0.58656097471 -7.57544122812
2024-10-09T13:08:00.000000 -6339.025919121 1587.252497483 -1485.782100011 1.85997393094 0.46147295468 -7.47485850795
2024-10-09T13:09:00.000000 -6212.396010880 1611.132994891 -1930.361551198 2.35930783565 0.33423664818 -7.33855527383
2024-10-09T13:10:00.000000 -6056.138688055 1627.330227813 -2365.708025710 2.84715852370 0.20546721439 -7.16722261435
2024-10-09T13:11:00.000000 -5871.013455234 1635.770816605 -2789.744862305 3.32118834899 0.07578566168 -6.96172493291
2024-10-09T13:12:00.000000 -5657.917821225 1636.418753387 -3200.452105466 3.77913413709 -0.05418351553 -6.72308727529
2024-10-09T13:13:00.000000 -5417.882724861 1629.275550351 -3595.876183987 4.21881482748 -0.18381512054 -6.45249699486
2024-10-09T13:14:00.000000 -5152.067113371 1614.380102929 -3974.139391190 4.63814553171 -0.31248873495 -6.15129404451
2024-10-09T13:15:00.000000 -4861.751892312 1591.808330920 -4333.448850247 5.03514854271 -0.43959129287 -5.82096445011
2024-10-09T13:16:00.000000 -4548.333140193 1561.672623829 -4672.104892059 5.40796320688 -0.56452044161 -5.46312739340
2024-10-09T13:17:00.000000 -4213.314871697 1524.121151126 -4988.508770929 5.75485390089 -0.68668653197 -5.07952562711
2024-10-09T13:18:00.000000 -3858.301413633 1479.336987356 -5281.169681848 6.07421180174 -0.80551569767 -4.67201352538
2024-10-09T13:19:00.000000 -3484.989718790 1427.537165317 -5548.711432330 6.36456143797 -0.92045071857 -4.24255605373
2024-10-09T13:20:00.000000 -3095.160962983 1368.971548548 -5789.878592371 6.62456978873 -1.03095402809 -3.79321114437
2024-10-09T13:21:00.000000 -2690.672034494 1303.921659413 -6003.541930659 6.85304865924 -1.13650930860 -3.32612658704
2024-10-09T13:22:00.000000 -2273.446527297 1232.699230764 -6188.703396741 7.04896255826 -1.23662554663 -2.84352493947
2024-10-09T13:23:00.000000 -1845.465559777 1155.644677917 -6344.500298810 7.21143003056 -1.33083854266 -2.34769387448
2024-10-09T13:24:00.000000 -1408.758456575 1073.125390841 -6470.208868509 7.33972613142 -1.41871324084 -1.84097452222
2024-10-09T13:25:00.000000 -965.393283961 985.533977517 -6565.247125667 7.43328458500 -1.49984474743 -1.32575041443
2024-10-09T13:26:00.000000 -517.467321309 893.286318302 -6629.177113467 7.49169747833 -1.57386239350 -0.80443697665
2024-10-09T13:27:00.000000 -67.097603425 796.819564218 -6661.706570585 7.51471500014 -1.64042745055 -0.27947433176
2024-10-09T13:28:00.000000 383.588726951 696.590215528 -6662.690114324 7.50225028143 -1.69923410035 0.24668432435
2024-10-09T13:29:00.000000 832.464146168 593.072094810 -6632.129604735 7.45437665331 -1.75001077861 0.77158542941
2024-10-09T13:30:00.000000 1277.410283948 486.754269679 -6570.173984276 7.37132626114 -1.79252139713 1.29278095645
2024-10-09T13:31:00.000000 1716.327504609 378.138805423 -6477.118671674 7.25349152394 -1.82656950756 1.80783855576
2024-10-09T13:32:00.000000 2147.144465831 267.738324064 -6353.404158406 7.10142170563 -1.85199898465 2.31435730676
2024-10-09T13:33:00.000000 2567.827306010 156.073735993 -6199.613877682 6.91581688796 -1.86868926948 2.80997316210
2024-10-09T13:34:00.000000 2976.388801449 43.672076623 -6016.471939482 6.69753272342 -1.87655777362 3.29236321153
2024-10-09T13:35:00.000000 3370.897717256 -68.935934201 -5804.840088777 6.44757738386 -1.87556452469 3.75926555066
2024-10-09T13:36:00.000000 3749.487569577 -181.218431056 -5565.713788701 6.16710106581 -1.86571083216 4.20848458557
2024-10-09T13:37:00.000000 4110.365233129 -292.644823429 -5300.218095331 5.85739876538 -1.84703793664 4.63789870615
2024-10-09T13:38:00.000000 4451.819500703 -402.688204158 -5009.602795123 5.51990489698 -1.81962747013 5.04547347373
2024-10-09T13:39:00.000000 4772.229267222 -510.827798135 -4695.236886721 5.15618752648 -1.78360226467 5.42927146463
2024-10-09T13:40:00.000000 5070.071339243 -616.551420678 -4358.602427589 4.76794093004 -1.73912563607 5.78746293475
2024-10-09T13:41:00.000000 5343.927786988 -719.357884872 -4001.287818814 4.35697855102 -1.68640085531 6.11833439575
2024-10-09T13:42:00.000000 5592.492856995 -818.759395397 -3624.980511468 3.92522367579 -1.62567091058 6.42029945494
2024-10-09T13:43:00.000000 5814.579150765 -914.283886973 -3231.459273403 3.47469854645 -1.55721687383 6.69190004969
2024-10-09T13:44:00.000000 6009.123641291 -1005.477266602 -2822.586235845 3.00752415610 -1.48135635727 6.93181872020
2024-10-09T13:45:00.000000 6175.193128350 -1091.905573726 -2400.298181809 2.52590608109 -1.39844315162 7.13888494294
2024-10-09T13:46:00.000000 6311.989063379 -1173.157141587 -1966.597510024 2.03212484700 -1.30886596584 7.31208311010
2024-10-09T13:47:00.000000 6418.851731041 -1248.844641315 -1523.542808807 1.52852668688 -1.21304746200 7.45055683817
2024-10-09T13:48:00.000000 6495.263961826 -1318.607116349 -1073.239028423 1.01751408025 -1.11144386235 7.55361975489
2024-10-09T13:49:00.000000 6540.853763239 -1382.111843688 -617.827000361 0.50151992976 -1.00453793423 7.62075953849
2024-10-09T13:50:00.000000 6555.396013333 -1439.055742899 -159.473453860 -0.01699054381 -0.89283654509 7.65162721510
2024-10-09T13:51:00.000000 6538.814336622 -1489.166928113 299.639400706 -0.53552935059 -0.77687088332 7.64605767182
2024-10-09T13:52:00.000000 6491.181617839 -1532.206003271 757.324880846 -1.05161181050 -0.65719358967 7.60406459676
2024-10-09T13:53:00.000000 6412.719598878 -1567.967382647 1211.402365854 -1.56276131235 -0.53437800740 7.52583825382
2024-10-09T13:54:00.000000 6303.797990655 -1596.280371897 1659.708115636 -2.06652557972 -0.40901321026 7.41175005881
2024-10-09T13:55:00.000000 6164.932533902 -1617.009991261 2100.105951692 -2.56049113907 -0.28169995573 7.26234643673
2024-10-09T13:56:00.000000 5996.782349067 -1630.057602001 2530.497623469 -3.04229421579 -0.15304844620 7.07834504462
2024-10-09T13:57:00.000000 5800.146564824 -1635.361317974 2948.832950195 -3.50963262373 -0.02367290921 6.86062893525
2024-10-09T13:58:00.000000 5575.960431039 -1632.896245084 3353.119624839 -3.96027399599 0.10580800159 6.61024438085
2024-10-09T13:59:00.000000 5325.290639922 -1622.674617523 3741.432873918 -4.39207089831 0.23477607871 6.32839465962
2024-10-09T14:00:00.000000 5049.329942619 -1604.745667301 4111.924619041 -4.80297017508 0.36261678299 6.01643145688
2024-10-09T14:01:00.000000 4749.391304050 -1579.195313375 4462.832156265 -5.19101872836 0.48872223149 5.67584836758
2024-10-09T14:02:00.000000 4426.901648127 -1546.145712881 4792.486600409 -5.55437398690 0.61249239171 5.30827820491
2024-10-09T14:03:00.000000 4083.394715815 -1505.754717545 5099.320875269 -5.89131879450 0.73333855467 4.91547860049
2024-10-09T14:04:00.000000 3720.503519163 -1458.215028759 5381.876828711 -6.20026191879 0.85068819539 4.49932237861
2024-10-09T14:05:00.000000 3339.952542086 -1403.753172501 5638.811971548 -6.47974685918 0.96398653173 4.06179011094
2024-10-09T14:06:00.000000 2943.549462633 -1342.628392710 5868.905649989 -6.72845834090 1.07269831357 3.60496105932
2024-10-09T14:07:00.000000 2533.176479633 -1275.131349157 6071.064624026 -6.94522783738 1.17631213296 3.13100067930
2024-10-09T14:08:00.000000 2110.781484541 -1201.582671702 6244.327871169 -7.12903428152 1.27434005885 2.64214976290
2024-10-09T14:09:00.000000 1678.369106954 -1122.331535359 6387.870994219 -7.27900917379 1.36631933459 2.14072077840
2024-10-09T14:10:00.000000 1237.991250647 -1037.754000499 6501.010185166 -7.39444592064 1.45181714813 1.62908418478
2024-10-09T14:11:00.000000 791.737392631 -948.251174666 6583.205188494 -7.47479832980 1.53043116460 1.10965326219
2024-10-09T14:12:00.000000 341.724944128 -854.247391081 6634.061615338 -7.51968144806 1.60178967888 0.58487525899
2024-10-09T14:13:00.000000 -109.910420138 -756.188342821 6653.332756325 -7.52887204376 1.66555298343 0.05722465972
2024-10-09T14:14:00.000000 -561.024583184 -654.539031470 6640.920944898 -7.50231222542 1.72141756669 -0.47080727304
2024-10-09T14:15:00.000000 -1009.474931019 -549.781551091 6596.878187601 -7.44011038160 1.76911765524 -0.99672436620
2024-10-09T14:16:00.000000 -1453.130411649 -442.412798817 6521.406042025 -7.34254275039 1.80842449685 -1.51804090228
2024-10-09T14:17:00.000000 -1889.881373104 -332.942367021 6414.854689535 -7.21004641097 1.83914513837 -2.03228796967
2024-10-09T14:18:00.000000 -2317.649341772 -221.890130340 6277.721751508 -7.04322366964 1.86112967867 -2.53702292964
2024-10-09T14:19:00.000000 -2734.396897910 -109.783743714 6110.650232689 -6.84284003071 1.87426859682 -3.02984491382
2024-10-09T14:20:00.000000 -3138.137250219 2.843782463 5914.425680765 -6.60981727274 1.87849314191 -3.50840299702
2024-10-09T14:21:00.000000 -3526.943728611 115.456611876 5689.973003582 -6.34523726323 1.87377785408 -3.97040705216
2024-10-09T14:22:00.000000 -3898.959120761 227.518598259 5438.352260163 -6.05033217262 1.86013776873 -4.41364263903
2024-10-09T14:23:00.000000 -4252.404565171 338.495794557 5160.753937925 -5.72648048952 1.83763157825 -4.83597870693
2024-10-09T14:24:00.000000 -4585.588128640 447.859066661 4858.493632485 -5.37520075340 1.80636078265 -5.23537744631
2024-10-09T14:25:00.000000 -4896.913094225 555.086639614 4533.006161234 -4.99814757405 1.76646883418 -5.60990406973
2024-10-09T14:26:00.000000 -5184.886054145 659.666537257 4185.839060168 -4.59710895532 1.71813873976 -5.95773929896
2024-10-09T14:27:00.000000 -5448.124506205 761.098972430 3818.645184020 -4.17399103706 1.66159434911 -6.27719192424
2024-10-09T14:28:00.000000 -5685.363675028 858.898880519 3433.174984755 -3.73081152677 1.59710233460 -6.56670145351
2024-10-09T14:29:00.000000 -5895.463069643 952.598411482 3031.268330836 -3.26969406159 1.52496952113 -6.82485012455
2024-10-09T14:30:00.000000 -6077.412467448 1041.749272506 2614.845553053 -2.79285440708 1.44554033899 -7.05037476180
2024-10-09T14:31:00.000000 -6230.337050273 1125.924916667 2185.898063008 -2.30258954856 1.35919561232 -7.24217050472
2024-10-09T14:32:00.000000 -6353.501861247 1204.722702382 1746.478475793 -1.80125951184 1.26634972825 -7.39930148837
2024-10-09T14:33:00.000000 -6446.315309173 1277.765769596 1298.690792432 -1.29128603057 1.16744903376 -7.52099368944
2024-10-09T14:34:00.000000 -6508.332606633 1344.705007820 844.680025860 -0.77513571719 1.06297057100 -7.60665204720
2024-10-09T14:35:00.000000 -6539.258170926 1405.220804101 386.621708294 -0.25531417735 0.95342112285 -7.65585851342
2024-10-09T14:36:00.000000 -6538.947251214 1459.024728904 -73.289195695 0.26565955251 0.83933175355 -7.66838099650
2024-10-09T14:37:00.000000 -6507.406571183 1505.860858739 -532.849231280 0.78525668114 0.72125518260 -7.64417084308
2024-10-09T14:38:00.000000 -6444.794313812 1545.507034970 -989.857688656 1.30096108003 0.59976357566 -7.58336622743
2024-10-09T14:39:00.000000 -6351.418961895 1577.776016970 -1442.127546961 1.81028135889 0.47544845179 -7.48628557986
2024-10-09T14:40:00.000000 -6227.737385774 1602.516356166 -1887.496073260 2.31075958976 0.34890983298 -7.35341770347
2024-10-09T14:41:00.000000 -6074.353203325 1619.613132303 -2323.835496948 2.79997264441 0.22076745227 -7.18544587362
2024-10-09T14:42:00.000000 -5892.012676739 1628.988776608 -2749.064392473 3.27558673676 0.09164171816 -6.98322067363
2024-10-09T14:43:00.000000 -5681.600267364 1630.602888371 -3161.156991407 3.73532992826 -0.03784657196 -6.74775143532
2024-10-09T14:44:00.000000 -5444.134341949 1624.452375719 -3558.153029038 4.17701358523 -0.16707557441 -6.48021044727
2024-10-09T14:45:00.000000 -5180.761744497 1610.571380262 -3938.167222640 4.59854540384 -0.29542679978 -6.18192313705
2024-10-09T14:46:00.000000 -4892.751753088 1589.030950350 -4299.398172393 4.99793807952 -0.42228877510 -5.85435871005
2024-10-09T14:47:00.000000 -4581.489505287 1559.938570649 -4640.136719194 5.37331816632 -0.54705897173 -5.49912106864
2024-10-09T14:48:00.000000 -4248.468980956 1523.437530288 -4958.773771173 5.72293222100 -0.66914684059 -5.11794094818
2024-10-09T14:49:00.000000 -3895.285515319 1479.706117265 -5253.807700030 6.04515697881 -0.78797696589 -4.71266762078
2024-10-09T14:50:00.000000 -3523.627765766 1428.956608905 -5523.851058543 6.33850537754 -0.90299201099 -4.28525620794
2024-10-09T14:51:00.000000 -3135.269416543 1371.434145751 -5767.636663949 6.60163128069 -1.01365429853 -3.83775864004
2024-10-09T14:52:00.000000 -2732.060568194 1307.415468221 -5984.023084679 6.83333437946 -1.11944866314 -3.37231303088
2024-10-09T14:53:00.000000 -2315.918855696 1237.207494803 -6171.999496959 7.03256433320 -1.21988447462 -2.89113311806
2024-10-09T14:54:00.000000 -1888.820351733 1161.145812276 -6330.689931620 7.19842439402 -1.31449712844 -2.39649849479
2024-10-09T14:55:00.000000 -1452.790256829 1079.593070352 -6459.356836449 7.33017309962 -1.40284920473 -1.89074169065
2024-10-09T14:56:00.000000 -1009.893624979 992.937294702 -6557.404095598 7.42722501482 -1.48453307291 -1.37624389260
2024-10-09T14:57:00.000000 -562.225774818 901.589978331 -6624.379569688 7.48915630198 -1.55917420979 -0.85542030002
2024-10-09T14:58:00.000000 -111.902651401 805.984095449 -6659.976783423 7.51570383547 -1.62643113764 -0.33070960432
2024-10-09T14:59:00.000000 338.948856313 706.572117960 -6664.035963801 7.50676503206 -1.68599531872 0.19543884727
2024-10-09T15:00:00.000000 788.200401265 603.824051367 -6636.544460094 7.46239416096 -1.73759107655 0.72057036317
2024-10-09T15:01:00.000000 1233.731753974 498.225341543 -6577.636927969 7.38280866679 -1.78098053603 1.24223246438
2024-10-09T15:02:00.000000 1673.440595547 390.274530038 -6487.594548308 7.26838584225 -1.81596388365 1.75799593470
2024-10-09T15:03:00.000000 2105.251812548 280.481117242 -6366.843501714 7.11965598543 -1.84237661223 2.26545644567
2024-10-09T15:04:00.000000 2527.126761727 169.363248943 -6215.953289652 6.93730392678 -1.86009498383 2.76224246166
2024-10-09T15:05:00.000000 2937.072577392 57.445330727 -6035.634524085 6.72217163712 -1.86903409866 3.24602467426
2024-10-09T15:06:00.000000 3333.151554391 -54.744328864 -5826.735814819 6.47525375025 -1.86914886140 3.71453483209
2024-10-09T15:07:00.000000 3713.489957433 -166.675922340 -5590.239868607 6.19768730482 -1.86043447916 4.16557115249
2024-10-09T15:08:00.000000 4076.286592278 -277.820576706 -5327.259394498 5.89075354826 -1.84292693911 4.59700445473
2024-10-09T15:09:00.000000 4419.821367473 -387.652793325 -5039.032320714 5.55587349142 -1.81670270260 5.00679159796
2024-10-09T15:10:00.000000 4742.463506009 -495.652886237 -4726.916341450 5.19460238537 -1.78187905296 5.39298539846
2024-10-09T15:11:00.000000 5042.679398686 -601.309412262 -4392.382826763 4.80862253933 -1.73861333984 5.75374535504
2024-10-09T15:12:00.000000 5319.039996815 -704.121558558 -4037.010167766 4.39973579111 -1.68710255138 6.08734592212
2024-10-09T15:13:00.000000 5570.227780708 -803.601523984 -3662.476627682 3.96985669993 -1.62758329727 6.39218543830
2024-10-09T15:14:00.000000 5795.043206859 -899.276854371 -3270.552595430 3.52100108376 -1.56033026912 6.66679540121
2024-10-09T15:15:00.000000 5992.410543800 -990.692688586 -2863.092522842 3.05528021224 -1.48565509464 6.90984319234
2024-10-09T15:16:00.000000 6161.383498457 -1077.413965085 -2442.026457305 2.57489516679 -1.40390612327 7.12014387819
2024-10-09T15:17:00.000000 6301.150173741 -1159.027620609 -2009.350869528 2.08212252800 -1.31546804492 7.29666944911
2024-10-09T15:18:00.000000 6411.037160694 -1235.144657314 -1567.119059597 1.57929965945 -1.22075725608 7.43855353876
2024-10-09T15:19:00.000000 6490.512908412 -1305.401935814 -1117.431490078 1.06881712754 -1.12021986978 7.54509103283
2024-10-09T15:20:00.000000 6539.190716035 -1369.464052589 -662.425891268 0.55311056328 -1.01433374417 7.61574658125
2024-10-09T15:21:00.000000 6556.830997901 -1427.025060887 -204.266866098 0.03464561825 -0.90360239945 7.65015971430
2024-10-09T15:22:00.000000 6543.342662933 -1477.810022922 254.864619108 -0.48409543512 -0.78855586223 7.64814608306
2024-10-09T15:23:00.000000 6498.783791596 -1521.576486496 712.781923747 -1.00062457899 -0.66974601412 7.60970149651
2024-10-09T15:24:00.000000 6423.361529903 -1558.115658475 1167.303596121 -1.51246372058 -0.54774235941 7.53500277477
2024-10-09T15:25:00.000000 6317.431026997 -1587.253371629 1616.264160739 -2.01716004442 -0.42312922353 7.42440497315
2024-10-09T15:26:00.000000 6181.493505461 -1608.850899601 2057.524654453 -2.51229885286 -0.29650310719 7.27843584477
2024-10-09T15:27:00.000000 6016.193721619 -1622.805603911 2488.982865165 -2.99551173637 -0.16847019177 7.09779249084
2024-10-09T15:28:00.000000 5822.316894215 -1629.051449597 2908.583489942 -3.46448753553 -0.03964369889 6.88334174424
2024-10-09T15:29:00.000000 5600.784669796 -1627.559267214 3314.328203692 -3.91699248671 0.08936185847 6.63611179368
2024-10-09T15:30:00.000000 5352.650597886 -1618.336735484 3704.284772918 -4.35086090968 0.21793190454 6.35728129448
2024-10-09T15:31:00.000000 5079.095643584 -1601.428452301 4076.596758175 -4.76401849906 0.34545169922 6.04819567265
2024-10-09T15:32:00.000000 4781.421934554 -1576.915639607 4429.492934492 -5.15450280947 0.47131629289 5.71034805507
2024-10-09T15:33:00.000000 4461.045636882 -1544.915519165 4761.295560972 -5.52047391498 0.59493021819 5.34535628774
2024-10-09T15:34:00.000000 4119.489995253 -1505.580744959 5070.427433372 -5.86020245812 0.71570784014 4.95495561777
2024-10-09T15:35:00.000000 3758.378506325 -1459.098811760 5355.419146772 -6.17207765216 0.83307446740 4.54100478457
2024-10-09T15:36:00.000000 3379.427286139 -1405.691165810 5614.916459900 -6.45462694067 0.94647393295 4.10547956819
2024-10-09T15:37:00.000000 2984.436470687 -1345.611993611 5847.686549719 -6.70652124919 1.05537147280 3.65044987608
2024-10-09T15:38:00.000000 2575.281636089 -1279.146897661 6052.623428965 -6.92657550630 1.15925431057 3.17807212992
2024-10-09T15:39:00.000000 2153.905052031 -1206.611593241 6228.752925764 -7.11375285088 1.25763218415 2.69058272721
2024-10-09T15:40:00.000000 1722.306574318 -1128.350428822 6375.237203901 -7.26717145310 1.35004135708 2.19028769215
2024-10-09T15:41:00.000000 1282.534209329 -1044.734732017 6491.378585147 -7.38610879340 1.43604644003 1.67955083133
2024-10-09T15:42:00.000000 836.674506926 -956.161061737 6576.622616600 -7.47000221906 1.51524232946 1.16078088013
2024-10-09T15:43:00.000000 386.842967519 -863.049333182 6630.560494090 -7.51844958127 1.58725511711 0.63642212758
2024-10-09T15:44:00.000000 -64.825581486 -765.840995930 6652.930955904 -7.53120955327 1.65174178738 0.10894807668
2024-10-09T15:45:00.000000 -516.186840542 -664.996988176 6643.621791088 -7.50820829951 1.70839621635 -0.41914945518
2024-10-09T15:46:00.000000 -965.097119414 -560.995525680 6602.670448511 -7.44953949739 1.75694796561 -0.94537572317
2024-10-09T15:47:00.000000 -1409.423276320 -454.329989900 6530.263924586 -7.35546098939 1.79716331680 -1.46724160303
2024-10-09T15:48:00.000000 -1847.052591876 -345.506528382 6426.738135237 -7.22639562678 1.82884976299 -1.98227457269
2024-10-09T15:49:00.000000 -2275.902616807 -235.041764782 6292.576558799 -7.06292923765 1.85185030574 -2.48802921846
2024-10-09T15:50:00.000000 -2693.931051575 -123.460527724 6128.408439615 -6.86581557846 1.86605060491 -2.98209570853
2024-10-09T15:51:00.000000 -3099.145676923 -11.293105610 5935.005856669 -6.63596635027 1.87138143021 -3.46212487843
2024-10-09T15:52:00.000000 -3489.613413960 100.927195715 5713.280058968 -6.37444251308 1.86781126132 -3.92582603504
2024-10-09T15:53:00.000000 -3863.469528113 212.666398435 5464.277794440 -6.08246085610 1.85535013492 -4.37097703898
2024-10-09T15:54:00.000000 -4218.926698184 323.392411171 5189.176614407 -5.76138299256 1.83405030461 -4.79544100732
2024-10-09T15:55:00.000000 -4554.283505824 432.577480688 4889.279623581 -5.41271078417 1.80400415425 -5.19717065941
2024-10-09T15:56:00.000000 -4867.932868108 539.700646691 4566.009849445 -5.03808664914 1.76534628197 -5.57421864269
2024-10-09T15:57:00.000000 -5158.370259528 644.250321771 4220.903725024 -4.63928445102 1.71825422422 -5.92475388137
2024-10-09T15:58:00.000000 -5424.201260382 745.726833497 3855.603850623 -4.21819890340 1.66294744633 -6.24707002108
2024-10-09T15:59:00.000000 -5664.148550765 843.644881047 3471.851298804 -3.77683805695 1.59968528511 -6.53959216535
2024-10-09T16:00:00.000000 -5877.058545681 937.535918411 3071.477406194 -3.31731616697 1.52876692755 -6.80088862941
2024-10-09T16:01:00.000000 -6061.907352882 1026.950514153 2656.394852349 -2.84183985937 1.45052992697 -7.02968112028
2024-10-09T16:02:00.000000 -6217.805867377 1111.460602923 2228.588278487 -2.35269342246 1.36534876712 -7.22484830676
2024-10-09T16:03:00.000000 -6344.004331580 1190.661638628 1790.104910419 -1.85223700734 1.27363216794 -7.38542829795
2024-10-09T16:04:00.000000 -6439.896520436 1264.174559984 1343.044580474 -1.34289286542 1.17582168768 -7.51062997720
2024-10-09T16:05:00.000000 -6505.023072180 1331.647844418 889.549193522 -0.82712991990 1.07239225618 -7.59984319410
2024-10-09T16:06:00.000000 -6539.073759456 1392.759284109 431.791918011 -0.30744968880 0.96384628269 -7.65263655722
2024-10-09T16:07:00.000000 -6541.889070114 1447.217607782 -28.033716131 0.21362842446 0.85071158801 -7.66876222982
2024-10-09T16:08:00.000000 -6513.460916165 1494.763899193 -487.724781652 0.73357854532 0.73353873232 -7.64815566192
2024-10-09T16:09:00.000000 -6453.932530659 1535.172870610 -945.080020849 1.24988506395 0.61289714002 -7.59093633112
2024-10-09T16:10:00.000000 -6363.597478072 1568.253869009 -1397.910758435 1.76005420316 0.48937166627 -7.49740378781
2024-10-09T16:11:00.000000 -6242.898026571 1593.851760760 -1844.051659282 2.26162486609 0.36356104549 -7.36803642740
2024-10-09T16:12:00.000000 -6092.422797237 1611.847669802 -2281.371448803 2.75218243600 0.23607439400 -7.20349075147
2024-10-09T16:13:00.000000 -5912.903519929 1622.159476377 -2707.783448452 3.22937305916 0.10752733555 -7.00459558969
2024-10-09T16:14:00.000000 -5705.211084921 1624.742141996 -3121.255739607 3.69091373666 -0.02146014247 -6.77234689360
2024-10-09T16:15:00.000000 -5470.350914080 1619.587856931 -3519.821077806 4.13460556088 -0.15026784451 -6.50790339411
2024-10-09T16:16:00.000000 -5209.457501924 1606.725932252 -3901.586385106 4.55834656638 -0.27827920322 -6.21257651475
2024-10-09T16:17:00.000000 -4923.788396768 1586.222490829 -4264.741590773 4.96013785570 -0.40488388925 -5.88782083441
2024-10-09T16:18:00.000000 -4614.717754756 1558.180048599 -4607.568058744 5.33809336015 -0.52947985144 -5.53522803522
2024-10-09T16:19:00.000000 -4283.729300157 1522.736890875 -4928.446503795 5.69044780084 -0.65147716937 -5.15651664794
2024-10-09T16:20:00.000000 -3932.408872912 1480.066282281 -5225.864356471 6.01556406488 -0.77030038307 -4.75352381773
2024-10-09T16:21:00.000000 -3562.436504889 1430.375496562 -5498.422562637 6.31194033496 -0.88539167718 -4.32819428563
2024-10-09T16:22:00.000000 -3175.578178751 1373.904696020 -5744.841737738 6.57821426302 -0.99621295637 -3.88257114159
2024-10-09T16:23:00.000000 -2773.677241272 1310.925677185 -5963.967814845 6.81317075780 -1.10224827167 -3.41878620362
2024-10-09T16:24:00.000000 -2358.645435185 1241.740474418 -6154.776937423 7.01574492469 -1.20300588049 -2.93904625742
2024-10-09T16:25:00.000000 -1932.453859582 1166.679863232 -6316.379701205 7.18502390028 -1.29801990277 -2.44562487583
2024-10-09T16:26:00.000000 -1497.123716804 1086.101729860 -6448.024835256 7.32025061014 -1.38685259072 -1.94085071574
2024-10-09T16:27:00.000000 -1054.716951011 1000.389407533 -6549.102195312 7.42082428632 -1.46909355088 -1.42709836356
2024-10-09T16:28:00.000000 -607.326790865 909.949945087 -6619.145344673 7.48630415874 -1.54436363656 -0.90678184104
2024-10-09T16:29:00.000000 -157.067973912 815.212106101 -6657.833426472 7.51641306394 -1.61231809724 -0.38233624423
2024-10-09T16:30:00.000000 293.932819640 716.624340060 -6664.992040080 7.51102937555 -1.67264524607 0.14379154884
2024-10-09T16:31:00.000000 743.546356650 614.652807242 -6640.593958925 7.47019161226 -1.72506725991 0.66914382051
2024-10-09T16:32:00.000000 1189.650686158 509.779195013 -6584.759286514 7.39410237717 -1.76934399177 1.19127140863
2024-10-09T16:33:00.000000 1630.140620952 402.498581720 -6497.754548982 7.28311760542 -1.80526934535 1.70774169249
2024-10-09T16:34:00.000000 2062.937103135 293.317297537 -6379.991687755 7.13775322674 -1.83267478491 2.21614303495
2024-10-09T16:35:00.000000 2485.996752032 182.750636553 -6232.026294035 6.95868109478 -1.85143004881 2.71410014967
2024-10-09T16:36:00.000000 2897.321097746 71.320536245 -6054.555277015 6.74672739444 -1.86144458469 3.19927896795
2024-10-09T16:37:00.000000 3294.965930860 -40.446915735 -5848.413949109 6.50287297927 -1.86267044818 3.66940353661
2024-10-09T16:38:00.000000 3677.050223018 -152.023927836 -5614.572134780 6.22824172493 -1.85509817849 4.12226623798
2024-10-09T16:39:00.000000 4041.764639030 -262.883317291 -5354.130021067 5.92410018708 -1.83875829165 4.55573082544
2024-10-09T16:40:00.000000 4387.380088528 -372.500975018 -5068.313495021 5.59185531791 -1.81372231236 4.96774557027
2024-10-09T16:41:00.000000 4712.255954176 -480.358266242 -4758.468767124 5.23304858608 -1.78010128367 5.35635309541
2024-10-09T16:42:00.000000 5014.847997313 -585.944438019 -4426.056393382 4.84934979914 -1.73804703885 5.71970088979
2024-10-09T16:43:00.000000 5293.715832173 -688.759062936 -4072.644712205 4.44254987187 -1.68775170236 6.05605028097
2024-10-09T16:44:00.000000 5547.529961358 -788.314415803 -3699.902715265 4.01455242940 -1.62944629372 6.36378616149
2024-10-09T16:45:00.000000 5775.078280568 -884.137772527 -3309.592441307 3.56736608411 -1.56339987709 6.64142329305
2024-10-09T16:46:00.000000 5975.272176070 -975.773694083 -2903.560908919 3.10309685819 -1.48991931637 6.88761587561
2024-10-09T16:47:00.000000 6147.152056647 -1062.786247026 -2483.731506562 2.62393788041 -1.40934775074 7.10116510265
2024-10-09T16:48:00.000000 6289.892286888 -1144.761144739 -2052.094959156 2.13215932693 -1.32206329504 7.28102654046
2024-10-09T16:49:00.000000 6402.805467156 -1221.307778658 -1610.699874352 1.63009724576 -1.22847673870 7.42631586099
2024-10-09T16:50:00.000000 6485.346093992 -1292.061149593 -1161.642982071 1.12014337688 -1.12903097741 7.53631462290
2024-10-09T16:51:00.000000 6537.113473428 -1356.683750411 -707.058981515 0.60473052371 -1.02419882938 7.61047606795
2024-10-09T16:52:00.000000 6557.853793423 -1414.867251301 -249.110180702 0.08632005862 -0.91447957832 7.64842703375
2024-10-09T16:53:00.000000 6547.461487279 -1466.333999906 210.023985692 -0.43260994194 -0.80039602158 7.64997001958
2024-10-09T16:54:00.000000 6505.979869509 -1510.838352314 668.157513318 -0.94957664541 -0.68249200254 7.61508354842
2024-10-09T16:55:00.000000 6433.601091979 -1548.167869596 1123.108427778 -1.46210398319 -0.56133005321 7.54392374888
2024-10-09T16:56:00.000000 6330.665292756 -1578.144381913 1572.709438480 -1.96773739834 -0.43748969472 7.43682352070
2024-10-09T16:57:00.000000 6197.658932764 -1600.624921408 2014.818478253 -2.46405595908 -0.31156404657 7.29429047249
2024-10-09T16:58:00.000000 6035.212415169 -1615.502404945 2447.329106440 -2.94868439186 -0.18415557012 7.11700357276
2024-10-09T16:59:00.000000 5844.097064412 -1622.706126196 2868.180655797 -3.41930199100 -0.05587406056 6.90580970461
2024-10-09T17:00:00.000000 5625.221528602 -1622.202134966 3275.368344330 -3.87365527094 0.07266530029 6.66172481793
2024-10-09T17:01:00.000000 5379.627072340 -1613.993431660 3666.953187738 -4.30957908656 0.20084796610 6.38592240700
2024-10-09T17:02:00.000000 5108.482325308 -1598.119647911 4041.071001076 -4.72499196648 0.32806696449 6.07972394247
2024-10-09T17:03:00.000000 4813.077880056 -1574.656837645 4395.941595489 -5.11791683305 0.45371426343 5.74460611421
2024-10-09T17:04:00.000000 4494.819277684 -1543.717369146 4729.877393607 -5.48649690353 0.57719046711 5.38217557630
2024-10-09T17:05:00.000000 4155.220068558 -1505.449086387 5041.290948743 -5.82899019257 0.69791180714 4.99416312788
2024-10-09T17:06:00.000000 3795.894645697 -1460.034490565 5328.702221929 -6.14377832675 0.81530670956 4.58241705963
2024-10-09T17:07:00.000000 3418.550594153 -1407.689951220 5590.745445416 -6.42937485866 0.92881883831 4.14889682391
2024-10-09T17:08:00.000000 3024.980533806 -1348.664614909 5826.175516292 -6.68443270404 1.03791246094 3.69566338847
2024-10-09T17:09:00.000000 2617.053575173 -1283.239114552 6033.873767749 -6.90775030268 1.14207388672 3.22486836637
2024-10-09T17:10:00.000000 2196.706427964 -1211.724233328 6212.853064766 -7.09827661353 1.24081190207 2.73874294299
2024-10-09T17:11:00.000000 1765.934215390 -1134.459488160 6362.262282713 -7.25511642605 1.33366084469 2.23958748235
2024-10-09T17:12:00.000000 1326.781045093 -1051.811467050 6481.390068402 -7.37753210390 1.42018390080 1.72975881274
2024-10-09T17:13:00.000000 881.330534701 -964.172128081 6569.667916098 -7.46494449392 1.49997268971 1.21166011327
2024-10-09T17:14:00.000000 431.696301457 -871.956988421 6626.672679291 -7.51693255763 1.57265029178 0.68773256458
2024-10-09T17:15:00.000000 -19.987620957 -775.603228665 6652.128724039 -7.53323875893 1.63787231537 0.16045053496
2024-10-09T17:16:00.000000 -471.576846543 -675.567635797 6645.909467385 -7.51377511311 1.69532923068 -0.36769516001
2024-10-09T17:17:00.000000 -920.926649826 -572.324530563 6608.037960993 -7.45861802955 1.74474695229 -0.89420832771
2024-10-09T17:18:00.000000 -1365.901912780 -466.363537179 6538.686914440 -7.36801138894 1.78588912383 -1.41659967799
2024-10-09T17:19:00.000000 -1804.387042075 -358.187339981 6438.177914955 -7.24236160417 1.81855755017 -1.93239592835
2024-10-09T17:20:00.000000 -2234.295793042 -248.309264171 6306.980329897 -7.08224173351 1.84259545816 -2.43914740415
2024-10-09T17:21:00.000000 -2653.581302565 -137.250913416 6145.709283826 -6.88838955158 1.85788338513 -2.93444771572
2024-10-09T17:22:00.000000 -3060.245636307 -25.539850565 5955.122779409 -6.66169753543 1.86434304436 -3.41594121442
2024-10-09T17:23:00.000000 -3452.349066559 86.292907632 5736.118431753 -6.40321334364 1.86193672086 -3.88133239942
2024-10-09T17:24:00.000000 -3828.019221352 197.715224856 5489.729508241 -6.11413339980 1.85066534604 -4.32839511154
2024-10-09T17:25:00.000000 -4185.459981056 308.196308875 5217.120673903 -5.79580353942 1.83057334105 -4.75497820874
2024-10-09T17:26:00.000000 -4522.960370492 417.209332493 4919.582982995 -5.44971464012 1.80174820114 -5.15902169786
2024-10-09T17:27:00.000000 -4838.903069493 524.234022051 4598.528095671 -5.07749666482 1.76432076459 -5.53856764708
2024-10-09T17:28:00.000000 -5131.772542596 628.759165005 4255.481793155 -4.68091151744 1.71846179834 -5.89177135678
2024-10-09T17:29:00.000000 -5400.162773349 730.285035009 3892.076883171 -4.26184619752 1.66438409360 -6.21691204385
2024-10-09T17:30:00.000000 -5642.784418721 828.325949166 3510.045429308 -3.82230094746 1.60234233626 -6.51240343191
2024-10-09T17:31:00.000000 -5858.471289582 922.412686616 3111.210438342 -3.36437896737 1.53263045148 -6.77680134914
2024-10-09T17:32:00.000000 -6046.186251826 1012.094838253 2697.477158024 -2.89027763491 1.45558153685 -7.00881010362
2024-10-09T17:33:00.000000 -6205.026593387 1096.943102662 2270.823857044 -2.40227808718 1.37156533994 -7.20729268391
2024-10-09T17:34:00.000000 -6334.228685865 1176.551391085 1833.292150045 -1.90273377290 1.28098586234 -7.37127526040
2024-10-09T17:35:00.000000 -6433.172013900 1250.538868132 1386.977016447 -1.39405941062 1.18428050778 -7.49995418324
2024-10-09T17:36:00.000000 -6501.382425992 1318.551878342 934.016398556 -0.87871673949 1.08191741737 -7.59270149409
2024-10-09T17:37:00.000000 -6538.534564541 1380.265711803 476.580586931 -0.35920189144 0.97439281916 -7.64906738689
2024-10-09T17:38:00.000000 -6544.453564410 1435.386196651 16.861428219 0.16196710123 0.86222802507 -7.66878359746
2024-10-09T17:39:00.000000 -6519.115953296 1483.651149670 -442.938634814 0.68226429332 0.74596761720 -7.65176541470
2024-10-09T17:40:00.000000 -6462.649690486 1524.831675045 -900.617586260 1.19917005237 0.62617598522 -7.59811161485
2024-10-09T17:41:00.000000 -6375.333396485 1558.733258296 -1353.984832151 1.71018446767 0.50343436559 -7.50810394315
2024-10-09T17:42:00.000000 -6257.594743347 1585.196703218 -1800.872093046 2.21284090485 0.37833831497 -7.38220391508
2024-10-09T17:43:00.000000 -6110.008119718 1604.098890372 -2239.144133098 2.70471777009 0.25149422487 -7.22105124723
2024-10-09T17:44:00.000000 -5933.291490003 1615.353321185 -2666.709355595 3.18345309453 0.12351579706 -7.02545983211
2024-10-09T17:45:00.000000 -5728.302432647 1618.910447940 -3081.530062352 3.64675695837 -0.00497949636 -6.79641127962
2024-10-09T17:46:00.000000 -5496.033475314 1614.757805889 -3481.632319747 4.09242295146 -0.13337370156 -6.53504828478
2024-10-09T17:47:00.000000 -5237.606760215 1602.919923884 -3865.115374865 4.51833826588 -0.26105208797 -6.24266610423
2024-10-09T17:48:00.000000 -4954.268184054 1583.458057825 -4230.160600714 4.92249231777 -0.38740565771 -5.92070594832
2024-10-09T17:49:00.000000 -4647.380949088 1556.469747824 -4575.040016224 5.30298697604 -0.51183444473 -5.57074641992
2024-10-09T17:50:00.000000 -4318.418586907 1522.088206803 -4898.124233982 5.65804390266 -0.63374956264 -5.19449399095
2024-10-09T17:51:00.000000 -3968.957544018 1480.481592371 -5197.889875771 5.98601215779 -0.75257564095 -4.79377426483
2024-10-09T17:52:00.000000 -3600.669324586 1431.852100887 -5472.926435136 6.28537523927 -0.86775376805 -4.37052227337
2024-10-09T17:53:00.000000 -3215.312253288 1376.434917462 -5721.942523672 6.55475627264 -0.97874383901 -3.92677212308
2024-10-09T17:54:00.000000 -2814.722937397 1314.496957937 -5943.771569987 6.79292409692 -1.08502882080 -3.46464852549
2024-10-09T17:55:00.000000 -2400.807319540 1246.335427019 -6137.376869537 6.99879905953 -1.18611624775 -2.98635318651
2024-10-09T17:56:00.000000 -1975.531568997 1172.276319501 -6301.855824767 7.17145333058 -1.28153903068 -2.49415348853
2024-10-09T17:57:00.000000 -1540.912871475 1092.672848999 -6436.443677570 7.31011528915 -1.37085749496 -1.99037461606
2024-10-09T17:58:00.000000 -1099.009968386 1007.903757601 -6540.516539586 7.41417073661 -1.45365993853 -1.47738514953
2024-10-09T17:59:00.000000 -651.913757101 918.371667272 -6613.593793508 7.48316282866 -1.52956309177 -0.95759140275
2024-10-09T18:00:00.000000 -201.737738086 824.501153294 -6655.340069333 7.51679472069 -1.59821904311 -0.43342618809
2024-10-09T18:01:00.000000 249.391524049 726.736635692 -6665.566480142 7.51492798623 -1.65931337342 0.09266135142
2024-10-09T18:02:00.000000 699.344072556 625.540426417 -6644.231397375 7.47758889514 -1.71256503879 0.61821496995
2024-10-09T18:03:00.000000 1145.996279322 521.390614356 -6591.440294919 7.40495938301 -1.75772856854 1.14078806181
2024-10-09T18:04:00.000000 1587.240046518 414.779041403 -6507.445260071 7.29737794009 -1.79459131761 1.65794050278
2024-10-09T18:05:00.000000 2020.992550169 306.209156985 -6392.644211045 7.15534740983 -1.82298043006 2.16725525571
2024-10-09T18:06:00.000000 2445.205800942 196.193499672 -6247.579047370 6.97952538584 -1.84276534136 2.66635063300
2024-10-09T18:07:00.000000 2857.875924139 85.251278071 -6072.933288310 6.77072477333 -1.85385328992 3.15289024473
2024-10-09T18:08:00.000000 3257.052386982 -26.093800966 -5869.528975903 6.52990968049 -1.85618796119 3.62459405366
2024-10-09T18:09:00.000000 3640.846907992 -137.315887140 -5638.323103180 6.25819047903 -1.84975447379 4.07924524472
2024-10-09T18:10:00.000000 4007.442146559 -247.889462874 -5380.403536735 5.95682115947 -1.83457861021 4.51469971601
2024-10-09T18:11:00.000000 4355.100243311 -357.291769821 -5096.984327881 5.62719592670 -1.81072650570 4.92889767610
2024-10-09T18:12:00.000000 4682.171001985 -465.005221850 -4789.400372236 5.27084245971 -1.77830473115 5.31987139880
2024-10-09T18:13:00.000000 4987.099879011 -570.519857739 -4459.101576775 4.88941991335 -1.73746017904 5.68575801685
2024-10-09T18:14:00.000000 5268.435511933 -673.335657100 -4107.646208054 4.48470718708 -1.68837766880 6.02480883020
2024-10-09T18:15:00.000000 5524.836709751 -772.964891712 -3736.693877481 4.05859642683 -1.63128213780 6.33539586660
2024-10-09T18:16:00.000000 5755.079030399 -868.934490381 -3347.998063775 3.61308647915 -1.56643666093 6.61601949128
2024-10-09T18:17:00.000000 5958.061054753 -960.788284441 -2943.398117632 3.15027762134 -1.49414216503 6.86531932398
2024-10-09T18:18:00.000000 6132.810011566 -1048.089323660 -2524.810531641 2.67235470871 -1.41473744389 7.08208465056
2024-10-09T18:19:00.000000 6278.486531836 -1130.422003055 -2094.219981358 2.18157975368 -1.32859513239 7.26525437072
2024-10-09T18:20:00.000000 6394.389128709 -1207.394095024 -1653.670030297 1.68028394188 -1.23612162568 7.41392836323
2024-10-09T18:21:00.000000 6479.957878731 -1278.638703006 -1205.253295239 1.17085322150 -1.13775429277 7.52737218772
2024-10-09T18:22:00.000000 6534.777384887 -1343.816032803 -751.101378210 0.65571704874 -1.03395901246 7.60502128114
2024-10-09T18:23:00.000000 6558.579023872 -1402.615074518 -293.374592880 0.13733659520 -0.92522913629 7.64648369135
2024-10-09T18:24:00.000000 6551.242507508 -1454.755202717 165.748513169 -0.38180725711 -0.81208358171 7.65154440962
2024-10-09T18:25:00.000000 6512.796592166 -1499.987586987 624.081835578 -0.89922938543 -0.69506292676 7.62016609960
2024-10-09T18:26:00.000000 6443.418941129 -1538.096461714 1079.442364085 -1.41245447015 -0.57472793518 7.55248933691
2024-10-09T18:27:00.000000 6343.435084328 -1568.900086186 1529.660698976 -1.91902855252 -0.45165086033 7.44882562498
2024-10-09T18:28:00.000000 6213.317235674 -1592.251464224 1972.591300518 -2.41651791621 -0.32641931716 7.30966111004
2024-10-09T18:29:00.000000 6053.682490122 -1608.039377921 2406.123310085 -2.90253232091 -0.19963650669 7.13566617397
2024-10-09T18:30:00.000000 5865.289274184 -1616.188952733 2828.191310774 -3.37475262481 -0.07190911848 6.92767978105
2024-10-09T18:31:00.000000 5649.033233345 -1616.661723652 3236.784852703 -3.83092271076 0.05615566028 6.68669748620
2024-10-09T18:32:00.000000 5405.943152993 -1609.455700493 3629.958185749 -4.26886600468 0.18394902576 6.41387867966
2024-10-09T18:33:00.000000 5137.175526014 -1594.605500653 4005.839542006 -4.68650132900 0.31085918417 6.11052723007
2024-10-09T18:34:00.000000 4844.009060083 -1572.182505040 4362.639728342 -5.08183696880 0.43627485479 5.77809451169
2024-10-09T18:35:00.000000 4527.838850188 -1542.294301527 4698.661182792 -5.45298909826 0.55960162371 5.41818117643
2024-10-09T18:36:00.000000 4190.169199945 -1505.083743129 5012.306371145 -5.79820384711 0.68025720187 5.03251628145
2024-10-09T18:37:00.000000 3832.605746646 -1460.728259810 5302.084764677 -6.11585477050 0.79767209194 4.62293668871
2024-10-09T18:38:00.000000 3456.848002526 -1409.439025751 5566.619380456 -6.40444166493 0.91129090285 4.19139074575
2024-10-09T18:39:00.000000 3064.681340816 -1351.460048111 5804.653293971 -6.66260377710 1.02057559917 3.73992997713
2024-10-09T18:40:00.000000 2657.968431642 -1287.066983541 6015.055505995 -6.88912674973 1.12500958039 3.27069814086
2024-10-09T18:41:00.000000 2238.640306439 -1216.565798359 6196.826043851 -7.08294604394 1.22409935521 2.78591740349
2024-10-09T18:42:00.000000 1808.687320765 -1140.291339160 6349.100439764 -7.24314983127 1.31737629473 2.28788089358
2024-10-09T18:43:00.000000 1370.149833583 -1058.605691364 6471.153638394 -7.36898345075 1.40440176003 1.77894019511
2024-10-09T18:44:00.000000 925.108789027 -971.896346310 6562.403140956 -7.45984838454 1.48476735546 1.26149496814
2024-10-09T18:45:00.000000 475.676265767 -880.574387708 6622.411802019 -7.51530708777 1.55809503297 0.73798921795
2024-10-09T18:46:00.000000 23.985538240 -785.072672199 6650.890094309 -7.53509107931 1.62403726434 0.21089610662
2024-10-09T18:47:00.000000 -427.818960072 -685.843918164 6647.697336186 -7.51909563247 1.68228078430 -0.31729662111
2024-10-09T18:48:00.000000 -877.591470672 -583.358487177 6612.842410346 -7.46738222510 1.73254984162 -0.84409390153
2024-10-09T18:49:00.000000 -1323.194902306 -478.102292187 6546.483813215 -7.38017822913 1.77460259184 -1.36700450468
2024-10-09T18:50:00.000000 -1762.510824744 -370.574554613 6448.929133383 -7.25787801762 1.80823769799 -1.88355289212
2024-10-09T18:51:00.000000 -2193.449385511 -261.285392226 6320.633650841 -7.10103908219 1.83329285693 -2.39129331917
2024-10-09T18:52:00.000000 -2613.958951178 -150.753538098 6162.198284736 -6.91037721628 1.84964293322 -2.88781763273
2024-10-09T18:53:00.000000 -3022.035568470 -39.504093338 5974.367199636 -6.68676649941 1.85720185801 -3.37076081016
2024-10-09T18:54:00.000000 -3415.732477384 71.933947713 5758.024791147 -6.43123831777 1.85592518144 -3.83781588732
2024-10-09T18:55:00.000000 -3793.169429857 183.030094291 5514.191901787 -6.14497822182 1.84580823320 -4.28674312905
2024-10-09T18:56:00.000000 -4152.541862214 293.254879415 5244.021455716 -5.82932287932 1.82689002143 -4.71538155662
2024-10-09T18:57:00.000000 -4492.129824531 402.082526799 4948.793339389 -5.48575471510 1.79925477934 -5.12166228203
2024-10-09T18:58:00.000000 -4810.306482440 508.993632896 4629.908487289 -5.11589343572 1.76302978167 -5.50362135220
2024-10-09T18:59:00.000000 -5105.546053671 613.477620161 4288.882344820 -4.72148728632 1.71838222731 -5.85940611924
2024-10-09T19:00:00.000000 -5376.431466413 715.035207388 3927.337936236 -4.30441024608 1.66552130355 -6.18728623973
2024-10-09T19:01:00.000000 -5621.661515043 813.180851895 3546.998122808 -3.86664835411 1.60469545896 -6.48566455593
2024-10-09T19:02:00.000000 -5840.057332947 907.445084389 3149.677528043 -3.41029303266 1.53619198665 -6.75308089097
2024-10-09T19:03:00.000000 -6030.568558538 997.376821183 2737.273991436 -2.93753447526 1.46033626543 -6.98822369010
2024-10-09T19:04:00.000000 -6192.278870944 1082.545613257 2311.759341873 -2.45064841434 1.37749062199 -7.18993920271
2024-10-09T19:05:00.000000 -6324.410754443 1162.543837848 1875.169723306 -1.95198364828 1.28805314507 -7.35723853612
2024-10-09T19:06:00.000000 -6426.329480375 1236.988747421 1429.595557743 -1.44394921862 1.19245455071 -7.48930162381
2024-10-09T19:07:00.000000 -6497.546435760 1305.524377960 977.171297983 -0.92900467298 1.09115661645 -7.58548224733
2024-10-09T19:08:00.000000 -6537.721723269 1367.823349904 520.064790694 -0.40964496669 0.98464999086 -7.64531373428
2024-10-09T19:09:00.000000 -6546.665869301 1423.588526653 60.466484579 0.11161245526 0.87345163288 -7.66850963696
2024-10-09T19:10:00.000000 -6524.340840550 1472.554504509 -399.421475988 0.63223945475 0.75810188626 -7.65496721876
2024-10-09T19:11:00.000000 -6470.860218967 1514.488925376 -857.396342712 1.14971291572 0.63916131563 -7.60476893096
2024-10-09T19:12:00.000000 -6386.488471063 1549.193594374 -1311.265817695 1.66152837556 0.51720790236 -7.51818034357
2024-10-09T19:13:00.000000 -6271.639433612 1576.505475769 -1758.859035927 2.16521456921 0.39283485217 -7.39565006571
2024-10-09T19:14:00.000000 -6126.873812917 1596.297428336 -2198.037347232 2.65834800607 0.26664465587 -7.23780177914
2024-10-09T19:15:00.000000 -5952.896129041 1608.478684569 -2626.704725782 3.13856109406 0.13924712752 -7.04543285665
2024-10-09T19:16:00.000000 -5750.550848734 1612.995224798 -3042.818071255 3.60355846526 0.01125662895 -6.81950822476
2024-10-09T19:17:00.000000 -5520.817819714 1609.829921363 -3444.396982188 4.05112357441 -0.11671177390 -6.56115252024
2024-10-09T19:18:00.000000 -5264.807227711 1599.002534137 -3829.533303566 4.47913168391 -0.24404432296 -6.27164801082
2024-10-09T19:19:00.000000 -4983.753661136 1580.569478409 -4196.400232240 4.88556139224 -0.37013332529 -5.95242262227
2024-10-09T19:20:00.000000 -4679.009709556 1554.623410470 -4543.260848622 5.26850263345 -0.49437895287 -5.60504302808
2024-10-09T19:21:00.000000 -4352.039005427 1521.292645633 -4868.476137939 5.62616509769 -0.61619295927 -5.23120456471
2024-10-09T19:22:00.000000 -4004.408832595 1480.740383219 -5170.512450479 5.95688524672 -0.73500112736 -4.83272250032
2024-10-09T19:23:00.000000 -3637.782311428 1433.163801416 -5447.948414839 6.25913333969 -0.85024532153 -4.41152253283
2024-10-09T19:24:00.000000 -3253.910160902 1378.793041478 -5699.481231874 6.53151975157 -0.96138538500 -3.96962951278
2024-10-09T19:25:00.000000 -2854.622183375 1317.890036246 -5923.932351662 6.77279907792 -1.06790218036 -3.50915888038
2024-10-09T19:26:00.000000 -2441.818423729 1250.747173890 -6120.252600846 6.98187593334 -1.16930015804 -3.03230570938
2024-10-09T19:27:00.000000 -2017.460058109 1177.685792517 -6287.526609370 7.15780862041 -1.26511030983 -2.54133303400
2024-10-09T19:28:00.000000 -1583.560088624 1099.054535488 -6424.976534515 7.29981166582 -1.35489148152 -2.03856026319
2024-10-09T19:29:00.000000 -1142.173922900 1015.227667726 -6531.965075072 7.40725647055 -1.43823093833 -1.52635045455
2024-10-09T19:30:00.000000 -695.390082354 926.603353115 -6607.997842984 7.47966823423 -1.51474499551 -1.00710445573
2024-10-09T19:31:00.000000 -245.320778165 833.601819485 -6652.725521324 7.51673317823 -1.58408254035 -0.48325454116
2024-10-09T19:32:00.000000 205.907829949 736.663392011 -6665.945277872 7.51830016823 -1.64592402164 0.04275082577
2024-10-09T19:33:00.000000 656.165372041 636.246599173 -6647.601335222 7.48437850763 -1.69998356636 0.56846059854
2024-10-09T19:34:00.000000 1103.326584380 532.826030217 -6597.784935925 7.41512914173 -1.74601102782 1.09142364876
2024-10-09T19:35:00.000000 1545.280743141 426.890207048 -6516.734439867 7.31087904451 -1.78379331338 1.60919106436
2024-10-09T19:36:00.000000 1979.941778823 318.939238095 -6404.834245556 7.17211927107 -1.81315635988 2.11934767168
2024-10-09T19:37:00.000000 2405.257554197 209.482647174 -6262.612563060 6.99948963323 -1.83396066061 2.61951305613
2024-10-09T19:38:00.000000 2819.218965615 99.037136722 -6090.739458167 6.79378686599 -1.84610747271 3.10734159389
2024-10-09T19:39:00.000000 3219.869494854 -11.875931041 -5890.024098998 6.55596457956 -1.84953955656 3.58054606597
2024-10-09T19:40:00.000000 3605.314152501 -122.732892600 -5661.410849254 6.28711901320 -1.84423711027 4.03690685524
2024-10-09T19:41:00.000000 3973.727986700 -233.010053799 -5405.975191050 5.98848851581 -1.83021945880 4.47427445837
2024-10-09T19:42:00.000000 4323.364563029 -342.186090361 -5124.919268286 5.66145233015 -1.80754634698 4.89057755247
2024-10-09T19:43:00.000000 4652.564461779 -449.744503384 -4819.566773634 5.30752973712 -1.77631889913 5.28383979588
2024-10-09T19:44:00.000000 4959.763171144 -555.176040543 -4491.356826081 4.92836369670 -1.73667692855 5.65218881956
2024-10-09T19:45:00.000000 5243.498569131 -657.981024439 -4141.837755209 4.52572452373 -1.68880088826 5.99386010394
2024-10-09T19:46:00.000000 5502.418273283 -757.671893662 -3772.660022652 4.10149665595 -1.63291329653 6.30721523556
2024-10-09T19:47:00.000000 5735.286081922 -853.775530289 -3385.568531352 3.65766799249 -1.56927247199 6.59074471666
2024-10-09T19:48:00.000000 5940.988125832 -945.835393222 -2982.394730465 3.19632687915 -1.49817294146 6.84307530379
2024-10-09T19:49:00.000000 6118.538551770 -1033.413685855 -2565.048144867 2.71965081089 -1.41994483889 7.06297854769
2024-10-09T19:50:00.000000 6267.084647695 -1116.093523123 -2135.507441541 2.22989800174 -1.33495519110 7.24938023121
2024-10-09T19:51:00.000000 6385.911223829 -1193.481042872 -1695.810955551 1.72939281950 -1.24360339516 7.40136560649
2024-10-09T19:52:00.000000 6474.444330649 -1265.207293246 -1248.046992835 1.22051617396 -1.14632059936 7.51818520933
2024-10-09T19:53:00.000000 6532.254195330 -1330.930071299 -794.343824646 0.70569241992 -1.04356669615 7.59925602015
2024-10-09T19:54:00.000000 6559.057666567 -1390.335638136 -336.859539592 0.18738137654 -0.93583057947 7.64416908476
2024-10-09T19:55:00.000000 6554.719771866 -1443.140338872 122.228501277 -0.33193855928 -0.82362517948 7.65268996855
2024-10-09T19:56:00.000000 6519.254655685 -1489.091981275 580.734173025 -0.84977810952 -0.70748653842 7.62476261510
2024-10-09T19:57:00.000000 6452.825623020 -1527.971175397 1036.473396156 -1.36365706886 -0.58797096300 7.56051017132
2024-10-09T19:58:00.000000 6355.744258210 -1559.592375568 1487.274744281 -1.87111445449 -0.46564981545 7.46023108666
2024-10-09T19:59:00.000000 6228.468985198 -1583.804739348 1930.989938038 -2.36971828442 -0.34110832503 7.32439845055
2024-10-09T20:00:00.000000 6071.602989502 -1600.492884968 2365.504348878 -2.85707786910 -0.21494261509 7.15366096794
2024-10-09T20:01:00.000000 5885.891243093 -1609.577446683 2788.747431623 -3.33085955141 -0.08775680357 6.94883796585
2024-10-09T20:02:00.000000 5672.216762481 -1611.015492199 3198.702796248 -3.78879812491 0.03983957953 6.71091468446
2024-10-09T20:03:00.000000 5431.596093513 -1604.800679428 3593.417921762 -4.22870800406 0.16723676085 6.44103349710
2024-10-09T20:04:00.000000 5165.174356813 -1590.963171728 3971.013624530 -4.64849411591 0.29382999984 6.14049643116
2024-10-09T20:05:00.000000 4874.219147971 -1569.569126831 4329.692958481 -5.04616589613 0.41902033602 5.81073790714
2024-10-09T20:06:00.000000 4560.114672357 -1540.720865082 4667.749161225 -5.41983032077 0.54220473234 5.45333331252
2024-10-09T20:07:00.000000 4224.355237116 -1504.556412391 4983.574232102 -5.76771278261 0.66279693853 5.06999635527
2024-10-09T20:08:00.000000 3868.537781660 -1461.248512250 5275.666684320 -6.08816759171 0.78022572876 4.66256126158
2024-10-09T20:09:00.000000 3494.353985261 -1411.003698325 5542.638459782 -6.37968418181 0.89393640424 4.23297310931
2024-10-09T20:10:00.000000 3103.581932777 -1354.061258849 5783.221179224 -6.64089289372 1.00339205524 3.78327411467
2024-10-09T20:11:00.000000 2698.077642205 -1290.692077117 5996.271700940 -6.87056599029 1.10807722735 3.31559524682
2024-10-09T20:12:00.000000 2279.766498252 -1221.197254236 6180.777249440 -7.06762023675 1.20750001117 2.83215072754
2024-10-09T20:13:00.000000 1850.634263035 -1145.906716734 6335.860163244 -7.23112710676 1.30119167991 2.33522704606
2024-10-09T20:14:00.000000 1412.717786960 -1065.177738040 6460.781838580 -7.36031227560 1.38871002120 1.82717248081
2024-10-09T20:15:00.000000 968.095605723 -979.393251723 6554.946287369 -7.45456224109 1.46964254166 1.31039055790
2024-10-09T20:16:00.000000 518.878039474 -888.960002935 6617.902973348 -7.51343139510 1.54360757582 0.78732241853
2024-10-09T20:17:00.000000 67.197286109 -794.306725753 6649.348523983 -7.53663390270 1.61025476187 0.26043290069
2024-10-09T20:18:00.000000 -384.802193521 -695.882090009 6649.128278544 -7.52404987219 1.66926994317 -0.26778892144
2024-10-09T20:19:00.000000 -834.973762698 -594.152637552 6617.237080725 -7.47572487619 1.72037125069 -0.79484932414
2024-10-09T20:20:00.000000 -1281.178513571 -489.600737652 6553.819440649 -7.39187201904 1.76331384313 -1.31825623673
2024-10-09T20:21:00.000000 -1721.295300360 -382.722323167 6459.168919413 -7.27286932037 1.79789039289 -1.83553472896
2024-10-09T20:22:00.000000 -2153.230524878 -274.024615039 6333.726843794 -7.11925668924 1.82393212837 -2.34423587281
2024-10-09T20:23:00.000000 -2574.927790231 -164.023754906 6178.080437221 -6.93173340763 1.84131064067 -2.84194720230
2024-10-09T20:24:00.000000 -2984.377324026 -53.242444607 5992.960433707 -6.71115512162 1.84993530841 -3.32629775885
2024-10-09T20:25:00.000000 -3379.625523052 57.792396761 5779.238344745 -6.45853836260 1.84975725350 -3.79496833516
2024-10-09T20:26:00.000000 -3758.784627579 168.552265177 5537.922895352 -6.17506101074 1.84077232962 -4.24570902840
2024-10-09T20:27:00.000000 -4120.041981204 278.509611466 5270.155184290 -5.86204560911 1.82301565737 -4.67635624698
2024-10-09T20:28:00.000000 -4461.668614125 387.140213171 4977.203661675 -5.52096058248 1.79656382636 -5.08483121696
2024-10-09T20:29:00.000000 -4782.027956009 493.925718835 4660.458447115 -5.15341508222 1.76153578831 -5.46915945777
2024-10-09T20:30:00.000000 -5079.583899386 598.356168201 4321.424773378 -4.76114740170 1.71809214748 -5.82747933506
2024-10-09T20:31:00.000000 -5352.908348593 699.932473602 3961.716015712 -4.34601880712 1.66643470090 -6.15804922087
2024-10-09T20:32:00.000000 -5600.688397048 798.168871450 3583.046178021 -3.91000580216 1.60680552989 -6.45925806560
2024-10-09T20:33:00.000000 -5821.732949756 892.595316698 3187.221837610 -3.45519130259 1.53948669766 -6.72963247498
2024-10-09T20:34:00.000000 -6014.978855381 982.759878083 2776.133568238 -2.98375481829 1.46479911040 -6.96784747027
2024-10-09T20:35:00.000000 -6179.496373307 1068.230926680 2351.746872655 -2.49796316877 1.38309851408 -7.17273132637
2024-10-09T20:36:00.000000 -6314.494233102 1148.599248637 1916.092740241 -2.00016371384 1.29477670744 -7.34327475263
2024-10-09T20:37:00.000000 -6419.324048751 1223.480245215 1471.257468505 -1.49276695375 1.20026139853 -7.47864543047
2024-10-09T20:38:00.000000 -6493.483339116 1292.515845322 1019.372049093 -0.97822515889 1.10000854190 -7.57818392076
2024-10-09T20:39:00.000000 -6536.617988275 1355.376198251 562.601875999 -0.45903035335 0.99450300586 -7.64140458086
2024-10-09T20:40:00.000000 -6548.524308297 1411.761390870 103.136048203 0.06229785079 0.88425755630 -7.66800404681
2024-10-09T20:41:00.000000 -6529.150159954 1461.403045368 -356.823720036 0.58323060994 0.76980977858 -7.65786517090
2024-10-09T20:42:00.000000 -6478.595006291 1504.065652482 -815.074213572 1.10124527658 0.65171694636 -7.61105444160
2024-10-09T20:43:00.000000 -6397.109223979 1539.547638941 -1269.421675543 1.61383616195 0.53055258293 -7.52782077734
2024-10-09T20:44:00.000000 -6285.092678654 1567.682283457 -1717.692717116 2.11852796377 0.40690467256 -7.40859371644
2024-10-09T20:45:00.000000 -6143.092496978 1588.338511140 -2157.745105805 2.61289020569 0.28137257077 -7.25398150356
2024-10-09T20:46:00.000000 -5971.799958871 1601.421438719 -2587.478284338 3.09454949405 0.15456296936 -7.06476433592
2024-10-09T20:47:00.000000 -5772.046774993 1606.872748202 -3004.843611491 3.56120061906 0.02708743805 -6.84189184118
2024-10-09T20:48:00.000000 -5544.800599491 1604.670863759 -3407.854329537 4.01061892434 -0.10044152445 -6.58647573346
2024-10-09T20:49:00.000000 -5291.159925302 1594.830914130 -3794.595077924 4.44066967619 -0.22741321032 -6.29978344584
2024-10-09T20:50:00.000000 -5012.348321504 1577.404555838 -4163.231027381 4.84931984572 -0.35322123318 -5.98323014426
2024-10-09T20:51:00.000000 -4709.708097727 1552.479638939 -4512.016504145 5.23464641199 -0.47726596378 -5.63837155188
2024-10-09T20:52:00.000000 -4384.693352648 1520.179687338 -4839.303140896 5.59484713804 -0.59895893973 -5.26689341665
2024-10-09T20:53:00.000000 -4038.862551904 1480.663067327 -5143.547381145 5.92824681126 -0.71772725562 -4.87060220091
2024-10-09T20:54:00.000000 -3673.870675991 1434.122092584 -5423.317399113 6.23330413978 -0.83301241781 -4.45141412065
2024-10-09T20:55:00.000000 -3291.461028331 1380.782058209 -5677.299419268 6.50861762912 -0.94427425640 -4.01134616076
2024-10-09T20:56:00.000000 -2893.456667651 1320.900041825 -5904.303398301 6.75293063082 -1.05099379161 -3.55250379510
2024-10-09T20:57:00.000000 -2481.751667344 1254.763610037 -6103.268027201 6.96513290155 -1.15267379733 -3.07707154470
2024-10-09T20:58:00.000000 -2058.302207154 1182.689439435 -6273.265295886 7.14426624692 -1.24884222880 -2.58730669683
2024-10-09T20:59:00.000000 -1625.117196719 1105.021631367 -6413.504409793 7.28953050647 -1.33905707690 -2.08552247381
2024-10-09T21:00:00.000000 -1184.248987169 1022.129963194 -6523.334814876 7.40027823206 -1.42290427183 -1.57408061238
2024-10-09T21:01:00.000000 -737.783990926 934.408201204 -6602.248939295 7.47602218774 -1.49999831916 -1.05538257853
2024-10-09T21:02:00.000000 -287.833028242 842.272362331 -6649.884156143 7.51643619181 -1.56998350843 -0.53185646381
2024-10-09T21:03:00.000000 163.478298268 746.158862536 -6666.024001103 7.52135280309 -1.63253585142 -0.00594497683
2024-10-09T21:04:00.000000 614.019026139 646.522508135 -6650.598890469 7.49076051431 -1.68736696246 0.51989923419
2024-10-09T21:05:00.000000 1061.662243714 543.834307011 -6603.686637721 7.42480820821 -1.73422532481 1.04321685114
2024-10-09T21:06:00.000000 1504.295042664 438.579255314 -6525.512306015 7.32381249370 -1.77289552605 1.56156351109
2024-10-09T21:07:00.000000 1939.828188292 331.254235847 -6416.446804712 7.18824423083 -1.80319736592 2.07252147410
2024-10-09T21:08:00.000000 2366.205350389 222.365812331 -6277.005360076 7.01873144734 -1.82498853769 2.57369963661
2024-10-09T21:09:00.000000 2781.412730259 112.427900071 -6107.845368189 6.81606196560 -1.83816658831 3.06275363327
2024-10-09T21:10:00.000000 3183.488259411 1.959374573 -5909.763200419 6.58117087737 -1.84266818450 3.53739564793
2024-10-09T21:11:00.000000 3570.530322558 -108.518212579 -5683.690770753 6.31513917568 -1.83846769986 3.99539618493
2024-10-09T21:12:00.000000 3940.706621963 -218.482978073 -5430.691685162 6.01919500503 -1.82557999823 4.43459803309
2024-10-09T21:13:00.000000 4292.262697345 -327.415146990 -5151.956585609 5.69470446875 -1.80406037175 4.85292389040
2024-10-09T21:14:00.000000 4623.530281381 -434.799466300 -4848.798131342 5.34317413215 -1.77400422959 5.24838767749
2024-10-09T21:15:00.000000 4932.935392834 -540.127602204 -4522.644992150 4.96623789784 -1.73554680730 5.61910868397
2024-10-09T21:16:00.000000 5219.005753967 -642.900527017 -4175.035459025 4.56565184634 -1.68886284172 5.96331524909
2024-10-09T21:17:00.000000 5480.378005977 -742.630848929 -3807.610555752 4.14328885260 -1.63416546275 6.27935644994
2024-10-09T21:18:00.000000 5715.804380961 -838.845123047 -3422.106527129 3.70112744632 -1.57170637034 6.56570997487
2024-10-09T21:19:00.000000 5924.158834809 -931.086144776 -3020.346968305 3.24124591719 -1.50177507036 6.82098783757
2024-10-09T21:20:00.000000 6104.442855656 -1018.915193330 -2604.234466363 2.76581520611 -1.42469805121 7.04394689486
2024-10-09T21:21:00.000000 6255.790634468 -1101.914207273 -2175.741610512 2.27708560993 -1.34083688342 7.23349771089
2024-10-09T21:22:00.000000 6377.473520653 -1179.687792248 -1736.901641167 1.77737749131 -1.25058553673 7.38870912908
2024-10-09T21:23:00.000000 6468.903872467 -1251.865189492 -1289.798737796 1.26906798321 -1.15437103525 7.50881482958
2024-10-09T21:24:00.000000 6529.638114188 -1318.102175036 -836.558063180 0.75458125184 -1.05265039081 7.59321640946
2024-10-09T21:25:00.000000 6559.379207829 -1378.082788603 -379.335411092 0.23637422352 -0.94590805496 7.64149169570
2024-10-09T21:26:00.000000 6557.978084877 -1431.520819363 79.693303696 -0.28307886477 -0.83465038379 7.65339089964
2024-10-09T21:27:00.000000 6525.434590044 -1478.161081761 538.342348803 -0.80128996212 -0.71940582443 7.62883868424
2024-10-09T21:28:00.000000 6461.897812057 -1517.780796536 994.426881267 -1.31577537144 -0.60072573933 7.56793907517
2024-10-09T21:29:00.000000 6367.665469105 -1550.190828690 1445.773598762 -1.82406569344 -0.47917904941 7.47097379451
2024-10-09T21:30:00.000000 6243.182600976 -1575.236587905 1890.231583940 -2.32372405130 -0.35534790471 7.33840637471
2024-10-09T21:31:00.000000 6089.039039751 -1592.798718399 2325.682860832 -2.81236118009 -0.22982406441 7.17086939065
2024-10-09T21:32:00.000000 5905.966521330 -1602.793595978 2750.052390009 -3.28763705763 -0.10320662420 6.96916211129
2024-10-09T21:33:00.000000 5694.835430655 -1605.173814184 3161.318238708 -3.74727452513 0.02389581987 6.73425644652
2024-10-09T21:34:00.000000 5456.650129544 -1599.928583484 3557.521730418 -4.18908695728 0.15087421422 6.46728373867
2024-10-09T21:35:00.000000 5192.543649764 -1587.083433627 3936.776330812 -4.61096957317 0.27712633038 6.16951865614
2024-10-09T21:36:00.000000 4903.772709727 -1566.699972331 4297.276628039 -5.01090971251 0.40205125599 5.84239081642
2024-10-09T21:37:00.000000 4591.711419181 -1538.875739770 4637.307249686 -5.38700692871 0.52505367464 5.48746875004
2024-10-09T21:38:00.000000 4257.844469991 -1503.743689602 4955.250951543 -5.73747903337 0.64554854585 5.10645398534
2024-10-09T21:39:00.000000 3903.759584262 -1461.471534495 5249.596147178 -6.06067276144 0.76296308810 4.70116411290
2024-10-09T21:40:00.000000 3531.139934326 -1412.260828794 5518.943666071 -6.35506120817 0.87674269154 4.27352874319
2024-10-09T21:41:00.000000 3141.756233201 -1356.345856601 5762.013329690 -6.61925500373 0.98635068145 3.82558301787
2024-10-09T21:42:00.000000 2737.458184005 -1293.992546428 5977.649898443 -6.85201114903 1.09126943842 3.35945351288
2024-10-09T21:43:00.000000 2320.165684480 -1225.497235397 6164.828165989 -7.05223281450 1.19100355198 2.87734738628
2024-10-09T21:44:00.000000 1891.859955059 -1151.185206003 6322.657668758 -7.21897426512 1.28508414831 2.38154747592
2024-10-09T21:45:00.000000 1454.574241849 -1071.409103885 6450.386883729 -7.35144779606 1.37306736246 1.87440032644
2024-10-09T21:46:00.000000 1010.384170103 -986.547411967 6547.406698234 -7.44902927744 1.45453733686 1.35830382140
2024-10-09T21:47:00.000000 561.397933518 -897.002548538 6613.253003656 -7.51125558496 1.52911189627 0.83569181228
2024-10-09T21:48:00.000000 109.746751499 -803.198965324 6647.608767544 -7.53782518737 1.59643858469 0.30903237512
2024-10-09T21:49:00.000000 -342.425170781 -705.581302075 6650.305574778 -7.52860423410 1.65619723800 -0.21919183998
2024-10-09T21:50:00.000000 -792.970409418 -604.612389412 6621.324366309 -7.48362144834 1.70810243962 -0.74648539497
2024-10-09T21:51:00.000000 -1239.748338957 -500.771072305 6560.795786579 -7.40307388478 1.75190579420 -1.27035660748
2024-10-09T21:52:00.000000 -1680.635077441 -394.549974975 6468.999558430 -7.28732187702 1.78739633813 -1.78832915609
2024-10-09T21:53:00.000000 -2113.533233759 -286.453270765 6346.363368169 -7.13688868813 1.81440018327 -2.29794892028
2024-10-09T21:54:00.000000 -2536.381683158 -176.994418583 6193.461166328 -6.95245902720 1.83278221097 -2.79679610549
2024-10-09T21:55:00.000000 -2947.165186682 -66.693718659 6011.010865784 -6.73487812182 1.84244990963 -3.28249373485
2024-10-09T21:56:00.000000 -3343.924011271 43.924220920 5799.871357820 -6.48515001881 1.84335146345 -3.75272160905
2024-10-09T21:57:00.000000 -3724.763307964 154.332860856 5561.038796396 -6.20443299653 1.83547464632 -4.20522584398
2024-10-09T21:58:00.000000 -4087.862296344 264.006201231 5295.642338401 -5.89403730084 1.81885035723 -4.63782892358
2024-10-09T21:59:00.000000 -4431.483290534 372.421386691 5004.939118412 -5.55542092285 1.79355159185 -5.04844589588
2024-10-09T22:00:00.000000 -4753.980118014 479.061147030 4690.308322399 -5.19017527926 1.75969192458 -5.43509185488
2024-10-09T22:01:00.000000 -5053.806270843 583.416274132 4353.245126799 -4.80003073494 1.71742649296 -5.79589035144
2024-10-09T22:02:00.000000 -5329.522789600 684.988114819 3995.353547536 -4.38683913680 1.66695178850 -6.12908983205
2024-10-09T22:03:00.000000 -5579.805266724 783.290994727 3618.338896056 -3.95256631210 1.60850366683 -6.43306636102
2024-10-09T22:04:00.000000 -5803.450569376 877.854556155 3223.999883743 -3.49928772442 1.54235693662 -6.70633283392
2024-10-09T22:05:00.000000 -5999.383084660 968.226112705 2814.220066559 -3.02917685265 1.46882583013 -6.94754901266
2024-10-09T22:06:00.000000 -6166.660355257 1053.973011554 2390.958787417 -2.54449641726 1.38826357012 -7.15553129738
2024-10-09T22:07:00.000000 -6304.477949898 1134.684839761 1956.241525595 -2.04758308453 1.30105741470 -7.32925858100
2024-10-09T22:08:00.000000 -6412.173687220 1209.975411102 1512.150014403 -1.54083950254 1.20762776464 -7.46787877508
2024-10-09T22:09:00.000000 -6489.231124257 1279.484716947 1060.811883897 -1.02671889627 1.10842632518 -7.57071432897
2024-10-09T22:10:00.000000 -6535.282242757 1342.880724941 604.390103487 -0.50771351469 1.00393356060 -7.63726560649
2024-10-09T22:11:00.000000 -6550.109380666 1399.861046790 145.072163091 0.01365976425 0.89465669332 -7.66721533831
2024-10-09T22:12:00.000000 -6533.646264933 1450.154451073 -314.940894153 0.53487341694 0.78112667821 -7.66042911666
2024-10-09T22:13:00.000000 -6485.978262736 1493.522212341 -773.445497270 1.05340313472 0.66389542985 -7.61695719519
2024-10-09T22:14:00.000000 -6407.341712960 1529.759247174 -1228.246562057 1.56674274667 0.54353187118 -7.53703154713
2024-10-09T22:15:00.000000 -6298.122475890 1558.695038575 -1677.168276560 2.07241608087 0.42061886283 -7.42106135465
2024-10-09T22:16:00.000000 -6158.853968769 1580.194431198 -2118.064644631 2.56798222114 0.29575207365 -7.26963314249
2024-10-09T22:17:00.000000 -5990.214549602 1594.158295902 -2548.830312189 3.05105365620 0.16953607905 -7.08351403155
2024-10-09T22:18:00.000000 -5793.023766423 1600.523994419 -2967.411246249 3.51931606886 0.04258158123 -6.86364558196
2024-10-09T22:19:00.000000 -5568.237475522 1599.265509776 -3371.814638039 3.97053872630 -0.08450162865 -6.61112539693
2024-10-09T22:20:00.000000 -5316.942858190 1590.393428421 -3760.118259552 4.40257780119 -0.21110349347 -6.32720846599
2024-10-09T22:21:00.000000 -5040.352720256 1573.954846361 -4130.479703046 4.81339150130 -0.33661786369 -6.01329855410
2024-10-09T22:22:00.000000 -4739.799102128 1550.032995694 -4481.145000299 5.20104799348 -0.46044706020 -5.67093885896
2024-10-09T22:23:00.000000 -4416.726435502 1518.746650921 -4810.456787593 5.56373493836 -0.58200400566 -5.30180404548
2024-10-09T22:24:00.000000 -4072.684113856 1480.249484215 -5116.861771984 5.89976610885 -0.70071308804 -4.90768735020
2024-10-09T22:25:00.000000 -3709.318817108 1434.729234765 -5398.917679831 6.20758613005 -0.81601502689 -4.49049473786
2024-10-09T22:26:00.000000 -3328.366410120 1382.406646569 -5655.299758255 6.48577949421 -0.92736951571 -4.05223581677
2024-10-09T22:27:00.000000 -2931.643296838 1323.534197497 -5884.806539506 6.73307652076 -1.03425946529 -3.59500759705
2024-10-09T22:28:00.000000 -2521.037806099 1258.394728635 -6086.364789673 6.94834997650 -1.13618928580 -3.12098806666
2024-10-09T22:29:00.000000 -2098.501311344 1187.300161354 -6259.034319385 7.13062806046 -1.23268606319 -2.63243090572
2024-10-09T22:30:00.000000 -1666.038730834 1110.590008155 -6402.011895495 7.27909660768 -1.32330346547 -2.13164516172
2024-10-09T22:31:00.000000 -1225.699212608 1028.629698253 -6514.634269810 7.39309577587 -1.40762424536 -1.62098729181
2024-10-09T22:32:00.000000 -779.566757666 941.808796372 -6596.380834646 7.47212433029 -1.48526115731 -1.10285347513
2024-10-09T22:33:00.000000 -329.750658714 850.539196826 -6646.875603985 7.51583969489 -1.55585718338 -0.57966627760
2024-10-09T22:34:00.000000 121.623900249 755.253295019 -6665.888574570 7.52405504256 -1.61908640843 -0.05386891694
2024-10-09T22:35:00.000000 572.425300042 656.401993518 -6653.336853118 7.49674386200 -1.67465853000 0.47207949689
2024-10-09T22:36:00.000000 1020.525343547 554.452531741 -6609.285193878 7.43404682966 -1.72231876965 0.99572051271
2024-10-09T22:37:00.000000 1463.809103024 449.886409378 -6533.945415377 7.33626434956 -1.76184689703 1.51461117590
2024-10-09T22:38:00.000000 1900.184392699 343.197211636 -6427.675261893 7.20385314275 -1.79306082157 2.02633208709
2024-10-09T22:39:00.000000 2327.591031751 234.888341733 -6290.976857823 7.03742522739 -1.81581442222 2.52848994350
2024-10-09T22:40:00.000000 2744.010481084 125.470900097 -6124.494758353 6.83775503601 -1.82999844785 3.01873520741
2024-10-09T22:41:00.000000 3147.475107163 15.461313762 -5929.012803289 6.60576355234 -1.83554455555 3.49477378057
2024-10-09T22:42:00.000000 3536.076993378 -94.621104456 -5705.450776682 6.34252088339 -1.83242475234 3.95437134966
2024-10-09T22:43:00.000000 3907.976720985 -204.256499811 -5454.860345174 6.04923847805 -1.82064845036 4.39536608249
2024-10-09T22:44:00.000000 4261.411805750 -312.926739039 -5178.420708300 5.72727053699 -1.80026458549 4.81567088411
2024-10-09T22:45:00.000000 4594.705277162 -420.117881893 -4877.433591432 5.37811139068 -1.77136357086 5.21329152512
2024-10-09T22:46:00.000000 4906.273720299 -525.322582158 -4553.317301680 5.00338374532 -1.73407463119 5.58633698303
2024-10-09T22:47:00.000000 5194.634785777 -628.042429415 -4207.600368497 4.60483295434 -1.68856654348 5.93302560601
2024-10-09T22:48:00.000000 5458.414390635 -727.790306126 -3841.914721374 4.18432161836 -1.63504671599 6.25169396448
2024-10-09T22:49:00.000000 5696.353530578 -824.092701312 -3457.988274947 3.74382105327 -1.57376143260 6.54080769695
2024-10-09T22:50:00.000000 5907.314465120 -916.492024888 -3057.636960079 3.28540099253 -1.50499470963 6.79896807145
2024-10-09T22:51:00.000000 6090.286446002 -1004.548823805 -2642.756388670 2.81122345493 -1.42906702215 7.02491945871
2024-10-09T22:52:00.000000 6244.390950705 -1087.843936907 -2215.312976926 2.32353182384 -1.34633393697 7.21755846422
2024-10-09T22:53:00.000000 6368.886215500 -1165.980555239 -1777.334647923 1.82463967509 -1.25718486794 7.37593921917
2024-10-09T22:54:00.000000 6463.171112941 -1238.586206761 -1330.901179003 1.31691909387 -1.16204101918 7.49928015714
2024-10-09T22:55:00.000000 6526.788277028 -1305.314559451 -878.134217198 0.80278830041 -1.06135221470 7.58696733387
2024-10-09T22:56:00.000000 6559.426592950 -1365.847115080 -421.187158808 0.28470244749 -0.95559641915 7.63855744317
2024-10-09T22:57:00.000000 6560.923037438 -1419.894860880 37.765271449 -0.23485960902 -0.84527794624 7.65378329099
2024-10-09T22:58:00.000000 6531.263709126 -1467.199739046 496.537677033 -0.75340859683 -0.73092357028 7.63255711405
2024-10-09T22:59:00.000000 6470.583922581 -1507.535858184 952.944760529 -1.26846208404 -0.61307822777 7.57496848408
2024-10-09T23:00:00.000000 6379.167568059 -1540.710557344 1404.811812445 -1.77755106867 -0.49230507304 7.48128180716
2024-10-09T23:01:00.000000 6257.445931632 -1566.565507969 1849.985378927 -2.27823458339 -0.36918425198 7.35194085017
2024-10-09T23:02:00.000000 6105.995557908 -1584.977507450 2286.343850608 -2.76811288803 -0.24430561123 7.18756258626
2024-10-09T23:03:00.000000 5925.535447263 -1595.858951850 2711.807824742 -3.24484043020 -0.11826575464 6.98893648786
2024-10-09T23:04:00.000000 5716.923318613 -1599.158225425 3124.350234759 -3.70613971587 0.00833263616 6.75701606363
2024-10-09T23:05:00.000000 5481.151361043 -1594.859979254 3522.006046761 -4.14980812746 0.13488391088 6.49291543539
2024-10-09T23:06:00.000000 5219.341279753 -1582.985196360 3902.881741497 -4.57373304377 0.26078327997 6.19790236776
2024-10-09T23:07:00.000000 4932.738635315 -1563.591028439 4265.164219146 -4.97589912135 0.38543084944 5.87338847082
2024-10-09T23:08:00.000000 4622.706916484 -1536.770357204 4607.129319090 -5.35439270632 0.50823554571 5.52092696383
2024-10-09T23:09:00.000000 4290.720983888 -1502.651285098 4927.150159214 -5.70741679359 0.62861450005 5.14220495826
2024-10-09T23:10:00.000000 3938.359818366 -1461.396574396 5223.704860169 -6.03329946422 0.74599610268 4.73903400569
2024-10-09T23:11:00.000000 3567.298723820 -1413.202833509 5495.383673154 -6.33050296248 0.85982430995 4.31333796165
2024-10-09T23:12:00.000000 3179.301139851 -1358.299483001 5740.895321949 -6.59762718917 0.96956193895 3.86714038727
2024-10-09T23:13:00.000000 2776.210364378 -1296.947564737 5959.072798693 -6.83341139375 1.07469195083 3.40255973641
2024-10-09T23:14:00.000000 2359.940870120 -1229.438565992 6148.878868382 -7.03674573337 1.17471700266 2.92180016122
2024-10-09T23:15:00.000000 1932.469139932 -1156.093088378 6309.410680881 -7.20667213940 1.26916471030 2.42713620810
2024-10-09T23:16:00.000000 1495.824502199 -1077.259288670 6439.903928867 -7.34238943333 1.35758898026 1.92090953108
2024-10-09T23:17:00.000000 1052.079490225 -993.311241309 6539.736369999 -7.44325789598 1.43957272136 1.40551139683
2024-10-09T23:18:00.000000 603.340257688 -904.647138245 6608.430507168 -7.50879715110 1.51472881899 0.88337502705
2024-10-09T23:19:00.000000 151.736770425 -811.687446666 6645.655847491 -7.53869422441 1.58270264172 0.35696296862
2024-10-09T23:20:00.000000 -300.587003855 -714.872953184 6651.230189135 -7.53279498419 1.64317114905 -0.17124251262
2024-10-09T23:21:00.000000 -751.482880834 -614.662798387 6625.120786330 -7.49111395795 1.69584632750 -0.69874599202
2024-10-09T23:22:00.000000 -1198.808549555 -511.532329062 6567.444549136 -7.41383178919 1.74047600929 -1.22305594420
2024-10-09T23:23:00.000000 -1640.437428828 -405.970909624 6478.467549041 -7.30129183329 1.77684534979 -1.74169269821
2024-10-09T23:24:00.000000 -2074.268473887 -298.479643730 6358.604102299 -7.15400250500 1.80477816555 -2.25219687268
2024-10-09T23:25:00.000000 -2498.236065206 -189.569023419 6208.415087867 -6.97263527954 1.82413763356 -2.75214429205
2024-10-09T23:26:00.000000 -2910.319661616 -79.756566930 6028.605576536 -6.75802108559 1.83482647474 -3.23915404033
2024-10-09T23:27:00.000000 -3308.553346361 30.435572364 5820.021947720 -6.51114975653 1.83678762258 -3.71089873108
2024-10-09T23:28:00.000000 -3691.035328342 140.483033986 5583.648289989 -6.23316804083 1.83000434624 -4.16511788892
2024-10-09T23:29:00.000000 -4055.937142515 249.861641262 5320.602037995 -5.92537283153 1.81449994328 -4.59962846695
2024-10-09T23:30:00.000000 -4401.512536896 358.049908988 5032.128958655 -5.58920576938 1.79034108299 -5.01233770586
2024-10-09T23:31:00.000000 -4726.105950165 464.531644934 4719.597558862 -5.22624893375 1.75763713020 -5.40124853850
2024-10-09T23:32:00.000000 -5028.160881185 568.798406939 4384.492893299 -4.83821988415 1.71653675819 -5.76447544184
2024-10-09T23:33:00.000000 -5306.227642559 670.351907168 4028.409561656 -4.42696001466 1.66723029252 -6.10025374745
2024-10-09T23:34:00.000000 -5558.970549624 768.706522010 3653.044236005 -3.99442701340 1.60994910100 -6.40694708727
2024-10-09T23:35:00.000000 -5785.174672020 863.391679758 3260.187694523 -3.54268692295 1.54496321952 -6.68305611742
2024-10-09T23:36:00.000000 -5983.752120361 953.954157350 2851.716347163 -3.07390655471 1.47258108258 -6.92722807551
2024-10-09T23:37:00.000000 -6153.747650375 1039.960381789 2429.583130830 -2.59033854116 1.39314865978 -7.13826501761
2024-10-09T23:38:00.000000 -6294.343595116 1120.998583594 1995.808124424 -2.09431520966 1.30704672642 -7.31512869342
2024-10-09T23:39:00.000000 -6404.864328612 1196.680874700 1552.468625889 -1.58823619007 1.21469016993 -7.45695140731
2024-10-09T23:40:00.000000 -6484.779805162 1266.645225369 1101.688722930 -1.07455174326 1.11652566813 -7.56304166619
2024-10-09T23:41:00.000000 -6533.708141750 1330.557291006 645.628710614 -0.55574876881 1.01302881719 -7.63288347014
2024-10-09T23:42:00.000000 -6551.417639520 1388.112067737 186.474531604 -0.03434495428 0.90470203289 -7.66614029897
2024-10-09T23:43:00.000000 -6537.828079657 1439.035480598 -273.573306354 0.48713192473 0.79207325314 -7.66266221591
2024-10-09T23:44:00.000000 -6493.010860180 1483.085762554 -732.310692876 1.00615611237 0.67569008301 -7.62247865167
2024-10-09T23:45:00.000000 -6417.188691165 1520.054428721 -1187.540852439 1.52021400396 0.55611459208 -7.54580553583
2024-10-09T23:46:00.000000 -6310.734314791 1549.767305223 -1637.085329204 2.02681729327 0.43392895823 -7.43303810852
2024-10-09T23:47:00.000000 -6174.168548792 1572.085567501 -2078.795064145 2.52352512130 0.30972685212 -7.28475792864
2024-10-09T23:48:00.000000 -6008.156987557 1586.906211411 -2510.560897069 3.00795093892 0.18410904576 -7.10171419557
2024-10-09T23:49:00.000000 -5813.506572397 1594.162455123 -2930.323809924 3.47777258640 0.05768151158 -6.88482824232
2024-10-09T23:50:00.000000 -5591.161271446 1593.823989343 -3336.085098001 3.93074778699 -0.06894629792 -6.63518790876
2024-10-09T23:51:00.000000 -5342.196808829 1585.897058236 -3725.915990760 4.36472756125 -0.19516622819 -6.35403424812
2024-10-09T23:52:00.000000 -5067.814978676 1570.424298388 -4097.966634823 4.77766013946 -0.32037362570 -6.04275663550
2024-10-09T23:53:00.000000 -4769.337483098 1547.484405641 -4450.474868170 5.16760230614 -0.44397225353 -5.70288740378
2024-10-09T23:54:00.000000 -4448.199048011 1517.191537976 -4781.774480501 5.53273144385 -0.56537579491 -5.33608999061
2024-10-09T23:55:00.000000 -4105.939988135 1479.694698258 -5090.302652150 5.87135079285 -0.68401046701 -4.94414561499
2024-10-09T23:56:00.000000 -3744.198620160 1435.176816349 -5374.606814078 6.18189133289 -0.79931899904 -4.52894773389
2024-10-09T23:57:00.000000 -3364.703346051 1383.853766777 -5633.351239082 6.46292092459 -0.91076071891 -4.09249592390
2024-10-09T23:58:00.000000 -2969.264151204 1325.973313164 -5865.323062229 6.71315342853 -1.01781407766 -3.63688373098
2024-10-09T23:59:00.000000 -2559.763674057 1261.813820927 -6069.437525476 6.93145410220 -1.11998116055 -3.16428551609
2024-10-10T00:00:00.000000 -2138.148068131 1191.682766400 -6244.742355855 7.11683911528 -1.21678933735 -2.67694119166
2024-10-10T00:01:00.000000 -1706.418094702 1115.915266854 -6390.421588242 7.26847374947 -1.30779026415 -2.17715456194
2024-10-10T00:02:00.000000 -1266.619826949 1034.872466455 -6505.799187577 7.38568358572 -1.39256554288 -1.66728316931
2024-10-10T00:03:00.000000 -820.834925372 948.939721036 -6590.341668649 7.46795514266 -1.47072589868 -1.14971797337
2024-10-10T00:04:00.000000 -371.171311681 858.524853439 -6643.659875416 7.51492694960 -1.54191252488 -0.62688000655
2024-10-10T00:05:00.000000 80.246157176 764.056250782 -6665.510746348 7.52639691262 -1.60579871001 -0.10121650714
2024-10-10T00:06:00.000000 531.285466982 665.980903015 -6655.798562338 7.50232965853 -1.66209121119 0.42481198719
2024-10-10T00:07:00.000000 979.817409595 564.762392277 -6614.575113349 7.44285237393 -1.71053066052 0.94875053967
2024-10-10T00:08:00.000000 1423.725170970 460.878757375 -6542.039164680 7.34825118416 -1.75089455159 1.46815667012
2024-10-10T00:09:00.000000 1860.913783219 354.820327559 -6438.535380174 7.21896685831 -1.78299566718 1.98060995546
2024-10-10T00:10:00.000000 2289.319403321 247.087549754 -6304.552996055 7.05559841724 -1.80668444544 2.48371357281
2024-10-10T00:11:00.000000 2706.918997689 138.188682167 -6140.723822591 6.85890501124 -1.82185004115 2.97511546840
2024-10-10T00:12:00.000000 3111.739538022 28.637507898 -5947.819163004 6.62979312818 -1.82841870062 3.45251806065
2024-10-10T00:13:00.000000 3501.866754524 -81.048862133 -5726.746522310 6.36931543379 -1.82635378686 3.91367941276
2024-10-10T00:14:00.000000 3875.454044088 -190.352326819 -5478.546016503 6.07867514750 -1.81565917802 4.35642465806
2024-10-10T00:15:00.000000 4230.731327407 -298.756231554 -5204.385726289 5.75921706402 -1.79637934745 4.77866445012
2024-10-10T00:16:00.000000 4566.013249595 -405.747816947 -4905.556501747 5.41242129145 -1.76859928191 5.17839689514
2024-10-10T00:17:00.000000 4879.707278202 -510.820613758 -4583.466316249 5.03989941239 -1.73244396408 5.55372197099
2024-10-10T00:18:00.000000 5170.321252419 -613.476858971 -4239.633925173 4.64338509991 -1.68807823395 5.90284796211
2024-10-10T00:19:00.000000 5436.470590344 -713.229834643 -3875.682111188 4.22472944920 -1.63570542608 6.22410066240
2024-10-10T00:20:00.000000 5676.885111192 -809.606177772 -3493.330348050 3.78589334988 -1.57556722070 6.51593276731
2024-10-10T00:21:00.000000 5890.415363898 -902.148135098 -3094.386946433 3.32893918075 -1.50794195788 6.77693133485
2024-10-10T00:22:00.000000 6076.038544458 -990.415747172 -2680.740716352 2.85602404109 -1.43314453901 7.00582857714
2024-10-10T00:23:00.000000 6232.863677932 -1073.989002219 -2254.351950486 2.36938274603 -1.35152436075 7.20150915654
2024-10-10T00:24:00.000000 6360.136042036 -1152.469848797 -1817.243309980 1.87132200410 -1.26346420367 7.36301076644
2024-10-10T00:25:00.000000 6457.241282619 -1225.484199117 -1371.490287174 1.36421095044 -1.16937966423 7.48953656501
2024-10-10T00:26:00.000000 6523.708606559 -1292.683801511 -919.211106444 0.85046365007 -1.06971560430 7.58045860402
2024-10-10T00:27:00.000000 6559.213226659 -1353.747894671 -462.556662712 0.33253274599 -0.96494369002 7.63531632154
2024-10-10T00:28:00.000000 6563.578487750 -1408.384852628 -3.700190326 -0.18710058179 -0.85556287550 7.65382788278
2024-10-10T00:29:00.000000 6536.776831663 -1456.333677323 455.173576662 -0.70595002002 -0.74209471381 7.63588985882
2024-10-10T00:30:00.000000 6478.929892583 -1497.365326036 911.878918727 -1.22152975257 -0.62508250856 7.58157419184
2024-10-10T00:31:00.000000 6390.308091580 -1531.283909469 1364.239837249 -1.73136874251 -0.50508732048 7.49113237514
2024-10-10T00:32:00.000000 6271.329357683 -1557.927624361 1810.100743673 -2.23302349163 -0.38268344912 7.36499319300
2024-10-10T00:33:00.000000 6122.557021323 -1577.169440645 2247.336986934 -2.72409257978 -0.25845576428 7.20375803971
2024-10-10T00:34:00.000000 5944.696988621 -1588.917715668 2673.865095966 -3.20222671738 -0.13299820583 7.00819784033
2024-10-10T00:35:00.000000 5738.594286471 -1593.116599277 3087.652859974 -3.66513971836 -0.00690944030 6.77924957959
2024-10-10T00:36:00.000000 5505.228953375 -1589.746255630 3486.729140839 -4.11061904505 0.11920887682 6.51801132340
2024-10-10T00:37:00.000000 5245.711269801 -1578.823015144 3869.193417938 -4.53653829837 0.24475329032 6.22573799158
2024-10-10T00:38:00.000000 4961.276171689 -1560.399343083 4233.224980883 -4.94087046652 0.36912384557 5.90383340167
2024-10-10T00:39:00.000000 4653.276995886 -1534.563476299 4577.091571838 -5.32169729352 0.49172860324 5.55384025059
2024-10-10T00:40:00.000000 4323.178798170 -1501.438874015 4899.157377035 -5.67721291851 0.61198555538 5.17742981872
2024-10-10T00:41:00.000000 3972.551485801 -1461.183593748 5197.890717142 -6.00573115988 0.72932385830 4.77640149255
2024-10-10T00:42:00.000000 3603.062125052 -1413.989495574 5471.871412411 -6.30570063385 0.84318846813 4.35266938697
2024-10-10T00:43:00.000000 3216.466760547 -1360.081228804 5719.797231697 -6.57570734397 0.95304115239 3.90824986210
2024-10-10T00:44:00.000000 2814.602020809 -1299.715197488 5940.489800285 -6.81448005956 1.05836258340 3.44525329103
2024-10-10T00:45:00.000000 2399.376428807 -1233.178302938 6132.899913648 -7.02089411912 1.15865553667 2.96587367073
2024-10-10T00:46:00.000000 1972.761440730 -1160.786598352 6296.112340465 -7.19397766003 1.25344616358 2.47238110104
2024-10-10T00:47:00.000000 1536.782136246 -1082.883784313 6429.350026445 -7.33291521530 1.34228662399 1.96710929251
2024-10-10T00:48:00.000000 1093.507797736 -999.839627292 6531.977566894 -7.43704896526 1.42475689715 1.45244480168
2024-10-10T00:49:00.000000 645.042328779 -912.048159592 6603.504171165 -7.50588476983 1.50046820865 0.93081917670
2024-10-10T00:50:00.000000 193.514320650 -819.925780991 6643.585776876 -7.53909129425 1.56906349012 0.40469023428
2024-10-10T00:51:00.000000 -258.932553568 -723.909406174 6652.026606642 -7.53649967363 1.63021670938 -0.12345813671
2024-10-10T00:52:00.000000 -710.149546398 -624.454463486 6628.780294421 -7.49810892294 1.68363673650 -0.65113185820
2024-10-10T00:53:00.000000 -1157.992824789 -522.032797627 6573.950153300 -7.42408372960 1.72906810675 -1.17583745049
2024-10-10T00:54:00.000000 -1600.333383268 -417.130425755 6487.788817253 -7.31475340095 1.76629382284 -1.69509282489
2024-10-10T00:55:00.000000 -2035.066894584 -310.245295988 6370.697274989 -7.17061169998 1.79513306298 -2.20643640726
2024-10-10T00:56:00.000000 -2460.123612774 -201.885050681 6223.223265130 -6.99231656844 1.81544402142 -2.70744052508
2024-10-10T00:57:00.000000 -2873.478051789 -92.564637775 6046.058920069 -6.78068513491 1.82712502278 -3.19572104251
2024-10-10T00:58:00.000000 -3273.158493616 17.196077613 5840.037871321 -6.53669213231 1.83011370327 -3.66894699904
2024-10-10T00:59:00.000000 -3657.256401847 126.874711268 5606.131791913 -6.26146890594 1.82438902418 -4.12485012126
2024-10-10T01:00:00.000000 -4023.935727150 235.948885493 5345.446173966 -5.95629887569 1.80997198485 -4.56124031857
2024-10-10T01:01:00.000000 -4371.441809155 343.898714322 5059.215298184 -5.62261055791 1.78692446093 -4.97601633522
2024-10-10T01:02:00.000000 -4698.109913406 450.209212592 4748.796665130 -5.26197250955 1.75534791493 -5.36717350963
2024-10-10T01:03:00.000000 -5002.373481401 554.372723715 4415.664879289 -4.87608752464 1.71538574880 -5.73281473703
2024-10-10T01:04:00.000000 -5282.771999870 655.891451085 4061.404844278 -4.46678562142 1.66722248974 -6.07116233176
2024-10-10T01:05:00.000000 -5537.958332308 754.279898053 3687.704440292 -4.03601625449 1.61108400200 -6.38056281689
2024-10-10T01:06:00.000000 -5766.705781931 849.067246832 3296.346595563 -3.58584163619 1.54723287700 -6.65950375046
2024-10-10T01:07:00.000000 -5967.914334723 939.799647218 2889.200593613 -3.11842037298 1.47597314460 -6.90661961055
2024-10-10T01:08:00.000000 -6140.616190581 1026.042667302 2468.213092724 -2.63599994588 1.39764671593 -7.12069833792
2024-10-10T01:09:00.000000 -6283.980820942 1107.383426941 2035.398636389 -2.14090620476 1.31263010319 -7.30069046597
2024-10-10T01:10:00.000000 -6397.319243120 1183.432657811 1592.829728428 -1.63552972253 1.22133341373 -7.44571382234
2024-10-10T01:11:00.000000 -6480.087602321 1253.826631719 1142.626668508 -1.12231533070 1.12419746956 -7.55505851512
2024-10-10T01:12:00.000000 -6531.890008388 1318.228939972 686.947067260 -0.60374827012 1.02169162170 -7.62819107297
2024-10-10T01:13:00.000000 -6552.480645964 1376.332130370 227.975185404 -0.08234410887 0.91431191744 -7.66475752548
2024-10-10T01:14:00.000000 -6541.765186589 1427.859321985 -232.088946244 0.43936510801 0.80258074983 -7.66458576653
2024-10-10T01:15:00.000000 -6499.801528195 1472.565740561 -691.040581926 0.95884100484 0.68704572652 -7.62769426840
2024-10-10T01:16:00.000000 -6426.799137557 1510.239884825 -1146.681922249 1.47357422674 0.56826515472 -7.55429127482
2024-10-10T01:17:00.000000 -6323.117122922 1540.704134612 -1596.832688039 1.98108302154 0.44681407859 -7.44475237216
2024-10-10T01:18:00.000000 -6189.262741363 1563.816033471 -2039.340564410 2.47891556917 0.32328592258 -7.29963705678
2024-10-10T01:19:00.000000 -6025.888738968 1579.468851888 -2472.092257732 2.96467621194 0.19827845272 -7.11968377264
2024-10-10T01:20:00.000000 -5833.789623782 1587.591957031 -2893.023942346 3.43603809307 0.07239645181 -6.90580199244
2024-10-10T01:21:00.000000 -5613.897148088 1588.151065250 -3300.131237112 3.89075398493 -0.05375368896 -6.65906258456
2024-10-10T01:22:00.000000 -5367.275305225 1581.148241565 -3691.478743868 4.32666484431 -0.17956744406 -6.38069272914
2024-10-10T01:23:00.000000 -5095.114783274 1566.621736797 -4065.209238107 4.74170910395 -0.30444340460 -6.07207103850
2024-10-10T01:24:00.000000 -4798.726571890 1544.645660845 -4419.552463801 5.13393878301 -0.42778809910 -5.73471358503
2024-10-10T01:25:00.000000 -4479.535258101 1515.329517427 -4752.832989501 5.50151622639 -0.54901559163 -5.37026633571
2024-10-10T01:26:00.000000 -4139.072034934 1478.817619493 -5063.477997774 5.84272759664 -0.66755212663 -4.98050157355
2024-10-10T01:27:00.000000 -3778.966997764 1435.288266374 -5350.024483933 6.15599094632 -0.78283905127 -4.56730562419
2024-10-10T01:28:00.000000 -3400.941062130 1384.952755715 -5611.125807647 6.43986209951 -0.89433551504 -4.13266947673
2024-10-10T01:29:00.000000 -3006.797488784 1328.054245811 -5845.557648110 6.69304106905 -1.00152066934 -3.67867751237
2024-10-10T01:30:00.000000 -2598.413096807 1264.866477091 -6052.223296238 6.91437700328 -1.10389657098 -3.20749708450
2024-10-10T01:31:00.000000 -2177.729206393 1195.692340659 -6230.158199111 7.10286987631 -1.20098903729 -2.72136402126
2024-10-10T01:32:00.000000 -1746.742652197 1120.862494438 -6378.533919120 7.25767141777 -1.29234747344 -2.22257943308
2024-10-10T01:33:00.000000 -1307.496300960 1040.733739663 -6496.661656775 7.37809445126 -1.37755212447 -1.71349263191
2024-10-10T01:34:00.000000 -862.069697002 955.687125415 -6583.994792708 7.46360419735 -1.45621342841 -1.19649464161
2024-10-10T01:35:00.000000 -412.569647446 866.126251744 -6640.131248828 7.51382664713 -1.52796951013 -0.67400958546
2024-10-10T01:36:00.000000 38.879395493 772.475535350 -6664.815195361 7.52854938836 -1.59248924539 -0.14848706666
2024-10-10T01:37:00.000000 490.145231591 675.178216483 -6657.938071617 7.50772512331 -1.64947649542 0.37761667730
2024-10-10T01:38:00.000000 939.097613155 574.694241331 -6619.538649565 7.45146622325 -1.69867048330 0.90184805580
2024-10-10T01:39:00.000000 1383.617794663 471.498198187 -6549.802611266 7.36004339143 -1.73984386206 1.42176475734
2024-10-10T01:40:00.000000 1821.607981539 366.077197389 -6449.061668170 7.23388389243 -1.77280743041 1.93494271329
2024-10-10T01:41:00.000000 2251.000746981 258.928587767 -6317.792236411 7.07357389845 -1.79740807932 2.43898487783
2024-10-10T01:42:00.000000 2669.768573468 150.557866987 -6156.613274609 6.87985498693 -1.81352812445 2.93153877519
2024-10-10T01:43:00.000000 3075.932867285 41.476419872 -5966.283519332 6.65361716736 -1.82108911616 3.41029787608
2024-10-10T01:44:00.000000 3467.572968177 -67.800830895 -5747.698485666 6.39590131009 -1.82005162303 3.87301137778
2024-10-10T01:45:00.000000 3842.835201364 -176.757784609 -5501.886757881 6.10789890502 -1.81041596010 4.31749727308
2024-10-10T01:46:00.000000 4199.941730469 -284.879575793 -5230.005439470 5.79094566309 -1.79222313932 4.74165531556
2024-10-10T01:47:00.000000 4537.198987495 -391.655013596 -4933.334856690 5.44651224271 -1.76555418722 5.14347968936
2024-10-10T01:48:00.000000 4853.005489202 -496.578908100 -4613.272745928 5.07619717317 -1.73052806073 5.52106400592
2024-10-10T01:49:00.000000 5145.859350462 -599.154388623 -4271.328068066 4.68172120150 -1.68730360211 5.87260774086
2024-10-10T01:50:00.000000 5414.365523570 -698.895293120 -3909.114394598 4.26492340812 -1.63607793258 6.19642669902
2024-10-10T01:51:00.000000 5657.242644794 -795.328348298 -3528.342663679 3.82775356029 -1.57708403766 6.49096003703
2024-10-10T01:52:00.000000 5873.329586492 -887.995450421 -3130.813559365 3.37226847822 -1.51059508610 6.75477993099
2024-10-10T01:53:00.000000 6061.591470967 -976.456068515 -2718.409053721 2.90061656243 -1.43692269685 6.98660569282
2024-10-10T01:54:00.000000 6221.124762127 -1060.289372833 -2293.083460738 2.41502636050 -1.35641125962 7.18530730577
2024-10-10T01:55:00.000000 6351.161852966 -1139.096144525 -1856.854296371 1.91779929981 -1.26943728241 7.34990851968
2024-10-10T01:56:00.000000 6451.075211544 -1212.500784997 -1411.792831640 1.41130067964 -1.17641117105 7.47959564978
2024-10-10T01:57:00.000000 6520.380789810 -1280.153220627 -960.014093783 0.89794591791 -1.07777276560 7.57372474003
2024-10-10T01:58:00.000000 6558.740611834 -1341.730607791 -503.666558941 0.38018642977 -0.97398980114 7.63182495091
2024-10-10T01:59:00.000000 6565.964533977 -1396.938984716 -44.921708717 -0.13950410875 -0.86555696604 7.65360036913
2024-10-10T02:00:00.000000 6542.011201002 -1445.514775050 414.036405698 -0.65864037501 -0.75299142175 7.63892783879
2024-10-10T02:01:00.000000 6486.988574204 -1487.226039604 871.021630903 -1.17473239219 -0.63683077998 7.58786136139
2024-10-10T02:02:00.000000 6401.153815899 -1521.873702072 1323.856552721 -1.68530110570 -0.51763198480 7.50063990759
2024-10-10T02:03:00.000000 6284.911754223 -1549.292457165 1770.383507070 -2.18790491463 -0.39596284747 7.37767835874
2024-10-10T02:04:00.000000 6138.812780111 -1569.351473800 2208.474713552 -2.68013299324 -0.27240536994 7.21956114731
2024-10-10T02:05:00.000000 5963.550418959 -1581.955147405 2636.042888821 -3.15963192555 -0.14755049552 7.02705067624
2024-10-10T02:06:00.000000 5759.957352084 -1587.043531907 3051.051189116 -3.62411323929 -0.02199550560 6.80106579721
2024-10-10T02:07:00.000000 5529.001624140 -1584.592581645 3451.522875334 -4.07135756499 0.10366067498 6.54269067038
2024-10-10T02:08:00.000000 5271.781923173 -1574.614248011 3835.550971380 -4.49923121318 0.22881706450 6.25316559235
2024-10-10T02:09:00.000000 4989.522076124 -1557.156504472 4201.307453915 -4.90569867633 0.35287530074 5.93388041573
2024-10-10T02:10:00.000000 4683.564856225 -1532.302962207 4547.051864522 -5.28883072663 0.47524624344 5.58636187485
2024-10-10T02:11:00.000000 4355.365636329 -1500.172330943 4871.139356318 -5.64680486051 0.59534879164 5.21227162813
2024-10-10T02:12:00.000000 4006.485437989 -1460.917886893 5172.028787280 -5.97792513535 0.71261284740 4.81340144779
2024-10-10T02:13:00.000000 3638.583041871 -1414.726675942 5448.289936303 -6.28062883483 0.82648309644 4.39165509618
2024-10-10T02:14:00.000000 3253.406915563 -1361.818578055 5698.609971194 -6.55349044271 0.93642092198 3.94904031886
2024-10-10T02:15:00.000000 2852.786802380 -1302.445203036 5921.799348769 -6.79522611627 1.04190746381 3.48765730497
2024-10-10T02:16:00.000000 2438.625175259 -1236.888703235 6116.797195563 -7.00469742966 1.14244386543 3.00969403674
2024-10-10T02:17:00.000000 2012.888167668 -1165.460426815 6282.676202635 -7.18092085586 1.23755673964 2.51741131861
2024-10-10T02:18:00.000000 1577.596374099 -1088.499338911 6418.646578417 -7.32306434278 1.32679813189 2.01313180291
2024-10-10T02:19:00.000000 1134.815677469 -1006.370575371 6524.059691806 -7.43045200037 1.40974442483 1.49923755529
2024-10-10T02:20:00.000000 686.647550763 -919.463773604 6598.411334177 -7.50257397927 1.48600346959 0.97815663090
2024-10-10T02:21:00.000000 235.219202540 -828.191128483 6641.343907444 -7.53908157045 1.55521513821 0.45234757941
2024-10-10T02:22:00.000000 -217.326188976 -732.985490748 6652.648128252 -7.53979216095 1.61705117644 -0.07570683492
2024-10-10T02:23:00.000000 -668.839468865 -634.298425411 6632.264063536 -7.50468893710 1.67121656803 -0.60351238372
2024-10-10T02:24:00.000000 -1117.175485276 -532.598108214 6580.281523840 -7.43392231121 1.71745289713 -1.12857440757
2024-10-10T02:25:00.000000 -1560.203044341 -428.367114626 6496.939669037 -7.32780616150 1.75553861018 -1.64841015294
2024-10-10T02:26:00.000000 -1995.814701855 -322.100207303 6382.626163062 -7.18681942122 1.78528900626 -2.16055418542
2024-10-10T02:27:00.000000 -2421.936739562 -214.302090803 6237.875662303 -7.01160607750 1.80655780357 -2.66257484189
2024-10-10T02:28:00.000000 -2836.538846617 -105.485077840 6063.367475454 -6.80296905325 1.81923771725 -3.15208255326
2024-10-10T02:29:00.000000 -3237.643750715 3.833312469 5859.922770921 -6.56187311594 1.82326269225 -3.62674196966
2024-10-10T02:30:00.000000 -3623.336645298 113.132787540 5628.500809120 -6.28943359018 1.81860630997 -4.08428502404
2024-10-10T02:31:00.000000 -3991.774138216 221.892728924 5370.194933006 -5.98691695228 1.80528414081 -4.52251273131
2024-10-10T02:32:00.000000 -4341.193384053 329.594650319 5086.227892986 -5.65574009096 1.78335170554 -4.93931312104
2024-10-10T02:33:00.000000 -4669.920794150 435.724659944 4777.946254835 -5.29745994706 1.75290695105 -5.33267234783
2024-10-10T02:34:00.000000 -4976.380242654 539.775996680 4446.814252008 -4.91376743221 1.71408920754 -5.70068336115
2024-10-10T02:35:00.000000 -5259.100955062 641.251481903 4094.407121392 -4.50648241517 1.66707859753 -6.04155517410
2024-10-10T02:36:00.000000 -5516.725020263 739.665936037 3722.403741121 -4.07754537777 1.61209473724 -6.35362608735
2024-10-10T02:37:00.000000 -5748.014284989 834.548552868 3332.578567936 -3.62900578087 1.54939721939 -6.63537301399
2024-10-10T02:38:00.000000 -5951.856557020 925.445250950 2926.793131272 -3.16301148104 1.47928336296 -6.88541739685
2024-10-10T02:39:00.000000 -6127.271310519 1011.920882635 2506.987176214 -2.68180222944 1.40208704614 -7.10253241449
2024-10-10T02:40:00.000000 -6273.414870273 1093.561424939 2075.169243226 -2.18769754229 1.31817828559 -7.28565287251
2024-10-10T02:41:00.000000 -6389.584797554 1169.976091477 1633.406794653 -1.68308363413 1.22796128103 -7.43388085590
2024-10-10T02:42:00.000000 -6475.223496738 1240.799304808 1183.816042328 -1.17040078907 1.13187158573 -7.54648971341
2024-10-10T02:43:00.000000 -6529.921181285 1305.692519240 728.551523353 -0.65213327704 1.03037468081 -7.62292990851
2024-10-10T02:44:00.000000 -6553.418024022 1364.345964141 269.795325824 -0.13079304750 0.92396346372 -7.66283245309
2024-10-10T02:45:00.000000 -6545.605466409 1416.480174997 -190.253720964 0.39109094621 0.81315511050 -7.66600872747
2024-10-10T02:46:00.000000 -6506.526910611 1461.847420195 -649.391016650 0.91098523474 0.69848925982 -7.63245564621
2024-10-10T02:47:00.000000 -6436.377581613 1500.232898180 -1105.417353918 1.42636395564 0.58052490364 -7.56235743830
2024-10-10T02:48:00.000000 -6335.503341926 1531.455961289 -1556.150385592 1.93473795717 0.45983829694 -7.45608816047
2024-10-10T02:49:00.000000 -6204.398167823 1555.370718491 -1999.435304940 2.43365739203 0.33701320745 -7.31419345583
2024-10-10T02:50:00.000000 -6043.701451227 1571.866652306 -2433.155418243 2.92072891164 0.21264370025 -7.13739518908
2024-10-10T02:51:00.000000 -5854.194334759 1580.869084772 -2855.242282756 3.39362104674 0.08733045814 -6.92658033940
2024-10-10T02:52:00.000000 -5636.795723814 1582.339519900 -3263.685692048 3.85007608812 -0.03832220581 -6.68280236610
2024-10-10T02:53:00.000000 -5392.557420519 1576.275700019 -3656.543462395 4.28792381112 -0.16371108537 -6.40727416602
2024-10-10T02:54:00.000000 -5122.658481891 1562.711432964 -4031.950751341 4.70509426210 -0.28823796466 -6.10135858693
2024-10-10T02:55:00.000000 -4828.399011232 1541.716232104 -4388.128701733 5.09962338987 -0.41131073051 -5.76655796374
2024-10-10T02:56:00.000000 -4511.193583284 1513.394914968 -4723.392648323 5.46966121538 -0.53234541316 -5.40450855723
2024-10-10T02:57:00.000000 -4172.564116397 1477.886995600 -5036.159903592 5.81348083786 -0.65076988784 -5.01697179350
2024-10-10T02:58:00.000000 -3814.132257543 1435.365905640 -5324.956999205 6.12948635527 -0.76602609946 -4.60582527434
2024-10-10T02:59:00.000000 -3437.611278606 1386.038061599 -5588.426328544 6.41622044257 -0.87757306100 -4.17305147861
2024-10-10T03:00:00.000000 -3044.797612541 1330.141770930 -5825.332108591 6.67236914598 -0.98488912618 -3.72072718394
2024-10-10T03:01:00.000000 -2637.562076632 1267.945978545 -6034.565735620 6.89676795663 -1.08747542382 -3.25101233491
2024-10-10T03:02:00.000000 -2217.840849440 1199.748819301 -6215.150321024 7.08840225744 -1.18485754143 -2.76613616309
2024-10-10T03:03:00.000000 -1787.626482587 1125.876195168 -6366.244671339 7.24640795717 -1.27658447070 -2.26839188623
2024-10-10T03:04:00.000000 -1348.958718049 1046.680285282 -6487.146985696 7.37007801666 -1.36223229110 -1.76013083355
2024-10-10T03:05:00.000000 -903.914807613 962.537796044 -6577.297827094 7.45886866710 -1.44140726026 -1.24374334482
2024-10-10T03:06:00.000000 -454.599955250 873.848200130 -6636.282023341 7.51239111635 -1.51374398558 -0.72164875697
2024-10-10T03:07:00.000000 -3.137863298 781.031976781 -6663.830462252 7.53041943095 -1.57890898225 -0.19629368594
2024-10-10T03:08:00.000000 448.339145991 684.528523415 -6659.821169381 7.51289150218 -1.63660502561 0.32986650522
2024-10-10T03:09:00.000000 897.699809983 584.794063566 -6624.279428324 7.45990367077 -1.68656767254 0.85437934186
2024-10-10T03:10:00.000000 1342.823416272 482.299712367 -6557.377516274 7.37171242395 -1.72856606359 1.37479966036
2024-10-10T03:11:00.000000 1781.609398019 377.529317510 -6459.433807259 7.24873118684 -1.76240666530 1.88870395523
2024-10-10T03:12:00.000000 2211.986601479 270.977231395 -6330.911334367 7.09152747558 -1.78793238031 2.39369472251
2024-10-10T03:13:00.000000 2631.922651401 163.146218922 -6172.415974722 6.90082654373 -1.80502001143 2.88741036439
2024-10-10T03:14:00.000000 3039.433312716 54.545312058 -5984.693933202 6.67750716650 -1.81358510870 3.36753580402
2024-10-10T03:15:00.000000 3432.591689367 -54.312700943 -5768.628657160 6.42260139534 -1.81358672412 3.83181473653
2024-10-10T03:16:00.000000 3809.537207218 -162.913750871 -5525.236837276 6.13728682166 -1.80502248365 4.27806278753
2024-10-10T03:17:00.000000 4168.484222919 -270.744778426 -5255.663881926 5.82288248425 -1.78792844311 4.70417569138
2024-10-10T03:18:00.000000 4507.730308583 -377.296004258 -4961.178847301 5.48084262454 -1.76237763533 5.10813708179
2024-10-10T03:19:00.000000 4825.664273564 -482.063160731 -4643.168973979 5.11275389591 -1.72848158440 5.48802505504
2024-10-10T03:20:00.000000 5120.774010975 -584.549931093 -4303.133682492 4.72033089714 -1.68639369821 5.84202486188
2024-10-10T03:21:00.000000 5391.653878876 -684.270404659 -3942.677752297 4.30540635697 -1.63630707109 6.16844075929
2024-10-10T03:22:00.000000 5637.011514880 -780.751393615 -3563.503949524 3.86992230109 -1.57845229606 6.46570318734
2024-10-10T03:23:00.000000 5855.674202837 -873.534628219 -3167.405273640 3.41592381216 -1.51309621186 6.73237517673
2024-10-10T03:24:00.000000 6046.594814450 -962.178972480 -2756.256748153 2.94555026708 -1.44054301468 6.96716111317
2024-10-10T03:25:00.000000 6208.857160494 -1046.262615371 -2332.006680620 2.46102537800 -1.36113204381 7.16891528550
2024-10-10T03:26:00.000000 6341.680726234 -1125.385063881 -1896.667441050 1.96464598449 -1.27523462419 7.33664845269
2024-10-10T03:27:00.000000 6444.424760580 -1199.169137734 -1452.305957466 1.45877234098 -1.18325656890 7.46953273817
2024-10-10T03:28:00.000000 6516.591695573 -1267.262942378 -1001.033772682 0.94581426676 -1.08563388750 7.56690967945
2024-10-10T03:29:00.000000 6557.829687969 -1329.341555281 -544.996814543 0.42821790338 -0.98282967771 7.62829150564
2024-10-10T03:30:00.000000 6567.934532423 -1385.108648298 -86.365109673 -0.09154347148 -0.87533349520 7.65336325900
2024-10-10T03:31:00.000000 6546.850941145 -1434.297988904 372.677685472 -0.61098146871 -0.76365866079 7.64198647744
2024-10-10T03:32:00.000000 6494.672991407 -1476.674771487 829.944984647 -1.12760804395 -0.64833866355 7.59420137333
2024-10-10T03:33:00.000000 6411.643770755 -1512.036752916 1283.257890142 -1.63894555134 -0.52992540019 7.51022440954
2024-10-10T03:34:00.000000 6298.154413757 -1540.215297885 1730.455894641 -2.14253990708 -0.40898649982 7.39045201965
2024-10-10T03:35:00.000000 6154.742225578 -1561.076219552 2169.407533425 -2.63597417026 -0.28610207494 7.23545591585
2024-10-10T03:36:00.000000 5982.087979501 -1574.520355733 2598.020949195 -3.11688665507 -0.16185835370 7.04598230004
2024-10-10T03:37:00.000000 5781.012335377 -1580.483886633 3014.253982350 -3.58297689970 -0.03684804990 6.82294261555
2024-10-10T03:38:00.000000 5552.471675408 -1578.938753706 3416.124061321 -4.03202330851 0.08833071716 6.56740811988
2024-10-10T03:39:00.000000 5297.553310836 -1569.892778001 3801.717450884 -4.46188422913 0.21308066331 6.28060328349
2024-10-10T03:40:00.000000 5017.470317672 -1553.389553510 4169.198480997 -4.87051130717 0.33680679508 5.96390462605
2024-10-10T03:41:00.000000 4713.555521744 -1529.508247783 4516.818448740 -5.25596385395 0.45891902401 5.61883227788
2024-10-10T03:42:00.000000 4387.254746073 -1498.363158468 4842.923774214 -5.61641562592 0.57883722554 5.24703521693
2024-10-10T03:43:00.000000 4040.119943730 -1460.103049402 5145.963618878 -5.95015702670 0.69599245164 4.85028936141
2024-10-10T03:44:00.000000 3673.801765789 -1414.910440047 5424.497359093 -6.25560989674 0.80982944299 4.43049009878
2024-10-10T03:45:00.000000 3290.041409826 -1363.000654526 5677.201315631 -6.53133479349 0.91981022125 3.98963825490
2024-10-10T03:46:00.000000 2890.662177702 -1304.620708901 5902.874760806 -6.77603533852 1.02541695248 3.52982963397
2024-10-10T03:47:00.000000 2477.560736319 -1240.048046008 6100.445243230 -6.98856236372 1.12615304997 3.05324215802
2024-10-10T03:48:00.000000 2052.698294273 -1169.589274551 6268.973270213 -7.16791465998 1.22154350434 2.56212939493
2024-10-10T03:49:00.000000 1618.091500321 -1093.578737980 6407.656619560 -7.31324591130 1.31113915251 2.05881107039
2024-10-10T03:50:00.000000 1175.803095116 -1012.376946352 6515.833993750 -7.42386705683 1.39451731344 1.54566388131
2024-10-10T03:51:00.000000 727.932317368 -926.368900841 6592.988145907 -7.49925067129 1.47128438375 1.02511102961
2024-10-10T03:52:00.000000 276.605109411 -835.962352857 6638.748353633 -7.53903483973 1.54107593131 0.49961064503
2024-10-10T03:53:00.000000 -176.035791533 -741.585966802 6652.892058678 -7.54302102422 1.60355972284 -0.02835740157
2024-10-10T03:54:00.000000 -627.840704205 -643.687321050 6635.346018028 -7.51117735882 1.65843796521 -0.55629788001
2024-10-10T03:55:00.000000 -1076.663078902 -542.730786434 6586.186770207 -7.44363930980 1.70544865039 -1.08171579885
2024-10-10T03:56:00.000000 -1520.369408752 -439.195372836 6505.640294668 -7.34070617358 1.74436608721 -1.60212568454
2024-10-10T03:57:00.000000 -1956.849117311 -333.572512849 6394.081218228 -7.20284348629 1.77500198890 -2.11506027936
2024-10-10T03:58:00.000000 -2384.024508262 -226.363781148 6252.031264933 -7.03068000118 1.79720680247 -2.61808573581
2024-10-10T03:59:00.000000 -2799.860352891 -118.078561168 6080.157068696 -6.82500380461 1.81086972346 -3.10880617183
2024-10-10T04:00:00.000000 -3202.373639600 -9.231699273 5879.267518974 -6.58676645086 1.81591974826 -3.58487922596