CCSDS_OEM_VERS = 2.0
CREATION_DATE  = 2023-12-25T02:27:38.284000
ORIGINATOR     = BTAS3_OFEI

META_START
OBJECT_NAME    = Satellite
OBJECT_ID      = QK-1
CENTER_NAME    = EARTH
REF_FRAME      = J2000
TIME_SYSTEM    = UTC
START_TIME     = 2023-12-25T05:15:00.000000
STOP_TIME      = 2023-12-29T12:21:00.000000
META_STOP

COMMENT OEM data, unit is km and km/s.

2023-12-25T05:15:00.000000 -1631.250721752 -2742.607252063 -5960.000921883 1.71310218031 6.61326438929 -3.49721105169
2023-12-25T05:16:00.000000 -1524.773299233 -2339.777831332 -6155.854965369 1.83477665485 6.80920653986 -3.02873620987
2023-12-25T05:17:00.000000 -1411.247225678 -1926.132206035 -6323.168554542 1.94796726693 6.97366649721 -2.54622786210
2023-12-25T05:18:00.000000 -1291.197335967 -1503.582715231 -6461.166038472 2.05215379505 7.10588817343 -2.05190779810
2023-12-25T05:19:00.000000 -1165.178470399 -1074.082670387 -6569.206732529 2.14685674857 7.20526252284 -1.54805128372
2023-12-25T05:20:00.000000 -1033.772951899 -639.617453083 -6646.787796380 2.23163996612 7.27132998307 -1.03697591617
2023-12-25T05:21:00.000000 -897.587916219 -202.195493147 -6693.546445649 2.30611268222 7.30378152759 -0.52103142083
2023-12-25T05:22:00.000000 -757.252543886 236.160771718 -6709.261612491 2.36993127751 7.30246012151 -0.00258969363
2023-12-25T05:23:00.000000 -613.415181725 673.424080661 -6693.854920272 2.42280051706 7.26736164237 0.51596643004
2023-12-25T05:24:00.000000 -466.740433296 1107.571470052 -6647.391017592 2.46447389718 7.19863336387 1.03225414353
2023-12-25T05:25:00.000000 -317.906216751 1536.593317368 -6570.077298142 2.49475385727 7.09657179714 1.54389864145
2023-12-25T05:26:00.000000 -167.600817353 1958.502241897 -6462.263257220 2.51349315096 6.96162293739 2.04853998766
2023-12-25T05:27:00.000000 -16.519779171 2371.342171568 -6324.439291607 2.52059722155 6.79438416456 2.54384304469
2023-12-25T05:28:00.000000 134.637301395 2773.197404325 -6157.234830279 2.51602572791 6.59560345950 3.02751087760
2023-12-25T05:29:00.000000 285.170031877 3162.201534198 -5961.415656361 2.49979218422 6.36617485337 3.49729717044
2023-12-25T05:30:00.000000 434.380412437 3536.546038081 -5737.880579388 2.47196280951 6.10713336546 3.95101523565
2023-12-25T05:31:00.000000 581.575989104 3894.488649074 -5487.657625403 2.43265622490 5.81965198227 4.38654600703
2023-12-25T05:32:00.000000 726.073011889 4234.361557438 -5211.899697925 2.38204401196 5.50503897121 4.80184777429
2023-12-25T05:33:00.000000 867.199621726 4554.579390220 -4911.879606333 2.32035110769 5.16473330777 5.19496714277
2023-12-25T05:34:00.000000 1004.299053645 4853.646891089 -4588.984454493 2.24785540614 4.80029847521 5.56404941889
2023-12-25T05:35:00.000000 1136.732775602 5130.166175084 -4244.709421216 2.16488664376 4.41341575014 5.90734833640
2023-12-25T05:36:00.000000 1263.883608073 5382.843687988 -3880.650831268 2.07182651259 4.00588006776 6.22324024421
2023-12-25T05:37:00.000000 1385.158634629 5610.496458206 -3498.498952843 1.96910185273 3.57958132851 6.51021850611
2023-12-25T05:38:00.000000 1499.992021893 5812.057870780 -3100.030343566 1.85718823068 3.13650644964 6.76691490892
2023-12-25T05:39:00.000000 1607.847831889 5986.583096786 -2687.099437698 1.73660649092 2.67872724186 6.99210265717
2023-12-25T05:40:00.000000 1708.222685107 6133.253952655 -2261.629850227 1.60792033900 2.20839097035 7.18470426688
2023-12-25T05:41:00.000000 1800.648227228 6251.383069972 -1825.605178833 1.47173316686 1.72770938420 7.34379855760
2023-12-25T05:42:00.000000 1884.693421356 6340.417440119 -1381.059474737 1.32868487764 1.23894710572 7.46862585564
2023-12-25T05:43:00.000000 1959.966643365 6399.941210056 -930.067409711 1.17944912643 0.74441008772 7.55859217688
2023-12-25T05:44:00.000000 2026.117636904 6429.677846765 -474.734237616 1.02473034710 0.24643356922 7.61327298259
2023-12-25T05:45:00.000000 2082.839236674 6429.491479619 -17.185527095 0.86525992972 -0.25263064819 7.63241576386
2023-12-25T05:46:00.000000 2129.868865507 6399.387540643 440.443186144 0.70179194675 -0.75042668646 7.61594093352
2023-12-25T05:47:00.000000 2166.989765033 6339.512618578 896.016785211 0.53509917309 -1.24460643462 7.56394190503
2023-12-25T05:48:00.000000 2194.032016588 6250.153676652 1347.410938838 0.36596931849 -1.73284172081 7.47668477560
2023-12-25T05:49:00.000000 2210.873308344 6131.736437940 1792.522427159 0.19520096601 -2.21283710188 7.35460666377
2023-12-25T05:50:00.000000 2217.439463717 5984.823072968 2229.279301655 0.02359920997 -2.68234204366 7.19831213880
2023-12-25T05:51:00.000000 2213.704693542 5810.109143676 2655.650803381 -0.14802865146 -3.13916177725 7.00856889152
2023-12-25T05:52:00.000000 2199.691610704 5608.419981087 3069.657018400 -0.31887743581 -3.58116789009 6.78630324717
2023-12-25T05:53:00.000000 2175.470961631 5380.706348910 3469.378233684 -0.48814852000 -4.00630918020 6.53259447498
2023-12-25T05:54:00.000000 2141.161111690 5128.039526314 3852.963894635 -0.65505393616 -4.41262139453 6.24866724101
2023-12-25T05:55:00.000000 2096.927297151 4851.605825359 4218.641094154 -0.81881955737 -4.79823495749 5.93588396488
2023-12-25T05:56:00.000000 2042.980723398 4552.700725469 4564.722640262 -0.97868787853 -5.16138241241 5.59573834949
2023-12-25T05:57:00.000000 1979.577462922 4232.722465843 4889.614736835 -1.13392142654 -5.50040729400 5.22984859696
2023-12-25T05:58:00.000000 1907.017132374 3893.165118169 5191.824183823 -1.28380691867 -5.81377304201 4.83994788955
2023-12-25T05:59:00.000000 1825.641319029 3535.611181956 5469.964937108 -1.42765914255 -6.10006911222 4.42787297569
2023-12-25T06:00:00.000000 1735.831806660 3161.723932538 5722.763998312 -1.56482389680 -6.35801414014 3.99555377359
2023-12-25T06:01:00.000000 1638.008640872 2773.239583679 5949.066750187 -1.69468035685 -6.58645875256 3.54500520055
2023-12-25T06:02:00.000000 1532.628057432 2371.959247859 6147.841831461 -1.81664341149 -6.78438979102 3.07831928797
2023-12-25T06:03:00.000000 1420.180270802 1959.740618775 6318.185473196 -1.93016583094 -6.95093515879 2.59765560818
2023-12-25T06:04:00.000000 1301.187151503 1538.489385836 6459.325237258 -2.03473991044 -7.08536755756 2.10523012362
2023-12-25T06:05:00.000000 1176.199814853 1110.150484220 6570.623047845 -2.12989870862 -7.18710617283 1.60330388989
2023-12-25T06:06:00.000000 1045.796139781 676.699307519 6651.577596312 -2.21521730103 -7.25571656772 1.09417309054
2023-12-25T06:07:00.000000 910.578201278 240.132928892 6701.826182236 -2.29031429186 -7.29091028207 0.58016102659
2023-12-25T06:08:00.000000 771.169609551 -197.538664602 6721.146146128 -2.35485360592 -7.29254585481 0.06361072238
2023-12-25T06:09:00.000000 628.212731832 -634.301465509 6709.455775113 -2.40854636955 -7.26063108096 -0.45312429270
2023-12-25T06:10:00.000000 482.365811518 -1068.146445799 6666.814590147 -2.45115245720 -7.19532385535 -0.96769172863
2023-12-25T06:11:00.000000 334.300014159 -1497.078496500 6593.422924005 -2.48248133654 -7.09692981164 -1.47775197793
2023-12-25T06:12:00.000000 184.696441612 -1919.125189743 6489.620891561 -2.50239241394 -6.96589894785 -1.98098665057
2023-12-25T06:13:00.000000 34.243119738 -2332.345397938 6355.886866292 -2.51079544066 -6.80282428017 -2.47510564518
2023-12-25T06:14:00.000000 -116.368029588 -2734.837853173 6192.835603828 -2.50765104882 -6.60844171844 -2.95785640106
2023-12-25T06:15:00.000000 -266.444258402 -3124.749688056 6001.215575158 -2.49297095092 -6.38362781752 -3.42703518234
2023-12-25T06:16:00.000000 -415.295046566 -3500.284721554 5781.905770146 -2.46681771509 -6.12939491381 -3.88049705544
2023-12-25T06:17:00.000000 -562.235154021 -3859.711490181 5535.911892941 -2.42930468793 -5.84688700908 -4.31616327923
2023-12-25T06:18:00.000000 -706.587667941 -4201.371049349 5264.362230105 -2.38059628493 -5.53737756213 -4.73202939326
2023-12-25T06:19:00.000000 -847.687078359 -4523.684681094 4968.502819631 -2.32090806042 -5.20226618864 -5.12617597450
2023-12-25T06:20:00.000000 -984.882324745 -4825.161249446 4649.692048741 -2.25050596583 -4.84307146332 -5.49677934481
2023-12-25T06:21:00.000000 -1117.539788256 -5104.404101305 4309.394648641 -2.16970518823 -4.46142251876 -5.84211885391
2023-12-25T06:22:00.000000 -1245.046210665 -5360.117480418 3949.175380204 -2.07886914584 -4.05905331215 -6.16058243628
2023-12-25T06:23:00.000000 -1366.811563571 -5591.112735148 3570.692270043 -1.97840852151 -3.63779913814 -6.45067462685
2023-12-25T06:24:00.000000 -1482.271841107 -5796.314236946 3175.689305380 -1.86877973829 -3.19959078660 -6.71102734105
2023-12-25T06:25:00.000000 -1590.891743938 -5974.764820555 2765.988492453 -1.75048293090 -2.74644442465 -6.94040963579
2023-12-25T06:26:00.000000 -1692.167240975 -6125.630561544 2343.481406279 -1.62405985261 -2.28044988442 -7.13773404717
2023-12-25T06:27:00.000000 -1785.627998091 -6248.204866827 1910.120455271 -1.49009157895 -1.80376021541 -7.30206114373
2023-12-25T06:28:00.000000 -1870.839653602 -6341.911995367 1467.909851284 -1.34919555963 -1.31858229110 -7.43260436781
2023-12-25T06:29:00.000000 -1947.405899759 -6406.309969828 1018.896291719 -1.20202226727 -0.82716680230 -7.52873493881
2023-12-25T06:30:00.000000 -2014.970372644 -6441.092915210 565.159366753 -1.04925224788 -0.33179733321 -7.58998560003
2023-12-25T06:31:00.000000 -2073.218380542 -6446.092667047 108.801791779 -0.89159361234 0.16522087099 -7.61605321028
2023-12-25T06:32:00.000000 -2121.878473154 -6421.279750410 -348.060505658 -0.72977899460 0.66157224368 -7.60680073028
2023-12-25T06:33:00.000000 -2160.723792195 -6366.763632556 -803.308386896 -0.56456152121 1.15494235232 -7.56225836928
2023-12-25T06:34:00.000000 -2189.573177811 -6282.792347220 -1254.829550365 -0.39671059731 1.64302917907 -7.48262361901
2023-12-25T06:35:00.000000 -2208.292030289 -6169.751387721 -1700.528545392 -0.22700833539 2.12355430901 -7.36826064561
2023-12-25T06:36:00.000000 -2216.792977078 -6028.161958345 -2138.336751055 -0.05624615317 2.59427470261 -7.21969919533
2023-12-25T06:37:00.000000 -2215.036302974 -5858.678465483 -2566.222229896 0.11477932206 3.05299501355 -7.03763204415
2023-12-25T06:38:00.000000 -2203.030139040 -5662.085325827 -2982.199402962 0.28527083869 3.49757908720 -6.82291039891
2023-12-25T06:39:00.000000 -2180.830359758 -5439.293094704 -3384.338368420 0.45443468798 3.92595970640 -6.57653825301
2023-12-25T06:40:00.000000 -2148.540270133 -5191.334080166 -3770.773919243 0.62148427010 4.33614736773 -6.29966703255
2023-12-25T06:41:00.000000 -2106.310060013 -4919.357388918 -4139.714211967 0.78564374300 4.72623937726 -5.99359027041
2023-12-25T06:42:00.000000 -2054.336056206 -4624.623467254 -4489.449137053 0.94615201407 5.09442915612 -5.65973715409
2023-12-25T06:43:00.000000 -1992.859707805 -4308.498047193 -4818.358204214 1.10226650019 5.43901477909 -5.29966476457
2023-12-25T06:44:00.000000 -1922.166388428 -3972.445652257 -5124.917986016 1.25326625635 5.75840654459 -4.91504982619
2023-12-25T06:45:00.000000 -1842.583998538 -3618.022633094 -5407.709023747 1.39845489465 6.05113398714 -4.50768026564
2023-12-25T06:46:00.000000 -1754.481415966 -3246.869843253 -5665.422263603 1.53716375592 6.31585223307 -4.07944620139
2023-12-25T06:47:00.000000 -1658.266758563 -2860.705072103 -5896.864784961 1.66875379997 6.55134212829 -3.63232739375
2023-12-25T06:48:00.000000 -1554.385421694 -2461.314928103 -6100.965194026 1.79262191752 6.75652962904 -3.16839326020
2023-12-25T06:49:00.000000 -1443.317967021 -2050.546459769 -6276.778424340 1.90819939444 6.93047473824 -2.68978358217
2023-12-25T06:50:00.000000 -1325.577956763 -1630.298859112 -6423.489759027 2.01495510607 7.07237971375 -2.19870243956
2023-12-25T06:51:00.000000 -1201.709641508 -1202.514851799 -6540.418439377 2.11239783889 7.18159170978 -1.69740905223
2023-12-25T06:52:00.000000 -1072.285481141 -769.171920343 -6627.020686273 2.20007881440 7.25760546335 -1.18820899421
2023-12-25T06:53:00.000000 -937.903529072 -332.273350671 -6682.892213578 2.27759408758 7.30006653991 -0.67344442749
2023-12-25T06:54:00.000000 -799.184682656 106.160883383 -6707.770057937 2.34458634913 7.30877361121 -0.15548223530
2023-12-25T06:55:00.000000 -656.769854468 544.103325089 -6701.533714777 2.40074584452 7.28367787488 0.36329812094
2023-12-25T06:56:00.000000 -511.317103860 979.528097457 -6664.205573293 2.44581085365 7.22488062566 0.88051394494
2023-12-25T06:57:00.000000 -363.498728859 1410.419884869 -6595.950929352 2.47956869722 7.13263254681 1.39378592948
2023-12-25T06:58:00.000000 -213.998274339 1834.782928426 -6497.077512773 2.50185758054 7.00733578481 1.90074628823
2023-12-25T06:59:00.000000 -63.507419008 2250.650203531 -6368.034510239 2.51256825592 6.84954536383 2.39905092599
2023-12-25T07:00:00.000000 87.277190414 2656.092506085 -6209.410684093 2.51164435605 6.65996645170 2.88639288029
2023-12-25T07:01:00.000000 237.657095576 3049.227315385 -6021.931850247 2.49908179990 6.43944911243 3.36051258611
2023-12-25T07:02:00.000000 386.935159774 3428.227365111 -5806.457762413 2.47492869724 6.18898473260 3.81920509743
2023-12-25T07:03:00.000000 534.418715459 3791.329079062 -5563.978666741 2.43928618461 5.90970476051 4.26032846257
2023-12-25T07:04:00.000000 679.422776239 4136.840924275 -5295.611137310 2.39230915536 5.60287860596 4.68181511079
2023-12-25T07:05:00.000000 821.273255363 4463.151548401 -5002.593277135 2.33420595141 5.26990844747 5.08168390894
2023-12-25T07:06:00.000000 959.310148964 4768.737540666 -4686.279192656 2.26523743334 4.91232238512 5.45805025235
2023-12-25T07:07:00.000000 1092.890710619 5052.170903958 -4348.132825225 2.18571788829 4.53177161821 5.80913940117
2023-12-25T07:08:00.000000 1221.392471743 5312.125892628 -3989.721465042 2.09600879039 4.13001226347 6.13328261891
2023-12-25T07:09:00.000000 1344.216193039 5547.385439674 -3612.708732364 1.99652264516 3.70890925807 6.42893924291
2023-12-25T07:10:00.000000 1460.788811797 5756.847294299 -3218.846754500 1.88771914625 3.27042367819 6.69470062030
2023-12-25T07:11:00.000000 1570.566215341 5939.529547677 -2809.968045681 1.77010334342 2.81660410711 6.92929744041
2023-12-25T07:12:00.000000 1673.035913991 6094.575599902 -2387.976902541 1.64422398036 2.34957746127 7.13160734906
2023-12-25T07:13:00.000000 1767.719598912 6221.258555301 -1954.840370862 1.51067117095 1.87153822245 7.30066227640
2023-12-25T07:14:00.000000 1854.175526807 6318.984912656 -1512.578800445 1.37007311620 1.38473673571 7.43565413994
2023-12-25T07:15:00.000000 1932.000700087 6387.297592208 -1063.256125746 1.22309247566 0.89146786609 7.53593898988
2023-12-25T07:16:00.000000 2000.832828169 6425.878259629 -608.969897330 1.07042299964 0.39405991199 7.60104077915
2023-12-25T07:17:00.000000 2060.352098387 6434.548990686 -151.841103285 0.91278620793 -0.10513738608 7.63065479595
2023-12-25T07:18:00.000000 2110.282725639 6413.273155473 305.996181382 0.75092768605 -0.60376576656 7.62464976792
2023-12-25T07:19:00.000000 2150.394286478 6362.155565591 762.405224962 0.58561301665 -1.09947128293 7.58306833739
2023-12-25T07:20:00.000000 2180.502784788 6281.441820817 1215.257058998 0.41762361444 -1.58991677284 7.50612650519
2023-12-25T07:21:00.000000 2200.471482662 6171.516938594 1662.440839510 0.24775254864 -2.07279444149 7.39421196531
2023-12-25T07:22:00.000000 2210.211466404 6032.903202949 2101.874052617 0.07680036398 -2.54583815671 7.24788076300
2023-12-25T07:23:00.000000 2209.681982868 5866.257348996 2531.512488494 -0.09442897632 -3.00683442424 7.06785277646
2023-12-25T07:24:00.000000 2198.890517978 5672.367088366 2949.359933107 -0.26513201383 -3.45363227050 6.85500739677
2023-12-25T07:25:00.000000 2177.892651974 5452.147064019 3353.477624551 -0.43450983626 -3.88415360021 6.61037934230
2023-12-25T07:26:00.000000 2146.791653071 5206.634130102 3741.993392662 -0.60177233523 -4.29640443213 6.33515287367
2023-12-25T07:27:00.000000 2105.737832675 4936.981998704 4113.110423688 -0.76614231007 -4.68848531163 6.03065361678
2023-12-25T07:28:00.000000 2054.927652786 4644.455299050 4465.115443277 -0.92685907593 -5.05859945715 5.69833936736
2023-12-25T07:29:00.000000 1994.602642243 4330.423230260 4796.386401715 -1.08318171052 -5.40505921002 5.33979156222
2023-12-25T07:30:00.000000 1925.048106402 3996.352812186 5105.399631531 -1.23439229758 -5.72629214439 4.95670731917
2023-12-25T07:31:00.000000 1846.591660278 3643.801815922 5390.736572584 -1.37979912897 -6.02084706771 4.55089110856
2023-12-25T07:32:00.000000 1759.601559914 3274.411301733 5651.089926037 -1.51873953532 -6.28739946744 4.12424605085
2023-12-25T07:33:00.000000 1664.484890792 2889.897875459 5885.269333582 -1.65058238838 -6.52475672062 3.67876528545
2023-12-25T07:34:00.000000 1561.685588939 2492.045599395 6092.206481120 -1.77473072245 -6.73186355265 3.21652282891
2023-12-25T07:35:00.000000 1451.682317836 2082.697612925 6270.959680006 -1.89062465195 -6.90780697824 2.73966280184
2023-12-25T07:36:00.000000 1334.986148023 1663.747484079 6420.717675966 -1.99774408118 -7.05181907622 2.25038729992
2023-12-25T07:37:00.000000 1212.138117400 1237.130502436 6540.802796930 -2.09561050813 -7.16327717035 1.75094497549
2023-12-25T07:38:00.000000 1083.706697459 804.814964294 6630.673443810 -2.18378787476 -7.24170313257 1.24362215431
2023-12-25T07:39:00.000000 950.285241095 368.793524167 6689.926165564 -2.26188324288 -7.28676403031 0.73073571978
2023-12-25T07:40:00.000000 812.489350400 -68.925610720 6718.297243634 -2.32954805075 -7.29827452001 0.21462540060
2023-12-25T07:41:00.000000 670.954166152 -506.327599340 6715.663785083 -2.38647989505 -7.27619906759 -0.30235632821
2023-12-25T07:42:00.000000 526.331547683 -941.399968089 6682.044137644 -2.43242413053 -7.22065199405 -0.81785571437
2023-12-25T07:43:00.000000 379.287172056 -1372.141552358 6617.597646539 -2.46717494333 -7.13189548794 -1.32952822608
2023-12-25T07:44:00.000000 230.497579440 -1796.571302295 6522.623839824 -2.49057618205 -7.01033750044 -1.83504738995
2023-12-25T07:45:00.000000 80.647170099 -2212.736975103 6397.561046683 -2.50252211899 -6.85653037975 -2.33211354257
2023-12-25T07:46:00.000000 -69.574834259 -2618.723768984 6242.984566397 -2.50295771441 -6.67116904851 -2.81846340320
2023-12-25T07:47:00.000000 -219.477420792 -3012.662773661 6059.604153267 -2.49187824821 -6.45508796649 -3.29187912232
2023-12-25T07:48:00.000000 -368.370800798 -3392.739267152 5848.261095076 -2.46932930515 -6.20925838643 -3.75019595156
2023-12-25T07:49:00.000000 -515.569453677 -3757.200855147 5609.924730854 -2.43540792864 -5.93478694886 -4.19131079207
2023-12-25T07:50:00.000000 -660.395261861 -4104.365568188 5345.688487018 -2.39026378221 -5.63291320042 -4.61319391551
2023-12-25T07:51:00.000000 -802.180647694 -4432.629632789 5056.765032173 -2.33409821021 -5.30500301206 -5.01390142518
2023-12-25T07:52:00.000000 -940.271590021 -4740.474793194 4744.480897079 -2.26716139974 -4.95253970631 -5.39158339615
2023-12-25T07:53:00.000000 -1074.030503727 -5026.475164260 4410.270652055 -2.18975065284 -4.57711842702 -5.74448765310
2023-12-25T07:54:00.000000 -1202.839066686 -5289.303879096 4055.670974838 -2.10221142798 -4.18044445669 -6.07096570476
2023-12-25T07:55:00.000000 -1326.101177896 -5527.739623657 3682.314032379 -2.00493887616 -3.76432983641 -6.36948479119
2023-12-25T07:56:00.000000 -1443.245898653 -5740.672762657 3291.920144831 -1.89837619029 -3.33068323229 -6.63864127489
2023-12-25T07:57:00.000000 -1553.730223162 -5927.110761291 2886.289767029 -1.78301004375 -2.88149670316 -6.87716803925
2023-12-25T07:58:00.000000 -1657.041538611 -6086.182839686 2467.295239743 -1.65936686954 -2.41883601245 -7.08393649623
2023-12-25T07:59:00.000000 -1752.699992246 -6217.144240123 2036.872381902 -1.52801223013 -1.94483518491 -7.25796031237
2023-12-25T08:00:00.000000 -1840.260846421 -6319.380125654 1597.011712786 -1.38955081450 -1.46168917748 -7.39840385023
2023-12-25T08:01:00.000000 -1919.316756608 -6392.408883104 1149.749162032 -1.24462376020 -0.97164141088 -7.50459064310
2023-12-25T08:02:00.000000 -1989.499817318 -6435.884604363 697.156351199 -1.09390359322 -0.47696988793 -7.57600718496
2023-12-25T08:03:00.000000 -2050.483295228 -6449.598813170 241.330815049 -0.93808964471 0.02002391461 -7.61230351255
2023-12-25T08:04:00.000000 -2101.983153199 -6433.481601598 -215.613855635 -0.77790527601 0.51702435341 -7.61329461580
2023-12-25T08:05:00.000000 -2143.759408149 -6387.602141500 -671.557973097 -0.61409545887 1.01171264882 -7.57896301892
2023-12-25T08:06:00.000000 -2175.617349655 -6312.168518208 -1124.385874005 -0.44742323897 1.50177987040 -7.50945988208
2023-12-25T08:07:00.000000 -2197.408477115 -6207.526729247 -1571.995984989 -0.27866538832 1.98493952292 -7.40510355464
2023-12-25T08:08:00.000000 -2209.031210092 -6074.159019081 -2012.310789588 -0.10860836766 2.45893859387 -7.26637702725
2023-12-25T08:09:00.000000 -2210.431347982 -5912.681531417 -2443.286617930 0.06195527032 2.92156787217 -7.09392526475
2023-12-25T08:10:00.000000 -2201.602342524 -5723.841414650 -2862.923289973 0.23223066502 3.37067213860 -6.88855217368
2023-12-25T08:11:00.000000 -2182.585295762 -5508.513247271 -3269.273535984 0.40142487074 3.80416022094 -6.65121704921
2023-12-25T08:12:00.000000 -2153.468724509 -5267.694902855 -3660.452209875 0.56875113137 4.22001550390 -6.38303035183
2023-12-25T08:13:00.000000 -2114.388062083 -5002.502725975 -4034.645170203 0.73343275386 4.61630707814 -6.08524776689
2023-12-25T08:14:00.000000 -2065.524962654 -4714.166095111 -4390.117790656 0.89470645616 4.99119994548 -5.75926201168
2023-12-25T08:15:00.000000 -2007.106394019 -4404.021408452 -4725.222882750 1.05182546557 5.34296257745 -5.40659390749
2023-12-25T08:16:00.000000 -1939.403556896 -4073.505716861 -5038.408168098 1.20406278016 5.66997262720 -5.02888487667
2023-12-25T08:17:00.000000 -1862.730584334 -3724.149964642 -5328.223292124 1.35071482216 5.97072328693 -4.62789053660
2023-12-25T08:18:00.000000 -1777.443031475 -3357.571866500 -5593.326500763 1.49110518697 6.24383096945 -4.20547298216
2023-12-25T08:19:00.000000 -1683.936136301 -2975.468262482 -5832.490696289 1.62458791143 6.48804239344 -3.76359060975
2023-12-25T08:20:00.000000 -1582.642918168 -2579.607163276 -6044.608900593 1.75055004653 6.70223932698 -3.30428697791
2023-12-25T08:21:00.000000 -1474.032168505 -2171.819699694 -6228.698966104 1.86841227754 6.88543592389 -2.82967839217
2023-12-25T08:22:00.000000 -1358.606260708 -1753.991656726 -6383.907933767 1.97763499333 7.03679707946 -2.34195318472
2023-12-25T08:23:00.000000 -1236.898828699 -1328.054795567 -6509.515877457 2.07771613713 7.15562588373 -1.84335596293
2023-12-25T08:24:00.000000 -1109.472401422 -895.978282387 -6604.939080708 2.16819490339 7.24137316637 -1.33618151760
2023-12-25T08:25:00.000000 -976.915857196 -459.759700240 -6669.732769971 2.24865433340 7.29364131621 -0.82276362321
2023-12-25T08:26:00.000000 -839.841719081 -21.415903546 -6703.593037703 2.31872341428 7.31218547861 -0.30546244318
2023-12-25T08:27:00.000000 -698.883366727 417.026103588 -6706.358106608 2.37807816530 7.29691202708 0.21334647154
2023-12-25T08:28:00.000000 -554.692184737 853.538209747 -6678.008971111 2.42644230642 7.24787717475 0.73127996737
2023-12-25T08:29:00.000000 -407.934681249 1286.100179476 -6618.669693792 2.46358853515 7.16528809959 1.24595446455
2023-12-25T08:30:00.000000 -259.289482338 1712.708803764 -6528.607107993 2.48934039559 7.04950517970 1.75499608722
2023-12-25T08:31:00.000000 -109.444242860 2131.387086928 -6408.229867438 2.50357356753 6.90104157653 2.25605371105
2023-12-25T08:32:00.000000 40.907494108 2540.193323284 -6258.086701088 2.50621590703 6.72055937693 2.74681087789
2023-12-25T08:33:00.000000 191.069407051 2937.229880940 -6078.864068091 2.49724701269 6.50886533262 3.22499438822
2023-12-25T08:34:00.000000 340.345507635 3320.651821756 -5871.383338928 2.47669849296 6.26690898463 3.68838165679
2023-12-25T08:35:00.000000 488.043290020 3688.675452519 -5636.597492603 2.44465494117 5.99578191200 4.13481017130
2023-12-25T08:36:00.000000 633.476931017 4039.586768964 -5375.587161411 2.40125467983 5.69671514210 4.56218934028
2023-12-25T08:37:00.000000 775.970519643 4371.749691702 -5089.555957092 2.34668959185 5.37107378199 4.96851236084
2023-12-25T08:38:00.000000 914.861240623 4683.613897959 -4779.825125942 2.28120415938 5.02035025410 5.35186636841
2023-12-25T08:39:00.000000 1049.502496211 4973.722265680 -4447.827651176 2.20509429371 4.64615777007 5.71044112605
2023-12-25T08:40:00.000000 1179.266961522 5240.717936817 -4095.101836480 2.11870638416 4.25022426226 6.04253760196
2023-12-25T08:41:00.000000 1303.549638958 5483.351106678 -3723.284216094 2.02243809559 3.83438891848 6.34658215438
2023-12-25T08:42:00.000000 1421.770747716 5700.485154890 -3334.102170974 1.91673208556 3.40058400561 6.62112163143
2023-12-25T08:43:00.000000 1533.378517609 5891.102260905 -2929.366019907 1.80207894384 2.95083536244 6.86484605794
2023-12-25T08:44:00.000000 1637.851935393 6054.308595871 -2510.960339830 1.67901289459 2.48724890612 7.07659079074
2023-12-25T08:45:00.000000 1734.703288955 6189.338858484 -2080.835085659 1.54810934725 2.01200097298 7.25534268317
2023-12-25T08:46:00.000000 1823.480567924 6295.560178391 -1640.996286593 1.40998254773 1.52732794294 7.40024659142
2023-12-25T08:47:00.000000 1903.769711126 6372.475372956 -1193.496394633 1.26528263520 1.03551410633 7.51061111308
2023-12-25T08:48:00.000000 1975.196651529 6419.725432653 -740.424339496 1.11469204188 0.53887913178 7.58591195458
2023-12-25T08:49:00.000000 2037.429148779 6437.091315079 -283.895454703 0.95892194629 0.03976698661 7.62579376218
2023-12-25T08:50:00.000000 2090.178414932 6424.495083773 173.958738704 0.79870909136 -0.45946446098 7.63007280741
2023-12-25T08:51:00.000000 2133.200546881 6382.000387513 631.000934974 0.63481214784 -0.95645600208 7.59874028424
2023-12-25T08:52:00.000000 2166.297701100 6309.812091174 1085.098564541 0.46800701889 -1.44886210579 7.53196304300
2023-12-25T08:53:00.000000 2189.318983105 6208.275024499 1534.134276505 0.29908188162 -1.93436498458 7.43008028658
2023-12-25T08:54:00.000000 2202.161049921 6077.871973981 1976.016113988 0.12883309104 -2.41068532221 7.29359882576
2023-12-25T08:55:00.000000 2204.768505164 5919.221112418 2408.687481643 -0.04193815574 -2.87559138228 7.12318996563
2023-12-25T08:56:00.000000 2197.134071590 5733.072811351 2830.136931193 -0.21242952682 -3.32690970988 6.91968740476
2023-12-25T08:57:00.000000 2179.298543222 5520.305808717 3238.407835815 -0.38184204628 -3.76253760922 6.68408329370
2023-12-25T08:58:00.000000 2151.350430922 5281.922566668 3631.607671854 -0.54938469462 -4.18045511848 6.41752122723
2023-12-25T08:59:00.000000 2113.425369732 5019.044019636 4007.916861475 -0.71427842227 -4.57873484397 6.12128748165
2023-12-25T09:00:00.000000 2065.705284224 4732.903756654 4365.597052809 -0.87575960083 -4.95554961941 5.79680205260
2023-12-25T09:01:00.000000 2008.417382160 4424.841852590 4702.998902130 -1.03308321855 -5.30917864348 5.44561034891
2023-12-25T09:02:00.000000 1941.832932410 4096.298289008 5018.569366691 -1.18552591841 -5.63801312047 5.06937604968
2023-12-25T09:03:00.000000 1866.265883476 3748.806057132 5310.858615161 -1.33238901033 -5.94056289685 4.66987437925
2023-12-25T09:04:00.000000 1782.071282169 3383.983799366 5578.526453697 -1.47300160246 -6.21546424675 4.24898379139
2023-12-25T09:05:00.000000 1689.643522560 3003.528015423 5820.348251884 -1.60672371105 -6.46148675042 3.80867515495
2023-12-25T09:06:00.000000 1589.414395250 2609.204918777 6035.220095634 -1.73294909561 -6.67753738082 3.35100011025
2023-12-25T09:07:00.000000 1481.850990422 2202.842134122 6222.163344670 -1.85110783806 -6.86266259863 2.87808091859
2023-12-25T09:08:00.000000 1367.453437231 1786.320250115 6380.328569472 -1.96066883558 -7.01605051636 2.39210158119
2023-12-25T09:09:00.000000 1246.752515673 1361.564267992 6508.999026598 -2.06114193315 -7.13703342421 1.89529845037
2023-12-25T09:10:00.000000 1120.307149866 930.534872969 6607.593457136 -2.15207919955 -7.22508950287 1.38995016886
2023-12-25T09:11:00.000000 988.701859525 495.219664879 6675.668360328 -2.23307559341 -7.27984369816 0.87836815581
2023-12-25T09:12:00.000000 852.544151003 57.624311550 6712.919660155 -2.30376991531 -7.30106877870 0.36288776361
2023-12-25T09:13:00.000000 712.461855786 -380.236342733 6719.183913776 -2.36384645312 -7.28868648741 -0.15414119482
2023-12-25T09:14:00.000000 569.100334373 -816.347236232 6694.438829112 -2.41303671233 -7.24276759233 -0.67036470452
2023-12-25T09:15:00.000000 423.119611616 -1248.701996865 6638.803232238 -2.45112052222 -7.16353077101 -1.18343447789
2023-12-25T09:16:00.000000 275.191460167 -1675.311779353 6552.536452912 -2.47792655940 -7.05134128251 -1.69101706741
2023-12-25T09:17:00.000000 125.996453532 -2094.214014884 6436.037142461 -2.49333282951 -6.90670973047 -2.19080296382
2023-12-25T09:18:00.000000 -23.779012125 -2503.481092519 6289.841584261 -2.49726743598 -6.73029020503 -2.68051584412
2023-12-25T09:19:00.000000 -173.445754845 -2901.228889804 6114.621417619 -2.48970958841 -6.52287792220 -3.15792154287
2023-12-25T09:20:00.000000 -322.314902372 -3285.625182088 5911.180838115 -2.47069044752 -6.28540706324 -3.62083738401
2023-12-25T09:21:00.000000 -469.701010541 -3654.897885705 5680.453191134 -2.44029307602 -6.01894785979 -4.06714271905
2023-12-25T09:22:00.000000 -614.925149004 -4007.343099019 5423.496943131 -2.39865123510 -5.72470158149 -4.49478912337
2023-12-25T09:23:00.000000 -757.317897381 -4341.332778145 5141.491105609 -2.34594801895 -5.40399466790 -4.90180781771
2023-12-25T09:24:00.000000 -896.222299180 -4655.322128914 4835.730286449 -2.28241584526 -5.05827513198 -5.28631560986
2023-12-25T09:25:00.000000 -1030.996845123 -4947.856821754 4507.619294803 -2.20833760348 -4.68911059932 -5.64652397825
2023-12-25T09:26:00.000000 -1161.018528142 -5217.580073605 4158.667092526 -2.12404683967 -4.29818328291 -5.98075213140
2023-12-25T09:27:00.000000 -1285.685823262 -5463.239222666 3790.479951909 -2.02992548927 -3.88727957972 -6.28743863361
2023-12-25T09:28:00.000000 -1404.421487403 -5683.691627877 3404.754104990 -1.92640058178 -3.45827887944 -6.56514708555
2023-12-25T09:29:00.000000 -1516.675198169 -5877.910006603 3003.268122474 -1.81394233852 -3.01314671112 -6.81256917472
2023-12-25T09:30:00.000000 -1621.926131824 -6044.987494356 2587.875098397 -1.69306369274 -2.55393014897 -7.02853125260
2023-12-25T09:31:00.000000 -1719.685497465 -6184.142304099 2160.494248995 -1.56431914615 -2.08274963920 -7.21200440039
2023-12-25T09:32:00.000000 -1809.498951334 -6294.721763484 1723.101982546 -1.42830186570 -1.60178631803 -7.36211224202
2023-12-25T09:33:00.000000 -1890.948812585 -6376.205574433 1277.722606389 -1.28564022893 -1.11326987905 -7.47813428188
2023-12-25T09:34:00.000000 -1963.656084054 -6428.208446162 826.418930924 -1.13699483351 -0.61946934395 -7.55950856772
2023-12-25T09:35:00.000000 -2027.282294861 -6450.482178837 371.282611873 -0.98305538085 -0.12268355392 -7.60583660525
2023-12-25T09:36:00.000000 -2081.531130903 -6442.917083434 -85.575805762 -0.82453668181 0.37477160726 -7.61688748153
2023-12-25T09:37:00.000000 -2126.149819846 -6405.542592324 -542.036964934 -0.66217476264 0.87057669681 -7.59259796003
2023-12-25T09:38:00.000000 -2160.930318407 -6338.527135869 -995.982693787 -0.49672419694 1.36241950558 -7.53307057548
2023-12-25T09:39:00.000000 -2185.710359928 -6242.177429766 -1445.305933330 -0.32895586694 1.84800433378 -7.43857367247
2023-12-25T09:40:00.000000 -2200.374332222 -6116.937160282 -1887.920741268 -0.15965327575 2.32506331961 -7.30954263838
2023-12-25T09:41:00.000000 -2204.853883824 -5963.384920292 -2321.772280325 0.01039267634 2.79136961961 -7.14657846666
2023-12-25T09:42:00.000000 -2199.128210851 -5782.231380792 -2744.846628410 0.18038868486 3.24474925078 -6.95044305621
2023-12-25T09:43:00.000000 -2183.224083819 -5574.315820911 -3155.180276662 0.34954273955 3.68309075876 -6.72205425366
2023-12-25T09:44:00.000000 -2157.215674771 -5340.602088512 -3550.869369989 0.51706745534 4.10435512101 -6.46248185518
2023-12-25T09:45:00.000000 -2121.224159871 -5082.173922946 -3930.078664007 0.68218407720 4.50658678261 -6.17294225030
2023-12-25T09:46:00.000000 -2075.417076482 -4800.229638985 -4291.050107668 0.84412668528 4.88792357260 -5.85479040717
2023-12-25T09:47:00.000000 -2020.007443236 -4496.076294130 -4632.110882260 1.00214562196 5.24660388094 -5.50951121927
2023-12-25T09:48:00.000000 -1955.252702508 -4171.123479430 -4951.680986299 1.15551028917 5.58097270509 -5.13871242930
2023-12-25T09:49:00.000000 -1881.453480469 -3826.876707238 -5248.280394927 1.30351224356 5.88948873323 -4.74411824718
2023-12-25T09:50:00.000000 -1798.952159593 -3464.930368648 -5520.535857802 1.44546883468 6.17073214286 -4.32756156358
2023-12-25T09:51:00.000000 -1708.131214829 -3086.960221766 -5767.187111034 1.58072675417 6.42341137900 -3.89097431288
2023-12-25T09:52:00.000000 -1609.411368045 -2694.715543088 -5987.092526226 1.70866490231 6.64636824288 -3.43637714426
2023-12-25T09:53:00.000000 -1503.249624087 -2290.011156013 -6179.234034653 1.82869509816 6.83857632415 -2.96586684830
2023-12-25T09:54:00.000000 -1390.137129295 -1874.718969410 -6342.721675168 1.94026788539 6.99915989492 -2.48161504757
2023-12-25T09:55:00.000000 -1270.596910846 -1450.759311236 -6476.797571883 2.04287038968 7.12738124853 -1.98585139720
2023-12-25T09:56:00.000000 -1145.181566033 -1020.092379593 -6580.839215391 2.13603018401 7.22264964596 -1.48085765590
2023-12-25T09:57:00.000000 -1014.470754250 -584.709319027 -6654.362328525 2.21931819930 7.28452482080 -0.96895696050
2023-12-25T09:58:00.000000 -879.068519609 -146.623136688 -6697.022947749 2.29235083949 7.31271816641 -0.45250187641
2023-12-25T09:59:00.000000 -739.600538912 292.140363747 -6708.618897481 2.35479082878 7.30709172878 0.06613582352
2023-12-25T10:00:00.000000 -596.711312194 729.551622222 -6689.090665361 2.40634788025 7.26765801547 0.58457270272
2023-12-25T10:01:00.000000 -451.061317297 1163.586380328 -6638.521928308 2.44678036814 7.19458211587 1.10042190857
2023-12-25T10:02:00.000000 -303.324009859 1592.234920949 -6557.139372394 2.47589744548 7.08818344308 1.61130499672
2023-12-25T10:03:00.000000 -154.182750220 2013.511271635 -6445.311807861 2.49355996422 6.94893369662 2.11486529771
2023-12-25T10:04:00.000000 -4.327698999 2425.462233756 -6303.548513589 2.49967999789 6.77745235779 2.60877813027
2023-12-25T10:05:00.000000 145.547226801 2826.176114111 -6132.497126261 2.49422058547 6.57450373798 3.09075771961
2023-12-25T10:06:00.000000 294.747450121 3213.791421441 -5932.941073388 2.47719690080 6.34099685768 3.55856490843
2023-12-25T10:07:00.000000 442.580911126 3586.505538600 -5705.796459342 2.44867783295 6.07798472294 4.01001835485
2023-12-25T10:08:00.000000 588.361306643 3942.583254789 -5452.108219922 2.40878635609 5.78666037713 4.44300704385
2023-12-25T10:09:00.000000 731.411312731 4280.364995528 -5173.045567542 2.35769855887 5.46835091049 4.85550105016
2023-12-25T10:10:00.000000 871.065733743 4598.274687975 -4869.896849741 2.29564249202 5.12451178204 5.24556053389
2023-12-25T10:11:00.000000 1006.674599591 4894.827309509 -4544.063881805 2.22289752996 4.75672161347 5.61134468550
2023-12-25T10:12:00.000000 1137.606230719 5168.636105179 -4197.055717704 2.13979392267 4.36667637389 5.95112121681
2023-12-25T10:13:00.000000 1263.250321155 5418.419531261 -3830.481713270 2.04671364870 3.95618573104 6.26328072928
2023-12-25T10:14:00.000000 1383.020849021 5643.007525653 -3446.044288300 1.94408395765 3.52715486369 6.54633186256
2023-12-25T10:15:00.000000 1496.358889660 5841.347293954 -3045.531164450 1.83238040097 3.08158564991 6.79892409327
2023-12-25T10:16:00.000000 1602.735384031 6012.508684361 -2630.806815226 1.71212256701 2.62156287535 7.01985042005
2023-12-25T10:17:00.000000 1701.653708714 6155.688882946 -2203.803687229 1.58387161442 2.14924449559 7.20805324025
2023-12-25T10:18:00.000000 1792.652102499 6270.216513127 -1766.513045707 1.44822816164 1.66685239756 7.36263056945
2023-12-25T10:19:00.000000 1875.305971052 6355.555170569 -1320.975425878 1.30582995259 1.17666155222 7.48284311411
2023-12-25T10:20:00.000000 1949.230013782 6411.306198419 -869.270700096 1.15734856545 0.68098646592 7.56811990346
2023-12-25T10:21:00.000000 2014.080145671 6437.210652776 -413.507877307 1.00348541688 0.18216721892 7.61806044835
2023-12-25T10:22:00.000000 2069.555160902 6433.150455253 44.185115433 0.84496790484 -0.31744228353 7.63243483964
2023-12-25T10:23:00.000000 2115.398192987 6399.148932124 501.671698250 0.68254590172 -0.81548451352 7.61118466374
2023-12-25T10:24:00.000000 2151.397940392 6335.370667375 956.816965948 0.51698790473 -1.30960985256 7.55442477667
2023-12-25T10:25:00.000000 2177.389667301 6242.120675175 1407.498126184 0.34907656987 -1.79748992772 7.46244340672
2023-12-25T10:26:00.000000 2193.255904594 6119.842692059 1851.614811520 0.17960426075 -2.27683062816 7.33569946414
2023-12-25T10:27:00.000000 2198.926923699 5969.116796732 2287.099219259 0.00936921248 -2.74538353824 7.17481876606
2023-12-25T10:28:00.000000 2194.380966975 5790.656304759 2711.926004734 -0.16082809220 -3.20095695879 6.98059040673
2023-12-25T10:29:00.000000 2179.644282256 5585.304069911 3124.121969424 -0.33018906345 -3.64142744540 6.75396226802
2023-12-25T10:30:00.000000 2154.790854588 5354.028011543 3521.775388891 -0.49792161163 -4.06475077961 6.49603458088
2023-12-25T10:31:00.000000 2119.941893071 5097.916101803 3903.044937518 -0.66324448252 -4.46897122199 6.20805231479
2023-12-25T10:32:00.000000 2075.265059322 4818.170778137 4266.168132983 -0.82539083116 -4.85222958398 5.89139765884
2023-12-25T10:33:00.000000 2020.973523712 4516.102957741 4609.469362522 -0.98361129706 -5.21277123413 5.54758241898
2023-12-25T10:34:00.000000 1957.324812815 4193.125489306 4931.367397206 -1.13717708988 -5.54895382329 5.17823966161
2023-12-25T10:35:00.000000 1884.619481933 3850.746234299 5230.382411544 -1.28538337342 -5.85925390121 4.78511474205
2023-12-25T10:36:00.000000 1803.199566532 3490.560740583 5505.142436448 -1.42755276906 -6.14227238809 4.37005644397
2023-12-25T10:37:00.000000 1713.446843907 3114.244660347 5754.389326564 -1.56303853065 -6.39673962066 3.93500817509
2023-12-25T10:38:00.000000 1615.780911137 2723.545809813 5976.984142810 -1.69122702225 -6.62152027266 3.48199874875
2023-12-25T10:39:00.000000 1510.657142906 2320.275984907 6171.911998840 -1.81153970557 -6.81561785615 3.01313251127
2023-12-25T10:40:00.000000 1398.564517860 1906.302505622 6338.286263314 -1.92343515579 -6.97817837533 2.53057899498
2023-12-25T10:41:00.000000 1280.023337867 1483.539599137 6475.352183647 -2.02641126299 -7.10849276253 2.03656233481
2023-12-25T10:42:00.000000 1155.582797302 1053.939653973 6582.489824943 -2.12000722343 -7.20599801349 1.53335099446
2023-12-25T10:43:00.000000 1025.818464377 619.484448371 6659.216462564 -2.20380502002 -7.27027765891 1.02324835834
2023-12-25T10:44:00.000000 891.329668776 182.176329565 6705.188382672 -2.27743065868 -7.30106254668 0.50858393975
2023-12-25T10:45:00.000000 752.736831385 -255.970647896 6720.202220746 -2.34055551679 -7.29823192224 -0.00829583638
2023-12-25T10:46:00.000000 610.678692420 -692.939649944 6704.195645643 -2.39289767190 -7.26181375992 -0.52503753868
2023-12-25T10:47:00.000000 465.809481829 -1126.719965980 6657.247498931 -2.43422287868 -7.19198391269 -1.03929042969
2023-12-25T10:48:00.000000 318.796035479 -1555.315838118 6579.577368726 -2.46434529912 -7.08906485274 -1.54871526042
2023-12-25T10:49:00.000000 170.314866799 -1976.755235858 6471.544632937 -2.48312834993 -6.95352492249 -2.05099303655
2023-12-25T10:50:00.000000 21.049182687 -2389.098583094 6333.646952800 -2.49048563726 -6.78597748561 -2.54383473635
2023-12-25T10:51:00.000000 -128.314148002 -2790.447417060 6166.518189945 -2.48638153503 -6.58717894387 -3.02499164689
2023-12-25T10:52:00.000000 -277.087643810 -3178.952869188 5970.925661405 -2.47083123238 -6.35802558638 -3.49226520333
2023-12-25T10:53:00.000000 -424.586255626 -3552.823955681 5747.766868642 -2.44390061461 -6.09954996469 -3.94351606414
2023-12-25T10:54:00.000000 -570.130410601 -3910.335633327 5498.065665670 -2.40570635626 -5.81291703786 -4.37667291090
2023-12-25T10:55:00.000000 -713.049065749 -4249.836632016 5222.967942910 -2.35641617130 -5.49941992727 -4.78974126232
2023-12-25T10:56:00.000000 -852.682774132 -4569.756996851 4923.736723801 -2.29624882066 -5.16047541679 -5.18081226556
2023-12-25T10:57:00.000000 -988.386732290 -4868.615376341 4601.746773966 -2.22547348946 -4.79761924705 -5.54807170966
2023-12-25T10:58:00.000000 -1119.533767127 -5145.025987913 4258.478631260 -2.14440845141 -4.41250069569 -5.88980931491
2023-12-25T10:59:00.000000 -1245.517234919 -5397.705266460 3895.512118368 -2.05341939881 -4.00687595127 -6.20442774313
2023-12-25T11:00:00.000000 -1365.753818277 -5625.478027074 3514.519293879 -1.95291802269 -3.58260052693 -6.49045086476
2023-12-25T11:01:00.000000 -1479.686255332 -5827.283197405 3117.256955053 -1.84336090874 -3.14162105427 -6.74653159175
2023-12-25T11:02:00.000000 -1586.785986467 -6002.178998614 2705.558656763 -1.72524811294 -2.68596621302 -6.97145941806
2023-12-25T11:03:00.000000 -1686.555713136 -6149.347607408 2281.326329859 -1.59912088424 -2.21773686309 -7.16416685914
2023-12-25T11:04:00.000000 -1778.531773509 -6268.099163930 1846.521533403 -1.46555891392 -1.73909645215 -7.32373437031
2023-12-25T11:05:00.000000 -1862.286379976 -6357.875281140 1403.156449736 -1.32517784907 -1.25226224645 -7.44939500192
2023-12-25T11:06:00.000000 -1937.429698881 -6418.251971100 953.284554953 -1.17862696898 -0.75949596236 -7.54054003564
2023-12-25T11:07:00.000000 -2003.611799297 -6448.942027337 498.990967727 -1.02658620959 -0.26309212018 -7.59672445646
2023-12-25T11:08:00.000000 -2060.524366577 -6449.796553158 42.382509235 -0.86976235288 0.23463504225 -7.61766996096
2023-12-25T11:09:00.000000 -2107.902203406 -6420.805798178 -414.422314181 -0.70888517837 0.73136374861 -7.60326547457
2023-12-25T11:10:00.000000 -2145.524499397 -6362.099254773 -869.303360875 -0.54470410596 1.22477541140 -7.55356728992
2023-12-25T11:11:00.000000 -2173.215921850 -6273.945188885 -1320.148889507 -0.37798478803 1.71256572873 -7.46879963206
2023-12-25T11:12:00.000000 -2190.847461441 -6156.749375338 -1764.865650824 -0.20950512091 2.19245688315 -7.34935415402
2023-12-25T11:13:00.000000 -2198.337046068 -6011.053169184 -2201.388852231 -0.04005102691 2.66220956257 -7.19578729676
2023-12-25T11:14:00.000000 -2195.649898812 -5837.530838663 -2627.691945152 0.12958735159 3.11963374379 -7.00881664891
2023-12-25T11:15:00.000000 -2182.798693826 -5636.986339137 -3041.796173000 0.29861929946 3.56259912260 -6.78931722018
2023-12-25T11:16:00.000000 -2159.843460867 -5410.349371956 -3441.779896188 0.46625760599 3.98904571993 -6.53831691261
2023-12-25T11:17:00.000000 -2126.891249227 -5158.670888647 -3825.787586869 0.63172292931 4.39699364424 -6.25699049378
2023-12-25T11:18:00.000000 -2084.095531115 -4883.118002549 -4192.038449083 0.79424766944 4.78455145794 -5.94665324698
2023-12-25T11:19:00.000000 -2031.655405184 -4584.968474553 -4538.834669620 0.95307916055 5.14992460680 -5.60875492202
2023-12-25T11:20:00.000000 -1969.814605624 -4265.604585979 -4864.569282857 1.10748264907 5.49142474601 -5.24487268330
2023-12-25T11:21:00.000000 -1898.860338378 -3926.506521208 -5167.733548468 1.25674443758 5.80747820834 -4.85670190485
2023-12-25T11:22:00.000000 -1819.121913327 -3569.245281290 -5446.923752962 1.40017515684 6.09663185363 -4.44604655693
2023-12-25T11:23:00.000000 -1730.969192616 -3195.475341020 -5700.847469202 1.53711322849 6.35755764066 -4.01481099637
2023-12-25T11:24:00.000000 -1634.810805603 -2806.926961075 -5928.329351308 1.66692846225 6.58905815196 -3.56499213613
2023-12-25T11:25:00.000000 -1531.092173036 -2405.398182437 -6128.316406486 1.78902514940 6.79007238847 -3.09866970696
2023-12-25T11:26:00.000000 -1420.293414305 -1992.746671269 -6299.882568302 1.90284250419 6.95967425833 -2.61799319233
2023-12-25T11:27:00.000000 -1302.927092238 -1570.881066913 -6442.232808610 2.00786019623 7.09709126414 -2.12517952621
2023-12-25T11:28:00.000000 -1179.535856403 -1141.752150759 -6554.706709351 2.10359599120 7.20169162625 -1.62249709690
2023-12-25T11:29:00.000000 -1050.690043507 -707.344149803 -6636.781312527 2.18960974732 7.27299308363 -1.11225827656
2023-12-25T11:30:00.000000 -916.985074836 -269.665687661 -6688.073455271 2.26550563163 7.31066428100 -0.59680798181
2023-12-25T11:31:00.000000 -779.038763692 169.259235812 -6708.341381952 2.33093326377 7.31452416098 -0.07851391371
2023-12-25T11:32:00.000000 -637.488557420 607.400284726 -6697.485905945 2.38558878720 7.28454269870 0.44024110782
2023-12-25T11:33:00.000000 -492.988694186 1042.729905361 -6655.551006472 2.42921674310 7.22084363771 0.95706862771
2023-12-25T11:34:00.000000 -346.207238057 1473.232635110 -6582.723854144 2.46161191230 7.12370543775 1.46958742389
2023-12-25T11:35:00.000000 -197.823041656 1896.914273801 -6479.333936831 2.48261990258 6.99355792791 1.97543591413
2023-12-25T11:36:00.000000 -48.522701510 2311.810844342 -6345.851654162 2.49213703005 6.83097813280 2.47228035149
2023-12-25T11:37:00.000000 101.002502568 2715.997372993 -6182.886395107 2.49011096662 6.63668941282 2.95782140944
2023-12-25T11:38:00.000000 250.059723458 3107.596707903 -5991.184283421 2.47654211221 6.41156227967 3.42980416660
2023-12-25T11:39:00.000000 397.957739877 3484.788295922 -5771.625054544 2.45148416298 6.15661221397 3.88603110783
2023-12-25T11:40:00.000000 544.010130456 3845.816720244 -5525.218297619 2.41504335485 5.87299396111 4.32437350301
2023-12-25T11:41:00.000000 687.538411213 4188.999894379 -5253.099022889 2.36737776008 5.56199625617 4.74277944117
2023-12-25T11:42:00.000000 827.875137324 4512.736985188 -4956.522890808 2.30869767394 5.22503846921 5.13928202057
2023-12-25T11:43:00.000000 964.367071403 4815.516149995 -4636.860741337 2.23926630191 4.86366665056 5.51201010308
2023-12-25T11:44:00.000000 1096.378345639 5095.921943899 -4295.592523747 2.15939922163 4.47954665382 5.85919973551
2023-12-25T11:45:00.000000 1223.293553303 5352.642262762 -3934.300571468 2.06946250853 4.07445578447 6.17920362613
2023-12-25T11:46:00.000000 1344.520759991 5584.474870863 -3554.662193992 1.96987218429 3.65027803619 6.47050432133
2023-12-25T11:47:00.000000 1459.494298381 5790.333295393 -3158.442089773 1.86108751668 3.20898659608 6.73170785019
2023-12-25T11:48:00.000000 1567.677460944 5969.252192269 -2747.484251950 1.74361419593 2.75264412432 6.96156638800
2023-12-25T11:49:00.000000 1668.565170490 6120.392296464 -2323.703123664 1.61800063695 2.28338914274 7.15898007080
2023-12-25T11:50:00.000000 1761.686483304 6243.044695097 -1889.074567943 1.48483565638 1.80342638072 7.32300280647
2023-12-25T11:51:00.000000 1846.606926919 6336.634496931 -1445.626433587 1.34474570668 1.31501685808 7.45284876633
2023-12-25T11:52:00.000000 1922.930661137 6400.723868637 -995.428752407 1.19839140049 0.82046584074 7.54789859839
2023-12-25T11:53:00.000000 1990.302407339 6435.014274673 -540.583621016 1.04646358641 0.32210922907 7.60770318584
2023-12-25T11:54:00.000000 2048.409152682 6439.347931572 -83.214943241 0.88967962136 -0.17769935979 7.63198485219
2023-12-25T11:55:00.000000 2096.981636429 6413.708510621 374.541875779 0.72878006763 -0.67660012608 7.62063805284
2023-12-25T11:56:00.000000 2135.795647220 6358.221172062 830.550290626 0.56452533824 -1.17223878819 7.57373036152
2023-12-25T11:57:00.000000 2164.673093754 6273.151839775 1282.683000665 0.39769181370 -1.66227934513 7.49150241596
2023-12-25T11:58:00.000000 2183.482844362 6158.905741258 1728.832294727 0.22906753775 -2.14441671652 7.37436582006
2023-12-25T11:59:00.000000 2192.141287438 6016.025186401 2166.920201896 0.05944784086 -2.61638816753 7.22289989983
2023-12-25T12:00:00.000000 2190.612644624 5845.186714122 2594.908465484 -0.11036896584 -3.07598421663 7.03784839119
2023-12-25T12:01:00.000000 2178.909013939 5647.197534622 3010.808277278 -0.27958585587 -3.52106016655 6.82011540949
2023-12-25T12:02:00.000000 2157.090177585 5422.991318630 3412.689755982 -0.44741124273 -3.94954768859 6.57075946689
2023-12-25T12:03:00.000000 2125.263146980 5173.623280014 3798.690964401 -0.61306294171 -4.35946488056 6.29098574436
2023-12-25T12:04:00.000000 2083.581490413 4900.264757873 4167.026481964 -0.77577193817 -4.74892433628 5.98213815314
2023-12-25T12:05:00.000000 2032.244428214 4604.197302921 4515.995490124 -0.93478592859 -5.11614034658 5.64569202516
2023-12-25T12:06:00.000000 1971.495741541 4286.806392564 4843.989463646 -1.08937251861 -5.45943631179 5.28324678132
2023-12-25T12:07:00.000000 1901.622483293 3949.574628588 5149.499356351 -1.23882207580 -5.77725218563 4.89651777604
2023-12-25T12:08:00.000000 1822.953532928 3594.074554209 5431.122304559 -1.38245059851 -6.06815125455 4.48732732272
2023-12-25T12:09:00.000000 1735.857958044 3221.961054996 5687.567746931 -1.51960288283 -6.33082600925 4.05759534290
2023-12-25T12:10:00.000000 1640.743197593 2834.963473434 5917.663016393 -1.64965576700 -6.56410329211 3.60932957059
2023-12-25T12:11:00.000000 1538.053045476 2434.877393681 6120.358276500 -1.77202087848 -6.76694856689 3.14461511981
2023-12-25T12:12:00.000000 1428.265504653 2023.556242173 6294.730857221 -1.88614669483 -6.93846884601 2.66560378858
2023-12-25T12:13:00.000000 1311.890513657 1602.902724538 6439.988932228 -1.99152031192 -7.07791436638 2.17450404832
2023-12-25T12:14:00.000000 1189.467586310 1174.860214381 6555.474667899 -2.08766934832 -7.18467988895 1.67357193151
2023-12-25T12:15:00.000000 1061.563311439 741.404017836 6640.666789734 -2.17416384735 -7.25830634163 1.16510211890
2023-12-25T12:16:00.000000 928.768767768 304.532559150 6695.182632204 -2.25061771637 -7.29848246597 0.65141836042
2023-12-25T12:17:00.000000 791.696855057 -133.741519620 6718.779565964 -2.31668965172 -7.30504561858 0.13486351834
2023-12-25T12:18:00.000000 650.979590423 -571.400272198 6711.355879740 -2.37208408165 -7.27798156921 -0.38220994591
2023-12-25T12:19:00.000000 507.265316563 -1006.429338119 6672.951068200 -2.41655256402 -7.21742396356 -0.89744887564
2023-12-25T12:20:00.000000 361.215830815 -1436.826799828 6603.745612534 -2.44989528992 -7.12365385708 -1.40850848101
2023-12-25T12:21:00.000000 213.503435697 -1860.612008882 6504.060193625 -2.47196200623 -6.99709895007 -1.91306198316
2023-12-25T12:22:00.000000 64.807953387 -2275.834341031 6374.354302128 -2.48265222709 -6.83833217361 -2.40881037831
2023-12-25T12:23:00.000000 -84.186256512 -2680.581862075 6215.224315718 -2.48191535871 -6.64806976563 -2.89349182671
2023-12-25T12:24:00.000000 -232.793311079 -3072.989854484 6027.400965278 -2.46975128227 -6.42716907510 -3.36489100352
2023-12-25T12:25:00.000000 -380.328854114 -3451.249209389 5811.746266463 -2.44621107654 -6.17662569094 -3.82084893427
2023-12-25T12:26:00.000000 -526.113132711 -3813.614593770 5569.249823003 -2.41139717478 -5.89756941321 -4.25927292049
2023-12-25T12:27:00.000000 -669.474071427 -4158.412379903 5301.024595705 -2.36546278744 -5.59125943050 -4.67814560295
2023-12-25T12:28:00.000000 -809.750288664 -4484.048248063 5008.302115035 -2.30861113967 -5.25907965416 -5.07553306861
2023-12-25T12:29:00.000000 -946.294086782 -4789.014556340 4692.427246550 -2.24109502273 -4.90253448759 -5.44959305100
2023-12-25T12:30:00.000000 -1078.474411025 -5071.897410615 4354.852400513 -2.16321649274 -4.52324412226 -5.79858419968
2023-12-25T12:31:00.000000 -1205.679797160 -5331.383469748 3997.131206700 -2.07532613489 -4.12293822135 -6.12087604402
2023-12-25T12:32:00.000000 -1327.321233302 -5566.266244252 3620.911551692 -1.97782159061 -3.70344778693 -6.41495827666
2023-12-25T12:33:00.000000 -1442.834931812 -5775.451927102 3227.928148692 -1.87114566090 -3.26669618287 -6.67944833042
2023-12-25T12:34:00.000000 -1551.684980489 -5957.964655046 2819.994663713 -1.75578451372 -2.81469050368 -6.91309751447
2023-12-25T12:35:00.000000 -1653.365901090 -6112.951312594 2398.995536731 -1.63226610211 -2.34951341798 -7.11479698952
2023-12-25T12:36:00.000000 -1747.405100785 -6239.685791150 1966.877368273 -1.50115834580 -1.87331456348 -7.28358441419
2023-12-25T12:37:00.000000 -1833.365198337 -6337.572725624 1525.639938293 -1.36306649065 -1.38830040333 -7.41865055133
2023-12-25T12:38:00.000000 -1910.846161201 -6406.150551001 1077.326857192 -1.21862972264 -0.89672292609 -7.51934431083
2023-12-25T12:39:00.000000 -1979.487242626 -6445.093921719 624.015973187 -1.06851777664 -0.40086859685 -7.58517594200
2023-12-25T12:40:00.000000 -2038.968721502 -6454.215446986 167.809612390 -0.91342804294 0.09695201698 -7.61581978514
2023-12-25T12:41:00.000000 -2089.013482198 -6433.466828204 -289.175366128 -0.75408267942 0.59441531107 -7.61111745199
2023-12-25T12:42:00.000000 -2129.388383809 -6382.939241254 -744.817668965 -0.59122487968 1.08919752174 -7.57108007537
2023-12-25T12:43:00.000000 -2159.905405168 -6302.862974856 -1197.001764565 -0.42561441846 1.57898796969 -7.49588780754
2023-12-25T12:44:00.000000 -2180.422497439 -6193.606265015 -1643.627928461 -0.25802346892 2.06150044372 -7.38588717596
2023-12-25T12:45:00.000000 -2190.844233541 -6055.673556551 -2082.622164754 -0.08923323751 2.53448284337 -7.24158882126
2023-12-25T12:46:00.000000 -2191.122239317 -5889.703115677 -2511.945995537 0.07996930212 2.99572764273 -7.06366620565
2023-12-25T12:47:00.000000 -2181.255446848 -5696.464047787 -2929.606192142 0.24879536632 3.44308411835 -6.85295299072
2023-12-25T12:48:00.000000 -2161.290053744 -5476.852480349 -3333.664209854 0.41645868549 3.87447013641 -6.61043749378
2023-12-25T12:49:00.000000 -2131.319265899 -5231.887185859 -3722.245278876 0.58217934952 4.28788154050 -6.33725604455
2023-12-25T12:50:00.000000 -2091.482796618 -4962.704611414 -4093.547101946 0.74518726860 4.68140045731 -6.03468748813
2023-12-25T12:51:00.000000 -2041.966186000 -4670.553488386 -4445.848264267 0.90472609006 5.05320479501 -5.70414764382
2023-12-25T12:52:00.000000 -1982.999828072 -4356.788732029 -4777.516207774 1.06005748601 5.40157799012 -5.34718115473
2023-12-25T12:53:00.000000 -1914.857789578 -4022.864912589 -5087.014660319 1.21046465433 5.72491614937 -4.96545118024
2023-12-25T12:54:00.000000 -1837.856434305 -3670.329316334 -5372.910466561 1.35525447395 6.02173235535 -4.56073051811
2023-12-25T12:55:00.000000 -1752.352966025 -3300.814855577 -5633.879965201 1.49375951758 6.29066136518 -4.13489523477
2023-12-25T12:56:00.000000 -1658.743780974 -2916.032519273 -5868.715000859 1.62534122745 6.53046655084 -3.68991816944
2023-12-25T12:57:00.000000 -1557.462623677 -2517.763457583 -6076.328461914 1.74939390156 6.74004708957 -3.22785943243
2023-12-25T12:58:00.000000 -1448.978552915 -2107.850823358 -6255.759103472 1.86534652998 6.91843742269 -2.75085266214
2023-12-25T12:59:00.000000 -1333.793669625 -1688.191094596 -6406.175858647 1.97266898902 7.06482625855 -2.26110165710
2023-12-25T13:00:00.000000 -1212.440742163 -1260.725207395 -6526.881512730 2.07086944534 7.17854326862 -1.76086256649
2023-12-25T13:01:00.000000 -1085.480813331 -827.429876974 -6617.315604154 2.15949750115 7.25906651219 -1.25243644883
2023-12-25T13:02:00.000000 -953.500661337 -390.308655360 -6677.056847205 2.23814607205 7.30602330541 -0.73815934398
2023-12-25T13:03:00.000000 -817.110150669 48.617030573 -6705.824939850 2.30645286916 7.31919076598 -0.22039364788
2023-12-25T13:04:00.000000 -676.939508982 487.316926527 -6703.481916383 2.36410166075 7.29849776011 0.29848035118
2023-12-25T13:05:00.000000 -533.636519588 923.761109547 -6670.032887561 2.41082368308 7.24402722431 0.81607510917
2023-12-25T13:06:00.000000 -387.863632188 1355.929278446 -6605.626147157 2.44639911097 7.15601608159 1.33000808330
2023-12-25T13:07:00.000000 -240.294985504 1781.819887614 -6510.552499825 2.47065828026 7.03485233023 1.83791262036
2023-12-25T13:08:00.000000 -91.613369721 2199.459136050 -6385.244075649 2.48348261610 6.88107230733 2.33744626714
2023-12-25T13:09:00.000000 57.492861117 2606.909820435 -6230.272596971 2.48480532705 6.69535995117 2.82629900197
2023-12-25T13:10:00.000000 206.332909341 3002.280205699 -6046.347192386 2.47461177592 6.47854628016 3.30220349697
2023-12-25T13:11:00.000000 354.216666220 3383.732763920 -5834.311453694 2.45293959106 6.23160683353 3.76294616385
2023-12-25T13:12:00.000000 500.457856003 3749.492745314 -5595.139939739 2.41987893416 5.95565785972 4.20637708825
2023-12-25T13:13:00.000000 644.377198222 4097.856500509 -5329.934028887 2.37557303023 5.65195296988 4.63041968444
2023-12-25T13:14:00.000000 785.305607274 4427.199641531 -5039.917246659 2.32021827798 5.32187941349 5.03308187179
2023-12-25T13:15:00.000000 922.587352779 4735.984871096 -4726.429799186 2.25406328222 4.96695191374 5.41246777046
2023-12-25T13:16:00.000000 1055.583148013 5022.769398328 -4390.922518314 2.17740730254 4.58880455894 5.76678715943
2023-12-25T13:17:00.000000 1183.673154149 5286.211871323 -4034.950299509 2.09059923419 4.18918343920 6.09436255786
2023-12-25T13:18:00.000000 1306.259993836 5525.079007892 -3660.164972407 1.99403884139 3.76994381815 6.39364182422
2023-12-25T13:19:00.000000 1422.771634046 5738.251653406 -3268.307928265 1.88817092115 3.33303337293 6.66319334877
2023-12-25T13:20:00.000000 1532.664174816 5924.730352318 -2861.202166480 1.77348795945 2.88049249069 6.90173004804
2023-12-25T13:21:00.000000 1635.424567804 6083.640470739 -2440.743524929 1.65052526797 2.41443979867 7.10811172507
2023-12-25T13:22:00.000000 1730.573092732 6214.236589316 -2008.891726111 1.51985811571 1.93706215937 7.28135026962
2023-12-25T13:23:00.000000 1817.665687778 6315.906311915 -1567.661071652 1.38209946619 1.45060525248 7.42061534675
2023-12-25T13:24:00.000000 1896.296143411 6388.173481863 -1119.110794275 1.23789759798 0.95736256112 7.52524054833
2023-12-25T13:25:00.000000 1966.098127403 6430.700658219 -665.335073762 1.08793306099 0.45966252233 7.59472804391
2023-12-25T13:26:00.000000 2026.747023810 6443.290840650 -208.452834878 0.93291502942 -0.04014430430 7.62875101940
2023-12-25T13:27:00.000000 2077.961521677 6425.888421989 249.402556789 0.77357721282 -0.53969711438 7.62715524284
2023-12-25T13:28:00.000000 2119.504959708 6378.579460254 706.093699128 0.61067341435 -1.03663684836 7.58996046805
2023-12-25T13:29:00.000000 2151.186393812 6301.591167211 1159.489596450 0.44497312156 -1.52861922235 7.51736057858
2023-12-25T13:30:00.000000 2172.861425547 6195.290652176 1607.476071614 0.27725770022 -2.01332790594 7.40972151882
2023-12-25T13:31:00.000000 2184.432811029 6060.182849992 2047.965974692 0.10831712816 -2.48848666207 7.26757779076
2023-12-25T13:32:00.000000 2185.850878511 5896.907793967 2478.909193049 -0.06105357244 -2.95187054186 7.09162866736
2023-12-25T13:33:00.000000 2177.113695631 5706.237188014 2898.302399413 -0.23005876603 -3.40131675207 6.88273390932
2023-12-25T13:34:00.000000 2158.266971954 5489.070396152 3304.198544327 -0.39790693427 -3.83473495852 6.64190829884
2023-12-25T13:35:00.000000 2129.403677413 5246.429783301 3694.715952658 -0.56381476249 -4.25011662267 6.37031536561
2023-12-25T13:36:00.000000 2090.663452113 4979.455555905 4068.047072499 -0.72701056696 -4.64554399072 6.06926104940
2023-12-25T13:37:00.000000 2042.231794646 4689.400016805 4422.466795575 -0.88673776919 -5.01919943042 5.74018676296
2023-12-25T13:38:00.000000 1984.339060247 4377.621311400 4756.340371829 -1.04225863940 -5.36937429460 5.38466090438
2023-12-25T13:39:00.000000 1917.259208505 4045.576645150 5068.130716693 -1.19285779394 -5.69447596356 5.00436936675
2023-12-25T13:40:00.000000 1841.308380758 3694.815166026 5356.405207440 -1.33784515228 -5.99303347688 4.60110658447
2023-12-25T13:41:00.000000 1756.843286323 3326.970470044 5619.841911371 -1.47655877465 -6.26370340687 4.17676696447
2023-12-25T13:42:00.000000 1664.259440002 2943.752795605 5857.235340092 -1.60836786072 -6.50527590020 3.73333497568
2023-12-25T13:43:00.000000 1563.989195949 2546.940845158 6067.501478029 -1.73267546568 -6.71667878072 3.27287380763
2023-12-25T13:44:00.000000 1456.499660561 2138.373490988 6249.682208399 -1.84892057057 -6.89697905313 2.79751505611
2023-12-25T13:45:00.000000 1342.290468880 1719.941358269 6402.949142354 -1.95657997513 -7.04538423718 2.30945087864
2023-12-25T13:46:00.000000 1221.891466912 1293.578352610 6526.607072465 -2.05517055530 -7.16124567857 1.81092621579
2023-12-25T13:47:00.000000 1095.860225716 861.252870209 6620.096805658 -2.14425136358 -7.24406235031 1.30422845365
2023-12-25T13:48:00.000000 964.779482869 424.958908380 6682.997371470 -2.22342472688 -7.29348220340 0.79167552013
2023-12-25T13:49:00.000000 829.254517372 -13.292877154 6715.027527155 -2.29233667880 -7.30930118776 0.27560594849
2023-12-25T13:50:00.000000 689.910522695 -451.483988878 6716.046777032 -2.35067805779 -7.29146272267 -0.24162879058
2023-12-25T13:51:00.000000 547.389838434 -887.596994742 6686.055896130 -2.39818666228 -7.24005875949 -0.75767251355
2023-12-25T13:52:00.000000 402.349077302 -1319.624452199 6625.196911983 -2.43464917064 -7.15533026902 -1.27017487904
2023-12-25T13:53:00.000000 255.456171247 -1745.577804722 6533.752431645 -2.45990171204 -7.03766554428 -1.77680220670
2023-12-25T13:54:00.000000 107.387396690 -2163.496162486 6412.144333778 -2.47382970771 -6.88759790585 -2.27524642923
2023-12-25T13:55:00.000000 -41.175570868 -2571.454941085 6260.932031680 -2.47636819544 -6.70580436076 -2.76323337094
2023-12-25T13:56:00.000000 -189.548674000 -2967.574464956 6080.810122765 -2.46750273048 -6.49310441498 -3.23853237989
2023-12-25T13:57:00.000000 -337.048516845 -3350.028433671 5872.605479218 -2.44726989239 -6.25045711478 -3.69896694733
2023-12-25T13:58:00.000000 -482.995427900 -3717.052168233 5637.273683243 -2.41575710090 -5.97895666788 -4.14242430371
2023-12-25T13:59:00.000000 -626.716496000 -4066.950588510 5375.894970697 -2.37310233385 -5.67982819974 -4.56686387974
2023-12-25T14:00:00.000000 -767.548605259 -4398.105953913 5089.669623226 -2.31949410328 -5.35442392022 -4.97032613341
2023-12-25T14:01:00.000000 -904.841461959 -4708.985356928 4779.912826725 -2.25517119930 -5.00421839001 -5.35094216251
2023-12-25T14:02:00.000000 -1037.960588624 -4998.147882083 4448.048941650 -2.18042188050 -4.63080255134 -5.70694297561
2023-12-25T14:03:00.000000 -1166.290260629 -5264.251404734 4095.605263675 -2.09558279123 -4.23587727336 -6.03666793074
2023-12-25T14:04:00.000000 -1289.236375656 -5506.058982945 3724.205270048 -2.00103783716 -3.82124664424 -6.33857297837
2023-12-25T14:05:00.000000 -1406.229248634 -5722.444832290 3335.561379104 -1.89721671922 -3.38881039943 -6.61123882546
2023-12-25T14:06:00.000000 -1516.726302707 -5912.399808570 2931.467230666 -1.78459303123 -2.94055559681 -6.85337839096
2023-12-25T14:07:00.000000 -1620.214645228 -6075.036402003 2513.789554593 -1.66368233006 -2.47854805943 -7.06384367495
2023-12-25T14:08:00.000000 -1716.213530910 -6209.593187657 2084.459615066 -1.53504032890 -2.00492312580 -7.24163272681
2023-12-25T14:09:00.000000 -1804.276706214 -6315.438677639 1645.464246875 -1.39926055166 -1.52187475885 -7.38589605637
2023-12-25T14:10:00.000000 -1883.994581565 -6392.074486512 1198.836564659 -1.25697101873 -1.03164396622 -7.49594092433
2023-12-25T14:11:00.000000 -1954.996192949 -6439.137842157 746.646482530 -1.10883064824 -0.53650855649 -7.57123385868
2023-12-25T14:12:00.000000 -2016.950963328 -6456.403520971 290.991074046 -0.95552635869 -0.03877414316 -7.61140374531
2023-12-25T14:13:00.000000 -2069.570313102 -6443.785214051 -166.015304547 -0.79777066371 0.45923641932 -7.61624616310
2023-12-25T14:14:00.000000 -2112.609104766 -6401.336168359 -622.251109459 -0.63629862546 0.95519644945 -7.58572635033
2023-12-25T14:15:00.000000 -2145.866881579 -6329.249000059 -1075.597798861 -0.47186373795 1.44678917378 -7.51997873006
2023-12-25T14:16:00.000000 -2169.188837338 -6227.854745283 -1523.949912928 -0.30523342336 1.93171897579 -7.41930449695
2023-12-25T14:17:00.000000 -2182.466525028 -6097.621305935 -1965.225025318 -0.13718492443 2.40772104953 -7.28417003458
2023-12-25T14:18:00.000000 -2185.638331244 -5939.151274871 -2397.373617844 0.03149837531 2.87257222477 -7.11520591275
2023-12-25T14:19:00.000000 -2178.689743842 -5753.179084539 -2818.388876853 0.20003049429 3.32410327328 -6.91320415284
2023-12-25T14:20:00.000000 -2161.653398483 -5540.567406011 -3226.316227673 0.36762640278 3.76021054809 -6.67911306949
2023-12-25T14:21:00.000000 -2134.608913837 -5302.302914456 -3619.262537877 0.53350570401 4.17886592807 -6.41403138223
2023-12-25T14:22:00.000000 -2097.682489424 -5039.491462080 -3995.404958326 0.69689670144 4.57812618023 -6.11920246177
2023-12-25T14:23:00.000000 -2051.046259136 -4753.352721456 -4352.999428900 0.85704077837 4.95614237169 -5.79600771754
2023-12-25T14:24:00.000000 -1994.917376320 -4445.214253171 -4690.388712357 1.01319648532 5.31116833879 -5.44595849800
2023-12-25T14:25:00.000000 -1929.556884290 -4116.505134282 -5006.009940579 1.16464282218 5.64156755131 -5.07068758921
2023-12-25T14:26:00.000000 -1855.268401613 -3768.749179915 -5298.401646535 1.31068185438 5.94581928564 -4.67194129818
2023-12-25T14:27:00.000000 -1772.396673771 -3403.557823886 -5566.210361988 1.45064119810 6.22252505587 -4.25157159455
2023-12-25T14:28:00.000000 -1681.325954850 -3022.622579224 -5808.196689471 1.58387669970 6.47041493076 -3.81152748110
2023-12-25T14:29:00.000000 -1582.478230924 -2627.707161926 -6023.240855318 1.70977529444 6.68835297274 -3.35384568200
2023-12-25T14:30:00.000000 -1476.311305802 -2220.639464216 -6210.347596297 1.82775650803 6.87533638776 -2.88063861837
2023-12-25T14:31:00.000000 -1363.316642755 -1803.302981961 -6368.650665398 1.93727938287 7.03051528582 -2.39409234343
2023-12-25T14:32:00.000000 -1244.017032159 -1377.628017294 -6497.416691117 2.03784105295 7.15317976889 -1.89644825428
2023-12-25T14:33:00.000000 -1118.964194058 -945.583051171 -6596.048267463 2.12898030423 7.24276717415 -1.38999597134
2023-12-25T14:34:00.000000 -988.736228923 -509.165872269 -6664.086586656 2.21027935883 7.29886376814 -0.87706370560
2023-12-25T14:35:00.000000 -853.934968104 -70.394578482 -6701.213441406 2.28136504238 7.32120645752 -0.36000860470
2023-12-25T14:36:00.000000 -715.183279497 368.701502019 -6707.252680825 2.34190951369 7.30968420790 0.15879322946
2023-12-25T14:37:00.000000 -573.122314299 806.090961070 -6682.171020327 2.39163121561 7.26433878376 0.67695685988
2023-12-25T14:38:00.000000 -428.408694512 1239.749480742 -6626.078298988 2.43029650374 7.18536465941 1.19209869975
2023-12-25T14:39:00.000000 -281.711572869 1667.668970387 -6539.227064759 2.45772152026 7.07310804494 1.70184674660
2023-12-25T14:40:00.000000 -133.709609714 2087.866622597 -6422.011598420 2.47377339283 6.92806518450 2.20385047604
2023-12-25T14:41:00.000000 14.912106403 2498.393862107 -6274.966319224 2.47837062078 6.75088070741 2.69579006775
2023-12-25T14:42:00.000000 163.465141279 2897.345213720 -6098.763699617 2.47148339881 6.54234641039 3.17538576485
2023-12-25T14:43:00.000000 311.260842421 3282.867086250 -5894.211529592 2.45313434333 6.30339960106 3.64040832228
2023-12-25T14:44:00.000000 457.613502220 3653.166413937 -5662.249567136 2.42339904113 6.03511977754 4.08869003216
2023-12-25T14:45:00.000000 601.843535137 4006.519055662 -5403.945520172 2.38240587680 5.73872421442 4.51813482388
2023-12-25T14:46:00.000000 743.280628584 4341.277937241 -5120.490487823 2.33033550048 5.41556387369 4.92672761291
2023-12-25T14:47:00.000000 881.266869274 4655.880955986 -4813.193789789 2.26742055785 5.06711944107 5.31254461807
2023-12-25T14:48:00.000000 1015.159857074 4948.858598840 -4483.477142857 2.19394538806 4.69499528628 5.67376491789
2023-12-25T14:49:00.000000 1144.335777654 5218.841110360 -4132.868164506 2.11024492564 4.30091069307 6.00868089115
2023-12-25T14:50:00.000000 1268.192432979 5464.565203642 -3762.993196180 2.01670442968 3.88669380714 6.31571060527
2023-12-25T14:51:00.000000 1386.152052356 5684.880049858 -3375.569998121 1.91375264305 3.45426423618 6.59338947645
2023-12-25T14:52:00.000000 1497.664015011 5878.752907528 -2972.400086379 1.80186552607 3.00563709247 6.84039175084
2023-12-25T14:53:00.000000 1602.207587318 6045.274482587 -2555.360268289 1.68156338281 2.54291134615 7.05553509757
2023-12-25T14:54:00.000000 1699.294548295 6183.663687846 -2126.393757975 1.55340896891 2.06825867823 7.23778958296
2023-12-25T14:55:00.000000 1788.471635904 6293.271580349 -1687.500824949 1.41800434873 1.58391047522 7.38628408255
2023-12-25T14:56:00.000000 1869.322792282 6373.584587170 -1240.729158483 1.27598687604 1.09214552345 7.50030961011
2023-12-25T14:57:00.000000 1941.471161239 6424.227014943 -788.164061729 1.12802536333 0.59528005469 7.57932127032
2023-12-25T14:58:00.000000 2004.580885358 6444.963068076 -331.918548727 0.97481720758 0.09565901122 7.62294147641
2023-12-25T14:59:00.000000 2058.358750859 6435.698241761 125.876867907 0.81708606978 -0.40435468631 7.63096525457
2023-12-25T15:00:00.000000 2102.555676531 6396.479980341 583.084677461 0.65557867483 -0.90239510011 7.60336470850
2023-12-25T15:01:00.000000 2136.967960299 6327.497358061 1037.571011554 0.49106013401 -1.39610999609 7.54028881427
2023-12-25T15:02:00.000000 2161.438231210 6229.079811107 1487.216143148 0.32430883367 -1.88317464181 7.44205893945
2023-12-25T15:03:00.000000 2175.856108026 6101.695183972 1929.924678758 0.15611211443 -2.36130168475 7.30916437717
2023-12-25T15:04:00.000000 2180.158627664 5945.947207684 2363.635564162 -0.01273746308 -2.82825077415 7.14225992125
2023-12-25T15:05:00.000000 2174.330431266 5762.572328473 2786.331912342 -0.18144623242 -3.28184036502 6.94216277031
2023-12-25T15:06:00.000000 2158.403706726 5552.435830391 3196.050612383 -0.34922386499 -3.71995924405 6.70984650573
2023-12-25T15:07:00.000000 2132.457857195 5316.527331220 3590.891474277 -0.51528733922 -4.14057537939 6.44643421840
2023-12-25T15:08:00.000000 2096.618967303 5055.955797909 3969.026058258 -0.67886426779 -4.54174420144 6.15319333066
2023-12-25T15:09:00.000000 2051.059056278 4771.943978658 4328.706138159 -0.83919624326 -4.92161911765 5.83152987626
2023-12-25T15:10:00.000000 1995.995149083 4465.822220081 4668.271814662 -0.99554230510 -5.27846196755 5.48297913981
2023-12-25T15:11:00.000000 1931.688119654 4139.021727397 4986.158882201 -1.14718213547 -5.61064941757 5.10919451251
2023-12-25T15:12:00.000000 1858.441367325 3793.067582720 5280.905677683 -1.29341920681 -5.91667654758 4.71193914779
2023-12-25T15:13:00.000000 1776.599270497 3429.571456108 5551.159437176 -1.43358456934 -6.19516245349 4.29307971522
2023-12-25T15:14:00.000000 1686.545424486 3050.223980722 5795.682324182 -1.56704073050 -6.44485811350 3.85457731322
2023-12-25T15:15:00.000000 1588.700662320 2656.786614672 6013.356665982 -1.69318401909 -6.66465165782 3.39847487571
2023-12-25T15:16:00.000000 1483.521007251 2251.083394129 6203.189547061 -1.81144537550 -6.85356953259 2.92688623164
2023-12-25T15:17:00.000000 1371.495547117 1834.992557701 6364.316809181 -1.92129158101 -7.01077799241 2.44198918787
2023-12-25T15:18:00.000000 1253.144234545 1410.438101646 6496.006730420 -2.02222820368 -7.13558779226 1.94601788569
2023-12-25T15:19:00.000000 1129.015433378 979.380903854 6597.663020890 -2.11380268236 -7.22745836653 1.44125090324
2023-12-25T15:20:00.000000 999.683375487 543.809828051 6668.827117487 -2.19560560668 -7.28599761756 0.92999851440
2023-12-25T15:21:00.000000 865.745545234 105.732830754 6709.179794049 -2.26727082757 -7.31095985054 0.41459425320
2023-12-25T15:22:00.000000 727.820093913 -332.831746733 6718.542395466 -2.32847658634 -7.30224648242 -0.10261127594
2023-12-25T15:23:00.000000 586.543075404 -769.864160781 6696.877592081 -2.37894792839 -7.25990887207 -0.61925939979
2023-12-25T15:24:00.000000 442.565590133 -1203.352261381 6644.289512930 -2.41845847427 -7.18414867667 -1.13299559444
2023-12-25T15:25:00.000000 296.550859232 -1631.300436619 6561.023168263 -2.44683060773 -7.07531502497 -1.64148024202
2023-12-25T15:26:00.000000 149.171298102 -2051.738385286 6447.463283196 -2.46393543181 -6.93390227243 -2.14239637714
2023-12-25T15:27:00.000000 1.105571705 -2462.729817194 6304.132724526 -2.46969374515 -6.76054974755 -2.63345775399
2023-12-25T15:28:00.000000 -146.964425428 -2862.381133182 6131.690372173 -2.46407742986 -6.55604081672 -3.11241957886
2023-12-25T15:29:00.000000 -294.356662307 -3248.849971672 5930.928248588 -2.44710993192 -6.32129920457 -3.57708979765
2023-12-25T15:30:00.000000 -440.392049128 -3620.353480326 5702.768077014 -2.41886574356 -6.05738406665 -4.02533863305
2023-12-25T15:31:00.000000 -584.397479554 -3975.176309524 5448.257279848 -2.37946962274 -5.76548569135 -4.45510674779
2023-12-25T15:32:00.000000 -725.708821092 -4311.678366287 5168.564548787 -2.32909598579 -5.44692163767 -4.86441342903
2023-12-25T15:33:00.000000 -863.673888196 -4628.302327979 4864.974835645 -2.26796850637 -5.10313267260 -5.25136489514
2023-12-25T15:34:00.000000 -997.655387968 -4923.580910945 4538.883901696 -2.19635991057 -4.73567849642 -5.61416304868
2023-12-25T15:35:00.000000 -1127.033853203 -5196.143841653 4191.792263689 -2.11459169302 -4.34623254792 -5.95111541628
2023-12-25T15:36:00.000000 -1251.210552746 -5444.724505084 3825.298577482 -2.02303313812 -3.93657444379 -6.26064546415
2023-12-25T15:37:00.000000 -1369.610299156 -5668.165999785 3441.092385148 -1.92209952530 -3.50858054322 -6.54130093442
2023-12-25T15:38:00.000000 -1481.684153938 -5865.426690392 3040.946491655 -1.81225018819 -3.06421513535 -6.79175984843
2023-12-25T15:39:00.000000 -1586.912013636 -6035.585234036 2626.708944834 -1.69398678428 -2.60552300631 -7.01083653998
2023-12-25T15:40:00.000000 -1684.805098608 -6177.845211164 2200.294689676 -1.56785120336 -2.13462113999 -7.19748888241
2023-12-25T15:41:00.000000 -1774.908278746 -6291.539118502 1763.676711493 -1.43442282587 -1.65368840683 -7.35082466266
2023-12-25T15:42:00.000000 -1856.802245814 -6376.131783632 1318.876933761 -1.29431589876 -1.16495506672 -7.47010573662
2023-12-25T15:43:00.000000 -1930.105540213 -6431.223143728 867.956831189 -1.14817767882 -0.67069362851 -7.55475193179
2023-12-25T15:44:00.000000 -1994.476486692 -6456.550537825 413.007842169 -0.99668639864 -0.17320897378 -7.60434655161
2023-12-25T15:45:00.000000 -2049.614946384 -6451.990242526 -43.858649354 -0.84054778833 0.32517439124 -7.61864151893
2023-12-25T15:46:00.000000 -2095.263834878 -6417.558240634 -500.521474937 -0.68049047533 0.82212663204 -7.59755899903
2023-12-25T15:47:00.000000 -2131.210366461 -6353.410131469 -954.859887070 -0.51726183653 1.31532526618 -7.54119000267
2023-12-25T15:48:00.000000 -2157.287076806 -6259.840382747 -1404.763602539 -0.35162467738 1.80246605898 -7.44979279804
2023-12-25T15:49:00.000000 -2173.372645699 -6137.280888114 -1848.142841799 -0.18435365339 2.28127399448 -7.32379202044
2023-12-25T15:50:00.000000 -2179.392475236 -5986.298883200 -2282.938246034 -0.01623071752 2.74951475913 -7.16377666537
2023-12-25T15:51:00.000000 -2175.318985951 -5807.594160593 -2707.130640816 0.15195954713 3.20500541796 -6.97049649974
2023-12-25T15:52:00.000000 -2161.171653700 -5601.995713795 -3118.750558155 0.31943374930 3.64562433032 -6.74485802365
2023-12-25T15:53:00.000000 -2137.016842431 -5370.457728239 -3515.887518552 0.48541287772 4.06932162106 -6.48792018766
2023-12-25T15:54:00.000000 -2102.967443178 -5114.054960359 -3896.699011681 0.64912567903 4.47412999840 -6.20088852279
2023-12-25T15:55:00.000000 -2059.182293524 -4833.977479872 -4259.419070831 0.80981236805 4.85817414132 -5.88510772134
2023-12-25T15:56:00.000000 -2005.865385921 -4531.524932369 -4602.366400328 0.96672830091 5.21967833685 -5.54205421411
2023-12-25T15:57:00.000000 -1943.264847407 -4208.100328244 -4923.952069175 1.11914745756 5.55697391752 -5.17332927107
2023-12-25T15:58:00.000000 -1871.671723922 -3865.203392770 -5222.686781324 1.26636584921 5.86850708015 -4.78065128473
2023-12-25T15:59:00.000000 -1791.418553255 -3504.423450237 -5497.187626615 1.40770481126 6.15284592271 -4.36584673006
2023-12-25T16:00:00.000000 -1702.877760744 -3127.431943154 -5746.184300312 1.54251406991 6.40868609338 -3.93084080333
2023-12-25T16:01:00.000000 -1606.459862572 -2735.974618668 -5968.524736393 1.67017455569 6.63485585731 -3.47764822825
2023-12-25T16:02:00.000000 -1502.611562313 -2331.863590007 -6163.180120268 1.79009946868 6.83031545117 -3.00836101331
2023-12-25T16:03:00.000000 -1391.813633151 -1916.968831330 -6329.249471629 1.90174027082 6.99417644164 -2.52514661742
2023-12-25T16:04:00.000000 -1274.578684804 -1493.209491750 -6465.963648290 2.00458467532 7.12568861581 -2.03023049102
2023-12-25T16:05:00.000000 -1151.448875951 -1062.545350356 -6572.688626294 2.09816032866 7.22424818231 -1.52589046432
2023-12-25T16:06:00.000000 -1022.993444904 -626.967942440 -6648.928406112 2.18203746658 7.28940113641 -1.01444674876
2023-12-25T16:07:00.000000 -889.806085406 -188.491494710 -6694.327167910 2.25583080788 7.32084505086 -0.49825039936
2023-12-25T16:08:00.000000 -752.502254023 250.856160666 -6708.670821043 2.31920042523 7.31842890036 0.02032740456
2023-12-25T16:09:00.000000 -611.716416606 689.042674617 -6691.887899610 2.37185255422 7.28215293557 0.53890423585
2023-12-25T16:10:00.000000 -468.099252020 1124.040263427 -6644.050025979 2.41354105535 7.21216953398 1.05509550095
2023-12-25T16:11:00.000000 -322.314734878 1553.834864416 -6565.371685346 2.44406894487 7.10878340778 1.56652497690
2023-12-25T16:12:00.000000 -175.037164965 1976.435228069 -6456.209434874 2.46328923204 6.97245004967 2.07083522823
2023-12-25T16:13:00.000000 -26.948142794 2389.881918038 -6317.060464917 2.47110549217 6.80377406467 2.56569652873
2023-12-25T16:14:00.000000 121.266482481 2792.256225743 -6148.560714863 2.46747290266 6.60350846859 3.04881610589
2023-12-25T16:15:00.000000 268.919752110 3181.689047567 -5951.482294971 2.45239937715 6.37255327247 3.51794940552
2023-12-25T16:16:00.000000 415.326771453 3556.369594563 -5726.730253614 2.42594579887 6.11195147989 3.97091174195
2023-12-25T16:17:00.000000 559.807877759 3914.553823029 -5475.338665523 2.38822548731 5.82288409447 4.40558788476
2023-12-25T16:18:00.000000 701.691768645 4254.572591093 -5198.466233285 2.33940383787 5.50666634648 4.81994058433
2023-12-25T16:19:00.000000 840.318627483 4574.839617585 -4897.391311884 2.27969834583 5.16474441795 5.21202064034
2023-12-25T16:20:00.000000 975.043242447 4873.859192431 -4573.506276442 2.20937814850 4.79868998278 5.57997831710
2023-12-25T16:21:00.000000 1105.238068223 5150.233478541 -4228.311238478 2.12876275113 4.41019243467 5.92207363535
2023-12-25T16:22:00.000000 1230.296254699 5402.669432424 -3863.407063661 2.03822223200 4.00105400966 6.23668958244
2023-12-25T16:23:00.000000 1349.634491655 5629.985019065 -3480.488169568 1.93817105364 3.57317171350 6.52232593709
2023-12-25T16:24:00.000000 1462.695790136 5831.114987588 -3081.334864159 1.82907178728 3.12853962659 6.77762143160
2023-12-25T16:25:00.000000 1568.952255638 6005.116296438 -2667.804898232 1.71143138130 2.66923609714 7.00135690074
2023-12-25T16:26:00.000000 1667.907683324 6151.172906387 -2241.824740863 1.58579867624 2.19741414736 7.19246227924
2023-12-25T16:27:00.000000 1759.099988235 6268.599935366 -1805.380418839 1.45276177245 1.71529103109 7.35002330718
2023-12-25T16:28:00.000000 1842.103481193 6356.847173270 -1360.507999309 1.31294522220 1.22513635678 7.47328712822
2023-12-25T16:29:00.000000 1916.530963852 6415.501846340 -909.283776573 1.16700712923 0.72926003989 7.56166591786
2023-12-25T16:30:00.000000 1982.035662773 6444.290716937 -453.814302607 1.01563628397 0.23000133623 7.61473970397
2023-12-25T16:31:00.000000 2038.312973923 6443.081506553 3.773800913 0.85954903223 -0.27028219560 7.63225997703
2023-12-25T16:32:00.000000 2085.102004451 6411.883617947 461.344227886 0.69948528722 -0.76922783191 7.61415274489
2023-12-25T16:33:00.000000 2122.186845037 6350.848013948 916.761477362 0.53620384140 -1.26448183677 7.56051859998
2023-12-25T16:34:00.000000 2149.397564669 6260.266294768 1367.901265060 0.37047769479 -1.75371205185 7.47163038351
2023-12-25T16:35:00.000000 2166.610925879 6140.569060559 1812.660787008 0.20308958885 -2.23461913440 7.34793096256
2023-12-25T16:36:00.000000 2173.750834665 5992.323589089 2248.968854414 0.03482748606 -2.70494858950 7.19003062322
2023-12-25T16:37:00.000000 2170.788529211 5816.230780837 2674.795787949 -0.13351940866 -3.16250267903 6.99870174066
2023-12-25T16:38:00.000000 2157.742570275 5613.121465449 3088.162947872 -0.30116317947 -3.60514930801 6.77487218281
2023-12-25T16:39:00.000000 2134.678707257 5383.952255244 3487.151929333 -0.46731922822 -4.03082918434 6.51962176984
2023-12-25T16:40:00.000000 2101.709569645 5129.800877859 3869.913660180 -0.63121036995 -4.43756653060 6.23418098200
2023-12-25T16:41:00.000000 2058.994036172 4851.860743680 4234.677256131 -0.79207350539 -4.82348392497 5.91992490129
2023-12-25T16:42:00.000000 2006.736186780 4551.434627919 4579.758385471 -0.94916552300 -5.18681415895 5.57835978665
2023-12-25T16:43:00.000000 1945.184029326 4229.927920080 4903.566640557 -1.10176542769 -5.52590438489 5.21110889642
2023-12-25T16:44:00.000000 1874.628174497 3888.841731481 5204.612326152 -1.24917426128 -5.83921726888 4.81990493072
2023-12-25T16:45:00.000000 1795.400459938 3529.765808655 5481.512875209 -1.39071699279 -6.12533651327 4.40658631958
2023-12-25T16:46:00.000000 1707.872403761 3154.371035912 5732.999060336 -1.52574731224 -6.38297583953 3.97308962314
2023-12-25T16:47:00.000000 1612.453315134 2764.401403017 5957.920464323 -1.65365216493 -6.61098496566 3.52143711066
2023-12-25T16:48:00.000000 1509.588236108 2361.665791449 6155.250289944 -1.77385372375 -6.80835141620 3.05372549188
2023-12-25T16:49:00.000000 1399.755795716 1948.029630530 6324.089567684 -1.88581018597 -6.97420285630 2.57211802363
2023-12-25T16:50:00.000000 1283.466018273 1525.406393198 6463.670921725 -1.98901766690 -7.10781174070 2.07883567248
2023-12-25T16:51:00.000000 1161.257950385 1095.748767703 6573.361664116 -2.08301281839 -7.20859816744 1.57614524684
2023-12-25T16:52:00.000000 1033.697179308 661.039831043 6652.666207512 -2.16737454406 -7.27612892385 1.06634840067
2023-12-25T16:53:00.000000 901.373262897 223.284258529 6701.227915226 -2.24172487006 -7.31011659110 0.55177440389
2023-12-25T16:54:00.000000 764.897121483 -215.500420722 6718.830579937 -2.30573032971 -7.31042202186 0.03477306164
2023-12-25T16:55:00.000000 624.898292501 -653.292880952 6705.399328738 -2.35910391141 -7.27705724767 -0.48229604277
2023-12-25T16:56:00.000000 482.022106837 -1088.077036999 6661.000846146 -2.40160635106 -7.21018469197 -0.99707588121
2023-12-25T16:57:00.000000 336.926807539 -1517.850986650 6585.842921884 -2.43304655194 -7.11011413932 -1.50722135038
2023-12-25T16:58:00.000000 190.280643545 -1940.635800437 6480.273516718 -2.45328227974 -6.97730165088 -2.01040653965
2023-12-25T16:59:00.000000 42.758897617 -2354.484308691 6344.779314558 -2.46222153976 -6.81235020260 -2.50433429939
2023-12-25T17:00:00.000000 -104.959161040 -2757.489911672 6179.983695131 -2.45982347472 -6.61600790477 -2.98674872449
2023-12-25T17:01:00.000000 -252.193335423 -3147.795107701 5986.643843722 -2.44609784652 -6.38916257964 -3.45544627518
2023-12-25T17:02:00.000000 -398.265502766 -3523.599714124 5765.647406205 -2.42110389834 -6.13283623114 -3.90828316127
2023-12-25T17:03:00.000000 -542.502568934 -3883.168813413 5518.008687795 -2.38494989885 -5.84818211469 -4.34318141543
2023-12-25T17:04:00.000000 -684.239410593 -4224.840581590 5244.864538713 -2.33779353057 -5.53648294904 -4.75813704457
2023-12-25T17:05:00.000000 -822.821862310 -4547.033964120 4947.469555911 -2.27984230726 -5.19914767468 -5.15123010577
2023-12-25T17:06:00.000000 -957.609702798 -4848.256104969 4627.190763469 -2.21135347898 -4.83770624595 -5.52063492632
2023-12-25T17:07:00.000000 -1087.979624584 -5127.109413894 4285.501643456 -2.13263350237 -4.45380341338 -5.86462962146
2023-12-25T17:08:00.000000 -1213.328163713 -5382.298268064 3923.975668934 -2.04403713374 -4.04919168738 -6.18160521032
2023-12-25T17:09:00.000000 -1333.074554707 -5612.635221651 3544.279236478 -1.94596596250 -3.62572329478 -6.47007414509
2023-12-25T17:10:00.000000 -1446.663481938 -5817.046743862 3148.164171131 -1.83886633016 -3.18534155017 -6.72867771758
2023-12-25T17:11:00.000000 -1553.567694253 -5994.578410775 2737.459781636 -1.72322704181 -2.73007240569 -6.95619248213
2023-12-25T17:12:00.000000 -1653.290493222 -6144.399644317 2314.064587693 -1.59957738469 -2.26201617440 -7.15153635376
2023-12-25T17:13:00.000000 -1745.368112172 -6265.807891561 1879.937628919 -1.46848558871 -1.78333886192 -7.31377487525
2023-12-25T17:14:00.000000 -1829.372008934 -6358.232297595 1437.089423799 -1.33055713041 -1.29626236668 -7.44212767680
2023-12-25T17:15:00.000000 -1904.911014874 -6421.236700326 987.572537490 -1.18643201969 -0.80305312183 -7.53597447899
2023-12-25T17:16:00.000000 -1971.633311837 -6454.521970124 533.471835308 -1.03678088349 -0.30600959206 -7.59485938330
2023-12-25T17:17:00.000000 -2029.228123935 -6457.927521053 76.894552176 -0.88230068350 0.19255008910 -7.61849279191
2023-12-25T17:18:00.000000 -2077.427194054 -6431.432174742 -380.039702114 -0.72371106924 0.69029927804 -7.60675192367
2023-12-25T17:19:00.000000 -2116.006039498 -6375.154319912 -835.208973830 -0.56175133421 1.18491338325 -7.55968144330
2023-12-25T17:20:00.000000 -2144.785054520 -6289.351507378 -1286.499026654 -0.39717711000 1.67408119997 -7.47749409819
2023-12-25T17:21:00.000000 -2163.630357947 -6174.419239929 -1731.813421614 -0.23075645423 2.15551697202 -7.36057004971
2023-12-25T17:22:00.000000 -2172.454428888 -6030.889120864 -2169.083496216 -0.06326588653 2.62697203459 -7.20945458367
2023-12-25T17:23:00.000000 -2171.216493336 -5859.426264593 -2596.278188186 0.10451321676 3.08624571208 -7.02485525942
2023-12-25T17:24:00.000000 -2159.922723701 -5660.826137584 -3011.413678652 0.27179831386 3.53119644185 -6.80763865968
2023-12-25T17:25:00.000000 -2138.626171096 -5436.010624448 -3412.562800570 0.43780986216 3.95975315082 -6.55882563943
2023-12-25T17:26:00.000000 -2107.426465925 -5186.023508454 -3797.864103049 0.60177554010 4.36992555343 -6.27958466523
2023-12-25T17:27:00.000000 -2066.469261974 -4912.025329235 -4165.530491418 0.76293392953 4.75981271869 -5.97122470470
2023-12-25T17:28:00.000000 -2015.945494291 -4615.287825834 -4513.857458164 0.92053786575 5.12761106586 -5.63518852404
2023-12-25T17:29:00.000000 -1956.090409755 -4297.187812800 -4841.230900830 1.07385790678 5.47162255327 -5.27304563570
2023-12-25T17:30:00.000000 -1887.182405762 -3959.200638108 -5146.134488541 1.22218578265 5.79026220535 -4.88648407182
2023-12-25T17:31:00.000000 -1809.541659304 -3602.893183374 -5427.156511281 1.36483740439 6.08206433060 -4.47730198990
2023-12-25T17:32:00.000000 -1723.528602817 -3229.916563069 -5682.996259637 1.50115571498 6.34568850244 -4.04739969112
2023-12-25T17:33:00.000000 -1629.542198330 -2841.998386534 -5912.469888721 1.63051389861 6.57992605294 -3.59877087849
2023-12-25T17:34:00.000000 -1528.018068066 -2440.934846415 -6114.515633825 1.75231725918 6.78370038280 -3.13348933246
2023-12-25T17:35:00.000000 -1419.426375248 -2028.582210161 -6288.198534164 1.86600941414 6.95608595610 -2.65370625655
2023-12-25T17:36:00.000000 -1304.269600502 -1606.848162650 -6432.714531865 1.97106979480 7.09629485938 -2.16163215847
2023-12-25T17:37:00.000000 -1183.080303543 -1177.683305652 -6547.393834556 2.06701639270 7.20368483442 -1.65953149706
2023-12-25T17:38:00.000000 -1056.418758840 -743.072327645 -6631.703931589 2.15340811948 7.27776255334 -1.14971314737
2023-12-25T17:39:00.000000 -924.870408660 -305.024998518 -6685.251891817 2.22984736409 7.31818530960 -0.63451966837
2023-12-25T17:40:00.000000 -789.043202015 134.432871980 -6707.786105026 2.29598184532 7.32476124415 -0.11631716149
2023-12-25T17:41:00.000000 -649.564831281 573.268501759 -6699.197377534 2.35150572375 7.29744983036 0.40251398907
2023-12-25T17:42:00.000000 -507.079929738 1009.451236766 -6659.519551703 2.39616044919 7.23636273459 0.91958889219
2023-12-25T17:43:00.000000 -362.247201589 1440.961688673 -6588.929425520 2.42973559052 7.14176360234 1.43252839239
2023-12-25T17:44:00.000000 -215.736511231 1865.800818256 -6487.746154393 2.45206979704 7.01406691338 1.93896837571
2023-12-25T17:45:00.000000 -68.225897412 2281.998965794 -6356.430041690 2.46305217400 6.85383761470 2.43656863415
2023-12-25T17:46:00.000000 79.601500125 2687.624887673 -6195.580851357 2.46262383519 6.66179106834 2.92302363524
2023-12-25T17:47:00.000000 227.060592851 3080.794721430 -6005.935311276 2.45077872375 6.43879062811 3.39607510977
2023-12-25T17:48:00.000000 373.467505168 3459.680715109 -5788.363955128 2.42756326109 6.18584237883 3.85352308238
2023-12-25T17:49:00.000000 518.142706689 3822.519641634 -5543.867340572 2.39307568594 5.90409041883 4.29323381527
2023-12-25T17:50:00.000000 660.414111220 4167.620997343 -5273.571885944 2.34746602470 5.59481451260 4.71314782365
2023-12-25T17:51:00.000000 799.620196890 4493.375078131 -4978.725081761 2.29093643415 5.25942756225 5.11129090483
2023-12-25T17:52:00.000000 935.113130520 4798.260805592 -4660.690000694 2.22374089303 4.89946958224 5.48578631942
2023-12-25T17:53:00.000000 1066.261846079 5080.853108727 -4320.939141590 2.14618412311 4.51659941131 5.83486461686
2023-12-25T17:54:00.000000 1192.455103794 5339.829926735 -3961.047618836 2.05862205977 4.11259060318 6.15687608513
2023-12-25T17:55:00.000000 1313.104374751 5573.978564886 -3582.686148073 1.96145563034 3.68931421922 6.45028513737
2023-12-25T17:56:00.000000 1427.646649941 5782.201651628 -3187.613514962 1.85513420595 3.24874163194 6.71369328429
2023-12-25T17:57:00.000000 1535.547228350 5963.522750601 -2777.668228594 1.74015163476 2.79293110700 6.94584260618
2023-12-25T17:58:00.000000 1636.302319069 6117.091292980 -2354.759898978 1.61704406035 2.32401831064 7.14562219343
2023-12-25T17:59:00.000000 1729.441518969 6242.186938335 -1920.860207723 1.48638792283 1.84420693912 7.31207507417
2023-12-25T18:00:00.000000 1814.530158995 6338.223331127 -1477.993449538 1.34879737062 1.35575724280 7.44440551315
2023-12-25T18:01:00.000000 1891.171461626 6404.751085926 -1028.226695748 1.20492073211 0.86097245734 7.54198405952
2023-12-25T18:02:00.000000 1959.008481411 6441.459978916 -573.659737151 1.05543673702 0.36218599477 7.60434955332
2023-12-25T18:03:00.000000 2017.725821039 6448.180420722 -116.414955005 0.90105109401 -0.13824936736 7.63121055109
2023-12-25T18:04:00.000000 2067.051152623 6424.884304478 341.372936024 0.74249307416 -0.63797246923 7.62244761002
2023-12-25T18:05:00.000000 2106.756511268 6371.685116027 797.567243693 0.58051162560 -1.13462662316 7.57811464176
2023-12-25T18:06:00.000000 2136.659362473 6288.837288804 1250.039699827 0.41587134104 -1.62587272088 7.49843775670
2023-12-25T18:07:00.000000 2156.623418754 6176.734774503 1696.680702082 0.24934866993 -2.10940085270 7.38381290713
2023-12-25T18:08:00.000000 2166.559243104 6035.908976372 2135.409457426 0.08172811050 -2.58294132154 7.23480388986
2023-12-25T18:09:00.000000 2166.424602883 5867.025966640 2564.183956590 -0.08620192565 -3.04427642992 7.05213954390
2023-12-25T18:10:00.000000 2156.224590969 5670.883043260 2981.010769236 -0.25365310113 -3.49125196042 6.83670878787
2023-12-25T18:11:00.000000 2136.011507882 5448.404594939 3383.954445071 -0.41984063745 -3.92178700815 6.58955479990
2023-12-25T18:12:00.000000 2105.884545262 5200.637438560 3771.146639844 -0.58398708041 -4.33388347943 6.31187015189
2023-12-25T18:13:00.000000 2065.989196129 4928.745503553 4140.794890308 -0.74532723803 -4.72563721783 6.00499127450
2023-12-25T18:14:00.000000 2016.516369367 4634.003879550 4491.191046990 -0.90311342669 -5.09524926344 5.67038939080
2023-12-25T18:15:00.000000 1957.701209069 4317.792218838 4820.718962573 -1.05661911575 -5.44103376777 5.30965854204
2023-12-25T18:16:00.000000 1889.821778672 3981.587837959 5127.861549534 -1.20514055911 -5.76142196248 4.92450493174
2023-12-25T18:17:00.000000 1813.197637373 3626.958564106 5411.207258806 -1.34799818147 -6.05496540778 4.51673980813
2023-12-25T18:18:00.000000 1728.188343476 3255.555423337 5669.456239899 -1.48453939545 -6.32034136144 4.08827353057
2023-12-25T18:19:00.000000 1635.191695911 2869.104846101 5901.426035633 -1.61414243528 -6.55635966332 3.64110761307
2023-12-25T18:20:00.000000 1534.641791363 2469.400539768 6106.056754231 -1.73621974666 -6.76196899352 3.17732392508
2023-12-25T18:21:00.000000 1427.006887991 2058.295011123 6282.415515932 -1.85022026566 -6.93626095650 2.69907256615
2023-12-25T18:22:00.000000 1312.787179323 1637.690945421 6429.700210187 -1.95563106159 -7.07847165782 2.20856027231
2023-12-25T18:23:00.000000 1192.512446922 1209.532522923 6547.242578023 -2.05197890558 -7.18798161005 1.70804087468
2023-12-25T18:24:00.000000 1066.739637708 775.796761613 6634.510826947 -2.13883185440 -7.26431602374 1.19980790306
2023-12-25T18:25:00.000000 936.050333141 338.484766040 6691.111758553 -2.21580086123 -7.30714718287 0.68618719311
2023-12-25T18:26:00.000000 801.048134765 -100.387186399 6716.792488324 -2.28254134744 -7.31629765746 0.16952698886
2023-12-25T18:27:00.000000 662.355948511 -538.796718455 6711.441381421 -2.33875453060 -7.29174133664 -0.34781391980
2023-12-25T18:28:00.000000 520.613207125 -974.724383757 6675.088380331 -2.38418850692 -7.23360175719 -0.86347689825
2023-12-25T18:29:00.000000 376.473022191 -1406.162594263 6607.904725018 -2.41863941537 -7.14215041749 -1.37511182035
2023-12-25T18:30:00.000000 230.599262752 -1831.124490937 6510.202203401 -2.44195268619 -7.01780667197 -1.88038573639
2023-12-25T18:31:00.000000 83.663578911 -2247.652784801 6382.431776591 -2.45402363890 -6.86113716463 -2.37699403854
2023-12-25T18:32:00.000000 -63.657587905 -2653.828550206 6225.181556037 -2.45479693491 -6.67285243563 -2.86267196064
2023-12-25T18:33:00.000000 -210.685929771 -3047.779671181 6039.174109189 -2.44426568045 -6.45380197263 -3.33520321182
2023-12-25T18:34:00.000000 -356.744179739 -3427.689088574 5825.263380733 -2.42247155512 -6.20497090307 -3.79242626199
2023-12-25T18:35:00.000000 -501.159056650 -3791.802865871 5584.431158384 -2.38950614183 -5.92747850660 -4.23224178257
2023-12-25T18:36:00.000000 -643.264310923 -4138.438217081 5317.783112077 -2.34551218703 -5.62257590804 -4.65262255968
2023-12-25T18:37:00.000000 -782.403794716 -4465.991258947 5026.544100283 -2.29068369245 -5.29164163372 -5.05162386772
2023-12-25T18:38:00.000000 -917.934519337 -4772.944518691 4712.052964529 -2.22526510505 -4.93617638075 -5.42739291797
2023-12-25T18:39:00.000000 -1049.229651032 -5057.874084793 4375.756700059 -2.14955031863 -4.55779777342 -5.77817827067
2023-12-25T18:40:00.000000 -1175.681446447 -5319.456472857 4019.204124005 -2.06388154574 -4.15823378099 -6.10233986039
2023-12-25T18:41:00.000000 -1296.704106134 -5556.474961290 3644.038866402 -1.96864775583 -3.73931405340 -6.39835813903
2023-12-25T18:42:00.000000 -1411.736525096 -5767.825433832 3251.991946500 -1.86428277048 -3.30296072927 -6.66484108133
2023-12-25T18:43:00.000000 -1520.244923722 -5952.521658671 2844.873909201 -1.75126340598 -2.85118041012 -6.90053015442
2023-12-25T18:44:00.000000 -1621.725378845 -6109.700162108 2424.566668186 -1.63010762222 -2.38605644145 -7.10430696021
2023-12-25T18:45:00.000000 -1715.706224838 -6238.624540117 1993.014846185 -1.50137239591 -1.90973984880 -7.27520020993
2023-12-25T18:46:00.000000 -1801.750326423 -6338.689225969 1552.216788598 -1.36565126986 -1.42443878669 -7.41239150683
2023-12-25T18:47:00.000000 -1879.457190304 -6409.422573749 1104.215235762 -1.22357182834 -0.93240783348 -7.51521970441
2023-12-25T18:48:00.000000 -1948.464938699 -6450.489358269 651.087794273 -1.07579300905 -0.43593744019 -7.58318481563
2023-12-25T18:49:00.000000 -2008.452089573 -6461.692573026 194.937133204 -0.92300192856 0.06265713714 -7.61595173568
2023-12-25T18:50:00.000000 -2059.139143979 -6442.974584371 -262.118985317 -0.76591020311 0.56104766825 -7.61335286444
2023-12-25T18:51:00.000000 -2100.289937537 -6394.417527837 -717.957803104 -0.60525021882 1.05690486743 -7.57538926683
2023-12-25T18:52:00.000000 -2131.712788139 -6316.243051058 -1170.461688819 -0.44177161908 1.54791016975 -7.50223084352
2023-12-25T18:53:00.000000 -2153.261420690 -6208.811284657 -1617.528260022 -0.27623781646 2.03176772189 -7.39421576292
2023-12-25T18:54:00.000000 -2164.835686819 -6072.619132006 -2057.080430578 -0.10942221293 2.50621654428 -7.25184861917
2023-12-25T18:55:00.000000 -2166.382035900 -5908.297804076 -2487.076302740 0.05789587013 2.96904209107 -7.07579719583
2023-12-25T18:56:00.000000 -2157.893754875 -5716.609739232 -2905.518842587 0.22493537552 3.41808687442 -6.86688837332
2023-12-25T18:57:00.000000 -2139.410939442 -5498.444850887 -3310.465288320 0.39091764181 3.85126059714 -6.62610359456
2023-12-25T18:58:00.000000 -2111.020236403 -5254.816210180 -3700.036274183 0.55507035037 4.26655016487 -6.35457354700
2023-12-25T18:59:00.000000 -2072.854345014 -4986.855105098 -4072.424591348 0.71663114362 4.66202927182 -6.05357187734
2023-12-25T19:00:00.000000 -2025.091328769 -4695.805588006 -4425.903573136 0.87485097500 5.03586724030 -5.72450823304
2023-12-25T19:01:00.000000 -1967.953708773 -4383.018469902 -4758.835024527 1.02899741763 5.38633720113 -5.36892091104
2023-12-25T19:02:00.000000 -1901.707371782 -4049.944873809 -5069.676715688 1.17835800581 5.71182367363 -4.98846892760
2023-12-25T19:03:00.000000 -1826.660268889 -3698.129329440 -5356.989360291 1.32224344366 6.01082930729 -4.58492359009
2023-12-25T19:04:00.000000 -1743.160942261 -3329.202523910 -5619.443116438 1.45999064385 6.28198085710 -4.16015999740
2023-12-25T19:05:00.000000 -1651.596854124 -2944.873666461 -5855.823544412 1.59096579603 6.52403492255 -3.71614854826
2023-12-25T19:06:00.000000 -1552.392539485 -2546.922534921 -6065.037065084 1.71456749751 6.73588360538 -3.25494567289
2023-12-25T19:07:00.000000 -1446.007615112 -2137.191350614 -6246.115721305 1.83022809567 6.91655392937 -2.77868091866
2023-12-25T19:08:00.000000 -1332.934571895 -1717.576102079 -6398.221484218 1.93741975575 7.06522712585 -2.28955349066
2023-12-25T19:09:00.000000 -1213.696463749 -1290.017710342 -6520.649874759 2.03565181686 7.18122452558 -1.78981417469
2023-12-25T19:10:00.000000 -1088.844586882 -856.493410362 -6612.832849224 2.12447365553 7.26401435762 -1.28175921638
2023-12-25T19:11:00.000000 -958.956028710 -419.007896591 -6674.341308993 2.20347675420 7.31321371536 -0.76772171685
2023-12-25T19:12:00.000000 -824.631066770 20.415684002 -6704.887002792 2.27229684351 7.32859055931 -0.25006221009
2023-12-25T19:13:00.000000 -686.490467876 459.744818022 -6704.323882970 2.33061550489 7.31006485592 0.26884172141
2023-12-25T19:14:00.000000 -545.172698392 896.946752554 -6672.648797917 2.37816116831 7.25770850042 0.78660570594
2023-12-25T19:15:00.000000 -401.331095423 1329.997589833 -6610.001640292 2.41471005769 7.17174477923 1.30084788112
2023-12-25T19:16:00.000000 -255.630953004 1756.891371686 -6516.664911555 2.44008757343 7.05254847030 1.80919775381
2023-12-25T19:17:00.000000 -108.746525528 2175.649191133 -6393.062760008 2.45416986057 6.90064637635 2.30930628612
2023-12-25T19:18:00.000000 38.642049088 2584.328284604 -6239.759329113 2.45688480815 6.71671654375 2.79885778545
2023-12-25T19:19:00.000000 185.851864792 2981.031045015 -6057.456411002 2.44821215707 6.50158500003 3.27558180462
2023-12-25T19:20:00.000000 332.200348761 3363.913742899 -5846.990409134 2.42818330201 6.25622109869 3.73726300960
2023-12-25T19:21:00.000000 477.008368986 3731.195018374 -5609.328795812 2.39688156334 5.98173373350 4.18174942401
2023-12-25T19:22:00.000000 619.603360239 4081.164149409 -5345.566021271 2.35444274116 5.67936866449 4.60696156414
2023-12-25T19:23:00.000000 759.322484193 4412.189198383 -5056.918875594 2.30105496905 5.35050497202 5.01090337797
2023-12-25T19:24:00.000000 895.515728839 4722.724825540 -4744.721125253 2.23695748505 4.99664933206 5.39167311373
2023-12-25T19:25:00.000000 1027.548935307 5011.319754527 -4410.417583726 2.16243931314 4.61942938475 5.74747244317
2023-12-25T19:26:00.000000 1154.806767446 5276.623840885 -4055.557650355 2.07783886042 4.22058753586 6.07661490540
2023-12-25T19:27:00.000000 1276.695724179 5517.394859135 -3681.788173590 1.98354548249 3.80197735166 6.37754042427
2023-12-25T19:28:00.000000 1392.647021056 5732.504614377 -3290.845993179 1.87999338551 3.36554470369 6.64881085616
2023-12-25T19:29:00.000000 1502.119351835 5920.944478352 -2884.549946400 1.76766377934 2.91332733375 6.88913248063
2023-12-25T19:30:00.000000 1604.601565516 6081.830478895 -2464.792135857 1.64708006461 2.44744148220 7.09735719098
2023-12-25T19:31:00.000000 1699.615119539 6214.407763947 -2033.529062523 1.51880561600 1.97007309859 7.27248810941
2023-12-25T19:32:00.000000 1786.716435943 6318.054486856 -1592.772326562 1.38344221466 1.48346814054 7.41368632292
2023-12-25T19:33:00.000000 1865.499141626 6392.285062816 -1144.578960372 1.24162768024 0.98992036230 7.52027735282
2023-12-25T19:34:00.000000 1935.596115984 6436.752621314 -691.041418172 1.09403196256 0.49175782571 7.59175537767
2023-12-25T19:35:00.000000 1996.681283597 6451.250691920 -234.277395542 0.94135235977 -0.00866980786 7.62778507578
2023-12-25T19:36:00.000000 2048.471113434 6435.714137746 223.580428087 0.78430916625 -0.50900274083 7.62820234763
2023-12-25T19:37:00.000000 2090.725903471 6390.219443828 680.394671431 0.62364248522 -1.00688215448 7.59301459641
2023-12-25T19:38:00.000000 2123.250883989 6314.984295998 1134.033542804 0.46010987980 -1.49996159479 7.52240071546
2023-12-25T19:39:00.000000 2145.897208166 6210.366520065 1582.381124231 0.29448364234 -1.98591876543 7.41671088004
2023-12-25T19:40:00.000000 2158.562700304 6076.862235694 2023.347631879 0.12754650670 -2.46246798395 7.27646585423
2023-12-25T19:41:00.000000 2161.192320224 5915.103282257 2454.879592036 -0.03991408980 -2.92737335412 7.10235448597
2023-12-25T19:42:00.000000 2153.778274495 5725.853826740 2874.969770107 -0.20711158708 -3.37846153997 6.89522826081
2023-12-25T19:43:00.000000 2136.359834046 5510.006293226 3281.666717788 -0.37326410551 -3.81363260087 6.65609372386
2023-12-25T19:44:00.000000 2109.022988520 5268.576674112 3673.083839886 -0.53759656136 -4.23086862190 6.38610512679
2023-12-25T19:45:00.000000 2071.899977053 5002.699388219 4047.408086410 -0.69934296797 -4.62824153634 6.08655863690
2023-12-25T19:46:00.000000 2025.168621262 4713.621617157 4402.908288949 -0.85775058066 -5.00392173352 5.75888704561
2023-12-25T19:47:00.000000 1969.051377508 4402.697145536 4737.943194785 -1.01208544110 -5.35618745584 5.40465271354
2023-12-25T19:48:00.000000 1903.814046361 4071.379596963 5050.968929085 -1.16163723490 -5.68343350185 5.02553773649
2023-12-25T19:49:00.000000 1829.764270607 3721.215247730 5340.545858801 -1.30572197482 -5.98417781335 4.62333275884
2023-12-25T19:50:00.000000 1747.249901979 3353.835469430 5605.344780409 -1.44368308961 -6.25706607797 4.19992676291
2023-12-25T19:51:00.000000 1656.657346218 2970.948977473 5844.152567176 -1.57489285222 -6.50087580627 3.75729837111
2023-12-25T19:52:00.000000 1558.409730526 2574.333762971 6055.877283521 -1.69875525658 -6.71452066159 3.29750730173
2023-12-25T19:53:00.000000 1452.964902910 2165.828820192 6239.552770558 -1.81470956525 -6.89705421979 2.82268457394
2023-12-25T19:54:00.000000 1340.813225610 1747.325664866 6394.342608713 -1.92223304715 -7.04767217865 2.33502238067
2023-12-25T19:55:00.000000 1222.475243360 1320.759779953 6519.543524147 -2.02084258148 -7.16571389232 1.83676510220
2023-12-25T19:56:00.000000 1098.499266901 888.101912038 6614.588261192 -2.11009598542 -7.25066490950 1.33020099774
2023-12-25T19:57:00.000000 969.458869617 451.349206360 6679.047940280 -2.18959363200 -7.30216014475 0.81765241454
2023-12-25T19:58:00.000000 835.950287343 12.516193008 6712.633752934 -2.25897996525 -7.31998543955 0.30146429786
2023-12-25T19:59:00.000000 698.589739559 -426.374267621 6715.197997532 -2.31794455457 -7.30407679603 -0.21600658563
2023-12-25T20:00:00.000000 558.010692187 -863.299946135 6686.734507104 -2.36622316647 -7.25451930562 -0.73240042561
2023-12-25T20:01:00.000000 414.861042960 -1296.248193975 6627.378580145 -2.40359924064 -7.17154727794 -1.24536314526
2023-12-25T20:02:00.000000 269.800220694 -1723.224894102 6537.406322431 -2.42990508899 -7.05554384683 -1.75255714935
2023-12-25T20:03:00.000000 123.496245227 -2142.263313062 6417.233322848 -2.44502189667 -6.90703799586 -2.25167230711
2023-12-25T20:04:00.000000 -23.377181794 -2551.432724490 6267.412740140 -2.44887905331 -6.72670034869 -2.74043412037
2023-12-25T20:05:00.000000 -170.143570355 -2948.846827184 6088.632985233 -2.44145436574 -6.51534106624 -3.21660971124
2023-12-25T20:06:00.000000 -316.126590067 -3332.672128125 5881.715009487 -2.42277556273 -6.27391005804 -3.67801561218
2023-12-25T20:07:00.000000 -460.653104130 -3701.136285825 5647.609007324 -2.39292176540 -6.00349604224 -4.12252919235
2023-12-25T20:08:00.000000 -603.056281342 -4052.536368406 5387.390397847 -2.35202368222 -5.70532220278 -4.54810095648
2023-12-25T20:09:00.000000 -742.678655704 -4385.246695542 5102.255111965 -2.30026275878 -5.38073975792 -4.95276474595
2023-12-25T20:10:00.000000 -878.875148394 -4697.726356079 4793.514346174 -2.23787023203 -5.03122189304 -5.33464607874
2023-12-25T20:11:00.000000 -1011.016022715 -4988.526331733 4462.588794851 -2.16512624050 -4.65835808555 -5.69197047068
2023-12-25T20:12:00.000000 -1138.489793087 -5256.296323187 4111.002425236 -2.08235862100 -4.26384768898 -6.02307184894
2023-12-25T20:13:00.000000 -1260.706036896 -5499.791100788 3740.375716528 -1.98994151751 -3.84949289394 -6.32640009415
2023-12-25T20:14:00.000000 -1377.098143779 -5717.876491341 3352.418507174 -1.88829425358 -3.41719193590 -6.60052812955
2023-12-25T20:15:00.000000 -1487.125984489 -5909.534903782 2948.922362583 -1.77788023413 -2.96893212430 -6.84415978877
2023-12-25T20:16:00.000000 -1590.278523271 -6073.870476869 2531.752492052 -1.65920517083 -2.50678136571 -7.05613828437
2023-12-25T20:17:00.000000 -1686.076268386 -6210.113572750 2102.839131491 -1.53281453753 -2.03287789767 -7.23545367193
2023-12-25T20:18:00.000000 -1774.073586480 -6317.624691933 1664.168570055 -1.39929094553 -1.54941928164 -7.38124841720
2023-12-25T20:19:00.000000 -1853.860849321 -6395.897681271 1217.773861004 -1.25925177909 -1.05865160820 -7.49282156676
2023-12-25T20:20:00.000000 -1925.066459656 -6444.562365586 765.725337209 -1.11334661723 -0.56285902757 -7.56963235829
2023-12-25T20:21:00.000000 -1987.358677418 -6463.386490677 310.120878836 -0.96225402322 -0.06435340036 -7.61130369796
2023-12-25T20:22:00.000000 -2040.447259634 -6452.277086123 -146.924003765 -0.80667797372 0.43453659759 -7.61762551459
2023-12-25T20:23:00.000000 -2084.084870848 -6411.281083863 -603.286270060 -0.64734434727 0.93147772747 -7.58855735470
2023-12-25T20:24:00.000000 -2118.068304168 -6340.585236620 -1056.845569259 -0.48499739177 1.42414553953 -7.52422900561
2023-12-25T20:25:00.000000 -2142.239458997 -6240.515162048 -1505.494401368 -0.32039585797 1.91023718290 -7.42493871423
2023-12-25T20:26:00.000000 -2156.486095016 -6111.533735559 -1947.148144714 -0.15430889532 2.38748238276 -7.29115030823
2023-12-25T20:27:00.000000 -2160.742327447 -5954.238795857 -2379.754907294 0.01248795005 2.85365348474 -7.12349069511
2023-12-25T20:28:00.000000 -2154.988906130 -5769.360323614 -2801.305246516 0.17921653973 3.30657625826 -6.92274725384
2023-12-25T20:29:00.000000 -2139.253250931 -5557.756847843 -3209.841673653 0.34509985255 3.74414130485 -6.68986362946
2023-12-25T20:30:00.000000 -2113.609279477 -5320.411263344 -3603.467863320 0.50936570923 4.16431449190 -6.42593383795
2023-12-25T20:31:00.000000 -2078.176996122 -5058.426008461 -3980.357483789 0.67125048733 4.56514588365 -6.13219612715
2023-12-25T20:32:00.000000 -2033.121878844 -4773.017800093 -4338.762682366 0.83000286577 4.94477838975 -5.81002703433
2023-12-25T20:33:00.000000 -1978.654019205 -4465.511756574 -4677.022178985 0.98488752402 5.30145677665 -5.46093462386
2023-12-25T20:34:00.000000 -1915.027062978 -4137.335047987 -4993.568920367 1.13518861812 5.63353610965 -5.08655012606
2023-12-25T20:35:00.000000 -1842.536939974 -3790.010042025 -5286.937189671 1.28021282977 5.93948867557 -4.68861889546
2023-12-25T20:36:00.000000 -1761.520440558 -3425.147118673 -5555.769202359 1.41929208071 6.21790986407 -4.26899167369
2023-12-25T20:37:00.000000 -1672.353612994 -3044.437090877 -5798.821163022 1.55178621117 6.46752387575 -3.82961605269
2023-12-25T20:38:00.000000 -1575.450006865 -2649.643321456 -6014.968816124 1.67708591062 6.68718916414 -3.37252731571
2023-12-25T20:39:00.000000 -1471.258764212 -2242.593677484 -6203.212320940 1.79461450915 6.87589758669 -2.89983604714
2023-12-25T20:40:00.000000 -1360.262454384 -1825.171952265 -6362.680721131 1.90383495920 7.03279374451 -2.41372571680
2023-12-25T20:41:00.000000 -1242.974744886 -1399.309091085 -6492.635756650 2.00424800048 7.15716168195 -1.91643435797
2023-12-25T20:42:00.000000 -1119.938051718 -966.974599522 -6592.474914678 2.09539456114 7.24843214529 -1.41024775295
2023-12-25T20:43:00.000000 -991.721115586 -530.167696086 -6661.734046745 2.17685659882 7.30618446236 -0.89749022017
2023-12-25T20:44:00.000000 -858.916491436 -90.908335982 -6700.089382520 2.24825855168 7.33014821582 -0.38051548182
2023-12-25T20:45:00.000000 -722.137940997 348.771835402 -6707.359028088 2.30926947790 7.32020432031 0.13830283554
2023-12-25T20:46:00.000000 -582.017690912 786.838580384 -6683.503849773 2.35960516761 7.27638539969 0.65658081269
2023-12-25T20:47:00.000000 -439.203577616 1221.264173500 -6628.627835717 2.39902966988 7.19887606494 1.17193373740
2023-12-25T20:48:00.000000 -294.356120991 1650.036541925 -6542.977826906 2.42735631987 7.08801354017 1.68198600499
2023-12-25T20:49:00.000000 -148.145540827 2071.168433631 -6426.942660860 2.44444858562 6.94428779282 2.18438210545
2023-12-25T20:50:00.000000 -1.248725795 2482.706537134 -6281.051604913 2.45022081391 6.76833995344 2.67679814176
2023-12-25T20:51:00.000000 145.653837355 2882.740470688 -6105.972148460 2.44463879399 6.56095908882 3.15695262001
2023-12-25T20:52:00.000000 291.881160927 3269.411538492 -5902.507149416 2.42772006451 6.32307848546 3.62261612361
2023-12-25T20:53:00.000000 436.754861760 3640.921283159 -5671.591445692 2.39953389074 6.05577212777 4.07162043618
2023-12-25T20:54:00.000000 579.602260490 3995.539817686 -5414.287895221 2.36020107802 5.76025139449 4.50186757006
2023-12-25T20:55:00.000000 719.759472600 4331.613985761 -5131.782905383 2.30989407060 5.43786181261 4.91133924673
2023-12-25T20:56:00.000000 856.574520776 4647.575289808 -4825.381317579 2.24883738711 5.09007910430 5.29810772117
2023-12-25T20:57:00.000000 989.410459514 4941.947530686 -4496.500624666 2.17730739972 4.71850286530 5.66034763550
2023-12-25T20:58:00.000000 1117.648440320 5213.353983940 -4146.664504226 2.09563055823 4.32484775550 5.99634621490
2023-12-25T20:59:00.000000 1240.690688352 5460.524137372 -3777.495709588 2.00418251201 3.91093815978 6.30451493096
2023-12-25T21:00:00.000000 1357.963255903 5682.299768948 -3390.708852608 1.90338177263 3.47869211845 6.58338122804
2023-12-25T21:01:00.000000 1468.918740990 5877.640732191 -2988.102770981 1.79369444230 3.03012581425 6.83161181759
2023-12-25T21:02:00.000000 1573.039045379 6045.630427056 -2571.552002168 1.67563124114 2.56733979267 7.04801903672
2023-12-25T21:03:00.000000 1669.837986007 6185.480502035 -2142.997750200 1.54974416953 2.09250560125 7.23156841693
2023-12-25T21:04:00.000000 1758.863633293 6296.534720333 -1704.438618917 1.41662270975 1.60785432552 7.38138184045
2023-12-25T21:05:00.000000 1839.700496273 6378.272302842 -1257.921117567 1.27689153707 1.11566832736 7.49674132973
2023-12-25T21:06:00.000000 1911.971566760 6430.310674885 -805.529869632 1.13120877190 0.61827082168 7.57709604201
2023-12-25T21:07:00.000000 1975.340262385 6452.407536315 -349.377368229 0.98026260313 0.11801058893 7.62206780737
2023-12-25T21:08:00.000000 2029.512062092 6444.461867942 108.406378418 0.82476630158 -0.38275336126 7.63145072678
2023-12-25T21:09:00.000000 2074.235886454 6406.514253976 565.684100951 0.66545391473 -0.88166182878 7.60520843735
2023-12-25T21:10:00.000000 2109.305240564 6338.746606109 1020.321450507 0.50307743324 -1.37636321074 7.54347495837
2023-12-25T21:11:00.000000 2134.559225777 6241.481467062 1470.197305657 0.33840374982 -1.86452551435 7.44655768669
2023-12-25T21:12:00.000000 2149.883290693 6115.180290928 1913.214182536 0.17221028581 -2.34385199724 7.31493635882
2023-12-25T21:13:00.000000 2155.209729700 5960.440955137 2347.308404096 0.00528030141 -2.81209434898 7.14925732929
2023-12-25T21:14:00.000000 2150.517902117 5777.994514317 2770.459959093 -0.16160100534 -3.26706180887 6.95032853291
2023-12-25T21:15:00.000000 2135.834250159 5568.701545952 3180.702066012 -0.32765041060 -3.70663122885 6.71911661553
2023-12-25T21:16:00.000000 2111.232030486 5333.547641174 3576.130601332 -0.49209128414 -4.12875990191 6.45674178654
2023-12-25T21:17:00.000000 2076.830790455 5073.638266748 3954.913007674 -0.65415796531 -4.53149665075 6.16446798153
2023-12-25T21:18:00.000000 2032.795607098 4790.193023185 4315.296653578 -0.81309857738 -4.91298791934 5.84369329853
2023-12-25T21:19:00.000000 1979.336211956 4484.539709669 4655.616640844 -0.96817723429 -5.27148300520 5.49594444911
2023-12-25T21:20:00.000000 1916.705924563 4158.107846609 4974.303444059 -1.11867742995 -5.60534299262 5.12287220486
2023-12-25T21:21:00.000000 1845.200358161 3812.421672039 5269.890079251 -1.26390666939 -5.91305125757 4.72624213684
2023-12-25T21:22:00.000000 1765.155852591 3449.092569583 5541.018631101 -1.40320049689 -6.19322020381 4.30792165783
2023-12-25T21:23:00.000000 1676.947707667 3069.811244366 5786.445970211 -1.53592494548 -6.44459373354 3.86986843419
2023-12-25T21:24:00.000000 1580.988305022 2676.339770067 6005.048931094 -1.66147823198 -6.66604942640 3.41412211883
2023-12-25T21:25:00.000000 1477.725121043 2270.503463820 6195.828999688 -1.77929267782 -6.85660230798 2.94279668138
2023-12-25T21:26:00.000000 1367.638614659 1854.182515229 6357.916501362 -1.88883685540 -7.01540890389 2.45807150273
2023-12-25T21:27:00.000000 1251.239992735 1429.303392758 6490.574258127 -1.98961765050 -7.14177055725 1.96218182712
2023-12-25T21:28:00.000000 1129.068847362 997.830064260 6593.200629634 -2.08118231841 -7.23513641947 1.45740877585
2023-12-25T21:29:00.000000 1001.690674730 561.755057148 6665.331948062 -2.16312044725 -7.29510556797 0.94606830692
2023-12-25T21:30:00.000000 869.694287405 123.090447819 6706.644263086 -2.23506538027 -7.32142710242 0.43050012813
2023-12-25T21:31:00.000000 733.689163704 -316.141105269 6716.954486960 -2.29669509173 -7.31399914062 -0.08694163565
2023-12-25T21:32:00.000000 594.302740636 -753.915302212 6696.221004546 -2.34773315085 -7.27286890572 -0.60389664013
2023-12-25T21:33:00.000000 452.177641116 -1188.215171979 6644.543772464 -2.38795001774 -7.19823352251 -1.11800799812
2023-12-25T21:34:00.000000 307.968826439 -1617.040041672 6562.163779338 -2.41716411388 -7.09043884599 -1.62693349271
2023-12-25T21:35:00.000000 162.340698812 -2038.414373229 6449.461849324 -2.43524230319 -6.94997599176 -2.12835532374
2023-12-25T21:36:00.000000 15.964186406 -2450.396371351 6306.956964117 -2.44210032650 -6.77747837576 -2.61998721758
2023-12-25T21:37:00.000000 -130.486214679 -2851.086493294 6135.304164948 -2.43770374261 -6.57372119772 -3.09958159335
2023-12-25T21:38:00.000000 -276.335463197 -3238.635967559 5935.291943057 -2.42206888402 -6.33962127911 -3.56493948766
2023-12-25T21:39:00.000000 -420.911026051 -3611.255219948 5707.838979699 -2.39526296698 -6.07623447178 -4.01392208042
2023-12-25T21:40:00.000000 -563.545913210 -3967.222082730 5453.990217632 -2.35740340026 -5.78475092045 -4.44446108909
2023-12-25T21:41:00.000000 -703.581667130 -4304.889703400 5174.912356633 -2.30865714510 -5.46649023855 -4.85456764548
2023-12-25T21:42:00.000000 -840.371331602 -4622.694180137 4871.888822245 -2.24924057546 -5.12289694939 -5.24234138956
2023-12-25T21:43:00.000000 -973.282411514 -4919.161886332 4546.314158939 -2.17941935782 -4.75553474776 -5.60598030258
2023-12-25T21:44:00.000000 -1101.699814044 -5192.916409963 4199.687847342 -2.09950769272 -4.36607903508 -5.94378997186
2023-12-25T21:45:00.000000 -1225.028719604 -5442.685016008 3833.607612390 -2.00986681474 -3.95630892490 -6.25419112557
2023-12-25T21:46:00.000000 -1342.697349169 -5667.304647408 3449.762324399 -1.91090325565 -3.52810010549 -6.53572595764
2023-12-25T21:47:00.000000 -1454.159636681 -5865.727521569 3049.924510962 -1.80306741729 -3.08341858401 -6.78706473559
2023-12-25T21:48:00.000000 -1558.897828498 -6037.026364203 2635.942447664 -1.68685242529 -2.62431393252 -7.00701374633
2023-12-25T21:49:00.000000 -1656.425004528 -6180.399170764 2209.731734818 -1.56279257439 -2.15291035030 -7.19452410031
2023-12-25T21:50:00.000000 -1746.287473796 -6295.173340453 1773.266362697 -1.43146071077 -1.67139514159 -7.34869937021
2023-12-25T21:51:00.000000 -1828.066988539 -6380.809091002 1328.569404327 -1.29346485001 -1.18200635971 -7.46880035096
2023-12-25T21:52:00.000000 -1901.382756141 -6436.902166916 877.703502252 -1.14944499153 -0.68702176835 -7.55424765688
2023-12-25T21:53:00.000000 -1965.893277706 -6463.185927693 422.761203379 -1.00007054139 -0.18874910009 -7.60462460830
2023-12-25T21:54:00.000000 -2021.298035686 -6459.532832661 -34.144929573 -0.84603758448 0.31048468555 -7.61968114922
2023-12-25T21:55:00.000000 -2067.338987902 -6425.955215065 -490.892400654 -0.68806523895 0.80834626261 -7.59933657300
2023-12-25T21:56:00.000000 -2103.801825712 -6362.605269085 -945.358951411 -0.52689146613 1.30250901858 -7.54367922733
2023-12-25T21:57:00.000000 -2130.516985955 -6269.774302286 -1395.432647669 -0.36326920834 1.79066414910 -7.45296447583
2023-12-25T21:58:00.000000 -2147.360444266 -6147.891372874 -1839.021853062 -0.19796287479 2.27053050179 -7.32761342867
2023-12-25T21:59:00.000000 -2154.254288624 -5997.521305376 -2274.065150747 -0.03174450782 2.73986548053 -7.16821229667
2023-12-25T22:00:00.000000 -2151.167054110 -5819.362018352 -2698.541202270 0.13461041966 3.19647737321 -6.97551014780
2023-12-25T22:01:00.000000 -2138.113809669 -5614.241107403 -3110.478387103 0.30032685511 3.63823725979 -6.75041409675
2023-12-25T22:02:00.000000 -2115.156034038 -5383.111758687 -3507.964103179 0.46463341280 4.06308936509 -6.49398334441
2023-12-25T22:03:00.000000 -2082.401293456 -5127.048065931 -3889.153709505 0.62676571955 4.46906052482 -6.20742322988
2023-12-25T22:04:00.000000 -2040.002710582 -4847.239808149 -4252.279116852 0.78597036689 4.85426937155 -5.89207888118
2023-12-25T22:05:00.000000 -1988.158181390 -4544.986679506 -4595.656959240 0.94150898621 5.21693481586 -5.54942800101
2023-12-25T22:06:00.000000 -1927.109363373 -4221.692038594 -4917.696323108 1.09266179528 5.55538372347 -5.18107327469
2023-12-25T22:07:00.000000 -1857.140460074 -3878.856198693 -5216.905999606 1.23873078220 5.86805850831 -4.78873440096
2023-12-25T22:08:00.000000 -1778.576824724 -3518.069279161 -5491.901251973 1.37904292327 6.15352447747 -4.37423887061
2023-12-25T22:09:00.000000 -1691.783365619 -3141.003646545 -5741.409967801 1.51295320764 6.41047549963 -3.93951158235
2023-12-25T22:10:00.000000 -1597.162791389 -2749.406088934 -5964.278208607 1.63984701840 6.63773758782 -3.48656521829
2023-12-25T22:11:00.000000 -1495.153759269 -2345.089937909 -6159.475141410 1.75914090639 6.83426698273 -3.01748986376
2023-12-25T22:12:00.000000 -1386.228821195 -1929.926658814 -6326.097725308 1.87028914043 6.99917084437 -2.53445322283
2023-12-25T22:13:00.000000 -1270.892181608 -1505.837098923 -6463.374799583 1.97278275940 7.13169654526 -2.03968179137
2023-12-25T22:14:00.000000 -1149.677387174 -1074.782828683 -6570.670342550 2.06615288704 7.23123941861 -1.53545176614
2023-12-25T22:15:00.000000 -1023.144890503 -638.757255156 -6647.486123862 2.14997164116 7.29734290383 -1.02407841369
2023-12-25T22:16:00.000000 -891.879567092 -199.776732827 -6693.463795335 2.22385303503 7.32969880657 -0.50790807311
2023-12-25T22:17:00.000000 -756.488145678 240.128390519 -6708.386542434 2.28745498284 7.32814918264 0.01068939895
2023-12-25T22:18:00.000000 -617.596500990 678.922848878 -6692.180201386 2.34048193654 7.29268863012 0.52933013849
2023-12-25T22:19:00.000000 -475.846789369 1114.575665570 -6644.913799944 2.38268674973 7.22346521187 1.04562734364
2023-12-25T22:20:00.000000 -331.894529578 1545.069335857 -6566.799377636 2.41387127020 7.12077998295 1.55720220080
2023-12-25T22:21:00.000000 -186.405654684 1968.408992994 -6458.191215685 2.43388656386 6.98508620384 2.06169414030
2023-12-25T22:22:00.000000 -40.053540371 2382.631498506 -6319.584404584 2.44263363812 6.81698826528 2.55677129172
2023-12-25T22:23:00.000000 106.484022388 2785.814468482 -6151.612833623 2.44006446024 6.61723941669 3.04014134012
2023-12-25T22:24:00.000000 252.527906261 3176.085084621 -5955.046472184 2.42618256982 6.38673811628 3.50956183772
2023-12-25T22:25:00.000000 397.400746112 3551.628697561 -5730.788120530 2.40104316818 6.12652410849 3.96284934637
2023-12-25T22:26:00.000000 540.430038544 3910.697190936 -5479.869578533 2.36475310104 5.83777523618 4.39788813769
2023-12-25T22:27:00.000000 680.951241831 4251.617201416 -5203.447343152 2.31747093650 5.52180459035 4.81263978821
2023-12-25T22:28:00.000000 818.310878816 4572.798111640 -4902.797616792 2.25940687589 5.18005664162 5.20515406716
2023-12-25T22:29:00.000000 951.869620511 4872.739770252 -4579.310690134 2.19082216786 4.81410122118 5.57358020232
2023-12-25T22:30:00.000000 1081.005317662 5150.039780418 -4234.484656923 2.11202802846 4.42562560020 5.91617695378
2023-12-25T22:31:00.000000 1205.116010086 5403.400396600 -3869.918454074 2.02338595298 4.01642939761 6.23132552546
2023-12-25T22:32:00.000000 1323.622751391 5631.634715643 -3487.304714594 1.92530140262 3.58840684907 6.51752245847
2023-12-25T22:33:00.000000 1435.972362917 5833.672492604 -3088.422214595 1.81822752256 3.14355074590 6.77340134813
2023-12-25T22:34:00.000000 1541.640190926 6008.565677077 -2675.127509563 1.70266187147 2.68394066670 6.99773744028
2023-12-25T22:35:00.000000 1640.132721105 6155.493358199 -2249.346167611 1.57914424901 2.21173214144 7.18945646426
2023-12-25T22:36:00.000000 1730.990019207 6273.765908273 -1813.063528202 1.44825375742 1.72914414662 7.34764108896
2023-12-25T22:37:00.000000 1813.787994019 6362.828454942 -1368.315162333 1.31060543146 1.23844733370 7.47153497871
2023-12-25T22:38:00.000000 1888.140448724 6422.263630803 -917.177095852 1.16684696749 0.74195356451 7.56054627609
2023-12-25T22:39:00.000000 1953.700955888 6451.793772295 -461.755844900 1.01765570457 0.24200502389 7.61425145657
2023-12-25T22:40:00.000000 2010.164540289 6451.282334101 -4.178198740 0.86373558762 -0.25903825704 7.63239847577
2023-12-25T22:41:00.000000 2057.269179550 6420.734590897 453.419106587 0.70581374401 -0.75881143545 7.61490801072
2023-12-25T22:42:00.000000 2094.797075332 6360.297531159 908.899764443 0.54463667672 -1.25495685990 7.56187343510
2023-12-25T22:43:00.000000 2122.575704818 6270.259119664 1360.138241337 0.38096621522 -1.74513560575 7.47356068715
2023-12-25T22:44:00.000000 2140.478607571 6151.046772904 1805.030127922 0.21557531924 -2.22704008779 7.35040760934
2023-12-25T22:45:00.000000 2148.425927530 6003.225087676 2241.502373972 0.04924369687 -2.69840761837 7.19302097288
2023-12-25T22:46:00.000000 2146.384680377 5827.492754417 2667.523271693 -0.11724654274 -3.15703264277 7.00217094457
2023-12-25T22:47:00.000000 2134.368784051 5624.678844302 3081.112065158 -0.28311483875 -3.60077643013 6.77878486888
2023-12-25T22:48:00.000000 2112.438855854 5395.738531028 3480.348223533 -0.44758556922 -4.02757560728 6.52394212850
2023-12-25T22:49:00.000000 2080.701824687 5141.748296915 3863.380426372 -0.60989127855 -4.43545172548 6.23886931335
2023-12-25T22:50:00.000000 2039.310326349 4863.900513640 4228.435198638 -0.76927635533 -4.82252189608 5.92493372752
2023-12-25T22:51:00.000000 1988.461877997 4563.497415472 4573.825121832 -0.92500128182 -5.18700849440 5.58363469648
2023-12-25T22:52:00.000000 1928.397774238 4241.944542857 4897.956452102 -1.07634689229 -5.52724655862 5.21659400369
2023-12-25T22:53:00.000000 1859.401762417 3900.743814336 5199.336205474 -1.22261784854 -5.84168952599 4.82554687371
2023-12-25T22:54:00.000000 1781.798524837 3541.486242090 5476.578687931 -1.36314515732 -6.12891474780 4.41233343344
2023-12-25T22:55:00.000000 1695.952047024 3165.844350375 5728.411552543 -1.49728827696 -6.38762909376 3.97888971953
2023-12-25T22:56:00.000000 1602.263833125 2775.564234342 5953.681242050 -1.62443741769 -6.61667381597 3.52723801300
2023-12-25T22:57:00.000000 1501.170990604 2372.457393375 6151.357889297 -1.74401608891 -6.81502827844 3.05947719828
2023-12-25T22:58:00.000000 1393.144151607 1958.392328563 6320.539612818 -1.85548358534 -6.98181324317 2.57777360232
2023-12-25T22:59:00.000000 1278.685263029 1535.285978349 6460.456318273 -1.95833726496 -7.11629436225 2.08435153801
2023-12-25T23:00:00.000000 1158.325234027 1105.094908958 6570.472837250 -2.05211461746 -7.21788522013 1.58148271286
2023-12-25T23:01:00.000000 1032.621477376 669.806401157 6650.091450707 -2.13639500818 -7.28614865006 1.07147501176
2023-12-25T23:02:00.000000 902.155352305 231.429484321 6698.953729475 -2.21080091872 -7.32079640977 0.55666238459
2023-12-25T23:03:00.000000 767.529555672 -208.013963213 6716.841859064 -2.27499888603 -7.32168884944 0.03939624866
2023-12-25T23:04:00.000000 629.365442100 -646.498163934 6703.679416701 -2.32870059523 -7.28883562437 -0.47796303552
2023-12-25T23:05:00.000000 488.300277222 -1082.002416226 6659.531624515 -2.37166424012 -7.22239626235 -0.99305617163
2023-12-25T23:06:00.000000 344.984408222 -1512.520058987 6584.604964900 -2.40369575012 -7.12267892484 -1.50353554300
2023-12-25T23:07:00.000000 200.078374326 -1936.067315837 6479.246191689 -2.42464957335 -6.99013789583 -2.00707451035
2023-12-25T23:08:00.000000 54.249976279 -2350.692008284 6343.940812573 -2.43442921619 -6.82537177142 -2.50137531171
2023-12-25T23:09:00.000000 -91.828678055 -2754.482176838 6179.311151236 -2.43298782567 -6.62912276639 -2.98417763167
2023-12-25T23:10:00.000000 -237.484174433 -3145.574680641 5986.113757116 -2.42032868979 -6.40227541071 -3.45326886206
2023-12-25T23:11:00.000000 -382.044803652 -3522.163640421 5765.236241547 -2.39650537579 -6.14585325678 -3.90649481619
2023-12-25T23:12:00.000000 -524.843576816 -3882.508651701 5517.693460240 -2.36162159747 -5.86101447200 -4.34176930412
2023-12-25T23:13:00.000000 -665.221227138 -4224.942730928 5244.623195889 -2.31583106221 -5.54904759823 -4.75708298994
2023-12-25T23:14:00.000000 -802.529205642 -4547.880013207 4947.281244477 -2.25933723455 -5.21136725046 -5.15051269584
2023-12-25T23:15:00.000000 -936.132649365 -4849.823160459 4627.035972685 -2.19239270958 -4.84950860484 -5.52023096019
2023-12-25T23:16:00.000000 -1065.413300489 -5129.370391006 4285.362292759 -2.11529824120 -4.46512077290 -5.86451482167
2023-12-25T23:17:00.000000 -1189.772366676 -5385.222124781 3923.835170431 -2.02840174066 -4.05995993278 -6.18175380127
2023-12-25T23:18:00.000000 -1308.633320138 -5616.187185437 3544.122619063 -1.93209728245 -3.63588232636 -6.47045793380
2023-12-25T23:19:00.000000 -1421.444630731 -5821.188584200 3147.978234034 -1.82682373625 -3.19483641386 -6.72926586788
2023-12-25T23:20:00.000000 -1527.682394561 -5999.268779738 2737.233241287 -1.71306284063 -2.73885419078 -6.95695224888
2023-12-25T23:21:00.000000 -1626.852846119 -6149.594447782 2313.788151031 -1.59133698046 -2.27004229668 -7.15243420065
2023-12-25T23:22:00.000000 -1718.494724627 -6271.460667475 1879.604012738 -1.46220696216 -1.79057290404 -7.31477753221
2023-12-25T23:23:00.000000 -1802.181515485 -6364.294571835 1436.693316498 -1.32626971056 -1.30267364249 -7.44320273911
2023-12-25T23:24:00.000000 -1877.523533964 -6427.658324250 987.110549437 -1.18415566329 -0.80861640915 -7.53709014193
2023-12-25T23:25:00.000000 -1944.169858449 -6461.251454574 532.942485008 -1.03652572707 -0.31070566956 -7.59598381752
2023-12-25T23:26:00.000000 -2001.810044541 -6464.912430468 76.298263891 -0.88406772794 0.18873345796 -7.61959447352
2023-12-25T23:27:00.000000 -2050.175628603 -6438.619549033 -380.700656125 -0.72749248694 0.68736733047 -7.60780095260
2023-12-25T23:28:00.000000 -2089.041388707 -6382.491076120 -835.930591720 -0.56753006402 1.18286543302 -7.56065007023
2023-12-25T23:29:00.000000 -2118.226407497 -6296.784763625 -1287.275684971 -0.40492667245 1.67291090328 -7.47835579103
2023-12-25T23:30:00.000000 -2137.594955402 -6181.896700758 -1732.637928246 -0.24044192638 2.15521090912 -7.36129923413
2023-12-25T23:31:00.000000 -2147.057198726 -6038.359530920 -2169.947207256 -0.07484533004 2.62750880521 -7.21002875625
2023-12-25T23:32:00.000000 -2146.569652028 -5866.839864781 -2597.171257296 0.09108841785 3.08759775582 -7.02525743938
2023-12-25T23:33:00.000000 -2136.135347641 -5668.134923211 -3012.325418406 0.25658430463 3.53333287893 -6.80785725602
2023-12-25T23:34:00.000000 -2115.803724146 -5443.168521963 -3413.481936649 0.42087095950 3.96264046297 -6.55885247185
2023-12-25T23:35:00.000000 -2085.670315848 -5192.986564178 -3798.778960975 0.58318385326 4.37352631932 -6.27941454661
2023-12-25T23:36:00.000000 -2045.876231809 -4918.751960155 -4166.429201835 0.74276874017 4.76408573082 -5.97085703353
2023-12-25T23:37:00.000000 -1996.607439950 -4621.738973670 -4514.728286224 0.89888550329 5.13251373841 -5.63462793048
2023-12-25T23:38:00.000000 -1938.093796313 -4303.326963229 -4842.062501950 1.05081168500 5.47711284305 -5.27230017222
2023-12-25T23:39:00.000000 -1870.607903262 -3964.993790379 -5146.916055836 1.19784545326 5.79629820198 -4.88556335491
2023-12-25T23:40:00.000000 -1794.463772263 -3608.308870997 -5427.877850655 1.33930863056 6.08860322046 -4.47621723366
2023-12-25T23:41:00.000000 -1710.015320781 -3234.925917076 -5683.647921469 1.47455007568 6.35268679620 -4.04616426551
2023-12-25T23:42:00.000000 -1617.654640360 -2846.575149635 -5913.043275240 1.60294871282 6.58734019219 -3.59739968783
2023-12-25T23:43:00.000000 -1517.810131389 -2445.055225131 -6115.003151266 1.72391577879 6.79149188750 -3.13200073194
2023-12-25T23:44:00.000000 -1410.944491089 -2032.224869219 -6288.593620759 1.83689689393 6.96421113402 -2.65211671423
2023-12-25T23:45:00.000000 -1297.552596731 -1609.994366959 -6433.011650313 1.94137460425 7.10471120554 -2.15995924138
2023-12-25T23:46:00.000000 -1178.159194861 -1180.316815180 -6547.588502274 2.03687083686 7.21235158122 -1.65779184159
2023-12-25T23:47:00.000000 -1053.316499232 -745.179345533 -6631.792568811 2.12294840595 7.28663862159 -1.14792028393
2023-12-25T23:48:00.000000 -923.601696001 -306.594264643 -6685.231640868 2.19921195821 7.32722654106 -0.63268479591
2023-12-25T23:49:00.000000 -789.614411709 133.409854750 -6707.654787840 2.26530958535 7.33392021209 -0.11445219729
2023-12-25T23:50:00.000000 -651.974017201 572.797345681 -6698.953620347 2.32093522763 7.30667823279 0.40439447422
2023-12-25T23:51:00.000000 -511.316823292 1009.534683359 -6659.162916428 2.36583057510 7.24561348096 0.92146818205
2023-12-25T23:52:00.000000 -368.293185374 1441.599715223 -6588.460511842 2.39978569061 7.15099140265 1.43438876172
2023-12-25T23:53:00.000000 -223.564604522 1866.990739216 -6487.166629689 2.42263922209 7.02322864763 1.94079187559
2023-12-25T23:54:00.000000 -77.800781072 2283.735593664 -6355.742641866 2.43427934922 6.86289293795 2.43833846306
2023-12-25T23:55:00.000000 68.323395902 2689.900685932 -6194.789225545 2.43464509545 6.67070180085 2.92472610106
2023-12-25T23:56:00.000000 214.130917361 3083.599878813 -6005.043818100 2.42372687840 6.44751882977 3.39770021462
2023-12-25T23:57:00.000000 358.945737524 3463.003122298 -5787.377467642 2.40156619519 6.19434935124 3.85506307553
2023-12-25T23:58:00.000000 502.095825649 3826.344865167 -5542.791179864 2.36825550072 5.91233771570 4.29468187184
2023-12-25T23:59:00.000000 642.916244145 4171.932343706 -5272.411745072 2.32393881617 5.60276515714 4.71449845755
2023-12-26T00:00:00.000000 780.752252107 4498.153660058 -4977.486913796 2.26881225449 5.26704554997 5.11254084610
2023-12-26T00:01:00.000000 914.962435972 4803.485583428 -4659.379898464 2.20312348312 4.90671873743 5.48693400699
2023-12-26T00:02:00.000000 1044.921747791 5086.500862215 -4319.563274843 2.12717023520 4.52344342839 5.83590887521
2023-12-26T00:03:00.000000 1170.024469818 5345.875178246 -3959.612373197 2.04129884435 4.11899079034 6.15781088543
2023-12-26T00:04:00.000000 1289.687093902 5580.393681708 -3581.198130262 1.94590319219 3.69523746271 6.45110927861
2023-12-26T00:05:00.000000 1403.351143573 5788.957067340 -3186.079380064 1.84142357162 3.25415672339 6.71440635263
2023-12-26T00:06:00.000000 1510.485912096 5970.587083423 -2776.094628995 1.72834488230 2.79780844350 6.94644525581
2023-12-26T00:07:00.000000 1610.591063666 6124.431416710 -2353.153405369 1.60719421473 2.32832916987 7.14611647822
2023-12-26T00:08:00.000000 1703.199087769 6249.767996770 -1919.227231606 1.47853824261 1.84792224538 7.31246405719
2023-12-26T00:09:00.000000 1787.877595934 6346.008689280 -1476.340230630 1.34298057452 1.35884698166 7.44469150907
2023-12-26T00:10:00.000000 1864.231455263 6412.702312250 -1026.559409995 1.20115890051 0.86340686035 7.54216654145
2023-12-26T00:11:00.000000 1931.904737285 6449.536920590 -571.984703496 1.05374179587 0.36393781356 7.60442435272
2023-12-26T00:12:00.000000 1990.582466373 6456.341409660 -114.738838710 0.90142521887 -0.13720313228 7.63117039821
2023-12-26T00:13:00.000000 2039.992152925 6433.086432379 343.042957632 0.74492878048 -0.63764979206 7.62228292699
2023-12-26T00:14:00.000000 2079.905099243 6379.884573164 799.223373974 0.58499188431 -1.13503991026 7.57781428932
2023-12-26T00:15:00.000000 2110.137469642 6296.989695536 1251.673448026 0.42236992121 -1.62702841848 7.49799013071
2023-12-26T00:16:00.000000 2130.551138518 6184.795538576 1698.282899992 0.25783061529 -2.11129970736 7.38320712695
2023-12-26T00:17:00.000000 2141.054319575 6043.833601473 2136.970317254 0.09215026467 -2.58557919595 7.23403034117
2023-12-26T00:18:00.000000 2141.601960203 5874.770344612 2565.693163023 -0.07389055477 -3.04764519158 7.05118998473
2023-12-26T00:19:00.000000 2132.195848527 5678.403638899 2982.457548889 -0.23951177461 -3.49534068340 6.83557640941
2023-12-26T00:20:00.000000 2112.884446180 5455.658573645 3385.327645571 -0.40393836793 -3.92658355902 6.58823341327
2023-12-26T00:21:00.000000 2083.762472810 5207.582703115 3772.434686619 -0.56640391361 -4.33937490411 6.31035153833
2023-12-26T00:22:00.000000 2044.970307452 4935.340832404 4141.985594198 -0.72615335588 -4.73180712685 6.00326238369
2023-12-26T00:23:00.000000 1996.693220630 4640.209240408 4492.271276686 -0.88244586682 -5.10207343064 5.66843266380
2023-12-26T00:24:00.000000 1939.160417010 4323.569341050 4821.674499568 -1.03455845671 -5.44847770818 5.30745605816
2023-12-26T00:25:00.000000 1872.643842822 3986.900786084 5128.677203154 -1.18179005125 -5.76944258291 4.92204297955
2023-12-26T00:26:00.000000 1797.456757273 3631.774168483 5411.867196545 -1.32346524763 -6.06351483258 4.51401019183
2023-12-26T00:27:00.000000 1713.952097731 3259.843444155 5669.944250034 -1.45893724440 -6.32936961049 4.08527152782
2023-12-26T00:28:00.000000 1622.520695292 2872.838099161 5901.725655263 -1.58759000523 -6.56581481505 3.63782915572
2023-12-26T00:29:00.000000 1523.589373654 2472.555048885 6106.151255594 -1.70884008804 -6.77179560136 3.17376446216
2023-12-26T00:30:00.000000 1417.618939372 2060.850283205 6282.287921820 -1.82213864024 -6.94639835737 2.69522843626
2023-12-26T00:31:00.000000 1305.102030910 1639.630287661 6429.333422469 -1.92697380990 -7.08885393141 2.20443176033
2023-12-26T00:32:00.000000 1186.560823929 1210.843300224 6546.619697833 -2.02287328620 -7.19854003176 1.70363450137
2023-12-26T00:33:00.000000 1062.544593317 776.470455545 6633.615510478 -2.10940635268 -7.27498249852 1.19513562522
2023-12-26T00:34:00.000000 933.627175926 338.516886637 6689.928484756 -2.18618515188 -7.31785560781 0.68126315111
2023-12-26T00:35:00.000000 800.404372588 -100.997191291 6715.306572754 -2.25286557037 -7.32698237486 0.16436524184
2023-12-26T00:36:00.000000 663.491291642 -540.045422983 6709.638995585 -2.30914833923 -7.30233530713 -0.35319873746
2023-12-26T00:37:00.000000 523.519617843 -976.604301417 6672.956625148 -2.35478040204 -7.24403683528 -0.86906808329
2023-12-26T00:38:00.000000 381.134801897 -1408.662146429 6605.431765493 -2.38955614056 -7.15235842042 -1.38089095779
2023-12-26T00:39:00.000000 236.993186768 -1834.227989193 6507.377333641 -2.41331824052 -7.02771871622 -1.88633378743
2023-12-26T00:40:00.000000 91.759086263 -2251.340355883 6379.245468383 -2.42595833877 -6.87068200733 -2.38309004985
2023-12-26T00:41:00.000000 -53.898162424 -2658.075965162 6221.625689291 -2.42741750137 -6.68195680448 -2.86888955145
2023-12-26T00:42:00.000000 -199.307175645 -3052.558320499 6035.242373942 -2.41768639471 -6.46239364616 -3.34150822685
2023-12-26T00:43:00.000000 -343.797495649 -3432.966142216 5820.951735809 -2.39680524246 -6.21298193808 -3.79877753993
2023-12-26T00:44:00.000000 -486.702568890 -3797.541595311 5579.738190573 -2.36486397538 -5.93484674705 -4.23859333486
2023-12-26T00:45:00.000000 -627.362737231 -4144.598345686 5312.710265031 -2.32200260179 -5.62924556901 -4.65892529449
2023-12-26T00:46:00.000000 -765.128248377 -4472.529373156 5021.095815450 -2.26841122747 -5.29756395427 -5.05782731987
2023-12-26T00:47:00.000000 -899.362240605 -4779.814485575 4706.236693873 -2.20432926803 -4.94130940051 -5.43344752694
2023-12-26T00:48:00.000000 -1029.443667544 -5065.027425072 4369.582806041 -2.13004423571 -4.56210464474 -5.78403680293
2023-12-26T00:49:00.000000 -1154.770148229 -5326.842599587 4012.685742188 -2.04589070470 -4.16168117153 -6.10795669719
2023-12-26T00:50:00.000000 -1274.760767437 -5564.041395616 3637.191865417 -1.95224944170 -3.74187235482 -6.40368761518
2023-12-26T00:51:00.000000 -1388.858811595 -5775.518064057 3244.834955336 -1.84954612970 -3.30460542872 -6.66983671041
2023-12-26T00:52:00.000000 -1496.534411543 -5960.285089673 2837.428377948 -1.73824961972 -2.85189319271 -6.90514463872
2023-12-26T00:53:00.000000 -1597.287079731 -6117.478104988 2416.856905346 -1.61887012633 -2.38582621398 -7.10849208710
2023-12-26T00:54:00.000000 -1690.648137800 -6246.360297815 1985.068074232 -1.49195743748 -1.90856430276 -7.27890737672
2023-12-26T00:55:00.000000 -1776.183024861 -6346.326249727 1544.063101194 -1.35809849884 -1.42232529324 -7.41557396548
2023-12-26T00:56:00.000000 -1853.493428449 -6416.905026325 1095.887413471 -1.21791409843 -0.92937204918 -7.51783518999
2023-12-26T00:57:00.000000 -1922.219210580 -6457.762518307 642.620994620 -1.07205531464 -0.43200075846 -7.58519604142
2023-12-26T00:58:00.000000 -1982.040128653 -6468.703149126 186.368641766 -0.92120050171 0.06746840631 -7.61732484019
2023-12-26T00:59:00.000000 -2032.677395785 -6449.671043870 -270.749933113 -0.76605262696 0.56670082796 -7.61405659356
2023-12-26T01:00:00.000000 -2073.895061141 -6400.750531547 -726.610194911 -0.60733618027 1.06335959121 -7.57539625519
2023-12-26T01:01:00.000000 -2105.501201184 -6322.165892588 -1179.093039614 -0.44579340752 1.55511912023 -7.50151940812
2023-12-26T01:02:00.000000 -2127.348854498 -6214.280274262 -1626.094970870 -0.28218019703 2.03967789837 -7.39277051181
2023-12-26T01:03:00.000000 -2139.336720973 -6077.593913818 -2065.538171285 -0.11726194589 2.51476987573 -7.24966052667
2023-12-26T01:04:00.000000 -2141.409602668 -5912.741649544 -2495.380400926 0.04819054357 2.97817585502 -7.07286416724
2023-12-26T01:05:00.000000 -2133.558617901 -5720.489792926 -2913.624726398 0.21340496502 3.42773495662 -6.86321576792
2023-12-26T01:06:00.000000 -2115.821177163 -5501.732284514 -3318.328921936 0.37761102586 3.86135511302 -6.62170382773
2023-12-26T01:07:00.000000 -2088.280765817 -5257.486293764 -3707.614562322 0.54004387648 4.27702255556 -6.34946537875
2023-12-26T01:08:00.000000 -2051.066496771 -4988.887219844 -4079.675741302 0.69994796172 4.67281119303 -6.04778008017
2023-12-26T01:09:00.000000 -2004.352439315 -4697.183182638 -4432.787449287 0.85658113803 5.04689162068 -5.71806298651
2023-12-26T01:10:00.000000 -1948.356693229 -4383.728967163 -4765.313426407 1.00921829135 5.39753856046 -5.36185629918
2023-12-26T01:11:00.000000 -1883.340285107 -4049.979603855 -5075.713576807 1.15715420801 5.72313706465 -4.98082182237
2023-12-26T01:12:00.000000 -1809.605881594 -3697.483528154 -5362.550913969 1.29970635470 6.02218937273 -4.57673420988
2023-12-26T01:13:00.000000 -1727.496349675 -3327.875343480 -5624.498143197 1.43621806804 6.29332277663 -4.15147294642
2023-12-26T01:14:00.000000 -1637.393094731 -2942.868079786 -5860.343617912 1.56606174115 6.53529640244 -3.70701205699
2023-12-26T01:15:00.000000 -1539.714243451 -2544.245160516 -6068.996706356 1.68864145709 6.74700550173 -3.24540933555
2023-12-26T01:16:00.000000 -1434.912662236 -2133.852118570 -6249.492500698 1.80339530362 6.92748447693 -2.76879684777
2023-12-26T01:17:00.000000 -1323.473858084 -1713.588184287 -6400.996038623 1.90979784563 7.07591015001 -2.27937185964
2023-12-26T01:18:00.000000 -1205.913705575 -1285.397619359 -6522.805894886 2.00736245838 7.19160472192 -1.77938702652
2023-12-26T01:19:00.000000 -1082.776074634 -851.260953747 -6614.357227973 2.09564292544 7.27403751881 -1.27114059091
2023-12-26T01:20:00.000000 -954.630360825 -413.186093397 -6675.224220718 2.17423454776 7.32282661715 -0.75696775024
2023-12-26T01:21:00.000000 -822.068968755 26.800655565 -6705.122081832 2.24277563154 7.33774153880 -0.23923182426
2023-12-26T01:22:00.000000 -685.704659798 466.663774978 -6703.908385606 2.30094951826 7.31870570715 0.27968654846
2023-12-26T01:23:00.000000 -546.167799504 904.367768612 -6671.583775526 2.34848638135 7.26579642137 0.79740120726
2023-12-26T01:24:00.000000 -404.103504888 1337.886362163 -6608.291957342 2.38516435638 7.17924309121 1.31153057808
2023-12-26T01:25:00.000000 -260.168748265 1765.211569463 -6514.319190267 2.41081038670 7.05942623234 1.81970641184
2023-12-26T01:26:00.000000 -115.029398843 2184.362773747 -6390.093180877 2.42530103542 6.90687747913 2.31958369709
2023-12-26T01:27:00.000000 30.642765318 2593.395753888 -6236.181355163 2.42856282972 6.72227796642 2.80885210282
2023-12-26T01:28:00.000000 176.173056884 2990.411556499 -6053.288456380 2.42057214206 6.50645462620 3.28524592464
2023-12-26T01:29:00.000000 320.886869817 3373.565132830 -5842.253645515 2.40135552917 6.26037718517 3.74655165213
2023-12-26T01:30:00.000000 464.112729128 3741.073879446 -5604.047123746 2.37099110582 5.98515744586 4.19061654673
2023-12-26T01:31:00.000000 605.185430903 4091.226134432 -5339.766124229 2.32960986426 5.68204759284 4.61536112658
2023-12-26T01:32:00.000000 743.449215427 4422.389432618 -5050.630109464 2.27739545310 5.35243400223 5.01879282922
2023-12-26T01:33:00.000000 878.260882799 4733.018291029 -4737.975222135 2.21458257073 4.99782816098 5.39901611373
2023-12-26T01:34:00.000000 1008.992807011 5021.661475787 -4403.248261431 2.14145547921 4.61985931857 5.75423883640
2023-12-26T01:35:00.000000 1135.035886174 5286.968925927 -4048.000288347 2.05834729102 4.22026994739 6.08277925723
2023-12-26T01:36:00.000000 1255.802452215 5527.698406087 -3673.879710522 1.96563912900 3.80091060442 6.38307598263
2023-12-26T01:37:00.000000 1370.729100288 5742.721744601 -3282.624747444 1.86375836387 3.36373153064 6.65369847336
2023-12-26T01:38:00.000000 1479.279404389 5931.030531911 -2876.055307882 1.75317647743 2.91077236664 6.89335514642
2023-12-26T01:39:00.000000 1580.946505243 6091.741164127 -2456.064474410 1.63440733995 2.44415233057 7.10089964363
2023-12-26T01:40:00.000000 1675.255608259 6224.099345062 -2024.609592477 1.50800557275 1.96606077384 7.27533734730
2023-12-26T01:41:00.000000 1761.766356099 6327.483970341 -1583.702958434 1.37456407135 1.47874645056 7.41583224721
2023-12-26T01:42:00.000000 1840.075035404 6401.410355861 -1135.402128867 1.23471061075 0.98450531524 7.52171241772
2023-12-26T01:43:00.000000 1909.816554149 6445.532673406 -681.799964396 1.08910432450 0.48566821271 7.59247344089
2023-12-26T01:44:00.000000 1970.666227506 6459.645699070 -225.014503685 0.93843244663 -0.01541082131 7.62778085539
2023-12-26T01:45:00.000000 2022.341360110 6443.685845804 232.821305462 0.78340687719 -0.51636634788 7.62747243809
2023-12-26T01:46:00.000000 2064.602617936 6397.731497608 689.569987592 0.62476018763 -1.01483415265 7.59155971961
2023-12-26T01:47:00.000000 2097.255133351 6322.002517841 1143.099971998 0.46324145719 -1.50846434176 7.52022771873
2023-12-26T01:48:00.000000 2120.149383574 6216.859017030 1591.295943364 0.29961250041 -1.99493396328 7.41383281780
2023-12-26T01:49:00.000000 2133.181847129 6082.799375184 2032.069033618 0.13464441614 -2.47195858730 7.27289959829
2023-12-26T01:50:00.000000 2136.295462282 5920.457624972 2463.366808654 -0.03088611790 -2.93730314409 7.09811744245
2023-12-26T01:51:00.000000 2129.479826934 5730.600144505 2883.183054939 -0.19620105689 -3.38879274717 6.89033692419
2023-12-26T01:52:00.000000 2112.771153703 5514.121721828 3289.567316375 -0.36052536178 -3.82432388571 6.65056516893
2023-12-26T01:53:00.000000 2086.251962480 5272.040933095 3680.634102321 -0.52309107817 -4.24187535042 6.37995952226
2023-12-26T01:54:00.000000 2050.050547771 5005.494924135 4054.571687106 -0.68314106217 -4.63951780708 6.07981986525
2023-12-26T01:55:00.000000 2004.340216326 4715.733637592 4409.650411414 -0.83993257918 -5.01542175636 5.75158070792
2023-12-26T01:56:00.000000 1949.338318654 4404.113610848 4744.230536783 -0.99274081993 -5.36786478491 5.39680364345
2023-12-26T01:57:00.000000 1885.305072053 4072.091320592 5056.769635526 -1.14086216006 -5.69523903645 5.01716960996
2023-12-26T01:58:00.000000 1812.542204906 3721.216101600 5345.829510213 -1.28361709018 -5.99605869360 4.61447006261
2023-12-26T01:59:00.000000 1731.391421235 3353.122604424 5610.082512720 -1.42035301065 -6.26896644548 4.19059699661
2023-12-26T02:00:00.000000 1642.232703986 2969.522938542 5848.317270894 -1.55044701670 -6.51273834947 3.74753254984
2023-12-26T02:01:00.000000 1545.482453775 2572.198554045 6059.443788276 -1.67330844076 -6.72628734160 3.28733894347
2023-12-26T02:02:00.000000 1441.591493630 2162.991955660 6242.497974698 -1.78838091669 -6.90866609126 2.81214904152
2023-12-26T02:03:00.000000 1331.042952335 1743.798222136 6396.645602802 -1.89514424037 -7.05906972524 2.32415736825
2023-12-26T02:04:00.000000 1214.350032250 1316.556384698 6521.185739424 -1.99311657398 -7.17683850226 1.82561098868
2023-12-26T02:05:00.000000 1092.053631574 883.240645181 6615.553602524 -2.08185693371 -7.26146008198 1.31879974901
2023-12-26T02:06:00.000000 964.719831007 445.851488060 6679.322840689 -2.16096718758 -7.31257096225 0.80604598934
2023-12-26T02:07:00.000000 832.937286196 6.406723648 6712.207156979 -2.23009305754 -7.32995712888 0.28969445116
2023-12-26T02:08:00.000000 697.314580688 -433.067488506 6714.061373851 -2.28892467286 -7.31355434779 -0.22789721669
2023-12-26T02:09:00.000000 558.477532442 -870.545632001 6684.881920886 -2.33719755638 -7.26344825623 -0.74436775055
2023-12-26T02:10:00.000000 417.066432339 -1304.011815662 6624.806780336 -2.37469411452 -7.17987392504 -1.25736191268
2023-12-26T02:11:00.000000 273.733187124 -1731.468705024 6534.114826259 -2.40124489423 -7.06321456280 -1.76454028853
2023-12-26T02:12:00.000000 129.138408458 -2150.946358955 6413.224566720 -2.41672914647 -6.91399980673 -2.26358885225
2023-12-26T02:13:00.000000 -16.051511093 -2560.510962393 6262.692373358 -2.42107506027 -6.73290384018 -2.75222830603
2023-12-26T02:14:00.000000 -161.167349490 -2958.273431796 6083.210090682 -2.41426017447 -6.52074314284 -3.22822342629
2023-12-26T02:15:00.000000 -305.540029700 -3342.397872048 5875.602129154 -2.39631183204 -6.27847357135 -3.68939236851
2023-12-26T02:16:00.000000 -448.503611834 -3711.109833804 5640.821967484 -2.36730726207 -6.00718706678 -4.13361574103
2023-12-26T02:17:00.000000 -589.398279702 -4062.704387082 5379.948160156 -2.32737326682 -5.70810824583 -4.55884573444
2023-12-26T02:18:00.000000 -727.573303090 -4395.553960935 5094.179739933 -2.27668588358 -5.38259046689 -4.96311564988
2023-12-26T02:19:00.000000 -862.389987017 -4708.115925659 4784.831070784 -2.21547017383 -5.03211069504 -5.34454951524
2023-12-26T02:20:00.000000 -993.224600942 -4998.939820582 4453.326117241 -2.14399989168 -4.65826339408 -5.70137111235
2023-12-26T02:21:00.000000 -1119.471285572 -5266.674223903 4101.192219338 -2.06259676657 -4.26275417074 -6.03191245132
2023-12-26T02:22:00.000000 -1240.544897329 -5510.073220753 3730.053334590 -1.97162940346 -3.84739322719 -6.33462235605
2023-12-26T02:23:00.000000 -1355.883781980 -5728.002462441 3341.622766346 -1.87151188073 -3.41408773681 -6.60807525526
2023-12-26T02:24:00.000000 -1464.952447742 -5919.444708772 2937.695375765 -1.76270194573 -2.96483276037 -6.85097927968
2023-12-26T02:25:00.000000 -1567.244123328 -6083.504821412 2520.139358066 -1.64569871539 -2.50170150816 -7.06218288153
2023-12-26T02:26:00.000000 -1662.283161252 -6219.414161836 2090.887654860 -1.52104012190 -2.02683594849 -7.24068023594
2023-12-26T02:27:00.000000 -1749.627297191 -6326.534449921 1651.929060226 -1.38930062108 -1.54243773993 -7.38561626803
2023-12-26T02:28:00.000000 -1828.869779075 -6404.361049784 1205.299021335 -1.25108932881 -1.05075869369 -7.49629175354
2023-12-26T02:29:00.000000 -1899.641395392 -6452.525684757 753.070138600 -1.10704798356 -0.55409022646 -7.57216830508
2023-12-26T02:30:00.000000 -1961.612344015 -6470.798466445 297.342379219 -0.95784785055 -0.05475189118 -7.61287274321
2023-12-26T02:31:00.000000 -2014.493879191 -6459.089226158 -159.766940257 -0.80418549151 0.44492065143 -7.61820034122
2023-12-26T02:32:00.000000 -2058.039697259 -6417.448100661 -616.133321583 -0.64677841990 0.94258800188 -7.58811662245
2023-12-26T02:33:00.000000 -2092.047084764 -6346.065391997 -1069.635316588 -0.48636160361 1.43591972237 -7.52275763793
2023-12-26T02:34:00.000000 -2116.357878414 -6245.270638895 -1518.164728709 -0.32368461573 1.92260721857 -7.42242873138
2023-12-26T02:35:00.000000 -2130.859248608 -6115.530929788 -1959.636694768 -0.15950836091 2.40037606403 -7.28760176667
2023-12-26T02:36:00.000000 -2135.484256612 -5957.448512905 -2391.999565367 0.00539907407 2.86699676223 -7.11891134455
2023-12-26T02:37:00.000000 -2130.212153374 -5771.757827073 -2813.244555994 0.17026686529 3.32029410982 -6.91715112191
2023-12-26T02:38:00.000000 -2115.068418458 -5559.321960727 -3221.415193939 0.33432552780 3.75815684560 -6.68327068123
2023-12-26T02:39:00.000000 -2090.124564620 -5321.128477634 -3614.616565064 0.49681077526 4.17854888764 -6.41837143086
2023-12-26T02:40:00.000000 -2055.497705822 -5058.284561622 -3991.024225342 0.65696745427 4.57952075623 -6.12369965725
2023-12-26T02:41:00.000000 -2011.349899773 -4772.011538058 -4348.892630610 0.81405316151 4.95921843433 -5.80063749233
2023-12-26T02:42:00.000000 -1957.887293907 -4463.638957208 -4686.563032172 0.96734106932 5.31588928594 -5.45069488347
2023-12-26T02:43:00.000000 -1895.359116398 -4134.598343680 -5002.470974276 1.11612244877 5.64788799005 -5.07550398417
2023-12-26T02:44:00.000000 -1824.056495938 -3786.416520139 -5295.153448138 1.25970990073 5.95368477423 -4.67681345125
2023-12-26T02:45:00.000000 -1744.311068206 -3420.708401065 -5563.255658522 1.39744131030 6.23187442027 -4.25647970164
2023-12-26T02:46:00.000000 -1656.493345355 -3039.169302501 -5805.537145090 1.52868338753 6.48118287261 -3.81645556065
2023-12-26T02:47:00.000000 -1561.010913338 -2643.566956821 -6020.877236470 1.65283401159 6.70047093665 -3.35877941528
2023-12-26T02:48:00.000000 -1458.306501053 -2235.733320622 -6208.279891481 1.76932398941 6.88873725251 -2.88556628050
2023-12-26T02:49:00.000000 -1348.855953537 -1817.556215151 -6366.878072698 1.87761924857 7.04512193008 -2.39899932560
2023-12-26T02:50:00.000000 -1233.166037536 -1390.970717312 -6495.937538074 1.97722350171 7.16891007229 -1.90132046831
2023-12-26T02:51:00.000000 -1111.772105438 -957.950383273 -6594.860080687 2.06768056482 7.25953438921 -1.39482040473
2023-12-26T02:52:00.000000 -985.235633679 -520.498319719 -6663.186138827 2.14857589059 7.31657735372 -0.88182881299
2023-12-26T02:53:00.000000 -854.141696398 -80.638143879 -6700.596867665 2.21953778202 7.33977325404 -0.36470440846
2023-12-26T02:54:00.000000 -719.096345120 359.595175905 -6706.915550115 2.28023895236 7.32900950104 0.15417550496
2023-12-26T02:55:00.000000 -580.723887898 798.164513360 -6682.108407029 2.33039842786 7.28432668370 0.67242557358
2023-12-26T02:56:00.000000 -439.664061869 1233.039756845 -6626.284752964 2.36978310770 7.20591787499 1.18766260125
2023-12-26T02:57:00.000000 -296.569135645 1662.206929567 -6539.696589411 2.39820837100 7.09412763803 1.69751554550
2023-12-26T02:58:00.000000 -152.101003791 2083.677237891 -6422.737572133 2.41553793715 6.94945058492 2.19963511380
2023-12-26T02:59:00.000000 -6.928285024 2495.496025116 -6275.941447607 2.42168406087 6.77252967810 2.69170245161
2023-12-26T03:00:00.000000 138.276623809 2895.751629292 -6099.979958290 2.41660891288 6.56415511098 3.17143760736
2023-12-26T03:01:00.000000 282.840605792 3282.584201718 -5895.660237018 2.40032660916 6.32526355230 3.63660962331
2023-12-26T03:02:00.000000 426.092982110 3654.194441521 -5663.921505115 2.37290430578 6.05693597982 4.08504885484
2023-12-26T03:03:00.000000 567.368678402 4008.852119391 -5405.831003799 2.33446148805 5.76039282898 4.51465946685
2023-12-26T03:04:00.000000 706.011319443 4344.904253569 -5122.579239857 2.28516830300 5.43698750942 4.92342978947
2023-12-26T03:05:00.000000 841.376226750 4660.782897710 -4815.474685963 2.22524436021 5.08820012140 5.30944057901
2023-12-26T03:06:00.000000 972.833371843 4955.012574117 -4485.938009830 2.15495849716 4.71563193433 5.67087291652
2023-12-26T03:07:00.000000 1099.770337689 5226.217378305 -4135.495781856 2.07462884137 4.32099987661 6.00601687825
2023-12-26T03:08:00.000000 1221.595265374 5473.127741034 -3765.773668335 1.98462237298 3.90613015523 6.31328098201
2023-12-26T03:09:00.000000 1337.739746520 5694.586737251 -3378.489018457 1.88535361208 3.47295046483 6.59120197353
2023-12-26T03:10:00.000000 1447.661621652 5889.555933064 -2975.442909331 1.77728245156 3.02348045178 6.83845381920
2023-12-26T03:11:00.000000 1550.847619184 6057.120559108 -2558.511678187 1.66091158980 2.55982131037 7.05385467449
2023-12-26T03:12:00.000000 1646.815858917 6196.494133662 -2129.638119251 1.53678428207 2.08414622715 7.23637230239
2023-12-26T03:13:00.000000 1735.118219672 6307.022480277 -1690.822304758 1.40548249420 1.59869149787 7.38513031087
2023-12-26T03:14:00.000000 1815.342609595 6388.187259795 -1244.112043535 1.26762441162 1.10574556587 7.49941575997
2023-12-26T03:15:00.000000 1887.115014142 6439.608634449 -791.592849404 1.12386050419 0.60763476097 7.57868498867
2023-12-26T03:16:00.000000 1950.101303370 6461.047122920 -335.377749635 0.97486905715 0.10670881427 7.62256485296
2023-12-26T03:17:00.000000 2004.008791876 6452.404633328 122.402956670 0.82135289827 -0.39466999937 7.63085170388
2023-12-26T03:18:00.000000 2048.587646268 6413.724986396 579.611824026 0.66403715295 -0.89413576845 7.60351262249
2023-12-26T03:19:00.000000 2083.632135947 6345.193777621 1034.114664472 0.50366613678 -1.38933053631 7.54068903055
2023-12-26T03:20:00.000000 2108.981639963 6247.137458396 1483.791035385 0.34099830724 -1.87791975127 7.44269760176
2023-12-26T03:21:00.000000 2124.521336781 6120.021479019 1926.544662172 0.17680085989 -2.35760698911 7.31002595925
2023-12-26T03:22:00.000000 2130.182590450 5964.447648455 2360.313487925 0.01184581472 -2.82614473463 7.14332648516
2023-12-26T03:23:00.000000 2125.943164677 5781.150938254 2783.079438092 -0.15309276889 -3.28134340253 6.94341218164
2023-12-26T03:24:00.000000 2111.827244550 5570.995696856 3192.877956842 -0.31724222506 -3.72108189455 6.71125322092
2023-12-26T03:25:00.000000 2087.905224007 5334.971200493 3587.807265973 -0.47983569297 -4.14331886608 6.44797107916
2023-12-26T03:26:00.000000 2054.293230169 5074.186576275 3966.037230329 -0.64011614921 -4.54610188676 6.15483076851
2023-12-26T03:27:00.000000 2011.152439904 4789.865242856 4325.817739534 -0.79733942730 -4.92757496042 5.83323393687
2023-12-26T03:28:00.000000 1958.688222251 4483.338878119 4665.486736952 -0.95077723072 -5.28598700106 5.48471274341
2023-12-26T03:29:00.000000 1897.149068798 4156.040840059 4983.477799453 -1.09972101527 -5.61970124879 5.11092176921
2023-12-26T03:30:00.000000 1826.825292061 3809.499065612 5278.327213645 -1.24348608688 -5.92720284795 4.71362757015
2023-12-26T03:31:00.000000 1748.047482911 3445.328598315 5548.680344238 -1.38141490963 -6.20710380474 4.29469831319
2023-12-26T03:32:00.000000 1661.184807917 3065.223847737 5793.297471263 -1.51287958913 -6.45814741080 3.85609462987
2023-12-26T03:33:00.000000 1566.643160139 2670.950561407 6011.059033195 -1.63728400536 -6.67921307654 3.39985998153
2023-12-26T03:34:00.000000 1464.863205754 2264.337549841 6200.970315476 -1.75406562034 -6.86931983242 2.92810994932
2023-12-26T03:35:00.000000 1356.318314954 1847.268252190 6362.165443522 -1.86269699405 -7.02762778630 2.44302261286
2023-12-26T03:36:00.000000 1241.512407471 1421.672231677 6493.910918646 -1.96268767146 -7.15343986675 1.94683104706
2023-12-26T03:37:00.000000 1120.977652955 989.516499241 6595.608663744 -2.05358683710 -7.24620541967 1.44181538163
2023-12-26T03:38:00.000000 995.272018100 552.796627483 6666.798589156 -2.13498585583 -7.30552362344 0.93029204724
2023-12-26T03:39:00.000000 864.976685802 113.527716415 6707.160364364 -2.20651954047 -7.33114418383 0.41460197150
2023-12-26T03:40:00.000000 730.693437600 -326.264606092 6716.514603791 -2.26786658965 -7.32296640795 -0.10289924987
2023-12-26T03:41:00.000000 593.041987423 -764.553161287 6694.823477434 -2.31875065985 -7.28103917290 -0.61984963780
2023-12-26T03:42:00.000000 452.657237950 -1199.318200471 6642.190847299 -2.35894233141 -7.20556153270 -1.13389041592
2023-12-26T03:43:00.000000 310.186409714 -1628.556401830 6558.861729374 -2.38826053450 -7.09688162358 -1.64267695737
2023-12-26T03:44:00.000000 166.286130894 -2050.289743150 6445.221135454 -2.40657254725 -6.95549401938 -2.14388854163
2023-12-26T03:45:00.000000 21.619554453 -2462.574216951 6301.792404527 -2.41379364445 -6.78203783186 -2.63523642381
2023-12-26T03:46:00.000000 -123.146535460 -2863.508476235 6129.235028799 -2.40988782979 -6.57729594561 -3.11447272420
2023-12-26T03:47:00.000000 -267.344694514 -3251.242411881 5928.341874789 -2.39486917435 -6.34219268955 -3.57940126677
2023-12-26T03:48:00.000000 -410.309836290 -3623.985499931 5700.035764050 -2.36880216519 -6.07778896219 -4.02788785338
2023-12-26T03:49:00.000000 -551.382235054 -3980.014845578 5445.365509149 -2.33180081488 -5.78527745443 -4.45786815594
2023-12-26T03:50:00.000000 -689.910470307 -4317.682993261 5165.501505026 -2.28402793459 -5.46598005113 -4.86735535679
2023-12-26T03:51:00.000000 -825.254362270 -4635.425618693 4861.730777530 -2.22569545988 -5.12134500264 -5.25445031756
2023-12-26T03:52:00.000000 -956.787930997 -4931.768931103 4535.451386936 -2.15706481155 -4.75294053512 -5.61735283257
2023-12-26T03:53:00.000000 -1083.902343962 -5205.336612943 4188.166210673 -2.07844592169 -4.36244603867 -5.95437047980
2023-12-26T03:54:00.000000 -1206.008770093 -5454.856254289 3821.476275669 -1.99019498358 -3.95164482060 -6.26392489131
2023-12-26T03:55:00.000000 -1322.541077923 -5679.165440042 3437.073719202 -1.89271225606 -3.52241911618 -6.54455887412
2023-12-26T03:56:00.000000 -1432.958438772 -5877.217503189 3036.734245226 -1.78644078664 -3.07674378820 -6.79494573976
2023-12-26T03:57:00.000000 -1536.747872105 -6048.086806449 2622.309012695 -1.67186567901 -2.61667644268 -7.01389836260
2023-12-26T03:58:00.000000 -1633.426740321 -6190.973369137 2195.716052386 -1.54951289166 -2.14434591746 -7.20037549916
2023-12-26T03:59:00.000000 -1722.545131779 -6305.206813165 1758.931381939 -1.41994691058 -1.66194189196 -7.35348634157
2023-12-26T04:00:00.000000 -1803.688079485 -6390.249722570 1313.979838069 -1.28376748244 -1.17170541215 -7.47249517893
2023-12-26T04:01:00.000000 -1876.477573916 -6445.700438251 862.925630009 -1.14160624650 -0.67591877447 -7.55682599472
2023-12-26T04:02:00.000000 -1940.574391700 -6471.295211023 407.862646019 -0.99412408173 -0.17689473219 -7.60606602534
2023-12-26T04:03:00.000000 -1995.679788350 -6466.909700723 -49.095437973 -0.84200893856 0.32303437246 -7.61996893920
2023-12-26T04:04:00.000000 -2041.537034128 -6432.559792305 -505.825242002 -0.68597287338 0.82152855802 -7.59845828588
2023-12-26T04:05:00.000000 -2077.932737153 -6368.401659491 -960.203954886 -0.52674750108 1.31625408526 -7.54162947165
2023-12-26T04:06:00.000000 -2104.697857594 -6274.730961123 -1410.119614633 -0.36507869074 1.80489752783 -7.44974802927
2023-12-26T04:07:00.000000 -2121.708421077 -6151.981259810 -1853.481184970 -0.20172212686 2.28517721563 -7.32324529671
2023-12-26T04:08:00.000000 -2128.886003696 -6000.721824771 -2288.228389250 -0.03744015647 2.75485232003 -7.16271484334
2023-12-26T04:09:00.000000 -2126.198052856 -5821.654920024 -2712.341381872 0.12700113396 3.21173248792 -6.96891044820
2023-12-26T04:10:00.000000 -2113.658006713 -5615.612440457 -3123.850284713 0.29083553519 3.65368918059 -6.74274323013
2023-12-26T04:11:00.000000 -2091.325178553 -5383.551856540 -3520.844480112 0.45330070933 4.07866676042 -6.48527638067
2023-12-26T04:12:00.000000 -2059.304410450 -5126.551542603 -3901.481544754 0.61364186514 4.48469192581 -6.19771887810
2023-12-26T04:13:00.000000 -2017.745522379 -4845.805582419 -4263.995816195 0.77111509797 4.86988254382 -5.88141936975
2023-12-26T04:14:00.000000 -1966.842560891 -4542.618032121 -4606.706574571 0.92499074996 5.23245685603 -5.53785933152
2023-12-26T04:15:00.000000 -1906.832838745 -4218.396623796 -4928.025768373 1.07455678950 5.57074183635 -5.16864475641
2023-12-26T04:16:00.000000 -1837.995778034 -3874.646036641 -5226.465225378 1.21912210376 5.88317981280 -4.77549772270
2023-12-26T04:17:00.000000 -1760.651555452 -3512.960793613 -5500.643388163 1.35801987697 6.16833468521 -4.36024869830
2023-12-26T04:18:00.000000 -1675.159544159 -3135.017773468 -5749.291574390 1.49061104114 6.42489892830 -3.92482796043
2023-12-26T04:19:00.000000 -1581.916553645 -2742.568283731 -5971.259642691 1.61628714033 6.65169971960 -3.47125475648
2023-12-26T04:20:00.000000 -1481.354932156 -2337.429868169 -6165.520992658 1.73447221605 6.84770229368 -3.00162619387
2023-12-26T04:21:00.000000 -1373.940612612 -1921.478130942 -6331.176893921 1.84462299920 7.01200633825 -2.51810627210
2023-12-26T04:22:00.000000 -1260.170966366 -1496.638103269 -6467.460491622 1.94623538336 7.14386554245 -2.02292543410
2023-12-26T04:23:00.000000 -1140.572487733 -1064.875345269 -6573.740309939 2.03884310496 7.24267579073 -1.51836414458
2023-12-26T04:24:00.000000 -1015.698413878 -628.187159244 -6649.522996533 2.12202125055 7.30798352967 -1.00674423477
2023-12-26T04:25:00.000000 -886.126200366 -188.593513767 -6694.455477244 2.19538773050 7.33948675527 -0.49041799902
2023-12-26T04:26:00.000000 -752.454904352 251.872063350 -6708.326482872 2.25860485107 7.33703571888 0.02824154681
2023-12-26T04:27:00.000000 -615.302468707 691.171654157 -6691.067496039 2.31138101489 7.30063382817 0.54685092568
2023-12-26T04:28:00.000000 -475.302925324 1127.272126804 -6642.753040180 2.35347159605 7.23043712781 1.06302725006
2023-12-26T04:29:00.000000 -333.103574843 1558.154244275 -6563.600352943 2.38467887594 7.12675217364 1.57439777909
2023-12-26T04:30:00.000000 -189.362167323 1981.821635805 -6453.968543974 2.40485248246 6.99003471202 2.07860724229
2023-12-26T04:31:00.000000 -44.744005837 2396.309774766 -6314.357325703 2.41389131134 6.82089040208 2.57332588685
2023-12-26T04:32:00.000000 100.081068030 2799.694968615 -6145.405145357 2.41174574674 6.62007517062 3.05626084383
2023-12-26T04:33:00.000000 244.441812303 3190.103351498 -5947.886599558 2.39841837279 6.38849262832 3.52516902889
2023-12-26T04:34:00.000000 387.668680981 3565.719571892 -5722.709085069 2.37396310069 6.12718913534 3.97786829769
2023-12-26T04:35:00.000000 529.096880548 3924.795229050 -5470.908883445 2.33848428940 5.83734908170 4.41224631615
2023-12-26T04:36:00.000000 668.069387533 4265.657016690 -5193.646689359 2.29213675067 5.52029106148 4.82626924493
2023-12-26T04:37:00.000000 803.939993065 4586.714685510 -4892.202651448 2.23512604779 5.17746374207 5.21799146606
2023-12-26T04:38:00.000000 936.076338495 4886.468669437 -4567.970742776 2.16770826905 4.81044054884 5.58556582993
2023-12-26T04:39:00.000000 1063.862927520 5163.517393211 -4222.452557471 2.09018922997 4.42091316307 5.92725382387
2023-12-26T04:40:00.000000 1186.704076875 5416.564140635 -3857.250502681 2.00292328043 4.01068370485 6.24143514616
2023-12-26T04:41:00.000000 1304.026825739 5644.423505501 -3474.060288979 1.90631324762 3.58165909332 6.52662107788
2023-12-26T04:42:00.000000 1415.283650132 5846.027148675 -3074.663273776 1.80080386226 3.13583328447 6.78144666833
2023-12-26T04:43:00.000000 1519.955068562 6020.429083703 -2660.918379262 1.68688478396 2.67528906699 7.00469271557
2023-12-26T04:44:00.000000 1617.552228447 6166.810610411 -2234.753243940 1.56508720151 2.20218559644 7.19528921464
2023-12-26T04:45:00.000000 1707.619345494 6284.484611248 -1798.155034469 1.43598150690 1.71874682155 7.35232306965
2023-12-26T04:46:00.000000 1789.735954904 6372.899013007 -1353.160856867 1.30017420384 1.22724868498 7.47504334361
2023-12-26T04:47:00.000000 1863.518983401 6431.639570885 -901.847928591 1.15830451734 0.73000722012 7.56286448543
2023-12-26T04:48:00.000000 1928.624605494 6460.431903937 -446.323561089 1.01104110933 0.22936745493 7.61536923872
2023-12-26T04:49:00.000000 1984.749922977 6459.142938307 11.285012594 0.85907882470 -0.27230833744 7.63231134630
2023-12-26T04:50:00.000000 2031.634426952 6427.781527441 468.840954664 0.70313534847 -0.77265305621 7.61361690686
2023-12-26T04:51:00.000000 2069.061273966 6366.498408034 924.208166982 0.54394780544 -1.26930674981 7.55938447872
2023-12-26T04:52:00.000000 2096.858333968 6275.585383688 1375.261636703 0.38226913254 -1.75992829119 7.46988502026
2023-12-26T04:53:00.000000 2114.899031375 6155.473876893 1819.897770963 0.21886381295 -2.24220796109 7.34556129930
2023-12-26T04:54:00.000000 2123.102880758 6006.732603289 2256.044635328 0.05450305108 -2.71388067850 7.18702518281
2023-12-26T04:55:00.000000 2121.435756573 5830.064547462 2681.671958437 -0.11003986239 -3.17273819079 6.99505259941
2023-12-26T04:56:00.000000 2109.909889179 5626.303195153 3094.800799872 -0.27399338075 -3.61663966273 6.77057772741
2023-12-26T04:57:00.000000 2088.583673516 5396.408230874 3493.512872218 -0.43659100420 -4.04352175786 6.51468705807
2023-12-26T04:58:00.000000 2057.561255692 5141.460553704 3875.959479612 -0.59707465727 -4.45140847211 6.22861264192
2023-12-26T04:59:00.000000 2016.991925139 4862.656795759 4240.370026489 -0.75469833558 -4.83841966283 5.91372439230
2023-12-26T05:00:00.000000 1967.069274115 4561.303324597 4585.060057211 -0.90873174065 -5.20277811411 5.57152277315
2023-12-26T05:01:00.000000 1908.030159508 4238.809894409 4908.438899705 -1.05846370085 -5.54281678347 5.20363210079
2023-12-26T05:02:00.000000 1840.153452717 3896.682759837 5209.016867257 -1.20320534691 -5.85698716721 4.81179289115
2023-12-26T05:03:00.000000 1763.758613217 3536.517327041 5485.411947414 -1.34229320283 -6.14386739036 4.39785184153
2023-12-26T05:04:00.000000 1679.204064490 3159.990357213 5736.355824043 -1.47509233604 -6.40216797259 3.96375034331
2023-12-26T05:05:00.000000 1586.885395797 2768.851932915 5960.699230120 -1.60099943707 -6.63073496045 3.51151343289
2023-12-26T05:06:00.000000 1487.233379820 2364.917256744 6157.416666696 -1.71944530043 -6.82855183748 3.04324034975
2023-12-26T05:07:00.000000 1380.711880999 1950.058344463 6325.610618001 -1.82989636226 -6.99474190412 2.56109638817
2023-12-26T05:08:00.000000 1267.815675023 1526.195527642 6464.515248635 -1.93185580231 -7.12857194068 2.06730470405
2023-12-26T05:09:00.000000 1149.068214928 1095.288727448 6573.499627357 -2.02486503547 -7.22945615963 1.56413660727
2023-12-26T05:10:00.000000 1025.019269964 659.328528051 6652.070259835 -2.10850567742 -7.29695830375 1.05390042434
2023-12-26T05:11:00.000000 896.242463003 220.327214081 6699.873006035 -2.18240132773 -7.33079130699 0.53893110828
2023-12-26T05:12:00.000000 763.332700170 -219.690178424 6716.694391486 -2.24621903412 -7.33081687308 0.02158194481
2023-12-26T05:13:00.000000 626.903525199 -658.694799448 6702.462504895 -2.29967095710 -7.29704685763 -0.49578381592
2023-12-26T05:14:00.000000 487.584350558 -1094.663059182 6657.247253345 -2.34251619058 -7.22964465893 -1.01080390534
2023-12-26T05:15:00.000000 346.017605906 -1525.585683098 6581.259951121 -2.37456183012 -7.12892350633 -1.52112895068
2023-12-26T05:16:00.000000 202.855853884 -1949.476589036 6474.852254041 -2.39566302193 -6.99534283038 -2.02443161430
2023-12-26T05:17:00.000000 58.758900420 -2364.381616012 6338.514599776 -2.40572300170 -6.82950670901 -2.51841347019
2023-12-26T05:18:00.000000 -85.609091311 -2768.387176109 6172.874286207 -2.40469379213 -6.63216426676 -3.00081420741
2023-12-26T05:19:00.000000 -229.582567160 -3159.628953643 5978.692758593 -2.39257682512 -6.40420756881 -3.46942371572
2023-12-26T05:20:00.000000 -372.497535770 -3536.300288489 5756.862308958 -2.36942285364 -6.14666575039 -3.92209234777
2023-12-26T05:21:00.000000 -513.694537829 -3896.660282607 5508.402203730 -2.33533199200 -5.86070035981 -4.35673718538
2023-12-26T05:22:00.000000 -652.521608963 -4239.041636036 5234.454545117 -2.29045443415 -5.54760424231 -4.77134971332
2023-12-26T05:23:00.000000 -788.337311980 -4561.858534190 4936.279377649 -2.23499052265 -5.20879910008 -5.16400863503
2023-12-26T05:24:00.000000 -920.513681132 -4863.614102708 4615.249080763 -2.16918872828 -4.84582663816 -5.53289258137
2023-12-26T05:25:00.000000 -1048.439052746 -5142.907336622 4272.842156248 -2.09334317232 -4.46033809952 -5.87628566345
2023-12-26T05:26:00.000000 -1171.520749060 -5398.439409976 3910.636863240 -2.00779344329 -4.05408954357 -6.19257941277
2023-12-26T05:27:00.000000 -1289.187887955 -5629.020025761 3530.304564528 -1.91292639435 -3.62894146809 -6.48028077099
2023-12-26T05:28:00.000000 -1400.894221049 -5833.573521445 3133.602364169 -1.80917606241 -3.18685308033 -6.73802700229
2023-12-26T05:29:00.000000 -1506.120873070 -6011.144422374 2722.364924149 -1.69701990919 -2.72986842259 -6.96459799220
2023-12-26T05:30:00.000000 -1604.378796068 -6160.902061266 2298.495685812 -1.57697425490 -2.26010222767 -7.15892009761
2023-12-26T05:31:00.000000 -1695.211030058 -6282.144559408 1863.958111284 -1.44959215713 -1.77973142981 -7.32006740192
2023-12-26T05:32:00.000000 -1778.194888665 -6374.302361129 1420.766650504 -1.31546280360 -1.29098838684 -7.44726728067
2023-12-26T05:33:00.000000 -1852.944063421 -6436.941231344 970.977326593 -1.17520925966 -0.79614957846 -7.53990817836
2023-12-26T05:34:00.000000 -1919.110549664 -6469.764510116 516.677896204 -1.02948414587 -0.29752154547 -7.59754335633
2023-12-26T05:35:00.000000 -1976.386276874 -6472.614527561 59.977988600 -0.87896558702 0.20257063282 -7.61989079500
2023-12-26T05:36:00.000000 -2024.504559627 -6445.473447971 -397.000806119 -0.72435460457 0.70179236343 -7.60683415496
2023-12-26T05:37:00.000000 -2063.241396339 -6388.463528081 -852.134956121 -0.56637252435 1.19781036659 -7.55842548383
2023-12-26T05:38:00.000000 -2092.416587559 -6301.846666943 -1303.309133906 -0.40575718735 1.68830586820 -7.47488589753
2023-12-26T05:39:00.000000 -2111.894591579 -6186.023143973 -1748.426293996 -0.24325876179 2.17098662838 -7.35660327658
2023-12-26T05:40:00.000000 -2121.585152962 -6041.529716593 -2185.417605887 -0.07963613751 2.64359697677 -7.20413001384
2023-12-26T05:41:00.000000 -2121.443726156 -5869.037119358 -2612.252287164 0.08434652364 3.10392865831 -7.01818169835
2023-12-26T05:42:00.000000 -2111.471678827 -5669.346857412 -3026.947319189 0.24792376941 3.54983350032 -6.79963402928
2023-12-26T05:43:00.000000 -2091.716239122 -5443.387216514 -3427.576880203 0.41033297994 3.97923522490 -6.54951671594
2023-12-26T05:44:00.000000 -2062.270211603 -5192.208655933 -3812.281376176 0.57081809754 4.39013894815 -6.26900660632
2023-12-26T05:45:00.000000 -2023.271475966 -4916.978664225 -4179.276081605 0.72863324446 4.78063988064 -5.95942142538
2023-12-26T05:46:00.000000 -1974.902269418 -4618.976107699 -4526.859393097 0.88304652960 5.14893225885 -5.62221279676
2023-12-26T05:47:00.000000 -1917.388232489 -4299.585018566 -4853.420614645 1.03334348549 5.49331713772 -5.25895794050
2023-12-26T05:48:00.000000 -1850.997281039 -3960.288001218 -5157.447247352 1.17882981273 5.81220874169 -4.87135171096
2023-12-26T05:49:00.000000 -1776.038312101 -3602.659239024 -5437.531830812 1.31883416514 6.10414112505 -4.46119944727
2023-12-26T05:50:00.000000 -1692.859736236 -3228.357107730 -5692.378343466 1.45271167872 6.36777566138 -4.03040846821
2023-12-26T05:51:00.000000 -1601.847766228 -2839.116314026 -5920.807990032 1.57984749591 6.60190702314 -3.58097730729
2023-12-26T05:52:00.000000 -1503.424581569 -2436.739954238 -6121.764269701 1.69965783608 6.80546121359 -3.11498239668
2023-12-26T05:53:00.000000 -1398.046309252 -2023.091091816 -6294.317637490 1.81159518162 6.97751404007 -2.63457765657
2023-12-26T05:54:00.000000 -1286.200911452 -1600.084116214 -6437.669646098 1.91514620512 7.11727939769 -2.14197751472
2023-12-26T05:55:00.000000 -1168.406028593 -1169.676194541 -6551.156368568 2.00983538423 7.22411817760 -1.63945023114
2023-12-26T05:56:00.000000 -1045.206631951 -733.858365097 -6634.251344021 2.09522765633 7.29754051464 -1.12930766070
2023-12-26T05:57:00.000000 -917.172523806 -294.646543600 -6686.567880150 2.17093071269 7.33720746194 -0.61389551784
2023-12-26T05:58:00.000000 -784.895717350 145.927600438 -6707.860791037 2.23659674886 7.34293298417 -0.09558297272
2023-12-26T05:59:00.000000 -648.987730919 585.825834495 -6698.027446209 2.29192346759 7.31468450995 0.42324910487
2023-12-26T06:00:00.000000 -510.076847807 1023.012538541 -6657.108151216 2.33665439781 7.25258092063 0.94021871734
2023-12-26T06:01:00.000000 -368.805354097 1455.463707045 -6585.285972029 2.37057940663 7.15689056079 1.45295008065
2023-12-26T06:02:00.000000 -225.826713982 1881.175948042 -6482.886178591 2.39353629751 7.02803224231 1.95908045840
2023-12-26T06:03:00.000000 -81.802636894 2298.175544391 -6350.375142969 2.40541294776 6.86657728582 2.45627086206
2023-12-26T06:04:00.000000 62.599981397 2704.527640433 -6188.358537244 2.40614840948 6.67324826334 2.94221971851
2023-12-26T06:05:00.000000 206.712109476 3098.345133338 -5997.578690091 2.39573238770 6.44891386918 3.41467467865
2023-12-26T06:06:00.000000 349.865595317 3477.797307357 -5778.911404126 2.37420438957 6.19458412670 3.87144055637
2023-12-26T06:07:00.000000 491.396152571 3841.118215467 -5533.362267884 2.34165390960 5.91140825939 4.31038683022
2023-12-26T06:08:00.000000 630.646389131 4186.615015642 -5262.062541997 2.29822138667 5.60067279509 4.72945793733
2023-12-26T06:09:00.000000 766.968881165 4512.676058248 -4966.264256404 2.24409866392 5.26379690912 5.12668513791
2023-12-26T06:10:00.000000 899.729244613 4817.778655749 -4647.334698411 2.17952838439 4.90232554121 5.50019714688
2023-12-26T06:11:00.000000 1028.309148394 5100.496414589 -4306.750276567 2.10480278549 4.51792251537 5.84822909789
2023-12-26T06:12:00.000000 1152.109301927 5359.506278399 -3946.089742950 2.02026409207 4.11236727816 6.16913604194
2023-12-26T06:13:00.000000 1270.552267613 5593.594917372 -3567.027141047 1.92629834605 3.68753675309 6.46138787662
2023-12-26T06:14:00.000000 1383.085202840 5801.664657479 -3171.324258985 1.82333901162 3.24540746822 6.72359138778
2023-12-26T06:15:00.000000 1489.182597769 5982.739054731 -2760.822309171 1.71186349754 2.78804279094 6.95449310896
2023-12-26T06:16:00.000000 1588.348857064 6135.967860110 -2337.433356795 1.59239105408 2.31758386199 7.15298634264
2023-12-26T06:17:00.000000 1680.120736356 6260.631376681 -1903.131282279 1.46548047457 1.83623981280 7.31811820618
2023-12-26T06:18:00.000000 1764.069645141 6356.144225945 -1459.942360727 1.33172754593 1.34627655731 7.44909617359
2023-12-26T06:19:00.000000 1839.803770292 6422.058364933 -1009.935471381 1.19176203021 0.85000436468 7.54529329380
2023-12-26T06:20:00.000000 1906.970022568 6458.065393572 -555.212055495 1.04624413865 0.34976511586 7.60625160458
2023-12-26T06:21:00.000000 1965.255743236 6463.998056750 -97.895911415 0.89586087815 -0.15207987982 7.63168402996
2023-12-26T06:22:00.000000 2014.390216736 6439.831081809 359.877096578 0.74132267385 -0.65316145761 7.62147563535
2023-12-26T06:23:00.000000 2054.145965430 6385.681265471 815.969399638 0.58336004531 -1.15111451264 7.57568476743
2023-12-26T06:24:00.000000 2084.339860244 6301.806890219 1268.252141298 0.42271977118 -1.64359093853 7.49454328088
2023-12-26T06:25:00.000000 2104.833952646 6188.606269802 1714.615539099 0.26016051700 -2.12827282627 7.37845467553
2023-12-26T06:26:00.000000 2115.536067213 6046.615593943 2152.979079509 0.09644858620 -2.60288448081 7.22799037506
2023-12-26T06:27:00.000000 2116.400133369 5876.506037495 2581.301468387 -0.06764585535 -3.06520308511 7.04388562166
2023-12-26T06:28:00.000000 2107.426321499 5679.080318829 2997.590341748 -0.23135253081 -3.51306927037 6.82703542796
2023-12-26T06:29:00.000000 2088.660916229 5455.268527516 3399.911707182 -0.39390511151 -3.94439807841 6.57848954584
2023-12-26T06:30:00.000000 2060.195967804 5206.123365349 3786.399034789 -0.55454512303 -4.35718932849 6.29944570012
2023-12-26T06:31:00.000000 2022.168711077 4932.814758591 4155.261907718 -0.71252515427 -4.74953654422 5.99124211535
2023-12-26T06:32:00.000000 1974.760827259 4636.624022621 4504.794238983 -0.86711183114 -5.11963520244 5.65535026515
2023-12-26T06:33:00.000000 1918.197487482 4318.937466763 4833.382038486 -1.01758942133 -5.46579112477 5.29336725769
2023-12-26T06:34:00.000000 1852.746174253 3981.239547580 5139.510687170 -1.16326399885 -5.78642825292 4.90700662943
2023-12-26T06:35:00.000000 1778.715256242 3625.105582331 5421.771613527 -1.30346708741 -6.08009440610 4.49808818848
2023-12-26T06:36:00.000000 1696.452382780 3252.194210514 5678.868388192 -1.43755821576 -6.34546531612 4.06852866515
2023-12-26T06:37:00.000000 1606.342738967 2864.239584841 5909.622290826 -1.56492699610 -6.58134878232 3.62033377688
2023-12-26T06:38:00.000000 1508.807170713 2463.043296512 6112.977418418 -1.68499558277 -6.78669001919 3.15559001632
2023-12-26T06:39:00.000000 1404.300149324 2050.465962192 6288.005217163 -1.79722140812 -6.96057716252 2.67645435505
2023-12-26T06:40:00.000000 1293.307584236 1628.418522755 6433.908377183 -1.90109940125 -7.10224494443 2.18514212745
2023-12-26T06:41:00.000000 1176.344528751 1198.853407483 6550.023951047 -1.99616332127 -7.21107564055 1.68391515011
2023-12-26T06:42:00.000000 1053.952824778 763.755703868 6635.825857237 -2.08198666828 -7.28659837318 1.17507213381
2023-12-26T06:43:00.000000 926.698680132 325.134343460 6690.926840246 -2.15818387587 -7.32848906941 0.66094143336
2023-12-26T06:44:00.000000 795.170169935 -114.986736709 6715.080079216 -2.22441203626 -7.33657237971 0.14387378418
2023-12-26T06:45:00.000000 659.974614235 -554.577614333 6708.180222909 -2.28037280503 -7.31082435339 -0.37376737975
2023-12-26T06:46:00.000000 521.735856739 -991.611496547 6670.263812251 -2.32581396768 -7.25137317727 -0.88961791319
2023-12-26T06:47:00.000000 381.091463657 -1424.073798192 6601.508965943 -2.36053043796 -7.15849700436 -1.40132433237
2023-12-26T06:48:00.000000 238.689875760 -1849.971042645 6502.234480133 -2.38436496261 -7.03262095370 -1.90655261495
2023-12-26T06:49:00.000000 95.187513971 -2267.339631700 6372.898378774 -2.39720884435 -6.87431571045 -2.40299592859
2023-12-26T06:50:00.000000 -48.754148111 -2674.254560402 6214.096097224 -2.39900247156 -6.68429685418 -2.88838406719
2023-12-26T06:51:00.000000 -192.471532834 -3068.838052165 6026.557885401 -2.38973519693 -6.46342247776 -3.36049424059
2023-12-26T06:52:00.000000 -335.301876621 -3449.267986228 5811.145712964 -2.36944481218 -6.21268903275 -3.81716058694
2023-12-26T06:53:00.000000 -476.586141261 -3813.786095784 5568.849569271 -2.33821765453 -5.93322803466 -4.25628179382
2023-12-26T06:54:00.000000 -615.671946129 -4160.706003695 5300.783410303 -2.29618970000 -5.62630399962 -4.67582996703
2023-12-26T06:55:00.000000 -751.916586815 -4488.421108041 5008.180352404 -2.24354744153 -5.29331052685 -5.07386235709
2023-12-26T06:56:00.000000 -884.690042022 -4795.412093458 4692.387238775 -2.18052695064 -4.93576219430 -5.44853275574
2023-12-26T06:57:00.000000 -1013.377889802 -5080.253934398 4354.858589192 -2.10741145410 -4.55528565811 -5.79809844087
2023-12-26T06:58:00.000000 -1137.384058045 -5341.622411242 3997.150293935 -2.02452950596 -4.15361448671 -6.12092445128
2023-12-26T06:59:00.000000 -1256.133550596 -5578.300482209 3620.912932153 -1.93225513015 -3.73258709499 -6.41549093277
2023-12-26T07:00:00.000000 -1369.075198498 -5789.184436869 3227.884515692 -1.83100846757 -3.29414135994 -6.68040530025
2023-12-26T07:01:00.000000 -1475.684393272 -5973.289537748 2819.882504993 -1.72125447573 -2.84030270443 -6.91441397250
2023-12-26T07:02:00.000000 -1575.465686751 -6129.754841523 2398.795222332 -1.60349931208 -2.37317015910 -7.11640846824
2023-12-26T07:03:00.000000 -1667.955130860 -6257.847291678 1966.573098736 -1.47828634689 -1.89490637556 -7.28542754179
2023-12-26T07:04:00.000000 -1752.722432130 -6356.965351122 1525.219733970 -1.34619361648 -1.40773131879 -7.42066098264
2023-12-26T07:05:00.000000 -1829.372973090 -6426.642181878 1076.782642239 -1.20783230646 -0.91391396753 -7.52145682785
2023-12-26T07:06:00.000000 -1897.549763508 -6466.548263941 623.343520608 -1.06384471348 -0.41575931330 -7.58732802796
2023-12-26T07:07:00.000000 -1956.935199418 -6476.493071698 167.008276271 -0.91490097101 0.08440633742 -7.61795487836
2023-12-26T07:08:00.000000 -2007.252628584 -6456.425996029 -290.103007496 -0.76169531242 0.58424757933 -7.61318445519
2023-12-26T07:09:00.000000 -2048.267685948 -6406.436555193 -745.866073396 -0.60494267698 1.08142961806 -7.57303040859
2023-12-26T07:10:00.000000 -2079.789449287 -6326.754119091 -1198.162497379 -0.44537551588 1.57362833964 -7.49767397664
2023-12-26T07:11:00.000000 -2101.671378661 -6217.746876884 -1644.889778619 -0.28374023441 2.05854203734 -7.38746451144
2023-12-26T07:12:00.000000 -2113.812035931 -6079.920146483 -2083.971391845 -0.12079302572 2.53390385853 -7.24291814363
2023-12-26T07:13:00.000000 -2116.155534781 -5913.913892636 -2513.366709138 0.04270450194 2.99749374863 -7.06471476123
2023-12-26T07:14:00.000000 -2108.691748910 -5720.499616968 -2931.080707598 0.20598941099 3.44714976905 -6.85369376843
2023-12-26T07:15:00.000000 -2091.456274765 -5500.576511446 -3335.173382765 0.36830101234 3.88077878877 -6.61084880840
2023-12-26T07:16:00.000000 -2064.530203837 -5255.167055098 -3723.768828975 0.52888413548 4.29636621119 -6.33732174680
2023-12-26T07:17:00.000000 -2028.039684063 -4985.412009040 -4095.063940064 0.68699241762 4.69198474731 -6.03439658306
2023-12-26T07:18:00.000000 -1982.155301004 -4692.564960342 -4447.336769369 0.84189182075 5.06580289079 -5.70349331026
2023-12-26T07:19:00.000000 -1927.091216664 -4377.986287597 -4778.954476675 0.99286430884 5.41609348043 -5.34616107588
2023-12-26T07:20:00.000000 -1863.104105769 -4043.136666358 -5088.380849657 1.13921151145 5.74124196584 -4.96407005818
2023-12-26T07:21:00.000000 -1790.491864196 -3689.570071990 -5374.183282657 1.28025815921 6.03975367950 -4.55900237634
2023-12-26T07:22:00.000000 -1709.592138695 -3318.926419628 -5635.039230995 1.41535513005 6.31025995684 -4.13284268652
2023-12-26T07:23:00.000000 -1620.780670137 -2932.923823456 -5869.742064212 1.54388203743 6.55152343158 -3.68756878537
2023-12-26T07:24:00.000000 -1524.469542958 -2533.350742593 -6077.206293490 1.66524820279 6.76243739281 -3.22523925999
2023-12-26T07:25:00.000000 -1421.105226656 -2122.057554747 -6256.472381901 1.77889848164 6.94204512180 -2.74799226794
2023-12-26T07:26:00.000000 -1311.166490683 -1700.947941713 -6406.710969760 1.88431175516 7.08952705819 -2.25802722736
2023-12-26T07:27:00.000000 -1195.162257778 -1271.970419925 -6527.226365268 1.98100428130 7.20420837300 -1.75759951280
2023-12-26T07:28:00.000000 -1073.629300384 -837.109583460 -6617.459688218 2.06853200998 7.28556235884 -1.24901200100
2023-12-26T07:29:00.000000 -947.129782625 -398.377081372 -6676.991394187 2.14649288615 7.33321422717 -0.73460474652
2023-12-26T07:30:00.000000 -816.248686060 42.197559204 -6705.543150217 2.21452868091 7.34694300853 -0.21674251123
2023-12-26T07:31:00.000000 -681.591141198 482.576148750 -6702.978946910 2.27232598991 7.32668027842 0.30219702075
2023-12-26T07:32:00.000000 -543.779726976 920.720899332 -6669.305603726 2.31961684495 7.27250785104 0.81983180017
2023-12-26T07:33:00.000000 -403.451709456 1354.603436202 -6604.672829782 2.35617984776 7.18465786245 1.33378198704
2023-12-26T07:34:00.000000 -261.256196355 1782.213886360 -6509.372848912 2.38184193442 7.06351506998 1.84167878501
2023-12-26T07:35:00.000000 -117.851195697 2201.570050480 -6383.839371757 2.39647975126 6.90961750168 2.34117699856
2023-12-26T07:36:00.000000 26.099386223 2610.726553089 -6228.645788380 2.40001986263 6.72365320002 2.82996776616
2023-12-26T07:37:00.000000 169.928722364 3007.783667091 -6044.502683713 2.39243837314 6.50645534481 3.30578801262
2023-12-26T07:38:00.000000 312.970042440 3390.895940683 -5832.254881730 2.37376111144 6.25899937054 3.76642768762
2023-12-26T07:39:00.000000 454.559634741 3758.280670227 -5592.877987082 2.34406449520 5.98240189258 4.20973859266
2023-12-26T07:40:00.000000 594.039913436 4108.226355714 -5327.474379514 2.30347619508 5.67791840337 4.63364575960
2023-12-26T07:41:00.000000 730.762486826 4439.100857512 -5037.268434670 2.25217502613 5.34693815235 5.03615908156
2023-12-26T07:42:00.000000 864.091213416 4749.359246523 -4723.601137634 2.19039035506 4.99097759883 5.41538347402
2023-12-26T07:43:00.000000 993.405209029 5037.551228181 -4387.924089955 2.11840127167 4.61167379649 5.76952807082
2023-12-26T07:44:00.000000 1118.101848432 5302.328288319 -4031.792859536 2.03653704693 4.21078106117 6.09691990530
2023-12-26T07:45:00.000000 1237.599581186 5542.450178017 -3656.860048363 1.94517070775 3.79015282769 6.39599867777
2023-12-26T07:46:00.000000 1351.340674141 5756.790978142 -3264.867889356 1.84472284690 3.35174498567 6.66533856477
2023-12-26T07:47:00.000000 1458.793969496 5944.344850770 -2857.640043380 1.73565871879 2.89760344724 6.90365225246
2023-12-26T07:48:00.000000 1559.457527579 6104.231183873 -2437.073056840 1.61848633046 2.42985393756 7.10979910951
2023-12-26T07:49:00.000000 1652.861096381 6235.699008784 -2005.127339779 1.49375355256 1.95069072728 7.28279170488
2023-12-26T07:50:00.000000 1738.568417610 6338.130808408 -1563.817836535 1.36204505839 1.46236580996 7.42180055055
2023-12-26T07:51:00.000000 1816.179346525 6411.045639258 -1115.204403075 1.22397975522 0.96717867228 7.52615855221
2023-12-26T07:52:00.000000 1885.331843844 6454.101702978 -661.381939334 1.08020822170 0.46746518216 7.59536575452
2023-12-26T07:53:00.000000 1945.703770261 6467.098118599 -204.470223442 0.93140937675 -0.03441496840 7.62909314959
2023-12-26T07:54:00.000000 1997.014476360 6449.975990530 253.396404087 0.77828655002 -0.53609112192 7.62718463161
2023-12-26T07:55:00.000000 2039.026144590 6402.818660639 710.079449854 0.62156368543 -1.03519401978 7.58965782042
2023-12-26T07:56:00.000000 2071.544926995 6325.851292452 1163.446691945 0.46198170812 -1.52936846988 7.51670421570
2023-12-26T07:57:00.000000 2094.421839894 6219.439595096 1611.382586665 0.30029455647 -2.01628659754 7.40868775809
2023-12-26T07:58:00.000000 2107.553420738 6084.087825677 2051.798511015 0.13726488249 -2.49366028768 7.26614119829
2023-12-26T07:59:00.000000 2110.882122745 5920.436047570 2482.642764941 -0.02633992691 -2.95925176617 7.08976175020
2023-12-26T08:00:00.000000 2104.396499784 5729.256850942 2901.910318076 -0.18975127616 -3.41088364288 6.88040737999
2023-12-26T08:01:00.000000 2088.131166115 5511.451374003 3307.652348470 -0.35220300656 -3.84645004361 6.63909293834
2023-12-26T08:02:00.000000 2062.166529700 5268.044672700 3697.985488773 -0.51293557948 -4.26392827887 6.36698414841
2023-12-26T08:03:00.000000 2026.628263603 5000.180399937 4071.100637256 -0.67120029943 -4.66138899877 6.06538936355
2023-12-26T08:04:00.000000 1981.686546802 4709.114975232 4425.271250848 -0.82626293683 -5.03700413849 5.73575070096
2023-12-26T08:05:00.000000 1927.555100823 4396.211291047 4758.861117107 -0.97740675651 -5.38905363956 5.37963578790
2023-12-26T08:06:00.000000 1864.490054085 4062.932045302 5070.331653279 -1.12393547116 -5.71593187076 4.99872987146
2023-12-26T08:07:00.000000 1792.788619826 3710.832676795 5358.248712643 -1.26517630700 -6.01615387334 4.59482782701
2023-12-26T08:08:00.000000 1712.787601021 3341.553956021 5621.288931170 -1.40048290528 -6.28836148675 4.16982585113
2023-12-26T08:09:00.000000 1624.861724603 2956.814182665 5858.245531329 -1.52923785959 -6.53132947741 3.72571250674
2023-12-26T08:10:00.000000 1529.421833435 2558.401039841 6068.033575233 -1.65085519227 -6.74397120635 3.26455863928
2023-12-26T08:11:00.000000 1426.912914006 2148.163136727 6249.694559369 -1.76478316139 -6.92534286352 2.78850627598
2023-12-26T08:12:00.000000 1317.811959085 1728.001368766 6402.400362312 -1.87050717706 -7.07464573159 2.29975731826
2023-12-26T08:13:00.000000 1202.625662510 1299.860179428 6525.456502885 -1.96755201550 -7.19122690996 1.80056306759
2023-12-26T08:14:00.000000 1081.888025036 865.718807007 6618.304838638 -2.05548286142 -7.27457964331 1.29321520446
2023-12-26T08:15:00.000000 956.157906151 427.582479995 6680.525723519 -2.13390579258 -7.32434450580 0.78003784281
2023-12-26T08:16:00.000000 826.016557607 -12.526478093 6711.839740696 -2.20246875770 -7.34031162093 0.26337909707
2023-12-26T08:17:00.000000 692.065053396 -452.577690318 6712.108823667 -2.26086330871 -7.32242253485 -0.25439905386
2023-12-26T08:18:00.000000 554.921621627 -890.541817694 6681.336764107 -2.30882635107 -7.27077019007 -0.77093190397
2023-12-26T08:19:00.000000 415.218884022 -1324.399603797 6619.669053165 -2.34614133407 -7.18559736293 -1.28386231476
2023-12-26T08:20:00.000000 273.601038567 -1752.150815379 6527.392163747 -2.37263906257 -7.06729505837 -1.79084986558
2023-12-26T08:21:00.000000 130.720997660 -2171.823084188 6404.932239884 -2.38819834744 -6.91640120781 -2.28958017703
2023-12-26T08:22:00.000000 -12.762505061 -2581.480686374 6252.853288729 -2.39274635634 -6.73359847371 -2.77777450903
2023-12-26T08:23:00.000000 -156.187820996 -2979.233115953 6071.854741833 -2.38625883882 -6.51971124299 -3.25319830415
2023-12-26T08:24:00.000000 -298.893324958 -3363.243538032 5862.768595776 -2.36876091798 -6.27570359743 -3.71366911794
2023-12-26T08:25:00.000000 -440.220402662 -3731.737099324 5626.555963855 -2.34032822444 -6.00267791934 -4.15706674006
2023-12-26T08:26:00.000000 -579.516504615 -4083.009176694 5364.303014869 -2.30108683068 -5.70187104494 -4.58134568667
2023-12-26T08:27:00.000000 -716.138106669 -4415.433195141 5077.216114146 -2.25121119521 -5.37464676403 -4.98454583428
2023-12-26T08:28:00.000000 -849.453548090 -4727.468038656 4766.616537214 -2.19092208760 -5.02248875657 -5.36479827211
2023-12-26T08:29:00.000000 -978.845804442 -5017.665107178 4433.934802957 -2.12048696495 -4.64699756109 -5.72033037253
2023-12-26T08:30:00.000000 -1103.715353069 -5284.675311138 4080.704701930 -2.04022195174 -4.24988833774 -6.04947577333
2023-12-26T08:31:00.000000 -1223.483109458 -5527.255734208 3708.556460159 -1.95049193990 -3.83298359475 -6.35068783257
2023-12-26T08:32:00.000000 -1337.593266376 -5744.275731398 3319.209260805 -1.85170739465 -3.39820109292 -6.62254962459
2023-12-26T08:33:00.000000 -1445.515922891 -5934.722307270 2914.463265571 -1.74432055477 -2.94754330629 -6.86377819379
2023-12-26T08:34:00.000000 -1546.749506888 -6097.704985774 2496.191537675 -1.62882368209 -2.48309080601 -7.07322841604
2023-12-26T08:35:00.000000 -1640.823176257 -6232.460307958 2066.331514718 -1.50574859742 -2.00699549504 -7.24990074569
2023-12-26T08:36:00.000000 -1727.299139452 -6338.355803094 1626.876021544 -1.37566471314 -1.52146966063 -7.39294978811
2023-12-26T08:37:00.000000 -1805.774810070 -6414.893231937 1179.863839982 -1.23917529761 -1.02877331756 -7.50168929379
2023-12-26T08:38:00.000000 -1875.884719490 -6461.711109839 727.370099883 -1.09691401689 -0.53120330646 -7.57559455549
2023-12-26T08:39:00.000000 -1937.302275867 -6478.586615015 271.496487795 -0.94954278123 -0.03108306081 -7.61430567237
2023-12-26T08:40:00.000000 -1989.741395575 -6465.436822725 -185.638750872 -0.79774939880 0.46924989671 -7.61763095154
2023-12-26T08:41:00.000000 -2032.957946974 -6422.319144578 -641.910940803 -0.64224375319 0.96745733033 -7.58554754457
2023-12-26T08:42:00.000000 -2066.750938206 -6349.431024940 -1095.199061498 -0.48375316602 1.46121131520 -7.51819994601
2023-12-26T08:43:00.000000 -2090.963433091 -6247.109041707 -1543.395765611 -0.32301822731 1.94820360021 -7.41589951499
2023-12-26T08:44:00.000000 -2105.483240600 -6115.827401468 -1984.417406790 -0.16078923471 2.42615692868 -7.27912473734
2023-12-26T08:45:00.000000 -2110.243391337 -5956.195686002 -2416.214007549 0.00217716517 2.89283832689 -7.10851891950
2023-12-26T08:46:00.000000 -2105.222428982 -5768.955824954 -2836.779011394 0.16512113133 3.34607076728 -6.90488500968
2023-12-26T08:47:00.000000 -2090.444505173 -5554.978462950 -3244.158701181 0.32728273077 3.78374224375 -6.66918087475
2023-12-26T08:48:00.000000 -2065.979279674 -5315.258778108 -3636.461407177 0.48790569561 4.20381548524 -6.40251605875
2023-12-26T08:49:00.000000 -2031.941561545 -5050.911647386 -4011.866445326 0.64624210512 4.60433985515 -6.10614660385
2023-12-26T08:50:00.000000 -1988.490669936 -4763.166106387 -4368.632689409 0.80155690064 4.98346216331 -5.78146600361
2023-12-26T08:51:00.000000 -1935.829556897 -4453.359277891 -4705.106479694 0.95313110412 5.33943353893 -5.42999519283
2023-12-26T08:52:00.000000 -1874.203776644 -4122.929972111 -5019.729056748 1.10026409653 5.67061433779 -5.05337522606
2023-12-26T08:53:00.000000 -1803.900297606 -3773.411928586 -5311.043563203 1.24227632534 5.97548077793 -4.65336155595
2023-12-26T08:54:00.000000 -1725.246148543 -3406.426643301 -5577.701744982 1.37851290201 6.25263327998 -4.23181635043
2023-12-26T08:55:00.000000 -1638.606814354 -3023.675669696 -5818.470003311 1.50834724793 6.50080350760 -3.79069791554
2023-12-26T08:56:00.000000 -1544.384455801 -2626.932618939 -6032.234848854 1.63118389358 6.71885863817 -3.33204957434
2023-12-26T08:57:00.000000 -1443.015974355 -2218.034923546 -6218.007684102 1.74646034991 6.90580400644 -2.85799001824
2023-12-26T08:58:00.000000 -1334.971000854 -1798.875503020 -6374.929099619 1.85364861748 7.06078583997 -2.37070498003
2023-12-26T08:59:00.000000 -1220.749809308 -1371.394347279 -6502.272580449 1.95225545632 7.18308920629 -1.87243749203
2023-12-26T09:00:00.000000 -1100.881034832 -937.569570468 -6599.447853372 2.04182924681 7.27215904828 -1.36548403035
2023-12-26T09:01:00.000000 -975.919222735 -499.408204662 -6666.003582642 2.12195833323 7.32758683127 -0.85217732889
2023-12-26T09:02:00.000000 -846.442322798 -58.937207252 -6701.629234577 2.19227449766 7.34911682329 -0.33487621665
2023-12-26T09:03:00.000000 -713.049048273 381.805669320 -6706.156326613 2.25245390508 7.33664460116 0.18404468235
2023-12-26T09:04:00.000000 -576.356196966 820.780919168 -6679.559134363 2.30221773941 7.29021625544 0.70220239382
2023-12-26T09:05:00.000000 -436.995910615 1255.956363609 -6621.954986294 2.34133359863 7.21003009583 1.21721319039
2023-12-26T09:06:00.000000 -295.612838755 1685.316322782 -6533.603975391 2.36961741119 7.09643856540 1.72670364263
2023-12-26T09:07:00.000000 -152.861187772 2106.870888219 -6414.907977321 2.38693457567 6.94994696211 2.22832374374
2023-12-26T09:08:00.000000 -9.401760895 2518.664935584 -6266.408867847 2.39319980119 6.77120908338 2.71975803477
2023-12-26T09:09:00.000000 134.100989483 2918.786930364 -6088.786231328 2.38837672591 6.56102349894 3.19873326555
2023-12-26T09:10:00.000000 276.981908702 3305.377551016 -5882.854574512 2.37247847154 6.32033242818 3.66302567489
2023-12-26T09:11:00.000000 418.578144647 3676.638322410 -5649.560135759 2.34556886349 6.05022116044 4.11047099591
2023-12-26T09:12:00.000000 558.232215850 4030.840103812 -5389.976903870 2.30776312216 5.75191506095 4.53897657563
2023-12-26T09:13:00.000000 695.295087759 4366.331343347 -5105.301995497 2.25922748478 5.42677386377 4.94653294620
2023-12-26T09:14:00.000000 829.129209413 4681.545936436 -4796.850339568 2.20017828202 5.07628514173 5.33122339932
2023-12-26T09:15:00.000000 959.111490294 4975.010718877 -4466.048887622 2.13088114186 4.70205824923 5.69123248422
2023-12-26T09:16:00.000000 1084.636242268 5245.352597075 -4114.430254834 2.05165039960 4.30581859075 6.02485488274
2023-12-26T09:17:00.000000 1205.118079512 5491.305324927 -3743.625832879 1.96284824372 3.88940093245 6.33050507393
2023-12-26T09:18:00.000000 1319.994745874 5711.715803448 -3355.358304944 1.86488328381 3.45474099733 6.60672692020
2023-12-26T09:19:00.000000 1428.729895446 5905.549958949 -2951.433477199 1.75821012786 3.00386825337 6.85220719660
2023-12-26T09:20:00.000000 1530.815654761 6071.897793121 -2533.731961391 1.64332302129 2.53888796316 7.06576646879
2023-12-26T09:21:00.000000 1625.775078868 6209.977924009 -2104.200502750 1.52075818701 2.06198005347 7.24638090050
2023-12-26T09:22:00.000000 1713.164541484 6319.141648044 -1664.842594830 1.39108970483 1.57538614875 7.39318371542
2023-12-26T09:23:00.000000 1792.575925705 6398.876348301 -1217.708876094 1.25492643053 1.08139797455 7.50547112485
2023-12-26T09:24:00.000000 1863.638609151 6448.808086693 -764.887218512 1.11290896847 0.58234484144 7.58270620841
2023-12-26T09:25:00.000000 1926.021295632 6468.703523064 -308.492648100 0.96570700520 0.08058171229 7.62452117781
2023-12-26T09:26:00.000000 1979.433663179 6458.471078448 149.342876792 0.81401641650 -0.42152212997 7.63071967573
2023-12-26T09:27:00.000000 2023.627842684 6418.161485282 606.480817469 0.65855532658 -0.92159529882 7.60127919926
2023-12-26T09:28:00.000000 2058.399594798 6347.967470118 1060.786527856 0.50005932128 -1.41727784092 7.53635179023
2023-12-26T09:29:00.000000 2083.589229358 6248.222687995 1510.139668709 0.33927698314 -1.90623454621 7.43626186692
2023-12-26T09:30:00.000000 2099.082265559 6119.399853134 1952.444453969 0.17696646824 -2.38616646494 7.30150260564
2023-12-26T09:31:00.000000 2104.809932863 5962.108289524 2385.639661986 0.01389247019 -2.85482130879 7.13273277904
2023-12-26T09:32:00.000000 2100.749444258 5777.090777209 2807.708504498 -0.14917745662 -3.31000438271 6.93077414461
2023-12-26T09:33:00.000000 2086.924042221 5565.219755001 3216.688298887 -0.31147741032 -3.74959067258 6.69660753603
2023-12-26T09:34:00.000000 2063.402753115 5327.492760922 3610.679821333 -0.47224782480 -4.17153685206 6.43136631694
2023-12-26T09:35:00.000000 2030.299884077 5065.027229506 3987.856216978 -0.63073963966 -4.57389145592 6.13632763665
2023-12-26T09:36:00.000000 1987.774282343 4779.054726599 4346.471338708 -0.78621767340 -4.95480247090 5.81290329209
2023-12-26T09:37:00.000000 1936.028425804 4470.914813591 4684.867592408 -0.93796325254 -5.31252327261 5.46263187943
2023-12-26T09:38:00.000000 1875.307352000 4142.048516790 5001.483327169 -1.08527658661 -5.64541899072 5.08717233940
2023-12-26T09:39:00.000000 1805.897457206 3793.991424199 5294.859885524 -1.22747963225 -5.95197439565 4.68829698675
2023-12-26T09:40:00.000000 1728.125074758 3428.366234159 5563.648113046 -1.36391970282 -6.23080193889 4.26788211130
2023-12-26T09:41:00.000000 1642.354847132 3046.874923288 5806.614273756 -1.49397315450 -6.48064757069 3.82789665807
2023-12-26T09:42:00.000000 1548.987885923 2651.290605640 6022.645270899 -1.61704827167 -6.70039392207 3.37039156085
2023-12-26T09:43:00.000000 1448.459798191 2243.449292875 6210.753303401 -1.73258737955 -6.88906291147 2.89749077990
2023-12-26T09:44:00.000000 1341.238579358 1825.241405685 6370.079980592 -1.84006879922 -7.04581928850 2.41138263336
2023-12-26T09:45:00.000000 1227.822396599 1398.603109900 6499.899894527 -1.93900883841 -7.16997406246 1.91430963832
2023-12-26T09:46:00.000000 1108.737256156 965.507469583 6599.623535831 -2.02896336952 -7.26098624061 1.40855766419
2023-12-26T09:47:00.000000 984.534599974 527.955561851 6668.799604542 -2.10952889331 -7.31846331905 0.89644607681
2023-12-26T09:48:00.000000 855.788832917 87.967538064 6707.116742074 -2.18034367149 -7.34216209203 0.38031889451
2023-12-26T09:49:00.000000 723.094771579 -352.426367228 6714.404744609 -2.24108933470 -7.33198978410 -0.13746454496
2023-12-26T09:50:00.000000 587.064992847 -791.194873662 6690.635165913 -2.29149251397 -7.28800432373 -0.65453977636
2023-12-26T09:51:00.000000 448.327097062 -1226.314676789 6635.921336639 -2.33132587241 -7.21041337367 -1.16854713019
2023-12-26T09:52:00.000000 307.520932075 -1655.779394446 6550.517799794 -2.36040861130 -7.09957310643 -1.67714083860
2023-12-26T09:53:00.000000 165.295780646 -2077.608439978 6434.819190357 -2.37860713203 -6.95598718134 -2.17799805690
2023-12-26T09:54:00.000000 22.307499489 -2489.855842222 6289.358597271 -2.38583613256 -6.78030539266 -2.66882841019
2023-12-26T09:55:00.000000 -120.784413449 -2890.618951230 6114.805310965 -2.38205968959 -6.57332158932 -3.14738392288
2023-12-26T09:56:00.000000 -263.319798601 -3278.047004560 5911.961974100 -2.36729166271 -6.33597092497 -3.61146917364
2023-12-26T09:57:00.000000 -404.640812616 -3650.349491412 5681.761120171 -2.34159525519 -6.06932604906 -4.05895139782
2023-12-26T09:58:00.000000 -544.094865625 -4005.804263416 5425.261141399 -2.30508228111 -5.77459211098 -4.48776947922
2023-12-26T09:59:00.000000 -681.037526759 -4342.765333955 5143.641765562 -2.25791297543 -5.45310193054 -4.89594121641
2023-12-26T10:00:00.000000 -814.835447288 -4659.670437537 4838.199103687 -2.20029653480 -5.10631288481 -5.28157076064
2023-12-26T10:01:00.000000 -944.869306152 -4955.048410722 4510.340174415 -2.13249140494 -4.73580400211 -5.64285898911
2023-12-26T10:02:00.000000 -1070.536742871 -5227.526340470 4161.576729011 -2.05480416312 -4.34326982107 -5.97811599998
2023-12-26T10:03:00.000000 -1191.255180341 -5475.836214748 3793.518369711 -1.96758717005 -3.93051029805 -6.28577130816
2023-12-26T10:04:00.000000 -1306.464503432 -5698.820917124 3407.865201687 -1.87123659952 -3.49942069567 -6.56437948178
2023-12-26T10:05:00.000000 -1415.629659815 -5895.439717735 3006.400186877 -1.76619177331 -3.05198465746 -6.81262463849
2023-12-26T10:06:00.000000 -1518.243242680 -6064.773418372 2590.981178830 -1.65293464425 -2.59026824988 -7.02932795245
2023-12-26T10:07:00.000000 -1613.827994920 -6206.029043483 2163.532415543 -1.53198766745 -2.11641079716 -7.21345705654
2023-12-26T10:08:00.000000 -1701.939130803 -6318.543868355 1726.035504472 -1.40391019886 -1.63261266280 -7.36413280683
2023-12-26T10:09:00.000000 -1782.166448595 -6401.788725773 1280.520110005 -1.26929526119 -1.14112389731 -7.48063253153
2023-12-26T10:10:00.000000 -1854.136285383 -6455.370711462 829.054491798 -1.12876748354 -0.64423496841 -7.56239314449
2023-12-26T10:11:00.000000 -1917.513355346 -6479.035321700 373.735795333 -0.98298102094 -0.14426670430 -7.60901609338
2023-12-26T10:12:00.000000 -1972.002425269 -6472.667893930 -83.319975269 -0.83261615011 0.35644256360 -7.62027150675
2023-12-26T10:13:00.000000 -2017.349756853 -6436.294246379 -539.988113148 -0.67837506799 0.85555055535 -7.59609903742
2023-12-26T10:14:00.000000 -2053.344306879 -6370.080554041 -994.145350996 -0.52097817078 1.35072279418 -7.53660671458
2023-12-26T10:15:00.000000 -2079.818723072 -6274.332564258 -1443.679926675 -0.36116095190 1.83964329846 -7.44207026989
2023-12-26T10:16:00.000000 -2096.650153682 -6149.494140084 -1886.501646441 -0.19967061663 2.32002612871 -7.31293246874
2023-12-26T10:17:00.000000 -2103.760832186 -5996.145099343 -2320.551834608 -0.03726215329 2.78962725735 -7.14980062277
2023-12-26T10:18:00.000000 -2101.118427072 -5814.998373494 -2743.813095348 0.12530554502 3.24625524110 -6.95344272353
2023-12-26T10:19:00.000000 -2088.736167975 -5606.896557345 -3154.318838696 0.28727328947 3.68778128484 -6.72478379906
2023-12-26T10:20:00.000000 -2066.672748810 -5372.807815779 -3550.162593651 0.44788547886 4.11215036546 -6.46490188191
2023-12-26T10:21:00.000000 -2035.031983831 -5113.821113021 -3929.507004555 0.60639441215 4.51739264140 -6.17502152961
2023-12-26T10:22:00.000000 -1993.962210021 -4831.140810051 -4290.592370891 0.76206430933 4.90163271384 -5.85650519222
2023-12-26T10:23:00.000000 -1943.655473447 -4526.080787635 -4631.744667840 0.91417443787 5.26309633351 -5.51084503834
2023-12-26T10:24:00.000000 -1884.346548186 -4200.058189126 -4951.383128257 1.06202172030 5.60011684421 -5.13965637997
2023-12-26T10:25:00.000000 -1816.311792324 -3854.586740524 -5248.027429003 1.20492355591 5.91114276770 -4.74467100480
2023-12-26T10:26:00.000000 -1739.867825879 -3491.269606041 -5520.304446635 1.34222106686 6.19474554841 -4.32772882884
2023-12-26T10:27:00.000000 -1655.370006300 -3111.791809418 -5766.954457542 1.47328245893 6.44962605010 -3.89076813571
2023-12-26T10:28:00.000000 -1563.210708190 -2717.912310712 -5986.836729133 1.59750607903 6.67461965049 -3.43581531129
2023-12-26T10:29:00.000000 -1463.817477137 -2311.455969377 -6178.934414745 1.71432147441 6.86869473565 -2.96497205832
2023-12-26T10:30:00.000000 -1357.650994057 -1894.305005452 -6342.359034323 1.82319490132 7.03097144470 -2.48041382860
2023-12-26T10:31:00.000000 -1245.202937605 -1468.390285176 -6476.354393651 1.92362718709 7.16070862389 -1.98437310636
2023-12-26T10:32:00.000000 -1126.993802826 -1035.682733504 -6580.299807979 2.01515729635 7.25731272033 -1.47913367464
2023-12-26T10:33:00.000000 -1003.570536442 -598.184371401 -6653.712924986 2.09736509246 7.32034124367 -0.96701990348
2023-12-26T10:34:00.000000 -875.504012482 -157.919204976 -6696.251756983 2.16987326039 7.34950369869 -0.45038493013
2023-12-26T10:35:00.000000 -743.386443177 283.075858858 -6707.716132688 2.23234805908 7.34466056604 0.06839907137
2023-12-26T10:36:00.000000 -607.828730966 722.760083825 -6688.048565038 2.28450016253 7.30582366613 0.58694828117
2023-12-26T10:37:00.000000 -469.457769386 1159.098034576 -6637.334766248 2.32608653574 7.23315866567 1.10287623310
2023-12-26T10:38:00.000000 -328.913588680 1590.068874082 -6555.803385410 2.35691238267 7.12698613272 1.61380644884
2023-12-26T10:39:00.000000 -186.846448156 2013.675566070 -6443.825044650 2.37683166736 6.98777839831 2.11738526213
2023-12-26T10:40:00.000000 -43.913908765 2427.953871112 -6301.910652952 2.38574662204 6.81615510053 2.61129050479
2023-12-26T10:41:00.000000 99.222043163 2830.981076246 -6130.709369412 2.38360802258 6.61288147921 3.09323788758
2023-12-26T10:42:00.000000 241.897967567 3220.884775572 -5931.006052914 2.37041680739 6.37886898293 3.56098990394
2023-12-26T10:43:00.000000 383.452022464 3595.851603828 -5703.718101317 2.34622543972 6.11517364162 4.01236831900
2023-12-26T10:44:00.000000 523.227058761 3954.135772695 -5449.891518120 2.31113767678 5.82299079358 4.44526625265
2023-12-26T10:45:00.000000 660.573659541 4294.067234863 -5170.696346445 2.26530733909 5.50364901545 4.85765733567
2023-12-26T10:46:00.000000 794.853116822 4614.059539836 -4867.421595882 2.20893751950 5.15860566613 5.24760375820
2023-12-26T10:47:00.000000 925.440385076 4912.617442330 -4541.469657440 2.14228051367 4.78944268351 5.61326567958
2023-12-26T10:48:00.000000 1051.727029820 5188.344205478 -4194.350110578 2.06563769701 4.39786063708 5.95291168243
2023-12-26T10:49:00.000000 1173.124202847 5439.948598169 -3827.672775786 1.97936034061 3.98567428934 6.26493351142
2023-12-26T10:50:00.000000 1289.065446150 5666.251174080 -3443.140470701 1.88384325850 3.55479378814 6.54784074121
2023-12-26T10:51:00.000000 1399.009397895 5866.190056005 -3042.541287054 1.77952779005 3.10722617026 6.80028275845
2023-12-26T10:52:00.000000 1502.442468743 6038.826342942 -2627.740114403 1.66689806814 2.64506242936 7.02105102198
2023-12-26T10:53:00.000000 1598.881355527 6183.348899295 -2200.669944161 1.54647913427 2.17046854548 7.20908543721
2023-12-26T10:54:00.000000 1687.875436900 6299.078561280 -1763.322735917 1.41883502092 1.68567612956 7.36348164687
2023-12-26T10:55:00.000000 1769.009038993 6385.471748147 -1317.739841562 1.28456602948 1.19297065930 7.48349870345
2023-12-26T10:56:00.000000 1841.903500230 6442.123264811 -866.002033840 1.14430497240 0.69467723975 7.56856428233
2023-12-26T10:57:00.000000 1906.219005276 6468.768265508 -410.219317767 0.99871325315 0.19314677665 7.61827605800
2023-12-26T10:58:00.000000 1961.656197653 6465.283442099 47.479252134 0.84847766887 -0.30925524501 7.63240152570
2023-12-26T10:59:00.000000 2007.957624263 6431.687613814 504.955792855 0.69430762648 -0.81015871312 7.61087905498
2023-12-26T11:00:00.000000 2044.908987475 6368.141649042 960.073888131 0.53693179726 -1.30720028994 7.55381978975
2023-12-26T11:01:00.000000 2072.340193222 6274.947706793 1410.709002177 0.37709403824 -1.79803646336 7.46150804169
2023-12-26T11:02:00.000000 2090.126125188 6152.547622973 1854.758801151 0.21554919811 -2.28035659323 7.33439932644
2023-12-26T11:03:00.000000 2098.187191617 6001.520587715 2290.153343462 0.05305914170 -2.75189513446 7.17311712122
2023-12-26T11:04:00.000000 2096.489615872 5822.580057950 2714.865028264 -0.10961130104 -3.21044347131 6.97844880468
2023-12-26T11:05:00.000000 2085.045502199 5616.570032425 3126.918293933 -0.27169853381 -3.65386124459 6.75134032431
2023-12-26T11:06:00.000000 2063.912630021 5384.460616258 3524.398927865 -0.43244411106 -4.08008649079 6.49288978122
2023-12-26T11:07:00.000000 2033.194047845 5127.343058058 3905.463007578 -0.59109819309 -4.48714483665 6.20434074804
2023-12-26T11:08:00.000000 1993.037444549 4846.424200377 4268.345401909 -0.74692294302 -4.87315853333 5.88707522363
2023-12-26T11:09:00.000000 1943.634337336 4543.020450868 4611.367867561 -0.89919614650 -5.23635503194 5.54260551025
2023-12-26T11:10:00.000000 1885.219013348 4218.551223229 4932.946577751 -1.04721474633 -5.57507406263 5.17256536468
2023-12-26T11:11:00.000000 1818.067293832 3874.532041438 5231.599172691 -1.19029792451 -5.88777342613 4.77870166768
2023-12-26T11:12:00.000000 1742.495106210 3512.567258252 5505.951288859 -1.32778986509 -6.17303490153 4.36286668530
2023-12-26T11:13:00.000000 1658.856915328 3134.342454450 5754.742670428 -1.45906250953 -6.42957076647 3.92700950222
2023-12-26T11:14:00.000000 1567.543964514 2741.616396491 5976.832648041 -1.58351825746 -6.65622977474 3.47316583551
2023-12-26T11:15:00.000000 1468.982380821 2336.212723962 6171.205027028 -1.70059239201 -6.85200152951 3.00344704034
2023-12-26T11:16:00.000000 1363.631128558 1920.011389823 6336.972281754 -1.80975522978 -7.01601934449 2.52002946448
2023-12-26T11:17:00.000000 1251.979856804 1494.939999146 6473.379179488 -1.91051415195 -7.14756216018 2.02514434700
2023-12-26T11:18:00.000000 1134.546608770 1062.965011847 6579.805757063 -2.00241548917 -7.24605582495 1.52106819556
2023-12-26T11:19:00.000000 1011.875440287 626.082907174 6655.769778544 -2.08504614205 -7.31107413086 1.01011357311
2023-12-26T11:20:00.000000 884.533937704 186.311264443 6700.928596087 -2.15803495162 -7.34234005559 0.49461995852
2023-12-26T11:21:00.000000 753.110671572 -254.320217373 6715.080520753 -2.22105393946 -7.33972689220 -0.02305591303
2023-12-26T11:22:00.000000 618.212564271 -693.778754813 6698.165522902 -2.27381946980 -7.30325839759 -0.54055003170
2023-12-26T11:23:00.000000 480.462199141 -1130.037485616 6650.265394190 -2.31609334898 -7.23310795619 -1.05550060289
2023-12-26T11:24:00.000000 340.495060568 -1561.084413229 6571.603349797 -2.34768390252 -7.12959762951 -1.56555689028
2023-12-26T11:25:00.000000 198.956713298 -1984.931310880 6462.543085703 -2.36844693716 -6.99319760965 -2.06838844619
2023-12-26T11:26:00.000000 56.499932089 -2399.622582452 6323.587258527 -2.37828638952 -6.82452523632 -2.56169524140
2023-12-26T11:27:00.000000 -86.218196752 -2803.244041584 6155.375368961 -2.37715463677 -6.62434280007 -3.04321793502
2023-12-26T11:28:00.000000 -228.539189071 -3193.931508200 5958.681009351 -2.36505275807 -6.39355446872 -3.51074744720
2023-12-26T11:29:00.000000 -369.806096561 -3569.879226747 5734.408581228 -2.34203094963 -6.13320297682 -3.96213413971
2023-12-26T11:30:00.000000 -509.366464963 -3929.348067705 5483.589436462 -2.30818888673 -5.84446595196 -4.39529726958
2023-12-26T11:31:00.000000 -646.575306548 -4270.673505342 5207.377480024 -2.26367565078 -5.52865143169 -4.80823459823
2023-12-26T11:32:00.000000 -780.798045767 -4592.273275757 4907.044156253 -2.20868914925 -5.18719273123 -5.19903153865
2023-12-26T11:33:00.000000 -911.413426482 -4892.654741290 4583.972942085 -2.14347531272 -4.82164312122 -5.56586978854
2023-12-26T11:34:00.000000 -1037.816369749 -5170.421914177 4239.653300946 -2.06832735599 -4.43367030620 -5.90703588482
2023-12-26T11:35:00.000000 -1159.420792623 -5424.282162105 3875.674154838 -1.98358511323 -4.02505019323 -6.22092999422
2023-12-26T11:36:00.000000 -1275.662379162 -5653.052464260 3493.716774849 -1.88963414029 -3.59765951363 -6.50607480755
2023-12-26T11:37:00.000000 -1386.001281615 -5855.665217315 3095.547182757 -1.78690413750 -3.15346713112 -6.76112404877
2023-12-26T11:38:00.000000 -1489.924698686 -6031.173464905 2683.008054942 -1.67586658990 -2.69452440968 -6.98486981271
2023-12-26T11:39:00.000000 -1586.949309837 -6178.755578323 2258.010247861 -1.55703219422 -2.22295555095 -7.17624838265
2023-12-26T11:40:00.000000 -1676.623558424 -6297.719329863 1822.523983711 -1.43094882532 -1.74094849051 -7.33434538020
2023-12-26T11:41:00.000000 -1758.529837948 -6387.505455069 1378.569728787 -1.29819993490 -1.25074557218 -7.45840140112
2023-12-26T11:42:00.000000 -1832.286557676 -6447.690577965 928.208717624 -1.15940238340 -0.75463262744 -7.54781783335
2023-12-26T11:43:00.000000 -1897.550069451 -6477.989491455 473.533163085 -1.01520306238 -0.25492657593 -7.60216113416
2023-12-26T11:44:00.000000 -1954.016333362 -6478.256614538 16.656285245 -0.86627490972 0.24603680221 -7.62116483920
2023-12-26T11:45:00.000000 -2001.422379205 -6448.486804570 -440.297745517 -0.71331336237 0.74591407118 -7.60473059033
2023-12-26T11:46:00.000000 -2039.547556520 -6388.815455429 -895.203930296 -0.55703332924 1.24236545026 -7.55292924974
2023-12-26T11:47:00.000000 -2068.214621410 -6299.517956609 -1345.946609435 -0.39816591256 1.73306724338 -7.46600120453
2023-12-26T11:48:00.000000 -2087.290580840 -6181.008305080 -1790.429595466 -0.23745451915 2.21572437752 -7.34435467346
2023-12-26T11:49:00.000000 -2096.687315030 -6033.837064741 -2226.586152515 -0.07565077730 2.68808177633 -7.18856262203
2023-12-26T11:50:00.000000 -2096.361946095 -5858.688618666 -2652.388782791 0.08648935716 3.14793493918 -6.99935947611
2023-12-26T11:51:00.000000 -2086.316995076 -5656.377862771 -3065.858806302 0.24820939069 3.59314071319 -6.77763727479
2023-12-26T11:52:00.000000 -2066.600292463 -5427.846162528 -3465.075665965 0.40875595853 4.02162763963 -6.52444047529
2023-12-26T11:53:00.000000 -2037.304694931 -5174.156800960 -3848.185900254 0.56738218416 4.43140505956 -6.24096015813
2023-12-26T11:54:00.000000 -1998.567589956 -4896.489831956 -4213.411772638 0.72335089346 4.82057205576 -5.92852873108
2023-12-26T11:55:00.000000 -1950.570225271 -4596.136449380 -4559.059591453 0.87593822245 5.18732772620 -5.58861374881
2023-12-26T11:56:00.000000 -1893.536777429 -4274.492624797 -4883.527546655 1.02443751302 5.52998122884 -5.22280877689
2023-12-26T11:57:00.000000 -1827.733222833 -3933.052311712 -5185.312946487 1.16816269007 5.84695850575 -4.83282244878
2023-12-26T11:58:00.000000 -1753.466013280 -3573.400287427 -5463.018842894 1.30645081299 6.13680584382 -4.42046959650
2023-12-26T11:59:00.000000 -1671.080627681 -3197.204873369 -5715.360202929 1.43866472335 6.39819419854 -3.98766507837
2023-12-26T12:00:00.000000 -1580.959912527 -2806.210203800 -5941.169722743 1.56419641979 6.62992616673 -3.53641680726
2023-12-26T12:01:00.000000 -1483.522235227 -2402.228135814 -6139.403105070 1.68247039809 6.83094282445 -3.06881519244
2023-12-26T12:02:00.000000 -1379.219501903 -1987.129965119 -6309.143591030 1.79294439853 7.00032205249 -2.58701914596
2023-12-26T12:03:00.000000 -1268.535007134 -1562.837675709 -6449.605970303 1.89511466401 7.13729692713 -2.09325329257
2023-12-26T12:04:00.000000 -1151.981195470 -1131.315019208 -6560.140045722 1.98851357752 7.24124247438 -1.58979171729
2023-12-26T12:05:00.000000 -1030.097391279 -694.558761789 -6640.233361019 2.07271320415 7.31168386103 -1.07895033777
2023-12-26T12:06:00.000000 -903.447350937 -254.589619974 -6689.513412873 2.14732727582 7.34829713740 -0.56307612782
2023-12-26T12:07:00.000000 -772.616725845 186.556762368 -6707.749211533 2.21201243731 7.35090894990 -0.04453826191
2023-12-26T12:08:00.000000 -638.210450777 626.838901447 -6694.852400919 2.26646950262 7.31949815512 0.47427978738
2023-12-26T12:09:00.000000 -500.850044879 1064.218660819 -6650.877785194 2.31044518117 7.25419844103 0.99099083809
2023-12-26T12:10:00.000000 -361.170807063 1496.670597923 -6576.023209373 2.34373357065 7.15529807253 1.50321697021
2023-12-26T12:11:00.000000 -219.818951911 1922.191096522 -6470.628614014 2.36617679496 7.02323599936 2.00860060189
2023-12-26T12:12:00.000000 -77.448716823 2338.807315486 -6335.174613835 2.37766539590 6.85859860196 2.50481181257
2023-12-26T12:13:00.000000 65.280565933 2744.585999244 -6170.280574870 2.37813918878 6.66211961545 2.98955578945
2023-12-26T12:14:00.000000 207.707454348 3137.642363621 -5976.702272910 2.36758808356 6.43468026964 3.46058376196
2023-12-26T12:15:00.000000 349.171404230 3516.148841470 -5755.328696377 2.34605203126 6.17730606064 3.91570519231
2023-12-26T12:16:00.000000 489.015757033 3878.343596631 -5507.178287962 2.31362059140 5.89116157957 4.35279752050
2023-12-26T12:17:00.000000 626.590724097 4222.538735868 -5233.394565137 2.27043330931 5.57754674074 4.76981432475
2023-12-26T12:18:00.000000 761.256414010 4547.128354965 -4935.241341302 2.21668072521 5.23789364618 5.16479552348
2023-12-26T12:19:00.000000 892.385905042 4850.596300321 -4614.097119600 2.15260449218 4.87376082578 5.53587944962
2023-12-26T12:20:00.000000 1019.368273022 5131.523512543 -4271.448887128 2.07849585218 4.48682469880 5.88131315418
2023-12-26T12:21:00.000000 1141.611502761 5388.594857198 -3908.885368498 1.99469349535 4.07887160172 6.19945962047
2023-12-26T12:22:00.000000 1258.545327562 5620.605601931 -3528.089696025 1.90158356930 3.65179481496 6.48880998465
2023-12-26T12:23:00.000000 1369.623907262 5826.467381455 -3130.831912787 1.79959390447 3.20757826637 6.74797791787
2023-12-26T12:24:00.000000 1474.328430098 6005.213640872 -2718.960893671 1.68919730793 2.74829657512 6.97572349620
2023-12-26T12:25:00.000000 1572.169702813 6156.004638956 -2294.395471117 1.57090794231 2.27610049597 7.17095535168
2023-12-26T12:26:00.000000 1662.690569163 6278.131705124 -1859.115379292 1.44527911062 1.79320654433 7.33273607401
2023-12-26T12:27:00.000000 1745.468183087 6371.020880669 -1415.151827292 1.31290074561 1.30188691435 7.46028805805
2023-12-26T12:28:00.000000 1820.116114973 6434.235927594 -964.577743208 1.17439617935 0.80445791338 7.55299916739
2023-12-26T12:29:00.000000 1886.286244365 6467.480587034 -509.497717181 1.03041847479 0.30326736383 7.61042649884
2023-12-26T12:30:00.000000 1943.670441462 6470.600117426 -52.037785579 0.88164703250 -0.19931757643 7.63229847920
2023-12-26T12:31:00.000000 1992.002053932 6443.582082013 405.664909816 0.72878454982 -0.70092249540 7.61851677499
2023-12-26T12:32:00.000000 2031.057208005 6386.556398919 861.472560374 0.57255360475 -1.19917907195 7.56915748060
2023-12-26T12:33:00.000000 2060.655877025 6299.794550949 1313.257126699 0.41369255976 -1.69173885312 7.48446978243
2023-12-26T12:34:00.000000 2080.662707067 6183.708034003 1758.910630194 0.25295139066 -2.17628510913 7.36487245367
2023-12-26T12:35:00.000000 2090.987595580 6038.846146352 2196.355222882 0.09108796743 -2.65054263866 7.21095077742
2023-12-26T12:36:00.000000 2091.586060754 5865.893199774 2623.553128929 -0.07113560245 -3.11228824076 7.02345465529
2023-12-26T12:37:00.000000 2082.459366894 5665.665020001 3038.516416019 -0.23295715668 -3.55936331933 6.80329535691
2023-12-26T12:38:00.000000 2063.654403291 5439.104700229 3439.316529392 -0.39361889063 -3.98968630806 6.55153892875
2023-12-26T12:39:00.000000 2035.263294513 5187.277664797 3824.093298853 -0.55237125324 -4.40126226288 6.26939776621
2023-12-26T12:40:00.000000 1997.422813172 4911.366258450 4191.063508163 -0.70847613404 -4.79219024093 5.95822323339
2023-12-26T12:41:00.000000 1950.313592852 4612.663853319 4538.529018001 -0.86120991415 -5.16067111187 5.61949937532
2023-12-26T12:42:00.000000 1894.159175241 4292.568514532 4864.884553112 -1.00986675967 -5.50501633564 5.25483552070
2023-12-26T12:43:00.000000 1829.224830892 3952.576089315 5168.624915121 -1.15376192656 -5.82365581832 4.86595700059
2023-12-26T12:44:00.000000 1755.816208765 3594.272933664 5448.351672938 -1.29223480449 -6.11514389932 4.45469558238
2023-12-26T12:45:00.000000 1674.277792758 3219.328259594 5702.779256130 -1.42465178044 -6.37816466058 4.02298060767
2023-12-26T12:46:00.000000 1584.991210113 2829.486223899 5930.740571282 -1.55040903776 -6.61153747694 3.57282962546
2023-12-26T12:47:00.000000 1488.373355152 2426.557628547 6131.191945565 -1.66893507122 -6.81422166292 3.10633761979
2023-12-26T12:48:00.000000 1384.874392637 2012.411460074 6303.217458875 -1.77969281366 -6.98531898910 2.62566605212
2023-12-26T12:49:00.000000 1274.975621839 1588.966275035 6446.032620382 -1.88218165338 -7.12407498430 2.13303348580
2023-12-26T12:50:00.000000 1159.187238621 1158.181560379 6558.987572693 -1.97593957572 -7.22988087826 1.63070713003
2023-12-26T12:51:00.000000 1038.045949179 722.048879328 6641.569711016 -2.06054503207 -7.30227626720 1.12099351412
2023-12-26T12:52:00.000000 912.112512564 282.582925706 6693.405743944 -2.13561806375 -7.34095085198 0.60622790781
2023-12-26T12:53:00.000000 781.969213185 -158.187504905 6714.263092370 -2.20082098939 -7.34574456026 0.08876421111
2023-12-26T12:54:00.000000 648.217310268 -598.228500206 6704.050758071 -2.25585954537 -7.31664716097 -0.42903392255
2023-12-26T12:55:00.000000 511.474366174 -1035.510036710 6662.819631266 -2.30048473511 -7.25379839240 -0.94480184606
2023-12-26T12:56:00.000000 372.371482194 -1468.014973482 6590.762268642 -2.33449449321 -7.15748788233 -1.45618378543
2023-12-26T12:57:00.000000 231.550458037 -1893.748015686 6488.212050902 -2.35773434130 -7.02815394102 -1.96084312468
2023-12-26T12:58:00.000000 89.660929437 -2310.744583527 6355.641730905 -2.37009739016 -6.86638170719 -2.45647187904
2023-12-26T12:59:00.000000 -52.642481548 -2717.079565521 6193.661472924 -2.37152465707 -6.67290149758 -2.94079970925
2023-12-26T13:00:00.000000 -194.703076247 -3110.875984440 6003.016280668 -2.36200591645 -6.44858703783 -3.41160371823
2023-12-26T13:01:00.000000 -335.865021135 -3490.313515327 5784.582847451 -2.34158029360 -6.19445231979 -3.86671904629
2023-12-26T13:02:00.000000 -475.476307518 -3853.636763346 5539.365757584 -2.31033609259 -5.91164697844 -4.30404881887
2023-12-26T13:03:00.000000 -612.891687915 -4199.163262563 5268.493161734 -2.26841030042 -5.60145139836 -4.72157270206
2023-12-26T13:04:00.000000 -747.475589283 -4525.291180630 4973.211926281 -2.21598842881 -5.26527240509 -5.11735502986
2023-12-26T13:05:00.000000 -878.605027700 -4830.506785969 4654.882301940 -2.15330453677 -4.90463891833 -5.48955368148
2023-12-26T13:06:00.000000 -1005.672505156 -5113.391601056 4314.972012683 -2.08064076721 -4.52119657729 -5.83642970583
2023-12-26T13:07:00.000000 -1128.088871508 -5372.629241469 3955.049794632 -1.99832613658 -4.11670108949 -6.15635684205
2023-12-26T13:08:00.000000 -1245.286081081 -5607.011766829 3576.778349238 -1.90673495284 -3.69301051412 -6.44783039740
2023-12-26T13:09:00.000000 -1356.719868447 -5815.445583404 3181.906812579 -1.80628526385 -3.25207665037 -6.70947530549
2023-12-26T13:10:00.000000 -1461.872320737 -5996.956775712 2772.262747637 -1.69743731016 -2.79593579861 -6.94005325881
2023-12-26T13:11:00.000000 -1560.254366748 -6150.695921316 2349.743763101 -1.58069172776 -2.32669936295 -7.13846903708
2023-12-26T13:12:00.000000 -1651.408128744 -6275.942290896 1916.308733655 -1.45658738252 -1.84654441308 -7.30377644293
2023-12-26T13:13:00.000000 -1734.909148817 -6372.107508034 1473.968695912 -1.32569891343 -1.35770367195 -7.43518387803
2023-12-26T13:14:00.000000 -1810.368451793 -6438.738545107 1024.777422605 -1.18863412090 -0.86245468523 -7.53205903706
2023-12-26T13:15:00.000000 -1877.434462486 -6475.520111672 570.821755887 -1.04603123913 -0.36310866469 -7.59393250249
2023-12-26T13:16:00.000000 -1935.794735633 -6482.276310623 114.211739031 -0.89855592197 0.13800064948 -7.62050077476
2023-12-26T13:17:00.000000 -1985.177502361 -6458.971665086 -342.929422412 -0.74689769810 0.63852858999 -7.61162892960
2023-12-26T13:18:00.000000 -2025.352979280 -6405.711381433 -798.475518548 -0.59176599216 1.13613196674 -7.56735201991
2023-12-26T13:19:00.000000 -2056.134452306 -6322.740920860 -1250.307539487 -0.43388629211 1.62848145632 -7.48787449420
2023-12-26T13:20:00.000000 -2077.379132990 -6210.444786380 -1696.323775085 -0.27399687754 2.11327311146 -7.37356839040
2023-12-26T13:21:00.000000 -2088.988839659 -6069.344689048 -2134.449823350 -0.11284569642 2.58823944928 -7.22497148607
2023-12-26T13:22:00.000000 -2090.910457600 -5900.096987011 -2562.648456391 0.04881341180 3.05116112265 -7.04278501912
2023-12-26T13:23:00.000000 -2083.136178091 -5703.489480398 -2978.929342798 0.21022515088 3.49987867952 -6.82786964258
2023-12-26T13:24:00.000000 -2065.703441581 -5480.437462192 -3381.358422733 0.37063695487 3.93230296410 -6.58123969465
2023-12-26T13:25:00.000000 -2038.694679625 -5231.979249389 -3768.066967608 0.52930234748 4.34642415861 -6.30405744878
2023-12-26T13:26:00.000000 -2002.236842981 -4959.271114962 -4137.260278190 0.68548404748 4.74032114197 -5.99762778483
2023-12-26T13:27:00.000000 -1956.500765676 -4663.581709431 -4487.226082531 0.83845763530 5.11217168454 -5.66339150865
2023-12-26T13:28:00.000000 -1901.700253860 -4346.285801908 -4816.342400358 0.98751551473 5.46026149556 -5.30291618682
2023-12-26T13:29:00.000000 -1838.090985263 -4008.857630867 -5123.084860869 1.13197014001 5.78299043376 -4.91788620938
2023-12-26T13:30:00.000000 -1765.969224876 -3652.863881084 -5406.033445595 1.27115621132 6.07887703590 -4.51009462495
2023-12-26T13:31:00.000000 -1685.670446396 -3279.956463482 -5663.878819616 1.40443280158 6.34656395468 -4.08143645666
2023-12-26T13:32:00.000000 -1597.567771526 -2891.864820280 -5895.428222525 1.53118627616 6.58482473938 -3.63390124946
2023-12-26T13:33:00.000000 -1502.070236069 -2490.387897709 -6099.610869731 1.65083375177 6.79257018979 -3.16956344130
2023-12-26T13:34:00.000000 -1399.620846893 -2077.385748875 -6275.482712436 1.76282615377 6.96885293715 -2.69057157038
2023-12-26T13:35:00.000000 -1290.694483836 -1654.770943209 -6422.230577367 1.86665049843 7.11287062604 -2.19913750387
2023-12-26T13:36:00.000000 -1175.795675238 -1224.499772389 -6539.175633635 1.96183175455 7.22396831421 -1.69752593800
2023-12-26T13:37:00.000000 -1055.456268992 -788.563368691 -6625.776267417 2.04793461647 7.30163989695 -1.18804423865
2023-12-26T13:38:00.000000 -930.232997767 -348.978737843 -6681.630340353 2.12456507691 7.34552888434 -0.67303322748
2023-12-26T13:39:00.000000 -800.704966718 92.220232480 -6706.476970014 2.19137162681 7.35542966665 -0.15485862144
2023-12-26T13:40:00.000000 -667.471070634 532.991902131 -6700.197725725 2.24804625756 7.33128961329 0.36409826792
2023-12-26T13:41:00.000000 -531.147351008 971.296101615 -6662.817256979 2.29432567409 7.27321044115 0.88145149818
2023-12-26T13:42:00.000000 -392.364266882 1405.103375917 -6594.503215005 2.32999283173 7.18144733315 1.39482186007
2023-12-26T13:43:00.000000 -251.763874457 1832.404127215 -6495.565556568 2.35487844929 7.05640649757 1.90184685691
2023-12-26T13:44:00.000000 -109.996926345 2251.217606467 -6366.455264327 2.36886202787 6.89864319307 2.40018933438
2023-12-26T13:45:00.000000 32.280069257 2659.600832258 -6207.762576484 2.37187228954 6.70886078439 2.88754637808
2023-12-26T13:46:00.000000 174.407812353 3055.657428523 -6020.214617361 2.36388742321 6.48790953942 3.36165937673
2023-12-26T13:47:00.000000 315.727186103 3437.546397221 -5804.672450387 2.34493552872 6.23678410643 3.82032448933
2023-12-26T13:48:00.000000 455.582272729 3803.490656189 -5562.127464379 2.31509517200 5.95662005887 4.26140275973
2023-12-26T13:49:00.000000 593.323387996 4151.785402778 -5293.697193859 2.27449554768 5.64869024774 4.68283024864
2023-12-26T13:50:00.000000 728.310107134 4480.806203464 -5000.620480325 2.22331600211 5.31440049659 5.08262871708
2023-12-26T13:51:00.000000 859.914252005 4789.016839713 -4684.252035517 2.16178528195 4.95528375389 5.45891623859
2023-12-26T13:52:00.000000 987.522837561 5074.976694955 -4346.056348022 2.09018102491 4.57299287126 5.80991672703
2023-12-26T13:53:00.000000 1110.540995316 5337.347735885 -3987.601085287 2.00882937259 4.16929306183 6.13396845395
2023-12-26T13:54:00.000000 1228.394858081 5574.901023856 -3610.549976335 1.91810399194 3.74605438574 6.42953250043
2023-12-26T13:55:00.000000 1340.534354442 5786.522761641 -3216.655183440 1.81842404693 3.30524361558 6.69520127721
2023-12-26T13:56:00.000000 1446.435865636 5971.219849243 -2807.749197062 1.71025160177 2.84891522608 6.92970612057
2023-12-26T13:57:00.000000 1545.604726002 6128.124851717 -2385.736295751 1.59408942977 2.37920230729 7.13192367005
2023-12-26T13:58:00.000000 1637.577618348 6256.500455079 -1952.583642661 1.47047948642 1.89830759751 7.30088229420
2023-12-26T13:59:00.000000 1721.924874846 6355.743338613 -1510.311962755 1.34000122384 1.40849320594 7.43576933441
2023-12-26T14:00:00.000000 1798.252659122 6425.387393721 -1060.985809105 1.20326875023 0.91206781448 7.53593759327
2023-12-26T14:01:00.000000 1866.204919985 6465.106070567 -606.703505497 1.06092692097 0.41137280708 7.60090880128
2023-12-26T14:02:00.000000 1925.465121416 6474.713973479 -149.586979707 0.91364743341 -0.09122991623 7.63037451859
2023-12-26T14:03:00.000000 1975.757751481 6454.167771207 308.228460178 0.76212561178 -0.59336812786 7.62419720972
2023-12-26T14:04:00.000000 2016.849655097 6403.566526485 764.604427091 0.60707740369 -1.09267021954 7.58241270590
2023-12-26T14:05:00.000000 2048.551162546 6323.151235410 1217.409942392 0.44923574546 -1.58677876101 7.50523186125
2023-12-26T14:06:00.000000 2070.716981792 6213.303547813 1664.531895118 0.28934619678 -2.07336515702 7.39303894468
2023-12-26T14:07:00.000000 2083.246821128 6074.543629955 2103.885331094 0.12816254344 -2.55014262909 7.24638727892
2023-12-26T14:08:00.000000 2086.085765961 5907.527332844 2533.423437432 -0.03355710227 -3.01487707890 7.06599434327
2023-12-26T14:09:00.000000 2079.224429896 5713.042713961 2951.147264545 -0.19505377706 -3.46539728885 6.85273717076
2023-12-26T14:10:00.000000 2062.698905575 5492.005963537 3355.115143801 -0.35557106275 -3.89960509434 6.60764719990
2023-12-26T14:11:00.000000 2036.590502969 5245.456719872 3743.451776379 -0.51435865338 -4.31548511097 6.33190436169
2023-12-26T14:12:00.000000 2001.025276108 4974.552837573 4114.356960732 -0.67067621422 -4.71111404062 6.02683074966
2023-12-26T14:13:00.000000 1956.173297086 4680.564569453 4466.113908747 -0.82379737422 -5.08466991724 5.69388347095
2023-12-26T14:14:00.000000 1902.247709306 4364.868230874 4797.097097075 -0.97301335803 -5.43444060297 5.33464604924
2023-12-26T14:15:00.000000 1839.503576933 4028.939391673 5105.779573626 -1.11763598059 -5.75883064842 4.95081919568
2023-12-26T14:16:00.000000 1768.236571661 3674.345706602 5390.739729249 -1.25700045699 -6.05636726018 4.54421214537
2023-12-26T14:17:00.000000 1688.781468915 3302.739354608 5650.667546286 -1.39046859211 -6.32570667784 4.11673382537
2023-12-26T14:18:00.000000 1601.510457492 2915.849119028 5884.370272678 -1.51743195514 -6.56564001069 3.67038227726
2023-12-26T14:19:00.000000 1506.831280088 2515.472183732 6090.777427245 -1.63731414038 -6.77509646104 3.20723340866
2023-12-26T14:20:00.000000 1405.185266717 2103.465805784 6268.945187172 -1.74957220434 -6.95314457309 2.72943194787
2023-12-26T14:21:00.000000 1297.045276312 1681.738889332 6418.060304997 -1.85369849733 -7.09899486030 2.23918446520
2023-12-26T14:22:00.000000 1182.913503151 1252.243331586 6537.443571120 -1.94922329440 -7.21200459700 1.73875062150
2023-12-26T14:23:00.000000 1063.319129463 816.965096303 6626.552644480 -2.03571703325 -7.29168141296 1.23043098234
2023-12-26T14:24:00.000000 938.815879901 377.915165665 6684.984143141 -2.11279113509 -7.33768309743 0.71655489787
2023-12-26T14:25:00.000000 809.979558686 -62.879401889 6712.475086622 -2.18009838569 -7.34981604805 0.19947195515
2023-12-26T14:26:00.000000 677.405527075 -503.384398675 6708.903903443 -2.23733445983 -7.32803587938 -0.31845486443
2023-12-26T14:27:00.000000 541.706057967 -941.567482391 6674.290975666 -2.28424036175 -7.27244944527 -0.83485847771
2023-12-26T14:28:00.000000 403.507558625 -1375.407270177 6608.798548424 -2.32060403828 -7.18331481205 -1.34737945838
2023-12-26T14:29:00.000000 263.447749983 -1802.902331661 6512.729940508 -2.34626052470 -7.06103871503 -1.85367660046
2023-12-26T14:30:00.000000 122.172830783 -2222.080055203 6386.528155212 -2.36109189551 -6.90617449983 -2.35143509979
2023-12-26T14:31:00.000000 -19.665341617 -2631.005398881 6230.774123417 -2.36502803615 -6.71942141434 -2.83837510614
2023-12-26T14:32:00.000000 -161.412171998 -3027.789628416 6046.184236468 -2.35804772790 -6.50162318208 -3.31226219322
2023-12-26T14:33:00.000000 -302.413269253 -3410.598877256 5833.607329956 -2.34017909330 -6.25376431278 -3.77091812760
2023-12-26T14:34:00.000000 -442.017410456 -3777.662460331 5594.020991385 -2.31149947620 -5.97696558612 -4.21223013883
2023-12-26T14:35:00.000000 -579.579481756 -4127.280925156 5328.527417256 -2.27213523585 -5.67248002626 -4.63415958921
2023-12-26T14:36:00.000000 -714.463415340 -4457.833868264 5038.348656372 -2.22226141675 -5.34168884983 -5.03475126299
2023-12-26T14:37:00.000000 -846.045088766 -4767.787484280 4724.821337293 -2.16210101561 -4.98609638646 -5.41214283015
2023-12-26T14:38:00.000000 -973.715177106 -5055.701769483 4389.390804410 -2.09192416424 -4.60732430960 -5.76457380791
2023-12-26T14:39:00.000000 -1096.881962186 -5320.237392716 4033.604766196 -2.01204753080 -4.20710531421 -6.09039440078
2023-12-26T14:40:00.000000 -1214.974104963 -5560.162128736 3659.106373276 -1.92283359194 -3.78727564523 -6.38807428168
2023-12-26T14:41:00.000000 -1327.443357688 -5774.356826964 3267.626818913 -1.82468929441 -3.34976664450 -6.65621036965
2023-12-26T14:42:00.000000 -1433.767179971 -5961.820853309 2860.977480012 -1.71806434028 -2.89659652500 -6.89353374441
2023-12-26T14:43:00.000000 -1533.451252315 -6121.677075073 2441.041669286 -1.60344937465 -2.42986200936 -7.09891704572
2023-12-26T14:44:00.000000 -1626.031867231 -6253.176266135 2009.765900204 -1.48137370889 -1.95172803068 -7.27138206939
2023-12-26T14:45:00.000000 -1711.078159688 -6355.700843090 1569.150769720 -1.35240223735 -1.46441573935 -7.41010494376
2023-12-26T14:46:00.000000 -1788.194147535 -6428.767903749 1121.241604190 -1.21713237351 -0.97019206527 -7.51441846513
2023-12-26T14:47:00.000000 -1857.020612830 -6472.031736864 668.119001564 -1.07619187931 -0.47136168485 -7.58381506190
2023-12-26T14:48:00.000000 -1917.236868695 -6485.285822507 211.889086158 -0.93023699974 0.02974238004 -7.61795277703
2023-12-26T14:49:00.000000 -1968.562382754 -6468.464124095 -245.326621501 -0.77994931374 0.53077287225 -7.61666074125
2023-12-26T14:50:00.000000 -2010.758166439 -6421.641472688 -701.401503708 -0.62603121588 1.02938399098 -7.57993943592
2023-12-26T14:51:00.000000 -2043.627890853 -6345.033096517 -1154.214021807 -0.46920168562 1.52324323398 -7.50795702709
2023-12-26T14:52:00.000000 -2067.018786790 -6238.993567558 -1601.657691630 -0.31019342164 2.01003940945 -7.40104740706
2023-12-26T14:53:00.000000 -2080.822398922 -6104.015261962 -2041.651073631 -0.14975027481 2.48749234433 -7.25971147940
2023-12-26T14:54:00.000000 -2084.975145701 -5940.726094755 -2472.147792380 0.01137649566 2.95336682637 -7.08461705777
2023-12-26T14:55:00.000000 -2079.458627292 -5749.886374438 -2891.146443548 0.17243292406 3.40548708498 -6.87659397269
2023-12-26T14:56:00.000000 -2064.299650265 -5532.384888362 -3296.700081289 0.33266673106 3.84174772192 -6.63662650778
2023-12-26T14:57:00.000000 -2039.570018026 -5289.234437100 -3686.925289029 0.49133093668 4.26012185236 -6.36584693652
2023-12-26T14:58:00.000000 -2005.386103506 -5021.566861223 -4060.010881448 0.64768729599 4.65866948328 -6.06553024733
2023-12-26T14:59:00.000000 -1961.908226994 -4730.627576763 -4414.226317993 0.80100992908 5.03554664805 -5.73708791096
2023-12-26T15:00:00.000000 -1909.339798830 -4417.769537199 -4747.929640377 0.95058882998 5.38901379674 -5.38206014008
2023-12-26T15:01:00.000000 -1847.926277882 -4084.446758786 -5059.574970596 1.09573297406 5.71744309689 -5.00210780040
2023-12-26T15:02:00.000000 -1777.953937553 -3732.207390036 -5347.719484232 1.23577318522 6.01932541007 -4.59900424523
2023-12-26T15:03:00.000000 -1699.748481992 -3362.686410836 -5611.029930148 1.37006495397 6.29327695690 -4.17462644529
2023-12-26T15:04:00.000000 -1613.673474255 -2977.597915680 -5848.288536860 1.49799114130 6.53804497015 -3.73094549158
2023-12-26T15:05:00.000000 -1520.128623868 -2578.727121291 -6058.398392779 1.61896449371 6.75251234665 -3.27001711206
2023-12-26T15:06:00.000000 -1419.547914627 -2167.922090411 -6240.388218917 1.73243004022 6.93570171714 -2.79397228772
2023-12-26T15:07:00.000000 -1312.397605134 -1747.085255353 -6393.416632637 1.83786749153 7.08677890449 -2.30500772256
2023-12-26T15:08:00.000000 -1199.174067144 -1318.164729331 -6516.775776672 1.93479368439 7.20505566210 -1.80537634466
2023-12-26T15:09:00.000000 -1080.401489285 -883.145482184 -6609.894428521 2.02276494982 7.28999212541 -1.29737778764
2023-12-26T15:10:00.000000 -956.629446212 -444.040366091 -6672.340476494 2.10137898052 7.34119907622 -0.78334828459
2023-12-26T15:11:00.000000 -828.430383263 -2.881027729 -6703.822834692 2.17027585723 7.35843938494 -0.26565003646
2023-12-26T15:12:00.000000 -696.397055219 438.291232242 -6704.192660109 2.22913860957 7.34162841041 0.25333893695
2023-12-26T15:13:00.000000 -561.139922555 877.434615042 -6673.444042447 2.27769425014 7.29083416165 0.77123414843
2023-12-26T15:14:00.000000 -423.284463177 1312.515981861 -6611.714074488 2.31571557275 7.20627747935 1.28565430068
2023-12-26T15:15:00.000000 -283.468366901 1741.520022416 -6519.282394461 2.34302286732 7.08833135187 1.79423169156
2023-12-26T15:16:00.000000 -142.338660178 2162.458320946 -6396.570028599 2.35948472181 6.93751907262 2.29462219140
2023-12-26T15:17:00.000000 -0.548797738 2573.378329677 -6244.137732696 2.36501834238 6.75451255050 2.78451417110
2023-12-26T15:18:00.000000 141.244272644 2972.372236549 -6062.683730662 2.35959022964 6.54013131200 3.26163790846
2023-12-26T15:19:00.000000 282.383095106 3357.585801365 -5853.040925019 2.34321706880 6.29534060402 3.72377656279
2023-12-26T15:20:00.000000 422.212729800 3727.226964910 -5616.173349393 2.31596601994 6.02124731459 4.16877720119
2023-12-26T15:21:00.000000 560.083772507 4079.574216496 -5353.172072789 2.27795437914 5.71909524571 4.59456011982
2023-12-26T15:22:00.000000 695.355354052 4412.984677114 -5065.250506085 2.22934934301 5.39026156534 4.99912774352
2023-12-26T15:23:00.000000 827.398133982 4725.902023847 -4753.739208916 2.17036797239 5.03625307701 5.38057544027
2023-12-26T15:24:00.000000 955.597278584 5016.864068846 -4420.079921637 2.10127659103 4.65869956206 5.73710345583
2023-12-26T15:25:00.000000 1079.355376422 5284.509868884 -4065.818968619 2.02238932901 4.25934445287 6.06702669376
2023-12-26T15:26:00.000000 1198.095259127 5527.586273704 -3692.600181096 1.93406660266 3.84003595111 6.36878132849
2023-12-26T15:27:00.000000 1311.262746093 5744.953981020 -3302.157400749 1.83671422783 3.40272035731 6.64093102384
2023-12-26T15:28:00.000000 1418.329352108 5935.593272492 -2896.306658294 1.73078258990 2.94943548423 6.88217532129
2023-12-26T15:29:00.000000 1518.794907907 6098.609210587 -2476.937670679 1.61676482029 2.48230154557 7.09135931382
2023-12-26T15:30:00.000000 1612.190039959 6233.236251818 -2046.004877853 1.49519373157 2.00350914860 7.26748179284
2023-12-26T15:31:00.000000 1698.078448385 6338.842074916 -1605.518048230 1.36663839946 1.51530661205 7.40970001657
2023-12-26T15:32:00.000000 1776.058994054 6414.930715926 -1157.532708968 1.23170144001 1.01998895361 7.51733199466
2023-12-26T15:33:00.000000 1845.767655418 6461.145082221 -704.140417695 1.09101723042 0.51988899432 7.58985920849
2023-12-26T15:34:00.000000 1906.879386126 6477.268969006 -247.458809585 0.94525005477 0.01736804968 7.62693183557
2023-12-26T15:35:00.000000 1959.109804622 6463.228366703 210.378693792 0.79509068986 -0.48519708168 7.62837490748
2023-12-26T15:36:00.000000 2002.216654910 6419.091962820 667.233521083 0.64125123151 -0.98543036960 7.59419103809
2023-12-26T15:37:00.000000 2036.000902720 6345.070574157 1120.972518358 0.48445972438 -1.48097187728 7.52455782572
2023-12-26T15:38:00.000000 2060.307579729 6241.515852171 1569.478323796 0.32545632961 -1.96948917907 7.41982338317
2023-12-26T15:39:00.000000 2075.026413583 6108.918291779 2010.659508297 0.16499067713 -2.44868726389 7.28050368820
2023-12-26T15:40:00.000000 2080.092329668 5947.904717430 2442.460585977 0.00381862076 -2.91632023246 7.10728033511
2023-12-26T15:41:00.000000 2075.485675221 5759.234907378 2862.871817521 -0.15730213725 -3.37020319574 6.90099552683
2023-12-26T15:42:00.000000 2061.232209645 5543.797694081 3269.938648611 -0.31761635863 -3.80822117941 6.66264572160
2023-12-26T15:43:00.000000 2037.402835284 5302.606474854 3661.770843023 -0.47637477071 -4.22833685018 6.39337782259
2023-12-26T15:44:00.000000 2004.113154743 5036.794341559 4036.551417710 -0.63283767477 -4.62860207042 6.09448605526
2023-12-26T15:45:00.000000 1961.522755606 4747.608204658 4392.545276853 -0.78627905440 -5.00717201582 5.76740366762
2023-12-26T15:46:00.000000 1909.834290659 4436.402330940 4728.107134147 -0.93599004138 -5.36231458972 5.41368910531
2023-12-26T15:47:00.000000 1849.292367961 4104.631427893 5041.688697637 -1.08128090519 -5.69241248908 5.03501471600
2023-12-26T15:48:00.000000 1780.182368826 3753.843813646 5331.845266278 -1.22148318062 -5.99596514130 4.63316193847
2023-12-26T15:49:00.000000 1702.829045513 3385.674124413 5597.242234100 -1.35595350088 -6.27159666093 4.21001738814
2023-12-26T15:50:00.000000 1617.594885586 3001.835554866 5836.661083364 -1.48407806116 -6.51806584040 3.76756223716
2023-12-26T15:51:00.000000 1524.878248909 2604.111601487 6049.004669821 -1.60527516314 -6.73427073176 3.30785788229
2023-12-26T15:52:00.000000 1425.111416273 2194.347699575 6233.301628892 -1.71899588381 -6.91924869793 2.83303544122
2023-12-26T15:53:00.000000 1318.758592316 1774.442816361 6388.710417641 -1.82472539944 -7.07217872247 2.34528956335
2023-12-26T15:54:00.000000 1206.313773550 1346.340788792 6514.522870052 -1.92198593686 -7.19238685892 1.84686981898
2023-12-26T15:55:00.000000 1088.298446279 912.021405619 6610.167130032 -2.01033948351 -7.27934926056 1.34006781467
2023-12-26T15:56:00.000000 965.259150102 473.491397925 6675.209791697 -2.08938871984 -7.33269067205 0.82720575229
2023-12-26T15:57:00.000000 837.765039056 32.775602313 6709.357523962 -2.15877744107 -7.35218328438 0.31062949495
2023-12-26T15:58:00.000000 706.405365176 -408.091965906 6712.458298511 -2.21819221620 -7.33774927488 -0.20729828457
2023-12-26T15:59:00.000000 571.786848460 -847.077178084 6684.502073688 -2.26736470066 -7.28946345155 -0.72420919918
2023-12-26T16:00:00.000000 434.530918675 -1282.154971354 6625.620771247 -2.30607281629 -7.20755213707 -1.23774159641
2023-12-26T16:01:00.000000 295.270944634 -1711.318320448 6536.087585199 -2.33414080112 -7.09238996779 -1.74554983464
2023-12-26T16:02:00.000000 154.649436031 -2132.587091409 6416.315748704 -2.35143976436 -6.94449889438 -2.24531159513
2023-12-26T16:03:00.000000 13.315196114 -2544.016903455 6266.856937313 -2.35788920492 -6.76454851654 -2.73473746569
2023-12-26T16:04:00.000000 -128.079626871 -2943.707936675 6088.398891925 -2.35345817349 -6.55335400451 -3.21158303931
2023-12-26T16:05:00.000000 -268.882510224 -3329.813525726 5881.762390821 -2.33816503791 -6.31187106454 -3.67365993786
2023-12-26T16:06:00.000000 -408.443489726 -3700.548431473 5647.897606282 -2.31207644778 -6.04119085479 -4.11884412909
2023-12-26T16:07:00.000000 -546.118027804 -4054.196855766 5387.880045733 -2.27530662932 -5.74253633637 -4.54508338821
2023-12-26T16:08:00.000000 -681.269865311 -4389.120250741 5102.905996672 -2.22801740572 -5.41725898293 -4.95040558645
2023-12-26T16:09:00.000000 -813.273891337 -4703.764917088 4794.287443606 -2.17041851747 -5.06683475820 -5.33292767713
2023-12-26T16:10:00.000000 -941.519016793 -4996.669324615 4463.446441407 -2.10276763189 -4.69285931933 -5.69086524151
2023-12-26T16:11:00.000000 -1065.411033291 -5266.471126811 4111.908897272 -2.02536958306 -4.29704201657 -6.02254260928
2023-12-26T16:12:00.000000 -1184.375402660 -5511.913764863 3741.297758245 -1.93857483641 -3.88119800222 -6.32640255613
2023-12-26T16:13:00.000000 -1297.859939381 -5731.852532792 3353.325645397 -1.84277778819 -3.44723918720 -6.60101418782
2023-12-26T16:14:00.000000 -1405.337404094 -5925.260120057 2949.787079969 -1.73841540266 -2.99716550857 -6.84507938968
2023-12-26T16:15:00.000000 -1506.308018063 -6091.231640730 2532.550322818 -1.62596584982 -2.53305655506 -7.05743924646
2023-12-26T16:16:00.000000 -1600.301884107 -6228.989161681 2103.548839405 -1.50594647504 -2.05706256154 -7.23708058186
2023-12-26T16:17:00.000000 -1686.881255774 -6337.885638333 1664.772361140 -1.37891127576 -1.57139478284 -7.38314172687
2023-12-26T16:18:00.000000 -1765.642668072 -6417.408287812 1218.257643425 -1.24544863841 -1.07831574397 -7.49491781606
2023-12-26T16:19:00.000000 -1836.218938653 -6467.181347003 766.078885056 -1.10617930837 -0.58012861724 -7.57186641341
2023-12-26T16:20:00.000000 -1898.281039758 -6486.968168651 310.337834807 -0.96175362097 -0.07916451393 -7.61361254256
2023-12-26T16:21:00.000000 -1951.539751295 -6476.672452112 -146.846354976 -0.81284754398 0.42223137321 -7.61995105311
2023-12-26T16:22:00.000000 -1995.747071188 -6436.338710217 -603.347311776 -0.66015832570 0.92171248158 -7.59084630000
2023-12-26T16:23:00.000000 -2030.697371347 -6366.152002364 -1057.041589826 -0.50440062669 1.41694187324 -7.52643110534
2023-12-26T16:24:00.000000 -2056.228341792 -6266.437067206 -1505.818736022 -0.34630308608 1.90560301794 -7.42700595320
2023-12-26T16:25:00.000000 -2072.221724411 -6137.656731907 -1947.591329964 -0.18660492624 2.38541097430 -7.29303753781
2023-12-26T16:26:00.000000 -2078.603847287 -5980.409703009 -2380.304876744 -0.02605254859 2.85412328326 -7.12515630630
2023-12-26T16:27:00.000000 -2075.345949747 -5795.427680304 -2801.947555462 0.13460385629 3.30955065362 -6.92415378901
2023-12-26T16:28:00.000000 -2062.464310278 -5583.571860053 -3210.559790655 0.29461405434 3.74956860947 -6.69097930753
2023-12-26T16:29:00.000000 -2040.020114429 -5345.828645217 -3604.243567562 0.45323196343 4.17212954972 -6.42673437790
2023-12-26T16:30:00.000000 -2008.119087166 -5083.304732523 -3981.171331885 0.60971967859 4.57527292006 -6.13266482597
2023-12-26T16:31:00.000000 -1966.910895282 -4797.221632552 -4339.594414592 0.76335076419 4.95713282521 -5.81015302535
2023-12-26T16:32:00.000000 -1916.588379436 -4488.909813120 -4677.851016392 0.91341319319 5.31594524395 -5.46071138897
2023-12-26T16:33:00.000000 -1857.386587370 -4159.802310623 -4994.373820467 1.05921255884 5.65005622160 -5.08597552915
2023-12-26T16:34:00.000000 -1789.581617335 -3811.427901543 -5287.697129295 1.20007551882 5.95792968639 -4.68769562358
2023-12-26T16:35:00.000000 -1713.489252812 -3445.403826611 -5556.463460129 1.33535300315 6.23815355481 -4.26772718630
2023-12-26T16:36:00.000000 -1629.463423132 -3063.428209115 -5799.429604656 1.46442314590 6.48944512426 -3.82802234387
2023-12-26T16:37:00.000000 -1537.894481360 -2667.272103913 -6015.472152401 1.58669405981 6.71065674189 -3.37062060581
2023-12-26T16:38:00.000000 -1439.207335997 -2258.771254222 -6203.592421877 1.70160614208 6.90078047111 -2.89763828180
2023-12-26T16:39:00.000000 -1333.859458610 -1839.817612828 -6362.920753478 1.80863369671 7.05895075265 -2.41125826038
2023-12-26T16:40:00.000000 -1222.338811582 -1412.350749469 -6492.720244990 1.90728652112 7.18444663983 -1.91372152017
2023-12-26T16:41:00.000000 -1105.161645665 -978.349062790 -6592.389987743 1.99711222486 7.27669525641 -1.40731867137
2023-12-26T16:42:00.000000 -982.870153918 -539.820797107 -6661.467737815 2.07769886163 7.33527500030 -0.89437932109
2023-12-26T16:43:00.000000 -856.029984989 -98.794930552 -6699.631905436 2.14867679650 7.35991638801 -0.37726051793
2023-12-26T16:44:00.000000 -725.227669398 342.687941392 -6706.702896883 2.20971966553 7.35050147376 0.14166310599
2023-12-26T16:45:00.000000 -591.067999969 782.584697432 -6682.643908479 2.26054531386 7.30706424242 0.66000795386
2023-12-26T16:46:00.000000 -454.171340679 1218.858842022 -6627.561184398 2.30091704785 7.22979157652 1.17539114486
2023-12-26T16:47:00.000000 -315.170867399 1649.489663450 -6541.703649138 2.33064469302 7.11902275083 1.68544113796
2023-12-26T16:48:00.000000 -174.709750480 2072.481346050 -6425.461945023 2.34958532388 6.97524772305 2.18780719126
2023-12-26T16:49:00.000000 -33.438294903 2485.871960957 -6279.366916212 2.35764430792 6.79910625491 2.68016805827
2023-12-26T16:50:00.000000 107.989002577 2887.742455137 -6104.087544367 2.35477672989 6.59138743038 3.16024239338
2023-12-26T16:51:00.000000 248.916460518 3276.225525868 -5900.428188907 2.34098820553 6.35302695398 3.62580083404
2023-12-26T16:52:00.000000 388.690250189 3649.514307614 -5669.325142916 2.31633453311 6.08510213167 4.07467664693
2023-12-26T16:53:00.000000 526.661375094 4005.870693515 -5411.842611739 2.28092104879 5.78882742166 4.50477405916
2023-12-26T16:54:00.000000 662.188645674 4343.633494187 -5129.168207178 2.23490265537 5.46555163974 4.91407703346
2023-12-26T16:55:00.000000 794.641658213 4661.226374646 -4822.607830428 2.17848412986 5.11675416868 5.30066030456
2023-12-26T16:56:00.000000 923.403790051 4957.165544383 -4493.579902984 2.11191970136 4.74403826982 5.66270057372
2023-12-26T16:57:00.000000 1047.875121256 5230.066907603 -4143.608943978 2.03551179310 4.34912311878 5.99848564618
2023-12-26T16:58:00.000000 1167.475290741 5478.652826258 -3774.318677086 1.94960964082 3.93383653632 6.30642245929
2023-12-26T16:59:00.000000 1281.646259915 5701.758385634 -3387.424612694 1.85460803244 3.50010762676 6.58504567374
2023-12-26T17:00:00.000000 1389.855014799 5898.337267083 -2984.726144619 1.75094588486 3.04995794864 6.83302619589
2023-12-26T17:01:00.000000 1491.596153907 6067.466959566 -2568.098134157 1.63910449511 2.58549180947 7.04917846633
2023-12-26T17:02:00.000000 1586.394377923 6208.353464357 -2139.482104143 1.51960551310 2.10888658040 7.23246720595
2023-12-26T17:03:00.000000 1673.806831503 6320.335332765 -1700.877013251 1.39300847838 1.62238211728 7.38201419774
2023-12-26T17:04:00.000000 1753.425302570 6402.887110642 -1254.329658086 1.25990791906 1.12826872635 7.49710384665
2023-12-26T17:05:00.000000 1824.878222869 6455.621953387 -801.924801390 1.12093042789 0.62887502511 7.57718665311
2023-12-26T17:06:00.000000 1887.832516593 6478.293613648 -345.775120358 0.97673187159 0.12655661329 7.62188212258
2023-12-26T17:07:00.000000 1941.995248879 6470.797663186 111.989025545 0.82799407637 -0.37631606545 7.63098199788
2023-12-26T17:08:00.000000 1987.115079394 6433.172035031 569.230001866 0.67542061160 -0.87737146861 7.60445178782
2023-12-26T17:09:00.000000 2022.983418496 6365.596637100 1023.813276451 0.51973247044 -1.37424994335 7.54242904825
2023-12-26T17:10:00.000000 2049.435375084 6268.392357906 1473.617668605 0.36166455585 -1.86461396036 7.44522093172
2023-12-26T17:11:00.000000 2066.350477141 6142.019392944 1916.545492633 0.20196241026 -2.34615807186 7.31330364979
2023-12-26T17:12:00.000000 2073.653218576 5987.075031767 2350.532701620 0.04137814506 -2.81662173157 7.14732162491
2023-12-26T17:13:00.000000 2071.313297968 5804.290474407 2773.558844336 -0.11933391780 -3.27380306283 6.94808258271
2023-12-26T17:14:00.000000 2059.345662856 5594.527023220 3183.656642814 -0.27942049980 -3.71556932459 6.71655013901
2023-12-26T17:15:00.000000 2037.810348319 5358.771635305 3578.921183929 -0.43813187487 -4.13986465831 6.45383882057
2023-12-26T17:16:00.000000 2006.812194356 5098.132123537 3957.518880127 -0.59472573816 -4.54472003654 6.16121116054
2023-12-26T17:17:00.000000 1966.500207029 4813.831488943 4317.696196267 -0.74847280350 -4.92826608288 5.84007136362
2023-12-26T17:18:00.000000 1917.066636867 4507.201644874 4657.787797110 -0.89866167832 -5.28874363855 5.49195325640
2023-12-26T17:19:00.000000 1858.745811677 4179.676582805 4976.223968753 -1.04460098792 -5.62450873427 5.11850796992
2023-12-26T17:20:00.000000 1791.812931578 3832.785438401 5271.537350193 -1.18562033997 -5.93403566237 4.72149586618
2023-12-26T17:21:00.000000 1716.582725624 3468.145190002 5542.369351727 -1.32107290410 -6.21592260263 4.30278087398
2023-12-26T17:22:00.000000 1633.407920314 3087.453033829 5787.476126123 -1.45033964800 -6.46889877282 3.86432227304
2023-12-26T17:23:00.000000 1542.677461251 2692.478335850 6005.733982227 -1.57283280208 -6.69182970345 3.40816406452
2023-12-26T17:24:00.000000 1444.814576366 2285.054361784 6196.144148956 -1.68799748438 -6.88372074391 2.93642476688
2023-12-26T17:25:00.000000 1340.274772879 1867.069761444 6357.836966288 -1.79531289541 -7.04372092366 2.45128786136
2023-12-26T17:26:00.000000 1229.543733286 1440.459847790 6490.075463713 -1.89429435946 -7.17112623844 1.95499095608
2023-12-26T17:27:00.000000 1113.135080365 1007.197738366 6592.258272981 -1.98449561698 -7.26538018389 1.44981480644
2023-12-26T17:28:00.000000 991.588015499 569.285547126 6663.921945259 -2.06551044904 -7.32607295044 0.93807482514
2023-12-26T17:29:00.000000 865.464882159 128.745542419 6704.742827121 -2.13697393665 -7.35294293523 0.42211420349
2023-12-26T17:30:00.000000 735.348640423 -312.388850357 6714.538465373 -2.19856403171 -7.34588022307 -0.09570540372
2023-12-26T17:31:00.000000 601.840248471 -752.082192507 6693.268359254 -2.25000311674 -7.30492782571 -0.61301608735
2023-12-26T17:32:00.000000 465.555961400 -1188.306171690 6641.033980423 -2.29105899423 -7.23027954006 -1.12745478576
2023-12-26T17:33:00.000000 327.124584640 -1619.048569906 6558.078244632 -2.32154566763 -7.12227778294 -1.63667126203
2023-12-26T17:34:00.000000 187.184670393 -2042.322165946 6444.784481256 -2.34132448692 -6.98141386173 -2.13833644194
2023-12-26T17:35:00.000000 46.381641219 -2456.173694554 6301.674852740 -2.35030517726 -6.80832789962 -2.63015401369
2023-12-26T17:36:00.000000 -94.635118155 -2858.692680759 6129.408004927 -2.34844581597 -6.60380500871 -3.10987290397
2023-12-26T17:37:00.000000 -235.215136287 -3248.019949498 5928.776054105 -2.33575199854 -6.36876926319 -3.57529638082
2023-12-26T17:38:00.000000 -374.709691103 -3622.355824167 5700.701125023 -2.31227643484 -6.10427949109 -4.02428805525
2023-12-26T17:39:00.000000 -512.474648292 -3979.968157234 5446.231559353 -2.27811947939 -5.81152757096 -4.45477862084
2023-12-26T17:40:00.000000 -647.873342802 -4319.200264153 5166.537622597 -2.23342984806 -5.49183654354 -4.86477529559
2023-12-26T17:41:00.000000 -780.279488356 -4638.478684942 4862.906578754 -2.17840472856 -5.14665667072 -5.25237250611
2023-12-26T17:42:00.000000 -909.080073509 -4936.320651744 4536.737144701 -2.11328934541 -4.77755987359 -5.61576232960
2023-12-26T17:43:00.000000 -1033.678224592 -5211.341196822 4189.533329451 -2.03837625039 -4.38623302681 -5.95324452249
2023-12-26T17:44:00.000000 -1153.496014848 -5462.259820648 3822.897699987 -1.95400421732 -3.97446985459 -6.26323581129
2023-12-26T17:45:00.000000 -1267.977191203 -5687.906627635 3438.524112531 -1.86055663662 -3.54416207343 -6.54427743053
2023-12-26T17:46:00.000000 -1376.589799323 -5887.227957296 3038.190059427 -1.75845982957 -3.09729127507 -6.79504124138
2023-12-26T17:47:00.000000 -1478.828716960 -6059.291552474 2623.748636227 -1.64818167909 -2.63592155341 -7.01433625584
2023-12-26T17:48:00.000000 -1574.218109737 -6203.291281663 2197.120105460 -1.53023026490 -2.16219098634 -7.20111636849
2023-12-26T17:49:00.000000 -1662.313783881 -6318.551246073 1760.282952112 -1.40515177545 -1.67830088495 -7.35448773223
2023-12-26T17:50:00.000000 -1742.705385354 -6404.529227739 1315.264586426 -1.27352744782 -1.18650399967 -7.47371412937
2023-12-26T17:51:00.000000 -1815.018397082 -6460.819430713 864.131765812 -1.13597003548 -0.68909334829 -7.55822055111
2023-12-26T17:52:00.000000 -1878.915928903 -6487.154592818 408.980845401 -0.99312045582 -0.18839160078 -7.60759621493
2023-12-26T17:53:00.000000 -1934.100316040 -6483.407419820 -48.072176142 -0.84564484040 0.31326007538 -7.62159731446
2023-12-26T17:54:00.000000 -1980.314547280 -6449.591344654 -504.901727134 -0.69423167543 0.81351403012 -7.60014879579
2023-12-26T17:55:00.000000 -2017.343509494 -6385.860542123 -959.382809806 -0.53958864804 1.31002826983 -7.54334481630
2023-12-26T17:56:00.000000 -2045.015045345 -6292.509256278 -1409.401140235 -0.38243910019 1.80047812748 -7.45144819785
2023-12-26T17:57:00.000000 -2063.200771448 -6169.970400342 -1852.863236953 -0.22351833129 2.28256763568 -7.32488927993
2023-12-26T17:58:00.000000 -2071.816690880 -6018.813498536 -2287.706421574 -0.06356993781 2.75404111926 -7.16426411193
2023-12-26T17:59:00.000000 -2070.823573915 -5839.741897282 -2711.908676561 0.09665794762 3.21269519612 -6.97033152899
2023-12-26T18:00:00.000000 -2060.227121144 -5633.589294478 -3123.498294417 0.25641668897 3.65639063483 -6.74400855074
2023-12-26T18:01:00.000000 -2040.077860340 -5401.315537135 -3520.563178213 0.41496121155 4.08306304993 -6.48636418683
2023-12-26T18:02:00.000000 -2010.470825519 -5144.001863405 -3901.259761793 0.57155365919 4.49073197795 -6.19861263482
2023-12-26T18:03:00.000000 -1971.545019651 -4862.845604099 -4263.821520298 0.72546665086 4.87750906376 -5.88210678922
2023-12-26T18:04:00.000000 -1923.482699166 -4559.154440360 -4606.567107254 0.87598656603 5.24160636797 -5.53833170369
2023-12-26T18:05:00.000000 -1866.508435939 -4234.340098233 -4927.908056500 1.02241694337 5.58134461108 -5.16889707872
2023-12-26T18:06:00.000000 -1800.887996728 -3889.911618669 -5226.356012823 1.16408160517 5.89516048975 -4.77552877199
2023-12-26T18:07:00.000000 -1726.927038396 -3527.468193036 -5500.529439458 1.30032738041 6.18161299052 -4.36006028979
2023-12-26T18:08:00.000000 -1644.969653537 -3148.691666057 -5749.159836730 1.43052695787 6.43938953711 -3.92442433969
2023-12-26T18:09:00.000000 -1555.396712389 -2755.338623101 -5971.097409010 1.55408216767 6.66731199494 -3.47064347261
2023-12-26T18:10:00.000000 -1458.624023472 -2349.232183540 -6165.316147034 1.67042703117 6.86434144183 -3.00081949792
2023-12-26T18:11:00.000000 -1355.100335159 -1932.253539132 -6330.918257604 1.77902974540 7.02958127333 -2.51712293638
2023-12-26T18:12:00.000000 -1245.305250567 -1506.333356502 -6467.138006328 1.87939384632 7.16227965900 -2.02178347608
2023-12-26T18:13:00.000000 -1129.747065574 -1073.442996922 -6573.344984631 1.97105965140 7.26183219264 -1.51708087343
2023-12-26T18:14:00.000000 -1008.960499067 -635.585605815 -6649.046835101 2.05360649217 7.32778416221 -1.00533536797
2023-12-26T18:15:00.000000 -883.504279198 -194.787084433 -6693.891374338 2.12665513640 7.35983184429 -0.48889782614
2023-12-26T18:16:00.000000 -753.958596613 246.912989578 -6707.668159764 2.18986956421 7.35782329872 0.02985995098
2023-12-26T18:17:00.000000 -620.922481995 687.470497024 -6690.309432261 2.24295795329 7.32175912454 0.54855508328
2023-12-26T18:18:00.000000 -485.011133224 1124.845935423 -6641.890487716 2.28567334819 7.25179255859 1.06480371324
2023-12-26T18:19:00.000000 -346.853195871 1557.013557608 -6562.629436170 2.31781453901 7.14822871757 1.57623045710
2023-12-26T18:20:00.000000 -207.087986982 1981.970465108 -6452.886450202 2.33922740763 7.01152413295 2.08047714123
2023-12-26T18:21:00.000000 -66.362615583 2397.745702473 -6313.162428855 2.34980651216 6.84228705763 2.57521266297
2023-12-26T18:22:00.000000 74.670973072 2802.409346562 -6144.097026189 2.34949620302 6.64127650403 3.05814512171
2023-12-26T18:23:00.000000 215.358992882 3194.081433702 -5946.465925931 2.33829074392 6.40939816716 3.52703400739
2023-12-26T18:24:00.000000 355.048800476 3570.940615189 -5721.177459590 2.31623385129 6.14769896262 3.97969943185
2023-12-26T18:25:00.000000 493.091854606 3931.232492039 -5469.268754709 2.28341861074 5.85736348861 4.41402936048
2023-12-26T18:26:00.000000 628.846693160 4273.277835420 -5191.901410312 2.23998796234 5.53971229191 4.82798859901
2023-12-26T18:27:00.000000 761.681929871 4595.480628903 -4890.356531816 2.18613494104 5.19619832770 5.21963076475
2023-12-26T18:28:00.000000 890.979254671 4896.335861666 -4566.029048278 2.12210199834 4.82839982582 5.58711005862
2023-12-26T18:29:00.000000 1016.136350943 5174.436743722 -4220.421383694 2.04817969953 4.43801187540 5.92869026023
2023-12-26T18:30:00.000000 1136.569750084 5428.481528218 -3855.136666925 1.96470547516 4.02683931389 6.24275217689
2023-12-26T18:31:00.000000 1251.717603751 5657.279868563 -3471.871455778 1.87206250281 3.59679015974 6.52780195480
2023-12-26T18:32:00.000000 1361.042399985 5859.758817694 -3072.407960983 1.77067846952 3.14986749401 6.78248001208
2023-12-26T18:33:00.000000 1464.033585724 6034.968212596 -2658.605735064 1.66102412421 2.68815968002 7.00556897829
2023-12-26T18:34:00.000000 1560.210103675 6182.085505083 -2232.392934206 1.54361148119 2.21383020151 7.19600062133
2023-12-26T18:35:00.000000 1649.122787548 6300.419931936 -1795.757163520 1.41899118456 1.72910714979 7.35286253425
2023-12-26T18:36:00.000000 1730.356585807 6389.416086357 -1350.735948733 1.28774896772 1.23627174436 7.47540403896
2023-12-26T18:37:00.000000 1803.532550451 6448.656719066 -899.406896654 1.15050210289 0.73764632415 7.56304027297
2023-12-26T18:38:00.000000 1868.309651027 6477.864869904 -443.877659740 1.00789671011 0.23558259972 7.61535501107
2023-12-26T18:39:00.000000 1924.386423109 6476.905244153 13.724258642 0.86060541132 -0.26755044447 7.63210321159
2023-12-26T18:40:00.000000 1971.502486348 6445.784897945 471.261833380 0.70932409924 -0.76937958559 7.61321255929
2023-12-26T18:41:00.000000 2009.439800836 6384.653077206 926.598870592 0.55476760783 -1.26754004223 7.55878284327
2023-12-26T18:42:00.000000 2038.023678582 6293.800399679 1377.610286516 0.39766540421 -1.75968629637 7.46908434677
2023-12-26T18:43:00.000000 2057.123541105 6173.657353587 1822.192307792 0.23875800201 -2.24350253530 7.34455726243
2023-12-26T18:44:00.000000 2066.653494832 6024.792197749 2258.272664444 0.07879357601 -2.71671540074 7.18581105499
2023-12-26T18:45:00.000000 2066.572670775 5847.907946240 2683.820642828 -0.08147576563 -3.17710835972 6.99362048647
2023-12-26T18:46:00.000000 2056.885354562 5643.838601768 3096.856784482 -0.24129767239 -3.62253367091 6.76891803059
2023-12-26T18:47:00.000000 2037.640889628 5413.544740114 3495.462131543 -0.39992288308 -4.05092024984 6.51278675873
2023-12-26T18:48:00.000000 2008.933397709 5158.108749761 3877.787113971 -0.55660898472 -4.46028092038 6.22645614750
2023-12-26T18:49:00.000000 1970.901218440 4878.729477493 4242.060233088 -0.71062527716 -4.84872266567 5.91129815908
2023-12-26T18:50:00.000000 1923.726052501 4576.716224833 4586.596389622 -0.86125787172 -5.21445856336 5.56881910330
2023-12-26T18:51:00.000000 1867.631834783 4253.482082099 4909.804600900 -1.00781316992 -5.55581690866 5.20064758153
2023-12-26T18:52:00.000000 1802.883470306 3910.536862600 5210.194968098 -1.14961929339 -5.87124597922 4.80852290010
2023-12-26T18:53:00.000000 1729.785503337 3549.479805407 5486.385061271 -1.28602704952 -6.15931725630 4.39428708768
2023-12-26T18:54:00.000000 1648.680695245 3171.992044931 5737.105910890 -1.41641221179 -6.41873037157 3.95987879744
2023-12-26T18:55:00.000000 1559.948422821 2779.828727398 5961.207565074 -1.54017920280 -6.64831985066 3.50732542086
2023-12-26T18:56:00.000000 1464.002840921 2374.810722794 6157.664116942 -1.65676486943 -6.84706114407 3.03873205754
2023-12-26T18:57:00.000000 1361.290849499 1958.816058725 6325.577982172 -1.76564119259 -7.01407377359 2.55626911504
2023-12-26T18:58:00.000000 1252.289936218 1533.771258704 6464.183488651 -1.86631688232 -7.14862184682 2.06216151464
2023-12-26T18:59:00.000000 1137.505930259 1101.642647375 6572.849874407 -1.95833857640 -7.25011436889 1.55868066591
2023-12-26T19:00:00.000000 1017.470693881 664.427622644 6651.083894897 -2.04129227141 -7.31810744297 1.04813723782
2023-12-26T19:01:00.000000 892.739705545 224.145710812 6698.531892547 -2.11480496645 -7.35230773125 0.53287193323
2023-12-26T19:02:00.000000 763.889558400 -217.170532041 6714.981267975 -2.17854611396 -7.35257446816 0.01524387758
2023-12-26T19:03:00.000000 631.515372815 -657.484673043 6700.361232564 -2.23222876868 -7.31891872183 -0.50238058804
2023-12-26T19:04:00.000000 496.228149647 -1094.765455200 6654.742964548 -2.27561081974 -7.25150187910 -1.01763704380
2023-12-26T19:05:00.000000 358.652033945 -1526.995803722 6578.339239957 -2.30849648096 -7.15063529666 -1.52817156859
2023-12-26T19:06:00.000000 219.421499780 -1952.181821253 6471.503495514 -2.33073730554 -7.01678002740 -2.03165126469
2023-12-26T19:07:00.000000 79.178511316 -2368.361701743 6334.728220986 -2.34223196546 -6.85054425131 -2.52577570591
2023-12-26T19:08:00.000000 -61.430278825 -2773.614444195 6168.642722502 -2.34292532525 -6.65267890441 -3.00828608730
2023-12-26T19:09:00.000000 -201.756289954 -3166.068298200 5974.010420423 -2.33280837656 -6.42407456650 -3.47697181315
2023-12-26T19:10:00.000000 -341.151816798 -3543.909109531 5751.725744665 -2.31191965087 -6.16576048499 -3.92967790159
2023-12-26T19:11:00.000000 -478.972935689 -3905.388600541 5502.810495798 -2.28034697595 -5.87890305094 -4.36431540198
2023-12-26T19:12:00.000000 -614.582495838 -4248.832503395 5228.409552123 -2.23822809278 -5.56480141057 -4.77887286758
2023-12-26T19:13:00.000000 -747.353091749 -4572.648322543 4929.785899180 -2.18575006518 -5.22488142801 -5.17142615430
2023-12-26T19:14:00.000000 -876.669999563 -4875.332775033 4608.315136128 -2.12314839888 -4.86069016246 -5.54014700662
2023-12-26T19:15:00.000000 -1001.934056777 -5155.478898975 4265.479445774 -2.05070613473 -4.47389038328 -5.88331232023
2023-12-26T19:16:00.000000 -1122.564476536 -5411.782805811 3902.861013069 -1.96875239932 -4.06625333283 -6.19931377604
2023-12-26T19:17:00.000000 -1238.001550940 -5643.049914574 3522.134866518 -1.87766037718 -3.63965011307 -6.48666583293
2023-12-26T19:18:00.000000 -1347.709238040 -5848.200702003 3125.061323841 -1.77784551478 -3.19604366159 -6.74401209122
2023-12-26T19:19:00.000000 -1451.177660764 -6026.275988002 2713.478038169 -1.66976439622 -2.73748145736 -6.97013202713
2023-12-26T19:20:00.000000 -1547.925546722 -6176.441783008 2289.291640162 -1.55391362688 -2.26608689978 -7.16394883602
2023-12-26T19:21:00.000000 -1637.502572518 -6297.993503347 1854.468863988 -1.43082785674 -1.78404849539 -7.32453651773
2023-12-26T19:22:00.000000 -1719.491566259 -6390.359543424 1411.027355281 -1.30107698613 -1.29360843587 -7.45112479195
2023-12-26T19:23:00.000000 -1793.510533294 -6453.104168744 961.026205178 -1.16526322708 -0.79705213704 -7.54310271483
2023-12-26T19:24:00.000000 -1859.214512493 -6485.929826816 506.556302416 -1.02401833039 -0.29669805706 -7.60002244263
2023-12-26T19:25:00.000000 -1916.297263764 -6488.678778728 49.730410359 -0.87800076805 0.20511353661 -7.62160289349
2023-12-26T19:26:00.000000 -1964.492780508 -6461.334052795 -407.326906831 -0.72789262193 0.70603285337 -7.60773214292
2023-12-26T19:27:00.000000 -2003.576601742 -6404.019630508 -862.489472604 -0.57439619007 1.20371297746 -7.55846836178
2023-12-26T19:28:00.000000 -2033.366924901 -6316.999929760 -1313.639700990 -0.41823030586 1.69582216721 -7.47403973232
2023-12-26T19:29:00.000000 -2053.725471734 -6200.678497903 -1758.678771862 -0.26012637550 2.18005629354 -7.35484320080
2023-12-26T19:30:00.000000 -2064.558125993 -6055.596000375 -2195.536675468 -0.10082436235 2.65415096346 -7.20144157822
2023-12-26T19:31:00.000000 -2065.815328388 -5882.427485233 -2622.182045993 0.05893095306 3.11589253360 -7.01455944873
2023-12-26T19:32:00.000000 -2057.492268570 -5681.979060119 -3036.631737226 0.21839345057 3.56312813487 -6.79507883963
2023-12-26T19:33:00.000000 -2039.628853138 -5455.183926265 -3436.960140426 0.37681920009 3.99377555115 -6.54403486140
2023-12-26T19:34:00.000000 -2012.309466504 -5203.097849708 -3821.308220971 0.53347021462 4.40583331141 -6.26261053814
2023-12-26T19:35:00.000000 -1975.662496457 -4926.894006991 -4187.892199207 0.68761822286 4.79739050627 -5.95213038453
2023-12-26T19:36:00.000000 -1929.859650504 -4627.857296157 -4535.011836156 0.83854820563 5.16663582640 -5.61405297027
2023-12-26T19:37:00.000000 -1875.115055466 -4307.378092979 -4861.058223043 0.98556164857 5.51186570389 -5.24996285243
2023-12-26T19:38:00.000000 -1811.684179158 -3966.945577115 -5164.521094610 1.12797955598 5.83149145459 -4.86156208559
2023-12-26T19:39:00.000000 -1739.862569742 -3608.140638566 -5443.995614321 1.26514525730 6.12404544668 -4.45066171818
2023-12-26T19:40:00.000000 -1659.984442353 -3232.628462262 -5698.188680864 1.39642714786 6.38818683456 -4.01917352896
2023-12-26T19:41:00.000000 -1572.421081749 -2842.150726093 -5925.924705737 1.52122158424 6.62270745689 -3.56910150133
2023-12-26T19:42:00.000000 -1477.579077195 -2438.517473772 -6126.150866607 1.63895591542 6.82653754442 -3.10253201030
2023-12-26T19:43:00.000000 -1375.898376534 -2023.598669595 -6297.941710750 1.74909120670 6.99875002855 -2.62162270276
2023-12-26T19:44:00.000000 -1267.850202369 -1599.315560559 -6440.503115688 1.85112421362 7.13856285974 -2.12859145347
2023-12-26T19:45:00.000000 -1153.934866173 -1167.631932765 -6553.175587433 1.94458872630 7.24534029625 -1.62570675426
2023-12-26T19:46:00.000000 -1034.679509794 -730.545288707 -6635.437052938 2.02905687765 7.31859457003 -1.11527930621
2023-12-26T19:47:00.000000 -910.635752646 -290.077898751 -6686.905118527 2.10414084573 7.35798820759 -0.59965333625
2023-12-26T19:48:00.000000 -782.377237844 151.732275809 -6707.338827154 2.16949475599 7.36333589807 -0.08119670505
2023-12-26T19:49:00.000000 -650.497059057 592.840734974 -6696.639728992 2.22481629454 7.33460494008 0.43770948853
2023-12-26T19:50:00.000000 -515.605111826 1031.205582537 -6654.852398493 2.26984793852 7.27191479357 0.95468056847
2023-12-26T19:51:00.000000 -378.325366785 1464.796656153 -6582.164360620 2.30437815295 7.17553705848 1.46733718384
2023-12-26T19:52:00.000000 -239.293077346 1891.604664648 -6478.905527190 2.32824275700 7.04589614024 1.97331494568
2023-12-26T19:53:00.000000 -99.151893894 2309.650371742 -6345.546933012 2.34132609235 6.88356917606 2.47027567090
2023-12-26T19:54:00.000000 41.449063025 2716.993699431 -6182.698825495 2.34356156172 6.68928378609 2.95591919554
2023-12-26T19:55:00.000000 181.858154438 3111.742645891 -5991.108045011 2.33493173145 6.46391414880 3.42799388380
2023-12-26T19:56:00.000000 321.424170924 3492.061955678 -5771.654859252 2.31546853869 6.20847708907 3.88430569196
2023-12-26T19:57:00.000000 459.499311561 3856.181582334 -5525.349217644 2.28525362156 5.92412887536 4.32272725161
2023-12-26T19:58:00.000000 595.442162527 4202.404955923 -5253.326470018 2.24441819742 5.61216171828 4.74120771735
2023-12-26T19:59:00.000000 728.620656418 4529.116999623 -4956.842467730 2.19314245440 5.27399932090 5.13778258595
2023-12-26T20:00:00.000000 858.414995010 4834.791890889 -4637.268116829 2.13165523183 4.91119187610 5.51058305788
2023-12-26T20:01:00.000000 984.220577649 5118.000470555 -4296.083330041 2.06023430925 4.52541052948 5.85784594764
2023-12-26T20:02:00.000000 1105.450936861 5377.417302352 -3934.870375251 1.97920619225 4.11844003795 6.17792446074
2023-12-26T20:03:00.000000 1221.540614194 5611.827208984 -3555.306582656 1.88894421631 3.69216936160 6.46929805059
2023-12-26T20:04:00.000000 1331.947882117 5820.131234596 -3159.156540512 1.78986559437 3.24858202667 6.73057971429
2023-12-26T20:05:00.000000 1436.157303491 6001.352063430 -2748.263903287 1.68242926795 2.78974793503 6.96052196760
2023-12-26T20:06:00.000000 1533.682210400 6154.638971240 -2324.542811430 1.56713504951 2.31781529127 7.15802401624
2023-12-26T20:07:00.000000 1624.067116972 6279.272210831 -1889.968851165 1.44452236015 1.83500000615 7.32213990148
2023-12-26T20:08:00.000000 1706.890020777 6374.666703675 -1446.569551687 1.31516712964 1.34357275472 7.45208486938
2023-12-26T20:09:00.000000 1781.764465873 6440.374937862 -996.414602971 1.17967759554 0.84584652193 7.54723860819
2023-12-26T20:10:00.000000 1848.341371889 6476.089191250 -541.605932471 1.03869089401 0.34416618264 7.60714728837
2023-12-26T20:11:00.000000 1906.310690964 6481.643125325 -84.267632844 0.89287083799 -0.15910169536 7.63152649619
2023-12-26T20:12:00.000000 1955.402952957 6457.012759049 373.464305673 0.74290553404 -0.66158107926 7.62026445523
2023-12-26T20:13:00.000000 1995.390613150 6402.316605823 829.452406542 0.58950371228 -1.16090044628 7.57342340940
2023-12-26T20:14:00.000000 2026.089158838 6317.814995672 1281.568123155 0.43339028919 -1.65470639233 7.49123846202
2023-12-26T20:15:00.000000 2047.357951386 6203.908604016 1727.702139960 0.27530230029 -2.14067555930 7.37411502215
2023-12-26T20:16:00.000000 2059.100852238 6061.136347753 2165.774506801 0.11598536453 -2.61652541362 7.22262613895
2023-12-26T20:17:00.000000 2061.266624843 5890.172597249 2593.744621906 -0.04381005677 -3.08002518203 7.03750993831
2023-12-26T20:18:00.000000 2053.849097176 5691.823719330 3009.621041736 -0.20333303230 -3.52900785151 6.81966600721
2023-12-26T20:19:00.000000 2036.887055842 5467.023873818 3411.470989235 -0.36183651782 -3.96138252503 6.57014923900
2023-12-26T20:20:00.000000 2010.463905701 5216.830123245 3797.429434397 -0.51858079162 -4.37514496402 6.29016131777
2023-12-26T20:21:00.000000 1974.707149446 4942.416991127 4165.707635256 -0.67283605111 -4.76838501948 5.98104231425
2023-12-26T20:22:00.000000 1929.787709834 4645.070640252 4514.601255688 -0.82388536659 -5.13929274549 5.64426463656
2023-12-26T20:23:00.000000 1875.919037153 4326.182624366 4842.498133350 -0.97102882664 -5.48616633894 5.28142791364
2023-12-26T20:24:00.000000 1813.355951164 3987.243121195 5147.885731403 -1.11358808869 -5.80742203823 4.89425118848
2023-12-26T20:25:00.000000 1742.393235942 3629.833566695 5429.357946716 -1.25090972731 -6.10160267946 4.48456126346
2023-12-26T20:26:00.000000 1663.364090810 3255.618906404 5685.621208992 -1.38236699980 -6.36738254843 4.05428039618
2023-12-26T20:27:00.000000 1576.638475963 2866.339602559 5915.499882320 -1.50736133254 -6.60356999083 3.60541645429
2023-12-26T20:28:00.000000 1482.621371447 2463.803541521 6117.941181757 -1.62532470794 -6.80911031803 3.14005482202
2023-12-26T20:29:00.000000 1381.750845032 2049.877686836 6292.019554670 -1.73572253916 -6.98308924313 2.66034995867
2023-12-26T20:30:00.000000 1274.495979882 1626.479576444 6436.940568874 -1.83805600311 -7.12473589199 2.16851628323
2023-12-26T20:31:00.000000 1161.354666303 1195.568618159 6552.044213373 -1.93186372957 -7.23342567011 1.66681912346
2023-12-26T20:32:00.000000 1042.851318613 759.137236411 6636.807701355 -2.01672346426 -7.30868343670 1.15756496186
2023-12-26T20:33:00.000000 919.534466408 319.201814917 6690.847582043 -2.09225377505 -7.35018572170 0.64309018429
2023-12-26T20:34:00.000000 791.974270458 -122.206401181 6713.921207837 -2.15811530476 -7.35776062379 0.12574982618
2023-12-26T20:35:00.000000 660.759963557 -563.050380638 6705.927543639 -2.21401170303 -7.33138675263 -0.39209165026
2023-12-26T20:36:00.000000 526.497241935 -1001.296318403 6666.907504572 -2.25969085725 -7.27119332464 -0.90806878069
2023-12-26T20:37:00.000000 389.805565160 -1434.922695226 6597.043716535 -2.29494633186 -7.17746064332 -1.41982529273
2023-12-26T20:38:00.000000 251.315387725 -1861.929301788 6496.659614781 -2.31961810253 -7.05061817341 -1.92502555696
2023-12-26T20:39:00.000000 111.665372567 -2280.346075276 6366.217912552 -2.33359244054 -6.89124041453 -2.42136387403
2023-12-26T20:40:00.000000 -28.500379414 -2688.241684016 6206.318605710 -2.33680205672 -6.70004398147 -2.90657082197
2023-12-26T20:41:00.000000 -168.535153472 -3083.732058725 6017.696600987 -2.32922728272 -6.47788761706 -3.37842021378
2023-12-26T20:42:00.000000 -307.792520115 -3464.988928950 5801.218823470 -2.31089746076 -6.22577231434 -3.83473962948
2023-12-26T20:43:00.000000 -445.629290140 -3830.248274507 5557.880618180 -2.28189132184 -5.94483833882 -4.27342297705
2023-12-26T20:44:00.000000 -581.408468953 -4177.818544842 5288.801417560 -2.24233632637 -5.63635950743 -4.69244164094
2023-12-26T20:45:00.000000 -714.502148133 -4506.088461337 4995.219819852 -2.19240785526 -5.30173704715 -5.08985352207
2023-12-26T20:46:00.000000 -844.294366585 -4813.534502566 4678.488146042 -2.13232866380 -4.94249391931 -5.46381138334
2023-12-26T20:47:00.000000 -970.183934150 -5098.728019432 4340.066486613 -2.06236832116 -4.56026879859 -5.81257134146
2023-12-26T20:48:00.000000 -1091.587223115 -5360.342000317 3981.516267823 -1.98284241368 -4.15680930605 -6.13450104759
2023-12-26T20:49:00.000000 -1207.940895682 -5597.157374527 3604.493312455 -1.89411156526 -3.73396489702 -6.42808739319
2023-12-26T20:50:00.000000 -1318.704572978 -5808.068914653 3210.740463976 -1.79658018575 -3.29367956745 -6.69194413745
2023-12-26T20:51:00.000000 -1423.363410860 -5992.090668822 2802.079736665 -1.69069478447 -2.83798414719 -6.92481960434
2023-12-26T20:52:00.000000 -1521.430572940 -6148.360945446 2380.404023890 -1.57694198147 -2.36898780563 -7.12560438384
2023-12-26T20:53:00.000000 -1612.449569706 -6276.146700776 1947.668322262 -1.45584642916 -1.88886812427 -7.29333878935
2023-12-26T20:54:00.000000 -1695.996475626 -6374.847311611 1505.880558710 -1.32796849047 -1.39985940654 -7.42721904883
2023-12-26T20:55:00.000000 -1771.681988045 -6443.997603714 1057.092108826 -1.19390152856 -0.90424052314 -7.52660108444
2023-12-26T20:56:00.000000 -1839.153331073 -6483.270209532 603.388148077 -1.05426914240 -0.40432431562 -7.59100266833
2023-12-26T20:57:00.000000 -1898.095985719 -6492.477314305 146.877858186 -0.90972262751 0.09755177206 -7.62010644554
2023-12-26T20:58:00.000000 -1948.235273975 -6471.571822021 -310.315594453 -0.76093812462 0.59903676256 -7.61376425128
2023-12-26T20:59:00.000000 -1989.337732199 -6420.647743637 -766.065293568 -0.60861273627 1.09778022814 -7.57199980372
2023-12-26T21:00:00.000000 -2021.212245759 -6339.939752401 -1218.250897001 -0.45346000635 1.59144651441 -7.49500738474
2023-12-26T21:01:00.000000 -2043.710899624 -6229.821919556 -1664.768737704 -0.29620593177 2.07772606422 -7.38314835372
2023-12-26T21:02:00.000000 -2056.729635688 -6090.805875245 -2103.541782930 -0.13758588546 2.55434486877 -7.23694883617
2023-12-26T21:03:00.000000 -2060.208718092 -5923.538342684 -2532.529472967 0.02165847910 3.01907530308 -7.05709841199
2023-12-26T21:04:00.000000 -2054.133012743 -5728.798024252 -2949.737464671 0.18078308822 3.46974855843 -6.84444685525
2023-12-26T21:05:00.000000 -2038.531993085 -5507.491687376 -3353.227054730 0.33904559350 3.90426583036 -6.59999817641
2023-12-26T21:06:00.000000 -2013.479530552 -5260.649705757 -3741.124249558 0.49570900968 4.32060723727 -6.32490435845
2023-12-26T21:07:00.000000 -1979.093470374 -4989.421048776 -4111.628476683 0.65004490773 4.71684043132 -6.02046005862
2023-12-26T21:08:00.000000 -1935.535031049 -4695.067786219 -4463.020986452 0.80133678335 5.09113032165 -5.68809663035
2023-12-26T21:09:00.000000 -1883.007968489 -4378.958921009 -4793.672810108 0.94888368370 5.44174845565 -5.32937407248
2023-12-26T21:10:00.000000 -1821.757543146 -4042.563775608 -5102.052210729 1.09200366120 5.76708060736 -4.94597188756
2023-12-26T21:11:00.000000 -1752.069283664 -3687.444926712 -5386.731579415 1.23003673781 6.06563308435 -4.53968024174
2023-12-26T21:12:00.000000 -1674.267597998 -3315.250825328 -5646.393826353 1.36234749705 6.33603878908 -4.11239111438
2023-12-26T21:13:00.000000 -1588.714217542 -2927.707999559 -5879.838196054 1.48832756106 6.57706263544 -3.66608891329
2023-12-26T21:14:00.000000 -1495.806500642 -2526.613018788 -6085.985536671 1.60739825893 6.78760579924 -3.20284106536
2023-12-26T21:15:00.000000 -1395.975557637 -2113.824190423 -6263.882997372 1.71901359168 6.96670944952 -2.72478903008
2023-12-26T21:16:00.000000 -1289.684210735 -1691.253070657 -6412.708217597 1.82266306942 7.11355858973 -2.23413880850
2023-12-26T21:17:00.000000 -1177.424793155 -1260.855707532 -6531.772860890 1.91787361012 7.22748527856 -1.73315036706
2023-12-26T21:18:00.000000 -1059.716880918 -824.623770080 -6620.525543518 2.00421036644 7.30797041129 -1.22412701279
2023-12-26T21:19:00.000000 -937.104970581 -384.575577622 -6678.554133484 2.08127742525 7.35464462426 -0.70940604596
2023-12-26T21:20:00.000000 -810.156118023 57.252895270 -6705.587558337 2.14871943586 7.36728935041 -0.19135023907
2023-12-26T21:21:00.000000 -679.457416530 498.817122233 -6701.497046948 2.20622404218 7.34583805839 0.32766106811
2023-12-26T21:22:00.000000 -545.613356294 938.073166830 -6666.296849061 2.25352404355 7.29037711216 0.84524170320
2023-12-26T21:23:00.000000 -409.243071558 1372.986874463 -6600.144322769 2.29039859818 7.20114623160 1.35900882159
2023-12-26T21:24:00.000000 -270.977543175 1801.543077958 -6503.339453565 2.31667379478 7.07853861493 1.86659345772
2023-12-26T21:25:00.000000 -131.456762890 2221.754791571 -6376.323661980 2.33222327454 6.92310018842 2.36565154742
2023-12-26T21:26:00.000000 8.673143437 2631.672315601 -6219.677995223 2.33696905639 6.73552738718 2.85387496436
2023-12-26T21:27:00.000000 148.762839006 3029.392165574 -6034.120634750 2.33088223564 6.51666373815 3.32900185574
2023-12-26T21:28:00.000000 288.162735060 3413.065788917 -5820.503866831 2.31398324533 6.26749603048 3.78882602811
2023-12-26T21:29:00.000000 426.225946746 3780.908047049 -5579.810449437 2.28634182370 5.98915082466 4.23120566973
2023-12-26T21:30:00.000000 562.311255426 4131.205519921 -5313.149505766 2.24807710347 5.68289153189 4.65407230301
2023-12-26T21:31:00.000000 695.786075531 4462.324607552 -5021.751793071 2.19935784294 5.35011533175 5.05544119067
2023-12-26T21:32:00.000000 826.029435769 4772.719455243 -4706.964369720 2.14040218531 4.99234810969 5.43342311072
2023-12-26T21:33:00.000000 952.434906135 5060.939418373 -4370.244491107 2.07147652565 4.61123656719 5.78623519673
2023-12-26T21:34:00.000000 1074.413453405 5325.636062123 -4013.152995842 1.99289413905 4.20853949517 6.11220874977
2023-12-26T21:35:00.000000 1191.396228096 5565.569666007 -3637.347267049 1.90501445532 3.78612087234 6.40979557661
2023-12-26T21:36:00.000000 1302.837314474 5779.615342137 -3244.573740985 1.80824255360 3.34594402913 6.67757639890
2023-12-26T21:37:00.000000 1408.216441674 5966.768813600 -2836.659909646 1.70302744833 2.89006329962 6.91427136881
2023-12-26T21:38:00.000000 1507.041516514 6126.151490125 -2415.505631784 1.58985902292 2.42061245380 7.11874860663
2023-12-26T21:39:00.000000 1598.850995347 6257.014906021 -1983.074123959 1.46926531923 1.93979326220 7.29002903835
2023-12-26T21:40:00.000000 1683.216122165 6358.744491387 -1541.382631300 1.34181115333 1.44986615300 7.42729080646
2023-12-26T21:41:00.000000 1759.743100470 6430.862834144 -1092.492866542 1.20809640103 0.95313986811 7.52987598233
2023-12-26T21:42:00.000000 1828.075082548 6473.032143322 -638.500917931 1.06875209635 0.45195762320 7.59729655700
2023-12-26T21:43:00.000000 1887.893887459 6485.055888051 -181.527028259 0.92443536284 -0.05131747888 7.62923567118
2023-12-26T21:44:00.000000 1938.921457224 6466.879630026 276.294672701 0.77582591182 -0.55431337307 7.62554605854
2023-12-26T21:45:00.000000 1980.921142382 6418.591315153 732.826274993 0.62362430466 -1.05465796621 7.58625077153
2023-12-26T21:46:00.000000 2013.698900800 6340.420925940 1185.936466594 0.46854947556 -1.54999090880 7.51154634515
2023-12-26T21:47:00.000000 2037.104260434 6232.739334054 1633.510944998 0.31133404531 -2.03797878525 7.40180307166
2023-12-26T21:48:00.000000 2051.030995583 6096.056261212 2073.462740317 0.15271928445 -2.51632884085 7.25756053084
2023-12-26T21:49:00.000000 2055.417517359 5931.017510450 2503.742188957 -0.00654831055 -2.98279908206 7.07952231278
2023-12-26T21:50:00.000000 2050.247122304 5738.401644011 2922.346688190 -0.16571976642 -3.43520814013 6.86855288034
2023-12-26T21:51:00.000000 2035.548017647 5519.115986135 3327.330240230 -0.32404781770 -3.87144734845 6.62567365190
2023-12-26T21:52:00.000000 2011.393065545 5274.191908626 3716.812653211 -0.48079216177 -4.28949228776 6.35205542352
2023-12-26T21:53:00.000000 1977.899228245 5004.779508607 4088.988245866 -0.63522345008 -4.68741069792 6.04900949606
2023-12-26T21:54:00.000000 1935.226848482 4712.141899247 4442.134058429 -0.78662538560 -5.06336896451 5.71798116003
2023-12-26T21:55:00.000000 1883.578804532 4397.649038250 4774.617736690 -0.93429687137 -5.41564087115 5.36054424422
2023-12-26T21:56:00.000000 1823.199492072 4062.770978712 5084.905004024 -1.07755573448 -5.74261774887 4.97839275412
2023-12-26T21:57:00.000000 1754.373563071 3709.070568810 5371.566561157 -1.21574309769 -6.04281587692 4.57332940298
2023-12-26T21:58:00.000000 1677.424414748 3338.195836895 5633.284245748 -1.34822670798 -6.31488022689 4.14725465705
2023-12-26T21:59:00.000000 1592.712525619 2951.872174894 5868.856633136 -1.47440301234 -6.55758752723 3.70215812673
2023-12-26T22:00:00.000000 1500.633682442 2551.894312128 6077.204150204 -1.59369893454 -6.76985058888 3.24011048739
2023-12-26T22:01:00.000000 1401.617094683 2140.118016528 6257.373675805 -1.70557390579 -6.95072277609 2.76325429188
2023-12-26T22:02:00.000000 1296.123376083 1718.451545755 6408.542555050 -1.80952199229 -7.09940153607 2.27379428786
2023-12-26T22:03:00.000000 1184.642403703 1288.846908172 6530.022033209 -1.90507399749 -7.21523153988 1.77398765635
2023-12-26T22:04:00.000000 1067.691053350 853.290944849 6621.260100313 -1.99179949761 -7.29770738640 1.26613342072
2023-12-26T22:05:00.000000 945.810820431 413.796293819 6681.843667061 -2.06930852902 -7.34647460259 0.75256122938
2023-12-26T22:06:00.000000 819.565355377 -27.607650845 6711.500087235 -2.13725270543 -7.36132897725 0.23562136477
2023-12-26T22:07:00.000000 689.537941191 -468.883740957 6710.098132285 -2.19532611770 -7.34221629712 -0.28232363481
2023-12-26T22:08:00.000000 556.328912569 -907.996098136 6677.648474804 -2.24326649248 -7.28923325909 -0.79890787159
2023-12-26T22:09:00.000000 420.552999797 -1342.919181356 6614.303583628 -2.28085649721 -7.20262757996 -1.31177285190
2023-12-26T22:10:00.000000 282.836600290 -1771.646783109 6520.356946958 -2.30792471112 -7.08279560718 -1.81857815096
2023-12-26T22:11:00.000000 143.814999669 -2192.200869711 6396.241703059 -2.32434625560 -6.93027927147 -2.31700976717
2023-12-26T22:12:00.000000 4.129567172 -2602.640236654 6242.528879053 -2.33004350082 -6.74576470880 -2.80478745120
2023-12-26T22:13:00.000000 -135.575111273 -3001.069178955 6059.925072278 -2.32498690143 -6.53008209875 -3.27967374435
2023-12-26T22:14:00.000000 -274.654131521 -3385.646084415 5849.269574000 -2.30919545184 -6.28420389811 -3.73948503528
2023-12-26T22:15:00.000000 -412.465184254 -3754.591858642 5611.530800874 -2.28273655033 -6.00924075031 -4.18210215951
2023-12-26T22:16:00.000000 -548.371446721 -4106.198072947 5347.802165942 -2.24572570195 -5.70643685112 -4.60547942248
2023-12-26T22:17:00.000000 -681.744468590 -4438.834857148 5059.297394207 -2.19832646745 -5.37716597911 -5.00765356846
2023-12-26T22:18:00.000000 -811.967053317 -4750.958546905 4747.345281043 -2.14075031772 -5.02292681751 -5.38675400240
2023-12-26T22:19:00.000000 -938.436109581 -5041.118972131 4413.383814886 -2.07325582451 -4.64533612103 -5.74101311377
2023-12-26T22:20:00.000000 -1060.565441044 -5307.966314073 4058.953735886 -1.99614726495 -4.24612052268 -6.06877471831
2023-12-26T22:21:00.000000 -1177.788444179 -5550.257449064 3685.691645567 -1.90977332730 -3.82710891530 -6.36850058607
2023-12-26T22:22:00.000000 -1289.560751317 -5766.861900634 3295.322746185 -1.81452633493 -3.39022600509 -6.63877685951
2023-12-26T22:23:00.000000 -1395.362821528 -5956.767369783 2889.653142926 -1.71084156208 -2.93748572091 -6.87832183998
2023-12-26T22:24:00.000000 -1494.702492519 -6119.084886736 2470.561665599 -1.59919581591 -2.47098288217 -7.08599474125
2023-12-26T22:25:00.000000 -1587.117392071 -6253.053328037 2039.991155036 -1.48010490351 -1.99288267058 -7.26080370617
2023-12-26T22:26:00.000000 -1672.177189223 -6358.043307380 1599.939348314 -1.35412048469 -1.50540896361 -7.40191165080
2023-12-26T22:27:00.000000 -1749.485652300 -6433.560337607 1152.449456592 -1.22182718070 -1.01083313912 -7.50864005605
2023-12-26T22:28:00.000000 -1818.682558383 -6479.247393125 699.600575062 -1.08384020889 -0.51146373533 -7.58047225765
2023-12-26T22:29:00.000000 -1879.445455323 -6494.886804592 243.497840929 -0.94080297421 -0.00963575860 -7.61705736328
2023-12-26T22:30:00.000000 -1931.491263620 -6480.401492484 -213.737619460 -0.79338384605 0.49230183198 -7.61821367470
2023-12-26T22:31:00.000000 -1974.577655042 -6435.855388724 -669.978878063 -0.64227219098 0.99199964426 -7.58392947354
2023-12-26T22:32:00.000000 -2008.504196489 -6361.453100056 -1123.103362530 -0.48817450919 1.48711987801 -7.51436114661
2023-12-26T22:33:00.000000 -2033.113276598 -6257.538905894 -1571.002872606 -0.33181124116 1.97534593868 -7.40983128095
2023-12-26T22:34:00.000000 -2048.290857848 -6124.595218402 -2011.593550686 -0.17391381534 2.45439194257 -7.27082857840
2023-12-26T22:35:00.000000 -2053.967027782 -5963.240374501 -2442.825834583 -0.01522114794 2.92201481137 -7.09800788468
2023-12-26T22:36:00.000000 -2050.116336523 -5774.225675570 -2862.694391178 0.14352447032 3.37602819641 -6.89218723882
2023-12-26T22:37:00.000000 -2036.757864755 -5558.431571321 -3269.247698510 0.30158154835 3.81431510087 -6.65434135969
2023-12-26T22:38:00.000000 -2013.955065593 -5316.863214464 -3660.597234201 0.45821318809 4.23483749808 -6.38559415940
2023-12-26T22:39:00.000000 -1981.815375910 -5050.645447936 -4034.926214634 0.61269054365 4.63564435041 -6.08721234047
2023-12-26T22:40:00.000000 -1940.489645341 -4761.017383563 -4390.498005670 0.76429609425 5.01487997681 -5.76059946191
2023-12-26T22:41:00.000000 -1890.171353742 -4449.326379937 -4725.664116886 0.91232675282 5.37079283793 -5.40728903172
2023-12-26T22:42:00.000000 -1831.095656323 -4117.021562699 -5038.871770311 1.05609708527 5.70174379179 -5.02893631417
2023-12-26T22:43:00.000000 -1763.538210677 -3765.646839302 -5328.670921940 1.19494291394 6.00621327409 -4.62730936159
2023-12-26T22:44:00.000000 -1687.813800330 -3396.833563760 -5593.720771379 1.32822494906 6.28280732327 -4.20427951134
2023-12-26T22:45:00.000000 -1604.274744139 -3012.292829229 -5832.795648204 1.45533155252 6.53026236535 -3.76181181926
2023-12-26T22:46:00.000000 -1513.309190095 -2613.807536484 -6044.790383836 1.57568044413 6.74744927429 -3.30195624790
2023-12-26T22:47:00.000000 -1415.339293326 -2203.224179317 -6228.725129740 1.68872037017 6.93337788623 -2.82683943306
2023-12-26T22:48:00.000000 -1310.819302011 -1782.444377344 -6383.749729255 1.79393363362 7.08720199439 -2.33865529956
2023-12-26T22:49:00.000000 -1200.233441436 -1353.416100051 -6509.147385531 1.89083892851 7.20822296967 -1.83965368828
2023-12-26T22:50:00.000000 -1084.093678273 -918.124787404 -6604.337687303 1.97899320477 7.29589067523 -1.33212891661
2023-12-26T22:51:00.000000 -962.937383614 -478.584422995 -6668.878972098 2.05799252209 7.34980324103 -0.81841086254
2023-12-26T22:52:00.000000 -837.324974943 -36.828647428 -6702.470274681 2.12747323288 7.36970833546 -0.30085778445
2023-12-26T22:53:00.000000 -707.837419436 405.098327775 -6704.952764407 2.18711425509 7.35550609229 0.21815206745
2023-12-26T22:54:00.000000 -575.073611875 845.150926003 -6676.310638406 2.23663945582 7.30725114275 0.73623146991
2023-12-26T22:55:00.000000 -439.647631939 1281.291485122 -6616.671298092 2.27581884533 7.22515232415 1.25099582568
2023-12-26T22:56:00.000000 -302.185971102 1711.499460738 -6526.304887960 2.30446874656 7.10957134292 1.76007344882
2023-12-26T22:57:00.000000 -163.324743947 2133.780576962 -6405.623223823 2.32245217442 6.96102195154 2.26111515927
2023-12-26T22:58:00.000000 -23.706856391 2546.175922579 -6255.178141671 2.32967990482 6.78016886168 2.75180473982
2023-12-26T22:59:00.000000 116.020890400 2946.770928905 -6075.659179904 2.32611154905 6.56782497791 3.22986991133
2023-12-26T23:00:00.000000 255.210751686 3333.704150289 -5867.890649213 2.31175595907 6.32494732291 3.69309227930
2023-12-26T23:01:00.000000 393.216988143 3705.175787733 -5632.828125224 2.28667115730 6.05263332726 4.13931602859
2023-12-26T23:02:00.000000 529.398818161 4059.456035108 -5371.554440950 2.25096436301 5.75211801306 4.56645679412
2023-12-26T23:03:00.000000 663.123371124 4394.893227375 -5085.275087011 2.20479216776 5.42477085648 4.97251185251
2023-12-26T23:04:00.000000 793.768654203 4709.921799287 -4775.313000487 2.14836040423 5.07209096621 5.35557120465
2023-12-26T23:05:00.000000 920.726482514 5003.069849527 -4443.102662820 2.08192336767 4.69570026329 5.71382826160
2023-12-26T23:06:00.000000 1043.405353089 5272.966278019 -4090.183612700 2.00578261610 4.29733552030 6.04558909021
2023-12-26T23:07:00.000000 1161.233246765 5518.347440912 -3718.193455293 1.92028585354 3.87884039869 6.34928017954
2023-12-26T23:08:00.000000 1273.660366000 5738.063322866 -3328.860390477 1.82582608150 3.44215815372 6.62345590997
2023-12-26T23:09:00.000000 1380.161831869 5931.083323940 -2923.995333838 1.72284051942 2.98932403631 6.86680694301
2023-12-26T23:10:00.000000 1480.240275388 6096.501479293 -2505.483436036 1.61180861665 2.52245591692 7.07816910623
2023-12-26T23:11:00.000000 1573.428290563 6233.541097854 -2075.275156168 1.49324915825 2.04374289481 7.25653086247
2023-12-26T23:12:00.000000 1659.290703976 6341.558669884 -1635.376926445 1.36771731538 1.55543363857 7.40103834015
2023-12-26T23:13:00.000000 1737.426682068 6420.047132455 -1187.841596309 1.23580221419 1.05982563639 7.51099922866
2023-12-26T23:14:00.000000 1807.471700116 6468.638465713 -734.758592085 1.09812458963 0.55925450427 7.58588715615
2023-12-26T23:15:00.000000 1869.099350950 6487.105635142 -278.243836740 0.95533368653 0.05608182438 7.62534585472
2023-12-26T23:16:00.000000 1922.022942926 6475.363742084 179.570532137 0.80810350753 -0.44731800295 7.62919137525
2023-12-26T23:17:00.000000 1965.996877994 6433.470432575 636.546521102 0.65712925048 -0.94857023253 7.59741231158
2023-12-26T23:18:00.000000 2000.817826440 6361.625550306 1090.550621467 0.50312416852 -1.44531139187 7.53016962802
2023-12-26T23:19:00.000000 2026.325711203 6260.170115066 1539.464154618 0.34681604309 -1.93520138436 7.42779646092
2023-12-26T23:20:00.000000 2042.404444825 6129.584515701 1981.193549904 0.18894274491 -2.41593647189 7.29079647267
2023-12-26T23:21:00.000000 2048.982402570 5970.485973110 2413.680491164 0.03024763845 -2.88526172629 7.11983994674
2023-12-26T23:22:00.000000 2046.032628560 5783.625252542 2834.911743531 -0.12852411160 -3.34098207455 6.91575867340
2023-12-26T23:23:00.000000 2033.572862143 5569.882774655 3242.928700288 -0.28662843161 -3.78097270267 6.67954073140
2023-12-26T23:24:00.000000 2011.665367544 5330.264064957 3635.836574580 -0.44332552397 -4.20318956585 6.41232470040
2023-12-26T23:25:00.000000 1980.416580128 5065.894635435 4011.813250488 -0.59788392119 -4.60567917414 6.11539261485
2023-12-26T23:26:00.000000 1939.976457164 4778.014274761 4369.117637169 -0.74958484223 -4.98658671882 5.79016230642
2023-12-26T23:27:00.000000 1890.537609232 4467.970926854 4706.097612103 -0.89772596014 -5.34416329662 5.43818013125
2023-12-26T23:28:00.000000 1832.334211235 4137.214086561 5021.197491362 -1.04162436723 -5.67677361973 5.06111357338
2023-12-26T23:29:00.000000 1765.640772766 3787.287773871 5312.965076822 -1.18061915988 -5.98290402353 4.66074235300
2023-12-26T23:30:00.000000 1690.770728350 3419.822997193 5580.058049043 -1.31407403292 -6.26116912858 4.23894796872
2023-12-26T23:31:00.000000 1608.074889653 3036.529929867 5821.249773068 -1.44137988798 -6.51031634167 3.79770319974
2023-12-26T23:32:00.000000 1517.939732484 2639.189818998 6035.434473410 -1.56195728685 -6.72922912573 3.33906287008
2023-12-26T23:33:00.000000 1420.785556379 2229.646755794 6221.631929143 -1.67525873484 -6.91693052122 2.86515539749
2023-12-26T23:34:00.000000 1317.064493979 1809.799148207 6378.991602127 -1.78077090893 -7.07258724378 2.37817381484
2023-12-26T23:35:00.000000 1207.258396497 1381.590998279 6506.796222798 -1.87801692538 -7.19551338375 1.88036535333
2023-12-26T23:36:00.000000 1091.876580490 947.002983208 6604.464689626 -1.96655840612 -7.28517247117 1.37402019099
2023-12-26T23:37:00.000000 971.453472427 508.043476884 6671.554344196 -2.04599700583 -7.34117777565 0.86146083601
2023-12-26T23:38:00.000000 846.546171116 66.739570208 6707.762609270 -2.11597543013 -7.36329208800 0.34503301957
2023-12-26T23:39:00.000000 717.731958697 -374.871911068 6712.928147467 -2.17617842290 -7.35142823426 -0.17290274061
2023-12-26T23:40:00.000000 585.605737183 -814.753430389 6687.031448316 -2.22633409118 -7.30564996391 -0.68998049646
2023-12-26T23:41:00.000000 450.777386863 -1250.875811019 6630.194873671 -2.26621531860 -7.22617184796 -1.20383936809
2023-12-26T23:42:00.000000 313.869044461 -1681.227228131 6542.682034770 -2.29564083400 -7.11335743273 -1.71213361026
2023-12-26T23:43:00.000000 175.512327660 -2103.822089001 6424.896596718 -2.31447589949 -6.96771721042 -2.21254127173
2023-12-26T23:44:00.000000 36.345529171 -2516.709806262 6277.380634852 -2.32263291200 -6.78990745801 -2.70277258532
2023-12-26T23:45:00.000000 -102.989230864 -2917.983519488 6100.812404693 -2.32007196121 -6.58072922205 -3.18057961571
2023-12-26T23:46:00.000000 -241.848875128 -3305.788718387 5896.003519473 -2.30680105384 -6.34112586602 -3.64376685303
2023-12-26T23:47:00.000000 -379.592242065 -3678.331668532 5663.895491000 -2.28287598841 -6.07217924328 -4.09020117342
2023-12-26T23:48:00.000000 -515.582948398 -4033.887601543 5405.555723807 -2.24840024927 -5.77510568956 -4.51782087684
2023-12-26T23:49:00.000000 -649.192252645 -4370.808666448 5122.172956883 -2.20352513655 -5.45125211156 -4.92464493774
2023-12-26T23:50:00.000000 -779.801928817 -4687.531625857 4815.052120308 -2.14844980430 -5.10209103765 -5.30878290852
2023-12-26T23:51:00.000000 -906.807125169 -4982.585201254 4485.608610580 -2.08342081095 -4.72921416138 -5.66844445078
2023-12-26T23:52:00.000000 -1029.619183320 -5254.597014613 4135.362028033 -2.00873119166 -4.33432528337 -6.00194776269
2023-12-26T23:53:00.000000 -1147.668392771 -5502.300108593 3765.929432828 -1.92471928179 -3.91923341104 -6.30772745520
2023-12-26T23:54:00.000000 -1260.406668482 -5724.539044607 3379.018114632 -1.83176734641 -3.48584555498 -6.58434249824
2023-12-26T23:55:00.000000 -1367.310139181 -5920.275542623 2976.417900344 -1.73029998789 -3.03615868266 -6.83048387375
2023-12-26T23:56:00.000000 -1467.881637503 -6088.593623689 2559.993019912 -1.62078245739 -2.57225110132 -7.04498159737
2023-12-26T23:57:00.000000 -1561.653089415 -6228.704229865 2131.673565634 -1.50371895463 -2.09627345477 -7.22681151777
2023-12-26T23:58:00.000000 -1648.187793849 -6339.949262333 1693.446531096 -1.37965068991 -1.61043869574 -7.37510205911
2023-12-26T23:59:00.000000 -1727.082571453 -6421.804984797 1247.346479692 -1.24915340597 -1.11701071123 -7.48913997054
2023-12-27T00:00:00.000000 -1797.969748747 -6473.884724112 795.445916116 -1.11283437835 -0.61829249098 -7.56837430763
2023-12-27T00:01:00.000000 -1860.518955660 -6495.940880900 339.845463914 -0.97132915263 -0.11661479153 -7.61241915399
2023-12-27T00:02:00.000000 -1914.438718246 -6487.866253744 -117.336108246 -0.82529820044 0.38567502174 -7.62105592264
2023-12-27T00:03:00.000000 -1959.477855503 -6449.694689237 -573.971979794 -0.67542362671 0.88622464496 -7.59423499923
2023-12-27T00:04:00.000000 -1995.426683709 -6381.601018092 -1027.937437678 -0.52240609183 1.38268879645 -7.53207620197
2023-12-27T00:05:00.000000 -2022.118043595 -6283.900291571 -1477.120031610 -0.36696184467 1.87274096665 -7.43486842354
2023-12-27T00:06:00.000000 -2039.428133813 -6157.046285887 -1919.429702260 -0.20981929735 2.35408540347 -7.30306887725
2023-12-27T00:07:00.000000 -2047.277118172 -6001.629284121 -2352.808823664 -0.05171479273 2.82446973094 -7.13730098226
2023-12-27T00:08:00.000000 -2045.629466026 -5818.373101615 -2775.242052195 0.10661186621 3.28169707157 -6.93834989617
2023-12-27T00:09:00.000000 -2034.494042640 -5608.131447164 -3184.765866717 0.26442119280 3.72363623397 -6.70715672439
2023-12-27T00:10:00.000000 -2013.923995271 -5371.883703117 -3579.477759084 0.42097712856 4.14823074063 -6.44481340840
2023-12-27T00:11:00.000000 -1984.016447555 -5110.730153494 -3957.545142798 0.57555045190 4.55350874627 -6.15255793776
2023-12-27T00:12:00.000000 -1944.911969641 -4825.886583026 -4317.213926441 0.72742283393 4.93759375504 -5.83176755798
2023-12-27T00:13:00.000000 -1896.793809745 -4518.678278987 -4656.816611180 0.87589062949 5.29871352281 -5.48394943616
2023-12-27T00:14:00.000000 -1839.886924026 -4190.533584063 -4974.779787615 1.02026759271 5.63520596099 -5.11073150785
2023-12-27T00:15:00.000000 -1774.456863494 -3842.977128909 -5269.631163013 1.15988712925 5.94552435638 -4.71385555440
2023-12-27T00:16:00.000000 -1700.808515008 -3477.622716070 -5540.006210982 1.29410520094 6.22824433741 -4.29517077374
2023-12-27T00:17:00.000000 -1619.284646115 -3096.165750088 -5784.654374178 1.42230384329 6.48207163462 -3.85662497005
2023-12-27T00:18:00.000000 -1530.264239982 -2700.375232884 -6002.444645485 1.54389424062 6.70584796834 -3.40025359473
2023-12-27T00:19:00.000000 -1434.160673635 -2292.085483551 -6192.370500420 1.65831900214 6.89855471325 -2.92816909855
2023-12-27T00:20:00.000000 -1331.419772836 -1873.187674687 -6353.554232427 1.76505428999 7.05931591784 -2.44255132276
2023-12-27T00:21:00.000000 -1222.517731403 -1445.621188253 -6485.250708540 1.86361214506 7.18740115863 -1.94563772975
2023-12-27T00:22:00.000000 -1107.958894183 -1011.364818318 -6586.850520394 1.95354236950 7.28222721302 -1.43971341179
2023-12-27T00:23:00.000000 -988.273454311 -572.427910872 -6657.882565497 2.03443363843 7.34335899808 -0.92710233487
2023-12-27T00:24:00.000000 -864.015090726 -130.841423614 -6698.016150850 2.10591463809 7.37051163655 -0.41015953615
2023-12-27T00:25:00.000000 -735.758518310 311.351173282 -6707.062600739 2.16765602319 7.36355372003 0.10873824732
2023-12-27T00:26:00.000000 -604.096894789 752.103184869 -6684.976195351 2.21937258614 7.32250904332 0.62720440907
2023-12-27T00:27:00.000000 -469.639132016 1189.373975133 -6631.854409901 2.26082452261 7.24755541295 1.14285413812
2023-12-27T00:28:00.000000 -333.007154660 1621.138151079 -6547.937514529 2.29181787851 7.13902267557 1.65331371574
2023-12-27T00:29:00.000000 -194.833137387 2045.394644939 -6433.607665453 2.31220525439 6.99739231687 2.15622915353
2023-12-27T00:30:00.000000 -55.756668976 2460.175836126 -6289.387398518 2.32188701061 6.82329727099 2.64927690336
2023-12-27T00:31:00.000000 83.578136050 2863.556559684 -6115.937451843 2.32081198521 6.61751918360 3.13017565563
2023-12-27T00:32:00.000000 222.525543900 3253.662899686 -5914.053927275 2.30897729357 6.38098387959 3.59669599503
2023-12-27T00:33:00.000000 360.441090194 3628.680726229 -5684.664947050 2.28642819559 6.11475828839 4.04666788252
2023-12-27T00:34:00.000000 496.684491232 3986.864132917 -5428.826837556 2.25325897162 5.82004921067 4.47798965545
2023-12-27T00:35:00.000000 630.622620664 4326.543749772 -5147.719675607 2.20961405455 5.49820027275 4.88864009818
2023-12-27T00:36:00.000000 761.632522518 4646.134757963 -4842.642094139 2.15568799545 5.15068501103 5.27669048639
2023-12-27T00:37:00.000000 889.104390914 4944.144452062 -4515.005440808 2.09172410234 4.77909876491 5.64031335737
2023-12-27T00:38:00.000000 1012.444438109 5219.179337423 -4166.327502366 2.01801294737 4.38515269105 5.97778959358
2023-12-27T00:39:00.000000 1131.077709115 5469.951952983 -3798.225745625 1.93489148638 3.97066883106 6.28751725326
2023-12-27T00:40:00.000000 1244.450830510 5695.287290651 -3412.409975996 1.84274216677 3.53757267153 6.56802227331
2023-12-27T00:41:00.000000 1352.034709333 5894.128739296 -3010.674360270 1.74199129612 3.08788269059 6.81796774606
2023-12-27T00:42:00.000000 1453.327087224 6065.543301865 -2594.889003241 1.63310681849 2.62369965905 7.03616032887
2023-12-27T00:43:00.000000 1547.854979415 6208.726275797 -2166.991166073 1.51659613107 2.14719741200 7.22155585975
2023-12-27T00:44:00.000000 1635.176969718 6323.005320729 -1728.976117486 1.39300392385 1.66061327775 7.37326594738
2023-12-27T00:45:00.000000 1714.885386431 6407.843984252 -1282.887599946 1.26290963478 1.16623642182 7.49056416609
2023-12-27T00:46:00.000000 1786.608289758 6462.844384646 -830.807978899 1.12692452554 0.66639524975 7.57288987683
2023-12-27T00:47:00.000000 1850.011300795 6487.749244970 -374.848232910 0.98568879259 0.16344594374 7.61985041854
2023-12-27T00:48:00.000000 1904.799243627 6482.443198236 82.862209754 0.83986873839 -0.34023827453 7.63122370977
2023-12-27T00:49:00.000000 1950.717631920 6446.953516795 540.185780206 0.69015350094 -0.84227932193 7.60696117440
2023-12-27T00:50:00.000000 1987.553910868 6381.449936631 994.987240259 0.53725112781 -1.34030822344 7.54718885247
2023-12-27T00:51:00.000000 2015.138473218 6286.243719944 1445.144110731 0.38188435515 -1.83197897765 7.45220564267
2023-12-27T00:52:00.000000 2033.345408610 6161.785872320 1888.556956488 0.22478654079 -2.31498068827 7.32247995397
2023-12-27T00:53:00.000000 2042.093034961 6008.664749905 2323.159435235 0.06669771091 -2.78704849035 7.15864613590
2023-12-27T00:54:00.000000 2041.344169420 5827.602938454 2746.928154662 -0.09163935486 -3.24597422041 6.96150066830
2023-12-27T00:55:00.000000 2031.106188723 5619.453558615 3157.892258972 -0.24948279149 -3.68961690920 6.73199740920
2023-12-27T00:56:00.000000 2011.430867665 5385.195904909 3554.142706641 -0.40609482497 -4.11591279070 6.47124215742
2023-12-27T00:57:00.000000 1982.414056828 5125.930554051 3933.841222154 -0.56074480865 -4.52288526445 6.18048680338
2023-12-27T00:58:00.000000 1944.195141516 4842.873797411 4295.228856700 -0.71271273255 -4.90865504798 5.86112250127
2023-12-27T00:59:00.000000 1896.956289463 4537.351532141 4636.634100600 -0.86129326904 -5.27144954483 5.51467111999
2023-12-27T01:00:00.000000 1840.921446248 4210.792610249 4956.480436856 -1.00579969089 -5.60961016384 5.14277575353
2023-12-27T01:01:00.000000 1776.355122701 3864.721850631 5253.293347173 -1.14556710205 -5.92159795361 4.74719169999
2023-12-27T01:02:00.000000 1703.561001188 3500.752676018 5525.706787456 -1.27995503351 -6.20599909636 4.32977818784
2023-12-27T01:03:00.000000 1622.880401847 3120.579438685 5772.469171717 -1.40834980460 -6.46153083547 3.89248952766
2023-12-27T01:04:00.000000 1534.690601587 2725.969385208 5992.448765516 -1.53016678064 -6.68704678760 3.43736505533
2023-12-27T01:05:00.000000 1439.403035167 2318.754358971 6184.638497615 -1.64485248903 -6.88154074400 2.96651880310
2023-12-27T01:06:00.000000 1337.461355417 1900.822296977 6348.160130281 -1.75188675703 -7.04414950364 2.48212988925
2023-12-27T01:07:00.000000 1229.339369036 1474.108571085 6482.267900441 -1.85078506558 -7.17415557714 1.98643318122
2023-12-27T01:08:00.000000 1115.538823719 1040.587170206 6586.351546684 -1.94110089910 -7.27098950981 1.48170932992
2023-12-27T01:09:00.000000 996.587071569 602.261775911 6659.938779946 -2.02242756847 -7.33423113535 0.97027446370
2023-12-27T01:10:00.000000 873.034641043 161.156788486 6702.697087629 -2.09439934212 -7.36361005550 0.45447049641
2023-12-27T01:11:00.000000 745.452755311 -280.691676791 6714.435027836 -2.15669232956 -7.35900626788 -0.06334396773
2023-12-27T01:12:00.000000 614.430785941 -721.244831097 6695.102925286 -2.20902560450 -7.32045084165 -0.58080305573
2023-12-27T01:13:00.000000 480.573640117 -1158.470286325 6644.793037647 -2.25116252495 -7.24812583486 -1.09554367545
2023-12-27T01:14:00.000000 344.499064400 -1590.351076084 6563.739078051 -2.28291191808 -7.14236299176 -1.60521536274
2023-12-27T01:15:00.000000 206.834889250 -2014.894588042 6452.315168577 -2.30412892428 -7.00364215154 -2.10748957202
2023-12-27T01:16:00.000000 68.216232722 -2430.141406125 6311.034252764 -2.31471554378 -6.83258974439 -2.60006894595
2023-12-27T01:17:00.000000 -70.717320851 -2834.174051846 6140.545952846 -2.31462098086 -6.62997682903 -3.08069690897
2023-12-27T01:18:00.000000 -209.324562996 -3225.125581623 5941.633819324 -2.30384190968 -6.39671633347 -3.54716706189
2023-12-27T01:19:00.000000 -346.965517483 -3601.188007265 5715.212055023 -2.28242280602 -6.13386005546 -3.99733224139
2023-12-27T01:20:00.000000 -483.004319025 -3960.620537385 5462.321671300 -2.25045627521 -5.84259564674 -4.42911401166
2023-12-27T01:21:00.000000 -616.812104123 -4301.757627725 5184.126085196 -2.20808301963 -5.52424268195 -4.84051297156
2023-12-27T01:22:00.000000 -747.769879947 -4623.016728103 4881.906042939 -2.15549124390 -5.18024716494 -5.22961876130
2023-12-27T01:23:00.000000 -875.271349724 -4922.905686337 4557.054023735 -2.09291580986 -4.81217530366 -5.59461878989
2023-12-27T01:24:00.000000 -998.725689909 -5200.029774494 4211.068114104 -2.02063752815 -4.42170754550 -5.93380636398
2023-12-27T01:25:00.000000 -1117.560287588 -5453.098372633 3845.545429317 -1.93898245354 -4.01063226886 -6.24558940164
2023-12-27T01:26:00.000000 -1231.223424612 -5680.931207094 3462.174937736 -1.84832082001 -3.58083806413 -6.52849918677
2023-12-27T01:27:00.000000 -1339.186889296 -5882.464110498 3062.729843906 -1.74906572393 -3.13430503151 -6.78119786926
2023-12-27T01:28:00.000000 -1440.948510777 -6056.754248859 2649.059520111 -1.64167193811 -2.67309637857 -7.00248506933
2023-12-27T01:29:00.000000 -1536.034624000 -6202.984872890 2223.081077266 -1.52663453264 -2.19934981024 -7.19130511459
2023-12-27T01:30:00.000000 -1624.002417548 -6320.469468343 1786.770424082 -1.40448639415 -1.71526708028 -7.34675451651
2023-12-27T01:31:00.000000 -1704.442095963 -6408.655248088 1342.152976541 -1.27579453775 -1.22310193885 -7.46808730118
2023-12-27T01:32:00.000000 -1776.978820165 -6467.125924969 891.294105884 -1.14115653983 -0.72514905301 -7.55471762811
2023-12-27T01:33:00.000000 -1841.274457290 -6495.603889841 436.289484053 -1.00119823641 -0.22373470583 -7.60622230277
2023-12-27T01:34:00.000000 -1897.029235634 -6493.951811219 -20.744818376 -0.85657210138 0.27879329352 -7.62234511777
2023-12-27T01:35:00.000000 -1943.983270369 -6462.173548318 -477.682475286 -0.70795465792 0.78007882417 -7.60300083909
2023-12-27T01:36:00.000000 -1981.917889030 -6400.414211887 -932.397190853 -0.55604245251 1.27777198627 -7.54827575861
2023-12-27T01:37:00.000000 -2010.656705197 -6308.959402290 -1382.772946513 -0.40154769726 1.76954147018 -7.45842534525
2023-12-27T01:38:00.000000 -2030.066438097 -6188.233786010 -1826.714064925 -0.24519450461 2.25308471591 -7.33387212950
2023-12-27T01:39:00.000000 -2040.057525493 -6038.799059184 -2262.155208419 -0.08771540106 2.72613864485 -7.17520455211
2023-12-27T01:40:00.000000 -2040.584509794 -5861.351200200 -2687.071256499 0.07015251681 3.18649215914 -6.98317449309
2023-12-27T01:41:00.000000 -2031.646201233 -5656.716994142 -3099.486997169 0.22767159800 3.63199835738 -6.75869211548
2023-12-27T01:42:00.000000 -2013.285589501 -5425.849846444 -3497.486406795 0.38410731359 4.06058487042 -6.50281942439
2023-12-27T01:43:00.000000 -1985.589560007 -5169.825040752 -3879.221582573 0.53873159139 4.47026304888 -6.21676395348
2023-12-27T01:44:00.000000 -1948.688402105 -4889.834435854 -4242.921264677 0.69082613431 4.85913683915 -5.90187201948
2023-12-27T01:45:00.000000 -1902.755133457 -4587.180689250 -4586.898959772 0.83968567764 5.22541060776 -5.55962111252
2023-12-27T01:46:00.000000 -1848.004617664 -4263.271012391 -4909.560568223 0.98462100701 5.56739567757 -5.19161264471
2023-12-27T01:47:00.000000 -1784.692515173 -3919.610560632 -5209.411635380 1.12496200885 5.88351729594 -4.79956554321
2023-12-27T01:48:00.000000 -1713.114033189 -3557.795342622 -5485.064173695 1.26006104923 6.17232298979 -4.38530877189
2023-12-27T01:49:00.000000 -1633.602482920 -3179.504655877 -5735.243007816 1.38929630142 6.43249037384 -3.95077115633
2023-12-27T01:50:00.000000 -1546.527640738 -2786.493102138 -5958.791390659 1.51207437766 6.66283211786 -3.49797007271
2023-12-27T01:51:00.000000 -1452.293981831 -2380.582398624 -6154.676025814 1.62783239713 6.86229887272 -3.02900160626
2023-12-27T01:52:00.000000 -1351.338781049 -1963.652998153 -6321.991520522 1.73604020030 7.02998244510 -2.54603202590
2023-12-27T01:53:00.000000 -1244.130084570 -1537.635531787 -6459.964352668 1.83620284502 7.16511946506 -2.05128851811
2023-12-27T01:54:00.000000 -1131.164521310 -1104.502010895 -6567.956195445 1.92786268869 7.26709400553 -1.54704902641
2023-12-27T01:55:00.000000 -1012.965025710 -666.256940986 -6645.466682030 2.01060074214 7.33543921305 -1.03563270345
2023-12-27T01:56:00.000000 -890.078478983 -224.928308361 -6692.135597987 2.08403785011 7.36983941835 -0.51939102651
2023-12-27T01:57:00.000000 -763.073284423 217.441548446 -6707.744562201 2.14783630742 7.37013263149 -0.00069777911
2023-12-27T01:58:00.000000 -632.536812825 658.805217692 -6692.217995069 2.20170172282 7.33631144480 0.51806225930
2023-12-27T01:59:00.000000 -499.072759304 1097.119451025 -6645.623467361 2.24538461726 7.26852190550 1.03450401057
2023-12-27T02:00:00.000000 -363.298409082 1530.354342256 -6568.171414527 2.27868155710 7.16706225312 1.54625136651
2023-12-27T02:01:00.000000 -225.841857033 1956.502420092 -6460.214358038 2.30143580214 7.03238245691 2.05094674282
2023-12-27T02:02:00.000000 -87.339196051 2373.587747333 -6322.245440207 2.31353742570 6.86508306807 2.54626163989
2023-12-27T02:03:00.000000 51.568286516 2779.674864941 -6154.896397922 2.31492330165 6.66591242843 3.02990647812
2023-12-27T02:04:00.000000 190.236940155 3172.877587995 -5958.934955068 2.30557783649 6.43576409134 3.49963859928
2023-12-27T02:05:00.000000 328.023639290 3551.367663527 -5735.261803031 2.28553463905 6.17567584184 3.95327093473
2023-12-27T02:06:00.000000 464.288793637 3913.383412239 -5484.906885075 2.25487795436 5.88682834971 4.38868389772
2023-12-27T02:07:00.000000 598.399385474 4257.238165126 -5209.024954325 2.21374252917 5.57054018387 4.80383899876
2023-12-27T02:08:00.000000 729.731965295 4581.328304097 -4908.890353095 2.16231211022 5.22825956937 5.19679000661
2023-12-27T02:09:00.000000 857.675533590 4884.140784824 -4585.891237719 2.10081796206 4.86155638519 5.56569033383
2023-12-27T02:10:00.000000 981.634377449 5164.260263349 -4241.523412978 2.02953820711 4.47211663845 5.90879946560
2023-12-27T02:11:00.000000 1101.030867252 5420.375931500 -3877.383733474 1.94879740326 4.06173784028 6.22449116324
2023-12-27T02:12:00.000000 1215.308217610 5651.288015865 -3495.162951678 1.85896565270 3.63232277730 6.51126341951
2023-12-27T02:13:00.000000 1323.933183847 5855.913867721 -3096.637966926 1.76045724567 3.18587081105 6.76774822678
2023-12-27T02:14:00.000000 1426.398663934 6033.293434639 -2683.663525901 1.65372904378 2.72446750865 6.99271989928
2023-12-27T02:15:00.000000 1522.226195628 6182.594120177 -2258.163477068 1.53927842052 2.25027385129 7.18510187754
2023-12-27T02:16:00.000000 1610.968307965 6303.114972193 -1822.121633497 1.41764063331 1.76551570271 7.34397260405
2023-12-27T02:17:00.000000 1692.210712527 6394.290286687 -1377.572320636 1.28938598532 1.27247317714 7.46857100383
2023-12-27T02:18:00.000000 1765.574322901 6455.692500174 -926.590585323 1.15511719198 0.77346904749 7.55830137819
2023-12-27T02:19:00.000000 1830.717125196 6487.034386893 -471.282169211 1.01546674294 0.27085616137 7.61273677958
2023-12-27T02:20:00.000000 1887.335867419 6488.170475935 -13.773316490 0.87109379984 -0.23299474678 7.63162071529
2023-12-27T02:21:00.000000 1935.167561164 6459.097806611 443.799477966 0.72268052026 -0.73570628288 7.61486847096
2023-12-27T02:22:00.000000 1973.990736708 6399.955967758 899.299837709 0.57092811123 -1.23490614544 7.56256892432
2023-12-27T02:23:00.000000 2003.626471077 6311.026392615 1350.601949516 0.41655288212 -1.72824097186 7.47498513371
2023-12-27T02:24:00.000000 2023.939174713 6192.730783767 1795.600946808 0.26028249704 -2.21339068707 7.35255152847
2023-12-27T02:25:00.000000 2034.837175589 6045.628746981 2232.223039333 0.10285253320 -2.68808035426 7.19586863250
2023-12-27T02:26:00.000000 2036.273089235 5870.414796356 2658.435332062 -0.05499685521 -3.15008937887 7.00569856117
2023-12-27T02:27:00.000000 2028.243988073 5667.914816804 3072.255436472 -0.21252461099 -3.59726117807 6.78296205777
2023-12-27T02:28:00.000000 2010.791330182 5439.081876035 3471.760856066 -0.36899290891 -4.02751484564 6.52873424697
2023-12-27T02:29:00.000000 1984.000645579 5184.991340925 3855.098069354 -0.52367122519 -4.43885639855 6.24423729654
2023-12-27T02:30:00.000000 1948.000985533 4906.835390072 4220.491073314 -0.67583986849 -4.82938720383 5.93083190064
2023-12-27T02:31:00.000000 1902.964181083 4605.917094599 4566.249491154 -0.82479312752 -5.19731084301 5.59001022620
2023-12-27T02:32:00.000000 1849.103901963 4283.644036736 4890.776242547 -0.96984250413 -5.54094112371 5.22338946908
2023-12-27T02:33:00.000000 1786.674532791 3941.521450566 5192.574848678 -1.11032002930 -5.85871101402 4.83270344433
2023-12-27T02:34:00.000000 1715.969840360 3581.144819661 5470.256080884 -1.24558131814 -6.14917998651 4.41979190213
2023-12-27T02:35:00.000000 1637.321481228 3204.192146537 5722.544010643 -1.37500826227 -6.41103884626 3.98658976860
2023-12-27T02:36:00.000000 1551.097344895 2812.415938037 5948.281400765 -1.49801145186 -6.64311339864 3.53511749398
2023-12-27T02:37:00.000000 1457.699775664 2407.635030326 6146.434593041 -1.61403226359 -6.84436798992 3.06747173367
2023-12-27T02:38:00.000000 1357.563665836 1991.726155289 6316.097768384 -1.72254457484 -7.01390854100 2.58581597003
2023-12-27T02:39:00.000000 1251.154456694 1566.615385861 6456.496706983 -1.82305663278 -7.15098500762 2.09237155436
2023-12-27T02:40:00.000000 1138.965999264 1134.269404896 6566.991966337 -1.91511355832 -7.25499396597 1.58940893541
2023-12-27T02:41:00.000000 1021.518266843 696.686643054 6647.081587855 -1.99829997866 -7.32548125107 1.07923786348
2023-12-27T02:42:00.000000 899.354923578 255.888254973 6696.403091147 -2.07224165926 -7.36214352891 0.56419653829
2023-12-27T02:43:00.000000 773.040843424 -186.090932943 6714.734889790 -2.13660601360 -7.36482849588 0.04664121605
2023-12-27T02:44:00.000000 643.159586955 -627.211488274 6701.997065384 -2.19110267100 -7.33353475294 -0.47106295399
2023-12-27T02:45:00.000000 510.310841118 -1065.438420428 6658.251663095 -2.23548493852 -7.26841188870 -0.98655107039
2023-12-27T02:46:00.000000 375.107738585 -1498.750234595 6583.702364343 -2.26955153420 -7.16975995935 -1.49746848716
2023-12-27T02:47:00.000000 238.174102216 -1925.147913144 6478.693566581 -2.29314746178 -7.03802783019 -2.00148095898
2023-12-27T02:48:00.000000 100.141660555 -2342.663786973 6343.708863599 -2.30616407817 -6.87381118819 -2.49628402222
2023-12-27T02:49:00.000000 -38.352728558 -2749.370285154 6179.369012294 -2.30853930521 -6.67785076290 -2.97961212821
2023-12-27T02:50:00.000000 -176.669900538 -3143.388579761 5986.429286972 -2.30025835791 -6.45103004027 -3.44924820531
2023-12-27T02:51:00.000000 -314.171238604 -3522.897050114 5765.776297813 -2.28135435711 -6.19437182527 -3.90303315948
2023-12-27T02:52:00.000000 -450.221551936 -3886.139527627 5518.424226982 -2.25190836987 -5.90903446304 -4.33887470702
2023-12-27T02:53:00.000000 -584.191946362 -4231.433325936 5245.510585922 -2.21204914443 -5.59630841406 -4.75475631735
2023-12-27T02:54:00.000000 -715.462677585 -4557.177054666 4948.291348605 -2.16195291624 -5.25761232779 -5.14874712228
2023-12-27T02:55:00.000000 -843.425994533 -4861.858152163 4628.135521183 -2.10184312839 -4.89448739677 -5.51901201605
2023-12-27T02:56:00.000000 -967.488952113 -5144.060031856 4286.519107983 -2.03198981267 -4.50859057514 -5.86382062476
2023-12-27T02:57:00.000000 -1087.076185185 -5402.468834708 3925.018600781 -1.95270866272 -4.10168789299 -6.18155547378
2023-12-27T02:58:00.000000 -1201.632610263 -5635.879763445 3545.303932634 -1.86435988371 -3.67564757911 -6.47072059235
2023-12-27T02:59:00.000000 -1310.626055497 -5843.202977178 3149.130932735 -1.76734666497 -3.23243164767 -6.72995016424
2023-12-27T03:00:00.000000 -1413.549780504 -6023.468922336 2738.333290153 -1.66211326790 -2.77408625528 -6.95801563595
2023-12-27T03:01:00.000000 -1509.924886794 -6175.833114814 2314.814152521 -1.54914310373 -2.30273250366 -7.15383124210
2023-12-27T03:02:00.000000 -1599.302610970 -6299.580366233 1880.537386196 -1.42895704634 -1.82055784528 -7.31645979814
2023-12-27T03:03:00.000000 -1681.266523188 -6394.128488244 1437.518463996 -1.30211158246 -1.32980616220 -7.44511927807
2023-12-27T03:04:00.000000 -1755.434583535 -6459.031310362 987.814992423 -1.16919623295 -0.83276576538 -7.53918820066
2023-12-27T03:05:00.000000 -1821.461042139 -6493.981005857 533.516965985 -1.03083037721 -0.33175753537 -7.59820840622
2023-12-27T03:06:00.000000 -1879.038124041 -6498.809718261 76.736929217 -0.88766009851 0.17087498992 -7.62188699296
2023-12-27T03:07:00.000000 -1927.897550625 -6473.490655484 -380.400045511 -0.74035526706 0.67277531637 -7.61009983141
2023-12-27T03:08:00.000000 -1967.811862456 -6418.138467437 -835.766594270 -0.58960628557 1.17158688953 -7.56289562257
2023-12-27T03:09:00.000000 -1998.595550562 -6333.008833686 -1287.243510446 -0.43612006174 1.66496900898 -7.48049669321
2023-12-27T03:10:00.000000 -2020.105899860 -6218.497000884 -1732.730031644 -0.28061562578 2.15061171586 -7.36329488559
2023-12-27T03:11:00.000000 -2032.243606427 -6075.135626452 -2170.153839212 -0.12382035077 2.62624640848 -7.21184556492
2023-12-27T03:12:00.000000 -2034.953179828 -5903.592020961 -2597.480741702 0.03353296025 3.08965366553 -7.02686364649
2023-12-27T03:13:00.000000 -2028.223197177 -5704.664999929 -3012.724175109 0.19070896076 3.53867233063 -6.80922177249
2023-12-27T03:14:00.000000 -2012.086337493 -5479.280992552 -3413.954607255 0.34697351271 3.97121115799 -6.55994749093
2023-12-27T03:15:00.000000 -1986.619178512 -5228.489509000 -3799.308657451 0.50159825845 4.38526073454 -6.28021708872
2023-12-27T03:16:00.000000 -1951.941718081 -4953.457919844 -4166.997780734 0.65386485531 4.77890282579 -5.97134726345
2023-12-27T03:17:00.000000 -1908.216675304 -4655.465789882 -4515.316442096 0.80306798014 5.15031732282 -5.63478729651
2023-12-27T03:18:00.000000 -1855.648644874 -4335.898770445 -4842.649884215 0.94851745749 5.49778911977 -5.27211276802
2023-12-27T03:19:00.000000 -1794.483118282 -3996.242070254 -5147.481521685 1.08954078138 5.81971626551 -4.88501920837
2023-12-27T03:20:00.000000 -1725.005316303 -3638.073402786 -5428.399886995 1.22548669606 6.11461850252 -4.47531389136
2023-12-27T03:21:00.000000 -1647.538803288 -3263.055465730 -5684.105067494 1.35572908303 6.38114438024 -4.04490568015
2023-12-27T03:22:00.000000 -1562.443876761 -2872.928047860 -5913.414450344 1.47966992625 6.61807627949 -3.59579427151
2023-12-27T03:23:00.000000 -1470.115827538 -2469.499891449 -6115.267881606 1.59674112892 6.82433399099 -3.13006019847
2023-12-27T03:24:00.000000 -1370.983087867 -2054.640342206 -6288.732227252 1.70640615258 6.99897786132 -2.64985586148
2023-12-27T03:25:00.000000 -1265.505288769 -1630.270838420 -6433.005452952 1.80816234623 7.14121204175 -2.15739686308
2023-12-27T03:26:00.000000 -1154.171130007 -1198.356166079 -6547.420119967 1.90154364064 7.25038777542 -1.65495280792
2023-12-27T03:27:00.000000 -1037.496125164 -760.895551429 -6631.446339126 1.98612265193 7.32600629416 -1.14483719113
2023-12-27T03:28:00.000000 -916.020233536 -319.913592405 -6684.694074017 2.06151195593 7.36772084606 -0.62939687588
2023-12-27T03:29:00.000000 -790.305437323 122.548896184 -6706.914857471 2.12736531164 7.37533781868 -0.11100178806
2023-12-27T03:30:00.000000 -660.933210676 564.444092981 -6698.002848488 2.18337944274 7.34881727891 0.40796518915
2023-12-27T03:31:00.000000 -528.501890068 1003.726392229 -6657.995313764 2.22929578209 7.28827292071 0.92511861909
2023-12-27T03:32:00.000000 -393.623965256 1438.361592659 -6587.072448129 2.26490120219 7.19397104647 1.43808096203
2023-12-27T03:33:00.000000 -256.923351716 1866.336009064 -6485.556639422 2.29002786619 7.06632876364 1.94449194951
2023-12-27T03:34:00.000000 -119.032672703 2285.665465723 -6353.911162039 2.30455355534 6.90591255833 2.44201659540
2023-12-27T03:35:00.000000 19.409524851 2694.404252117 -6192.738435049 2.30840331718 6.71343796906 2.92835355052
2023-12-27T03:36:00.000000 157.761661810 3090.654041776 -6002.777669638 2.30155156005 6.48976921467 3.40124577835
2023-12-27T03:37:00.000000 295.382140790 3472.572787352 -5784.901882696 2.28402295165 6.23591678958 3.85849305392
2023-12-27T03:38:00.000000 431.632330064 3838.383329909 -5540.114085272 2.25589164021 5.95303256954 4.29796375930
2023-12-27T03:39:00.000000 565.879498604 4186.381725787 -5269.542894545 2.21727997175 5.64240412357 4.71760441652
2023-12-27T03:40:00.000000 697.499687103 4514.945221299 -4974.437562139 2.16835792774 5.30544969899 5.11544798961
2023-12-27T03:41:00.000000 825.880566208 4822.539970431 -4656.162577901 2.10934329156 4.94371342915 5.48962275996
2023-12-27T03:42:00.000000 950.424312202 5107.728406896 -4316.191617078 2.04050175221 4.55885969650 5.83836200986
2023-12-27T03:43:00.000000 1070.550469532 5369.176269346 -3956.100970833 1.96214640345 4.15266622936 6.16001369357
2023-12-27T03:44:00.000000 1185.698761499 5605.659163758 -3577.562379358 1.87463655951 3.72701633381 6.45304961580
2023-12-27T03:45:00.000000 1295.331813948 5816.068647500 -3182.335339581 1.77837600072 3.28389028689 6.71607407746
2023-12-27T03:46:00.000000 1398.937763330 5999.417775229 -2772.258924438 1.67381091647 2.82535582507 6.94783163003
2023-12-27T03:47:00.000000 1496.032741332 6154.846039523 -2349.243155315 1.56142798836 2.35355824931 7.14721371849
2023-12-27T03:48:00.000000 1586.163250837 6281.623727929 -1915.260004802 1.44175265830 1.87071054090 7.31326487248
2023-12-27T03:49:00.000000 1668.908429818 6379.155674537 -1472.334020983 1.31534692176 1.37908287235 7.44518901352
2023-12-27T03:50:00.000000 1743.882157984 6446.984357222 -1022.532596197 1.18280605645 0.88099069366 7.54235504042
2023-12-27T03:51:00.000000 1810.734931991 6484.792213669 -567.955945582 1.04475482717 0.37878196932 7.60430025521
2023-12-27T03:52:00.000000 1869.155536443 6492.403226568 -110.726954308 0.90184429337 -0.12517497849 7.63073183979
2023-12-27T03:53:00.000000 1918.872544217 6469.783801310 347.019052758 0.75474931269 -0.62850274272 7.62152807558
2023-12-27T03:54:00.000000 1959.655666229 6417.042984652 803.144615729 0.60416553863 -1.12882649676 7.57674008729
2023-12-27T03:55:00.000000 1991.316868449 6334.431908915 1255.520561643 0.45080512563 -1.62378685744 7.49659276982
2023-12-27T03:56:00.000000 2013.711221612 6222.342472879 1702.036394353 0.29539198418 -2.11105318940 7.38148341464
2023-12-27T03:57:00.000000 2026.737483913 6081.305227930 2140.610546026 0.13865787990 -2.58833619991 7.23197828704
2023-12-27T03:58:00.000000 2030.338478101 5911.986558634 2569.200384478 -0.01866062130 -3.05339973074 7.04880826517
2023-12-27T03:59:00.000000 2024.501284632 5715.185134992 2985.811947107 -0.17582544119 -3.50407201870 6.83286382533
2023-12-27T04:00:00.000000 2009.257216810 5491.827740769 3388.509339613 -0.33210089342 -3.93825601697 6.58518906421
2023-12-27T04:01:00.000000 1984.681560772 5242.964505802 3775.423759244 -0.48675748960 -4.35393845491 6.30697522418
2023-12-27T04:02:00.000000 1950.893104878 4969.763640736 4144.762135818 -0.63907515464 -4.74919843001 5.99955436631
2023-12-27T04:03:00.000000 1908.053481275 4673.505607259 4494.815383053 -0.78834641192 -5.12221643770 5.66439270447
2023-12-27T04:04:00.000000 1856.366299865 4355.576772726 4823.966213069 -0.93388013471 -5.47128320196 5.30308251060
2023-12-27T04:05:00.000000 1796.076049767 4017.462565555 5130.696423774 -1.07500540394 -5.79480695043 4.91733288485
2023-12-27T04:06:00.000000 1727.466788775 3660.740252298 5413.593640769 -1.21107465060 -6.09131928945 4.50896070925
2023-12-27T04:07:00.000000 1650.860666057 3287.071350760 5671.357514952 -1.34146611962 -6.35948115197 4.07988179575
2023-12-27T04:08:00.000000 1566.616301821 2898.193692315 5902.805363069 -1.46558626127 -6.59808873429 3.63210070420
2023-12-27T04:09:00.000000 1475.127023223 2495.913173585 6106.877146853 -1.58287205562 -6.80607745305 3.16769921503
2023-12-27T04:10:00.000000 1376.818978459 2082.095351228 6282.639792190 -1.69279278445 -6.98252325596 2.68882600630
2023-12-27T04:11:00.000000 1272.149154061 1658.656982575 6429.290959882 -1.79485144916 -7.12664390675 2.19768914692
2023-12-27T04:12:00.000000 1161.603299118 1227.557420269 6546.162400537 -1.88858667218 -7.23780261038 1.69654903293
2023-12-27T04:13:00.000000 1045.693715136 790.789748484 6632.722815055 -1.97357514594 -7.31551242848 1.18770850869
2023-12-27T04:14:00.000000 924.956908841 350.371713797 6688.580060367 -2.04943359786 -7.35943805180 0.67350081065
2023-12-27T04:15:00.000000 799.951157004 -91.663342668 6713.482622622 -2.11581977052 -7.36939490554 0.15627896914
2023-12-27T04:16:00.000000 671.254017458 -533.275514250 6707.320549535 -2.17243340187 -7.34534878060 -0.36159245893
2023-12-27T04:17:00.000000 539.459759666 -972.427383197 6670.125887108 -2.21901803702 -7.28741705044 -0.87774638025
2023-12-27T04:18:00.000000 405.176679813 -1407.093130235 6602.072513105 -2.25536283551 -7.19586870276 -1.38982443890
2023-12-27T04:19:00.000000 269.024343524 -1835.267551852 6503.475271702 -2.28130304580 -7.07112160312 -1.89548776526
2023-12-27T04:20:00.000000 131.630818273 -2254.974931349 6374.788529151 -2.29671962895 -6.91373987707 -2.39242493708
2023-12-27T04:21:00.000000 -6.370050998 -2664.277750018 6216.604349717 -2.30153965979 -6.72443348394 -2.87835992725
2023-12-27T04:22:00.000000 -144.341469335 -3061.285465866 6029.650013452 -2.29573770047 -6.50405749910 -3.35106307831
2023-12-27T04:23:00.000000 -281.646555866 -3444.163077586 5814.784892119 -2.27933641127 -6.25360756076 -3.80836295681
2023-12-27T04:24:00.000000 -417.651219641 -3811.139408699 5572.996674010 -2.25240573958 -5.97421388161 -4.24815448463
2023-12-27T04:25:00.000000 -551.726958265 -4160.515022742 5305.397229505 -2.21506229254 -5.66713837672 -4.66840487529
2023-12-27T04:26:00.000000 -683.253690433 -4490.670153754 5013.217996859 -2.16747028132 -5.33377401577 -5.06716318450
2023-12-27T04:27:00.000000 -811.622645170 -4800.072426129 4697.804664295 -2.10984248772 -4.97563968182 -5.44257410302
2023-12-27T04:28:00.000000 -936.239245919 -5087.284121555 4360.611097781 -2.04243899468 -4.59436919661 -5.79288894743
2023-12-27T04:29:00.000000 -1056.525870330 -5350.968722914 4003.192749001 -1.96556423182 -4.19170168618 -6.11646978225
2023-12-27T04:30:00.000000 -1171.924437578 -5589.897145902 3627.199968192 -1.87956513099 -3.76947876851 -6.41179260273
2023-12-27T04:31:00.000000 -1281.898966619 -5802.953864837 3234.370892262 -1.78483141126 -3.32964329529 -6.67745705664
2023-12-27T04:32:00.000000 -1385.938143391 -5989.142750220 2826.523635016 -1.68179585703 -2.87423076808 -6.91220068850
2023-12-27T04:33:00.000000 -1483.557886437 -6147.592225785 2405.547623091 -1.57093249859 -2.40535395037 -7.11490884054
2023-12-27T04:34:00.000000 -1574.303700849 -6277.559420243 1973.394667984 -1.45275318300 -1.92518881561 -7.28461731740
2023-12-27T04:35:00.000000 -1657.752861972 -6378.433709103 1532.069892552 -1.32780460993 -1.43596632692 -7.42051367831
2023-12-27T04:36:00.000000 -1733.516441218 -6449.739789619 1083.622492500 -1.19666643110 -0.93996555103 -7.52194222093
2023-12-27T04:37:00.000000 -1801.241236782 -6491.140318993 630.136141560 -1.05994939391 -0.43950302761 -7.58841051454
2023-12-27T04:38:00.000000 -1860.611557180 -6502.437724331 173.719051751 -0.91829261803 0.06308054220 -7.61959336807
2023-12-27T04:39:00.000000 -1911.350820488 -6483.575282498 -283.506110848 -0.77235996744 0.56543292587 -7.61533437726
2023-12-27T04:40:00.000000 -1953.222913120 -6434.637446517 -739.412390820 -0.62283585179 1.06520206228 -7.57564694776
2023-12-27T04:41:00.000000 -1986.033296880 -6355.849504321 -1191.878731555 -0.47042091062 1.56004830872 -7.50071440952
2023-12-27T04:42:00.000000 -2009.629861512 -6247.576432986 -1638.800133900 -0.31582824923 2.04765652995 -7.39088805124
2023-12-27T04:43:00.000000 -2023.903581093 -6110.321115361 -2078.097639982 -0.15978041599 2.52574683005 -7.24668424665
2023-12-27T04:44:00.000000 -2028.788987615 -5944.721896507 -2507.728171792 -0.00300648097 2.99208490695 -7.06878222630
2023-12-27T04:45:00.000000 -2024.264476309 -5751.549555341 -2925.694227864 0.15376151229 3.44449356077 -6.85802143227
2023-12-27T04:46:00.000000 -2010.352350111 -5531.703479211 -3330.053365933 0.30979244615 3.88086430192 -6.61539671497
2023-12-27T04:47:00.000000 -1987.118662901 -5286.207255142 -3718.927341258 0.46435972093 4.29916743821 -6.34205210685
2023-12-27T04:48:00.000000 -1954.672840112 -5016.203639998 -4090.510872649 0.61674456114 4.69746120126 -6.03927476175
2023-12-27T04:49:00.000000 -1913.167121235 -4722.949051291 -4443.080044744 0.76623952905 5.07390123703 -5.70848834756
2023-12-27T04:50:00.000000 -1862.795757159 -4407.807403123 -4775.000250337 0.91215204799 5.42674939931 -5.35124470841
2023-12-27T04:51:00.000000 -1803.794034144 -4072.243550565 -5084.733616666 1.05380740852 5.75438042309 -4.96921506369
2023-12-27T04:52:00.000000 -1736.437109888 -3717.816310148 -5370.845932423 1.19055149445 6.05528782355 -4.56418262614
2023-12-27T04:53:00.000000 -1661.038702904 -3346.171176003 -5632.013164921 1.32175400083 6.32809121318 -4.13803506316
2023-12-27T04:54:00.000000 -1577.949541768 -2959.032474255 -5867.027419841 1.44681189020 6.57154365941 -3.69275420533
2023-12-27T04:55:00.000000 -1487.555654398 -2558.195237188 -6074.802236310 1.56515198719 6.78453597488 -3.23040408530
2023-12-27T04:56:00.000000 -1390.276518056 -2145.516852045 -6254.377211406 1.67623245958 6.96609834361 -2.75312122536
2023-12-27T04:57:00.000000 -1286.563153047 -1722.908685243 -6404.922125563 1.77954434489 7.11540292254 -2.26310739943
2023-12-27T04:58:00.000000 -1176.896068572 -1292.327381830 -6525.740626665 1.87461389230 7.23176848217 -1.76262146712
2023-12-27T04:59:00.000000 -1061.783079514 -855.765967196 -6616.273337660 1.96100511660 7.31466419964 -1.25396848516
2023-12-27T05:00:00.000000 -941.756972849 -415.244757681 -6676.100289160 2.03832181188 7.36371102529 -0.73948857233
2023-12-27T05:01:00.000000 -817.373076080 27.197746273 -6704.942723807 2.10620921429 7.37868242115 -0.22154705533
2023-12-27T05:02:00.000000 -689.206717257 469.514067335 -6702.664308763 2.16435556392 7.35950565453 0.29747570638
2023-12-27T05:03:00.000000 -557.850616717 909.656978601 -6669.271700568 2.21249300933 7.30626169150 0.81519561957
2023-12-27T05:04:00.000000 -423.912240966 1345.588675124 -6604.914459818 2.25039770473 7.21918297442 1.32923469446
2023-12-27T05:05:00.000000 -288.011165147 1775.289787112 -6509.884462581 2.27789025705 7.09865182154 1.83722817442
2023-12-27T05:06:00.000000 -150.776347949 2196.768408314 -6384.614891789 2.29483756401 6.94520152476 2.33683210328
2023-12-27T05:07:00.000000 -12.843285464 2608.069196091 -6229.678667326 2.30115508492 6.75951743542 2.82573464898
2023-12-27T05:08:00.000000 125.148932476 3007.282428866 -6045.786127194 2.29680772070 6.54243453695 3.30166938679
2023-12-27T05:09:00.000000 262.560582843 3392.552859263 -5833.781939995 2.28180908187 6.29493233815 3.76242636579
2023-12-27T05:10:00.000000 398.754194384 3762.088222430 -5594.641467510 2.25622065842 6.01813040144 4.20586055331
2023-12-27T05:11:00.000000 533.097424013 4114.167557523 -5329.466618162 2.22015191581 5.71328527861 4.62990036045
2023-12-27T05:12:00.000000 664.965945371 4447.149306172 -5039.481137345 2.17376083920 5.38178688536 5.03255765587
2023-12-27T05:13:00.000000 793.746377574 4759.479196350 -4726.025304022 2.11725405183 5.02515331129 5.41193811488
2023-12-27T05:14:00.000000 918.839180432 5049.697724326 -4390.549987125 2.05088627769 4.64502463682 5.76625117099
2023-12-27T05:15:00.000000 1039.661516810 5316.447279564 -4034.610134291 1.97495932261 4.24315586195 6.09381976920
2023-12-27T05:16:00.000000 1155.650036517 5558.478794107 -3659.857683289 1.88982070163 3.82140859974 6.39308936129
2023-12-27T05:17:00.000000 1266.263574822 5774.657873387 -3268.033972964 1.79586220603 3.38174242343 6.66263542999
2023-12-27T05:18:00.000000 1370.985771932 5963.970440391 -2860.961746073 1.69351864195 2.92620681227 6.90117055985
2023-12-27T05:19:00.000000 1469.327610797 6125.527872917 -2440.536671521 1.58326633090 2.45693267469 7.10755253704
2023-12-27T05:20:00.000000 1560.829841229 6258.571586743 -2008.718387454 1.46562068829 1.97612168104 7.28079251477
2023-12-27T05:21:00.000000 1645.065231766 6362.476910231 -1567.521107980 1.34113306379 1.48603402327 7.42006100457
2023-12-27T05:22:00.000000 1721.640635214 6436.756251396 -1119.003936227 1.21038779085 0.98897674259 7.52469161455
2023-12-27T05:23:00.000000 1790.198892700 6481.061569749 -665.260981996 1.07399976118 0.48729280718 7.59418452805
2023-12-27T05:24:00.000000 1850.420592142 6495.186191777 -208.411253039 0.93261178367 -0.01665070048 7.62821012260
2023-12-27T05:25:00.000000 1902.025640749 6479.065858755 249.411627755 0.78689119292 -0.52047562780 7.62661121655
2023-12-27T05:26:00.000000 1944.774633931 6432.779024617 706.069797612 0.63752616210 -1.02180547544 7.58940335741
2023-12-27T05:27:00.000000 1978.469992979 6356.546379581 1159.431493476 0.48522224382 -1.51827726120 7.51677437392
2023-12-27T05:28:00.000000 2002.956909179 6250.729691357 1607.381376126 0.33069890254 -2.00755354391 7.40908364207
2023-12-27T05:29:00.000000 2018.124058961 6115.829886199 2047.830762859 0.17468563266 -2.48733492086 7.26686004688
2023-12-27T05:30:00.000000 2023.904092296 5952.484425879 2478.727709080 0.01791784107 -2.95537196145 7.09079829466
2023-12-27T05:31:00.000000 2020.273856839 5761.463951547 2898.066812296 -0.13886716705 -3.40947636813 6.88175447160
2023-12-27T05:32:00.000000 2007.254397683 5543.668291358 3303.898752578 -0.29493415063 -3.84753215618 6.64074085636
2023-12-27T05:33:00.000000 1984.910710673 5300.121785287 3694.339456591 -0.44955386067 -4.26750639420 6.36891901496
2023-12-27T05:34:00.000000 1953.351282896 5031.968043187 4067.578833612 -0.60200650464 -4.66745786887 6.06759174767
2023-12-27T05:35:00.000000 1912.727432196 4740.464218493 4421.889011664 -0.75158453422 -5.04554399472 5.73819604789
2023-12-27T05:36:00.000000 1863.232496598 4426.974874358 4755.632221172 -0.89759533748 -5.40002854754 5.38229726849
2023-12-27T05:37:00.000000 1805.100839051 4092.965314876 5067.268277084 -1.03936451062 -5.72929117038 5.00158182126
2023-12-27T05:38:00.000000 1738.606654059 3739.994372653 5355.361576437 -1.17623953570 -6.03183608256 4.59784670667
2023-12-27T05:39:00.000000 1664.062540938 3369.706744781 5618.587347564 -1.30759319140 -6.30629741771 4.17298782635
2023-12-27T05:40:00.000000 1581.817900891 2983.825110317 5855.737285439 -1.43282642148 -6.55144204492 3.72898998134
2023-12-27T05:41:00.000000 1492.257169575 2584.142076678 6065.724627872 -1.55137078135 -6.76617248624 3.26791868137
2023-12-27T05:42:00.000000 1395.797923136 2172.511943549 6247.588771015 -1.66269043131 -6.94953103796 2.79191180715
2023-12-27T05:43:00.000000 1292.888871374 1750.842158660 6400.499310754 -1.76628357575 -7.10070419016 2.30316995802
2023-12-27T05:44:00.000000 1184.007780357 1321.084565907 6523.759492438 -1.86168367971 -7.21902608594 1.80394567406
2023-12-27T05:45:00.000000 1069.659313280 885.226485227 6616.808993659 -1.94846089322 -7.30398011890 1.29653254475
2023-12-27T05:46:00.000000 950.372786636 445.281757661 6679.226101193 -2.02622372795 -7.35519882317 0.78325552084
2023-12-27T05:47:00.000000 826.699809218 3.281800358 6710.729334515 -2.09462079353 -7.37246384352 0.26646295072
2023-12-27T05:48:00.000000 699.211826096 -438.733378722 6711.178620046 -2.15334260050 -7.35570760030 -0.25148148888
2023-12-27T05:49:00.000000 568.497548524 -878.724292420 6680.575896100 -2.20212335310 -7.30501537649 -0.76820938314
2023-12-27T05:50:00.000000 435.160290324 -1314.661158444 6619.065050676 -2.24074226758 -7.22062475600 -1.28135987433
2023-12-27T05:51:00.000000 299.815248560 -1744.532924811 6526.931141023 -2.26902413330 -7.10292215662 -1.78858996537
2023-12-27T05:52:00.000000 163.086754436 -2166.356133851 6404.599045848 -2.28683956927 -6.95244035230 -2.28758181089
2023-12-27T05:53:00.000000 25.605520673 -2578.183668881 6252.631806815 -2.29410551887 -6.76985843426 -2.77605072395
2023-12-27T05:54:00.000000 -111.994163961 -2978.113545863 6071.728259630 -2.29078582826 -6.55600113062 -3.25175631382
2023-12-27T05:55:00.000000 -249.077253938 -3364.297526385 5862.720053429 -2.27689148028 -6.31183449141 -3.71251396296
2023-12-27T05:56:00.000000 -385.010781230 -3734.949448511 5626.568006422 -2.25248072414 -6.03846060976 -4.15620311003
2023-12-27T05:57:00.000000 -519.166697993 -4088.353273884 5364.358087276 -2.21765941030 -5.73711478469 -4.58077448796
2023-12-27T05:58:00.000000 -650.924739118 -4422.871033073 5077.296837073 -2.17258106004 -5.40916353891 -4.98426035634
2023-12-27T05:59:00.000000 -779.675260565 -4736.950550277 4766.706110637 -2.11744600091 -5.05609877203 -5.36478637988
2023-12-27T06:00:00.000000 -904.822013967 -5029.132705108 4434.017191889 -2.05250023995 -4.67952879023 -5.72058011006
2023-12-27T06:01:00.000000 -1025.784873980 -5298.058185103 4080.764529472 -1.97803523647 -4.28117133782 -6.04997598229
2023-12-27T06:02:00.000000 -1142.002573284 -5542.473926296 3708.579145656 -1.89438823114 -3.86285018230 -6.35142237985
2023-12-27T06:03:00.000000 -1252.935434811 -5761.239370272 3319.181447052 -1.80194128522 -3.42649023560 -6.62349321603
2023-12-27T06:04:00.000000 -1358.067983805 -5953.332246364 2914.373349256 -1.70111851872 -2.97410755921 -6.86489929447
2023-12-27T06:05:00.000000 -1456.911382166 -6117.853675908 2496.029837535 -1.59238326503 -2.50779710517 -7.07449497405
2023-12-27T06:06:00.000000 -1549.005722917 -6254.032574642 2066.090228145 -1.47623655544 -2.02972241185 -7.25128202723
2023-12-27T06:07:00.000000 -1633.922266328 -6361.229509777 1626.549184080 -1.35321585168 -1.54210655898 -7.39441487929
2023-12-27T06:08:00.000000 -1711.265549196 -6438.939953901 1179.447370444 -1.22389235644 -1.04722148244 -7.50320669438
2023-12-27T06:09:00.000000 -1780.675300321 -6486.796860597 726.861794054 -1.08886732231 -0.54737592403 -7.57713333655
2023-12-27T06:10:00.000000 -1841.828146240 -6504.572532323 270.895979314 -0.94876905400 -0.04490433061 -7.61583515624
2023-12-27T06:11:00.000000 -1894.439170978 -6492.179852582 -186.329955290 -0.80425072108 0.45784355631 -7.61911911569
2023-12-27T06:12:00.000000 -1938.263323618 -6449.672852618 -642.689366252 -0.65598749367 0.95851448670 -7.58696123378
2023-12-27T06:13:00.000000 -1973.096626486 -6377.246544556 -1096.059266145 -0.50467256258 1.45476457536 -7.51950712396
2023-12-27T06:14:00.000000 -1998.777136044 -6275.235994726 -1544.330454963 -0.35101330671 1.94427106198 -7.41707035104
2023-12-27T06:15:00.000000 -2015.185705002 -6144.114740046 -1985.417543966 -0.19572839036 2.42474288351 -7.28013081614
2023-12-27T06:16:00.000000 -2022.246567563 -5984.492537812 -2417.268891290 -0.03954479341 2.89393221872 -7.10933351108
2023-12-27T06:17:00.000000 -2019.927731861 -5797.112404008 -2837.876445576 0.11680620368 3.34964726152 -6.90548548793
2023-12-27T06:18:00.000000 -2008.241097955 -5582.846883693 -3245.285300733 0.27259354248 3.78976389535 -6.66955010015
2023-12-27T06:19:00.000000 -1987.242323428 -5342.693703834 -3637.602879030 0.42709033027 4.21223508768 -6.40264052287
2023-12-27T06:20:00.000000 -1957.030464176 -5077.770872362 -4013.007733679 0.57957724365 4.61509960899 -6.10601396968
2023-12-27T06:21:00.000000 -1917.747426365 -4789.311274903 -4369.758028779 0.72934600243 4.99649133017 -5.78106548777
2023-12-27T06:22:00.000000 -1869.577193480 -4478.656684129 -4706.199572662 0.87570280613 5.35464809101 -5.42932017936
2023-12-27T06:23:00.000000 -1812.744871995 -4147.251298124 -5020.773374809 1.01797118546 5.68791914046 -5.05242481220
2023-12-27T06:24:00.000000 -1747.515568349 -3796.634837271 -5312.022689682 1.15549452246 5.99477196693 -4.65213983503
2023-12-27T06:25:00.000000 -1674.193123547 -3428.435259604 -5578.599612405 1.28763898570 6.27379924684 -4.23033099032
2023-12-27T06:26:00.000000 -1593.118640363 -3044.361047545 -5819.271098859 1.41379685365 6.52372496965 -3.78895961191
2023-12-27T06:27:00.000000 -1504.668829974 -2646.193193836 -6032.924401141 1.53338933564 6.74340884495 -3.33007245502
2023-12-27T06:28:00.000000 -1409.254209201 -2235.776941176 -6218.571889274 1.64586848832 6.93184981455 -2.85579220891
2023-12-27T06:29:00.000000 -1307.317209939 -1815.013335939 -6375.355353942 1.75071883715 7.08818962415 -2.36830833824
2023-12-27T06:30:00.000000 -1199.330168274 -1385.850552083 -6502.549718450 1.84745941858 7.21171603385 -1.86986763368
2023-12-27T06:31:00.000000 -1085.793181422 -950.275056756 -6599.566204513 1.93564623468 7.30186523969 -1.36276485873
2023-12-27T06:32:00.000000 -967.231815614 -510.302628441 -6665.954913761 2.01487466676 7.35822435740 -0.84933346919
2023-12-27T06:33:00.000000 -844.194683228 -67.969224867 -6701.406867613 2.08478141940 7.38053406854 -0.33193504496
2023-12-27T06:34:00.000000 -717.250922779 374.678274714 -6705.755322886 2.14504570192 7.36868952761 0.18705285069
2023-12-27T06:35:00.000000 -586.987633205 815.591286444 -6678.976390451 2.19538973605 7.32273841720 0.70524767813
2023-12-27T06:36:00.000000 -454.007273860 1252.728611407 -6621.189071856 2.23557934441 7.24287879424 1.22026952234
2023-12-27T06:37:00.000000 -318.925014600 1684.065452228 -6532.654931870 2.26542536967 7.12945978475 1.72974771513
2023-12-27T06:38:00.000000 -182.365976748 2107.602548895 -6413.777266298 2.28478559197 6.98298392719 2.23133084500
2023-12-27T06:39:00.000000 -44.962374914 2521.375395334 -6265.099536433 2.29356585043 6.80410661694 2.72270022032
2023-12-27T06:40:00.000000 92.649366919 2923.463287182 -6087.303027761 2.29171983724 6.59363146319 3.20158206024
2023-12-27T06:41:00.000000 229.831468539 3311.998055234 -5881.203892643 2.27924855806 6.35250522050 3.66575569652
2023-12-27T06:42:00.000000 365.947630554 3685.172553720 -5647.749763951 2.25620069450 6.08181554464 4.11306061855
2023-12-27T06:43:00.000000 500.365935014 4041.249108455 -5388.015857644 2.22267363040 5.78278979879 4.54140633508
2023-12-27T06:44:00.000000 632.461780628 4378.567788334 -5103.200416028 2.17881389523 5.45679126283 4.94878452568
2023-12-27T06:45:00.000000 761.620819034 4695.554374127 -4794.619433773 2.12481657913 5.10531251927 5.33328014284
2023-12-27T06:46:00.000000 887.241841808 4990.727907397 -4463.700781600 2.06092442620 4.72996852258 5.69308032842
2023-12-27T06:47:00.000000 1008.739617059 5262.707838919 -4111.977824188 1.98742716923 4.33249029915 6.02648302708
2023-12-27T06:48:00.000000 1125.547689018 5510.220793727 -3741.082493689 1.90466072541 3.91471785571 6.33190628110
2023-12-27T06:49:00.000000 1237.121105133 5732.106844346 -3352.737810629 1.81300575460 3.47859156375 6.60789707612
2023-12-27T06:50:00.000000 1342.939052848 5927.325280913 -2948.749921412 1.71288585310 3.02614309798 6.85313878912
2023-12-27T06:51:00.000000 1442.507379842 6094.959806864 -2530.999703848 1.60476591351 2.55948666014 7.06645813175
2023-12-27T06:52:00.000000 1535.361029180 6234.223227902 -2101.433951489 1.48915050391 2.08080954198 7.24683242708
2023-12-27T06:53:00.000000 1621.066348156 6344.461492549 -1662.056125845 1.36658161365 1.59236107955 7.39339648885
2023-12-27T06:54:00.000000 1699.223258264 6425.157090076 -1214.916736653 1.23763558453 1.09644066649 7.50544792271
2023-12-27T06:55:00.000000 1769.467203159 6475.931666332 -762.103457103 1.10291974499 0.59538588415 7.58245090952
2023-12-27T06:56:00.000000 1831.470919916 6496.547983568 -305.731035702 0.96306928878 0.09156077737 7.62403921798
2023-12-27T06:57:00.000000 1884.946013560 6486.911119373 152.068954731 0.81874432641 -0.41265634693 7.63001859647
2023-12-27T06:58:00.000000 1929.644372085 6447.068982760 609.158482757 0.67062667414 -0.91488563651 7.60036811298
2023-12-27T06:59:00.000000 1965.359347811 6377.211986745 1063.403465140 0.51941617077 -1.41275848718 7.53524022286
2023-12-27T07:00:00.000000 1991.926728375 6277.672014288 1512.684140806 0.36582675679 -1.90393020024 7.43495951559
2023-12-27T07:01:00.000000 2009.225460976 6148.920588418 1954.905321329 0.21058267126 -2.38609227199 7.30002004164
2023-12-27T07:02:00.000000 2017.178171288 5991.566387083 2388.006455874 0.05441484851 -2.85698386568 7.13108150165
2023-12-27T07:03:00.000000 2015.751448443 5806.352030374 2809.971438718 -0.10194270777 -3.31440240991 6.92896510585
2023-12-27T07:04:00.000000 2004.955919943 5594.150290388 3218.838181464 -0.25775677507 -3.75621412137 6.69464930648
2023-12-27T07:05:00.000000 1984.846081726 5355.959614213 3612.707879242 -0.41229881434 -4.18036498034 6.42926448672
2023-12-27T07:06:00.000000 1955.519915482 5092.899045834 3989.753949128 -0.56484853669 -4.58489137559 6.13408579454
2023-12-27T07:07:00.000000 1917.118290586 4806.202490204 4348.230440833 -0.71469706415 -4.96792923746 5.81052471271
2023-12-27T07:08:00.000000 1869.824190948 4497.212526464 4686.479977231 -0.86115007383 -5.32772157859 5.46012063034
2023-12-27T07:09:00.000000 1813.861733771 4167.373755310 5002.941165726 -1.00353121047 -5.66262525462 5.08453268573
2023-12-27T07:10:00.000000 1749.494998535 3818.225810217 5296.155558892 -1.14118546671 -5.97111726962 4.68553125238
2023-12-27T07:11:00.000000 1677.026649667 3451.395948658 5564.774038036 -1.27348198486 -6.25180031207 4.26498909807
2023-12-27T07:12:00.000000 1596.796424156 3068.591376588 5807.562715136 -1.39981633577 -6.50340781682 3.82487284782
2023-12-27T07:13:00.000000 1509.179467274 2671.591224446 6023.408289236 -1.51961286729 -6.72480941060 3.36723454554
2023-12-27T07:14:00.000000 1414.584540312 2262.238229771 6211.322926841 -1.63232746980 -6.91501665047 2.89420184179
2023-12-27T07:15:00.000000 1313.452030020 1842.430054512 6370.448415875 -1.73745031358 -7.07318737019 2.40796613786
2023-12-27T07:16:00.000000 1206.251834967 1414.110464459 6500.059633806 -1.83450783652 -7.19862717345 1.91077024185
2023-12-27T07:17:00.000000 1093.481146266 979.260456029 6599.567298822 -1.92306381417 -7.29078880433 1.40489814202
2023-12-27T07:18:00.000000 975.662195809 539.889475238 6668.520219196 -2.00272013269 -7.34927192135 0.89266743379
2023-12-27T07:19:00.000000 853.339927173 98.026528513 6706.607091672 -2.07311798197 -7.37382498440 0.37642238867
2023-12-27T07:20:00.000000 727.079591344 -344.288825997 6713.657853828 -2.13393958454 -7.36434820876 -0.14147513485
2023-12-27T07:21:00.000000 597.464231041 -785.015627489 6689.644390206 -2.18490994761 -7.32089492569 -0.65865719584
2023-12-27T07:22:00.000000 465.092070603 -1222.120691396 6634.680556113 -2.22579816166 -7.24367034704 -1.17276133855
2023-12-27T07:23:00.000000 330.573842459 -1653.587636396 6549.021553470 -2.25641836474 -7.13302901896 -1.68144016489
2023-12-27T07:24:00.000000 194.530056135 -2077.425786149 6433.062748099 -2.27663066094 -6.98947316280 -2.18236973245
2023-12-27T07:25:00.000000 57.588217809 -2491.679004030 6287.338021946 -2.28634178005 -6.81365155927 -2.67325880816
2023-12-27T07:26:00.000000 -79.619968789 -2894.434424361 6112.517499407 -2.28550499115 -6.60635725257 -3.15185895244
2023-12-27T07:27:00.000000 -216.461379040 -3283.831006782 5909.404701822 -2.27411963766 -6.36852414812 -3.61597342127
2023-12-27T07:28:00.000000 -352.304238328 -3658.067902788 5678.933199787 -2.25223154697 -6.10122456683 -4.06346496057
2023-12-27T07:29:00.000000 -486.520954210 -4015.412719734 5422.162780640 -2.21993457014 -5.80566769333 -4.49226546753
2023-12-27T07:30:00.000000 -618.491034412 -4354.209636779 5140.274945507 -2.17737151566 -5.48319551950 -4.90038871106
2023-12-27T07:31:00.000000 -747.603990917 -4672.887126571 4834.567603113 -2.12473268634 -5.13527439196 -5.28594191485
2023-12-27T07:32:00.000000 -873.262110735 -4969.965146609 4506.449254667 -2.06225314871 -4.76348622461 -5.64713197454
2023-12-27T07:33:00.000000 -994.883100241 -5244.061925434 4157.432900246 -1.99021169803 -4.36952434251 -5.98226903005
2023-12-27T07:34:00.000000 -1111.902728046 -5493.900595019 3789.129680219 -1.90893235875 -3.95519218955 -6.28977457345
2023-12-27T07:35:00.000000 -1223.777601942 -5718.315677930 3403.241741013 -1.81878542068 -3.52239754040 -6.56819528785
2023-12-27T07:36:00.000000 -1329.987881898 -5916.258975111 3001.554352390 -1.72018504954 -3.07313945774 -6.81621533870
2023-12-27T07:37:00.000000 -1430.039783741 -6086.804624923 2585.927479859 -1.61358468197 -2.60949432239 -7.03266113281
2023-12-27T07:38:00.000000 -1523.467814288 -6229.153422530 2158.287212753 -1.49947399660 -2.13360762803 -7.21650213187
2023-12-27T07:39:00.000000 -1609.836947340 -6342.636870093 1720.617079065 -1.37837871408 -1.64768930406 -7.36685561957
2023-12-27T07:40:00.000000 -1688.744778397 -6426.720795990 1274.948905391 -1.25086038895 -1.15400515326 -7.48299611874
2023-12-27T07:41:00.000000 -1759.823603947 -6481.008298612 823.353122698 -1.11751349526 -0.65486238565 -7.56436331190
2023-12-27T07:42:00.000000 -1822.742259315 -6505.241767592 367.928746243 -0.97896053620 -0.15259448999 -7.61056425903
2023-12-27T07:43:00.000000 -1877.207659769 -6499.304097779 -89.206627717 -0.83584782641 0.35045028338 -7.62137272097
2023-12-27T07:44:00.000000 -1922.966142499 -6463.219271267 -545.926838669 -0.68884291233 0.85191848191 -7.59672972364
2023-12-27T07:45:00.000000 -1959.804685448 -6397.152373121 -1000.107250901 -0.53863237331 1.34946256731 -7.53674520381
2023-12-27T07:46:00.000000 -1987.551957535 -6301.408841599 -1449.634899364 -0.38591879532 1.84075362573 -7.44169807432
2023-12-27T07:47:00.000000 -2006.079173230 -6176.432992303 -1892.418575959 -0.23141709045 2.32349346058 -7.31203420727
2023-12-27T07:48:00.000000 -2015.300712473 -6022.805820655 -2326.398765725 -0.07585070678 2.79542547354 -7.14836379038
2023-12-27T07:49:00.000000 -2015.174524515 -5841.242216137 -2749.557427470 0.08005231113 3.25434547393 -6.95145848967
2023-12-27T07:50:00.000000 -2005.702273135 -5632.587463970 -3159.927569803 0.23556351693 3.69811283151 -6.72224757014
2023-12-27T07:51:00.000000 -1986.929240544 -5397.813111621 -3555.602557830 0.38995807689 4.12466130701 -6.46181257731
2023-12-27T07:52:00.000000 -1958.944002879 -5138.012184336 -3934.745056499 0.54251804715 4.53200917040 -6.17138103739
2023-12-27T07:53:00.000000 -1921.877942231 -4854.393846202 -4295.595592637 0.69253503578 4.91826863986 -5.85231943414
2023-12-27T07:54:00.000000 -1875.904589891 -4548.277493621 -4636.480659285 0.83931295552 5.28165436025 -5.50612555719
2023-12-27T07:55:00.000000 -1821.238790494 -4221.086388954 -4955.820363226 0.98217138561 5.62049071331 -5.13442066997
2023-12-27T07:56:00.000000 -1758.135648443 -3874.340861696 -5252.135590165 1.12044935640 5.93321859850 -4.73894180462
2023-12-27T07:57:00.000000 -1686.889252800 -3509.651124811 -5524.054725677 1.25350893099 6.21840239887 -4.32153356043
2023-12-27T07:58:00.000000 -1607.831203180 -3128.709651758 -5770.319822829 1.38073810055 6.47473674954 -3.88413857530
2023-12-27T07:59:00.000000 -1521.328985445 -2733.283191828 -5989.792170565 1.50155305604 6.70105193041 -3.42878690161
2023-12-27T08:00:00.000000 -1427.784215103 -2325.204511154 -6181.457214117 1.61540018049 6.89631734492 -2.95758557416
2023-12-27T08:01:00.000000 -1327.630772677 -1906.363984492 -6344.428901850 1.72175798178 7.05964382623 -2.47270940590
2023-12-27T08:02:00.000000 -1221.332816227 -1478.701032650 -6477.953501631 1.82013902336 7.19028619710 -1.97639300394
2023-12-27T08:03:00.000000 -1109.382676695 -1044.195372645 -6581.412956169 1.91009200971 7.28764702246 -1.47092261955
2023-12-27T08:04:00.000000 -992.298620145 -604.858032910 -6654.327673421 1.99120410587 7.35128080686 -0.95862595463
2023-12-27T08:05:00.000000 -870.622474450 -162.722142817 -6696.358668231 2.06310307604 7.38089638764 -0.44185979438
2023-12-27T08:06:00.000000 -744.917147015 280.166315559 -6707.308925621 2.12545864843 7.37635611506 0.07700208021
2023-12-27T08:07:00.000000 -615.764085805 721.757647119 -6687.124141129 2.17798322195 7.33767366606 0.59557788871
2023-12-27T08:08:00.000000 -483.760690718 1160.007505914 -6635.892969949 2.22043281204 7.26501386027 1.11148459601
2023-12-27T08:09:00.000000 -349.517654024 1592.886022544 -6553.846899262 2.25260867119 7.15869482483 1.62234635461
2023-12-27T08:10:00.000000 -213.656195034 2018.387049994 -6441.359456330 2.27435883242 7.01918905275 2.12580657256
2023-12-27T08:11:00.000000 -76.805233000 2434.537358339 -6298.944660856 2.28557863119 6.84712066880 2.61954075312
2023-12-27T08:12:00.000000 60.401448780 2839.405602196 -6127.254773827 2.28621044970 6.64326077335 3.10126636159
2023-12-27T08:13:00.000000 197.328018447 3231.111024931 -5927.077570133 2.27624372620 6.40852431948 3.56875018832
2023-12-27T08:14:00.000000 333.339438112 3607.832051809 -5699.333141906 2.25571571779 6.14396911010 4.01981665068
2023-12-27T08:15:00.000000 467.804365972 3967.814831418 -5445.070114044 2.22471241405 5.85079411661 4.45235872174
2023-12-27T08:16:00.000000 600.098090536 4309.381578889 -5165.461176239 2.18336885888 5.53033508398 4.86434983890
2023-12-27T08:17:00.000000 729.605465429 4630.938599541 -4861.797926540 2.13186871830 5.18405810894 5.25385462244
2023-12-27T08:18:00.000000 855.723801237 4930.983907334 -4535.485120886 2.07044336982 4.81355286853 5.61903803049
2023-12-27T08:19:00.000000 977.865696115 5208.114440579 -4188.034391699 1.99937088602 4.42052623237 5.95817387218
2023-12-27T08:20:00.000000 1095.461814324 5461.032911651 -3821.057467263 1.91897521032 4.00679575001 6.26965343706
2023-12-27T08:21:00.000000 1207.963609895 5688.554208387 -3436.258838258 1.82962540720 3.57428223677 6.55199461601
2023-12-27T08:22:00.000000 1314.846010604 5889.611363092 -3035.427905658 1.73173440134 3.12500079735 6.80385090835
2023-12-27T08:23:00.000000 1415.609980128 6063.260878545 -2620.430587840 1.62575681440 2.66105062886 7.02401920615
2023-12-27T08:24:00.000000 1509.784948105 6208.687484508 -2193.200535596 1.51218642157 2.18460474529 7.21144601091
2023-12-27T08:25:00.000000 1596.931087012 6325.208235970 -1755.729969560 1.39155400278 1.69789994288 7.36523308580
2023-12-27T08:26:00.000000 1676.641482835 6412.276063624 -1310.060215124 1.26442541612 1.20322594479 7.48464313175
2023-12-27T08:27:00.000000 1748.544161489 6469.482554886 -858.271878295 1.13139903075 0.70291327910 7.56910451655
2023-12-27T08:28:00.000000 1812.303942785 6496.560059336 -402.474822366 0.99310229430 0.19932115492 7.61821418931
2023-12-27T08:29:00.000000 1867.624074890 6493.383037422 55.202027913 0.85018820078 -0.30517368047 7.63173987520
2023-12-27T08:30:00.000000 1914.247673317 6459.968817784 512.620988850 0.70333207889 -0.80818862156 7.60962265522
2023-12-27T08:31:00.000000 1951.958960053 6396.477507267 967.646096190 0.55322825112 -1.30734903476 7.55197864436
2023-12-27T08:32:00.000000 1980.584289417 6303.211089977 1418.153568040 0.40058607111 -1.80030289682 7.45909743067
2023-12-27T08:33:00.000000 1999.992922507 6180.611664287 1862.042109220 0.24612581703 -2.28473310058 7.33143786468
2023-12-27T08:34:00.000000 2010.097573770 6029.259074144 2297.242919563 0.09057502382 -2.75836721876 7.16962406481
2023-12-27T08:35:00.000000 2010.854742929 5849.867919626 2721.729544091 -0.06533487032 -3.21898743651 6.97444295259
2023-12-27T08:36:00.000000 2002.264843422 5643.283939356 3133.527557445 -0.22087220158 -3.66444244309 6.74684113441
2023-12-27T08:37:00.000000 1984.372092771 5410.479640328 3530.723978402 -0.37530909991 -4.09265976669 6.48791906592
2023-12-27T08:38:00.000000 1957.264172052 5152.549246699 3911.476273063 -0.52792531899 -4.50165635416 6.19892298029
2023-12-27T08:39:00.000000 1921.071662414 4870.703064766 4274.020837267 -0.67801159065 -4.88954703739 5.88123628222
2023-12-27T08:40:00.000000 1875.967296046 4566.261399790 4616.680979704 -0.82487271120 -5.25455161967 5.53637120963
2023-12-27T08:41:00.000000 1822.165015726 4240.648050949 4937.874405117 -0.96783058886 -5.59500114537 5.16596103165
2023-12-27T08:42:00.000000 1759.918864601 3895.383475023 5236.120270471 -1.10622724828 -5.90934411859 4.77175279377
2023-12-27T08:43:00.000000 1689.521687233 3532.077515908 5510.045779646 -1.23942767352 -6.19615351562 4.35559978077
2023-12-27T08:44:00.000000 1611.303675955 3152.421721251 5758.392296395 -1.36682245814 -6.45413413229 3.91945220407
2023-12-27T08:45:00.000000 1525.630751354 2758.181241034 5980.020825003 -1.48783033578 -6.68212842348 3.46534613519
2023-12-27T08:46:00.000000 1432.902805808 2351.186460153 6173.916835356 -1.60190079562 -6.87911998296 2.99539240273
2023-12-27T08:47:00.000000 1333.551767630 1933.324455636 6339.194434724 -1.70851686183 -7.04423574832 2.51176663166
2023-12-27T08:48:00.000000 1228.039514873 1506.530338704 6475.099979810 -1.80719757498 -7.17674801566 2.01669974595
2023-12-27T08:49:00.000000 1116.855659971 1072.778475998 6581.015090409 -1.89749950205 -7.27607612507 1.51246833005
2023-12-27T08:50:00.000000 1000.515281829 634.073633944 6656.459128162 -1.97901734717 -7.34178770035 1.00138534104
2023-12-27T08:51:00.000000 879.556616487 192.442036588 6701.091097745 -2.05138463531 -7.37360011376 0.48579132709
2023-12-27T08:52:00.000000 754.538688298 -250.077672287 6714.711037145 -2.11427518433 -7.37138219468 -0.03195500176
2023-12-27T08:53:00.000000 626.038838021 -691.443538355 6697.260782730 -2.16740497916 -7.33515484784 -0.54948727655
2023-12-27T08:54:00.000000 494.650143403 -1129.619408085 6648.824124184 -2.21053361224 -7.26509021813 -1.06444191012
2023-12-27T08:55:00.000000 360.978777616 -1562.583960137 6569.626347883 -2.24346508948 -7.16151031640 -1.57446755016
2023-12-27T08:56:00.000000 225.641326820 -1988.339659246 6460.033219205 -2.26604839502 -7.02488587993 -2.07723434284
2023-12-27T08:57:00.000000 89.262072822 -2404.921633368 6320.549406872 -2.27817812281 -6.85583465785 -2.57044346162
2023-12-27T08:58:00.000000 -47.529765257 -2810.406429408 6151.816362614 -2.27979530773 -6.65511886939 -3.05183611533
2023-12-27T08:59:00.000000 -184.102851774 -3202.920603478 5954.609643099 -2.27088849126 -6.42364305714 -3.51920221778
2023-12-27T09:00:00.000000 -319.826609634 -3580.649208431 5729.835700574 -2.25149448750 -6.16245218423 -3.97039057356
2023-12-27T09:01:00.000000 -454.074107881 -3941.844106222 5478.527997406 -2.22169790112 -5.87272767936 -4.40332045202
2023-12-27T09:02:00.000000 -586.224889332 -4284.831997034 5201.842484769 -2.18162945306 -5.55578091017 -4.81599113718
2023-12-27T09:03:00.000000 -715.667689642 -4608.022002934 4901.052599561 -2.13146490174 -5.21304758243 -5.20648793761
2023-12-27T09:04:00.000000 -841.803159712 -4909.913055821 4577.543923965 -2.07142594983 -4.84608537720 -5.57298883913
2023-12-27T09:05:00.000000 -964.046668740 -5189.101132805 4232.808291667 -2.00178182637 -4.45657109949 -5.91377606220
2023-12-27T09:06:00.000000 -1081.831170049 -5444.286225773 3868.437149158 -1.92284879616 -4.04629226800 -6.22724962482
2023-12-27T09:07:00.000000 -1194.609924552 -5674.278574740 3486.114164825 -1.83498713034 -3.61713485253 -6.51193610843
2023-12-27T09:08:00.000000 -1301.859051018 -5878.004281478 3087.607521064 -1.73859807099 -3.17107374473 -6.76649217233
2023-12-27T09:09:00.000000 -1403.079939243 -6054.510468929 2674.761984062 -1.63412264260 -2.71016747829 -6.98970903068
2023-12-27T09:10:00.000000 -1497.801622959 -6202.970142589 2249.490624024 -1.52204119840 -2.23655172038 -7.18052132458
2023-12-27T09:11:00.000000 -1585.583099458 -6322.686480925 1813.765880951 -1.40287172520 -1.75242797582 -7.33801606394
2023-12-27T09:12:00.000000 -1666.015502439 -6413.096403645 1369.610275338 -1.27716696133 -1.26005078519 -7.46143751078
2023-12-27T09:13:00.000000 -1738.724102689 -6473.773425691 919.086866723 -1.14551157493 -0.76171723194 -7.55019011606
2023-12-27T09:14:00.000000 -1803.370139087 -6504.429918205 464.289560596 -1.00851940732 -0.25975670558 -7.60384312939
2023-12-27T09:15:00.000000 -1859.652470776 -6504.918657141 7.333028147 -0.86682990696 0.24348235507 -7.62213491430
2023-12-27T09:16:00.000000 -1907.308989891 -6475.233535960 -449.657438700 -0.72110414297 0.74564660457 -7.60497295570
2023-12-27T09:17:00.000000 -1946.117826374 -6415.509523862 -904.556018574 -0.57202187181 1.24438831414 -7.55243116623
2023-12-27T09:18:00.000000 -1975.898405567 -6326.022087797 -1355.246273726 -0.42027960628 1.73737334515 -7.46474957650
2023-12-27T09:19:00.000000 -1996.512383522 -6207.186080270 -1799.631230738 -0.26658787082 2.22229180849 -7.34233678133
2023-12-27T09:20:00.000000 -2007.864358218 -6059.553857341 -2235.643495696 -0.11166673159 2.69687264079 -7.18576983171
2023-12-27T09:21:00.000000 -2009.902299183 -5883.812524173 -2661.255232385 0.04375896242 3.15889749909 -6.99578919736
2023-12-27T09:22:00.000000 -2002.617715514 -5680.780435908 -3074.487773409 0.19896308953 3.60621087703 -6.77329240746
2023-12-27T09:23:00.000000 -1986.045653830 -5451.403177725 -3473.420904121 0.35322111977 4.03672906657 -6.51932970570
2023-12-27T09:24:00.000000 -1960.264495687 -5196.748938629 -3856.201899908 0.50581374997 4.44845083949 -6.23509969139
2023-12-27T09:25:00.000000 -1925.395516238 -4918.003230030 -4221.054224197 0.65603119712 4.83946834234 -5.92194192999
2023-12-27T09:26:00.000000 -1881.602199116 -4616.463021947 -4566.285715870 0.80317678338 5.20797516835 -5.58132764301
2023-12-27T09:27:00.000000 -1829.089373063 -4293.530480905 -4890.296232126 0.94656944418 5.55227225289 -5.21485174725
2023-12-27T09:28:00.000000 -1768.102198329 -3950.706331053 -5191.584866679 1.08554623081 5.87077448978 -4.82422645438
2023-12-27T09:29:00.000000 -1698.924990126 -3589.582788568 -5468.756793353 1.21946559913 6.16201869735 -4.41127389851
2023-12-27T09:30:00.000000 -1621.879823926 -3211.836016050 -5720.529575955 1.34771098970 6.42467088898 -3.97791650841
2023-12-27T09:31:00.000000 -1537.324943997 -2819.218206885 -5945.738868152 1.46969376887 6.65753146894 -3.52616640214
2023-12-27T09:32:00.000000 -1445.653019343 -2413.549399209 -6143.343478797 1.58485524402 6.85953884442 -3.05811529166
2023-12-27T09:33:00.000000 -1347.289307730 -1996.709116805 -6312.429882529 1.69266815093 7.02977243225 -2.57592526945
2023-12-27T09:34:00.000000 -1242.689720580 -1570.627810832 -6452.216174483 1.79263825843 7.16745577690 -2.08182028914
2023-12-27T09:35:00.000000 -1132.338776995 -1137.278100812 -6562.055532140 1.88430661629 7.27196029204 -1.57807741227
2023-12-27T09:36:00.000000 -1016.747406651 -698.665794583 -6641.439081909 1.96725231423 7.34280894763 -1.06701634019
2023-12-27T09:37:00.000000 -896.450591022 -256.820721313 -6689.998121874 2.04109481552 7.37967800291 -0.55098743896
2023-12-27T09:38:00.000000 -772.004900949 186.212445710 -6707.505608727 2.10549509992 7.38239613275 -0.03236081059
2023-12-27T09:39:00.000000 -643.985991604 628.383297029 -6693.877100332 2.16015619788 7.35094343141 0.48648172239
2023-12-27T09:40:00.000000 -512.986045581 1067.644796053 -6649.171214266 2.20482440262 7.28545279497 1.00315404697
2023-12-27T09:41:00.000000 -379.611121319 1501.962529266 -6573.589627767 2.23929125924 7.18621219000 1.51527625145
2023-12-27T09:42:00.000000 -244.478387701 1929.324006475 -6467.476293214 2.26339497351 7.05366395240 2.02048785015
2023-12-27T09:43:00.000000 -108.213321579 2347.747803334 -6331.315915364 2.27702039374 6.88840057967 2.51645937975
2023-12-27T09:44:00.000000 28.553082718 2755.292449861 -6165.731817290 2.28009857789 6.69116078089 3.00090013641
2023-12-27T09:45:00.000000 165.187087958 3150.065147269 -5971.483450388 2.27260735867 6.46282831884 3.47156505006
2023-12-27T09:46:00.000000 301.055066950 3530.230473044 -5749.463366019 2.25457281279 6.20443183142 3.92626436283
2023-12-27T09:47:00.000000 435.526431529 3894.019013314 -5500.693538168 2.22607020810 5.91714221238 4.36287579567
2023-12-27T09:48:00.000000 567.976581338 4239.735743085 -5226.320953403 2.18722370298 5.60226718645 4.77935614746
2023-12-27T09:49:00.000000 697.789809022 4565.768050726 -4927.612576144 2.13820542833 5.26124509346 5.17375091832
2023-12-27T09:50:00.000000 824.362155261 4870.593398278 -4605.949766507 2.07923482988 4.89563918686 5.54420299889
2023-12-27T09:51:00.000000 947.104238439 5152.786651031 -4262.822161636 2.01057827764 4.50713200295 5.88896163419
2023-12-27T09:52:00.000000 1065.444053331 5411.027052524 -3899.821024345 1.93254846248 4.09751896837 6.20639177547
2023-12-27T09:53:00.000000 1178.829718429 5644.104763115 -3518.632005634 1.84550331521 3.66870083856 6.49498359947
2023-12-27T09:54:00.000000 1286.732148932 5850.926932132 -3121.027363804 1.74984446148 3.22267458789 6.75336156100
2023-12-27T09:55:00.000000 1388.647620849 6030.523155878 -2708.857665850 1.64601530332 2.76152310287 6.98029200336
2023-12-27T09:56:00.000000 1484.100215962 6182.050330728 -2284.043092476 1.53449891406 2.28740506243 7.17468914131
2023-12-27T09:57:00.000000 1572.644136208 6304.796900327 -1848.564386629 1.41581596585 1.80254560499 7.33562081277
2023-12-27T09:58:00.000000 1653.865901163 6398.186574488 -1404.453455037 1.29052259845 1.30922626037 7.46231499083
2023-12-27T09:59:00.000000 1727.386400641 6461.781341359 -953.783567411 1.15920788490 0.80977253960 7.55416574869
2023-12-27T10:00:00.000000 1792.862781720 6495.283696769 -498.659278370 1.02249076061 0.30654021954 7.61073656485
2023-12-27T10:01:00.000000 1849.990138472 6498.538065683 -41.206217165 0.88101670721 -0.19809710201 7.63176132678
2023-12-27T10:02:00.000000 1898.503007660 6471.531556787 416.439149687 0.73545437623 -0.70175889574 7.61714526978
2023-12-27T10:03:00.000000 1938.176651887 6414.394038337 872.139849069 0.58649200839 -1.20206917583 7.56696662137
2023-12-27T10:04:00.000000 1968.828118736 6327.397471375 1323.768809790 0.43483352374 -1.69666974977 7.48147696518
2023-12-27T10:05:00.000000 1990.317061558 6210.954434073 1769.219204355 0.28119462550 -2.18323354792 7.36109890082
2023-12-27T10:06:00.000000 2002.546341755 6065.615902393 2206.414596368 0.12629930497 -2.65947624997 7.20642221758
2023-12-27T10:07:00.000000 2005.462428521 5892.068367532 2633.318861908 -0.02912342263 -3.12316686486 7.01820045232
2023-12-27T10:08:00.000000 1999.055592989 5691.130299281 3047.945921576 -0.18434315492 -3.57213901959 6.79734738680
2023-12-27T10:09:00.000000 1983.359866110 5463.747911847 3448.369197337 -0.33863233821 -4.00430279318 6.54493162971
2023-12-27T10:10:00.000000 1958.452738238 5210.990252990 3832.730685821 -0.49127058258 -4.41765528481 6.26216895258
2023-12-27T10:11:00.000000 1924.454615165 4934.043720044 4199.249536230 -0.64154829338 -4.81028901930 5.95041394857
2023-12-27T10:12:00.000000 1881.528086265 4634.206114748 4546.230145879 -0.78876939069 -5.18039925000 5.61115234244
2023-12-27T10:13:00.000000 1829.877037989 4312.880250729 4872.069799734 -0.93225367226 -5.52629144522 5.24599363031
2023-12-27T10:14:00.000000 1769.745626535 3971.567117745 5175.265871676 -1.07133962759 -5.84638895316 4.85666302143
2023-12-27T10:15:00.000000 1701.417051739 3611.858593802 5454.422493563 -1.20538795623 -6.13923985053 4.44499228971
2023-12-27T10:16:00.000000 1625.212113973 3235.429794328 5708.256659665 -1.33378514704 -6.40352233773 4.01291008387
2023-12-27T10:17:00.000000 1541.487576541 2844.031122843 5935.603744899 -1.45594625700 -6.63804904650 3.56243247423
2023-12-27T10:18:00.000000 1450.634395391 2439.480095512 6135.422488594 -1.57131681232 -6.84177113830 3.09565380808
2023-12-27T10:19:00.000000 1353.075838311 2023.652897242 6306.799402932 -1.67937453336 -7.01378250204 2.61473720693
2023-12-27T10:20:00.000000 1249.265493196 1598.475706710 6448.952592502 -1.77963137892 -7.15332325919 2.12190409998
2023-12-27T10:21:00.000000 1139.685151197 1165.915853648 6561.234919461 -1.87163557333 -7.25978164592 1.61942340214
2023-12-27T10:22:00.000000 1024.842582844 727.972916829 6643.136557411 -1.95497314104 -7.33269461102 1.10960153086
2023-12-27T10:23:00.000000 905.269233316 286.669782566 6694.286965452 -2.02926910181 -7.37174847897 0.59477350140
2023-12-27T10:24:00.000000 781.517843015 -155.956357027 6714.456340386 -2.09418883989 -7.37678019299 0.07729390166
2023-12-27T10:25:00.000000 654.159980231 -597.863064272 6703.556490029 -2.14943962233 -7.34777807257 -0.44047301374
2023-12-27T10:26:00.000000 523.783489975 -1037.011733907 6661.641116202 -2.19477177480 -7.28488134136 -0.95616338868
2023-12-27T10:27:00.000000 390.989887292 -1471.376612301 6588.905510514 -2.22997940312 -7.18837893377 -1.46742297168
2023-12-27T10:28:00.000000 256.391709877 -1898.953750764 6485.685715586 -2.25490114713 -7.05870862062 -1.97191590743
2023-12-27T10:29:00.000000 120.609813669 -2317.769908712 6352.457119705 -2.26942124983 -6.89645628229 -2.46733426646
2023-12-27T10:30:00.000000 -15.729392762 -2725.891414321 6189.832516033 -2.27347054220 -6.70235430401 -2.95140841990
2023-12-27T10:31:00.000000 -151.996759954 -3121.432859755 5998.559451720 -2.26702681274 -6.47727873924 -3.42191735364
2023-12-27T10:32:00.000000 -287.563210209 -3502.565623782 5779.517040777 -2.25011465628 -6.22224565381 -3.87669833716
2023-12-27T10:33:00.000000 -421.802544476 -3867.526138751 5533.712170887 -2.22280536537 -5.93840696163 -4.31365591418
2023-12-27T10:34:00.000000 -554.094245671 -4214.623927141 5262.275246930 -2.18521722439 -5.62704601188 -4.73077034795
2023-12-27T10:35:00.000000 -683.826317315 -4542.249344886 4966.455366932 -2.13751597262 -5.28957347673 -5.12610596687
2023-12-27T10:36:00.000000 -810.398132844 -4848.881118777 4647.615024623 -2.07991476593 -4.92752341586 -5.49782044497
2023-12-27T10:37:00.000000 -933.223251056 -5133.093577510 4307.224183144 -2.01267312861 -4.54254813008 -5.84417528016
2023-12-27T10:38:00.000000 -1051.732152530 -5393.563580711 3946.853754450 -1.93609516724 -4.13641075472 -6.16354593359
2023-12-27T10:39:00.000000 -1165.374858222 -5629.076866081 3568.168487377 -1.85052799407 -3.71097646051 -6.45443001632
2023-12-27T10:40:00.000000 -1273.623487898 -5838.533939846 3172.919446324 -1.75636093784 -3.26820402283 -6.71545405516
2023-12-27T10:41:00.000000 -1375.974765326 -6020.955421695 2762.936048183 -1.65402492050 -2.81013771725 -6.94538056025
2023-12-27T10:42:00.000000 -1471.952491152 -6175.486953048 2340.117709885 -1.54399085997 -2.33889816854 -7.14311539767
2023-12-27T10:43:00.000000 -1561.109848488 -6301.403433159 1906.425029011 -1.42676695882 -1.85667213226 -7.30771388993
2023-12-27T10:44:00.000000 -1643.031562925 -6398.112711168 1463.870688928 -1.30289591812 -1.36570253270 -7.43838549881
2023-12-27T10:45:00.000000 -1717.335896174 -6465.158632125 1014.510048051 -1.17295274358 -0.86827878735 -7.53449870292
2023-12-27T10:46:00.000000 -1783.676531638 -6502.223557669 560.431465960 -1.03754249316 -0.36672560908 -7.59558634339
2023-12-27T10:47:00.000000 -1841.744278225 -6509.130047329 103.746290785 -0.89729717034 0.13661008411 -7.62134936285
2023-12-27T10:48:00.000000 -1891.268584051 -6485.841826564 -353.421249413 -0.75287207697 0.63937209621 -7.61165770870
2023-12-27T10:49:00.000000 -1932.018826277 -6432.463964772 -808.944201054 -0.60494247866 1.13920616665 -7.56655009186
2023-12-27T10:50:00.000000 -1963.805424823 -6349.242484991 -1260.702985159 -0.45420053092 1.63377095925 -7.48623424432
2023-12-27T10:51:00.000000 -1986.480748901 -6236.563181818 -1706.595566615 -0.30135186030 2.12075034965 -7.37108672490
2023-12-27T10:52:00.000000 -1999.939815784 -6094.949752158 -2144.547507903 -0.14711174725 2.59786606545 -7.22165045524
2023-12-27T10:53:00.000000 -2004.120755900 -5925.061154371 -2572.521846387 0.00779841372 3.06288879540 -7.03863076363
2023-12-27T10:54:00.000000 -1999.005090708 -5727.688403470 -2988.528707625 0.16265433860 3.51364837951 -6.82289159664
2023-12-27T10:55:00.000000 -1984.617794868 -5503.750668442 -3390.634722306 0.31673245066 3.94804464844 -6.57545160025
2023-12-27T10:56:00.000000 -1961.027131281 -5254.290757856 -3776.972137809 0.46931414328 4.36405841531 -6.29747822966
2023-12-27T10:57:00.000000 -1928.344224804 -4980.469954302 -4145.747528272 0.61968989183 4.75976070002 -5.99028025608
2023-12-27T10:58:00.000000 -1886.722417802 -4683.562395152 -4495.250048582 0.76716244464 5.13332035370 -5.65530053575
2023-12-27T10:59:00.000000 -1836.356457001 -4364.948948360 -4823.859284300 0.91104927445 5.48301198220 -5.29410941708
2023-12-27T11:00:00.000000 -1777.481539456 -4026.110622473 -5130.052680530 1.05068507769 5.80722445647 -4.90839704406
2023-12-27T11:01:00.000000 -1710.372186431 -3668.621471319 -5412.412452522 1.18542474588 6.10446830461 -4.49996417648
2023-12-27T11:02:00.000000 -1635.340940638 -3294.141128724 -5669.631950563 1.31464675113 6.37338138976 -4.07071286963
2023-12-27T11:03:00.000000 -1552.736839107 -2904.407003408 -5900.521459946 1.43775660581 6.61273411409 -3.62263748663
2023-12-27T11:04:00.000000 -1462.943703642 -2501.226177651 -6104.013458182 1.55418976782 6.82143445182 -3.15781492510
2023-12-27T11:05:00.000000 -1366.378278466 -2086.467027765 -6279.167247571 1.66341346429 6.99853166219 -2.67839426706
2023-12-27T11:06:00.000000 -1263.488296215 -1662.050676647 -6425.173010267 1.76492787393 7.14321882466 -2.18658747441
2023-12-27T11:07:00.000000 -1154.750447701 -1229.942270117 -6541.355321689 1.85826783801 7.25483599195 -1.68466104918
2023-12-27T11:08:00.000000 -1040.668229411 -792.142042683 -6627.176146583 1.94300540985 7.33287394821 -1.17492621618
2023-12-27T11:09:00.000000 -921.769642140 -350.676213823 -6682.237170705 2.01875214053 7.37697605705 -0.65972727132
2023-12-27T11:10:00.000000 -798.604773234 92.412170789 -6706.281465362 2.08516024461 7.38693761948 -0.14143116581
2023-12-27T11:11:00.000000 -671.743340606 535.072328646 -6699.194598120 2.14192341675 7.36270583354 0.37758029027
2023-12-27T11:12:00.000000 -541.772155153 975.254933386 -6661.005292668 2.18877845162 7.30438220366 0.89491890911
2023-12-27T11:13:00.000000 -409.292482190 1410.921405406 -6591.885446120 2.22550721211 7.21222422461 1.40820235715
2023-12-27T11:14:00.000000 -274.917289717 1840.053271076 -6492.149399390 2.25193754260 7.08664292552 1.91506717955
2023-12-27T11:15:00.000000 -139.268503488 2260.661188952 -6362.252483704 2.26794309233 6.92819821301 2.41317805762
2023-12-27T11:16:00.000000 -2.974250623 2670.793830181 -6202.789162965 2.27344359377 6.73759690886 2.90023406813
2023-12-27T11:17:00.000000 133.333938484 3068.546680333 -6014.490690182 2.26840625149 6.51569355245 3.37397731716
2023-12-27T11:18:00.000000 269.024027655 3452.070941367 -5798.222226999 2.25284695825 6.26348934786 3.83220548767
2023-12-27T11:19:00.000000 403.466390269 3819.582147716 -5554.979070796 2.22683006997 5.98212694607 4.27278413587
2023-12-27T11:20:00.000000 536.036689518 4169.368484639 -5285.882337780 2.19046744518 5.67288430939 4.69365551876
2023-12-27T11:21:00.000000 666.118719193 4499.798760606 -4992.174090974 2.14391820449 5.33717071870 5.09284602988
2023-12-27T11:22:00.000000 793.107248608 4809.330211692 -4675.212095527 2.08738927626 4.97652336998 5.46847569466
2023-12-27T11:23:00.000000 916.410904761 5096.516002393 -4336.463804387 2.02113553614 4.59260176082 5.81876930838
2023-12-27T11:24:00.000000 1035.455023455 5360.012344787 -3977.499784046 1.94545882755 4.18717976372 6.14206677080
2023-12-27T11:25:00.000000 1149.684418941 5598.585101339 -3599.986530464 1.86070631299 3.76213720960 6.43683186754
2023-12-27T11:26:00.000000 1258.566053463 5811.115885120 -3205.678784149 1.76726883421 3.31945136770 6.70166042448
2023-12-27T11:27:00.000000 1361.591612608 5996.607651775 -2796.411396260 1.66557940636 2.86118764686 6.93528788037
2023-12-27T11:28:00.000000 1458.279989442 6154.189677307 -2374.090729818 1.55611163137 2.38948997003 7.13659583693
2023-12-27T11:29:00.000000 1548.179663272 6283.121996216 -1940.685711644 1.43937775124 1.90657141735 7.30461841473
2023-12-27T11:30:00.000000 1630.870941449 6382.799241214 -1498.218466267 1.31592605567 1.41470410578 7.43854923435
2023-12-27T11:31:00.000000 1705.968034003 6452.753862758 -1048.754560495 1.18633759306 0.91620681690 7.53774776434
2023-12-27T11:32:00.000000 1773.120906424 6492.658479338 -594.392915889 1.05122269823 0.41343120606 7.60174288359
2023-12-27T11:33:00.000000 1832.016946307 6502.327472801 -137.255614257 0.91121795085 -0.09125105302 7.63023384034
2023-12-27T11:34:00.000000 1882.382453601 6481.717831160 320.522349741 0.76698354515 -0.59545949868 7.62309080728
2023-12-27T11:35:00.000000 1923.983984557 6430.929374786 776.803335908 0.61920041914 -1.09681615626 7.58035610208
2023-12-27T11:36:00.000000 1956.629484273 6350.204207428 1229.457436168 0.46856676026 -1.59295797901 7.50224481941
2023-12-27T11:37:00.000000 1980.169210067 6239.925448299 1676.372801654 0.31579407521 -2.08154974899 7.38914355225
2023-12-27T11:38:00.000000 1994.496405562 6100.615177764 2115.465857459 0.16160317631 -2.56029624129 7.24160755540
2023-12-27T11:39:00.000000 1999.547747324 5932.931718292 2544.691313965 0.00672018011 -3.02695373153 7.06035720308
2023-12-27T11:40:00.000000 1995.303536914 5737.666175074 2962.051955152 -0.14812739532 -3.47934142339 6.84627369897
2023-12-27T11:41:00.000000 1981.787678781 5515.738335393 3365.608124773 -0.30221427803 -3.91535266859 6.60039343349
2023-12-27T11:42:00.000000 1959.067435466 5268.191889908 3753.486831505 -0.45482088132 -4.33296530155 6.32390107230
2023-12-27T11:43:00.000000 1927.252993702 4996.189108737 4123.890428317 -0.60523681877 -4.73025071202 6.01812194641
2023-12-27T11:44:00.000000 1886.496792844 4701.004963711 4475.104810048 -0.75276450654 -5.10538175437 5.68451424953
2023-12-27T11:45:00.000000 1836.992661924 4384.020836890 4805.507155706 -0.89672241431 -5.45663984689 5.32466123532
2023-12-27T11:46:00.000000 1778.974769672 4046.717787626 5113.573190854 -1.03644770545 -5.78242176703 4.94026348348
2023-12-27T11:47:00.000000 1712.716438744 3690.669451286 5397.884007417 -1.17129867974 -6.08124654168 4.53313087137
2023-12-27T11:48:00.000000 1638.528787470 3317.534474448 5657.132343305 -1.30065758953 -6.35176221793 4.10517367980
2023-12-27T11:49:00.000000 1556.759202983 2929.048601282 5890.128319600 -1.42393376211 -6.59275182195 3.65839256502
2023-12-27T11:50:00.000000 1467.789627930 2527.016421073 6095.804533581 -1.54056640748 -6.80313793687 3.19486786442
2023-12-27T11:51:00.000000 1372.034702175 2113.302907384 6273.220537245 -1.65002675905 -6.98198587957 2.71674894287
2023-12-27T11:52:00.000000 1269.939786034 1689.824772824 6421.566654875 -1.75181983315 -7.12850582173 2.22624409946
2023-12-27T11:53:00.000000 1161.978881015 1258.541737509 6540.167242992 -1.84548623505 -7.24205432443 1.72561113120
2023-12-27T11:54:00.000000 1048.652436607 821.447693756 6628.483372400 -1.93060400247 -7.32213583665 1.21714826739
2023-12-27T11:55:00.000000 930.485059404 380.561796993 6686.115006761 -2.00679014983 -7.36840432570 0.70318485881
2023-12-27T11:56:00.000000 808.023136142 -62.080559154 6712.802549915 -2.07370178183 -7.38066453602 0.18607157360
2023-12-27T11:57:00.000000 681.832400551 -504.436797160 6708.427841463 -2.13103710444 -7.35887227799 -0.33182947268
2023-12-27T11:58:00.000000 552.495428172 -944.466210218 6673.014549500 -2.17853668929 -7.30313393441 -0.84815404586
2023-12-27T11:59:00.000000 420.609055135 -1380.138974530 6606.728042144 -2.21598490369 -7.21370585807 -1.36054480176
2023-12-27T12:00:00.000000 286.781712185 -1809.445136784 6509.874690764 -2.24321102421 -7.09099385206 -1.86666068677
2023-12-27T12:01:00.000000 151.630710688 -2230.403546142 6382.900578015 -2.26008974809 -6.93555218350 -2.36418691592
2023-12-27T12:02:00.000000 15.779513980 -2641.070726261 6226.389653717 -2.26654142216 -6.74808176053 -2.85084490297
2023-12-27T12:03:00.000000 -120.145017236 -3039.549589875 6041.061246830 -2.26253253900 -6.52942771375 -3.32440182284
2023-12-27T12:04:00.000000 -255.515416896 -3423.998019385 5827.767051233 -2.24807652096 -6.28057654437 -3.78268021941
2023-12-27T12:05:00.000000 -389.706443186 -3792.637229373 5587.487485797 -2.22323423807 -6.00265248698 -4.22356790469
2023-12-27T12:06:00.000000 -522.097931081 -4143.759920707 5321.327516469 -2.18811381599 -5.69691294227 -4.64502757851
2023-12-27T12:07:00.000000 -652.077601244 -4475.738101761 5030.511869056 -2.14286993998 -5.36474354356 -5.04510562180
2023-12-27T12:08:00.000000 -779.043837584 -4787.030655320 4716.379774797 -2.08770324911 -5.00765344113 -5.42194049543
2023-12-27T12:09:00.000000 -902.408431591 -5076.190582471 4380.379157914 -2.02286008996 -4.62727042266 -5.77377170989
2023-12-27T12:10:00.000000 -1021.599325230 -5341.871981512 4024.060315209 -1.94863228694 -4.22533479579 -6.09894954760
2023-12-27T12:11:00.000000 -1136.063314674 -5582.836539537 3649.068953254 -1.86535635581 -3.80369146937 -6.39594456584
2023-12-27T12:12:00.000000 -1245.268690989 -5797.959556306 3257.138736701 -1.77341194413 -3.36428086052 -6.66335570406
2023-12-27T12:13:00.000000 -1348.707768207 -5986.235384753 2850.083365426 -1.67321985257 -2.90912991411 -6.89991675065
2023-12-27T12:14:00.000000 -1445.899296560 -6146.782393481 2429.788334946 -1.56524019199 -2.44034375902 -7.10450220517
2023-12-27T12:15:00.000000 -1536.390773084 -6278.847388178 1998.202282088 -1.44997084611 -1.96009726160 -7.27613375656
2023-12-27T12:16:00.000000 -1619.760659927 -6381.809518940 1557.327951872 -1.32794567170 -1.47062497926 -7.41398723810
2023-12-27T12:17:00.000000 -1695.620460795 -6455.183494474 1109.212768350 -1.19973183202 -0.97420927738 -7.51739841422
2023-12-27T12:18:00.000000 -1763.616630883 -6498.622106631 655.939115803 -1.06592647631 -0.47316820410 -7.58586645597
2023-12-27T12:19:00.000000 -1823.432270364 -6511.918015252 199.614475013 -0.92715358399 0.03015549798 -7.61905606986
2023-12-27T12:20:00.000000 -1874.788660213 -6495.004931117 -257.638585860 -0.78406131064 0.53340505354 -7.61679996099
2023-12-27T12:21:00.000000 -1917.446619205 -6447.958071356 -713.692555730 -0.63731917494 1.03422196554 -7.57910128859
2023-12-27T12:22:00.000000 -1951.207699524 -6370.993892553 -1166.425254429 -0.48761446924 1.53025970612 -7.50613400338
2023-12-27T12:23:00.000000 -1975.915116819 -6264.468949135 -1613.729999236 -0.33564819138 2.01919636461 -7.39824040489
2023-12-27T12:24:00.000000 -1991.454467141 -6128.878122713 -2053.525620798 -0.18213131417 2.49874501187 -7.25592806585
2023-12-27T12:25:00.000000 -1997.754214160 -5964.852186859 -2483.766300957 -0.02778149946 2.96666370613 -7.07986775722
2023-12-27T12:26:00.000000 -1994.786007393 -5773.154826969 -2902.451316268 0.12668024985 3.42076704362 -6.87089094562
2023-12-27T12:27:00.000000 -1982.564763417 -5554.678837894 -3307.634528696 0.28053311569 3.85893805777 -6.62998483787
2023-12-27T12:28:00.000000 -1961.148562714 -5310.441737953 -3697.433545243 0.43305980765 4.27913828013 -6.35828586824
2023-12-27T12:29:00.000000 -1930.638328163 -5041.580751539 -4070.038481320 0.58354980512 4.67941649910 -6.05707389831
2023-12-27T12:30:00.000000 -1891.177328238 -4749.347350974 -4423.720416743 0.73130312522 5.05791844973 -5.72776649606
2023-12-27T12:31:00.000000 -1842.950403319 -4435.101081040 -4756.839414596 0.87563451055 5.41289693250 -5.37191071564
2023-12-27T12:32:00.000000 -1786.182981377 -4100.302924200 -5067.851979373 1.01587691299 5.74271929416 -4.99117240601
2023-12-27T12:33:00.000000 -1721.139903724 -3746.508252711 -5355.317889164 1.15138359049 6.04587152302 -4.58732683483
2023-12-27T12:34:00.000000 -1648.124173535 -3375.359651205 -5617.906555033 1.28152989204 6.32096241310 -4.16225228028
2023-12-27T12:35:00.000000 -1567.475537165 -2988.579311577 -5854.403027624 1.40571613249 6.56673043407 -3.71792386721
2023-12-27T12:36:00.000000 -1479.568879475 -2587.961037344 -6063.713540661 1.52337135106 6.78205135183 -3.25640404797
2023-12-27T12:37:00.000000 -1384.812401214 -2175.361827077 -6244.870401236 1.63395637535 6.96594324893 -2.77983078539
2023-12-27T12:38:00.000000 -1283.645654996 -1752.693266063 -6397.036179028 1.73696552491 7.11756907952 -2.29040656642
2023-12-27T12:39:00.000000 -1176.537498711 -1321.912751985 -6519.507289382 1.83192787067 7.23623917392 -1.79038887004
2023-12-27T12:40:00.000000 -1063.983960888 -885.014575149 -6611.717001582 1.91840897757 7.32141383387 -1.28208020378
2023-12-27T12:41:00.000000 -946.505992636 -444.020874130 -6673.237821650 1.99601285089 7.37270443117 -0.76781776011
2023-12-27T12:42:00.000000 -824.647111700 -0.972575452 -6703.783302122 2.06438345303 7.38987349374 -0.24996440000
2023-12-27T12:43:00.000000 -698.970969723 442.079712453 -6703.209334921 2.12320590638 7.37283615568 0.26909943999
2023-12-27T12:44:00.000000 -570.058841737 883.084938928 -6671.514922224 2.17220788343 7.32166275396 0.78698580647
2023-12-27T12:45:00.000000 -438.507029149 1320.000940167 -6608.842258841 2.21116109011 7.23657924226 1.30131169009
2023-12-27T12:46:00.000000 -304.924179317 1750.803717001 -6515.476077869 2.23988241632 7.11796420517 1.80971046913
2023-12-27T12:47:00.000000 -169.928550220 2173.496471128 -6391.842404459 2.25823475827 6.96634552619 2.30984017709
2023-12-27T12:48:00.000000 -34.145226237 2586.118536908 -6238.506862190 2.26612777443 6.78239952730 2.79939105218
2023-12-27T12:49:00.000000 101.796704016 2986.754265249 -6056.172442277 2.26351843066 6.56695085727 3.27609555945
2023-12-27T12:50:00.000000 237.266994237 3373.541902398 -5845.676641459 2.25041112047 6.32097015546 3.73773982558
2023-12-27T12:51:00.000000 371.637084601 3744.682196946 -5607.987918826 2.22685774799 6.04556981830 4.18217364808
2023-12-27T12:52:00.000000 504.282971312 4098.446812958 -5344.201621247 2.19295833125 5.74200045369 4.60731944670
2023-12-27T12:53:00.000000 634.588107975 4433.186497731 -5055.535296700 2.14886169017 5.41164762564 5.01118293298
2023-12-27T12:54:00.000000 761.946343884 4747.339071222 -4743.323361792 2.09476514886 5.05602616473 5.39186522578
2023-12-27T12:55:00.000000 885.764784098 5039.436900550 -4409.011035028 2.03091305348 4.67677169626 5.74757295450
2023-12-27T12:56:00.000000 1005.466566713 5308.113911854 -4054.147796835 1.95759529274 4.27563272295 6.07662511934
2023-12-27T12:57:00.000000 1120.493574518 5552.112189568 -3680.380458503 1.87514670229 3.85446493816 6.37745979265
2023-12-27T12:58:00.000000 1230.309114067 5770.288205808 -3289.445735423 1.78394669274 3.41522522565 6.64864345534
2023-12-27T12:59:00.000000 1334.400573554 5961.618695506 -2883.162256743 1.68441791610 2.95996242938 6.88888124062
2023-12-27T13:00:00.000000 1432.281932606 6125.205774463 -2463.421972091 1.57702384721 2.49080584530 7.09702476469
2023-12-27T13:01:00.000000 1523.496139899 6260.281463479 -2032.181208543 1.46226616803 2.00995436498 7.27207749462
2023-12-27T13:02:00.000000 1607.617329618 6366.211543345 -1591.451388783 1.34068244648 1.51966674672 7.41319989851
2023-12-27T13:03:00.000000 1684.252913406 6442.498882908 -1143.289474145 1.21284379857 1.02225108799 7.51971507790
2023-12-27T13:04:00.000000 1753.045508475 6488.786004453 -689.788028927 1.07935225184 0.52005283452 7.59111343729
2023-12-27T13:05:00.000000 1813.674711000 6504.856974320 -233.065098580 0.94083782755 0.01544233166 7.62705578525
2023-12-27T13:06:00.000000 1865.858670867 6490.638497159 224.746099332 0.79795523440 -0.48919759736 7.62737568110
2023-12-27T13:07:00.000000 1909.355472084 6446.200321427 681.507576337 0.65137990766 -0.99148484305 7.59208096241
2023-12-27T13:08:00.000000 1943.964234595 6371.754741102 1135.087038991 0.50180376789 -1.48905166912 7.52135310529
2023-12-27T13:09:00.000000 1969.525998956 6267.655377688 1583.368216447 0.34993162647 -1.97955714444 7.41554428293
2023-12-27T13:10:00.000000 1985.924405984 6134.395214529 2024.261016232 0.19647852388 -2.46069775074 7.27517417088
2023-12-27T13:11:00.000000 1993.086248242 5972.604089575 2455.711481259 0.04216692880 -2.93021804579 7.10092761777
2023-12-27T13:12:00.000000 1990.981786792 5783.045410469 2875.711638321 -0.11227725110 -3.38592264403 6.89365166800
2023-12-27T13:13:00.000000 1979.624821346 5566.612210173 3282.309066082 -0.26612946609 -3.82568821802 6.65434996227
2023-12-27T13:14:00.000000 1959.072475473 5324.322492990 3673.616081730 -0.41867073768 -4.24747340456 6.38417541641
2023-12-27T13:15:00.000000 1929.424764761 5057.314094760 4047.818474115 -0.56919078558 -4.64932710978 6.08442328707
2023-12-27T13:16:00.000000 1890.823991290 4766.838984701 4403.183864119 -0.71699081530 -5.02939717242 5.75652485375
2023-12-27T13:17:00.000000 1843.453961667 4454.257066244 4738.069645557 -0.86138672534 -5.38593954553 5.40203980204
2023-12-27T13:18:00.000000 1787.539001501 4121.029435634 5050.930411105 -1.00171247829 -5.71732617453 5.02264693254
2023-12-27T13:19:00.000000 1723.342782925 3768.711246297 5340.324824628 -1.13732307249 -6.02205096842 4.62013484518
2023-12-27T13:20:00.000000 1651.166980227 3398.944214861 5604.921943501 -1.26759716753 -6.29873546817 4.19639340943
2023-12-27T13:21:00.000000 1571.349772930 3013.448781519 5843.507031414 -1.39193974151 -6.54613501513 3.75340446707
2023-12-27T13:22:00.000000 1484.264184410 2614.015923218 6054.986739042 -1.50978470308 -6.76314375174 3.29323079980
2023-12-27T13:23:00.000000 1390.316280952 2202.498737016 6238.393646125 -1.62059713506 -6.94879696747 2.81800521163
2023-12-27T13:24:00.000000 1289.943236736 1780.803941212 6392.890170004 -1.72387531978 -7.10227231801 2.32992175746
2023-12-27T13:25:00.000000 1183.611279911 1350.883261965 6517.772025619 -1.81915288430 -7.22289241899 1.83122800601
2023-12-27T13:26:00.000000 1071.813509375 914.724631264 6612.471135601 -1.90600079748 -7.31012852727 1.32421552432
2023-12-27T13:27:00.000000 955.067613142 474.343178817 6676.557979326 -1.98402856542 -7.36360269420 0.81120852594
2023-12-27T13:28:00.000000 833.913538888 31.772194377 6709.743184582 -2.05288479225 -7.38308751698 0.29455335201
2023-12-27T13:29:00.000000 708.911122876 -410.945888407 6711.878621305 -2.11225818878 -7.36850560401 -0.22338989008
2023-12-27T13:30:00.000000 580.637626467 -851.768508074 6682.957957954 -2.16187955358 -7.31993024031 -0.74025555443
2023-12-27T13:31:00.000000 449.685148612 -1288.662041591 6623.116736764 -2.20152377644 -7.23758606409 -1.25368256715
2023-12-27T13:32:00.000000 316.657949818 -1719.610856194 6532.631755392 -2.23101071715 -7.12184788067 -1.76132525605
2023-12-27T13:33:00.000000 182.169742412 -2142.626265889 6411.919832188 -2.25020520886 -6.97323855134 -2.26086283134
2023-12-27T13:34:00.000000 46.841002435 -2555.755350940 6261.536090968 -2.25901731178 -6.79242746757 -2.75000795497
2023-12-27T13:35:00.000000 -88.703779774 -2957.089726940 6082.171648184 -2.25740320290 -6.58022938579 -3.22651629169
2023-12-27T13:36:00.000000 -223.838886220 -3344.774194648 5874.650727519 -2.24536588301 -6.33760178489 -3.68819724769
2023-12-27T13:37:00.000000 -357.940186594 -3717.015178906 5639.927111195 -2.22295517178 -6.06564053722 -4.13292405070
2023-12-27T13:38:00.000000 -490.387935862 -4072.088893357 5379.080061970 -2.19026745820 -5.76557533993 -4.55864246685
2023-12-27T13:39:00.000000 -620.569571424 -4408.349246544 5093.309704204 -2.14744580166 -5.43876569477 -4.96337940163
2023-12-27T13:40:00.000000 -747.882519991 -4724.235504523 4783.931881147 -2.09468008584 -5.08669638907 -5.34525234338
2023-12-27T13:41:00.000000 -871.736996834 -5018.279631519 4452.372424061 -2.03220663334 -4.71097171659 -5.70247891196
2023-12-27T13:42:00.000000 -991.558767979 -5289.113276820 4100.160884852 -1.96030726633 -4.31330893823 -6.03338570500
2023-12-27T13:43:00.000000 -1106.791845435 -5535.474342939 3728.923736800 -1.87930817930 -3.89553144190 -6.33641679396
2023-12-27T13:44:00.000000 -1216.901112842 -5756.213132943 3340.377072509 -1.78957863164 -3.45956104671 -6.61014222507
2023-12-27T13:45:00.000000 -1321.374858938 -5950.297987054 2936.318799790 -1.69152927415 -3.00740919515 -6.85326588182
2023-12-27T13:46:00.000000 -1419.727208001 -6116.820395704 2518.620409473 -1.58561030172 -2.54116772608 -7.06463227890
2023-12-27T13:47:00.000000 -1511.500439552 -6254.999538598 2089.218343396 -1.47230977922 -2.06299957005 -7.24323292397
2023-12-27T13:48:00.000000 -1596.267212281 -6364.186253584 1650.104983749 -1.35215190656 -1.57512849117 -7.38821260119
2023-12-27T13:49:00.000000 -1673.632659828 -6443.866335914 1203.319293682 -1.22569459899 -1.07982752243 -7.49887455154
2023-12-27T13:50:00.000000 -1743.236326675 -6493.663154171 750.937201240 -1.09352634635 -0.57940739800 -7.57468379696
2023-12-27T13:51:00.000000 -1804.753902988 -6513.339587540 295.061818427 -0.95626303415 -0.07620611594 -7.61526963710
2023-12-27T13:52:00.000000 -1857.898785934 -6502.799360411 -162.186505708 -0.81454518680 0.42742143269 -7.62042864235
2023-12-27T13:53:00.000000 -1902.423472131 -6462.087692355 -618.680300533 -0.66903525422 0.92911551954 -7.59012737659
2023-12-27T13:54:00.000000 -1938.120787515 -6391.391205082 -1072.295216416 -0.52041439933 1.42652491487 -7.52450305880
2023-12-27T13:55:00.000000 -1964.824896128 -6291.037017144 -1520.920219654 -0.36937875631 1.91731955607 -7.42386196525
2023-12-27T13:56:00.000000 -1982.412082736 -6161.491135773 -1962.467668799 -0.21663556191 2.39920183634 -7.28867714357
2023-12-27T13:57:00.000000 -1990.801302589 -6003.356165754 -2394.883246241 -0.06289941457 2.86991761144 -7.11958611130
2023-12-27T13:58:00.000000 -1989.954520936 -5817.368381982 -2816.155748349 0.09111127443 3.32726754028 -6.91738765537
2023-12-27T13:59:00.000000 -1979.876838080 -5604.394098164 -3224.326622216 0.24467759398 3.76911802945 -6.68303718838
2023-12-27T14:00:00.000000 -1960.616425831 -5365.425419429 -3617.499209177 0.39708333145 4.19341139064 -6.41764143357
2023-12-27T14:01:00.000000 -1932.264258247 -5101.575373706 -3993.847645141 0.54761844933 4.59817594547 -6.12245276480
2023-12-27T14:02:00.000000 -1894.953631797 -4814.072461046 -4351.625416609 0.69558302057 4.98153620253 -5.79886227177
2023-12-27T14:03:00.000000 -1848.859434858 -4504.254594991 -4689.173420721 0.84029117433 5.34172179789 -5.44839103372
2023-12-27T14:04:00.000000 -1794.197204416 -4173.562588046 -5004.927488741 0.98107433377 5.67707422946 -5.07268089245
2023-12-27T14:05:00.000000 -1731.222008365 -3823.533257536 -5297.425369135 1.11728358186 5.98605238170 -4.67348624316
2023-12-27T14:06:00.000000 -1660.227212319 -3455.792229271 -5565.313271392 1.24829172183 6.26723845159 -4.25266656201
2023-12-27T14:07:00.000000 -1581.543103066 -3072.046334231 -5807.351925740 1.37349566766 6.51934442759 -3.81217835040
2023-12-27T14:08:00.000000 -1495.535358884 -2674.075639272 -6022.422138035 1.49231928756 6.74121805999 -3.35406590690
2023-12-27T14:09:00.000000 -1402.603341557 -2263.725144734 -6209.529749393 1.60421636374 6.93184768634 -2.88045136793
2023-12-27T14:10:00.000000 -1303.178220822 -1842.896240621 -6367.810014405 1.70867331836 7.09036600607 -2.39352440092
2023-12-27T14:11:00.000000 -1197.720941738 -1413.537951117 -6496.531330167 1.80521157370 7.21605288241 -1.89553172905
2023-12-27T14:12:00.000000 -1086.720063112 -977.638047768 -6595.098355413 1.89338956875 7.30833713122 -1.38876691266
2023-12-27T14:13:00.000000 -970.689484038 -537.214069247 -6663.054517852 1.97280437836 7.36679779103 -0.87556082457
2023-12-27T14:14:00.000000 -850.166091689 -94.304272261 -6700.083995552 2.04309283359 7.39116557922 -0.35827247870
2023-12-27T14:15:00.000000 -725.707351681 349.041521494 -6706.013113814 2.10393227581 7.38132456387 0.16072055856
2023-12-27T14:16:00.000000 -597.888851885 790.771166747 -6680.811153011 2.15504148180 7.33731325557 0.67903249817
2023-12-27T14:17:00.000000 -467.301773666 1228.839459629 -6624.590514681 2.19618219283 7.25932441206 1.19427994612
2023-12-27T14:18:00.000000 -334.550258911 1661.217356435 -6537.606278421 2.22716093520 7.14770362392 1.70409213873
2023-12-27T14:19:00.000000 -200.248679574 2085.901086187 -6420.255153882 2.24783031338 7.00294743779 2.20612044988
2023-12-27T14:20:00.000000 -65.018856618 2500.921161678 -6273.073878500 2.25808948629 6.82570180214 2.69804744113
2023-12-27T14:21:00.000000 70.512742289 2904.351300006 -6096.737061342 2.25788444004 6.61676083808 3.17759626041
2023-12-27T14:22:00.000000 205.717828384 3294.317269503 -5892.054450815 2.24720860932 6.37706504110 3.64254091918
2023-12-27T14:23:00.000000 339.969159195 3669.005587364 -5659.967567984 2.22610355686 6.10769809645 4.09071696392
2023-12-27T14:24:00.000000 472.643434738 4026.671983267 -5401.545697921 2.19465907399 5.80988273430 4.52003159996
2023-12-27T14:25:00.000000 603.124179707 4365.649615077 -5117.981297775 2.15301277512 5.48497658720 4.92847338048
2023-12-27T14:26:00.000000 730.804602004 4684.357036616 -4810.584814215 2.10134977158 5.13446776097 5.31412245980
2023-12-27T14:27:00.000000 855.090436969 4981.305861734 -4480.778875490 2.03990255284 4.75996866919 5.67516151105
2023-12-27T14:28:00.000000 975.402780582 5255.107967963 -4130.091807655 1.96895045734 4.36320774094 6.00988576322
2023-12-27T14:29:00.000000 1091.180860866 5504.482201142 -3760.150652781 1.88881826895 3.94602052638 6.31671097036
2023-12-27T14:30:00.000000 1201.884709505 5728.260543102 -3372.673703944 1.79987431148 3.51034194094 6.59418009943
2023-12-27T14:31:00.000000 1306.997719582 5925.393891668 -2969.462709418 1.70252878283 3.05819917321 6.84097039778
2023-12-27T14:32:00.000000 1406.029124856 6094.957339199 -2552.394542722 1.59723268979 2.59170371239 7.05590138027
2023-12-27T14:33:00.000000 1498.516423198 6236.154960484 -2123.412436626 1.48447684537 2.11304138375 7.23794299626
2023-12-27T14:34:00.000000 1584.027703121 6348.323902675 -1684.516728301 1.36478996431 1.62446053012 7.38622279872
2023-12-27T14:35:00.000000 1662.163842473 6430.937789956 -1237.755241680 1.23873533547 1.12825935710 7.50003106511
2023-12-27T14:36:00.000000 1732.560444492 6483.609320212 -785.213424977 1.10690667892 0.62677395773 7.57882365843
2023-12-27T14:37:00.000000 1794.889559894 6506.092245277 -329.004361591 0.96992458160 0.12236795161 7.62222401638
2023-12-27T14:38:00.000000 1848.861213650 6498.282681244 128.741377686 0.82843418194 -0.38257766244 7.63002626090
2023-12-27T14:39:00.000000 1894.224835276 6460.219852302 585.886081828 0.68310316257 -0.88567708518 7.60219895426
2023-12-27T14:40:00.000000 1930.770513129 6392.085877924 1040.295435106 0.53461864635 -1.38455491700 7.53888650753
2023-12-27T14:41:00.000000 1958.330040404 6294.204728525 1489.849000027 0.38368284885 -1.87686084583 7.44040664639
2023-12-27T14:42:00.000000 1976.777681392 6167.040318730 1932.450508632 0.23100858911 -2.36028132080 7.30724616667
2023-12-27T14:43:00.000000 1986.030689120 6011.194044340 2366.037868323 0.07731534709 -2.83254984939 7.14005743166
2023-12-27T14:44:00.000000 1986.049594648 5827.401584002 2788.593021839 -0.07667431743 -3.29145829608 6.93965495414
2023-12-27T14:45:00.000000 1976.838285505 5616.529069450 3198.151509704 -0.23023842685 -3.73486848609 6.70700985120
2023-12-27T14:46:00.000000 1958.443856272 5379.568563389 3592.811673050 -0.38265916284 -4.16072177806 6.44324302865
2023-12-27T14:47:00.000000 1930.956266130 5117.633073874 3970.743441474 -0.53322621819 -4.56704730007 6.14961919873
2023-12-27T14:48:00.000000 1894.507783786 4831.950989922 4330.196808314 -0.68124003165 -4.95197124451 5.82754125694
2023-12-27T14:49:00.000000 1849.272251737 4523.859970247 4669.509890954 -0.82601497415 -5.31372679643 5.47854228132
2023-12-27T14:50:00.000000 1795.464152362 4194.800266131 4987.116452590 -0.96688232817 -5.65066178163 5.10427555770
2023-12-27T14:51:00.000000 1733.337514778 3846.307696107 5281.552823428 -1.10319330716 -5.96124391603 4.70650554084
2023-12-27T14:52:00.000000 1663.184608611 3480.006273664 5551.464349413 -1.23432252797 -6.24406663126 4.28710024818
2023-12-27T14:53:00.000000 1585.334436753 3097.600458075 5795.611336606 -1.35967147281 -6.49785605382 3.84802189539
2023-12-27T14:54:00.000000 1500.151045579 2700.867031427 6012.874361625 -1.47867073750 -6.72147588289 3.39131518926
2023-12-27T14:55:00.000000 1408.031748936 2291.646781174 6202.258885942 -1.59078100106 -6.91392896957 2.91909696496
2023-12-27T14:56:00.000000 1309.405287288 1871.836110898 6362.899365673 -1.69549434026 -7.07435921328 2.43354910798
2023-12-27T14:57:00.000000 1204.729866725 1443.378435819 6494.062941715 -1.79233694834 -7.20205635601 1.93691088171
2023-12-27T14:58:00.000000 1094.491028932 1008.255307087 6595.152539556 -1.88087203810 -7.29646050726 1.43146711194
2023-12-27T14:59:00.000000 979.199367642 568.477319325 6665.709218490 -1.96070117727 -7.35716251232 0.91953533241
2023-12-27T15:00:00.000000 859.388230470 126.075156832 6705.413828560 -2.03146450852 -7.38390198203 0.40345670301
2023-12-27T15:01:00.000000 735.611374307 -316.909345070 6714.088253877 -2.09284182116 -7.37656769362 -0.11441024015
2023-12-27T15:02:00.000000 608.440524609 -758.432205635 6691.696185512 -2.14455491419 -7.33520026457 -0.63169824800
2023-12-27T15:03:00.000000 478.462782680 -1196.456482056 6638.343329041 -2.18636954011 -7.25999305877 -1.14604334746
2023-12-27T15:04:00.000000 346.277976589 -1628.961351034 6554.276848863 -2.21809581094 -7.15128968101 -1.65509603872
2023-12-27T15:05:00.000000 212.495995889 -2053.951050063 6439.884217000 -2.23958814292 -7.00958158814 -2.15652949989
2023-12-27T15:06:00.000000 77.734118680 -2469.463725685 6295.691641656 -2.25074605630 -6.83550760904 -2.64804761334
2023-12-27T15:07:00.000000 -57.385731937 -2873.580259243 6122.361938797 -2.25151554354 -6.62985319269 -3.12739540647
2023-12-27T15:08:00.000000 -192.239811156 -3264.432983518 5920.691691776 -2.24188982991 -6.39354711268 -3.59237033644
2023-12-27T15:09:00.000000 -326.205383142 -3640.214137620 5691.607814027 -2.22190928927 -6.12765673774 -4.04083213024
2023-12-27T15:10:00.000000 -458.663540445 -3999.184051525 5436.163540198 -2.19166102761 -5.83338370799 -4.47071137840
2023-12-27T15:11:00.000000 -589.001989056 -4339.679082467 5155.533950884 -2.15127840041 -5.51205992270 -4.88001821077
2023-12-27T15:12:00.000000 -716.617812108 -4660.119301508 4851.010899121 -2.10094046226 -5.16514315694 -5.26685103617
2023-12-27T15:13:00.000000 -840.920195933 -4959.015907645 4523.997471341 -2.04087157526 -4.79421238882 -5.62940537483
2023-12-27T15:14:00.000000 -961.333142783 -5234.978331694 4176.001856509 -1.97134126575 -4.40096240163 -5.96598352739
2023-12-27T15:15:00.000000 -1077.298174903 -5486.721003274 3808.630668108 -1.89266378847 -3.98719626904 -6.27500466719
2023-12-27T15:16:00.000000 -1188.276981595 -5713.069540780 3423.581633708 -1.80519691689 -3.55481600117 -6.55501327676
2023-12-27T15:17:00.000000 -1293.753983217 -5912.966431184 3022.635899039 -1.70934027261 -3.10581366725 -6.80468550913
2023-12-27T15:18:00.000000 -1393.238788436 -6085.476179575 2607.649912084 -1.60553360546 -2.64226369806 -7.02283568776
2023-12-27T15:19:00.000000 -1486.268547438 -6229.790034512 2180.546952462 -1.49425472634 -2.16631398353 -7.20842391798
2023-12-27T15:20:00.000000 -1572.410154494 -6345.230031546 1743.308139886 -1.37601689311 -1.68017470269 -7.36056235038
2023-12-27T15:21:00.000000 -1651.262300504 -6431.252413395 1297.963225695 -1.25136635943 -1.18610737701 -7.47851857411
2023-12-27T15:22:00.000000 -1722.457396752 -6487.450417738 846.581141634 -1.12088076951 -0.68641618301 -7.56171883140
2023-12-27T15:23:00.000000 -1785.663420163 -6513.556612386 391.260380851 -0.98516746532 -0.18343869986 -7.60975378060
2023-12-27T15:24:00.000000 -1840.585601121 -6509.444491468 -65.881112648 -0.84486030185 0.32046714905 -7.62238444040
2023-12-27T15:25:00.000000 -1886.967886019 -6475.129252209 -522.716209318 -0.70061525879 0.82293843780 -7.59954382127
2023-12-27T15:26:00.000000 -1924.594152410 -6410.767681470 -977.118885922 -0.55310678675 1.32162019281 -7.54133459266
2023-12-27T15:27:00.000000 -1953.289235513 -6316.657376036 -1426.974286649 -0.40302550421 1.81417550609 -7.44802710424
2023-12-27T15:28:00.000000 -1972.919836235 -6193.235339447 -1870.188825155 -0.25107569114 2.29829629591 -7.32005953573
2023-12-27T15:29:00.000000 -1983.395218352 -6041.075871681 -2304.700221096 -0.09797103784 2.77171636228 -7.15803688559
2023-12-27T15:30:00.000000 -1984.667621393 -5860.887665971 -2728.487394566 0.05557057982 3.23222407406 -6.96272659914
2023-12-27T15:31:00.000000 -1976.732366136 -5653.510217196 -3139.580037822 0.20883145356 3.67767250912 -6.73505262052
2023-12-27T15:32:00.000000 -1959.627756641 -5419.909669772 -3536.067841998 0.36109702267 4.10598847638 -6.47609019101
2023-12-27T15:33:00.000000 -1933.434811437 -5161.174107039 -3916.109427768 0.51165852973 4.51518224475 -6.18706068029
2023-12-27T15:34:00.000000 -1898.276818732 -4878.508241607 -4277.940912067 0.65981617976 4.90335735159 -5.86932496475
2023-12-27T15:35:00.000000 -1854.318704238 -4573.227564094 -4619.884069352 0.80488259308 5.26871909940 -5.52437577737
2023-12-27T15:36:00.000000 -1801.766177920 -4246.752001596 -4940.353997199 0.94618610916 5.60958214230 -5.15383008056
2023-12-27T15:37:00.000000 -1740.864701407 -3900.599133952 -5237.866344304 1.08307387985 5.92437802323 -4.75942111100
2023-12-27T15:38:00.000000 -1671.898264977 -3536.376959007 -5511.044010690 1.21491484633 6.21166223015 -4.34298938801
2023-12-27T15:39:00.000000 -1595.188002315 -3155.776283652 -5758.623319173 1.34110255452 6.47012001486 -3.90647313958
2023-12-27T15:40:00.000000 -1511.090628991 -2760.562779873 -5979.459573221 1.46105771110 6.69857130143 -3.45189881312
2023-12-27T15:41:00.000000 -1419.996747781 -2352.568773381 -6172.532073111 1.57423041163 6.89597508502 -2.98137148554
2023-12-27T15:42:00.000000 -1322.329021962 -1933.684784744 -6336.948532177 1.68010211243 7.06143296782 -2.49706517089
2023-12-27T15:43:00.000000 -1218.540240493 -1505.850894830 -6471.948953271 1.77818766747 7.19419189553 -2.00121365614
2023-12-27T15:44:00.000000 -1109.111237604 -1071.047933902 -6576.908932785 1.86803771413 7.29364704668 -1.49610161172
2023-12-27T15:45:00.000000 -994.548675525 -631.288496874 -6651.342428836 1.94924104407 7.35934486960 -0.98405453823
2023-12-27T15:46:00.000000 -875.382703125 -188.607808759 -6694.903864662 2.02142617798 7.39098482777 -0.46742744369
2023-12-27T15:47:00.000000 -752.164546923 254.945471292 -6707.389589905 2.08426205729 7.38841938415 0.05140580339
2023-12-27T15:48:00.000000 -625.464067118 697.318412649 -6688.738717870 2.13745881998 7.35165383412 0.57006151716
2023-12-27T15:49:00.000000 -495.867242859 1136.463004031 -6639.033456727 2.18076931306 7.28084692498 1.08615527747
2023-12-27T15:50:00.000000 -363.973560801 1570.345360406 -6558.498831876 2.21399075172 7.17631091165 1.59731236966
2023-12-27T15:51:00.000000 -230.393314528 1996.954912203 -6447.501814024 2.23696565431 7.03850996247 2.10117817570
2023-12-27T15:52:00.000000 -95.744878255 2414.313441254 -6306.549811853 2.24958231212 6.86805827413 2.59542715701
2023-12-27T15:53:00.000000 39.348064844 2820.484062273 -6136.288676799 2.25177562527 6.66571918933 3.07777189002
2023-12-27T15:54:00.000000 174.259349539 3213.580122349 -5937.500079090 2.24352818339 6.43240380917 3.54597397854
2023-12-27T15:55:00.000000 308.363214080 3591.773998688 -5711.098252809 2.22487073032 6.16916721299 3.99785553152
2023-12-27T15:56:00.000000 441.037177762 3953.305553547 -5458.126032090 2.19588189435 5.87720342380 4.43130880835
2023-12-27T15:57:00.000000 571.664908327 4296.490363771 -5179.750406844 2.15668796775 5.55784153492 4.84430472926
2023-12-27T15:58:00.000000 699.639080407 4619.727709412 -4877.257488101 2.10746294636 5.21254242332 5.23490287756
2023-12-27T15:59:00.000000 824.364234524 4921.508371470 -4552.046890168 2.04842812357 4.84289329210 5.60126307625
2023-12-27T16:00:00.000000 945.259577298 5200.421936842 -4205.625345922 1.97985092085 4.45059951158 5.94165578555
2023-12-27T16:01:00.000000 1061.761715377 5455.163651653 -3839.599849888 1.90204367555 4.03747594626 6.25447008247
2023-12-27T16:02:00.000000 1173.327319635 5684.540727915 -3455.670297897 1.81536291654 3.60543929339 6.53822085621
2023-12-27T16:03:00.000000 1279.435765216 5887.478263140 -3055.621737478 1.72020857457 3.15650041908 6.79155675927
2023-12-27T16:04:00.000000 1379.591683542 6063.024605575 -2641.316069982 1.61702229966 2.69275551929 7.01326845022
2023-12-27T16:05:00.000000 1473.327395352 6210.356192552 -2214.683308268 1.50628493613 2.21637602766 7.20229611576
2023-12-27T16:06:00.000000 1560.205179115 6328.781715414 -1777.712404485 1.38851386281 1.72959750129 7.35773574708
2023-12-27T16:07:00.000000 1639.819394775 6417.745641681 -1332.441758975 1.26426067233 1.23470788045 7.47884381136
2023-12-27T16:08:00.000000 1711.798472237 6476.830996182 -880.949485504 1.13410913560 0.73403618257 7.56504054174
2023-12-27T16:09:00.000000 1775.806781460 6505.761524769 -425.343486398 0.99867299649 0.22994209489 7.61591332941
2023-12-27T16:10:00.000000 1831.546339034 6504.403182196 32.248696312 0.85859294604 -0.27519521979 7.63122102804
2023-12-27T16:11:00.000000 1878.758315779 6472.764940710 489.690290862 0.71453257762 -0.77899059995 7.61089729732
2023-12-27T16:12:00.000000 1917.224273380 6410.998693682 944.845797579 0.56717399859 -1.27906735710 7.55505062908
2023-12-27T16:13:00.000000 1946.767159949 6319.398358841 1395.591413667 0.41721397130 -1.77307028849 7.46396195338
2023-12-27T16:14:00.000000 1967.252075566 6198.398204722 1839.825298496 0.26536041504 -2.25867763179 7.33808214312
2023-12-27T16:15:00.000000 1978.586840663 6048.570508240 2275.477692604 0.11232855701 -2.73361351532 7.17802883572
2023-12-27T16:16:00.000000 1980.722306787 5870.622420543 2700.520757360 -0.04116298218 -3.19565943203 6.98458064573
2023-12-27T16:17:00.000000 1973.652473825 5665.392293190 3112.978037734 -0.19439508572 -3.64266206499 6.75867082781
2023-12-27T16:18:00.000000 1957.414437602 5433.845528287 3510.933629584 -0.34665041797 -4.07254001528 6.50138463896
2023-12-27T16:19:00.000000 1932.088203018 5177.070007821 3892.541297985 -0.49721709282 -4.48329529162 6.21395852720
2023-12-27T16:20:00.000000 1897.796185365 4896.270587214 4256.033391320 -0.64539427804 -4.87302932808 5.89777360278
2023-12-27T16:21:00.000000 1854.702389920 4592.762734249 4599.729100871 -0.79049709727 -5.23995507938 5.55434111895
2023-12-27T16:22:00.000000 1803.011378088 4267.965673136 4922.041845158 -0.93185835833 -5.58240013501 5.18528840384
2023-12-27T16:23:00.000000 1742.967217489 3923.395557430 5221.485973779 -1.06882870543 -5.89880708789 4.79235242579
2023-12-27T16:24:00.000000 1674.852355178 3560.658396465 5496.683289905 -1.20077879682 -6.18773965437 4.37737729572
2023-12-27T16:25:00.000000 1598.986277282 3181.442475847 5746.369275124 -1.32710408772 -6.44789303997 3.94230639596
2023-12-27T16:26:00.000000 1515.723890743 2787.510243210 5969.398671400 -1.44722905983 -6.67810049942 3.48916882350
2023-12-27T16:27:00.000000 1425.453714308 2380.689979100 6164.750215662 -1.56060887131 -6.87733445292 3.02006748689
2023-12-27T16:28:00.000000 1328.596021922 1962.867410663 6331.530846978 -1.66673004117 -7.04470822539 2.53717187278
2023-12-27T16:29:00.000000 1225.600908909 1535.977109062 6468.979484566 -1.76511241757 -7.17948112155 2.04271005088
2023-12-27T16:30:00.000000 1116.946214802 1101.993611562 6576.470198202 -1.85531187723 -7.28106215531 1.53895666451
2023-12-27T16:31:00.000000 1003.135296743 662.922427020 6653.514625058 -1.93692198198 -7.34900931567 1.02822119643
2023-12-27T16:32:00.000000 884.694751815 220.791159556 6699.763821427 -2.00957468863 -7.38302828411 0.51284044691
2023-12-27T16:33:00.000000 762.172076290 -222.359417737 6715.009716618 -2.07294165282 -7.38297476021 -0.00482809396
2023-12-27T16:34:00.000000 636.133227817 -664.484443253 6699.186050112 -2.12673628701 -7.34885765745 -0.52241677949
2023-12-27T16:35:00.000000 507.160064737 -1103.544201823 6652.368610398 -2.17071520896 -7.28083877659 -1.03756039331
2023-12-27T16:36:00.000000 375.847741381 -1537.513193984 6574.774776559 -2.20467866144 -7.17922969935 -1.54790593851
2023-12-27T16:37:00.000000 242.802076261 -1964.389067090 6466.762557005 -2.22847111368 -7.04449052917 -2.05111992213
2023-12-27T16:38:00.000000 108.636856551 -2382.201543470 6328.829139417 -2.24198270026 -6.87723060810 -2.54489764694
2023-12-27T16:39:00.000000 -26.028940225 -2789.021370563 6161.608861444 -2.24515044402 -6.67820708360 -3.02697563574
2023-12-27T16:40:00.000000 -160.573964813 -3182.969026904 5965.870312572 -2.23795810077 -6.44831977500 -3.49514313472
2023-12-27T16:41:00.000000 -294.377268622 -3562.223117634 5742.512946770 -2.22043512973 -6.18860559967 -3.94725014641
2023-12-27T16:42:00.000000 -426.821028489 -3925.028487643 5492.563209907 -2.19265609321 -5.90023527112 -4.38121398788
2023-12-27T16:43:00.000000 -557.293247895 -4269.704186314 5217.170325681 -2.15474095612 -5.58451107000 -4.79502750228
2023-12-27T16:44:00.000000 -685.190509396 -4594.651263784 4917.601414921 -2.10685567107 -5.24286336866 -5.18676889973
2023-12-27T16:45:00.000000 -809.920737491 -4898.360310759 4595.236101314 -2.04921234679 -4.87684545992 -5.55461178333
2023-12-27T16:46:00.000000 -930.905957073 -5179.418644435 4251.560477420 -1.98206881894 -4.48812747986 -5.89683468920
2023-12-27T16:47:00.000000 -1047.585015495 -5436.517137383 3888.160562642 -1.90572775297 -4.07848946439 -6.21183034491
2023-12-27T16:48:00.000000 -1159.416234109 -5668.456553912 3506.715154382 -1.82053543429 -3.64981326339 -6.49811441434
2023-12-27T16:49:00.000000 -1265.879984437 -5874.153406321 3108.988230612 -1.72688026878 -3.20407358589 -6.75433327606
2023-12-27T16:50:00.000000 -1366.481158618 -6052.645233104 2696.820884568 -1.62519098766 -2.74332881030 -6.97927078900
2023-12-27T16:51:00.000000 -1460.751537490 -6203.095374870 2272.122914851 -1.51593469132 -2.26971193940 -7.17185424668
2023-12-27T16:52:00.000000 -1548.252031185 -6324.797161416 1836.864032113 -1.39961506945 -1.78542181368 -7.33116001105
2023-12-27T16:53:00.000000 -1628.574832768 -6417.177611104 1393.064744925 -1.27677081811 -1.29271392788 -7.45641959274
2023-12-27T16:54:00.000000 -1701.345450675 -6479.800481083 942.786853682 -1.14797360450 -0.79388947654 -7.54702611212
2023-12-27T16:55:00.000000 -1766.224617146 -6512.368675000 488.123589265 -1.01382492054 -0.29128220870 -7.60253936994
2023-12-27T16:56:00.000000 -1822.909943653 -6514.725737078 31.189536048 -0.87495211421 0.21275520042 -7.62268787078
2023-12-27T16:57:00.000000 -1871.137366328 -6486.856648666 -425.889487703 -0.73200465802 0.71586308373 -7.60736867186
2023-12-27T16:58:00.000000 -1910.682370417 -6428.887891737 -880.986548448 -0.58565111469 1.21568530463 -7.55664733906
2023-12-27T16:59:00.000000 -1941.361063220 -6341.086966681 -1331.983704059 -0.43657621785 1.70988045610 -7.47075834628
2023-12-27T17:00:00.000000 -1963.031035013 -6223.861091143 -1776.782138838 -0.28547757945 2.19613411734 -7.35010429545
2023-12-27T17:01:00.000000 -1975.592036036 -6077.755251264 -2213.312172997 -0.13306224592 2.67217072672 -7.19525335157
2023-12-27T17:02:00.000000 -1978.986432599 -5903.449504116 -2639.543110437 0.01995662031 3.13576444082 -7.00693621581
2023-12-27T17:03:00.000000 -1973.199484822 -5701.755720037 -3053.492893237 0.17286331417 3.58475027787 -6.78604294709
2023-12-27T17:04:00.000000 -1958.259365622 -5473.613530577 -3453.237536309 0.32494363898 4.01703583055 -6.53361819374
2023-12-27T17:05:00.000000 -1934.236956602 -5220.085674648 -3836.920197074 0.47548888246 4.43061190584 -6.25085413463
2023-12-27T17:06:00.000000 -1901.245409026 -4942.352707694 -4202.759800184 0.62379906580 4.82356108899 -5.93908291126
2023-12-27T17:07:00.000000 -1859.439546642 -4641.707305654 -4549.059223570 0.76918579415 5.19406561926 -5.59976975429
2023-12-27T17:08:00.000000 -1809.015068615 -4319.547998821 -4874.213078410 0.91097536706 5.54041568100 -5.23450591034
2023-12-27T17:09:00.000000 -1750.207573946 -3977.372480237 -5176.715023596 1.04851210779 5.86101711532 -4.84500019321
2023-12-27T17:10:00.000000 -1683.291381242 -3616.770450382 -5455.164550164 1.18116137686 6.15439758888 -4.43307025124
2023-12-27T17:11:00.000000 -1608.578192115 -3239.416170419 -5708.273272889 1.30831233437 6.41921236838 -4.00063436899
2023-12-27T17:12:00.000000 -1526.415569745 -2847.060587452 -5934.870702853 1.42938083784 6.65425070842 -3.54970260092
2023-12-27T17:13:00.000000 -1437.185255737 -2441.523135866 -6133.909441040 1.54381220533 6.85844136570 -3.08236594320
2023-12-27T17:14:00.000000 -1341.301335982 -2024.683247902 -6304.469695957 1.65108312364 7.03085565387 -2.60078530370
2023-12-27T17:15:00.000000 -1239.208326217 -1598.471765759 -6445.763195475 1.75070289554 7.17070936585 -2.10718233929
2023-12-27T17:16:00.000000 -1131.379164880 -1164.862170118 -6557.136586207 1.84221508519 7.27736582386 -1.60383129009
2023-12-27T17:17:00.000000 -1018.313088155 -725.861627682 -6638.074308713 1.92519995884 7.35033933367 -1.09304918231
2023-12-27T17:18:00.000000 -900.533355923 -283.501873318 -6688.200825362 1.99927687294 7.38929674782 -0.57718463668
2023-12-27T17:19:00.000000 -778.584850613 160.169942496 -6707.282206632 2.06410582601 7.39405727505 -0.05860761144
2023-12-27T17:20:00.000000 -653.031612451 603.100395486 -6695.227133039 2.11938841255 7.36459274707 0.46029958302
2023-12-27T17:21:00.000000 -524.454315515 1043.238977181 -6652.087360999 2.16486872752 7.30102854237 0.97715186282
2023-12-27T17:22:00.000000 -393.447690164 1478.547300748 -6578.057569179 2.20033426759 7.20364337797 1.48957175185
2023-12-27T17:23:00.000000 -260.617893541 1907.008274804 -6473.474623152 2.22561681784 7.07286791844 1.99519883551
2023-12-27T17:24:00.000000 -126.579817721 2326.635181282 -6338.816281913 2.24059367386 6.90928409319 2.49169846994
2023-12-27T17:25:00.000000 8.045688706 2735.480762638 -6174.699357217 2.24518917213 6.71362495554 2.97677220788
2023-12-27T17:26:00.000000 142.634670916 3131.646211113 -5981.877172802 2.23937564596 6.48677229405 3.44817014809
2023-12-27T17:27:00.000000 276.562956619 3513.289980495 -5761.236308225 2.22317324377 6.22975150261 3.90370189584
2023-12-27T17:28:00.000000 409.208997762 3878.636220182 -5513.792774820 2.19664931474 5.94372680259 4.34124464314
2023-12-27T17:29:00.000000 539.956703871 4225.983044834 -5240.687731621 2.15991840416 5.62999876601 4.75875129611
2023-12-27T17:30:00.000000 668.198278580 4553.710602600 -4943.182615653 2.11314267535 5.29000140328 5.15426145894
2023-12-27T17:31:00.000000 793.337089740 4860.288968238 -4622.653594533 2.05653178610 4.92529595833 5.52591327734
2023-12-27T17:32:00.000000 914.790483118 5144.285483991 -4280.585342699 1.99034194467 4.53756265875 5.87195289065
2023-12-27T17:33:00.000000 1031.992548714 5404.371700327 -3918.564340490 1.91487485436 4.12859344890 6.19074199941
2023-12-27T17:34:00.000000 1144.396818382 5639.329859951 -3538.271689240 1.83047680899 3.70028538754 6.48076628251
2023-12-27T17:35:00.000000 1251.478911827 5848.058988202 -3141.475398522 1.73753746663 3.25463235838 6.74064467311
2023-12-27T17:36:00.000000 1352.739084913 6029.580402114 -2730.022141693 1.63648800481 2.79371504794 6.96913727969
2023-12-27T17:37:00.000000 1447.704657827 6183.042619666 -2305.828589843 1.52779904474 2.31969120123 7.16515178161
2023-12-27T17:38:00.000000 1535.932318231 6307.725685941 -1870.872360521 1.41197861981 1.83478602855 7.32775005358
2023-12-27T17:39:00.000000 1617.010305304 6403.044913125 -1427.182563104 1.28956995281 1.34128086852 7.45615486909
2023-12-27T17:40:00.000000 1690.560442659 6468.553854375 -976.829989724 1.16114881793 0.84150013055 7.54975458313
2023-12-27T17:41:00.000000 1756.240004314 6503.946506209 -521.917101681 1.02732058772 0.33779882757 7.60810553186
2023-12-27T17:42:00.000000 1813.743390670 6509.058787609 -64.567888772 0.88871694420 -0.16744873305 7.63093410730
2023-12-27T17:43:00.000000 1862.803601995 6483.869369342 393.082400151 0.74599216735 -0.67186084639 7.61813889899
2023-12-27T17:44:00.000000 1903.193479804 6428.499724640 848.897613264 0.59981943402 -1.17306141980 7.56979108105
2023-12-27T17:45:00.000000 1934.726747232 6343.213414379 1300.751005665 0.45088777203 -1.66869225374 7.48613266834
2023-12-27T17:46:00.000000 1957.258872191 6228.414667337 1746.535431077 0.29989932587 -2.15642401177 7.36757473465
2023-12-27T17:47:00.000000 1970.687761314 6084.646329002 2184.173450584 0.14756582475 -2.63396766127 7.21469616149
2023-12-27T17:48:00.000000 1974.954203726 5912.587071506 2611.627326140 -0.00539592450 -3.09908703921 7.02824067749
2023-12-27T17:49:00.000000 1970.042042386 5713.047856620 3026.908749726 -0.15826816142 -3.54961030376 6.80911117568
2023-12-27T17:50:00.000000 1955.978135807 5486.967783340 3428.088212747 -0.31033509957 -3.98343921345 6.55836392862
2023-12-27T17:51:00.000000 1932.832161094 5235.409401970 3813.304078051 -0.46088578453 -4.39855869930 6.27720434239
2023-12-27T17:52:00.000000 1900.716212753 4959.553394089 4180.771381241 -0.60921828602 -4.79304876838 5.96698156381
2023-12-27T17:53:00.000000 1859.784105109 4660.692481983 4528.790183153 -0.75464445876 -5.16509606013 5.62917869706
2023-12-27T17:54:00.000000 1810.230438544 4340.224794535 4855.753243026 -0.89649328888 -5.51300112192 5.26540056831
2023-12-27T17:55:00.000000 1752.289515393 3999.646914375 5160.153007202 -1.03411254682 -5.83518185259 4.87736376222
2023-12-27T17:56:00.000000 1686.234172353 3640.546759716 5440.588093912 -1.16687057552 -6.13017727461 4.46689018026
2023-12-27T17:57:00.000000 1612.374447911 3264.596110956 5695.769453389 -1.29415944679 -6.39665370892 4.03590083521
2023-12-27T17:58:00.000000 1531.056053983 2873.542777587 5924.526053706 -1.41539854406 -6.63341169657 3.58640706314
2023-12-27T17:59:00.000000 1442.658653360 2469.202363371 6125.809983474 -1.53003714573 -6.83939167121 3.12049970120
2023-12-27T18:00:00.000000 1347.594012795 2053.449746154 6298.700886030 -1.63755604074 -7.01367801112 2.64033770767
2023-12-27T18:01:00.000000 1246.304067363 1628.210360259 6442.409701773 -1.73746916083 -7.15550132986 2.14813692709
2023-12-27T18:02:00.000000 1139.258874177 1195.451403438 6556.281771697 -1.82932548076 -7.26423880394 1.64616007832
2023-12-27T18:03:00.000000 1026.954455422 757.173045128 6639.799402963 -1.91271078873 -7.33941415992 1.13670889009
2023-12-27T18:04:00.000000 909.910544052 315.399600955 6692.584006904 -1.98724918930 -7.38069967661 0.62211692666
2023-12-27T18:05:00.000000 788.668240679 -127.829502261 6714.397730631 -2.05260456591 -7.38791964176 0.10474011508
2023-12-27T18:06:00.000000 663.787583902 -570.468900111 6705.144450336 -2.10848198090 -7.36105188045 -0.41305521875
2023-12-27T18:07:00.000000 535.845043378 -1010.476468112 6664.870050956 -2.15462883748 -7.30022614998 -0.92890346003
2023-12-27T18:08:00.000000 405.430947393 -1445.822372884 6593.762117247 -2.19083599081 -7.20572220066 -1.44044811802
2023-12-27T18:09:00.000000 273.146837868 -1874.498067428 6492.149150858 -2.21693896655 -7.07796981092 -1.94535022309
2023-12-27T18:10:00.000000 139.602764946 -2294.525278623 6360.499174293 -2.23281877146 -6.91754869869 -2.44129955685
2023-12-27T18:11:00.000000 5.414552880 -2703.964967485 6199.417675205 -2.23840170648 -6.72518529893 -2.92602680368
2023-12-27T18:12:00.000000 -128.798890454 -3100.925931632 6009.644818415 -2.23365865350 -6.50174734137 -3.39731282561
2023-12-27T18:13:00.000000 -262.418244740 -3483.573170563 5792.052261271 -2.21860506090 -6.24823987546 -3.85299498950
2023-12-27T18:14:00.000000 -394.826477346 -3850.136051323 5547.639531310 -2.19330201119 -5.96580358906 -4.29097408355
2023-12-27T18:15:00.000000 -525.411623115 -4198.916423412 5277.530009088 -2.15785740289 -5.65571288143 -4.70922379322
2023-12-27T18:16:00.000000 -653.569603382 -4528.296509130 4982.966183737 -2.11242622630 -5.31937196281 -5.10580118211
2023-12-27T18:17:00.000000 -778.707038996 -4836.746556836 4665.304376209 -2.05721001087 -4.95830975036 -5.47885676836
2023-12-27T18:18:00.000000 -900.244019019 -5122.832137748 4326.008805058 -1.99245601305 -4.57417416976 -5.82664452618
2023-12-27T18:19:00.000000 -1017.616817027 -5385.221111800 3966.645117331 -1.91845630015 -4.16872490407 -6.14753196232
2023-12-27T18:20:00.000000 -1130.280546989 -5622.690038171 3588.873265174 -1.83554660603 -3.74382439632 -6.44000884842
2023-12-27T18:21:00.000000 -1237.711745469 -5834.130083257 3194.439984844 -1.74410503065 -3.30142877377 -6.70269396681
2023-12-27T18:22:00.000000 -1339.410869151 -6018.552374363 2785.170839065 -1.64455068165 -2.84357986061 -6.93434141827
2023-12-27T18:23:00.000000 -1434.904714160 -6175.092938199 2362.961931000 -1.53734194361 -2.37239694961 -7.13384786893
2023-12-27T18:24:00.000000 -1523.748697748 -6303.017026985 1929.771090007 -1.42297412052 -1.89006689706 -7.30025967835
2023-12-27T18:25:00.000000 -1605.528997274 -6401.722863347 1487.608743340 -1.30197676200 -1.39883311221 -7.43277822002
2023-12-27T18:26:00.000000 -1679.864526909 -6470.744691571 1038.528474164 -1.17491127275 -0.90098503242 -7.53076371222
2023-12-27T18:27:00.000000 -1746.408790326 -6509.755265482 584.617409622 -1.04236873331 -0.39884781734 -7.59373906667
2023-12-27T18:28:00.000000 -1804.851581586 -6518.567628422 127.986309892 -0.90496732835 0.10522902976 -7.62139387239
2023-12-27T18:29:00.000000 -1854.920519562 -6497.136215678 -329.240508209 -0.76334907077 0.60888433605 -7.61358703101
2023-12-27T18:30:00.000000 -1896.382367955 -6445.557152899 -784.935365008 -0.61817626704 1.10975787179 -7.57034741280
2023-12-27T18:31:00.000000 -1929.044157117 -6364.067869738 -1236.977396649 -0.47012822603 1.60550217186 -7.49187334555
2023-12-27T18:32:00.000000 -1952.754107693 -6253.045962818 -1683.262704247 -0.31989819175 2.09379410419 -7.37853175760
2023-12-27T18:33:00.000000 -1967.402374264 -6113.007396266 -2121.714427292 -0.16819005572 2.57234680435 -7.23085658774
2023-12-27T18:34:00.000000 -1972.921566322 -5944.603943605 -2550.292677876 -0.01571459089 3.03892168290 -7.04954588702
2023-12-27T18:35:00.000000 -1969.287050035 -5748.619972482 -2967.004276971 0.13681463086 3.49133989454 -6.83545754747
2023-12-27T18:36:00.000000 -1956.516986068 -5525.968510352 -3369.912179367 0.28868521431 3.92749302264 -6.58960396731
2023-12-27T18:37:00.000000 -1934.672157194 -5277.686735822 -3757.144570254 0.43918946421 4.34535294794 -6.31314591728
2023-12-27T18:38:00.000000 -1903.855583065 -5004.930861609 -4126.903562353 0.58762746145 4.74298094968 -6.00738599253
2023-12-27T18:39:00.000000 -1864.211978229 -4708.970543246 -4477.473517802 0.73331005324 5.11853631103 -5.67376181178
2023-12-27T18:40:00.000000 -1815.927000215 -4391.182720773 -4807.228921404 0.87556202456 5.47028460902 -5.31383873133
2023-12-27T18:41:00.000000 -1759.226323325 -4053.045021792 -5114.641814078 1.01372530031 5.79660544617 -4.92930169906
2023-12-27T18:42:00.000000 -1694.374513470 -3696.128693660 -5398.288696029 1.14716188971 6.09599923585 -4.52194658047
2023-12-27T18:43:00.000000 -1621.673749045 -3322.091195715 -5656.856939886 1.27525668212 6.36709325218 -4.09367146329
2023-12-27T18:44:00.000000 -1541.462352133 -2932.668391925 -5889.150644700 1.39742040958 6.60864743120 -3.64646783421
2023-12-27T18:45:00.000000 -1454.113150887 -2529.666436207 -6094.095966544 1.51309264414 6.81955978993 -3.18241087426
2023-12-27T18:46:00.000000 -1360.031670477 -2114.953342607 -6270.745807094 1.62174419310 6.99887074032 -2.70364882465
2023-12-27T18:47:00.000000 -1259.654212656 -1690.450358872 -6418.283899426 1.72287861484 7.14576598946 -2.21239232186
2023-12-27T18:48:00.000000 -1153.445852478 -1258.123176665 -6536.028230525 1.81603343304 7.25957855521 -1.71090458049
2023-12-27T18:49:00.000000 -1041.898354291 -819.973044545 -6623.433938912 1.90078183449 7.33979055582 -1.20149233326
2023-12-27T18:50:00.000000 -925.527965830 -378.027762797 -6680.095630006 1.97673489749 7.38603501422 -0.68649682294
2023-12-27T18:51:00.000000 -804.873080040 65.667414869 -6705.749202613 2.04354366297 7.39809745554 -0.16828419696
2023-12-27T18:52:00.000000 -680.491793152 509.058968771 -6700.273003400 2.10090046626 7.37591683737 0.35076473817
2023-12-27T18:53:00.000000 -552.959404324 950.094318126 -6663.688418539 2.14853971955 7.31958547262 0.86826473988
2023-12-27T18:54:00.000000 -422.865860446 1386.731009271 -6596.159831032 2.18623878718 7.22934839742 1.38183543378
2023-12-27T18:55:00.000000 -290.813150007 1816.945861813 -6497.994100228 2.21381934835 7.10560320598 1.88911010203
2023-12-27T18:56:00.000000 -157.412588784 2238.744141214 -6369.639426544 2.23114896418 6.94890048731 2.38774556299
2023-12-27T18:57:00.000000 -23.282034913 2650.168728121 -6211.683604177 2.23814213384 6.75994308632 2.87543406321
2023-12-27T18:58:00.000000 110.956939314 3049.309154793 -6024.851521483 2.23476047420 6.53958260688 3.34991535633
2023-12-27T18:59:00.000000 244.681864862 3434.310390968 -5810.002008486 2.22101252174 6.28881433244 3.80898643707
2023-12-27T19:00:00.000000 377.272197770 3803.381326638 -5568.124162736 2.19695398041 6.00877333248 4.25050925932
2023-12-27T19:01:00.000000 508.112170391 4154.803101557 -5300.333206942 2.16268840518 5.70073220846 4.67241945920
2023-12-27T19:02:00.000000 636.593666561 4486.937242119 -5007.865732936 2.11836739125 5.36609779959 5.07273763901
2023-12-27T19:03:00.000000 762.119091909 4798.233586229 -4692.074258175 2.06418966742 5.00640500547 5.44958092479
2023-12-27T19:04:00.000000 884.104151276 5087.237703504 -4354.421137048 2.00039969379 4.62330911876 5.80117221018
2023-12-27T19:05:00.000000 1001.980568140 5352.597925951 -3996.471988504 1.92728686511 4.21857909573 6.12584777019
2023-12-27T19:06:00.000000 1115.198773939 5593.071977574 -3619.888644106 1.84518538622 3.79409129961 6.42206579927
2023-12-27T19:07:00.000000 1223.230582980 5807.533180343 -3226.421538901 1.75447374885 3.35182138270 6.68841620910
2023-12-27T19:08:00.000000 1325.571813092 5994.976133470 -2817.901539550 1.65557296399 2.89383377670 6.92362943025
2023-12-27T19:09:00.000000 1421.744748060 6154.521681553 -2396.231304666 1.54894388457 2.42227083918 7.12658284505
2023-12-27T19:10:00.000000 1511.300452314 6285.421304693 -1963.376309902 1.43508460636 1.93934319014 7.29630603365
2023-12-27T19:11:00.000000 1593.820940462 6387.060927243 -1521.355546248 1.31452842515 1.44732028413 7.43198641861
2023-12-27T19:12:00.000000 1668.921236313 6458.964152160 -1072.231882523 1.18784194694 0.94851938826 7.53297522003
2023-12-27T19:13:00.000000 1736.251297575 6500.794721582 -618.102067388 1.05562254857 0.44529256461 7.59879236495
2023-12-27T19:14:00.000000 1795.497759289 6512.358197177 -161.086519127 0.91849475025 -0.05998727432 7.62912923431
2023-12-27T19:15:00.000000 1846.385435280 6493.602801536 296.680983697 0.77710597763 -0.56493958308 7.62384894519
2023-12-27T19:16:00.000000 1888.678577622 6444.619541925 753.063569004 0.63212285149 -1.06718744044 7.58298506132
2023-12-27T19:17:00.000000 1922.181945939 6365.641687277 1205.931468965 0.48422863812 -1.56436712868 7.50674074985
2023-12-27T19:18:00.000000 1946.741739617 6257.043683864 1653.172210023 0.33412095649 -2.05413838531 7.39548957984
2023-12-27T19:19:00.000000 1962.246355497 6119.339355880 2092.700863336 0.18250819699 -2.53419764903 7.24977626909
2023-12-27T19:20:00.000000 1968.626900557 5953.179274938 2522.470271017 0.03010442461 -3.00229343354 7.07031383398
2023-12-27T19:21:00.000000 1965.857365096 5759.347180655 2940.480916261 -0.12237549576 -3.45623987919 6.85797608698
2023-12-27T19:22:00.000000 1953.954576413 5538.755758584 3344.790314875 -0.27421886702 -3.89392582102 6.61378893771
2023-12-27T19:23:00.000000 1932.978013833 5292.441951453 3733.521946322 -0.42471681312 -4.31332127665 6.33892444045
2023-12-27T19:24:00.000000 1903.029522361 5021.561893186 4104.873904661 -0.57316690012 -4.71248549707 6.03469735462
2023-12-27T19:25:00.000000 1864.252780020 4727.385204414 4457.127342695 -0.71887784605 -5.08957781687 5.70256025034
2023-12-27T19:26:00.000000 1816.832471449 4411.288664964 4788.654480954 -0.86117489670 -5.44286864956 5.34409435958
2023-12-27T19:27:00.000000 1760.993174492 4074.749290013 5097.925980121 -0.99940355363 -5.77074741278 4.96099772514
2023-12-27T19:28:00.000000 1696.998083932 3719.337039318 5383.517606537 -1.13293103901 -6.07172720273 4.55507431035
2023-12-27T19:29:00.000000 1625.147694321 3346.707279570 5644.116333953 -1.26114710944 -6.34444871660 4.12822573705
2023-12-27T19:30:00.000000 1545.778392363 2958.592984958 5878.525978992 -1.38346604594 -6.58768528073 3.68244392521
2023-12-27T19:31:00.000000 1459.260888037 2556.796608514 6085.672357700 -1.49933007162 -6.80034846085 3.21980209950
2023-12-27T19:32:00.000000 1365.998430631 2143.181654895 6264.607858835 -1.60821285443 -6.98149212808 2.74244381798
2023-12-27T19:33:00.000000 1266.424844572 1719.664082762 6414.515316066 -1.70962186142 -7.13031414968 2.25257220821
2023-12-27T19:34:00.000000 1161.002456405 1288.203632416 6534.711311445 -1.80309967713 -7.24615741115 1.75244125757
2023-12-27T19:35:00.000000 1050.219954112 850.795062191 6624.648998472 -1.88822520978 -7.32851226193 1.24434803487
2023-12-27T19:36:00.000000 934.590166524 409.459203608 6683.920426305 -1.96461523809 -7.37701997950 0.73062322076
2023-12-27T19:37:00.000000 814.647740158 -33.766174132 6712.258201858 -2.03192589082 -7.39147471356 0.21361959284
2023-12-27T19:38:00.000000 690.946743876 -476.835527638 6709.536479782 -2.08985378650 -7.37182291566 -0.30429899472
2023-12-27T19:39:00.000000 564.058204634 -917.704642380 6675.771348200 -2.13813722798 -7.31816219928 -0.82076660833
2023-12-27T19:40:00.000000 434.567564758 -1354.339687966 6611.120702873 -2.17655774670 -7.23074137063 -1.33342400453
2023-12-27T19:41:00.000000 303.072043836 -1784.726301469 6515.883529047 -2.20494131139 -7.10996017215 -1.83992928983
2023-12-27T19:42:00.000000 170.177967308 -2206.878564464 6390.498521657 -2.22315833377 -6.95636653773 -2.33796913313
2023-12-27T19:43:00.000000 36.498120829 -2618.847779978 6235.542094038 -2.23112296816 -6.77065237908 -2.82526736359
2023-12-27T19:44:00.000000 -97.350871000 -3018.731013151 6051.725958790 -2.22879324735 -6.55365117592 -3.29959121446
2023-12-27T19:45:00.000000 -230.751220348 -3404.679590211 5839.894312481 -2.21617260902 -6.30633792221 -3.75875899725
2023-12-27T19:46:00.000000 -363.086745638 -3774.907543846 5601.020438344 -2.19331161701 -6.02982814734 -4.20065133735
2023-12-27T19:47:00.000000 -493.745739544 -4127.699981422 5336.202611707 -2.16030851739 -5.72537357251 -4.62322344527
2023-12-27T19:48:00.000000 -622.123801701 -4461.421022066 5046.659289868 -2.11730866878 -5.39435563932 -5.02451535764
2023-12-27T19:49:00.000000 -747.626649178 -4774.521418279 4733.723777692 -2.06450377642 -5.03827948425 -5.40266037090
2023-12-27T19:50:00.000000 -869.672870521 -5065.545786249 4398.838354550 -2.00213114269 -4.65876830792 -5.75589367721
2023-12-27T19:51:00.000000 -987.696636677 -5333.139533637 4043.547927365 -1.93047249513 -4.25755669026 -6.08256123666
2023-12-27T19:52:00.000000 -1101.150314471 -5576.055282842 3669.493114749 -1.84985247711 -3.83648304543 -6.38112748270
2023-12-27T19:53:00.000000 -1209.507007997 -5793.158906250 3278.402951711 -1.76063747072 -3.39748252607 -6.65018220529
2023-12-27T19:54:00.000000 -1312.263031435 -5983.435093183 2872.087118015 -1.66323480107 -2.94258000751 -6.88844832567
2023-12-27T19:55:00.000000 -1408.940345145 -6145.992531171 2452.427726432 -1.55809148867 -2.47388123894 -7.09479058924
2023-12-27T19:56:00.000000 -1499.088864475 -6280.068388710 2021.370546330 -1.44569206815 -1.99356180551 -7.26822298861
2023-12-27T19:57:00.000000 -1582.288640487 -6385.032186378 1580.915909453 -1.32655606293 -1.50385572924 -7.40791370829
2023-12-27T19:58:00.000000 -1658.151886375 -6460.388961631 1133.109322514 -1.20123579065 -1.00704514091 -7.51318882797
2023-12-27T19:59:00.000000 -1726.324889735 -6505.781894004 680.031910266 -1.07031420276 -0.50545015594 -7.58353635657
2023-12-27T20:00:00.000000 -1786.489764280 -6520.994220529 223.790542488 -0.93440211630 -0.00141771929 -7.61861038010
2023-12-27T20:01:00.000000 -1838.366026586 -6505.950502799 -233.492214842 -0.79413485002 0.50269068378 -7.61823408068
2023-12-27T20:02:00.000000 -1881.711960209 -6460.717095744 -689.688300799 -0.65016887324 1.00451163353 -7.58240116203
2023-12-27T20:03:00.000000 -1916.325795708 -6385.501923971 -1142.674394301 -0.50317862835 1.50169233876 -7.51127588546
2023-12-27T20:04:00.000000 -1942.046683148 -6280.653437680 -1590.342120572 -0.35385312591 1.99190300930 -7.40519185376
2023-12-27T20:05:00.000000 -1958.755456392 -6146.658896477 -2030.608143083 -0.20289210608 2.47284868984 -7.26464957396
2023-12-27T20:06:00.000000 -1966.375155556 -5984.141913709 -2461.424081788 -0.05100217331 2.94228039410 -7.09031324205
2023-12-27T20:07:00.000000 -1964.871338078 -5793.859414508 -2880.786229234 0.10110668188 3.39800592884 -6.88300697648
2023-12-27T20:08:00.000000 -1954.252181261 -5576.697870266 -3286.745010394 0.25272424234 3.83790059405 -6.64371030341
2023-12-27T20:09:00.000000 -1934.568403540 -5333.668961000 -3677.414152115 0.40314333320 4.25991741171 -6.37355269142
2023-12-27T20:10:00.000000 -1905.912969400 -5065.904598628 -4050.979490068 0.55166338007 4.66209661498 -6.07380747210
2023-12-27T20:11:00.000000 -1868.420593129 -4774.651456404 -4405.707420768 0.69759408802 5.04257473581 -5.74588524350
2023-12-27T20:12:00.000000 -1822.267007389 -4461.264893352 -4739.952905390 0.84025891011 5.39959343331 -5.39132638449
2023-12-27T20:13:00.000000 -1767.668050108 -4127.202419228 -5052.167012260 0.97899811434 5.73150748675 -5.01179246981
2023-12-27T20:14:00.000000 -1704.878566430 -3774.016681367 -5340.903908772 1.11317143147 6.03679145543 -4.60905733555
2023-12-27T20:15:00.000000 -1634.191178637 -3403.348128542 -5604.827353232 1.24216050939 6.31404551318 -4.18499848045
2023-12-27T20:16:00.000000 -1555.934885220 -3016.917277148 -5842.716647229 1.36537149762 6.56200126427 -3.74158857328
2023-12-27T20:17:00.000000 -1470.473510147 -2616.516663615 -6053.472081925 1.48223795603 6.77952743970 -3.28088607127
2023-12-27T20:18:00.000000 -1378.203963528 -2204.002463094 -6236.119756331 1.59222387310 6.96563452312 -2.80502469875
2023-12-27T20:19:00.000000 -1279.554339357 -1781.285895454 -6389.815793147 1.69482623021 7.11947773274 -2.31620260936
2023-12-27T20:20:00.000000 -1174.981877446 -1350.324475053 -6513.849873285 1.78957667187 7.24035887715 -1.81667229403
2023-12-27T20:21:00.000000 -1064.970856665 -913.113169527 -6607.648237340 1.87604248382 7.32772808286 -1.30873148118
2023-12-27T20:22:00.000000 -950.030418631 -471.675435258 -6670.776107456 1.95382763484 7.38118587463 -0.79471431726
2023-12-27T20:23:00.000000 -830.692334052 -28.054138527 -6702.939636830 2.02257440746 7.40048506100 -0.27698195306
2023-12-27T20:24:00.000000 -707.508633288 415.697617388 -6703.987195232 2.08196539439 7.38553159353 0.24208741653
2023-12-27T20:25:00.000000 -581.049138470 857.525677946 -6673.910121628 2.13172526487 7.33638451503 0.76010827764
2023-12-27T20:26:00.000000 -451.898892466 1295.384028670 -6612.842853794 2.17162208297 7.25325606164 1.27469701218
2023-12-27T20:27:00.000000 -320.655528517 1727.243996988 -6521.062573945 2.20146839549 7.13651230611 1.78348164913
2023-12-27T20:28:00.000000 -187.926565585 2151.103497520 -6398.988144786 2.22112221286 6.98667321904 2.28411293014
2023-12-27T20:29:00.000000 -54.326660068 2564.996217068 -6247.178420392 2.23048774008 6.80441077513 2.77427592510
2023-12-27T20:30:00.000000 79.525183288 2967.000636018 -6066.329836967 2.22951584404 6.59054543585 3.25170063646
2023-12-27T20:31:00.000000 213.008418272 3355.248820026 -5857.273462764 2.21820436241 6.34604234400 3.71417141094
2023-12-27T20:32:00.000000 345.503782330 3727.934997869 -5620.971437553 2.19659821086 6.07200790932 4.15953604236
2023-12-27T20:33:00.000000 476.396115576 4083.323938216 -5358.512907514 2.16478923220 5.76968634037 4.58571501828
2023-12-27T20:34:00.000000 605.077177682 4419.759096716 -5071.109360031 2.12291622163 5.44045596946 4.99071090567
2023-12-27T20:35:00.000000 730.948475508 4735.670558805 -4760.089430910 2.07116545742 5.08582501791 5.37261852714
2023-12-27T20:36:00.000000 853.424128439 5029.582651778 -4426.893009889 2.00977102696 4.70742558601 5.72963625522
2023-12-27T20:37:00.000000 971.933711042 5300.121138550 -4073.064707080 1.93901364813 4.30700517258 6.06007663040
2023-12-27T20:38:00.000000 1085.924973276 5546.019864515 -3700.246762164 1.85921808853 3.88641757181 6.36237414353
2023-12-27T20:39:00.000000 1194.866424454 5766.126901501 -3310.171508316 1.77075107780 3.44761577086 6.63509134750
2023-12-27T20:40:00.000000 1298.249810838 5959.410330538 -2904.653529518 1.67402078747 2.99264551631 6.87692671479
2023-12-27T20:41:00.000000 1395.592613951 6124.963531509 -2485.581156482 1.56947653102 2.52363597789 7.08672448732
2023-12-27T20:42:00.000000 1486.440456493 6262.009817429 -2054.907490863 1.45760660360 2.04278687997 7.26348267424
2023-12-27T20:43:00.000000 1570.369343681 6369.906293428 -1614.641018673 1.33893463480 1.55235625736 7.40635710379
2023-12-27T20:44:00.000000 1646.987671096 6448.147048332 -1166.836086801 1.21401656958 1.05465091329 7.51466453202
2023-12-27T20:45:00.000000 1715.938124477 6496.365805549 -713.583071810 1.08343911918 0.55201649996 7.58788785263
2023-12-27T20:46:00.000000 1776.899475035 6514.337857137 -256.998261641 0.94781796626 0.04682392317 7.62568105405
2023-12-27T20:47:00.000000 1829.588215932 6501.981141335 200.786464034 0.80779426590 -0.45854540859 7.62787039315
2023-12-27T20:48:00.000000 1873.759965751 6459.356485893 657.633936899 0.66403010589 -0.96171125015 7.59445301964
2023-12-27T20:49:00.000000 1909.210589112 6386.667266903 1111.411936877 0.51720444282 -1.46030405092 7.52559696065
2023-12-27T20:50:00.000000 1935.777114891 6284.258429479 1560.003485474 0.36800987652 -1.95197658206 7.42164214228
2023-12-27T20:51:00.000000 1953.338455580 6152.614732217 2001.317114755 0.21714959893 -2.43441799172 7.28309884711
2023-12-27T20:52:00.000000 1961.815957905 5992.358169049 2433.296989205 0.06533404623 -2.90536644257 7.11064316595
2023-12-27T20:53:00.000000 1961.173713325 5804.244715305 2853.932690474 -0.08672292369 -3.36261940752 6.90511259172
2023-12-27T20:54:00.000000 1951.418643184 5589.160451192 3261.268808551 -0.23830827047 -3.80404461974 6.66750228874
2023-12-27T20:55:00.000000 1932.600319874 5348.116971505 3653.414205742 -0.38871394124 -4.22759240896 6.39895869045
2023-12-27T20:56:00.000000 1904.810567996 5082.246118514 4028.550853002 -0.53724004484 -4.63130559079 6.10076982022
2023-12-27T20:57:00.000000 1868.182905217 4792.794238824 4384.942013434 -0.68319702517 -5.01332528659 5.77435671839
2023-12-27T20:58:00.000000 1822.891854109 4481.116127048 4720.940082662 -0.82590815113 -5.37189676331 5.42126862696
2023-12-27T20:59:00.000000 1769.152059371 4148.668495971 5034.994122695 -0.96471337665 -5.70537898793 5.04317798728
2023-12-27T21:00:00.000000 1707.217161639 3797.002853300 5325.657032839 -1.09897372097 -6.01225517361 4.64187051913
2023-12-27T21:01:00.000000 1637.378421343 3427.757805551 5591.591904132 -1.22807451295 -6.29113926879 4.21923193453
2023-12-27T21:02:00.000000 1559.963200953 3042.651135736 5831.577677637 -1.35142726388 -6.54077834437 3.77723653711
2023-12-27T21:03:00.000000 1475.333344095 2643.471751536 6044.514199360 -1.46847129461 -6.76005470344 3.31793912785
2023-12-27T21:04:00.000000 1383.883455405 2232.071492419 6229.426841663 -1.57867583475 -6.94798959572 2.84346744155
2023-12-27T21:05:00.000000 1286.039030257 1810.356643881 6385.470609044 -1.68154219133 -7.10374716748 2.35601340638
2023-12-27T21:06:00.000000 1182.254475060 1380.279271564 6511.933711824 -1.77660567289 -7.22663786603 1.85782374161
2023-12-27T21:07:00.000000 1073.011008502 943.828340365 6608.240553735 -1.86343746507 -7.31612161802 1.35119000155
2023-12-27T21:08:00.000000 958.814459791 503.020682204 6673.954116131 -1.94164647793 -7.37181009414 0.83843742229
2023-12-27T21:09:00.000000 840.192952998 59.891863975 6708.777613474 -2.01088072513 -7.39346682758 0.32191374620
2023-12-27T21:10:00.000000 717.694536034 -383.512888280 6712.555564993 -2.07082824162 -7.38100627326 -0.19602008483
2023-12-27T21:11:00.000000 591.884745804 -825.147750888 6685.274326338 -2.12121813926 -7.33449400423 -0.71299817870
2023-12-27T21:12:00.000000 463.344109411 -1262.975385790 6627.062127315 -2.16182196671 -7.25414755939 -1.22665962102
2023-12-27T21:13:00.000000 332.665560516 -1694.976037966 6538.188414186 -2.19245474628 -7.14033507873 -1.73465987334
2023-12-27T21:14:00.000000 200.451812614 -2119.156478326 6419.062559235 -2.21297538056 -6.99357159301 -2.23468040601
2023-12-27T21:15:00.000000 67.312723006 -2533.558693864 6270.232099181 -2.22328709768 -6.81451607363 -2.72443552678
2023-12-27T21:16:00.000000 -66.137402188 -2936.268523960 6092.380553633 -2.22333852818 -6.60397123133 -3.20167944477
2023-12-27T21:17:00.000000 -199.282566652 -3325.424292694 5886.324745047 -2.21312483096 -6.36288361736 -3.66421647663
2023-12-27T21:18:00.000000 -331.507887192 -3699.225367979 5653.011433378 -2.19268793166 -6.09234100697 -4.10991308719
2023-12-27T21:19:00.000000 -462.202385587 -4055.940504529 5393.513248366 -2.16211591312 -5.79356735378 -4.53670874671
2023-12-27T21:20:00.000000 -590.761736807 -4393.915840232 5109.024030503 -2.12154242852 -5.46791744027 -4.94262507566
2023-12-27T21:21:00.000000 -716.591000269 -4711.582604135 4800.853640363 -2.07114659933 -5.11687178047 -5.32577473912
2023-12-27T21:22:00.000000 -839.107344236 -5007.464471090 4470.422208288 -2.01115303376 -4.74203068388 -5.68437075094
2023-12-27T21:23:00.000000 -957.742772934 -5280.184564062 4119.253856024 -1.94183138920 -4.34510706298 -6.01673533041
2023-12-27T21:24:00.000000 -1071.946793014 -5528.471958625 3748.969895033 -1.86349526403 -3.92791875599 -6.32130766895
2023-12-27T21:25:00.000000 -1181.189007887 -5751.167771235 3361.281606374 -1.77650065501 -3.49238118805 -6.59665091308
2023-12-27T21:26:00.000000 -1284.961613256 -5947.230783666 2957.982578770 -1.68124444613 -3.04050046456 -6.84145916568
2023-12-27T21:27:00.000000 -1382.781814038 -6115.742701334 2540.940646090 -1.57816315432 -2.57436604042 -7.05456527661
2023-12-27T21:28:00.000000 -1474.194161722 -6255.912865157 2112.089290105 -1.46773156657 -2.09614154315 -7.23494931490
2023-12-27T21:29:00.000000 -1558.772792206 -6367.082373247 1673.418581560 -1.35046059330 -1.60805299689 -7.38174603926
2023-12-27T21:30:00.000000 -1636.123507940 -6448.727431726 1226.965739459 -1.22689438346 -1.11237605254 -7.49424945982
2023-12-27T21:31:00.000000 -1705.885686535 -6500.461990608 774.805510737 -1.09760753467 -0.61142465032 -7.57191511450
2023-12-27T21:32:00.000000 -1767.734038000 -6522.039737085 319.040398628 -0.96320285860 -0.10754124143 -7.61436279540
2023-12-27T21:33:00.000000 -1821.380229960 -6513.355499357 -138.209313165 -0.82430892624 0.39691407797 -7.62138053592
2023-12-27T21:34:00.000000 -1866.574328519 -6474.445905527 -594.815734296 -0.68157655013 0.89957684785 -7.59292733595
2023-12-27T21:35:00.000000 -1903.106015945 -6405.489248992 -1048.653649029 -0.53567467600 1.39809168451 -7.52913259219
2023-12-27T21:36:00.000000 -1930.805560593 -6306.804580470 -1497.610651350 -0.38728676382 1.89012361581 -7.43029376723
2023-12-27T21:37:00.000000 -1949.544601088 -6178.850189153 -1939.597192086 -0.23710775660 2.37336834393 -7.29687490498
2023-12-27T21:38:00.000000 -1959.236728683 -6022.221401031 -2372.556521265 -0.08584072526 2.84556388033 -7.12950546132
2023-12-27T21:39:00.000000 -1959.837872102 -5837.647691634 -2794.474561942 0.06580704720 3.30450312215 -6.92897707270
2023-12-27T21:40:00.000000 -1951.346425246 -5625.989021237 -3203.389454366 0.21712774940 3.74804504879 -6.69623798777
2023-12-27T21:41:00.000000 -1933.803196091 -5388.231601911 -3597.400793745 0.36741599321 4.17412412754 -6.43238730775
2023-12-27T21:42:00.000000 -1907.291163387 -5125.483060150 -3974.678501137 0.51597170330 4.58075975105 -6.13866971242
2023-12-27T21:43:00.000000 -1871.935074118 -4838.967080620 -4333.471410637 0.66210365586 4.96606627745 -5.81646918240
2023-12-27T21:44:00.000000 -1827.900779958 -4530.017392588 -4672.115366906 0.80513335846 5.32826216158 -5.46730100741
2023-12-27T21:45:00.000000 -1775.394375757 -4200.071313770 -4989.040867805 0.94439851513 5.66567749293 -5.09280333728
2023-12-27T21:46:00.000000 -1714.661127895 -3850.662814313 -5282.780162929 1.07925593961 5.97676105381 -4.69472889673
2023-12-27T21:47:00.000000 -1645.984260745 -3483.415218299 -5551.973896541 1.20908423947 6.26008732903 -4.27493581769
2023-12-27T21:48:00.000000 -1569.683560524 -3100.033453148 -5795.377095540 1.33328632907 6.51436210135 -3.83537739135
2023-12-27T21:49:00.000000 -1486.113855258 -2702.296076102 -6011.864605031 1.45129172842 6.73842610895 -3.37809246844
2023-12-27T21:50:00.000000 -1395.663337863 -2292.047048954 -6200.435944968 1.56255897869 6.93125852804 -2.90519743571
2023-12-27T21:51:00.000000 -1298.751756250 -1871.187334488 -6360.219763080 1.66657840681 7.09198166357 -2.41887779532
2023-12-27T21:52:00.000000 -1195.828416281 -1441.666135116 -6490.477634816 1.76287462571 7.21986543600 -1.92137746077
2023-12-27T21:53:00.000000 -1087.370084194 -1005.471977838 -6590.607231761 1.85100796702 7.31432952951 -1.41498691284
2023-12-27T21:54:00.000000 -973.878809867 -564.623693689 -6660.144781055 1.93057511119 7.37494360021 -0.90203310240
2023-12-27T21:55:00.000000 -855.879737502 -121.161443023 -6698.767030819 2.00121018532 7.40142778960 -0.38487140651
2023-12-27T21:56:00.000000 -733.918781329 322.862388856 -6706.292699605 2.06258698426 7.39365450520 0.13412239959
2023-12-27T21:57:00.000000 -608.560175267 765.392373601 -6682.683431229 2.11442145593 7.35165017891 0.65256186645
2023-12-27T21:58:00.000000 -480.383890128 1204.379307643 -6628.044097591 2.15647322512 7.27559586577 1.16806064317
2023-12-27T21:59:00.000000 -349.982996237 1637.789482238 -6542.622492012 2.18854607449 7.16582691510 1.67824315567
2023-12-27T22:00:00.000000 -217.961003888 2063.613921284 -6426.808350462 2.21048831167 7.02283225012 2.18075510299
2023-12-27T22:01:00.000000 -84.929168495 2479.877558968 -6281.131766600 2.22219359702 6.84725286874 2.67327419874
2023-12-27T22:02:00.000000 48.496257213 2884.648279537 -6106.260931292 2.22360190504 6.63987900956 3.15352088015
2023-12-27T22:03:00.000000 181.696825656 3276.045767919 -5902.999288070 2.21470007121 6.40164629578 3.61926818603
2023-12-27T22:04:00.000000 314.054707710 3652.250108331 -5672.282092012 2.19552191735 6.13363193307 4.06835059452
2023-12-27T22:05:00.000000 444.955516238 4011.510192416 -5415.172477065 2.16614834882 5.83705163693 4.49867271920
2023-12-27T22:06:00.000000 573.791133006 4352.151926337 -5132.856942246 2.12670751126 5.51325672193 4.90821913787
2023-12-27T22:07:00.000000 699.962546457 4672.586274584 -4826.640247520 2.07737468555 5.16372983718 5.29506554067
2023-12-27T22:08:00.000000 822.882661473 4971.316934307 -4497.939593456 2.01837170185 4.79007825431 5.65738982165
2023-12-27T22:09:00.000000 941.979067911 5246.947568551 -4148.278200428 1.94996609461 4.39402551482 5.99348140362
2023-12-27T22:10:00.000000 1056.696759479 5498.188541905 -3779.278398042 1.87247024473 3.97740329011 6.30174868356
2023-12-27T22:11:00.000000 1166.500788263 5723.863169828 -3392.654242230 1.78624033596 3.54214446010 6.58072635232
2023-12-27T22:12:00.000000 1270.878860555 5922.913625401 -2990.203732059 1.69167485505 3.09027603371 6.82908386045
2023-12-27T22:13:00.000000 1369.343813018 6094.406294634 -2573.800420860 1.58921280809 2.62391016065 7.04563427785
2023-12-27T22:14:00.000000 1461.435998712 6237.536579845 -2145.384579929 1.47933199748 2.14523302328 7.22934194880
2023-12-27T22:15:00.000000 1546.725549784 6351.632966590 -1706.953920134 1.36254715324 1.65649298032 7.37932841095
2023-12-27T22:16:00.000000 1624.814534316 6436.160428670 -1260.554034114 1.23940724860 1.15998889341 7.49487716745
2023-12-27T22:17:00.000000 1695.338892997 6490.723089991 -808.268537780 1.11049194092 0.65805859610 7.57543763726
2023-12-27T22:18:00.000000 1757.970181433 6515.066229908 -352.209035565 0.97640811848 0.15306718554 7.62062792376
2023-12-27T22:19:00.000000 1812.417113705 6509.077540988 105.495064468 0.83778734629 -0.35260473878 7.63023653078
2023-12-27T22:20:00.000000 1858.426989907 6472.787739470 562.706803861 0.69528360672 -0.85657292084 7.60422366007
2023-12-27T22:21:00.000000 1895.786941315 6406.370392000 1017.292017344 0.54957010746 -1.35646166913 7.54272224490
2023-12-27T22:22:00.000000 1924.324964786 6310.141039689 1467.129700377 0.40133505462 -1.84991663736 7.44603786233
2023-12-27T22:23:00.000000 1943.910693183 6184.555504550 1910.122315664 0.25127751354 -2.33461779692 7.31464677987
2023-12-27T22:24:00.000000 1954.455944027 6030.207479299 2344.205935670 0.10010400434 -2.80829205207 7.14919220807
2023-12-27T22:25:00.000000 1955.915067825 5847.825329675 2767.360110261 -0.05147479140 -3.26872495319 6.95047934574
2023-12-27T22:26:00.000000 1948.285084690 5638.268275834 3177.617422000 -0.20274793553 -3.71377101828 6.71946971161
2023-12-27T22:27:00.000000 1931.605576722 5402.521954007 3573.072685385 -0.35300825730 -4.14136273696 6.45727537772
2023-12-27T22:28:00.000000 1905.958359607 5141.693510813 3951.891820193 -0.50155560673 -4.54951939705 6.16515335226
2023-12-27T22:29:00.000000 1871.466982361 4857.006081420 4312.320362851 -0.64769944832 -4.93635683408 5.84449947769
2023-12-27T22:30:00.000000 1828.296064657 4549.792702530 4652.691576392 -0.79076190247 -5.30009757670 5.49684055969
2023-12-27T22:31:00.000000 1776.650422778 4221.489632696 4971.434016607 -0.93008160659 -5.63907936898 5.12382465509
2023-12-27T22:32:00.000000 1716.773963228 3873.629262651 5267.078511848 -1.06501750710 -5.95176108885 4.72721103524
2023-12-27T22:33:00.000000 1648.948373824 3507.832698981 5538.264553374 -1.19495162297 -6.23672729637 4.30886122939
2023-12-27T22:34:00.000000 1573.491681943 3125.802086762 5783.746188865 -1.31929099189 -6.49269305706 3.87073065339
2023-12-27T22:35:00.000000 1490.756689611 2729.312622013 6002.397373454 -1.43746961775 -6.71850899946 3.41485961500
2023-12-27T22:36:00.000000 1401.129298507 2320.204289299 6193.216799301 -1.54895073226 -6.91316558192 2.94336367902
2023-12-27T22:37:00.000000 1305.026678897 1900.373362842 6355.332104493 -1.65322909791 -7.07579652956 2.45842416493
2023-12-27T22:38:00.000000 1202.895317487 1471.763710476 6488.003549537 -1.74983313318 -7.20568221892 1.96227859908
2023-12-27T22:39:00.000000 1095.208934003 1036.357901980 6590.627057487 -1.83832687177 -7.30225266945 1.45721017091
2023-12-27T22:40:00.000000 982.466297597 596.168176207 6662.736648617 -1.91831164151 -7.36508885605 0.94553658558
2023-12-27T22:41:00.000000 865.188945381 153.227393809 6704.006174876 -1.98942729363 -7.39392233853 0.42960000084
2023-12-27T22:42:00.000000 743.918845633 -290.419989356 6714.250549594 -2.05135315311 -7.38863505435 -0.08824144394
2023-12-27T22:43:00.000000 619.215993113 -732.726961226 6693.426420681 -2.10380913932 -7.34926018702 -0.60562230258
2023-12-27T22:44:00.000000 491.655937736 -1171.653060868 6641.632341911 -2.14655711741 -7.27598273509 -1.12018014355
2023-12-27T22:45:00.000000 361.827228106 -1605.173443543 6559.108254279 -2.17940211292 -7.16913791119 -1.62956625712
2023-12-27T22:46:00.000000 230.328794046 -2031.287819449 6446.234369527 -2.20219312794 -7.02920849270 -2.13145465172
2023-12-27T22:47:00.000000 97.767290239 -2448.029248829 6303.529586578 -2.21482377485 -6.85682323483 -2.62354977613
2023-12-27T22:48:00.000000 -35.245599412 -2853.472882308 6131.649418359 -2.21723295719 -6.65275647553 -3.10359531774
2023-12-27T22:49:00.000000 -168.095899666 -3245.744672096 5931.383309301 -2.20940542764 -6.41792670797 -3.56938486215
2023-12-27T22:50:00.000000 -300.170102157 -3623.029916846 5703.651319104 -2.19137201634 -6.15339296289 -4.01877264528
2023-12-27T22:51:00.000000 -430.857932068 -3983.581560338 5449.500193500 -2.16320966711 -5.86035026143 -4.44968295884
2023-12-27T22:52:00.000000 -559.555114679 -4325.728221561 5170.098905488 -2.12504146863 -5.54012549540 -4.86011906169
2023-12-27T22:53:00.000000 -685.666142037 -4647.881985345 4866.733617390 -2.07703646444 -5.19417306066 -5.24817289820
2023-12-27T22:54:00.000000 -808.607010317 -4948.545880248 4540.802064525 -2.01940892828 -4.82406894075 -5.61203503499
2023-12-27T22:55:00.000000 -927.807902931 -5226.320960900 4193.807364213 -1.95241731498 -4.43150353595 -5.95000344809
2023-12-27T22:56:00.000000 -1042.715813982 -5479.912962634 3827.351345888 -1.87636343542 -4.01827446217 -6.26049113913
2023-12-27T22:57:00.000000 -1152.797134927 -5708.138517270 3443.127415809 -1.79159195003 -3.58627951908 -6.54203377358
2023-12-27T22:58:00.000000 -1257.540204433 -5909.930939770 3042.912959877 -1.69848959767 -3.13750898197 -6.79329772351
2023-12-27T22:59:00.000000 -1356.457788832 -6084.345513610 2628.561262348 -1.59748362884 -2.67403685056 -7.01308785564
2023-12-27T23:00:00.000000 -1449.089452657 -6230.564250116 2201.992987439 -1.48903953183 -2.19801141224 -7.20035449574
2023-12-27T23:01:00.000000 -1535.003772937 -6347.900033382 1765.187258231 -1.37365856313 -1.71164528092 -7.35419960061
2023-12-27T23:02:00.000000 -1613.800417261 -6435.800171066 1320.172395457 -1.25187544654 -1.21720479291 -7.47388212678
2023-12-27T23:03:00.000000 -1685.112084850 -6493.849279181 869.016355049 -1.12425621057 -0.71699887071 -7.55882257379
2023-12-27T23:04:00.000000 -1748.606320655 -6521.771510198 413.816920830 -0.99139577785 -0.21336742805 -7.60860690837
2023-12-27T23:05:00.000000 -1803.987154076 -6519.432026712 -43.308329053 -0.85391487246 0.29133102445 -7.62298966563
2023-12-27T23:06:00.000000 -1850.996539947 -6486.837736039 -500.232181082 -0.71245630050 0.79473235001 -7.60189515157
2023-12-27T23:07:00.000000 -1889.415571697 -6424.137252695 -954.827951363 -0.56768133037 1.29447882882 -7.54541642265
2023-12-27T23:08:00.000000 -1919.065500345 -6331.620212371 -1404.979561915 -0.42026686033 1.78822930820 -7.45381381931
2023-12-27T23:09:00.000000 -1939.808600829 -6209.715974019 -1848.591573433 -0.27090303029 2.27366916016 -7.32751501447
2023-12-27T23:10:00.000000 -1951.548879537 -6058.991677554 -2283.599239316 -0.12029013219 2.74852263012 -7.16711533439
2023-12-27T23:11:00.000000 -1954.232558067 -5880.149482569 -2707.978497174 0.03086565670 3.21056708877 -6.97337511396
2023-12-27T23:12:00.000000 -1947.848293441 -5674.022992700 -3119.755716563 0.18185684475 3.65764566492 -6.74721328524
2023-12-27T23:13:00.000000 -1932.427132583 -5441.573012034 -3517.016968636 0.33197842324 4.08767654594 -6.48970016291
2023-12-27T23:14:00.000000 -1908.042272302 -5183.882797736 -3897.916941157 0.48053085969 4.49866115548 -6.20205183193
2023-12-27T23:15:00.000000 -1874.808642608 -4902.152782420 -4260.687524482 0.62682302303 4.88869374951 -5.88562474357
2023-12-27T23:16:00.000000 -1832.882314332 -4597.694716451 -4603.646033705 0.77017538328 5.25597142785 -5.54190808080
2023-12-27T23:17:00.000000 -1782.459698153 -4271.925231484 -4925.202879954 0.90992327384 5.59880197802 -5.17251451462
2023-12-27T23:18:00.000000 -1723.776556970 -3926.359022328 -5223.868722619 1.04542015346 5.91560964331 -4.77917176306
2023-12-27T23:19:00.000000 -1657.106817966 -3562.601687099 -5498.261147368 1.17604093579 6.20494096299 -4.36371513851
2023-12-27T23:20:00.000000 -1582.761195329 -3182.342211208 -5747.110889621 1.30118501652 6.46547138444 -3.92807914562
2023-12-27T23:21:00.000000 -1501.085648010 -2787.345026555 -5969.267480991 1.42027843937 6.69601117867 -3.47428758120
2023-12-27T23:22:00.000000 -1412.459731233 -2379.441786992 -6163.704305679 1.53277552626 6.89551002899 -3.00444350850
2023-12-27T23:23:00.000000 -1317.294840526 -1960.522877718 -6329.523065332 1.63816092971 7.06306104584 -2.52071960014
2023-12-27T23:24:00.000000 -1216.032321684 -1532.528714649 -6465.957664258 1.73595233071 7.19790422190 -2.02534777646
2023-12-27T23:25:00.000000 -1109.141405033 -1097.440856196 -6572.377420016 1.82570274108 7.29942808796 -1.52060830841
2023-12-27T23:26:00.000000 -997.117048168 -657.273088544 -6648.289674714 1.90700171434 7.36716988440 -1.00882039250
2023-12-27T23:27:00.000000 -880.477714178 -214.062473719 -6693.341895959 1.97947625365 7.40081660281 -0.49233471162
2023-12-27T23:28:00.000000 -759.763088013 230.139696159 -6707.323355578 2.04279259952 7.40020798913 0.02647463140
2023-12-27T23:29:00.000000 -635.531637994 673.277178782 -6690.166201243 2.09665860388 7.36533924420 0.54522092132
2023-12-27T23:30:00.000000 -508.358070842 1113.298111931 -6641.945859122 2.14082532847 7.29636105161 1.06151691528
2023-12-27T23:31:00.000000 -378.830720144 1548.164302185 -6562.880734778 2.17508743457 7.19357782162 1.57298536099
2023-12-27T23:32:00.000000 -247.548930580 1975.860390201 -6453.331349118 2.19928342337 7.05744657868 2.07726803560
2023-12-27T23:33:00.000000 -115.120395217 2394.403015516 -6313.798898857 2.21329666752 6.88857655053 2.57203564251
2023-12-27T23:34:00.000000 17.841574828 2801.849893220 -6144.923189521 2.21705670495 6.68772722022 3.05499911388
2023-12-27T23:35:00.000000 150.720839932 3196.308715205 -5947.479890998 2.21053981577 6.45580428655 3.52392027501
2023-12-27T23:36:00.000000 282.901239899 3575.945797183 -5722.377217754 2.19376887151 6.19385552601 3.97662059276
2023-12-27T23:37:00.000000 413.769380881 3938.994512151 -5470.652098826 2.16681331953 5.90306803878 4.41098954867
2023-12-27T23:38:00.000000 542.717445082 4283.763577691 -5193.465812246 2.12978964278 5.58476560767 4.82499451456
2023-12-27T23:39:00.000000 669.146020965 4608.645121508 -4892.098976133 2.08286166906 5.24040418364 5.21669185769
2023-12-27T23:40:00.000000 792.466941204 4912.122449430 -4567.945895123 2.02624004940 4.87156534056 5.58423749263
2023-12-27T23:41:00.000000 912.106049781 5192.777337879 -4222.508293819 1.96018107717 4.47994904799 5.92589615887
2023-12-27T23:42:00.000000 1027.505911571 5449.296941030 -3857.388537554 1.88498559372 4.06736641359 6.24004999225
2023-12-27T23:43:00.000000 1138.128455510 5680.480211006 -3474.282320145 1.80099824404 3.63573203591 6.52520708501
2023-12-27T23:44:00.000000 1243.457586922 5885.243881722 -3074.970867592 1.70860660270 3.18705541509 6.78000986284
2023-12-27T23:45:00.000000 1343.001713613 6062.627862875 -2661.312631481 1.60823956332 2.72343149664 7.00324283049
2023-12-27T23:46:00.000000 1436.296160569 6211.800080385 -2235.234558092 1.50036503038 2.24703060799 7.19383948763
2023-12-27T23:47:00.000000 1522.905433883 6332.060664497 -1798.722955681 1.38548746037 1.76008785327 7.35088838805
2023-12-27T23:48:00.000000 1602.425347570 6422.845530706 -1353.814040270 1.26414555487 1.26489198885 7.47363831688
2023-12-27T23:49:00.000000 1674.485004964 6483.729237738 -902.584182002 1.13690985428 0.76377397221 7.56150262346
2023-12-27T23:50:00.000000 1738.748627329 6514.427183588 -447.139921994 1.00437985740 0.25909529525 7.61406280382
2023-12-27T23:51:00.000000 1794.917190863 6514.797057787 10.392205812 0.86718074028 -0.24676406506 7.63107132055
2023-12-27T23:52:00.000000 1842.729871162 6484.839601709 467.875991364 0.72596002598 -0.75141827583 7.61245335760
2023-12-27T23:53:00.000000 1881.965283698 6424.698553342 923.175928900 0.58138434680 -1.25248859616 7.55830713324
2023-12-27T23:54:00.000000 1912.442533840 6334.659852734 1374.167571398 0.43413611066 -1.74761592091 7.46890276933
2023-12-27T23:55:00.000000 1934.022053819 6215.150088316 1818.747787615 0.28490997639 -2.23447252865 7.34468031386
2023-12-27T23:56:00.000000 1946.606234917 6066.734294101 2254.844888838 0.13440922028 -2.71077365094 7.18624733329
2023-12-27T23:57:00.000000 1950.139830389 5890.112996044 2680.428586274 -0.01665797383 -3.17428964481 6.99437558468
2023-12-27T23:58:00.000000 1944.610134999 5686.118536984 3093.519695237 -0.16758243484 -3.62285828623 6.76999570275
2023-12-27T23:59:00.000000 1930.046920958 5455.710691281 3492.199458452 -0.31765800310 -4.05439540986 6.51419002842
2023-12-28T00:00:00.000000 1906.522149235 5199.971737385 3874.618424479 -0.46618514697 -4.46690312486 6.22818526682
2023-12-28T00:01:00.000000 1874.149478883 4920.101058359 4239.004920264 -0.61247388769 -4.85847709431 5.91334647618
2023-12-28T00:02:00.000000 1833.083617721 4617.409280851 4583.673195149 -0.75584639739 -5.22731506673 5.57117150132
2023-12-28T00:03:00.000000 1783.519503634 4293.311858894 4907.031165765 -0.89563993368 -5.57172665154 5.20328356340
2023-12-28T00:04:00.000000 1725.691304078 3949.322089762 5207.587665146 -1.03121026494 -5.89014209944 4.81142127397
2023-12-28T00:05:00.000000 1659.871197634 3587.043676484 5483.959027501 -1.16193510289 -6.18111838200 4.39742766346
2023-12-28T00:06:00.000000 1586.367970421 3208.163003572 5734.875052205 -1.28721692511 -6.44334320125 3.96324020955
2023-12-28T00:07:00.000000 1505.525460090 2814.441172895 5959.184390555 -1.40648505226 -6.67563866833 3.51088214915
2023-12-28T00:08:00.000000 1417.720899824 2407.705830682 6155.859461329 -1.51919739207 -6.87696549566 3.04245399435
2023-12-28T00:09:00.000000 1323.363141548 1989.842711292 6324.000799786 -1.62484239541 -7.04642729149 2.56012433642
2023-12-28T00:10:00.000000 1222.890755685 1562.786952901 6462.840851659 -1.72294141453 -7.18327421259 2.06611968086
2023-12-28T00:11:00.000000 1116.769983809 1128.514222174 6571.747111088 -1.81305107533 -7.28690533348 1.56271365195
2023-12-28T00:12:00.000000 1005.492564992 689.031750576 6650.224646269 -1.89476508907 -7.35686955790 1.05221640909
2023-12-28T00:13:00.000000 889.573473764 246.369336391 6697.917985552 -1.96771536428 -7.39286574932 0.53696514962
2023-12-28T00:14:00.000000 769.548602724 -197.429664736 6714.612491079 -2.03157291732 -7.39474321644 0.01931546423
2023-12-28T00:15:00.000000 645.972379408 -640.317389148 6700.235175646 -2.08604909556 -7.36250265044 -0.49836774461
2023-12-28T00:16:00.000000 519.415305181 -1080.250571053 6654.854979697 -2.13089701023 -7.29629648904 -1.01372043456
2023-12-28T00:17:00.000000 390.461410806 -1515.199616807 6578.682406127 -2.16591275062 -7.19642771771 -1.52438965093
2023-12-28T00:18:00.000000 259.705650487 -1943.157579749 6472.068569492 -2.19093623420 -7.06334799826 -2.02804269183
2023-12-28T00:19:00.000000 127.751249407 -2362.149039386 6335.503708605 -2.20585189109 -6.89765630763 -2.52237575777
2023-12-28T00:20:00.000000 -4.792980144 -2770.238903062 6169.615214260 -2.21058921867 -6.70009773448 -3.00512341983
2023-12-28T00:21:00.000000 -137.315356052 -3165.541115335 5975.164982627 -2.20512300798 -6.47156123054 -3.47406876595
2023-12-28T00:22:00.000000 -269.204040822 -3546.227190351 5753.046232627 -2.18947331784 -6.21307624541 -3.92705304935
2023-12-28T00:23:00.000000 -399.849763393 -3910.534536496 5504.279722571 -2.16370562523 -5.92580931143 -4.36198463254
2023-12-28T00:24:00.000000 -528.648552146 -4256.774586138 5230.009485491 -2.12793126768 -5.61106064328 -4.77684848471
2023-12-28T00:25:00.000000 -655.004500304 -4583.340683170 4931.497883210 -2.08230766668 -5.27025954562 -5.16971660998
2023-12-28T00:26:00.000000 -778.332517644 -4888.715646781 4610.120097710 -2.02703783721 -4.90495800611 -5.53875811929
2023-12-28T00:27:00.000000 -898.061039590 -5171.478914210 4267.358020988 -1.96236940992 -4.51682360417 -5.88224783792
2023-12-28T00:28:00.000000 -1013.634672738 -5430.313279846 3904.793705142 -1.88859370349 -4.10763268500 -6.19857408531
2023-12-28T00:29:00.000000 -1124.516794594 -5664.011205444 3524.102291081 -1.80604492687 -3.67926337110 -6.48624660063
2023-12-28T00:30:00.000000 -1230.192096030 -5871.480700897 3127.044501561 -1.71509907549 -3.23368763800 -6.74390431759
2023-12-28T00:31:00.000000 -1330.169041121 -6051.750691784 2715.458660620 -1.61617237470 -2.77296294086 -6.97032245198
2023-12-28T00:32:00.000000 -1423.982233259 -6203.975917849 2291.252328660 -1.50971953329 -2.29922379724 -7.16441947249
2023-12-28T00:33:00.000000 -1511.194667016 -6327.441263466 1856.393468333 -1.39623195357 -1.81467233784 -7.32526453196
2023-12-28T00:34:00.000000 -1591.399871877 -6421.565487210 1412.901201925 -1.27623561265 -1.32156670017 -7.45208413381
2023-12-28T00:35:00.000000 -1664.223904442 -6485.904192574 962.836230007 -1.15028842165 -0.82220836114 -7.54426629881
2023-12-28T00:36:00.000000 -1729.327185444 -6520.152086868 508.291073347 -1.01897728434 -0.31893063352 -7.60136262784
2023-12-28T00:37:00.000000 -1786.406142981 -6524.144573762 51.380197829 -0.88291515293 0.18591141134 -7.62309045963
2023-12-28T00:38:00.000000 -1835.194692621 -6497.858757912 -405.770020209 -0.74273808861 0.68995160654 -7.60933582763
2023-12-28T00:39:00.000000 -1875.465526153 -6441.413723718 -861.031477008 -0.59910219980 1.19082520018 -7.56015564113
2023-12-28T00:40:00.000000 -1907.031229570 -6355.070084094 -1312.284627701 -0.45268045045 1.68618206431 -7.47577771531
2023-12-28T00:41:00.000000 -1929.745184740 -6239.228694699 -1757.428678244 -0.30415926275 2.17369924797 -7.35659915391
2023-12-28T00:42:00.000000 -1943.502272540 -6094.428680890 -2194.391686063 -0.15423481380 2.65109294108 -7.20318395526
2023-12-28T00:43:00.000000 -1948.239337419 -5921.344711157 -2621.140462688 -0.00360918407 3.11613028907 -7.01625950739
2023-12-28T00:44:00.000000 -1943.935439971 -5720.783634916 -3035.690255538 0.14701317137 3.56664046847 -6.79671168544
2023-12-28T00:45:00.000000 -1930.611899361 -5493.680429171 -3436.114077615 0.29692851505 4.00052461469 -6.54557948487
2023-12-28T00:46:00.000000 -1908.332159793 -5241.093609119 -3820.551752974 0.44543707923 4.41576553410 -6.26404982026
2023-12-28T00:47:00.000000 -1877.201432184 -4964.200005260 -4187.218591301 0.59184693831 4.81043786552 -5.95345132045
2023-12-28T00:48:00.000000 -1837.366113078 -4664.288991420 -4534.413690498 0.73547795769 5.18271738498 -5.61524608254
2023-12-28T00:49:00.000000 -1789.012969489 -4342.756171322 -4860.527638892 0.87566491233 5.53088802362 -5.25102067985
2023-12-28T00:50:00.000000 -1732.368179002 -4001.096732382 -5164.049768041 1.01175982550 5.85334764087 -4.86247855690
2023-12-28T00:51:00.000000 -1667.696211711 -3640.898390098 -5443.574936609 1.14313446290 6.14861482418 -4.45143332383
2023-12-28T00:52:00.000000 -1595.298573139 -3263.833947185 -5697.809949452 1.26918340703 6.41533667797 -4.01980045694
2023-12-28T00:53:00.000000 -1515.512326598 -2871.653346234 -5925.579320538 1.38932708645 6.65229523520 -3.56958676370
2023-12-28T00:54:00.000000 -1428.708475237 -2466.175462785 -6125.830448066 1.50301422497 6.85841149270 -3.10287962541
2023-12-28T00:55:00.000000 -1335.290188767 -2049.279650749 -6297.638133532 1.60972402143 7.03274846983 -2.62183739885
2023-12-28T00:56:00.000000 -1235.690921700 -1622.897163459 -6440.208593479 1.70896846117 7.17451436565 -2.12867993154
2023-12-28T00:57:00.000000 -1130.372367980 -1189.002330667 -6552.882818087 1.80029435080 7.28306497883 -1.62567856095
2023-12-28T00:58:00.000000 -1019.822338447 -749.603680367 -6635.139392429 1.88328461088 7.35790502221 -1.11514669044
2023-12-28T00:59:00.000000 -904.552552500 -306.734935125 -6686.596740197 1.95755929765 7.39868988907 -0.59943155068
2023-12-28T01:00:00.000000 -785.096384159 137.554082293 -6707.014939421 2.02277720265 7.40522862892 -0.08090510761
2023-12-28T01:01:00.000000 -662.006460136 581.206772777 -6696.296832409 2.07863790831 7.37748609811 0.43804728179
2023-12-28T01:02:00.000000 -535.852169530 1022.169083419 -6654.488493702 2.12488338228 7.31558227677 0.95503869066
2023-12-28T01:03:00.000000 -407.217084241 1458.398779463 -6581.778998439 2.16129884159 7.21979027338 1.46769025383
2023-12-28T01:04:00.000000 -276.696353402 1887.874563319 -6478.499719593 2.18771351481 7.09053557939 1.97363975190
2023-12-28T01:05:00.000000 -144.894024700 2308.605253575 -6345.123001157 2.20400157818 6.92839608399 2.47055189399
2023-12-28T01:06:00.000000 -12.420334539 2718.638860266 -6182.260206070 2.21008265903 6.73409987695 2.95613002146
2023-12-28T01:07:00.000000 120.111023892 3116.071489902 -5990.659082845 2.20592174608 6.50852102357 3.42812579381
2023-12-28T01:08:00.000000 252.085615931 3499.055977206 -5771.200654084 2.19152941368 6.25267655348 3.88434649696
2023-12-28T01:09:00.000000 382.891040396 3865.810455807 -5524.895623283 2.16696304987 5.96772576692 4.32266382857
2023-12-28T01:10:00.000000 511.919779421 4214.626840301 -5252.880146048 2.13232814688 5.65496794351 4.74102653129
2023-12-28T01:11:00.000000 638.572087169 4543.879032196 -4956.410819634 2.08777824311 5.31583537972 5.13747348616
2023-12-28T01:12:00.000000 762.258843039 4852.030637283 -4636.858952056 2.03351360010 4.95188433810 5.51014281331
2023-12-28T01:13:00.000000 882.404308800 5137.642178989 -4295.704440177 1.96977995628 4.56478845344 5.85727802477
2023-12-28T01:14:00.000000 998.448841377 5399.378019198 -3934.529220936 1.89686795353 4.15633448025 6.17723575114
2023-12-28T01:15:00.000000 1109.851564216 5636.012968198 -3555.010179403 1.81511238939 3.72841623410 6.46849643228
2023-12-28T01:16:00.000000 1216.092975845 5846.438446454 -3158.911396301 1.72489057433 3.28302487620 6.72967447180
2023-12-28T01:17:00.000000 1316.677437123 6029.667991221 -2748.075886754 1.62662029139 2.82223812417 6.95952520295
2023-12-28T01:18:00.000000 1411.135549439 6184.842169872 -2324.416985060 1.52075815744 2.34821097985 7.15695037328
2023-12-28T01:19:00.000000 1499.026435134 6311.232931041 -1889.909365630 1.40779812117 1.86316674321 7.32100471170
2023-12-28T01:20:00.000000 1579.939926167 6408.247416782 -1446.579652162 1.28826930038 1.36938597707 7.45090293124
2023-12-28T01:21:00.000000 1653.498583183 6475.430993988 -996.496653544 1.16273309576 0.86919368976 7.54602472689
2023-12-28T01:22:00.000000 1719.359548606 6512.469558769 -541.761379040 1.03178029244 0.36494692620 7.60591750069
2023-12-28T01:23:00.000000 1777.216221196 6519.191084743 -84.496902089 0.89602839118 -0.14097669219 7.63029863146
2023-12-28T01:24:00.000000 1826.799783502 6495.566543198 373.161904629 0.75611859066 -0.64619096701 7.61905793410
2023-12-28T01:25:00.000000 1867.880505664 6441.709996159 829.078768444 0.61271202741 -1.14831436048 7.57225888318
2023-12-28T01:26:00.000000 1900.268824738 6357.877932222 1281.126409320 0.46648574087 -1.64498323509 7.49013743945
2023-12-28T01:27:00.000000 1923.816181213 6244.467805281 1727.196815476 0.31812905517 -2.13386372566 7.37309930362
2023-12-28T01:28:00.000000 1938.415666697 6102.015949650 2165.211332215 0.16834035756 -2.61266261500 7.22171694689
2023-12-28T01:29:00.000000 1944.002464847 5931.194795215 2593.130582982 0.01782379879 -3.07913832704 7.03672663085
2023-12-28T01:30:00.000000 1940.554093551 5732.809433915 3008.964189087 -0.13271427766 -3.53111240477 6.81902450131
2023-12-28T01:31:00.000000 1928.090423935 5507.793478072 3410.780202500 -0.28256892738 -3.96648083773 6.56966123848
2023-12-28T01:32:00.000000 1906.673497178 5257.204289259 3796.714193241 -0.43104009286 -4.38322456950 6.28983547000
2023-12-28T01:33:00.000000 1876.407122304 4982.217584259 4164.977903009 -0.57743616360 -4.77941890464 5.98088637690
2023-12-28T01:34:00.000000 1837.436259984 4684.121524587 4513.867446068 -0.72107764488 -5.15324176421 5.64428577617
2023-12-28T01:35:00.000000 1789.946188944 4364.310325048 4841.771016649 -0.86130055652 -5.50298098510 5.28163002746
2023-12-28T01:36:00.000000 1734.161491076 4024.277467804 5147.176129082 -0.99745925422 -5.82704120793 4.89463190397
2023-12-28T01:37:00.000000 1670.344875363 3665.608479307 5428.676344486 -1.12892886511 -6.12395074912 4.48511208780
2023-12-28T01:38:00.000000 1598.795858386 3289.973313069 5684.977470005 -1.25510779252 -6.39236808070 4.05498968639
2023-12-28T01:39:00.000000 1519.849287200 2899.118371276 5914.903148142 -1.37542033017 -6.63108701348 3.60627188504
2023-12-28T01:40:00.000000 1433.873715577 2494.858278512 6117.399841584 -1.48931902616 -6.83904028909 3.14104367508
2023-12-28T01:41:00.000000 1341.269646737 2079.067456909 6291.541207666 -1.59628664733 -7.01530234127 2.66145845875
2023-12-28T01:42:00.000000 1242.467663692 1653.671541419 6436.531942601 -1.69583813172 -7.15909211663 2.16972915084
2023-12-28T01:43:00.000000 1137.926430972 1220.638623096 6551.711059888 -1.78752284894 -7.26977587348 1.66811878687
2023-12-28T01:44:00.000000 1028.130561869 781.970345010 6636.554615211 -1.87092683372 -7.34686922326 1.15893038903
2023-12-28T01:45:00.000000 913.588365774 339.692905108 6690.677786990 -1.94567435595 -7.39003816653 0.64449679291
2023-12-28T01:46:00.000000 794.829528236 -104.151986382 6713.836381078 -2.01142876650 -7.39909971283 0.12717102812
2023-12-28T01:47:00.000000 672.402740371 -547.516183237 6705.927748273 -2.06789327171 -7.37402243604 -0.39068301296
2023-12-28T01:48:00.000000 546.873277157 -988.354208251 6666.991163625 -2.11481213922 -7.31492666984 -0.90670019445
2023-12-28T01:49:00.000000 418.820489996 -1424.632341618 6597.207604214 -2.15197213952 -7.22208379146 -1.41852397015
2023-12-28T01:50:00.000000 288.835220221 -1854.337643215 6496.898943579 -2.17920364440 -7.09591482312 -1.92381603919
2023-12-28T01:51:00.000000 157.517161276 -2275.486882859 6366.526551616 -2.19638121189 -6.93698885684 -2.42026579621
2023-12-28T01:52:00.000000 25.472200379 -2686.135375603 6206.689390373 -2.20342398700 -6.74602119566 -2.90559980742
2023-12-28T01:53:00.000000 -106.690275634 -3084.385679443 6018.121462340 -2.20029621019 -6.52387090373 -3.37759123562
2023-12-28T01:54:00.000000 -238.360099759 -3468.396138879 5801.688760407 -2.18700769249 -6.27153786762 -3.83406909216
2023-12-28T01:55:00.000000 -368.929064409 -3836.389231841 5558.385610294 -2.16361397252 -5.99015970180 -4.27292756179
2023-12-28T01:56:00.000000 -497.793663283 -4186.659748116 5289.330511703 -2.13021611453 -5.68100818633 -4.69213575674
2023-12-28T01:57:00.000000 -624.357810798 -4517.582690056 4995.761309085 -2.08696039975 -5.34548461996 -5.08974754338
2023-12-28T01:58:00.000000 -748.035550396 -4827.620887011 4679.029849442 -2.03403810684 -4.98511412103 -5.46391073855
2023-12-28T01:59:00.000000 -868.253743709 -5115.332230842 4340.596061304 -1.97168528398 -4.60153963123 -5.81287565961
2023-12-28T02:00:00.000000 -984.454750368 -5379.376583619 3982.021583984 -1.90018223086 -4.19651576717 -6.13500377044
2023-12-28T02:01:00.000000 -1096.099051264 -5618.522256925 3604.962798238 -1.81985259297 -3.77190186395 -6.42877667317
2023-12-28T02:02:00.000000 -1202.667820295 -5831.652064761 3211.163371686 -1.73106222170 -3.32965363261 -6.69280477938
2023-12-28T02:03:00.000000 -1303.665411954 -6017.768810287 2802.446278151 -1.63421784397 -2.87181380395 -6.92583502968
2023-12-28T02:04:00.000000 -1398.621771858 -6176.000241024 2380.705418961 -1.52976523374 -2.40050231246 -7.12675763852
2023-12-28T02:05:00.000000 -1487.094698802 -6305.603357908 1947.896830162 -1.41818669454 -1.91790630351 -7.29461189540
2023-12-28T02:06:00.000000 -1568.671958607 -6405.968166969 1506.029604479 -1.29999836009 -1.42627022966 -7.42859084174
2023-12-28T02:07:00.000000 -1642.973243812 -6476.620805266 1057.156525893 -1.17574811641 -0.92788634667 -7.52804541610
2023-12-28T02:08:00.000000 -1709.652036319 -6517.226155317 603.364481340 -1.04601401242 -0.42508480792 -7.59248917728
2023-12-28T02:09:00.000000 -1768.397351427 -6527.589746321 146.764528308 -0.91140200836 0.07977809618 -7.62160346708
2023-12-28T02:10:00.000000 -1818.935309585 -6507.658929945 -310.518282735 -0.77254229746 0.58433381293 -7.61524090625
2023-12-28T02:11:00.000000 -1861.030465484 -6457.523180750 -766.355213796 -0.63008506896 1.08621541585 -7.57342568156
2023-12-28T02:12:00.000000 -1894.486894371 -6377.413642265 -1218.624078807 -0.48469712868 1.58306966400 -7.49635176543
2023-12-28T02:13:00.000000 -1919.149119675 -6267.701965975 -1665.219383105 -0.33705952624 2.07256783598 -7.38438132209
2023-12-28T02:14:00.000000 -1934.902890879 -6128.898511916 -2104.062378237 -0.18786482951 2.55241716873 -7.23804334272
2023-12-28T02:15:00.000000 -1941.675757773 -5961.649816832 -2533.110990413 -0.03781314648 3.02037295660 -7.05803096870
2023-12-28T02:16:00.000000 -1939.437390654 -5766.735380003 -2950.369560886 0.11239244590 3.47424987321 -6.84519713456
2023-12-28T02:17:00.000000 -1928.199628695 -5545.063774303 -3353.898272108 0.26204994104 3.91193233639 -6.60054960885
2023-12-28T02:18:00.000000 -1908.016317649 -5297.668156727 -3741.822289132 0.41046173116 4.33138500549 -6.32524550119
2023-12-28T02:19:00.000000 -1878.982945159 -5025.701131151 -4112.340496740 0.55693768124 4.73066312035 -6.02058402043
2023-12-28T02:20:00.000000 -1841.236115516 -4730.429060882 -4463.733792434 0.70079804467 5.10792076540 -5.68799786913
2023-12-28T02:21:00.000000 -1794.952835616 -4413.225943399 -4794.372837857 0.84137612478 5.46141687911 -5.32904566958
2023-12-28T02:22:00.000000 -1740.349657284 -4075.566942210 -5102.725457085 0.97802103808 5.78952168491 -4.94540628658
2023-12-28T02:23:00.000000 -1677.681623962 -3719.021451032 -5387.363633568 1.11010108338 6.09072532391 -4.53887235264
2023-12-28T02:24:00.000000 -1607.241019575 -3345.245639961 -5646.970116431 1.23700733656 6.36364657453 -4.11134054697
2023-12-28T02:25:00.000000 -1529.355902634 -2955.974536512 -5880.344266204 1.35815652770 6.60703862478 -3.66479988367
2023-12-28T02:26:00.000000 -1444.388512013 -2553.013870892 -6086.407298907 1.47299297138 6.81979218290 -3.20132130535
2023-12-28T02:27:00.000000 -1352.733548475 -2138.231716455 -6264.206909457 1.58099038062 7.00093852590 -2.72304914745
2023-12-28T02:28:00.000000 -1254.816359621 -1713.549974297 -6412.921463434 1.68165420387 7.14965335166 -2.23219234123
2023-12-28T02:29:00.000000 -1151.090947163 -1280.935576329 -6531.863537706 1.77452404914 7.26526002296 -1.73101445149
2023-12-28T02:30:00.000000 -1042.037867784 -842.391575021 -6620.482919773 1.85917548482 7.34723165975 -1.22182364745
2023-12-28T02:31:00.000000 -928.162028567 -399.948084291 -6678.368968198 1.93522124386 7.39519311814 -0.70696325846
2023-12-28T02:32:00.000000 -809.990434587 44.346868623 -6705.252476974 2.00231248942 7.40892314648 -0.18880185434
2023-12-28T02:33:00.000000 -688.069822399 488.436637410 -6701.006826905 2.06014050950 7.38835550307 0.33027753702
2023-12-28T02:34:00.000000 -562.964202018 930.265238099 -6665.648557232 2.10843854415 7.33357847146 0.84788808673
2023-12-28T02:35:00.000000 -435.252294892 1367.786599619 -6599.337261014 2.14698315159 7.24483384073 1.36164902105
2023-12-28T02:36:00.000000 -305.524913470 1798.973734434 -6502.374979274 2.17559473808 7.12251599051 1.86919539304
2023-12-28T02:37:00.000000 -174.382332456 2221.827866209 -6375.204911869 2.19413746984 6.96717048478 2.36818791112
2023-12-28T02:38:00.000000 -42.431662112 2634.387434171 -6218.409631979 2.20251945730 6.77949196039 2.85632195728
2023-12-28T02:39:00.000000 89.715822337 3034.736985264 -6032.708716401 2.20069402366 6.56032252314 3.33133589213
2023-12-28T02:40:00.000000 221.447450026 3421.015995753 -5818.955945815 2.18866166529 6.31065086222 3.79102075228
2023-12-28T02:41:00.000000 352.152029467 3791.427616022 -5578.135740269 2.16647123957 6.03161021167 4.23323246316
2023-12-28T02:42:00.000000 481.222739960 4144.247206980 -5311.358900774 2.13421945256 5.72447325655 4.65590468378
2023-12-28T02:43:00.000000 608.059966375 4477.830494891 -5019.857594455 2.09204932891 5.39064487957 5.05705935106
2023-12-28T02:44:00.000000 732.074026788 4790.621283666 -4704.979835227 2.04014904050 5.03165506434 5.43481454743
2023-12-28T02:45:00.000000 852.687879492 5081.158784869 -4368.183484635 1.97875167334 4.64915322121 5.78739163725
2023-12-28T02:46:00.000000 969.339818131 5348.084630415 -4011.029825657 1.90813532684 4.24490300555 6.11312340852
2023-12-28T02:47:00.000000 1081.486166626 5590.149550507 -3635.176596259 1.82862280585 3.82077622528 6.41046356625
2023-12-28T02:48:00.000000 1188.603932319 5806.219623514 -3242.370431054 1.74058055302 3.37874474835 6.67799672058
2023-12-28T02:49:00.000000 1290.193375404 5995.282005288 -2834.438738157 1.64441675899 2.92087032800 6.91444725895
2023-12-28T02:50:00.000000 1385.780438119 6156.449975056 -2413.281098239 1.54057893068 2.44929383659 7.11868591557
2023-12-28T02:51:00.000000 1474.919033829 6288.967396512 -1980.860328065 1.42955158469 1.96622568978 7.28973499634
2023-12-28T02:52:00.000000 1557.193209378 6392.212608226 -1539.193199193 1.31185440283 1.47393668677 7.42677456734
2023-12-28T02:53:00.000000 1632.219201761 6465.701745021 -1090.340780944 1.18804023224 0.97474630681 7.52914957910
2023-12-28T02:54:00.000000 1699.647341516 6509.091193111 -636.398363715 1.05869216043 0.47100797491 7.59637452768
2023-12-28T02:55:00.000000 1759.163763431 6522.179207439 -179.485269157 0.92441999402 -0.03490487458 7.62813380082
2023-12-28T02:56:00.000000 1810.491913135 6504.906785246 278.265333601 0.78585714573 -0.54060882629 7.62428087653
2023-12-28T02:57:00.000000 1853.393881920 6457.358021528 734.716573090 0.64365793447 -1.04371941956 7.58484042472
2023-12-28T02:58:00.000000 1887.671567348 6379.759797283 1187.738304280 0.49849425986 -1.54186386571 7.51001178538
2023-12-28T02:59:00.000000 1913.167600174 6272.480605963 1635.217579541 0.35105125408 -2.03269722448 7.40016842777
2023-12-28T03:00:00.000000 1929.766010385 6136.028444130 2075.068951750 0.20202308227 -2.51391657597 7.25585228148
2023-12-28T03:01:00.000000 1937.392666935 5971.047963624 2505.244376519 0.05210985361 -2.98327066353 7.07776757818
2023-12-28T03:02:00.000000 1936.015558576 5778.317134730 2923.742849524 -0.09798509695 -3.43856862652 6.86677749954
2023-12-28T03:03:00.000000 1925.644884067 5558.743293820 3328.619847988 -0.24755876586 -3.87769107940 6.62390087877
2023-12-28T03:04:00.000000 1906.332907533 5313.358503714 3717.996489835 -0.39591266032 -4.29860166203 6.35030569302
2023-12-28T03:05:00.000000 1878.173575637 5043.314289579 4090.068245131 -0.54235635251 -4.69935576569 6.04730081396
2023-12-28T03:06:00.000000 1841.301951963 4749.875929573 4443.113170214 -0.68621016709 -5.07810755965 5.71632930974
2023-12-28T03:07:00.000000 1795.893487314 4434.416278343 4775.499780500 -0.82680799884 -5.43311849995 5.35896258044
2023-12-28T03:08:00.000000 1742.163105876 4098.409040794 5085.694531734 -0.96350082387 -5.76276703679 4.97689212809
2023-12-28T03:09:00.000000 1680.364070926 3743.421504681 5372.268706427 -1.09566027717 -6.06555628826 4.57191863509
2023-12-28T03:10:00.000000 1610.786653482 3371.106910654 5633.904632607 -1.22268156619 -6.34011879528 4.14594127335
2023-12-28T03:11:00.000000 1533.756644094 2983.196557690 5869.401298980 -1.34398575609 -6.58522054952 3.70094844416
2023-12-28T03:12:00.000000 1449.633747116 2581.491677722 6077.679453333 -1.45902169226 -6.79976532924 3.23900838855
2023-12-28T03:13:00.000000 1358.809861814 2167.855054790 6257.786077661 -1.56726759110 -6.98279796997 2.76225910573
2023-12-28T03:14:00.000000 1261.707276003 1744.202506165 6408.898301832 -1.66823261231 -7.13350623403 2.27289926845
2023-12-28T03:15:00.000000 1158.776744146 1312.494233609 6530.326783887 -1.76145906485 -7.25122318425 1.77318044109
2023-12-28T03:16:00.000000 1050.495420622 874.726012287 6621.518663568 -1.84652515542 -7.33543075484 1.26539826405
2023-12-28T03:17:00.000000 937.364633005 432.920160378 6682.059863038 -1.92304711971 -7.38576245360 0.75188133019
2023-12-28T03:18:00.000000 819.907574040 -10.883570973 6711.676727006 -1.99068002885 -7.40200366364 0.23497990061
2023-12-28T03:19:00.000000 698.666952973 -454.637099963 6710.237016089 -2.04911821764 -7.38409107848 -0.28294341449
2023-12-28T03:20:00.000000 574.202612900 -896.293087662 6677.750412474 -2.09809661153 -7.33211296473 -0.79952225279
2023-12-28T03:21:00.000000 447.089034461 -1333.814047803 6614.368448446 -2.13739269928 -7.24630942823 -1.31239647586
2023-12-28T03:22:00.000000 317.912740941 -1765.181420016 6520.383812151 -2.16682769757 -7.12707093402 -1.81922286513
2023-12-28T03:23:00.000000 187.269664045 -2188.404532210 6396.229023269 -2.18626650652 -6.97493597678 -2.31768453366
2023-12-28T03:24:00.000000 55.762542209 -2601.529411313 6242.474630499 -2.19561765227 -6.79058951052 -2.80549943643
2023-12-28T03:25:00.000000 -76.001731820 -3002.647551519 6059.826816778 -2.19483421868 -6.57486166530 -3.28042983911
2023-12-28T03:26:00.000000 -207.414819072 -3389.904536120 5849.124443776 -2.18391506767 -6.32872467758 -3.74029277138
2023-12-28T03:27:00.000000 -337.869694968 -3761.508436124 5611.335457561 -2.16290517597 -6.05328832446 -4.18296948795
2023-12-28T03:28:00.000000 -466.763405927 -4115.737927968 5347.552807770 -2.13189508705 -5.74979595548 -4.60641371034
2023-12-28T03:29:00.000000 -593.499784168 -4450.950225449 5058.989820456 -2.09102046718 -5.41962155607 -5.00866058570
2023-12-28T03:30:00.000000 -717.492159302 -4765.588801614 4746.975013085 -2.04046218933 -5.06426546541 -5.38783710795
2023-12-28T03:31:00.000000 -838.166066648 -5058.190770928 4412.946270915 -1.98044636226 -4.68534756834 -5.74217213836
2023-12-28T03:32:00.000000 -954.961954910 -5327.393839282 4058.444484688 -1.91124360939 -4.28459968223 -6.07000466505
2023-12-28T03:33:00.000000 -1067.337806470 -5571.942806599 3685.106708460 -1.83316757335 -3.86385881947 -6.36979154840
2023-12-28T03:34:00.000000 -1174.771670599 -5790.695685499 3294.658835753 -1.74657319425 -3.42506026704 -6.64011608314
2023-12-28T03:35:00.000000 -1276.764093465 -5982.629329702 2888.907757460 -1.65185528843 -2.97022887394 -6.87969638293
2023-12-28T03:36:00.000000 -1372.840482657 -6146.844536601 2469.733060122 -1.54944752888 -2.50146920746 -7.08739208250
2023-12-28T03:37:00.000000 -1462.553404136 -6282.570522448 2039.078365608 -1.43982132922 -2.02095601799 -7.26221002010
2023-12-28T03:38:00.000000 -1545.484795601 -6389.168861998 1598.942316076 -1.32348389061 -1.53092454278 -7.40331030034
2023-12-28T03:39:00.000000 -1621.248026964 -6466.136768833 1151.369210156 -1.20097523412 -1.03365931414 -7.51001194338
2023-12-28T03:40:00.000000 -1689.489775481 -6513.109725361 698.439337619 -1.07286508983 -0.53148236655 -7.58179638034
2023-12-28T03:41:00.000000 -1749.891732962 -6529.863385843 242.259183297 -0.93975060546 -0.02674276469 -7.61830953019
2023-12-28T03:42:00.000000 -1802.172202570 -6516.314929929 -215.048541664 -0.80225455184 0.47819317995 -7.61936509756
2023-12-28T03:43:00.000000 -1846.087548970 -6472.523711402 -671.355079540 -0.66102256756 0.98095422178 -7.58494898210
2023-12-28T03:44:00.000000 -1881.433464485 -6398.691150365 -1124.536068565 -0.51671878148 1.47917961074 -7.51522112858
2023-12-28T03:45:00.000000 -1908.045912811 -6295.159597213 -1572.481887452 -0.37002084978 1.97053414679 -7.41051238850
2023-12-28T03:46:00.000000 -1925.801825138 -6162.410472760 -2013.107755033 -0.22161601668 2.45271941325 -7.27131901142
2023-12-28T03:47:00.000000 -1934.619577547 -6001.061751982 -2444.363524969 -0.07219842964 2.92348242529 -7.09829877386
2023-12-28T03:48:00.000000 -1934.459348407 -5811.865023849 -2864.243310178 0.07753347907 3.38062533217 -6.89226887070
2023-12-28T03:49:00.000000 -1925.323261165 -5595.701789004 -3270.794963427 0.22688042323 3.82201689187 -6.65420267425
2023-12-28T03:50:00.000000 -1907.255325997 -5353.579157000 -3662.129285353 0.37514620237 4.24560350858 -6.38522396476
2023-12-28T03:51:00.000000 -1880.341137699 -5086.624867887 -4036.428846283 0.52164127732 4.64941840740 -6.08660018691
2023-12-28T03:52:00.000000 -1844.707392988 -4796.081877890 -4391.956409821 0.66568571696 5.03159012723 -5.75973587361
2023-12-28T03:53:00.000000 -1800.521227721 -4483.302337082 -4727.062951669 0.80661183418 5.39035131002 -5.40616568977
2023-12-28T03:54:00.000000 -1747.989404251 -4149.741111581 -5040.195235533 0.94376702235 5.72404703548 -5.02754637749
2023-12-28T03:55:00.000000 -1687.357303425 -3796.948793764 -5329.902872465 1.07651704392 6.03114198925 -4.62564831060
2023-12-28T03:56:00.000000 -1618.907724846 -3426.564356624 -5594.844900461 1.20424957876 6.31022708230 -4.20234687189
2023-12-28T03:57:00.000000 -1542.959466787 -3040.307361535 -5833.795787575 1.32637734208 6.56002582333 -3.75961279156
2023-12-28T03:58:00.000000 -1459.865761619 -2639.969859155 -6045.650838437 1.44234022121 6.77939927014 -3.29950128392
2023-12-28T03:59:00.000000 -1370.012587970 -2227.408020939 -6229.430940129 1.55160676757 6.96734894722 -2.82414187052
2023-12-28T04:00:00.000000 -1273.816915955 -1804.533668720 -6384.286773196 1.65367604283 7.12301926098 -2.33572995128
2023-12-28T04:01:00.000000 -1171.724788897 -1373.305580214 -6509.502515420 1.74808018281 7.24570105165 -1.83651870790
2023-12-28T04:02:00.000000 -1064.209268459 -935.720592321 -6604.499028940 1.83438687243 7.33483546446 -1.32880918503
2023-12-28T04:03:00.000000 -951.768241867 -493.804498701 -6668.836389820 1.91220097912 7.39001629146 -0.81493911768
2023-12-28T04:04:00.000000 -834.922163325 -49.602866471 -6702.215777906 1.98116577399 7.41099078681 -0.29727237869
2023-12-28T04:05:00.000000 -714.211696955 394.828193726 -6704.480741786 2.04096455996 7.39766035225 0.22181081467
2023-12-28T04:06:00.000000 -590.195264617 837.431295696 -6675.617877177 2.09132234809 7.35008103042 0.73992436000
2023-12-28T04:07:00.000000 -463.446514895 1276.157032961 -6615.756845298 2.13200656269 7.26846252367 1.25468707397
2023-12-28T04:08:00.000000 -334.551782411 1708.973138661 -6525.169799911 2.16282693211 7.15316604676 1.76373188812
2023-12-28T04:09:00.000000 -204.107538515 2133.873528251 -6404.270306448 2.18363605507 7.00470315688 2.26471326791
2023-12-28T04:10:00.000000 -72.717762923 2548.887337905 -6253.611816014 2.19433135350 6.82373623537 2.75531564615
2023-12-28T04:11:00.000000 59.008802584 2952.087959903 -6073.885529136 2.19485713284 6.61107833424 3.23326485603
2023-12-28T04:12:00.000000 190.461506078 3341.602037758 -5865.917541179 2.18520515499 6.36769025991 3.69634080766
2023-12-28T04:13:00.000000 321.030602805 3715.618163961 -5630.665244983 2.16541380274 6.09467548300 4.14238850144
2023-12-28T04:14:00.000000 450.110029212 4072.395296733 -5369.213164382 2.13556729696 5.79327512636 4.56932686328
2023-12-28T04:15:00.000000 577.100147111 4410.270874416 -5082.768243430 2.09579575429 5.46486378288 4.97515727179
2023-12-28T04:16:00.000000 701.410515383 4727.668720209 -4772.654649586 2.04627555814 5.11094513067 5.35797310355
2023-12-28T04:17:00.000000 822.462662021 5023.106608363 -4440.307925538 1.98722928596 4.73314631630 5.71596992840
2023-12-28T04:18:00.000000 939.692841454 5295.203474632 -4087.268564244 1.91892509731 4.33321096988 6.04745546465
2023-12-28T04:19:00.000000 1052.554741603 5542.686170612 -3715.175004593 1.84167571028 3.91299113412 6.35085866804
2023-12-28T04:20:00.000000 1160.522111441 5764.395699045 -3325.756097386 1.75583692835 3.47443873033 6.62473779599
2023-12-28T04:21:00.000000 1263.091299519 5959.292974674 -2920.823146274 1.66180582230 3.01959702004 6.86778778427
2023-12-28T04:22:00.000000 1359.783669037 6126.464023044 -2502.261466885 1.56001894360 2.55059185839 7.07884764723
2023-12-28T04:23:00.000000 1450.147922440 6265.124660216 -2072.021525517 1.45095069132 2.06962172443 7.25690794294
2023-12-28T04:24:00.000000 1533.762310160 6374.624489677 -1632.109641179 1.33511144742 1.57894616268 7.40111729969
2023-12-28T04:25:00.000000 1610.236732734 6454.450232263 -1184.578349869 1.21304510991 1.08087359959 7.51078718455
2023-12-28T04:26:00.000000 1679.214651877 6504.228272539 -731.516526766 1.08532612798 0.57774947963 7.58539532014
2023-12-28T04:27:00.000000 1740.374838506 6523.726547823 -275.039325942 0.95255643769 0.07194454583 7.62458841802
2023-12-28T04:28:00.000000 1793.432924582 6512.855682285 182.722020665 0.81536245883 -0.43415718680 7.62818410904
2023-12-28T04:29:00.000000 1838.142792012 6471.669459850 639.630491944 0.67439205682 -0.93817038091 7.59617180412
2023-12-28T04:30:00.000000 1874.297754707 6400.364522900 1093.553591949 0.53031132841 -1.43771993956 7.52871301990
2023-12-28T04:31:00.000000 1901.731555024 6299.279422542 1542.373687832 0.38380109222 -1.93045307392 7.42614151636
2023-12-28T04:32:00.000000 1920.319124330 6168.892858213 1983.998305545 0.23555299118 -2.41405270630 7.28896214604
2023-12-28T04:33:00.000000 1929.977120711 6009.821160231 2416.370321800 0.08626536865 -2.88625110383 7.11784708315
2023-12-28T04:34:00.000000 1930.664200411 5822.814925597 2837.477808827 -0.06336066192 -3.34484180403 6.91362987627
2023-12-28T04:35:00.000000 1922.381087060 5608.755062242 3245.363539101 -0.21262458085 -3.78768945105 6.67729916552
2023-12-28T04:36:00.000000 1905.170438069 5368.648215618 3638.134101981 -0.36082936837 -4.21273896064 6.40999286980
2023-12-28T04:37:00.000000 1879.116562036 5103.621720021 4013.968699364 -0.50728446789 -4.61802491387 6.11299199134
2023-12-28T04:38:00.000000 1844.344918669 4814.917903400 4371.127500802 -0.65130917582 -5.00168047881 5.78771340875
2023-12-28T04:39:00.000000 1801.021424044 4503.887957804 4707.959576948 -0.79223631782 -5.36194523723 5.43570216288
2023-12-28T04:40:00.000000 1749.351530306 4171.985308608 5022.910344149 -0.92941563698 -5.69717241876 5.05862382537
2023-12-28T04:41:00.000000 1689.579129289 3820.758614329 5314.528583107 -1.06221658997 -6.00583639627 4.65825638168
2023-12-28T04:42:00.000000 1621.985289969 3451.844235692 5581.472883574 -1.19003084684 -6.28654011067 4.23648069433
2023-12-28T04:43:00.000000 1546.886847972 3066.958350323 5822.517501945 -1.31227502658 -6.53802104336 3.79526939662
2023-12-28T04:44:00.000000 1464.634820826 2667.888751056 6036.557513371 -1.42839350974 -6.75915462612 3.33667553946
2023-12-28T04:45:00.000000 1375.612675246 2256.486537160 6222.613345140 -1.53786059807 -6.94895575788 2.86282277722
2023-12-28T04:46:00.000000 1280.234488541 1834.657681364 6379.834761398 -1.64018177450 -7.10658069259 2.37589767992
2023-12-28T04:47:00.000000 1178.943046941 1404.354448204 6507.504432852 -1.73489488427 -7.23133083144 1.87814224047
2023-12-28T04:48:00.000000 1072.207847444 967.566560529 6605.040955137 -1.82157196770 -7.32265705607 1.37184411347
2023-12-28T04:49:00.000000 960.522989920 526.312134138 6672.001288616 -1.89982133101 -7.38016175190 0.85932506486
2023-12-28T04:50:00.000000 844.404945286 82.628615449 6708.082440645 -1.96928910227 -7.40359820166 0.34293052741
2023-12-28T04:51:00.000000 724.390252961 -361.436263376 6713.122660728 -2.02966049687 -7.39287032898 -0.17497859677
2023-12-28T04:52:00.000000 601.033122127 -803.833559279 6687.102079221 -2.08066152567 -7.34803426612 -0.69203469157
2023-12-28T04:53:00.000000 474.902933161 -1242.522297499 6630.142825809 -2.12206079881 -7.26929922833 -1.20587481061
2023-12-28T04:54:00.000000 346.581650172 -1675.478583417 6542.508377862 -2.15367036189 -7.15702501232 -1.71415209230
2023-12-28T04:55:00.000000 216.661206508 -2100.704558780 6424.602306943 -2.17534559841 -7.01171881770 -2.21454399511
2023-12-28T04:56:00.000000 85.740914902 -2516.237184361 6276.966650230 -2.18698545357 -6.83403458960 -2.70475955877
2023-12-28T04:57:00.000000 -45.575181698 -2920.157074963 6100.279698977 -2.18853345253 -6.62477325254 -3.18254985661
2023-12-28T04:58:00.000000 -176.681006847 -3310.597226127 5895.353106654 -2.17997834410 -6.38487910986 -3.64572038824
2023-12-28T04:59:00.000000 -306.971163930 -3685.751445969 5663.128321988 -2.16135385790 -6.11543356965 -4.09213991094
2023-12-28T05:00:00.000000 -435.843626805 -4043.882438923 5404.672635992 -2.13273873745 -5.81765165116 -4.51974601771
2023-12-28T05:01:00.000000 -562.702466342 -4383.329805201 5121.174819757 -2.09425779589 -5.49288186718 -4.92655415450
2023-12-28T05:02:00.000000 -686.960640927 -4702.517985774 4813.940011616 -2.04608228462 -5.14260220141 -5.31067212106
2023-12-28T05:03:00.000000 -808.042734889 -4999.963722523 4484.383795221 -1.98842796796 -4.76840908079 -5.67031208650
2023-12-28T05:04:00.000000 -925.387546778 -5274.282822383 4134.025790884 -1.92155251258 -4.37200679943 -6.00379416738
2023-12-28T05:05:00.000000 -1038.450571492 -5524.196480251 3764.483144352 -1.84575523087 -3.95520497252 -6.30954791071
2023-12-28T05:06:00.000000 -1146.706564260 -5748.537669876 3377.463722449 -1.76137889244 -3.51991898491 -6.58612206507
2023-12-28T05:07:00.000000 -1249.652158586 -5946.257292160 2974.758499409 -1.66880986770 -3.06816239086 -6.83220081953
2023-12-28T05:08:00.000000 -1346.808403654 -6116.429611540 2558.233010931 -1.56847481614 -2.60203077348 -7.04661527978
2023-12-28T05:09:00.000000 -1437.723046971 -6258.256701799 2129.818448592 -1.46083646818 -2.12368711294 -7.22834566466
2023-12-28T05:10:00.000000 -1521.972628719 -6371.072248162 1691.502714883 -1.34639162253 -1.63535422036 -7.37652199083
2023-12-28T05:11:00.000000 -1599.164499229 -6454.344919762 1245.321283169 -1.22567068938 -1.13930818270 -7.49043010144
2023-12-28T05:12:00.000000 -1668.938816295 -6507.681294537 793.347588944 -1.09923600916 -0.63786644493 -7.56951952227
2023-12-28T05:13:00.000000 -1730.970341077 -6530.827848473 337.683095124 -0.96767818948 -0.13337305879 -7.61340670981
2023-12-28T05:14:00.000000 -1784.970023165 -6523.672207726 -119.552719575 -0.83161224471 0.37181309425 -7.62187471183
2023-12-28T05:15:00.000000 -1830.686364969 -6486.243715532 -576.232382629 -0.69167463691 0.87532760335 -7.59487404095
2023-12-28T05:16:00.000000 -1867.906636814 -6418.713510429 -1030.230522078 -0.54852044973 1.37481170678 -7.53252484019
2023-12-28T05:17:00.000000 -1896.457885776 -6321.393735811 -1479.434076951 -0.40282001265 1.86792549083 -7.43511683567
2023-12-28T05:18:00.000000 -1916.207749775 -6194.736071003 -1921.752389830 -0.25525536030 2.35236000981 -7.30310675099
2023-12-28T05:19:00.000000 -1927.065050860 -6039.329506210 -2355.127161704 -0.10651694879 2.82584782199 -7.13711586543
2023-12-28T05:20:00.000000 -1928.980216249 -5855.897595047 -2777.542246082 0.04269971444 3.28617436622 -6.93792783607
2023-12-28T05:21:00.000000 -1921.945460754 -5645.294844715 -3187.033296171 0.19169762896 3.73119022872 -6.70648456945
2023-12-28T05:22:00.000000 -1905.994782447 -5408.502508116 -3581.697069603 0.33978170462 4.15882215783 -6.44387988197
2023-12-28T05:23:00.000000 -1881.203739140 -5146.623684644 -3959.700345948 0.48626195072 4.56708241340 -6.15135303642
2023-12-28T05:24:00.000000 -1847.689060422 -4860.877975401 -4319.288467476 0.63045692492 4.95407805593 -5.83028227637
2023-12-28T05:25:00.000000 -1805.608008987 -4552.595464159 -4658.793446381 0.77169732752 5.31801997859 -5.48217697592
2023-12-28T05:26:00.000000 -1755.157567900 -4223.210295888 -4976.641573063 0.90932905576 5.65723011578 -5.10866883844
2023-12-28T05:27:00.000000 -1696.573438497 -3874.253790658 -5271.360506779 1.04271569546 5.97014748604 -4.71150425286
2023-12-28T05:28:00.000000 -1630.128917964 -3507.347272264 -5541.585963572 1.17124138810 6.25533531434 -4.29253702553
2023-12-28T05:29:00.000000 -1556.133544784 -3124.194332073 -5786.067874058 1.29431431988 6.51148865414 -3.85371887950
2023-12-28T05:30:00.000000 -1474.931569924 -2726.572779873 -6003.675920926 1.41136974764 6.73743951617 -3.39708780960
2023-12-28T05:31:00.000000 -1386.900264941 -2316.326310473 -6193.404387703 1.52187170340 6.93215919150 -2.92475782751
2023-12-28T05:32:00.000000 -1292.448175791 -1895.356130779 -6354.376482519 1.62531415381 7.09476087354 -2.43891100545
2023-12-28T05:33:00.000000 -1192.013265005 -1465.612275485 -6485.848176574 1.72122281794 7.22450402012 -1.94178926086
2023-12-28T05:34:00.000000 -1086.060938322 -1029.084731738 -6587.211498539 1.80915768351 7.32079815044 -1.43568398571
2023-12-28T05:35:00.000000 -975.081911234 -587.794353749 -6657.997168999 1.88871543040 7.38320462061 -0.92292536352
2023-12-28T05:36:00.000000 -859.589948963 -143.783743189 -6697.876643838 1.95953138964 7.41143786901 -0.40587249919
2023-12-28T05:37:00.000000 -740.119497527 300.892007302 -6706.663530273 2.02128103672 7.40536705646 0.11309706626
2023-12-28T05:38:00.000000 -617.223250228 744.174595998 -6684.314351889 2.07368080843 7.36501602650 0.63159898653
2023-12-28T05:39:00.000000 -491.469673635 1184.011748128 -6630.928637248 2.11648834525 7.29056096254 1.14725199148
2023-12-28T05:40:00.000000 -363.440532585 1618.366268651 -6546.748526729 2.14950311294 7.18232875172 1.65768483845
2023-12-28T05:41:00.000000 -233.728324728 2045.225132942 -6432.157956208 2.17256818284 7.04079841811 2.16054370804
2023-12-28T05:42:00.000000 -102.933599927 2462.608669240 -6287.681286631 2.18557234154 6.86660264706 2.65350372837
2023-12-28T05:43:00.000000 28.337814565 2868.579723877 -6113.981167422 2.18845093702 6.66052537675 3.13428256231
2023-12-28T05:44:00.000000 159.477596424 3261.252584730 -5911.855621512 2.18118523997 6.42349635053 3.60065134853
2023-12-28T05:45:00.000000 289.877656318 3638.801580331 -5682.234605439 2.16380172626 6.15658675854 4.05044243643
2023-12-28T05:46:00.000000 418.932856428 3999.469504067 -5426.176103234 2.13637237208 5.86100703791 4.48155749658
2023-12-28T05:47:00.000000 546.043760684 4341.575872868 -5144.861657224 2.09901554929 5.53810402597 4.89197803858
2023-12-28T05:48:00.000000 670.619445831 4663.524995257 -4839.591245622 2.05189648076 5.18935565539 5.27977657403
2023-12-28T05:49:00.000000 792.080295966 4963.813611361 -4511.777511569 1.99522680793 4.81636420335 5.64312660979
2023-12-28T05:50:00.000000 909.860761769 5241.038159253 -4162.939428264 1.92926356407 4.42084945019 5.98031179953
2023-12-28T05:51:00.000000 1023.412048207 5493.901611485 -3794.695423722 1.85430796330 4.00464131312 6.28973489082
2023-12-28T05:52:00.000000 1132.204727117 5721.219823869 -3408.755969779 1.77070423936 3.56967159091 6.56992609080
2023-12-28T05:53:00.000000 1235.731289069 5921.927412543 -3006.915719958 1.67883848711 3.11796528153 6.81955062921
2023-12-28T05:54:00.000000 1333.508608503 6095.083062587 -2591.045174668 1.57913716052 2.65163177630 7.03741612853
2023-12-28T05:55:00.000000 1425.080307738 6239.874325744 -2163.081923242 1.47206499090 2.17285530294 7.22247993269
2023-12-28T05:56:00.000000 1510.018981037 6355.621773091 -1725.021451288 1.35812262242 1.68388423441 7.37385572067
2023-12-28T05:57:00.000000 1587.928283570 6441.782532024 -1278.907597625 1.23784436899 1.18701953282 7.49081898893
2023-12-28T05:58:00.000000 1658.444882326 6497.953051953 -826.822699940 1.11179592367 0.68460255372 7.57281153267
2023-12-28T05:59:00.000000 1721.240258004 6523.871166374 -370.877516379 0.98057148233 0.17900237333 7.61944467813
2023-12-28T06:00:00.000000 1776.022311626 6519.417358792 86.799009977 0.84479032875 -0.32739664279 7.63050100113
2023-12-28T06:01:00.000000 1822.536770529 6484.615353446 544.070045007 0.70509346367 -0.83220662530 7.60593512738
2023-12-28T06:02:00.000000 1860.568394991 6419.631947358 998.801212199 0.56214051095 -1.33304810924 7.54587437154
2023-12-28T06:03:00.000000 1889.942001883 6324.776136620 1448.870953712 0.41660642449 -1.82756299911 7.45061847450
2023-12-28T06:04:00.000000 1910.523269734 6200.497422421 1892.180811740 0.26917777583 -2.31342772098 7.32063722675
2023-12-28T06:05:00.000000 1922.219329050 6047.383395780 2326.665521294 0.12054899728 -2.78836499036 7.15656642105
2023-12-28T06:06:00.000000 1924.979121063 5866.156626565 2750.302838158 -0.02858116635 -3.25015433612 6.95920371272
2023-12-28T06:07:00.000000 1918.793552221 5657.670945745 3161.123134230 -0.17751329521 -3.69664283631 6.72950437278
2023-12-28T06:08:00.000000 1903.695417008 5422.907050885 3557.218676672 -0.32555108357 -4.12575607207 6.46857549545
2023-12-28T06:09:00.000000 1879.759111414 5162.967511663 3936.752541050 -0.47200469653 -4.53550773903 6.17766863705
2023-12-28T06:10:00.000000 1847.100159017 4879.071225263 4297.967041546 -0.61619339847 -4.92400771119 5.85817264409
2023-12-28T06:11:00.000000 1805.874592601 4572.547409720 4639.191789879 -0.75744818515 -5.28947033981 5.51160719999
2023-12-28T06:12:00.000000 1756.278144261 4244.829051864 4958.851299164 -0.89511525706 -5.63022369231 5.13961513425
2023-12-28T06:13:00.000000 1698.545223653 3897.445837982 5255.472119777 -1.02855995273 -5.94471767720 4.74395230377
2023-12-28T06:14:00.000000 1632.947657766 3532.016665591 5527.689257250 -1.15717005591 -6.23152918773 4.32647672745
2023-12-28T06:15:00.000000 1559.793276237 3150.241933466 5774.252039918 -1.28035814210 -6.48936537497 3.88913947479
2023-12-28T06:16:00.000000 1479.424352480 2753.895593582 5994.029441771 -1.39756363890 -6.71706763082 3.43397710034
2023-12-28T06:17:00.000000 1392.215940069 2344.816970271 6186.015014730 -1.50825510160 -6.91361698948 2.96310324906
2023-12-28T06:18:00.000000 1298.574045692 1924.902193968 6349.331168375 -1.61193236892 -7.07813930486 2.47869807641
2023-12-28T06:19:00.000000 1198.933709292 1496.095417435 6483.232825659 -1.70812814389 -7.20990846688 1.98299635093
2023-12-28T06:20:00.000000 1093.756988227 1060.379885734 6587.110341481 -1.79640912371 -7.30834721906 1.47827628546
2023-12-28T06:21:00.000000 983.530896196 619.769033926 6660.491844492 -1.87637719575 -7.37302673929 0.96685044307
2023-12-28T06:22:00.000000 868.765235793 176.297563880 6703.045057398 -1.94767100007 -7.40366699558 0.45105847032
2023-12-28T06:23:00.000000 749.990343983 -267.987539556 6714.578714727 -2.00996776937 -7.40013894527 -0.06674066181
2023-12-28T06:24:00.000000 627.754719550 -711.036132184 6695.043398399 -2.06298513536 -7.36246698224 -0.58417909194
2023-12-28T06:25:00.000000 502.622555456 -1150.804157889 6644.531734860 -2.10648252837 -7.29082902235 -1.09889231888
2023-12-28T06:26:00.000000 375.171201897 -1585.262767585 6563.277846330 -2.14026207821 -7.18555360662 -1.60853001156
2023-12-28T06:27:00.000000 245.988583434 -2012.407270936 6451.656235353 -2.16416925543 -7.04711716800 -2.11076398737
2023-12-28T06:28:00.000000 115.670579221 -2430.265982123 6310.180233806 -2.17809351831 -6.87614336055 -2.60329596995
2023-12-28T06:29:00.000000 -15.181630281 -2836.909039416 6139.499948533 -2.18196881493 -6.67340255132 -3.08386786419
2023-12-28T06:30:00.000000 -145.964239587 -3230.457135264 5940.399464563 -2.17577363339 -6.43980869014 -3.55027304373
2023-12-28T06:31:00.000000 -276.073483775 -3609.089985557 5713.793488283 -2.15953085091 -6.17641459832 -4.00036556520
2023-12-28T06:32:00.000000 -404.908310231 -3971.054561773 5460.723457808 -2.13330802001 -5.88440872345 -4.43206763788
2023-12-28T06:33:00.000000 -531.873075816 -4314.673151916 5182.353242115 -2.09721817615 -5.56511304910 -4.84337889485
2023-12-28T06:34:00.000000 -656.380300972 -4638.351270122 4879.964098362 -2.05142032093 -5.21997846564 -5.23238807751
2023-12-28T06:35:00.000000 -777.853411014 -4940.585138930 4554.949022445 -1.99611878454 -4.85057630903 -5.59728345363
2023-12-28T06:36:00.000000 -895.729417025 -5219.968672130 4208.806548228 -1.93156176977 -4.45859002545 -5.93635934018
2023-12-28T06:37:00.000000 -1009.461502179 -5475.200008388 3843.134252660 -1.85804008694 -4.04581043747 -6.24802157861
2023-12-28T06:38:00.000000 -1118.521563633 -5705.087893099 3459.621798408 -1.77588662030 -3.61413254119 -6.53079628545
2023-12-28T06:39:00.000000 -1222.402726427 -5908.557735149 3060.043382994 -1.68547594165 -3.16554854100 -6.78334138582
2023-12-28T06:40:00.000000 -1320.621809344 -6084.657097830 2646.249529587 -1.58722316290 -2.70213594148 -7.00445647711
2023-12-28T06:41:00.000000 -1412.721707344 -6232.560433479 2220.158369861 -1.48158168298 -2.22604475054 -7.19308849431
2023-12-28T06:42:00.000000 -1498.273590241 -6351.573104275 1783.746716201 -1.36904023319 -1.73948722106 -7.34833540213
2023-12-28T06:43:00.000000 -1576.878941375 -6441.134866126 1339.040858583 -1.25012007111 -1.24472925015 -7.46945080403
2023-12-28T06:44:00.000000 -1648.171437617 -6500.822775299 888.107064182 -1.12537280109 -0.74408032681 -7.55584950324
2023-12-28T06:45:00.000000 -1711.818719566 -6530.353484708 433.041757916 -0.99537853507 -0.23988119512 -7.60711182817
2023-12-28T06:46:00.000000 -1767.524032977 -6529.584692360 -24.038472985 -0.86074359837 0.26550900539 -7.62298563366
2023-12-28T06:47:00.000000 -1815.027713370 -6498.515905783 -481.006954550 -0.72209739885 0.76972446648 -7.60338691006
2023-12-28T06:48:00.000000 -1854.108463738 -6437.288495612 -935.737029660 -0.58008888282 1.27040350861 -7.54840021287
2023-12-28T06:49:00.000000 -1884.584426570 -6346.185155205 -1386.112179119 -0.43538318317 1.76519975102 -7.45827908212
2023-12-28T06:50:00.000000 -1906.314058449 -6225.628585371 -1830.036163509 -0.28865844422 2.25179433096 -7.33344572118
2023-12-28T06:51:00.000000 -1919.196808543 -6076.179476372 -2265.443091995 -0.14060228389 2.72790875650 -7.17448905677
2023-12-28T06:52:00.000000 -1923.173566308 -5898.533696545 -2690.307314771 0.00809213405 3.19131722548 -6.98216086669
2023-12-28T06:53:00.000000 -1918.226887276 -5693.518818230 -3102.653050347 0.15672981239 3.63985756510 -6.75737052346
2023-12-28T06:54:00.000000 -1904.381000387 -5462.089982848 -3500.563663472 0.30461703973 4.07144092291 -6.50117937248
2023-12-28T06:55:00.000000 -1881.701646925 -5205.325237444 -3882.190622652 0.45106435744 4.48406097662 -6.21479518088
2023-12-28T06:56:00.000000 -1850.295720060 -4924.420290496 -4245.762101625 0.59538993703 4.87580318192 -5.89956625619
2023-12-28T06:57:00.000000 -1810.310708678 -4620.682756179 -4589.591232698 0.73692323777 5.24485388125 -5.55697460368
2023-12-28T06:58:00.000000 -1761.933906531 -4295.525816958 -4912.083877035 0.87500836224 5.58950886439 -5.18862801705
2023-12-28T06:59:00.000000 -1705.391450730 -3950.461430703 -5211.745923900 1.00900694817 5.90818117652 -4.79625137346
2023-12-28T07:00:00.000000 -1640.947180835 -3587.093072782 -5487.190030341 1.13830091051 6.19940799274 -4.38167742235
2023-12-28T07:01:00.000000 -1568.901350760 -3207.108127653 -5737.141829808 1.26229520274 6.46185640818 -3.94683731500
2023-12-28T07:02:00.000000 -1489.589157646 -2812.269926860 -5960.445533087 1.38042035384 6.69432829549 -3.49375111807
2023-12-28T07:03:00.000000 -1403.379147285 -2404.409541082 -6156.068986658 1.49213459301 6.89576455062 -3.02451823456
2023-12-28T07:04:00.000000 -1310.671489339 -1985.417320905 -6323.108128110 1.59692575251 7.06524866214 -2.54130768449
2023-12-28T07:05:00.000000 -1211.896151559 -1557.234266151 -6460.790902378 1.69431326655 7.20200943514 -2.04634869022
2023-12-28T07:06:00.000000 -1107.510929484 -1121.843223473 -6568.480587797 1.78385037604 7.30542350489 -1.54192200400
2023-12-28T07:07:00.000000 -997.999353730 -681.259927652 -6645.678639890 1.86512640699 7.37501858380 -1.03035100386
2023-12-28T07:08:00.000000 -883.868459588 -237.523835130 -6692.026912730 1.93776881191 7.41047676489 -0.51399083410
2023-12-28T07:09:00.000000 -765.646455516 207.311193967 -6707.309234068 2.00144458060 7.41163557292 0.00478412308
2023-12-28T07:10:00.000000 -643.880324343 651.186166205 -6691.452169805 2.05586097995 7.37848601384 0.52359142018
2023-12-28T07:11:00.000000 -519.133389692 1092.046092742 -6644.525283338 2.10076623620 7.31117044470 1.04004827264
2023-12-28T07:12:00.000000 -391.982818212 1527.849084473 -6566.740927384 2.13595086093 7.20998330133 1.55177820860
2023-12-28T07:13:00.000000 -263.017037637 1956.575532841 -6458.453656030 2.16124938769 7.07537342017 2.05642093161
2023-12-28T07:14:00.000000 -132.833050653 2376.237399568 -6320.158807016 2.17654144952 6.90794371176 2.55164545402
2023-12-28T07:15:00.000000 -2.033729805 2784.887335421 -6152.490392132 2.18175177211 6.70844686129 3.03516231134
2023-12-28T07:16:00.000000 128.774887984 3180.627535926 -5956.218311981 2.17684992625 6.47778047043 3.50473198625
2023-12-28T07:17:00.000000 258.986286093 3561.618312338 -5732.245186033 2.16185080064 6.21698468558 3.95817209749
2023-12-28T07:18:00.000000 387.996230737 3926.086650020 -5481.602617763 2.13681556714 5.92724111246 4.39336696441
2023-12-28T07:19:00.000000 515.205559156 4272.334598109 -5205.446858636 2.10185214271 5.60986953735 4.80827943714
2023-12-28T07:20:00.000000 640.022980755 4598.747390401 -4905.053748062 2.05711489766 5.26632193426 5.20096206358
2023-12-28T07:21:00.000000 761.867846542 4903.801178113 -4581.813046579 2.00280414294 4.89817572043 5.56956648251
2023-12-28T07:22:00.000000 880.172892793 5186.070356723 -4237.222217293 1.93916561337 4.50712726258 5.91235242126
2023-12-28T07:23:00.000000 994.386940257 5444.234499529 -3872.879671093 1.86648952659 4.09498471364 6.22769684445
2023-12-28T07:24:00.000000 1103.977522784 5677.084815926 -3490.477461815 1.78510917489 3.66365997875 6.51410246955
2023-12-28T07:25:00.000000 1208.433429663 5883.530141785 -3091.793521000 1.69539960198 3.21516042796 6.77020544946
2023-12-28T07:26:00.000000 1307.267179488 6062.602402023 -2678.683412104 1.59777656926 2.75158021533 6.99478316681
2023-12-28T07:27:00.000000 1400.017424811 6213.461526752 -2253.071621753 1.49269510314 2.27509008604 7.18676205270
2023-12-28T07:28:00.000000 1486.251238348 6335.399695809 -1816.942412026 1.38064708432 1.78792587521 7.34522398125
2023-12-28T07:29:00.000000 1565.566239384 6427.844913216 -1372.330354912 1.26215833895 1.29237722297 7.46941081715
2023-12-28T07:30:00.000000 1637.592547319 6490.363908405 -921.310610506 1.13778599215 0.79077699071 7.55872844574
2023-12-28T07:31:00.000000 1701.994588639 6522.664404975 -465.988957221 1.00811600319 0.28548999523 7.61275099693
2023-12-28T07:32:00.000000 1758.472738822 6524.596651055 -8.491593811 0.87376029653 -0.22109969930 7.63122415218
2023-12-28T07:33:00.000000 1806.764787400 6496.154194821 449.045211040 0.73535340702 -0.72660186925 7.61406659788
2023-12-28T07:34:00.000000 1846.647186987 6437.473865293 904.485505526 0.59354903757 -1.22863268146 7.56137021690
2023-12-28T07:35:00.000000 1877.936103969 6348.835019430 1355.704038396 0.44901665785 -1.72482728894 7.47339957122
2023-12-28T07:36:00.000000 1900.488253808 6230.658003225 1800.596562669 0.30243792752 -2.21285280345 7.35058987991
2023-12-28T07:37:00.000000 1914.201527912 6083.501876153 2237.089973284 0.15450301829 -2.69042043396 7.19354309232
2023-12-28T07:38:00.000000 1919.015395605 5908.061435937 2663.152168512 0.00590718385 -3.15529590403 7.00302340237
2023-12-28T07:39:00.000000 1914.911115513 5705.163657924 3076.801674921 -0.14265244982 -3.60530942910 6.77995345564
2023-12-28T07:40:00.000000 1901.911740460 5475.763485522 3476.117018644 -0.29048035310 -4.03836687548 6.52541012773
2023-12-28T07:41:00.000000 1880.081915274 5220.938956440 3859.245819995 -0.43688643171 -4.45246133639 6.24061799269
2023-12-28T07:42:00.000000 1849.527431643 4941.885649759 4224.413384041 -0.58118973689 -4.84568296968 5.92694057663
2023-12-28T07:43:00.000000 1810.394586415 4639.910638299 4569.930774649 -0.72272159613 -5.21622646626 5.58587142650
2023-12-28T07:44:00.000000 1762.869354311 4316.426003575 4894.202356711 -0.86082837129 -5.56239747045 5.21902609851
2023-12-28T07:45:00.000000 1707.176412628 3972.942012031 5195.732906536 -0.99487426559 -5.88261901231 4.82813438372
2023-12-28T07:46:00.000000 1643.577977533 3611.059863642 5473.134204130 -1.12424414796 -6.17543773283 4.41503206777
2023-12-28T07:47:00.000000 1572.372491403 3232.464110221 5725.131150312 -1.24834608577 -6.43952970448 3.98165239597
2023-12-28T07:48:00.000000 1493.893154486 2838.914703120 5950.567331518 -1.36661362273 -6.67370623117 3.53001726450
2023-12-28T07:49:00.000000 1408.506335111 2432.238723134 6148.410079241 -1.47850823070 -6.87691952217 3.06222733351
2023-12-28T07:50:00.000000 1316.609803572 2014.321773030 6317.754838013 -1.58352209745 -7.04826702824 2.58045062859
2023-12-28T07:51:00.000000 1218.630812337 1587.099202989 6457.828861533 -1.68118070195 -7.18699334341 2.08691070114
2023-12-28T07:52:00.000000 1115.024040620 1152.547260109 6567.994209099 -1.77104444505 -7.29249021751 1.58387629589
2023-12-28T07:53:00.000000 1006.269479138 712.674283980 6647.750221348 -1.85270937221 -7.36429664206 1.07365316278
2023-12-28T07:54:00.000000 892.870270429 269.511814857 6696.735507719 -1.92580783349 -7.40210055616 0.55857673358
2023-12-28T07:55:00.000000 775.350494886 -174.894424290 6714.729484127 -1.99000981629 -7.40574162347 0.04100333592
2023-12-28T07:56:00.000000 654.252860537 -618.493682999 6701.653297976 -2.04502474546 -7.37521285328 -0.47670070000
2023-12-28T07:57:00.000000 530.136285973 -1059.239384302 6657.570094312 -2.09060304441 -7.31065998293 -0.99217036680
2023-12-28T07:58:00.000000 403.573405940 -1495.098230169 6582.684630020 -2.12653723947 -7.21237955219 -1.50305186607
2023-12-28T07:59:00.000000 275.148017374 -1924.059199902 6477.342332134 -2.15266288244 -7.08081741883 -2.00701151943
2023-12-28T08:00:00.000000 145.452474912 -2344.142466556 6342.027793875 -2.16885925181 -6.91656745068 -2.50174520815
2023-12-28T08:01:00.000000 15.085058546 -2753.408228335 6177.362751316 -2.17504952814 -6.72036907202 -2.98498801660
2023-12-28T08:02:00.000000 -115.352659246 -3149.965331761 5984.103432825 -2.17120084032 -6.49310424268 -3.45452254373
2023-12-28T08:03:00.000000 -245.258471954 -3531.979774894 5763.137500379 -2.15732512352 -6.23579572343 -3.90818686542
2023-12-28T08:04:00.000000 -374.032265819 -3897.683099881 5515.480384024 -2.13348053976 -5.94960574859 -4.34388515048
2023-12-28T08:05:00.000000 -501.078820262 -4245.380690838 5242.270990183 -2.09977165307 -5.63583149153 -4.75960071799
2023-12-28T08:06:00.000000 -625.810530646 -4573.459588040 4944.766552620 -2.05634746641 -5.29589664303 -5.15340658607
2023-12-28T08:07:00.000000 -747.650008605 -4880.395855197 4624.337108647 -2.00339937223 -4.93134393797 -5.52347078761
2023-12-28T08:08:00.000000 -866.032630826 -5164.761607118 4282.459613568 -1.94116157671 -4.54383237199 -5.86806100622
2023-12-28T08:09:00.000000 -980.409156430 -5425.231954876 3920.711791658 -1.86991315741 -4.13513518753 -6.18555474168
2023-12-28T08:10:00.000000 -1090.248452584 -5660.591655481 3540.765039199 -1.78997821767 -3.70713233862 -6.47445317002
2023-12-28T08:11:00.000000 -1195.040102389 -5869.741140361 3144.376714441 -1.70172270210 -3.26179762874 -6.73339129941
2023-12-28T08:12:00.000000 -1294.296820929 -6051.701809380 2733.381931101 -1.60555067585 -2.80118744496 -6.96114178897
2023-12-28T08:13:00.000000 -1387.556648602 -6205.620723556 2309.685276332 -1.50190299930 -2.32743392864 -7.15661817155
2023-12-28T08:14:00.000000 -1474.385202528 -6330.774999951 1875.252099094 -1.39125759600 -1.84273826098 -7.31888242789
2023-12-28T08:15:00.000000 -1554.377854949 -6426.575618517 1432.099347853 -1.27412802823 -1.34935929993 -7.44715391699
2023-12-28T08:16:00.000000 -1627.161770773 -6492.570482354 982.285955914 -1.15105963652 -0.84959976970 -7.54081448673
2023-12-28T08:17:00.000000 -1692.397681726 -6528.446663012 527.903023106 -1.02262559605 -0.34579454488 -7.59940995827
2023-12-28T08:18:00.000000 -1749.781487896 -6534.032050424 71.063943070 -0.88942465946 0.15969915583 -7.62265198924
2023-12-28T08:19:00.000000 -1799.045742744 -6509.296364147 -386.105644896 -0.75207944806 0.66451299293 -7.61042107838
2023-12-28T08:20:00.000000 -1839.960995211 -6454.351421737 -841.478034702 -0.61123344628 1.16628082186 -7.56276821170
2023-12-28T08:21:00.000000 -1872.336932994 -6369.450623095 -1292.933690418 -0.46754676647 1.66265159769 -7.47991404333
2023-12-28T08:22:00.000000 -1896.023240700 -6254.987683894 -1738.371352536 -0.32169208783 2.15130092704 -7.36224704542
2023-12-28T08:23:00.000000 -1910.910262298 -6111.494704406 -2175.718054212 -0.17435149672 2.62994236753 -7.21032130142
2023-12-28T08:24:00.000000 -1916.929474843 -5939.639542608 -2602.938956591 -0.02621374041 3.09633866930 -7.02485321642
2023-12-28T08:25:00.000000 -1914.053814460 -5740.222568815 -3018.046982102 0.12202877869 3.54831195063 -6.80671748477
2023-12-28T08:26:00.000000 -1902.297779651 -5514.172796605 -3419.112188182 0.26968350755 3.98375350372 -6.55694348177
2023-12-28T08:27:00.000000 -1881.717332032 -5262.543409912 -3804.270940153 0.41606159212 4.40063510889 -6.27671109503
2023-12-28T08:28:00.000000 -1852.409555958 -4986.506563501 -4171.734727944 0.56048166766 4.79702113209 -5.96734354584
2023-12-28T08:29:00.000000 -1814.512113389 -4687.347526463 -4519.798508900 0.70227308214 5.17107808205 -5.63029748609
2023-12-28T08:30:00.000000 -1768.202515533 -4366.458357544 -4846.848395160 0.84077855202 5.52108058707 -5.26715380746
2023-12-28T08:31:00.000000 -1713.697244868 -4025.331267116 -5151.368914279 0.97535681546 5.84541669135 -4.87961106235
2023-12-28T08:32:00.000000 -1651.250698842 -3665.551593175 -5431.949872112 1.10538577882 6.14259519626 -4.46947919072
2023-12-28T08:33:00.000000 -1581.153944656 -3288.790327013 -5687.292817450 1.23026588750 6.41125390749 -4.03867056228
2023-12-28T08:34:00.000000 -1503.733269550 -2896.796151670 -5916.216821259 1.34942305908 6.65016586898 -3.58918867390
2023-12-28T08:35:00.000000 -1419.348584737 -2491.387219291 -6117.663620311 1.46231089795 6.85824284723 -3.12311713593
2023-12-28T08:36:00.000000 -1328.391709641 -2074.442750888 -6290.702132922 1.56841237970 7.03453759196 -2.64261047171
2023-12-28T08:37:00.000000 -1231.284569293 -1647.894519189 -6434.532485019 1.66724141292 7.17824662370 -2.14988616769
2023-12-28T08:38:00.000000 -1128.477278522 -1213.718087572 -6548.489535413 1.75834469554 7.28871415283 -1.64721648041
2023-12-28T08:39:00.000000 -1020.446109206 -773.923829197 -6632.045875788 1.84130406344 7.36543636553 -1.13691837256
2023-12-28T08:40:00.000000 -907.691308121 -330.547716241 -6684.814148465 1.91573887745 7.40806409824 -0.62134136494
2023-12-28T08:41:00.000000 -790.734791130 114.357973040 -6706.548650110 1.98130765224 7.41640248180 -0.10285544921
2023-12-28T08:42:00.000000 -670.117768792 558.733844004 -6697.146243862 2.03770882901 7.39040903777 0.41615822438
2023-12-28T08:43:00.000000 -546.398328811 1000.522512454 -6656.646823835 2.08468158734 7.33019344563 0.93331431016
2023-12-28T08:44:00.000000 -420.148947002 1437.677789658 -6585.233313289 2.12200738472 7.23601966397 1.44623162486
2023-12-28T08:45:00.000000 -291.953902531 1868.173995499 -6483.231119227 2.14951164384 7.10830716426 1.95254509994
2023-12-28T08:46:00.000000 -162.406607413 2290.015226152 -6351.106724955 2.16706449374 6.94762842004 2.44991869038
2023-12-28T08:47:00.000000 -32.106929589 2701.244399106 -6189.465649292 2.17458056962 6.75470427042 2.93605543788
2023-12-28T08:48:00.000000 98.341476318 3099.952054870 -5999.049858710 2.17201893139 6.53040077681 3.40870469967
2023-12-28T08:49:00.000000 228.333842659 3484.285019542 -5780.734801319 2.15938381609 6.27572835984 3.86567011486
2023-12-28T08:50:00.000000 357.267043619 3852.455057941 -5535.525800446 2.13672573270 5.99184058272 4.30482033434
2023-12-28T08:51:00.000000 484.542385980 4202.747348706 -5264.553809323 2.10414196125 5.68003015785 4.72410115420
2023-12-28T08:52:00.000000 609.568408183 4533.528650404 -4969.070436654 2.06177616908 5.34172263227 5.12154647802
2023-12-28T08:53:00.000000 731.763640859 4843.255074473 -4650.442390216 2.00981761155 4.97846966449 5.49528735346
2023-12-28T08:54:00.000000 850.559320073 5130.479458915 -4310.145388460 1.94850047683 4.59194298918 5.84356031624
2023-12-28T08:55:00.000000 965.402070696 5393.858403711 -3949.757574631 1.87810342744 4.18392837502 6.16471630455
2023-12-28T08:56:00.000000 1075.756554304 5632.158891856 -3570.952360964 1.79894891171 3.75631829849 6.45723031028
2023-12-28T08:57:00.000000 1181.108062013 5844.264432412 -3175.490707937 1.71140185626 3.31110281931 6.71971047167
2023-12-28T08:58:00.000000 1280.965011723 6029.180620614 -2765.212905070 1.61586786699 2.85035960882 6.95090545889
2023-12-28T08:59:00.000000 1374.861331890 6186.040099854 -2342.029949695 1.51279139163 2.37624435398 7.14971071329
2023-12-28T09:00:00.000000 1462.358735763 6314.106948436 -1907.914547117 1.40265388248 1.89098109998 7.31517495025
2023-12-28T09:01:00.000000 1543.048879214 6412.780465795 -1464.891714671 1.28597152248 1.39685107784 7.44650673001
2023-12-28T09:02:00.000000 1616.555362644 6481.598232603 -1015.029036161 1.16329239588 0.89618007854 7.54307919404
2023-12-28T09:03:00.000000 1682.535558252 6520.238409010 -560.426708967 1.03519372219 0.39132644479 7.60443241116
2023-12-28T09:04:00.000000 1740.682284012 6528.521357260 -103.207466392 0.90227952810 -0.11532949053 7.63027546529
2023-12-28T09:05:00.000000 1790.725342081 6506.410647123 354.493654657 0.76517805837 -0.62139662032 7.62048974381
2023-12-28T09:06:00.000000 1832.432868215 6454.013307787 810.539738584 0.62453803147 -1.12448690348 7.57513152915
2023-12-28T09:07:00.000000 1865.612420805 6371.579179546 1262.802478579 0.48102413933 -1.62223020776 7.49443100627
2023-12-28T09:08:00.000000 1890.111817618 6259.499446099 1709.172501601 0.33531314740 -2.11228689296 7.37878826090
2023-12-28T09:09:00.000000 1905.819772115 6118.304502152 2147.569438623 0.18809106648 -2.59235773412 7.22876941781
2023-12-28T09:10:00.000000 1912.666372105 5948.661250529 2575.951802415 0.04005044377 -3.06019387191 7.04510442799
2023-12-28T09:11:00.000000 1910.623365885 5751.369714947 2992.326768699 -0.10811320080 -3.51360865900 6.82868458555
2023-12-28T09:12:00.000000 1899.704217231 5527.358931445 3394.759708567 -0.25570557320 -3.95049040918 6.58055744861
2023-12-28T09:13:00.000000 1879.963909833 5277.682094479 3781.383344191 -0.40203758837 -4.36881389809 6.30191905439
2023-12-28T09:14:00.000000 1851.498530927 5003.511087637 4150.406391144 -0.54642874937 -4.76664950311 5.99410487194
2023-12-28T09:15:00.000000 1814.444666341 4706.130526510 4500.121654314 -0.68821006436 -5.14217010793 5.65858105288
2023-12-28T09:16:00.000000 1768.978629725 4386.931431780 4828.913637277 -0.82672664473 -5.49365682826 5.29693704101
2023-12-28T09:17:00.000000 1715.315542381 4047.404551196 5135.265751261 -0.96134019382 -5.81950542236 4.91087931354
2023-12-28T09:18:00.000000 1653.708260726 3689.133259130 5417.767140295 -1.09143174396 -6.11823434943 4.50222425449
2023-12-28T09:19:00.000000 1584.446121062 3313.785929020 5675.118985052 -1.21640475205 -6.38849286402 4.07288828787
2023-12-28T09:20:00.000000 1507.853502059 2923.107906473 5906.140161027 -1.33568814198 -6.62906657615 3.62487620750
2023-12-28T09:21:00.000000 1424.288216927 2518.913234347 6109.772210177 -1.44873889211 -6.83888026617 3.16027044807
2023-12-28T09:22:00.000000 1334.139763485 2103.076243515 6285.083725535 -1.55504427890 -7.01700026179 2.68122225576
2023-12-28T09:23:00.000000 1237.827439925 1677.522952909 6431.274224593 -1.65412398653 -7.16263769323 2.18994290019
2023-12-28T09:24:00.000000 1135.798346206 1244.222294937 6547.677448570 -1.74553182969 -7.27515137667 1.68869355195
2023-12-28T09:25:00.000000 1028.525301398 805.177204374 6633.764044847 -1.82885681723 -7.35404921740 1.17977492957
2023-12-28T09:26:00.000000 916.504709727 362.415650707 6689.143658828 -1.90372396049 -7.39898900929 0.66551802715
2023-12-28T09:27:00.000000 800.254363082 -82.018394096 6713.566481148 -1.96979556034 -7.40977973524 0.14827515094
2023-12-28T09:28:00.000000 680.311152764 -526.074059885 6706.924233998 -2.02677298414 -7.38638259436 -0.36958994077
2023-12-28T09:29:00.000000 557.228676043 -967.702711376 6669.250548381 -2.07439822010 -7.32891075601 -0.88571235788
2023-12-28T09:30:00.000000 431.574768433 -1404.867036900 6600.720742688 -2.11245473815 -7.23762824686 -1.39773571935
2023-12-28T09:31:00.000000 303.929001425 -1835.550066217 6501.651040445 -2.14076801094 -7.11294887182 -1.90332123671
2023-12-28T09:32:00.000000 174.880136345 -2257.764114848 6372.497214521 -2.15920630214 -6.95543503683 -2.40015702061
2023-12-28T09:33:00.000000 45.023529603 -2669.559667040 6213.852729956 -2.16768185384 -6.76579593089 -2.88596757490
2023-12-28T09:34:00.000000 -85.041548067 -3069.034101207 6026.446237438 -2.16615202556 -6.54488535190 -3.35852338197
2023-12-28T09:35:00.000000 -214.714634297 -3454.340307417 5811.138530465 -2.15461974390 -6.29369914230 -3.81565116915
2023-12-28T09:36:00.000000 -343.396798168 -3823.695073420 5568.918838650 -2.13313297389 -6.01337104488 -4.25524443351
2023-12-28T09:37:00.000000 -470.493313833 -4175.387227403 5300.900562293 -2.10178380713 -5.70516707998 -4.67527217143
2023-12-28T09:38:00.000000 -595.416297677 -4507.785392729 5008.316526431 -2.06070830627 -5.37048090888 -5.07378541989
2023-12-28T09:39:00.000000 -717.587373671 -4819.345597342 4692.513854560 -2.01008739961 -5.01083157512 -5.44892499203
2023-12-28T09:40:00.000000 -836.440377234 -5108.618668620 4354.948228362 -1.95014752485 -4.62786028081 -5.79893340229
2023-12-28T09:41:00.000000 -951.424085345 -5374.257422167 3997.177403284 -1.88115956319 -4.22332223563 -6.12216799723
2023-12-28T09:42:00.000000 -1062.004794104 -5615.023089146 3620.854011504 -1.80343641286 -3.79907496108 -6.41710955604
2023-12-28T09:43:00.000000 -1167.668787367 -5829.791189616 3227.718051506 -1.71733116354 -3.35706899243 -6.68236602804
2023-12-28T09:44:00.000000 -1267.924723592 -6017.556908193 2819.589088650 -1.62323671189 -2.89934268112 -6.91667730443
2023-12-28T09:45:00.000000 -1362.306028707 -6177.440251826 2398.358151778 -1.52158534950 -2.42801596218 -7.11892450311
2023-12-28T09:46:00.000000 -1450.373198096 -6308.690583081 1965.978889305 -1.41284674366 -1.94527909913 -7.28813975546
2023-12-28T09:47:00.000000 -1531.715949681 -6410.690452441 1524.458362276 -1.29752477620 -1.45337911173 -7.42351153524
2023-12-28T09:48:00.000000 -1605.955192049 -6482.958649180 1075.847545885 -1.17615484006 -0.95460899568 -7.52438679341
2023-12-28T09:49:00.000000 -1672.744849177 -6525.152714090 622.231803979 -1.04930173332 -0.45129895513 -7.59027451571
2023-12-28T09:50:00.000000 -1731.773553810 -6537.070847778 165.720940111 -0.91755708510 0.05419449670 -7.62085108002
2023-12-28T09:51:00.000000 -1782.766156034 -6518.653082986 -291.560921979 -0.78153594354 0.55950259374 -7.61596323353
2023-12-28T09:52:00.000000 -1825.485031390 -6469.981603068 -747.485573305 -0.64187362469 1.06225775638 -7.57562729892
2023-12-28T09:53:00.000000 -1859.731221220 -6391.280334440 -1199.930813253 -0.49922332901 1.56010453657 -7.50002763987
2023-12-28T09:54:00.000000 -1885.345433789 -6282.913903994 -1646.790551890 -0.35425355726 2.05071021372 -7.38951667602
2023-12-28T09:55:00.000000 -1902.208854402 -6145.385918850 -2085.984877145 -0.20764434908 2.53177700102 -7.24461431991
2023-12-28T09:56:00.000000 -1910.243709376 -5979.336491236 -2515.470020544 -0.06008294726 3.00105435510 -7.06600478907
2023-12-28T09:57:00.000000 -1909.413578203 -5785.539081928 -2933.248082993 0.08773994297 3.45634966391 -6.85453202861
2023-12-28T09:58:00.000000 -1899.723509334 -5564.896714174 -3337.376489423 0.23513327122 3.89553849908 -6.61119561520
2023-12-28T09:59:00.000000 -1881.219942500 -5318.437550211 -3725.977198405 0.38140899932 4.31657596637 -6.33714598670
2023-12-28T10:00:00.000000 -1853.990413643 -5047.309776554 -4097.245533001 0.52588586228 4.71750782406 -6.03367706482
2023-12-28T10:01:00.000000 -1818.163046133 -4752.775895176 -4449.458542434 0.66789278195 5.09647898857 -5.70221726505
2023-12-28T10:02:00.000000 -1773.905852156 -4436.206577858 -4780.982805155 0.80677158557 5.45173986827 -5.34432153715
2023-12-28T10:03:00.000000 -1721.425885257 -4099.074147768 -5090.281835612 0.94187957103 5.78165295707 -4.96166485009
2023-12-28T10:04:00.000000 -1660.968219937 -3742.945617066 -5375.923057468 1.07259247590 6.08470061445 -4.55603509711
2023-12-28T10:05:00.000000 -1592.814757749 -3369.475274755 -5636.584357325 1.19830768396 6.35949263410 -4.12932413268
2023-12-28T10:06:00.000000 -1517.282830169 -2980.396839483 -5871.059984295 1.31844716958 6.60477231385 -3.68351750535
2023-12-28T10:07:00.000000 -1434.723653010 -2577.515313286 -6078.265872945 1.43245987023 6.81942096927 -3.22068395181
2023-12-28T10:08:00.000000 -1345.520648319 -2162.698588033 -6257.244315701 1.53982346059 7.00246120621 -2.74296537219
2023-12-28T10:09:00.000000 -1250.087682138 -1737.868902424 -6407.168098852 1.64004587536 7.15305960835 -2.25256783643
2023-12-28T10:10:00.000000 -1148.867187665 -1304.994096900 -6527.344083312 1.73266723734 7.27052997990 -1.75175324144
2023-12-28T10:11:00.000000 -1042.328161037 -866.078667917 -6617.216289174 1.81726245077 7.35433724126 -1.24282972394
2023-12-28T10:12:00.000000 -930.963998968 -423.154620344 -6676.368311182 1.89344367763 7.40409998367 -0.72813999737
2023-12-28T10:13:00.000000 -815.290210296 21.727776890 -6704.525069872 1.96086170191 7.41959023421 -0.21004997043
2023-12-28T10:14:00.000000 -695.842086268 466.509143637 -6701.553905178 2.01920648556 7.40073241352 0.30905985758
2023-12-28T10:15:00.000000 -573.172320336 909.130163250 -6667.465252629 2.06820825397 7.34760449001 0.82680177823
2023-12-28T10:16:00.000000 -447.848535890 1347.540856408 -6602.412755926 2.10763948435 7.26044044534 1.34079110550
2023-12-28T10:17:00.000000 -320.450696162 1779.709985145 -6506.692752980 2.13731648189 7.13963000159 1.84865943117
2023-12-28T10:18:00.000000 -191.568466488 2203.634257015 -6380.742873082 2.15709948817 6.98571446531 2.34806643704
2023-12-28T10:19:00.000000 -61.798592344 2617.347297733 -6225.140132974 2.16689227851 6.79938263933 2.83670757424
2023-12-28T10:20:00.000000 68.257731365 3018.928457806 -6040.598560765 2.16664283873 6.58146993327 3.31232069648
2023-12-28T10:21:00.000000 197.997550928 3406.511619168 -5827.966443261 2.15634504893 6.33295851777 3.77269596332
2023-12-28T10:22:00.000000 326.818956552 3778.293938801 -5588.222753618 2.13603976248 6.05497463210 4.21568831121
2023-12-28T10:23:00.000000 454.123889889 4132.544328603 -5322.472942988 2.10581443030 5.74878286803 4.63922888891
2023-12-28T10:24:00.000000 579.320917329 4467.611581177 -5031.944058738 2.06580207399 5.41578030441 5.04133405537
2023-12-28T10:25:00.000000 701.827929228 4781.932160949 -4717.979427216 2.01618068964 5.05749161926 5.42011390656
2023-12-28T10:26:00.000000 821.074847794 5074.037718368 -4382.032705722 1.95717319123 4.67556398070 5.77378170929
2023-12-28T10:27:00.000000 936.506313816 5342.562249187 -4025.661420434 1.88904724766 4.27176049271 6.10066365719
2023-12-28T10:28:00.000000 1047.584355108 5586.248823604 -3650.519903801 1.81211458122 3.84795247605 6.39920823805
2023-12-28T10:29:00.000000 1153.790990092 5803.955812789 -3258.351679670 1.72672960106 3.40611077380 6.66799508346
2023-12-28T10:30:00.000000 1254.630738048 5994.662600019 -2850.981372302 1.63328748758 2.94829609900 6.90574274335
2023-12-28T10:31:00.000000 1349.633000087 6157.474654984 -2430.306158318 1.53222219251 2.47664934921 7.11131502664
2023-12-28T10:32:00.000000 1438.354336581 6291.628084889 -1998.286880449 1.42400479242 1.99338252586 7.28372712606
2023-12-28T10:33:00.000000 1520.380643776 6396.493588318 -1556.938742194 1.30914192641 1.50076879623 7.42215282630
2023-12-28T10:34:00.000000 1595.329235262 6471.579806138 -1108.321594628 1.18817349698 1.00112973691 7.52593140039
2023-12-28T10:35:00.000000 1662.850732972 6516.535745275 -654.529859953 1.06166943473 0.49682082256 7.59457129016
2023-12-28T10:36:00.000000 1722.630771321 6531.152433317 -197.682370347 0.93022631971 -0.00978154831 7.62775049171
2023-12-28T10:37:00.000000 1774.391503178 6515.363829976 260.087823759 0.79446449167 -0.51629042057 7.62531669560
2023-12-28T10:38:00.000000 1817.892948602 6469.247198835 716.643642684 0.65502519850 -1.02031868655 7.58728899079
2023-12-28T10:39:00.000000 1852.934142915 6393.022712785 1169.854349897 0.51256715546 -1.51949153624 7.51385936687
2023-12-28T10:40:00.000000 1879.354072900 6287.052331893 1617.605892693 0.36776270007 -2.01145994390 7.40539173696
2023-12-28T10:41:00.000000 1897.032382861 6151.837857189 2057.811144052 0.22129427142 -2.49391315179 7.26241893063
2023-12-28T10:42:00.000000 1905.889890382 5988.018313147 2488.419918294 0.07385123534 -2.96459029681 7.08563915451
2023-12-28T10:43:00.000000 1905.888896518 5796.366575843 2907.428789105 -0.07387354015 -3.42129213934 6.87591189229
2023-12-28T10:44:00.000000 1897.033283847 5577.785345690 3312.890597948 -0.22118756296 -3.86189241361 6.63425220364
2023-12-28T10:45:00.000000 1879.368375362 5333.302447850 3702.923585797 -0.36740251841 -4.28434768709 6.36182385526
2023-12-28T10:46:00.000000 1852.980586328 5064.065625064 4075.720107134 -0.51183756258 -4.68670608809 6.05993234518
2023-12-28T10:47:00.000000 1817.996883463 4771.336759597 4429.554921520 -0.65382226217 -5.06711598388 5.73001777568
2023-12-28T10:48:00.000000 1774.584074387 4456.485615470 4762.793032234 -0.79269957464 -5.42383440424 5.37364666989
2023-12-28T10:49:00.000000 1722.947906558 4120.983086617 5073.896999485 -0.92782894684 -5.75523411734 4.99250306684
2023-12-28T10:50:00.000000 1663.331993760 3766.394093055 5361.433741988 -1.05858937749 -6.05980940535 4.58837997923
2023-12-28T10:51:00.000000 1596.016548701 3394.370106313 5624.080823088 -1.18438225753 -6.33618170651 4.16317129484
2023-12-28T10:52:00.000000 1521.316967500 3006.641350969 5860.632252292 -1.30463384596 -6.58310553478 3.71886298155
2023-12-28T10:53:00.000000 1439.582268067 2605.008646715 6070.003702309 -1.41879736289 -6.79947390124 3.25752310056
2023-12-28T10:54:00.000000 1351.193422734 2191.334974354 6251.237141628 -1.52635493552 -6.98432250420 2.78129123323
2023-12-28T10:55:00.000000 1256.561554583 1767.536813022 6403.504788164 -1.62681966962 -7.13683266861 2.29236797484
2023-12-28T10:56:00.000000 1156.126019431 1335.575347484 6526.112473864 -1.71973773094 -7.25633317747 1.79300472145
2023-12-28T10:57:00.000000 1050.352364844 897.447579455 6618.502385036 -1.80469010386 -7.34230129890 1.28549402720
2023-12-28T10:58:00.000000 939.730201734 455.177405046 6680.255283902 -1.88129397079 -7.39436372583 0.77216056836
2023-12-28T10:59:00.000000 824.770991231 10.806598819 6711.092143432 -1.94920398531 -7.41229789424 0.25535208683
2023-12-28T11:00:00.000000 706.005758663 -433.614260851 6710.875254179 -2.00811358556 -7.39603301648 -0.26257038941
2023-12-28T11:01:00.000000 583.982728401 -876.034898427 6679.608709363 -2.05775619029 -7.34564990288 -0.77924252852
2023-12-28T11:02:00.000000 459.264895888 -1314.414412652 6617.438332581 -2.09790618809 -7.26137998960 -1.29230597456
2023-12-28T11:03:00.000000 332.427540144 -1746.730288357 6524.651058092 -2.12837990038 -7.14360454295 -1.79941709149
2023-12-28T11:04:00.000000 204.055678004 -2170.987361848 6401.673741847 -2.14903656397 -6.99285420784 -2.29825643963
2023-12-28T11:05:00.000000 74.741464445 -2585.226772569 6249.071444516 -2.15977909933 -6.80980776197 -2.78653917821
2023-12-28T11:06:00.000000 -54.918441598 -2987.534761258 6067.545006403 -2.16055449329 -6.59528949022 -3.26202534524
2023-12-28T11:07:00.000000 -184.325527778 -3376.051312664 5857.928091913 -2.15135402333 -6.35026583471 -3.72252931020
2023-12-28T11:08:00.000000 -312.882095738 -3748.978566494 5621.183627537 -2.13221362628 -6.07584188855 -4.16592887174
2023-12-28T11:09:00.000000 -439.993955250 -4104.589041823 5358.399756549 -2.10321436178 -5.77325748063 -4.59017458692
2023-12-28T11:10:00.000000 -565.073139808 -4441.233569754 5070.785160015 -2.06448263746 -5.44388258063 -4.99329913409
2023-12-28T11:11:00.000000 -687.540622900 -4757.348964837 4759.663874107 -2.01618994320 -5.08921225567 -5.37342641383
2023-12-28T11:12:00.000000 -806.829001189 -5051.465353968 4426.469528679 -1.95855209979 -4.71086133939 -5.72878048365
2023-12-28T11:13:00.000000 -922.385126542 -5322.213214026 4072.739094944 -1.89182826201 -4.31055850345 -6.05769446749
2023-12-28T11:14:00.000000 -1033.672675860 -5568.329982055 3700.106058363 -1.81631999668 -3.89013943580 -6.35861934992
2023-12-28T11:15:00.000000 -1140.174674446 -5788.666260251 3310.293094987 -1.73237046993 -3.45153898219 -6.63013265347
2023-12-28T11:16:00.000000 -1241.395954571 -5982.191477731 2905.104218852 -1.64036332201 -2.99678199740 -6.87094678043
2023-12-28T11:17:00.000000 -1336.865541925 -6147.999013809 2486.416474518 -1.54072086038 -2.52797311542 -7.07991614234
2023-12-28T11:18:00.000000 -1426.138903166 -6285.310655641 2056.171242535 -1.43390185361 -2.04728657855 -7.25604249995
2023-12-28T11:19:00.000000 -1508.800078600 -6393.480512652 1616.365265496 -1.32039961937 -1.55695710182 -7.39847956330
2023-12-28T11:20:00.000000 -1584.463698355 -6471.998345796 1169.041367348 -1.20074042036 -1.05927073361 -7.50653848430
2023-12-28T11:21:00.000000 -1652.776912428 -6520.492367754 716.278830835 -1.07548135369 -0.55655375013 -7.57969381432
2023-12-28T11:22:00.000000 -1713.421142696 -6538.731238571 260.183451632 -0.94520721458 -0.05115949879 -7.61758763288
2023-12-28T11:23:00.000000 -1766.113642382 -6526.625311389 -197.122560942 -0.81052695874 0.45454459726 -7.62003090670
2023-12-28T11:24:00.000000 -1810.608844416 -6484.227098289 -653.510734248 -0.67207061973 0.95818854766 -7.58700374384
2023-12-28T11:25:00.000000 -1846.699551380 -6411.731125900 -1106.856484398 -0.53048654805 1.45741106762 -7.51865592802
2023-12-28T11:26:00.000000 -1874.217937999 -6309.473024322 -1555.049309612 -0.38643827814 1.94987187905 -7.41530688063
2023-12-28T11:27:00.000000 -1893.036357806 -6177.927900420 -1996.002917311 -0.24060090468 2.43326428666 -7.27744366810
2023-12-28T11:28:00.000000 -1903.067923669 -6017.707949162 -2427.665185168 -0.09365750933 2.90532675261 -7.10571759276
2023-12-28T11:29:00.000000 -1904.266891433 -5829.559441382 -2848.027901688 0.05370420048 3.36385379860 -6.90094039157
2023-12-28T11:30:00.000000 -1896.628831409 -5614.359020959 -3255.136263761 0.20079537613 3.80670688535 -6.66407978527
2023-12-28T11:31:00.000000 -1880.190587686 -5373.109382177 -3647.098071682 0.34692969665 4.23182455526 -6.39625375054
2023-12-28T11:32:00.000000 -1855.030019548 -5106.934359728 -4022.092556770 0.49142675734 4.63723128110 -6.09872445679
2023-12-28T11:33:00.000000 -1821.265560396 -4817.073529843 -4378.378865699 0.63361501273 5.02104636616 -5.77289253919
2023-12-28T11:34:00.000000 -1779.055599835 -4504.876217629 -4714.304173067 0.77283463555 5.38149403405 -5.42029027512
2023-12-28T11:35:00.000000 -1728.597690762 -4171.794904224 -5028.311305528 0.90844052974 5.71691286085 -5.04257206284
2023-12-28T11:36:00.000000 -1670.127573475 -3819.378153898 -5318.945753976 1.03980528608 6.02576200870 -4.64150397747
2023-12-28T11:37:00.000000 -1603.918031221 -3449.263266511 -5584.862106171 1.16632208029 6.30662526383 -4.21895528041
2023-12-28T11:38:00.000000 -1530.277562558 -3063.168657830 -5824.830028236 1.28740780981 6.55821620479 -3.77689152145
2023-12-28T11:39:00.000000 -1449.548859305 -2662.885861482 -6037.739799695 1.40250626561 6.77938492661 -3.31736585036
2023-12-28T11:40:00.000000 -1362.107116386 -2250.271169382 -6222.607239102 1.51109047756 6.96912336224 -2.84250782170
2023-12-28T11:41:00.000000 -1268.358236919 -1827.237031495 -6378.577956199 1.61266399016 7.12656800190 -2.35451258945
2023-12-28T11:42:00.000000 -1168.736968489 -1395.743315882 -6504.931012436 1.70676207632 7.25100231859 -1.85563206821
2023-12-28T11:43:00.000000 -1063.704939219 -957.788382942 -6601.082063768 1.79295379488 7.34186025670 -1.34816572253
2023-12-28T11:44:00.000000 -953.748561883 -515.399978791 -6666.585884317 1.87084431444 7.39872857319 -0.83444948708
2023-12-28T11:45:00.000000 -839.376814212 -70.626059912 -6701.138228364 1.94007648718 7.42134668441 -0.31684515796
2023-12-28T11:46:00.000000 -721.118947076 374.474353735 -6704.577124898 2.00033183580 7.40960656160 0.20226775909
2023-12-28T11:47:00.000000 -599.522126260 817.840395242 -6676.883703812 2.05133195689 7.36355503170 0.72050043456
2023-12-28T11:48:00.000000 -475.148975599 1257.418703121 -6618.182415030 2.09284031825 7.28339581090 1.23546653666
2023-12-28T11:49:00.000000 -348.575021844 1691.172811546 -6528.740482914 2.12466344410 7.16948759010 1.74479529994
2023-12-28T11:50:00.000000 -220.386099150 2117.092314945 -6408.966656498 2.14665121591 7.02233951443 2.24614116500
2023-12-28T11:51:00.000000 -91.175739191 2533.201805796 -6259.409505352 2.15869730501 6.84260894495 2.73719029011
2023-12-28T11:52:00.000000 38.457484343 2937.569766918 -6080.755267625 2.16074024039 6.63110210691 3.21566897141
2023-12-28T11:53:00.000000 167.912680157 3328.317522573 -5873.825107820 2.15276423230 6.38877333283 3.67935580220
2023-12-28T11:54:00.000000 296.589376488 3703.627988680 -5639.571595313 2.13479895167 6.11672036419 4.12609371262
2023-12-28T11:55:00.000000 423.890232368 4061.754105364 -5379.074575988 2.10691907009 5.81617873294 4.55379873398
2023-12-28T11:56:00.000000 549.223745244 4401.026972423 -5093.536529468 2.06924474833 5.48851816012 4.96046784814
2023-12-28T11:57:00.000000 672.007016195 4719.863830609 -4784.277454407 2.02194270048 5.13523915545 5.34418927143
2023-12-28T11:58:00.000000 791.668552249 5016.775722746 -4452.729022290 1.96522631730 4.75796668877 5.70315410155
2023-12-28T11:59:00.000000 907.651032857 5290.374709607 -4100.428098105 1.89935431051 4.35844173335 6.03566605632
2023-12-28T12:00:00.000000 1019.413972367 5539.380602296 -3729.009762700 1.82462882405 3.93851348035 6.34014910724
2023-12-28T12:01:00.000000 1126.436277083 5762.627210410 -3340.199831189 1.74139396356 3.50013239218 6.61515552943
2023-12-28T12:02:00.000000 1228.218731528 5959.068237492 -2935.806936137 1.65003461696 3.04534170560 6.85937476248
2023-12-28T12:03:00.000000 1324.286401695 6127.782485027 -2517.714018494 1.55097507544 2.57626700398 7.07164099967
2023-12-28T12:04:00.000000 1414.190954536 6267.978511804 -2087.869488113 1.44467738562 2.09510585081 7.25093897606
2023-12-28T12:05:00.000000 1497.512861397 6378.998623621 -1648.277996005 1.33163946681 1.60411815378 7.39640972241
2023-12-28T12:06:00.000000 1573.863491890 6460.322357885 -1200.990901448 1.21239266860 1.10561534750 7.50735694470
2023-12-28T12:07:00.000000 1642.887018697 6511.569146107 -748.096315884 1.08749863470 0.60194750306 7.58325211910
2023-12-28T12:08:00.000000 1704.262139939 6532.500261005 -291.708970663 0.95754595823 0.09549005915 7.62373692640
2023-12-28T12:09:00.000000 1757.703599486 6523.019937936 166.040051041 0.82314727125 -0.41136817714 7.62862433727
2023-12-28T12:10:00.000000 1802.963560131 6483.175875506 623.013597651 0.68493662009 -0.91623682450 7.59789982358
2023-12-28T12:11:00.000000 1839.832794755 6413.158906920 1077.078848829 0.54356652358 -1.41673683027 7.53172193716
2023-12-28T12:12:00.000000 1868.141696246 6313.301946067 1526.117649244 0.39970443711 -1.91051367265 7.43042066705
2023-12-28T12:13:00.000000 1887.761055375 6184.078129041 1968.036715200 0.25402899463 -2.39524899932 7.29449425998
2023-12-28T12:14:00.000000 1898.602627903 6026.098365497 2400.777620418 0.10722632363 -2.86867116106 7.12460622794
2023-12-28T12:15:00.000000 1900.619469077 5840.108172179 2822.326644099 -0.04001358245 -3.32856652903 6.92158253811
2023-12-28T12:16:00.000000 1893.806059313 5626.983838182 3230.724385391 -0.18700056823 -3.77279187389 6.68640688447
2023-12-28T12:17:00.000000 1878.198198216 5387.727840017 3624.075018417 -0.33304793242 -4.19928562731 6.42021338185
2023-12-28T12:18:00.000000 1853.872704079 5123.463682495 4000.555072507 -0.47747576403 -4.60607660736 6.12427846126
2023-12-28T12:19:00.000000 1820.946906535 4835.430241435 4358.421752394 -0.61961400341 -4.99129137091 5.80001381153
2023-12-28T12:20:00.000000 1779.577972807 4524.975676228 4696.020862197 -0.75880533198 -5.35316205455 5.44895973204
2023-12-28T12:21:00.000000 1729.962053729 4193.550837167 5011.794279999 -0.89440793151 -5.69003469174 5.07277731786
2023-12-28T12:22:00.000000 1672.333281568 3842.702211701 5304.286959592 -1.02579817569 -6.00037662016 4.67323936010
2023-12-28T12:23:00.000000 1606.962588195 3474.064451326 5572.153332903 -1.15237343260 -6.28278252697 4.25222106224
2023-12-28T12:24:00.000000 1534.156362092 3089.352571545 5814.163196143 -1.27355497181 -6.53597991411 3.81169088838
2023-12-28T12:25:00.000000 1454.254928110 2690.353817813 6029.206992042 -1.38879065231 -6.75883425097 3.35370069969
2023-12-28T12:26:00.000000 1367.630888696 2278.919270313 6216.300526249 -1.49755709297 -6.95035291890 2.88037500650
2023-12-28T12:27:00.000000 1274.687339318 1856.955247028 6374.588979843 -1.59936149255 -7.10968743501 2.39390051513
2023-12-28T12:28:00.000000 1175.855980107 1426.414617447 6503.350379488 -1.69374352341 -7.23613493983 1.89651691092
2023-12-28T12:29:00.000000 1071.595105455 989.288000193 6601.998484624 -1.78027731708 -7.32914017536 1.39050815740
2023-12-28T12:30:00.000000 962.387487352 547.594849973 6670.085210985 -1.85857307228 -7.38829774037 0.87819301657
2023-12-28T12:31:00.000000 848.738177789 103.374409046 6707.302374690 -1.92827802140 -7.41335344252 0.36191485295
2023-12-28T12:32:00.000000 731.172265354 -341.323367729 6713.482895871 -1.98907726719 -7.40420443421 -0.15596813775
2023-12-28T12:33:00.000000 610.232561046 -784.446892694 6688.601389954 -2.04069514517 -7.36089898760 -0.67309185650
2023-12-28T12:34:00.000000 486.477196759 -1223.952003759 6632.774285270 -2.08289697995 -7.28363644722 -1.18709534772
2023-12-28T12:35:00.000000 360.477120425 -1657.811025910 6546.259329561 -2.11549041145 -7.17276685978 -1.69563060124
2023-12-28T12:36:00.000000 232.813536110 -2084.021778596 6429.454502114 -2.13832585810 -7.02878977451 -2.19637255649
2023-12-28T12:37:00.000000 104.075339158 -2500.616497781 6282.896367813 -2.15129665364 -6.85235251792 -2.68702859038
2023-12-28T12:38:00.000000 -25.143476264 -2905.670647653 6107.257840051 -2.15433963218 -6.64424843572 -3.16534785564
2023-12-28T12:39:00.000000 -154.246456234 -3297.311622660 5903.345383808 -2.14743608414 -6.40541462588 -3.62913130197
2023-12-28T12:40:00.000000 -282.637372693 -3673.727263625 5672.095586211 -2.13061233541 -6.13692832269 -4.07624208404
2023-12-28T12:41:00.000000 -409.722926869 -4033.174135404 5414.571140449 -2.10393959558 -5.84000210774 -4.50461516403
2023-12-28T12:42:00.000000 -534.915427630 -4373.985494614 5131.956275313 -2.06753352711 -5.51597908723 -4.91226567922
2023-12-28T12:43:00.000000 -657.635453659 -4694.578997618 4825.551706346 -2.02155409851 -5.16632866263 -5.29729710489
2023-12-28T12:44:00.000000 -777.314509325 -4993.464136936 4496.769058352 -1.96620560261 -4.79264215268 -5.65791040591
2023-12-28T12:45:00.000000 -893.397680419 -5269.249410946 4147.124727233 -1.90173627468 -4.39662707772 -5.99241410847
2023-12-28T12:46:00.000000 -1005.346239899 -5520.649070330 3778.233121435 -1.82843723081 -3.98009962698 -6.29923413374
2023-12-28T12:47:00.000000 -1112.640179096 -5746.489380588 3391.799357473 -1.74664106356 -3.54497587491 -6.57692231679
2023-12-28T12:48:00.000000 -1214.780655233 -5945.714333861 2989.611478658 -1.65672056775 -3.09326269850 -6.82416346329
2023-12-28T12:49:00.000000 -1311.292373008 -6117.390842057 2573.532296969 -1.55908763158 -2.62704888665 -7.03978168034
2023-12-28T12:50:00.000000 -1401.725890478 -6260.713378371 2145.490839605 -1.45419187216 -2.14849617210 -7.22274680431
2023-12-28T12:51:00.000000 -1485.659825276 -6375.008067523 1707.473407180 -1.34251858858 -1.65982939612 -7.37218085836
2023-12-28T12:52:00.000000 -1562.702917359 -6459.736140026 1261.514271933 -1.22458611941 -1.16332559423 -7.48736354921
2023-12-28T12:53:00.000000 -1632.495930751 -6514.496737371 809.686091524 -1.10094314732 -0.66130276565 -7.56773622131
2023-12-28T12:54:00.000000 -1694.713400419 -6539.029037783 354.090115826 -0.97216631760 -0.15610895898 -7.61290500177
2023-12-28T12:55:00.000000 -1749.065240265 -6533.213725559 -103.153800983 -0.83885779463 0.34988902534 -7.62264407179
2023-12-28T12:56:00.000000 -1795.298180216 -6497.073734594 -559.917363366 -0.70164207757 0.85431837341 -7.59689831102
2023-12-28T12:57:00.000000 -1833.196994986 -6430.774212659 -1014.074106933 -0.56116213549 1.35481374974 -7.53578364305
2023-12-28T12:58:00.000000 -1862.585498811 -6334.621693528 -1463.509608227 -0.41807575736 1.84902955611 -7.43958499468
2023-12-28T12:59:00.000000 -1883.327346645 -6209.062592351 -1906.131549317 -0.27305271042 2.33465045069 -7.30875396526
2023-12-28T13:00:00.000000 -1895.326669886 -6054.681063239 -2339.879665420 -0.12677209005 2.80940208695 -7.14390735036
2023-12-28T13:01:00.000000 -1898.528544769 -5872.196190209 -2762.735608318 0.02008108219 3.27106345625 -6.94582489490
2023-12-28T13:02:00.000000 -1892.919226412 -5662.458405928 -3172.732587593 0.16681993422 3.71747931211 -6.71544430147
2023-12-28T13:03:00.000000 -1878.526142573 -5426.445226357 -3567.964644551 0.31275947856 4.14657036741 -6.45385451135
2023-12-28T13:04:00.000000 -1855.417683463 -5165.256419843 -3946.595537513 0.45721962953 4.55634184919 -6.16228974641
2023-12-28T13:05:00.000000 -1823.702824888 -4880.108682769 -4306.867308405 0.59952825002 4.94489282543 -5.84212416034
2023-12-28T13:06:00.000000 -1783.530544097 -4572.329698744 -4647.108473029 0.73902478523 5.31042647024 -5.49486451677
2023-12-28T13:07:00.000000 -1735.089013644 -4243.351618347 -4965.741681598 0.87506377748 5.65125850118 -5.12214016302
2023-12-28T13:08:00.000000 -1678.604613947 -3894.704126366 -5261.290770371 1.00701731574 5.96582242957 -4.72569319143
2023-12-28T13:09:00.000000 -1614.340831119 -3528.007260012 -5532.387294680 1.13427678893 6.25267392506 -4.30737105110
2023-12-28T13:10:00.000000 -1542.597036024 -3144.963910981 -5777.776660750 1.25625522314 6.51049701997 -3.86912017432
2023-12-28T13:11:00.000000 -1463.707084184 -2747.351886144 -5996.323827839 1.37239061791 6.73811143450 -3.41297754975
2023-12-28T13:12:00.000000 -1378.037716830 -2337.015585413 -6187.018421009 1.48214929079 6.93447843687 -2.94105988502
2023-12-28T13:13:00.000000 -1285.986784895 -1915.857391102 -6348.979178018 1.58502825430 7.09870448177 -2.45555237530
2023-12-28T13:14:00.000000 -1187.981357008 -1485.828879064 -6481.457739808 1.68055680914 7.23004389107 -1.95869819546
2023-12-28T13:15:00.000000 -1084.475736218 -1048.921869791 -6583.841820100 1.76829813222 7.32790107057 -1.45278817717
2023-12-28T13:16:00.000000 -975.949374728 -607.159385428 -6655.657755703 1.84785101851 7.39183162366 -0.94015075715
2023-12-28T13:17:00.000000 -862.904689791 -162.586562982 -6696.572490751 1.91885138875 7.42154287575 -0.42314302211
2023-12-28T13:18:00.000000 -745.864801210 282.738481194 -6706.395050434 1.98097340834 7.41689537270 0.09585769238
2023-12-28T13:19:00.000000 -625.371204922 726.753923816 -6685.077463213 2.03393057682 7.37790519243 0.61446369219
2023-12-28T13:20:00.000000 -501.981373353 1167.403595058 -6632.715036362 2.07747708874 7.30474464775 1.13028870596
2023-12-28T13:21:00.000000 -376.266268752 1602.646302693 -6549.545922380 2.11140932614 7.19774019985 1.64095923792
2023-12-28T13:22:00.000000 -248.807772455 2030.464993282 -6435.950069484 2.13556712113 7.05736952321 2.14412363100
2023-12-28T13:23:00.000000 -120.196051118 2448.875770488 -6292.447669720 2.14983455937 6.88426006223 2.63746018748
2023-12-28T13:24:00.000000 8.973111763 2855.936861437 -6119.697084767 2.15414036141 6.67918842565 3.11868660466
2023-12-28T13:25:00.000000 138.101001400 3249.757520384 -5918.492164391 2.14845813361 6.44307854124 3.58557066414
2023-12-28T13:26:00.000000 266.588675539 3628.506781927 -5689.758935150 2.13280682571 6.17699825402 4.03594046353
2023-12-28T13:27:00.000000 393.839706410 3990.421976424 -5434.551686308 2.10725135569 5.88215578888 4.46769407132
2023-12-28T13:28:00.000000 519.262947730 4333.817049012 -5154.048462918 2.07190286477 5.55989617131 4.87881001984
2023-12-28T13:29:00.000000 642.275297051 4657.090622845 -4849.545898863 2.02691821482 5.21169602915 5.26735861842
2023-12-28T13:30:00.000000 762.304414279 4958.733699246 -4522.453403932 1.97249910056 4.83915626479 5.63151205570
2023-12-28T13:31:00.000000 878.791389957 5237.336857983 -4174.286791715 1.90889153390 4.44399443511 5.96955238860
2023-12-28T13:32:00.000000 991.193405905 5491.597075573 -3806.661474031 1.83638575736 4.02803808161 6.27987914489
2023-12-28T13:33:00.000000 1098.986367039 5720.324088253 -3421.285136855 1.75531566133 3.59321779915 6.56101834691
2023-12-28T13:34:00.000000 1201.667486795 5922.446367834 -3019.949881134 1.66605699819 3.14155829808 6.81163184283
2023-12-28T13:35:00.000000 1298.757711329 6097.016417309 -2604.523826495 1.56902481396 2.67516802622 7.03052469396
2023-12-28T13:36:00.000000 1389.804012762 6243.215524381 -2176.942359045 1.46467118088 2.19622940451 7.21665071774
2023-12-28T13:37:00.000000 1474.381552279 6360.357890256 -1739.199017716 1.35348362021 1.70698972046 7.36911831568
2023-12-28T13:38:00.000000 1552.095774804 6447.894269297 -1293.336045626 1.23598353840 1.20975052161 7.48719717355
2023-12-28T13:39:00.000000 1622.584366731 6505.414798557 -841.434513859 1.11272391181 0.70685460158 7.57032376740
2023-12-28T13:40:00.000000 1685.519066326 6532.651090107 -385.604235605 0.98428620167 0.20067249215 7.61810403752
2023-12-28T13:41:00.000000 1740.607266519 6529.477501242 72.026457261 0.85127698057 -0.30640934259 7.63031443708
2023-12-28T13:42:00.000000 1787.593426213 6495.911806073 529.320953388 0.71432450714 -0.81199941377 7.60690336832
2023-12-28T13:43:00.000000 1826.260262301 6432.115107409 984.144757095 0.57407529929 -1.31371335988 7.54799285744
2023-12-28T13:44:00.000000 1856.429748285 6338.391016823 1434.375901905 0.43119074677 -1.80918784913 7.45387833174
2023-12-28T13:45:00.000000 1877.963900586 6215.183958496 1877.915283083 0.28634388342 -2.29609429533 7.32502566377
2023-12-28T13:46:00.000000 1890.765392999 6063.076735285 2312.696748360 0.14021615961 -2.77215088427 7.16206670817
2023-12-28T13:47:00.000000 1894.777949027 5882.787382188 2736.696922753 -0.00650604044 -3.23513316967 6.96579472960
2023-12-28T13:48:00.000000 1889.986534202 5675.165434846 3147.944753037 -0.15313503674 -3.68288412138 6.73715961474
2023-12-28T13:49:00.000000 1876.417323613 5441.187570642 3544.530740163 -0.29898527575 -4.11332387351 6.47726250846
2023-12-28T13:50:00.000000 1854.137486512 5181.952718976 3924.615851115 -0.44337650383 -4.52445930548 6.18734992250
2023-12-28T13:51:00.000000 1823.254764697 4898.676543847 4286.440039709 -0.58563704808 -4.91439373549 5.86880715833
2023-12-28T13:52:00.000000 1783.916857149 4592.685385794 4628.330348105 -0.72510730287 -5.28133627272 5.52315031885
2023-12-28T13:53:00.000000 1736.310592417 4265.409655816 4948.708476974 -0.86114296613 -5.62360961050 5.15201716635
2023-12-28T13:54:00.000000 1680.660932027 3918.376849799 5246.097820315 -0.99311775687 -5.93965621685 4.75715813688
2023-12-28T13:55:00.000000 1617.229808409 3553.204166719 5519.129966711 -1.12042598698 -6.22804440391 4.34042796709
2023-12-28T13:56:00.000000 1546.314807738 3171.590768239 5766.550692027 -1.24248538883 -6.48747483556 3.90377633811
2023-12-28T13:57:00.000000 1468.247679882 2775.309672626 5987.225320762 -1.35873982644 -6.71678561146 3.44923678812
2023-12-28T13:58:00.000000 1383.392706781 2366.199426113 6180.143437666 -1.46866134348 -6.91495453098 2.97891599852
2023-12-28T13:59:00.000000 1292.144960632 1946.155686295 6344.423008802 -1.57175183246 -7.08110043742 2.49498563779
2023-12-28T14:00:00.000000 1194.928454549 1517.122667754 6479.314082209 -1.66754506634 -7.21448652914 1.99967516622
2023-12-28T14:01:00.000000 1092.194163430 1081.084355965 6584.201953789 -1.75560894509 -7.31452497698 1.49526205993
2023-12-28T14:02:00.000000 984.417922516 640.055453146 6658.609723854 -1.83554697085 -7.38077939750 0.98405962561
2023-12-28T14:03:00.000000 872.098275643 196.072321688 6702.200072388 -1.90699878517 -7.41296414087 0.46840606520
2023-12-28T14:04:00.000000 755.754286575 -248.816035663 6714.776532578 -1.96964097791 -7.41094345615 -0.04934333584
2023-12-28T14:05:00.000000 635.923267904 -692.556990630 6696.284258298 -2.02318905853 -7.37473267987 -0.56682378273
2023-12-28T14:06:00.000000 513.158376063 -1133.103413486 6646.810346598 -2.06739969268 -7.30449972830 -1.08167118893
2023-12-28T14:07:00.000000 388.026103689 -1568.422805238 6566.583430714 -2.10207179437 -7.20056410179 -1.59153360520
2023-12-28T14:08:00.000000 261.103737556 -1996.506325107 6455.972642014 -2.12704655690 -7.06339446421 -2.09408086264
2023-12-28T14:09:00.000000 132.976818557 -2415.377688926 6315.486060434 -2.14220768311 -6.89360713797 -2.58701273236
2023-12-28T14:10:00.000000 4.236573102 -2823.101997751 6145.768671108 -2.14748234988 -6.69196537880 -3.06806820786
2023-12-28T14:11:00.000000 -124.522735879 -3217.794512067 5947.599663824 -2.14284212532 -6.45937717887 -3.53503627970
2023-12-28T14:12:00.000000 -252.706478169 -3597.629211272 5721.889130956 -2.12830323656 -6.19689114890 -3.98576617737
2023-12-28T14:13:00.000000 -379.722338120 -3960.847102604 5469.674171893 -2.10392653691 -5.90569219077 -4.41817620591
2023-12-28T14:14:00.000000 -504.982988428 -4305.764278165 5192.114513598 -2.06981758974 -5.58709770711 -4.83026261674
2023-12-28T14:15:00.000000 -627.908778822 -4630.779745914 4890.487516328 -2.02612660747 -5.24255323099 -5.22010933857
2023-12-28T14:16:00.000000 -747.930398445 -4934.382949213 4566.182635349 -1.97304793825 -4.87362671659 -5.58589761235
2023-12-28T14:17:00.000000 -864.491505080 -5215.160918315 4220.695301081 -1.91081938592 -4.48200217217 -5.92591480955
2023-12-28T14:18:00.000000 -977.051312290 -5471.805046568 3855.620318817 -1.83972160633 -4.06947294105 -6.23856295030
2023-12-28T14:19:00.000000 -1085.087139631 -5703.117417134 3472.644713359 -1.76007727048 -3.63793413301 -6.52236710916
2023-12-28T14:20:00.000000 -1188.096894493 -5908.016667421 3073.540123928 -1.67224972754 -3.18937428149 -6.77598308654
2023-12-28T14:21:00.000000 -1285.601468420 -6085.543330187 2660.154730392 -1.57664152086 -2.72586691150 -6.99820456407
2023-12-28T14:22:00.000000 -1377.147046158 -6234.864688003 2234.404784364 -1.47369297031 -2.24956137474 -7.18797058966
2023-12-28T14:23:00.000000 -1462.307320309 -6355.278978253 1798.265643934 -1.36388028997 -1.76267173810 -7.34437260511
2023-12-28T14:24:00.000000 -1540.685563995 -6446.218921146 1353.762494052 -1.24771277800 -1.26746467421 -7.46665896490
2023-12-28T14:25:00.000000 -1611.916525452 -6507.254547080 902.960838030 -1.12572978628 -0.76624912856 -7.55423728022
2023-12-28T14:26:00.000000 -1675.668154382 -6538.095482153 447.956888240 -0.99849845880 -0.26136768768 -7.60667768357
2023-12-28T14:27:00.000000 -1731.643222488 -6538.592661218 -9.132370292 -0.86661203093 0.24481391452 -7.62371817141
2023-12-28T14:28:00.000000 -1779.580820481 -6508.739301910 -466.179376650 -0.73068735889 0.74992119926 -7.60526855342
2023-12-28T14:29:00.000000 -1819.257665348 -6448.670979860 -921.056303714 -0.59136119597 1.25158591045 -7.55140986016
2023-12-28T14:30:00.000000 -1850.489177636 -6358.664875487 -1371.645248166 -0.44928616052 1.74745740094 -7.46239118749
2023-12-28T14:31:00.000000 -1873.130322439 -6239.138463018 -1815.848248452 -0.30512734582 2.23521154802 -7.33862823471
2023-12-28T14:32:00.000000 -1887.076273420 -6090.647608781 -2251.597294169 -0.15955941684 2.71256148614 -7.18070353473
2023-12-28T14:33:00.000000 -1892.262891657 -5913.883930337 -2676.864283611 -0.01326354522 3.17727129403 -6.98936467258
2023-12-28T14:34:00.000000 -1888.667026073 -5709.671339135 -3089.670809555 0.13307592460 3.62716923928 -6.76551879034
2023-12-28T14:35:00.000000 -1876.306592981 -5478.961856171 -3488.097496049 0.27877490311 4.06015822138 -6.51022567931
2023-12-28T14:36:00.000000 -1855.240459229 -5222.830868335 -3870.292982811 0.42315309772 4.47422465699 -6.22469170464
2023-12-28T14:37:00.000000 -1825.568099019 -4942.471834101 -4234.482532929 0.56553778368 4.86744767089 -5.91026378007
2023-12-28T14:38:00.000000 -1787.429033565 -4639.190469039 -4578.976271739 0.70526748575 5.23800812447 -5.56842192397
2023-12-28T14:39:00.000000 -1741.002053804 -4314.398381833 -4902.176902168 0.84169509619 5.58419630747 -5.20077086709
2023-12-28T14:40:00.000000 -1686.504281702 -3969.606312663 -5202.586947079 0.97419042434 5.90441870177 -4.80903183910
2023-12-28T14:41:00.000000 -1624.190081525 -3606.416952087 -5478.815487611 1.10214254723 6.19720470393 -4.39503436350
2023-12-28T14:42:00.000000 -1554.349839905 -3226.517387831 -5729.584416294 1.22496222860 6.46121310056 -3.96070731367
2023-12-28T14:43:00.000000 -1477.308582122 -2831.671151600 -5953.734094761 1.34208439560 6.69523756173 -3.50806941591
2023-12-28T14:44:00.000000 -1393.424451268 -2423.709993928 -6150.228465937 1.45297062923 6.89821121441 -3.03921970536
2023-12-28T14:45:00.000000 -1303.087031819 -2004.525389263 -6318.159576634 1.55711165968 7.06921059868 -2.55632788144
2023-12-28T14:46:00.000000 -1206.715531370 -1576.059842256 -6456.751540941 1.65402982865 7.20745887345 -2.06162437444
2023-12-28T14:47:00.000000 -1104.756808302 -1140.298004057 -6565.363865549 1.74328139904 7.31232819375 -1.55739044027
2023-12-28T14:48:00.000000 -997.683278105 -699.257677853 -6643.494214187 1.82445849364 7.38334169709 -1.04594838290
2023-12-28T14:49:00.000000 -885.990718497 -254.980701419 -6690.780562598 1.89719037892 7.42017529759 -0.52965156935
2023-12-28T14:50:00.000000 -770.196020879 190.476255547 -6707.002780570 1.96114412297 7.42265892204 -0.01087420219
2023-12-28T14:51:00.000000 -650.834902100 635.050956106 -6692.083555900 2.01602527462 7.39077704410 0.50799866026
2023-12-28T14:52:00.000000 -528.459558879 1076.684871231 -6646.088763912 2.06157926157 7.32466879250 1.02458089927
2023-12-28T14:53:00.000000 -403.636218444 1513.332448098 -6569.227214938 2.09759330768 7.22462748763 1.53649545048
2023-12-28T14:54:00.000000 -276.942580470 1942.970328289 -6461.849835014 2.12389789485 7.09109918963 2.04138449373
2023-12-28T14:55:00.000000 -148.965203567 2363.606448612 -6324.448193465 2.14036731855 6.92468076854 2.53691885934
2023-12-28T14:56:00.000000 -20.296866961 2773.289047164 -6157.652532353 2.14692002064 6.72611849334 3.02080703116
2023-12-28T14:57:00.000000 108.466100548 3170.115580991 -5962.229190512 2.14351933872 6.49630671701 3.49080516483
2023-12-28T14:58:00.000000 236.726536224 3552.241558595 -5739.077456556 2.13017429703 6.23628503038 3.94472816333
2023-12-28T14:59:00.000000 363.889195917 3917.889101400 -5489.225684755 2.10693974985 5.94723374302 4.38046000417
2023-12-28T15:00:00.000000 489.363493035 4265.355263764 -5213.826901495 2.07391607334 5.63046953606 4.79596277042
2023-12-28T15:01:00.000000 612.566227564 4593.020091912 -4914.153805193 2.03124906357 5.28744189312 5.18928627311
2023-12-28T15:02:00.000000 732.924309148 4899.354484230 -4591.593222734 1.97912996197 4.91972805340 5.55857950691
2023-12-28T15:03:00.000000 849.877474497 5182.927595901 -4247.639759714 1.91779488294 4.52902480278 5.90210179887
2023-12-28T15:04:00.000000 962.880940675 5442.413738580 -3883.888954408 1.84752348430 4.11713878025 6.21823094276
2023-12-28T15:05:00.000000 1071.407975781 5676.598704091 -3502.029959826 1.76863762504 3.68597857040 6.50546900601
2023-12-28T15:06:00.000000 1174.952403646 5884.385710947 -3103.837925759 1.68150052386 3.23754857736 6.76244905826
2023-12-28T15:07:00.000000 1273.031064145 6064.800943873 -2691.165866463 1.58651600912 2.77394178613 6.98794431918
2023-12-28T15:08:00.000000 1365.186210358 6216.998565222 -2265.935949822 1.48412698697 2.29732912739 7.18087770871
2023-12-28T15:09:00.000000 1450.987777649 6340.265003428 -1830.130295029 1.37481281521 1.80994637475 7.34032878961
2023-12-28T15:10:00.000000 1530.035477320 6434.022459121 -1385.781457949 1.25908612446 1.31408150705 7.46553710912
2023-12-28T15:11:00.000000 1601.960704804 6497.831720944 -934.962783754 1.13749003562 0.81206473057 7.55590384294
2023-12-28T15:12:00.000000 1666.428310267 6531.394458750 -479.778621618 1.01059626215 0.30626032117 7.61099499634
2023-12-28T15:13:00.000000 1723.138260013 6534.554969589 -22.354276821 0.87900340858 -0.20094347252 7.63054730498
2023-12-28T15:14:00.000000 1771.827178116 6507.301208384 435.174420295 0.74333417334 -0.70714917870 7.61447382014
2023-12-28T15:15:00.000000 1812.269671386 6449.764827927 890.671751902 0.60423103402 -1.20996743752 7.56286464119
2023-12-28T15:16:00.000000 1844.279369934 6362.220221256 1342.012607740 0.46235164668 -1.70703161692 7.47598258411
2023-12-28T15:17:00.000000 1867.709725249 6245.082823940 1787.092709039 0.31836533356 -2.19600789080 7.35425845575
2023-12-28T15:18:00.000000 1882.454632262 6098.906900239 2223.838602885 0.17295034726 -2.67460456733 7.19828879898
2023-12-28T15:19:00.000000 1888.448870531 5924.382663673 2650.217550262 0.02679062584 -3.14058383860 7.00883360604
2023-12-28T15:20:00.000000 1885.668326340 5722.332678499 3064.247184395 -0.11942823335 -3.59177376004 6.78681090684
2023-12-28T15:21:00.000000 1874.129973518 5493.707599511 3464.004800225 -0.26502274927 -4.02607742097 6.53329027393
2023-12-28T15:22:00.000000 1853.891654938 5239.581443606 3847.636292964 -0.40931459070 -4.44148136951 6.24948816433
2023-12-28T15:23:00.000000 1825.051689121 4961.146269575 4213.364835367 -0.55163343747 -4.83606691102 5.93676312891
2023-12-28T15:24:00.000000 1787.748296629 4659.706098803 4559.499156341 -0.69132004691 -5.20802207896 5.59660650201
2023-12-28T15:25:00.000000 1742.158847112 4336.670271633 4884.441145765 -0.82772908331 -5.55564879929 5.23063030694
2023-12-28T15:26:00.000000 1688.498947759 3993.546521402 5186.692806053 -0.96023171203 -5.87736559466 4.84055832590
2023-12-28T15:27:00.000000 1627.021367282 3631.933887609 5464.862778922 -1.08821880455 -6.17171220533 4.42822119819
2023-12-28T15:28:00.000000 1558.014731962 3253.515157300 5717.672596611 -1.21110475682 -6.43735842227 3.99554931571
2023-12-28T15:29:00.000000 1481.802021341 2860.048830187 5943.962302666 -1.32833040099 -6.67311162058 3.54456038324
2023-12-28T15:30:00.000000 1398.738941427 2453.360773633 6142.695304725 -1.43936409624 -6.87791892293 3.07734679585
2023-12-28T15:31:00.000000 1309.212256956 2035.335824908 6312.962571525 -1.54370245206 -7.05086782511 2.59606776636
2023-12-28T15:32:00.000000 1213.638034317 1607.909261856 6453.986485103 -1.64087257525 -7.19119037135 2.10294282207
2023-12-28T15:33:00.000000 1112.459721046 1173.057968397 6565.124149973 -1.73043518391 -7.29826843002 1.60024110003
2023-12-28T15:34:00.000000 1006.146061757 732.791381382 6645.869975439 -1.81198651254 -7.37163489515 1.09026818333
2023-12-28T15:35:00.000000 895.188947767 289.142478156 6695.857540508 -1.88515869334 -7.41097160990 0.57535642727
2023-12-28T15:36:00.000000 780.101251069 -155.841135772 6714.861022292 -1.94962052661 -7.41610953124 0.05785885003
2023-12-28T15:37:00.000000 661.414566225 -600.106255562 6702.796199206 -2.00507958365 -7.38703185510 -0.45985900487
2023-12-28T15:38:00.000000 539.676814978 -1041.603288381 6659.720863531 -2.05128428376 -7.32387561614 -0.97543111570
2023-12-28T15:39:00.000000 415.449767506 -1478.295431651 6585.834488688 -2.08802457518 -7.22692941452 -1.48650260040
2023-12-28T15:40:00.000000 289.306553348 -1908.167670512 6481.477302274 -2.11513198843 -7.09663077243 -1.99073795363
2023-12-28T15:41:00.000000 161.829136515 -2329.235699775 6347.128852972 -2.13248051884 -6.93356588869 -2.48582874678
2023-12-28T15:42:00.000000 33.605736803 -2739.554848784 6183.406184185 -2.13998819830 -6.73846946268 -2.96950416593
2023-12-28T15:43:00.000000 -94.771860418 -3137.228913762 5991.061125824 -2.13761800634 -6.51222162495 -3.43954284719
2023-12-28T15:44:00.000000 -222.710990054 -3520.418735542 5770.977062585 -2.12537763117 -6.25584287255 -3.89378307157
2023-12-28T15:45:00.000000 -349.620777039 -3887.350478314 5524.165055992 -2.10331877429 -5.97048952897 -4.33013099491
2023-12-28T15:46:00.000000 -474.914750840 -4236.323669176 5251.759598520 -2.07153672967 -5.65745001729 -4.74656870428
2023-12-28T15:47:00.000000 -598.013469215 -4565.719007368 4955.013747602 -2.03017039287 -5.31814106499 -5.14116263735
2023-12-28T15:48:00.000000 -718.347137817 -4874.005949522 4635.293835903 -1.97940247311 -4.95410354859 -5.51207245632
2023-12-28T15:49:00.000000 -835.358236813 -5159.749991241 4294.073555970 -1.91945952145 -4.56699761728 -5.85756099342
2023-12-28T15:50:00.000000 -948.504146020 -5421.619672747 3932.927488515 -1.85061128342 -4.15859575178 -6.17600490781
2023-12-28T15:51:00.000000 -1057.259689135 -5658.393010593 3553.523949757 -1.77316931924 -3.73077353329 -6.46590391489
2023-12-28T15:52:00.000000 -1161.119602198 -5868.963421843 3157.617421528 -1.68748551748 -3.28550027087 -6.72588745637
2023-12-28T15:53:00.000000 -1259.600910303 -6052.345072497 2747.040559622 -1.59395091568 -2.82483099913 -6.95472061612
2023-12-28T15:54:00.000000 -1352.245247762 -6207.677826137 2323.695898779 -1.49299432596 -2.35089836952 -7.15131104886
2023-12-28T15:55:00.000000 -1438.621057514 -6334.231579255 1889.547047947 -1.38508026840 -1.86590284722 -7.31471584378
2023-12-28T15:56:00.000000 -1518.325669576 -6431.410034515 1446.609584718 -1.27070671352 -1.37210207527 -7.44414669585
2023-12-28T15:57:00.000000 -1590.987248522 -6498.753797827 996.941619566 -1.15040342541 -0.87180092874 -7.53897435403
2023-12-28T15:58:00.000000 -1656.266667629 -6535.942951911 542.634134739 -1.02473044949 -0.36734103942 -7.59873392830
2023-12-28T15:59:00.000000 -1713.859248288 -6542.798851582 85.800933165 -0.89427556091 0.13891202541 -7.62312991792
2023-12-28T16:00:00.000000 -1763.496317777 -6519.285152953 -371.431588141 -0.75965047113 0.64458311675 -7.61203830882
2023-12-28T16:01:00.000000 -1804.946524283 -6465.507959624 -826.934730962 -0.62148690936 1.14730068211 -7.56550575927
2023-12-28T16:02:00.000000 -1838.016936083 -6381.715286436 -1278.587665320 -0.48043326623 1.64470824802 -7.48374804854
2023-12-28T16:03:00.000000 -1862.553945009 -6268.295798599 -1724.287556171 -0.33715139910 2.13447554830 -7.36714882118
2023-12-28T16:04:00.000000 -1878.443970710 -6125.776915450 -2161.959574560 -0.19231306420 2.61430981436 -7.21625755881
2023-12-28T16:05:00.000000 -1885.613942960 -5954.822213199 -2589.566762723 -0.04659633688 3.08196650773 -7.03178660122
2023-12-28T16:06:00.000000 -1884.031587488 -5756.228244781 -3005.119707587 0.09931755242 3.53525993873 -6.81460788049
2023-12-28T16:07:00.000000 -1873.705523134 -5530.920644554 -3406.686003867 0.24474720916 3.97207485139 -6.56574890214
2023-12-28T16:08:00.000000 -1854.685177160 -5279.949557632 -3792.399412585 0.38901436214 4.39037815696 -6.28638647624
2023-12-28T16:09:00.000000 -1827.060490943 -5004.484390394 -4160.468585523 0.53144729308 4.78822861059 -5.97783874480
2023-12-28T16:10:00.000000 -1790.961433623 -4705.808088217 -4509.185308253 0.67138405172 5.16378436199 -5.64155756543
2023-12-28T16:11:00.000000 -1746.557321857 -4385.310936264 -4836.932322386 0.80817546627 5.51531045102 -5.27912183909
2023-12-28T16:12:00.000000 -1694.055964130 -4044.483906764 -5142.190732989 0.94118820606 5.84118703524 -4.89222996895
2023-12-28T16:13:00.000000 -1633.702614088 -3684.911513887 -5423.546904687 1.06980784088 6.13991683823 -4.48269074140
2023-12-28T16:14:00.000000 -1565.778754322 -3308.264287228 -5679.698807097 1.19344171840 6.41013101140 -4.05241386095
2023-12-28T16:15:00.000000 -1490.600704817 -2916.290899627 -5909.461789708 1.31152162506 6.65059443975 -3.60340082490
2023-12-28T16:16:00.000000 -1408.518086885 -2510.809990320 -6111.773806164 1.42350612991 6.86021086459 -3.13773514652
2023-12-28T16:17:00.000000 -1319.912154148 -2093.701705149 -6285.700016814 1.52888241162 7.03802668214 -2.65757198961
2023-12-28T16:18:00.000000 -1225.194035919 -1666.899068936 -6430.436806325 1.62716782284 7.18323337984 -2.16512873307
2023-12-28T16:19:00.000000 -1124.802865779 -1232.379195564 -6545.315257571 1.71791187717 7.29517035531 -1.66267662100
2023-12-28T16:20:00.000000 -1019.203778707 -792.154304880 -6629.804114047 1.80069875704 7.37332851729 -1.15253123560
2023-12-28T16:21:00.000000 -908.885763719 -348.262557747 -6683.512094940 1.87514945739 7.41735256544 -0.63704100037
2023-12-28T16:22:00.000000 -794.359414095 97.241186661 -6706.189530526 1.94092293745 7.42704092806 -0.11857603309
2023-12-28T16:23:00.000000 -676.154629154 542.294570089 -6697.729374637 1.99771686257 7.40234530493 0.40048097518
2023-12-28T16:24:00.000000 -554.818258013 984.836956107 -6658.167707360 2.04526878082 7.34337142182 0.91774355331
2023-12-28T16:25:00.000000 -430.911666807 1422.818679425 -6587.683647940 2.08335752767 7.25037952697 1.43083176378
2023-12-28T16:26:00.000000 -305.008225369 1854.210306573 -6486.598657441 2.11180418483 7.12378310136 1.93738271158
2023-12-28T16:27:00.000000 -177.690756253 2277.011756326 -6355.375226553 2.13047274940 6.96414702888 2.43505956768
2023-12-28T16:28:00.000000 -49.548927102 2689.261370869 -6194.615059119 2.13927121544 6.77218688744 2.92156051357
2023-12-28T16:29:00.000000 78.823422759 3089.044908805 -6005.056638494 2.13815284635 6.54876782213 3.39462976524
2023-12-28T16:30:00.000000 206.831028274 3474.504456237 -5787.572124834 2.12711670965 6.29490088657 3.85206934813
2023-12-28T16:31:00.000000 333.879932346 3843.846999706 -5543.163566137 2.10620731587 6.01173784116 4.29174890447
2023-12-28T16:32:00.000000 459.380204219 4195.352758321 -5272.958604837 2.07551430975 5.70056717856 4.71161395195
2023-12-28T16:33:00.000000 582.748647038 4527.383267298 -4978.205629204 2.03517267985 5.36281102130 5.10969543519
2023-12-28T16:34:00.000000 703.411531255 4838.389304183 -4660.268342442 1.98536284293 5.00002021396 5.48412091902
2023-12-28T16:35:00.000000 820.807297934 5126.918365185 -4320.619622724 1.92630996381 4.61386687067 5.83312501960
2023-12-28T16:36:00.000000 934.389214272 5391.621715093 -3960.834844953 1.85828286870 4.20613635027 6.15505800125
2023-12-28T16:37:00.000000 1043.627960682 5631.260942562 -3582.584694555 1.78159304944 3.77871965060 6.44839388862
2023-12-28T16:38:00.000000 1148.014161364 5844.714059048 -3187.627490836 1.69659363699 3.33360520662 6.71173881914
2023-12-28T16:39:00.000000 1247.060846347 6030.981088732 -2777.801033248 1.60367801215 2.87286965620 6.94383872029
2023-12-28T16:40:00.000000 1340.305812978 6189.189057503 -2355.013996583 1.50327811393 2.39866837463 7.14358612051
2023-12-28T16:41:00.000000 1427.313884583 6318.596427593 -1921.236937251 1.39586254827 1.91322549003 7.31002693458
2023-12-28T16:42:00.000000 1507.679045012 6418.596881185 -1478.492894784 1.28193436550 1.41882235676 7.44236670995
2023-12-28T16:43:00.000000 1581.026435374 6488.722402547 -1028.847675776 1.16202856759 0.91778516646 7.53997486033
2023-12-28T16:44:00.000000 1647.014193863 6528.645596870 -574.399936229 1.03670971093 0.41247350361 7.60238742452
2023-12-28T16:45:00.000000 1705.335159179 6538.181370721 -117.271093295 0.90656951481 -0.09473070990 7.62931029526
2023-12-28T16:46:00.000000 1755.718412199 6517.287892209 340.404967930 0.77222382497 -0.60143604847 7.62062241288
2023-12-28T16:47:00.000000 1797.930617873 6466.066763081 796.492315568 0.63430872897 -1.10525578161 7.57637625267
2023-12-28T16:48:00.000000 1831.777108908 6384.762319406 1248.863314841 0.49347650586 -1.60382039105 7.49679553958
2023-12-28T16:49:00.000000 1857.102746088 6273.760287920 1695.408836941 0.35039188233 -2.09478802673 7.38227321589
2023-12-28T16:50:00.000000 1873.792553070 6133.585786411 2134.048377405 0.20572835253 -2.57585588431 7.23337024132
2023-12-28T16:51:00.000000 1881.772141152 5964.900626141 2562.740055998 0.06016464359 -3.04477329900 7.05081207402
2023-12-28T16:52:00.000000 1881.007934401 5768.499792892 2979.490287941 -0.08561781643 -3.49935295279 6.83548203216
2023-12-28T16:53:00.000000 1871.507281117 5545.307409414 3382.363076779 -0.23093660562 -3.93747884953 6.58841581306
2023-12-28T16:54:00.000000 1853.318431258 5296.372183199 3769.489081365 -0.37511116610 -4.35711527740 6.31079929947
2023-12-28T16:55:00.000000 1826.530298590 5022.862271549 4139.074540790 -0.51746814507 -4.75632008980 6.00396470434
2023-12-28T16:56:00.000000 1791.271823695 4726.059189087 4489.409762141 -0.65734717326 -5.13325785351 5.66937992103
2023-12-28T16:57:00.000000 1747.711097013 4407.351189717 4818.876840643 -0.79410391483 -5.48620683227 5.30863452937
2023-12-28T16:58:00.000000 1696.054371285 4068.226342969 5125.956650494 -0.92711036841 -5.81356115462 4.92342999095
2023-12-28T16:59:00.000000 1636.545084820 3710.265538585 5409.235360629 -1.05575582599 -6.11383506502 4.51557469243
2023-12-28T17:00:00.000000 1569.462705213 3335.134985941 5667.410720156 -1.17945050216 -6.38567096602 4.08697768726
2023-12-28T17:01:00.000000 1495.121347184 2944.578325379 5899.297773512 -1.29762993506 -6.62784646180 3.63963795345
2023-12-28T17:02:00.000000 1413.868169473 2540.408390892 6103.833925083 -1.40975747700 -6.83927762964 3.17563311497
2023-12-28T17:03:00.000000 1326.081668121 2124.498847576 6280.083356138 -1.51532514812 -7.01902167223 2.69711064176
2023-12-28T17:04:00.000000 1232.169929802 1698.775576559 6427.240985734 -1.61385500497 -7.16628138833 2.20627898330
2023-12-28T17:05:00.000000 1132.568756935 1265.207833067 6544.635784875 -1.70490150707 -7.28040847924 1.70539619771
2023-12-28T17:06:00.000000 1027.739660775 825.799302508 6631.733418347 -1.78805359654 -7.36090330815 1.19675890497
2023-12-28T17:07:00.000000 918.167746481 382.579217139 6688.138298318 -1.86293589188 -7.40741410660 0.68269461267
2023-12-28T17:08:00.000000 804.359545485 -62.406576356 6713.595252402 -1.92920989219 -7.41973936258 0.16555480472
2023-12-28T17:09:00.000000 686.840750002 -507.104738621 6707.990665938 -1.98657567661 -7.39783121723 -0.35229538037
2023-12-28T17:10:00.000000 566.153852662 -949.463673495 6671.352930276 -2.03477337898 -7.34179553385 -0.86848961337
2023-12-28T17:11:00.000000 442.855714278 -1387.442688332 6603.852189475 -2.07358397506 -7.25188915901 -1.38067038682
2023-12-28T17:12:00.000000 317.515094131 -1819.020991771 6505.799602154 -2.10283007520 -7.12851858118 -1.88649642524
2023-12-28T17:13:00.000000 190.710113937 -2242.206674236 6377.646057463 -2.12237721482 -6.97224075966 -2.38365191885
2023-12-28T17:14:00.000000 63.025646961 -2655.045766751 6219.980367060 -2.13213488806 -6.78376211218 -2.86985898979
2023-12-28T17:15:00.000000 -64.949321924 -3055.631036037 6033.526546299 -2.13205644282 -6.56393348724 -3.34288947463
2023-12-28T17:16:00.000000 -192.624303674 -3442.110485012 5819.140621442 -2.12213832666 -6.31374431180 -3.80057282033
2023-12-28T17:17:00.000000 -319.409884544 -3812.695548853 5577.806941422 -2.10241984612 -6.03431937458 -4.24080199800
2023-12-28T17:18:00.000000 -444.720303193 -4165.669179541 5310.634227466 -2.07298370974 -5.72691735104 -4.66154130627
2023-12-28T17:19:00.000000 -567.976081867 -4499.393803119 5018.850926316 -2.03395665502 -5.39292818384 -5.06083654369
2023-12-28T17:20:00.000000 -688.606673089 -4812.319067904 4703.800034518 -1.98550962789 -5.03386824782 -5.43682572119
2023-12-28T17:21:00.000000 -806.053108333 -5102.989235458 4366.933231070 -1.92785761213 -4.65137418386 -5.78774913322
2023-12-28T17:22:00.000000 -919.770629467 -5370.050210145 4009.804488670 -1.86125916933 -4.24719572150 -6.11195892723
2023-12-28T17:23:00.000000 -1029.231275529 -5612.256059524 3634.063060644 -1.78601543130 -3.82318738729 -6.40792788056
2023-12-28T17:24:00.000000 -1133.926390311 -5828.475054454 3241.446036640 -1.70246845082 -3.38129975905 -6.67425673787
2023-12-28T17:25:00.000000 -1233.369023363 -6017.695161557 2833.770447681 -1.61099941694 -2.92357128887 -6.90968057898
2023-12-28T17:26:00.000000 -1327.096233707 -6179.029109763 2412.925044267 -1.51202728127 -2.45212033440 -7.11307540056
2023-12-28T17:27:00.000000 -1414.671325351 -6311.718896395 1980.861602236 -1.40600776361 -1.96913618416 -7.28346524764
2023-12-28T17:28:00.000000 -1495.686018793 -6415.139748598 1539.585842297 -1.29343198878 -1.47686838054 -7.42002908273
2023-12-28T17:29:00.000000 -1569.762501590 -6488.803364481 1091.147951860 -1.17482405812 -0.97761484511 -7.52210644506
2023-12-28T17:30:00.000000 -1636.555317995 -6532.360478547 637.632827437 -1.05073764019 -0.47370964698 -7.58920143514
2023-12-28T17:31:00.000000 -1695.753026558 -6545.602643459 181.150118325 -0.92175243332 0.03248897497 -7.62098509134
2023-12-28T17:32:00.000000 -1747.079677587 -6528.463353188 -276.175829516 -0.78847124185 0.53861009886 -7.61729668562
2023-12-28T17:33:00.000000 -1790.296113527 -6481.018435476 -732.216098098 -0.65151751020 1.04228146393 -7.57814465624
2023-12-28T17:34:00.000000 -1825.201143637 -6403.485821488 -1184.847365454 -0.51153255588 1.54114125329 -7.50370713278
2023-12-28T17:35:00.000000 -1851.632504112 -6296.224522068 -1631.962077610 -0.36917218870 2.03285025207 -7.39433137482
2023-12-28T17:36:00.000000 -1869.467629729 -6159.732933878 -2071.478546798 -0.22510321266 2.51510378110 -7.25053189698
2023-12-28T17:37:00.000000 -1878.624207134 -5994.646389485 -2501.350906027 -0.08000023691 2.98564328468 -7.07298782606
2023-12-28T17:38:00.000000 -1879.060561401 -5801.734077415 -2919.578895810 0.06545750088 3.44226810397 -6.86253949241
2023-12-28T17:39:00.000000 -1870.775818889 -5581.895182215 -3324.217391609 0.21058971245 3.88284724471 -6.62018348247
2023-12-28T17:40:00.000000 -1853.809863061 -5336.154398314 -3713.385589413 0.35471879944 4.30532995495 -6.34706597860
2023-12-28T17:41:00.000000 -1828.243062583 -5065.656816125 -4085.275762657 0.49717323553 4.70775459112 -6.04447566841
2023-12-28T17:42:00.000000 -1794.195823060 -4771.662363473 -4438.161616310 0.63729063716 5.08825684101 -5.71383701887
2023-12-28T17:43:00.000000 -1751.827939181 -4455.539688252 -4770.406221556 0.77442087336 5.44507814787 -5.35670324665
2023-12-28T17:44:00.000000 -1701.337770083 -4118.759583838 -5080.469504814 0.90792914664 5.77657364115 -4.97474810895
2023-12-28T17:45:00.000000 -1642.961230675 -3762.887944299 -5366.915212627 1.03719867469 6.08121878527 -4.56975729584
2023-12-28T17:46:00.000000 -1576.970644687 -3389.578385038 -5628.417390046 1.16163317691 6.35761551588 -4.14362018106
2023-12-28T17:47:00.000000 -1503.673425796 -3000.564443889 -5863.766338537 1.28065973630 6.60449874734 -3.69832111899
2023-12-28T17:48:00.000000 -1423.410583667 -2597.651426096 -6071.874015413 1.39373190515 6.82074225320 -3.23592902597
2023-12-28T17:49:00.000000 -1336.555056911 -2182.707937727 -6251.778766101 1.50033210208 7.00536243483 -2.75858624355
2023-12-28T17:50:00.000000 -1243.509939225 -1757.657271833 -6402.649429641 1.59997294276 7.15752059091 -2.26849856847
2023-12-28T17:51:00.000000 -1144.706634316 -1324.468630743 -6523.788875619 1.69219836824 7.27652555510 -1.76792651247
2023-12-28T17:52:00.000000 -1040.602923665 -885.148182273 -6614.637018873 1.77658554561 7.36183676730 -1.25917596738
2023-12-28T17:53:00.000000 -931.680901865 -441.729955832 -6674.773224316 1.85274732094 7.41306623273 -0.74458783276
2023-12-28T17:54:00.000000 -818.444767474 3.733331059 -6703.918110848 1.92033428604 7.42997908010 -0.22652785576
2023-12-28T17:55:00.000000 -701.418518729 449.179473074 -6701.934747648 1.97903600940 7.41249404622 0.29262285846
2023-12-28T17:56:00.000000 -581.143592466 892.546017269 -6668.829289811 2.02858178210 7.36068417884 0.81047766843
2023-12-28T17:57:00.000000 -458.176456917 1331.779519048 -6604.750996693 2.06874134807 7.27477662253 1.32465453053
2023-12-28T17:58:00.000000 -333.086159402 1764.844759797 -6509.991682717 2.09932589974 7.15515155514 1.83278528070
2023-12-28T17:59:00.000000 -206.451798330 2189.733909072 -6384.984617136 2.12018946710 7.00234181350 2.33252441497
2023-12-28T18:00:00.000000 -78.859905368 2604.475695924 -6230.302861436 2.13123044099 6.81703298818 2.82155965475
2023-12-28T18:01:00.000000 49.098246471 3007.144514793 -6046.656904924 2.13239250630 6.60006129090 3.29762447802
2023-12-28T18:02:00.000000 176.829366142 3395.869332923 -5834.891565327 2.12366461050 6.35240841586 3.75850940647
2023-12-28T18:03:00.000000 303.740846096 3768.842247387 -5595.982309461 2.10508055030 6.07519639444 4.20207005718
2023-12-28T18:04:00.000000 429.243453185 4124.326825075 -5331.031135189 2.07671903444 5.76968504255 4.62623464891
2023-12-28T18:05:00.000000 552.754032806 4460.666290368 -5041.261912208 2.03870414255 5.43726981251 5.02901442316
2023-12-28T18:06:00.000000 673.698243212 4776.291557355 -4728.015040742 1.99120541417 5.07947650965 5.40851588566
2023-12-28T18:07:00.000000 791.513263862 5069.728790323 -4392.741404335 1.93443723591 4.69795304316 5.76295118468
2023-12-28T18:08:00.000000 905.650460790 5339.606487926 -4036.995789278 1.86865796295 4.29446147011 6.09064597268
2023-12-28T18:09:00.000000 1015.577998456 5584.662132324 -3662.429845147 1.79416899571 3.87087126333 6.39004728391
2023-12-28T18:10:00.000000 1120.783383901 5803.748393879 -3270.784531581 1.71131354759 3.42915175484 6.65973241717
2023-12-28T18:11:00.000000 1220.775937566 5995.838896572 -2863.882060456 1.62047511235 2.97136287982 6.89841707346
2023-12-28T18:12:00.000000 1315.089159444 6160.033323295 -2443.617377188 1.52207604352 2.49964562709 7.10496206183
2023-12-28T18:13:00.000000 1403.283024279 6295.562019698 -2011.949257069 1.41657615609 2.01621253262 7.27838017175
2023-12-28T18:14:00.000000 1484.946162957 6401.789937018 -1570.890963062 1.30447056851 1.52333645983 7.41784346978
2023-12-28T18:15:00.000000 1559.697902850 6478.219906282 -1122.500512833 1.18628653411 1.02333735435 7.52268872065
2023-12-28T18:16:00.000000 1627.190082722 6524.495025926 -668.870712477 1.06258017102 0.51856938571 7.59241977007
2023-12-28T18:17:00.000000 1687.108711329 6540.400400461 -212.119091534 0.93393392400 0.01140993319 7.62670899907
2023-12-28T18:18:00.000000 1739.175471997 6525.864181398 245.622279599 0.80095428749 -0.49575140819 7.62539962211
2023-12-28T18:19:00.000000 1783.149095388 6480.957977350 702.217092307 0.66426878491 -1.00052562748 7.58850740324
2023-12-28T18:20:00.000000 1818.826495583 6405.896369161 1155.535149886 0.52452221169 -1.50053749174 7.51621991266
2023-12-28T18:21:00.000000 1846.043701886 6301.035751241 1603.462609078 0.38237297829 -1.99343723783 7.40889440987
2023-12-28T18:22:00.000000 1864.676571961 6166.872442140 2043.912112831 0.23848993358 -2.47691158728 7.26705615215
2023-12-28T18:23:00.000000 1874.641338144 6004.040195067 2474.832805591 0.09354931050 -2.94869595890 7.09139616106
2023-12-28T18:24:00.000000 1875.894946908 5813.306842970 2894.220155933 -0.05176836230 -3.40658684614 6.88276648673
2023-12-28T18:25:00.000000 1868.435232105 5595.570344993 3300.125425481 -0.19678132917 -3.84845214398 6.64217389141
2023-12-28T18:26:00.000000 1852.300877407 5351.854197712 3690.664792303 -0.34081004128 -4.27223993148 6.37077462602
2023-12-28T18:27:00.000000 1827.571176569 5083.302397908 4064.028178533 -0.48318157952 -4.67598860416 6.06986982757
2023-12-28T18:28:00.000000 1794.365470175 4791.173615002 4418.487752544 -0.62323449934 -5.05783849024 5.74089824817
2023-12-28T18:29:00.000000 1752.842347644 4476.834795950 4752.405859031 -0.76032250183 -5.41604160357 5.38542511961
2023-12-28T18:30:00.000000 1703.198670692 4141.754255498 5064.242268083 -0.89381607015 -5.74896712442 5.00513063811
2023-12-28T18:31:00.000000 1645.668557593 3787.494581315 5352.560776358 -1.02310330773 -6.05510465662 4.60180148968
2023-12-28T18:32:00.000000 1580.522263481 3415.705252559 5616.035436102 -1.14759183116 -6.33306880107 4.17732498020
2023-12-28T18:33:00.000000 1508.064920687 3028.114957677 5853.456394058 -1.26671207665 -6.58160593852 3.73368215327
2023-12-28T18:34:00.000000 1428.635062961 2626.523472205 6063.735217389 -1.37992084617 -6.79960124462 3.27293782474
2023-12-28T18:35:00.000000 1342.602952504 2212.793164958 6245.909589736 -1.48670398839 -6.98608357722 2.79722844320
2023-12-28T18:36:00.000000 1250.368784457 1788.840308405 6399.147217993 -1.58657819035 -7.14022744636 2.30875013412
2023-12-28T18:37:00.000000 1152.360792624 1356.626335747 6522.749124501 -1.67909239631 -7.26135309374 1.80974901532
2023-12-28T18:38:00.000000 1049.033267789 918.149070465 6616.152396615 -1.76382924219 -7.34892708436 1.30251386953
2023-12-28T18:39:00.000000 940.864497483 475.433907038 6678.932569623 -1.84040658567 -7.40256497404 0.78936876566
2023-12-28T18:40:00.000000 828.354601378 30.524737808 6710.805430884 -1.90847899372 -7.42203477014 0.27266322414
2023-12-28T18:41:00.000000 712.023291890 -414.525237824 6711.628208855 -1.96773905804 -7.40725833461 -0.24523964359
2023-12-28T18:42:00.000000 592.407552755 -857.662724050 6681.400049924 -2.01791859646 -7.35831010490 -0.76197390967
2023-12-28T18:43:00.000000 470.059251417 -1296.843423878 6620.261922839 -2.05878999262 -7.27541566532 -1.27517944695
2023-12-28T18:44:00.000000 345.542657882 -1730.041116592 6528.496021048 -2.09016758589 -7.15895176003 -1.78251067722
2023-12-28T18:45:00.000000 219.431905164 -2155.256697631 6406.524551836 -2.11190837654 -7.00944583468 -2.28164768724
2023-12-28T18:46:00.000000 92.308431200 -2570.527178234 6254.907867893 -2.12391164499 -6.82757287747 -2.77030768006
2023-12-28T18:47:00.000000 -35.241531224 -2973.934365338 6074.341942662 -2.12611827366 -6.61415077361 -3.24625367793
2023-12-28T18:48:00.000000 -162.629457274 -3363.613355305 5865.655443724 -2.11851109572 -6.37013735656 -3.70730098387
2023-12-28T18:49:00.000000 -289.267083954 -3737.760865081 5629.806339890 -2.10111647111 -6.09662928017 -4.15132498178
2023-12-28T18:50:00.000000 -414.569083026 -4094.643551221 5367.878044942 -2.07400586333 -5.79485987526 -4.57627156718
2023-12-28T18:51:00.000000 -537.955777698 -4432.606044635 5081.074814336 -2.03729626027 -5.46619447171 -4.98016795164
2023-12-28T18:52:00.000000 -658.855864675 -4750.078725226 4770.716605183 -1.99114964972 -5.11212484615 -5.36113210644
2023-12-28T18:53:00.000000 -776.709091966 -5045.585126763 4438.233323575 -1.93577230838 -4.73426403234 -5.71738192982
2023-12-28T18:54:00.000000 -890.968894125 -5317.749073835 4085.158579055 -1.87141400346 -4.33434015002 -6.04724531010
2023-12-28T18:55:00.000000 -1001.104965867 -5565.301313501 3713.122748272 -1.79836672512 -3.91418800308 -6.34916973334
2023-12-28T18:56:00.000000 -1106.605746584 -5787.085655420 3323.845591302 -1.71696300856 -3.47573977047 -6.62172972597
2023-12-28T18:57:00.000000 -1206.980804324 -5982.064538462 2919.128412385 -1.62757442312 -3.02101682575 -6.86363291462
2023-12-28T18:58:00.000000 -1301.763143826 -6149.324187816 2500.845924699 -1.53061039395 -2.55212208463 -7.07372671419
2023-12-28T18:59:00.000000 -1390.511439670 -6288.079218828 2070.937604182 -1.42651694175 -2.07123095541 -7.25100571512
2023-12-28T19:00:00.000000 -1472.812183746 -6397.676682133 1631.398678728 -1.31577490274 -1.58058039555 -7.39461806250
2023-12-28T19:01:00.000000 -1548.281704926 -6477.599396518 1184.270751915 -1.19889770131 -1.08245760127 -7.50387010441
2023-12-28T19:02:00.000000 -1616.568056569 -6527.468659961 731.632214266 -1.07642886872 -0.57918912587 -7.57823021309
2023-12-28T19:03:00.000000 -1677.352738917 -6547.046262987 275.588395957 -0.94893936016 -0.07312984355 -7.61733244736
2023-12-28T19:04:00.000000 -1730.352262194 -6536.235851723 -181.738460668 -0.81702466732 0.43334885654 -7.62097942705
2023-12-28T19:05:00.000000 -1775.319524993 -6495.083532711 -638.219371606 -0.68130187319 0.93787128304 -7.58914392890
2023-12-28T19:06:00.000000 -1812.045028241 -6423.777788484 -1091.728838359 -0.54240668306 1.43806977403 -7.52196941724
2023-12-28T19:07:00.000000 -1840.357894049 -6322.648599218 -1540.155083478 -0.40099027080 1.93159733387 -7.41976960795
2023-12-28T19:08:00.000000 -1860.126695208 -6192.165830451 -1981.410215759 -0.25771584424 2.41614037996 -7.28302650987
2023-12-28T19:09:00.000000 -1871.260066187 -6032.936847875 -2413.440227595 -0.11325510152 2.88943067071 -7.11238690960
2023-12-28T19:10:00.000000 -1873.707113504 -5845.703491346 -2834.234756502 0.03171526382 3.34925602960 -6.90865810699
2023-12-28T19:11:00.000000 -1867.457607251 -5631.338391497 -3241.836583854 0.17651703719 3.79347051086 -6.67280354891
2023-12-28T19:12:00.000000 -1852.541969388 -5390.840694661 -3634.350864272 0.32047399232 4.22000470543 -6.40593789023
2023-12-28T19:13:00.000000 -1829.031047613 -5125.331151997 -4009.954012497 0.46291528241 4.62687591534 -6.10932088107
2023-12-28T19:14:00.000000 -1797.035702867 -4836.046644506 -4366.902209294 0.60317856739 5.01219758237 -5.78435021764
2023-12-28T19:15:00.000000 -1756.706206538 -4524.334144176 -4703.539442038 0.74061295871 5.37418783527 -5.43255384549
2023-12-28T19:16:00.000000 -1708.231468037 -4191.644201318 -5018.305082478 0.87458193059 5.71117726410 -5.05558179825
2023-12-28T19:17:00.000000 -1651.838083315 -3839.523975198 -5309.740946798 1.00446616491 6.02161579709 -4.65519764827
2023-12-28T19:18:00.000000 -1587.789225474 -3469.609903546 -5576.497863723 1.12966627647 6.30407876762 -4.23326993724
2023-12-28T19:19:00.000000 -1516.383363956 -3083.619993870 -5817.341709221 1.24960553619 6.55727274936 -3.79176370222
2023-12-28T19:20:00.000000 -1437.952822085 -2683.345774185 -6031.158934722 1.36373269654 6.78004146579 -3.33273130473
2023-12-28T19:21:00.000000 -1352.862165018 -2270.643899336 -6216.961482418 1.47152464057 6.97137099263 -2.85830185249
2023-12-28T19:22:00.000000 -1261.506449491 -1847.427499859 -6373.891068604 1.57248841552 7.13039318945 -2.37066986974
2023-12-28T19:23:00.000000 -1164.309367857 -1415.657374482 -6501.222771925 1.66616263795 7.25638743747 -1.87208477472
2023-12-28T19:24:00.000000 -1061.721317189 -977.333102172 -6598.368062497 1.75211880793 7.34878197349 -1.36484187451
2023-12-28T19:25:00.000000 -954.217374872 -534.484053309 -6664.877279106 1.82996301019 7.40715584299 -0.85127391939
2023-12-28T19:26:00.000000 -842.295168244 -89.160276126 -6700.441635710 1.89933786326 7.43124109765 -0.33374180394
2023-12-28T19:27:00.000000 -726.472627874 356.576730144 -6704.894578632 1.95992417792 7.42092405183 0.18537581443
2023-12-28T19:28:00.000000 -607.285661739 800.663270525 -6678.212552587 2.01144211092 7.37624515989 0.70369285812
2023-12-28T19:29:00.000000 -485.285760210 1241.042689928 -6620.515140768 2.05365217412 7.29739845102 1.21882511240
2023-12-28T19:30:00.000000 -361.037543525 1675.674580010 -6532.064716192 2.08635652430 7.18473164119 1.72839911349
2023-12-28T19:31:00.000000 -235.116215609 2102.544021548 -6413.265485673 2.10940041195 7.03874668487 2.23006221462
2023-12-28T19:32:00.000000 -108.104946133 2519.670827524 -6264.661900608 2.12267318888 6.86009900351 2.72149432631
2023-12-28T19:33:00.000000 19.407789801 2925.118664468 -6086.936340213 2.12610860761 6.64959430080 3.20041961710
2023-12-28T19:34:00.000000 146.830874288 3317.003938207 -5880.906157880 2.11968488988 6.40818407089 3.66461639143
2023-12-28T19:35:00.000000 273.573226136 3693.504418391 -5647.520171952 2.10342516182 6.13696179783 4.11192557667
2023-12-28T19:36:00.000000 399.046514924 4052.867674013 -5387.854641393 2.07739800603 5.83716000360 4.54025988293
2023-12-28T19:37:00.000000 522.667887064 4393.419299414 -5103.108647459 2.04171733402 5.51014648571 4.94761422881
2023-12-28T19:38:00.000000 643.862662945 4713.570888544 -4794.598854053 1.99654152553 5.15741896972 5.33207593878
2023-12-28T19:39:00.000000 762.066982347 5011.827649445 -4463.753686172 1.94207281015 4.78059914897 5.69183375492
2023-12-28T19:40:00.000000 876.730438182 5286.795659793 -4112.106977455 1.87855749778 4.38142673325 6.02518690477
2023-12-28T19:41:00.000000 987.318733947 5537.188749498 -3741.291040505 1.80628617063 3.96175219442 6.33055524915
2023-12-28T19:42:00.000000 1093.316303824 5761.834854556 -3353.029129122 1.72559243144 3.52352722263 6.60648910714
2023-12-28T19:43:00.000000 1194.228832082 5959.681801735 -2949.127369633 1.63685033140 3.06879437219 6.85167666241
2023-12-28T19:44:00.000000 1289.585594586 6129.802457596 -2531.466322284 1.54047203974 2.59967796299 7.06494956602
2023-12-28T19:45:00.000000 1378.941713216 6271.399402366 -2101.992192239 1.43690667558 2.11837569608 7.24528917434
2023-12-28T19:46:00.000000 1461.880334195 6383.809006841 -1662.707626891 1.32663933866 1.62714832267 7.39183396577
2023-12-28T19:47:00.000000 1538.014748943 6466.504887201 -1215.662086816 1.21018884189 1.12830670915 7.50388579560
2023-12-28T19:48:00.000000 1606.990290915 6519.100463854 -762.941931325 1.08810399925 0.62419859921 7.58091320777
2023-12-28T19:49:00.000000 1668.486026269 6541.350847822 -306.660369574 0.96095977191 0.11719717353 7.62255296083
2023-12-28T19:50:00.000000 1722.216225051 6533.154019459 151.052688967 0.82935431981 -0.39030946909 7.62861172319
2023-12-28T19:51:00.000000 1767.931690554 6494.551434588 608.060871531 0.69390682656 -0.89593004449 7.59906789490
2023-12-28T19:52:00.000000 1805.420953486 6425.727777486 1062.231683746 0.55525535315 -1.39728316847 7.53407212510
2023-12-28T19:53:00.000000 1834.511329927 6327.010001534 1511.446808910 0.41405408836 -1.89201029793 7.43394613493
2023-12-28T19:54:00.000000 1855.069776931 6198.865570281 1953.612321023 0.27096971786 -2.37778759674 7.29918078092
2023-12-28T19:55:00.000000 1867.003525439 6041.900072287 2386.668760060 0.12667698953 -2.85233753736 7.13043373051
2023-12-28T19:56:00.000000 1870.260413668 5856.854041506 2808.601046834 -0.01814583535 -3.31344102234 6.92852583168
2023-12-28T19:57:00.000000 1864.828987469 5644.599106646 3217.448104959 -0.16282069824 -3.75894946959 6.69443516634
2023-12-28T19:58:00.000000 1850.738400455 5406.133416838 3611.312070482 -0.30667220356 -4.18679534845 6.42928942564
2023-12-28T19:59:00.000000 1828.058208377 5142.576540103 3988.367040083 -0.44902964303 -4.59500059168 6.13435845354
2023-12-28T20:00:00.000000 1796.897993901 4855.163851475 4346.867411141 -0.58922996346 -4.98168403112 5.81104820239
2023-12-28T20:01:00.000000 1757.406786928 4545.240490692 4685.155886533 -0.72662210774 -5.34506963558 5.46089498543
2023-12-28T20:02:00.000000 1709.772207169 4214.254767217 5001.671054661 -0.86057159213 -5.68349576037 5.08555771982
2023-12-28T20:03:00.000000 1654.219358253 3863.751051249 5294.954482021 -0.99046367756 -5.99542351363 4.68680743692
2023-12-28T20:04:00.000000 1591.009599433 3495.362206517 5563.657061380 -1.11570479890 -6.27944259329 4.26651593542
2023-12-28T20:05:00.000000 1520.439245892 3110.801763489 5806.544772365 -1.23572361091 -6.53427516181 3.82664591545
2023-12-28T20:06:00.000000 1442.838170925 2711.855845662 6022.503854912 -1.34997312090 -6.75877951383 3.36924249443
2023-12-28T20:07:00.000000 1358.568266866 2300.374914422 6210.545531356 -1.45793380726 -6.95195387842 2.89642437239
2023-12-28T20:08:00.000000 1268.021696887 1878.265253591 6369.810103721 -1.55911640153 -7.11293937554 2.41037433195
2023-12-28T20:09:00.000000 1171.619028881 1447.480342189 6499.570542254 -1.65306367260 -7.24102227294 1.91333018673
2023-12-28T20:10:00.000000 1069.807263673 1010.012049383 6599.235505037 -1.73935175262 -7.33563682815 1.40757616484
2023-12-28T20:11:00.000000 963.057804921 567.881678359 6668.351877858 -1.81759165760 -7.39636860136 0.89543297374
2023-12-28T20:12:00.000000 851.864304792 123.130801235 6706.606582601 -1.88743079398 -7.42295619972 0.37924633175
2023-12-28T20:13:00.000000 736.740453517 -322.187900308 6713.827767647 -1.94855408389 -7.41529071815 -0.13862382639
2023-12-28T20:14:00.000000 618.217689134 -766.019773097 6689.985368510 -2.00068505982 -7.37341489057 -0.65581206780
2023-12-28T20:15:00.000000 496.842848213 -1206.317275573 6635.191209620 -2.04358731943 -7.29752355544 -1.16995628895
2023-12-28T20:16:00.000000 373.175713715 -1641.049126883 6549.698470379 -2.07706583797 -7.18796356911 -1.67870853756
2023-12-28T20:17:00.000000 247.786516550 -2068.209355098 6433.900500533 -2.10096729759 -7.04523097677 -2.17974613091
2023-12-28T20:18:00.000000 121.253444661 -2485.826118154 6288.329037396 -2.11517980823 -6.86996684797 -2.67077989867
2023-12-28T20:19:00.000000 -5.839851180 -2891.970331729 6113.652013297 -2.11963332373 -6.66295533612 -3.14956019987
2023-12-28T20:20:00.000000 -132.906810617 -3284.764272845 5910.670966385 -2.11430112654 -6.42512421105 -3.61388482281
2023-12-28T20:21:00.000000 -259.360603262 -3662.390169014 5680.317859252 -2.09920125718 -6.15754424164 -4.06161060884
2023-12-28T20:22:00.000000 -384.616840316 -4023.098706968 5423.651155671 -2.07439684502 -5.86142505533 -4.49066600977
2023-12-28T20:23:00.000000 -508.096257826 -4365.217148290 5141.851194255 -2.03999556839 -5.53810877621 -4.89906156839
2023-12-28T20:24:00.000000 -629.227375279 -4687.157109974 4836.215007900 -1.99614905587 -5.18906390400 -5.28489848467
2023-12-28T20:25:00.000000 -747.449112926 -4987.421952782 4508.150616508 -1.94305237600 -4.81587958205 -5.64637702326
2023-12-28T20:26:00.000000 -862.213384684 -5264.613865515 4159.170851787 -1.88094333097 -4.42025923514 -5.98180499653
2023-12-28T20:27:00.000000 -972.987631448 -5517.440486341 3790.886645489 -1.81010162338 -4.00401358032 -6.28960558811
2023-12-28T20:28:00.000000 -1079.257317899 -5744.721150471 3404.999896707 -1.73084814155 -3.56905365737 -6.56832482642
2023-12-28T20:29:00.000000 -1180.528371542 -5945.392667346 3003.295850275 -1.64354408838 -3.11738358960 -6.81663955297
2023-12-28T20:30:00.000000 -1276.329572385 -6118.514701771 2587.635017672 -1.54858949818 -2.65109218220 -7.03336575296
2023-12-28T20:31:00.000000 -1366.214814335 -6263.274530585 2159.944575769 -1.44642124490 -2.17234302463 -7.21746625386
2023-12-28T20:32:00.000000 -1449.765261978 -6378.991223046 1722.209366384 -1.33751105837 -1.68336342191 -7.36805709194
2023-12-28T20:33:00.000000 -1526.591376080 -6465.119094045 1276.462546025 -1.22236360983 -1.18643276090 -7.48441226401
2023-12-28T20:34:00.000000 -1596.334838084 -6521.250515000 824.776011756 -1.10151428672 -0.68387125094 -7.56596703978
2023-12-28T20:35:00.000000 -1658.670304830 -6547.118027210 369.250633158 -0.97552655126 -0.17802966822 -7.61232086088
2023-12-28T20:36:00.000000 -1713.307017632 -6542.595890683 -87.993703956 -0.84498919347 0.32872100869 -7.62324094151
2023-12-28T20:37:00.000000 -1759.990229056 -6507.700903603 -544.828261113 -0.71051350519 0.83400213605 -7.59866579834
2023-12-28T20:38:00.000000 -1798.502472268 -6442.592472865 -999.125797933 -0.57273008269 1.33544189331 -7.53870631408
2023-12-28T20:39:00.000000 -1828.664601388 -6347.571748835 -1448.770839217 -0.43228520907 1.83068894283 -7.44364342030
2023-12-28T20:40:00.000000 -1850.336631752 -6223.080084539 -1891.669783271 -0.28983731513 2.31742330119 -7.31392469916
2023-12-28T20:41:00.000000 -1863.418363153 -6069.696820636 -2325.760818935 -0.14605378881 2.79336613765 -7.15016217199
2023-12-28T20:42:00.000000 -1867.849835323 -5888.136546089 -2749.023749884 -0.00160782749 3.25629104602 -6.95313027393
2023-12-28T20:43:00.000000 -1863.611566182 -5679.245536359 -3159.489615614 0.14282496079 3.70403629657 -6.72376163385
2023-12-28T20:44:00.000000 -1850.724597467 -5443.997567439 -3555.250004251 0.28657005767 4.13451567403 -6.46314072223
2023-12-28T20:45:00.000000 -1829.250321419 -5183.489073502 -3934.465963736 0.42895732440 4.54572738777 -6.17249753460
2023-12-28T20:46:00.000000 -1799.290133674 -4898.933870412 -4295.376568588 0.56932415820 4.93576289999 -5.85320183540
2023-12-28T20:47:00.000000 -1760.984877526 -4591.657237626 -4636.307107130 0.70701868113 5.30281645134 -5.50675646921
2023-12-28T20:48:00.000000 -1714.514109379 -4263.089498198 -4955.676822564 0.84140291649 5.64519395878 -5.13478878189
2023-12-28T20:49:00.000000 -1660.095170454 -3914.759073569 -5252.006095228 0.97185567393 5.96132016817 -4.73904131955
2023-12-28T20:50:00.000000 -1597.982109631 -3548.285196991 -5523.923095133 1.09777507423 6.24974470314 -4.32136286475
2023-12-28T20:51:00.000000 -1528.464448623 -3165.370226024 -5770.169882974 1.21858090829 6.50914787645 -3.88369960268
2023-12-28T20:52:00.000000 -1451.865810450 -2767.791646939 -5989.607985206 1.33371716726 6.73834602233 -3.42808576961
2023-12-28T20:53:00.000000 -1368.542379433 -2357.393765924 -6181.223371051 1.44265489847 6.93629589360 -2.95663393856
2023-12-28T20:54:00.000000 -1278.881194864 -1936.079186860 -6344.130877919 1.54489507481 7.10209826848 -2.47152512713
2023-12-28T20:55:00.000000 -1183.298281516 -1505.800065894 -6477.577999118 1.63997076902 7.23500097346 -1.97499863255
2023-12-28T20:56:00.000000 -1082.236689946 -1068.549221892 -6580.948083080 1.72744825502 7.33440114226 -1.46934180040
2023-12-28T20:57:00.000000 -976.164477521 -626.351121183 -6653.762905535 1.80692761771 7.39984680491 -0.95688038032
2023-12-28T20:58:00.000000 -865.572661249 -181.252792162 -6695.684723296 1.87804390987 7.43103821490 -0.43996944394
2023-12-28T20:59:00.000000 -750.973054027 264.685349368 -6706.517744548 1.94046921090 7.42782897810 0.07901575381
2023-12-28T21:00:00.000000 -632.895976271 709.398721634 -6686.209066930 1.99391486951 7.39022670968 0.59768929199
2023-12-28T21:01:00.000000 -511.887846270 1150.827830873 -6634.849009294 2.03813310421 7.31839343580 1.11366425799
2023-12-28T21:02:00.000000 -388.508700690 1586.927548326 -6552.670896181 2.07291790052 7.21264604933 1.62456279758
2023-12-28T21:03:00.000000 -263.329667064 2015.676407204 -6440.050179315 2.09810569246 7.07345629885 2.12802699050
2023-12-28T21:04:00.000000 -136.930393773 2435.085858518 -6297.502906161 2.11357614019 6.90144926420 2.62173020045
2023-12-28T21:05:00.000000 -9.896433268 2843.209381900 -6125.683503615 2.11925291701 6.69740025404 3.10338784430
2023-12-28T21:06:00.000000 117.183417337 3238.151388884 -5925.381971573 2.11510424139 6.46223101521 3.57076712305
2023-12-28T21:07:00.000000 243.719794815 3618.075895142 -5697.520499994 2.10114301591 6.19700604551 4.02169602646
2023-12-28T21:08:00.000000 369.125449924 3981.214987819 -5443.149558275 2.07742681574 5.90292925916 4.45407210324
2023-12-28T21:09:00.000000 492.817933610 4325.877089269 -5163.443437245 2.04405816697 5.58134093710 4.86587185067
2023-12-28T21:10:00.000000 614.222309593 4650.455040672 -4859.695201530 2.00118501354 5.23371389697 5.25516167783
2023-12-28T21:11:00.000000 732.773879033 4953.433880491 -4533.310943446 1.94900051929 4.86164704611 5.62010972988
2023-12-28T21:12:00.000000 847.920857466 5233.398137222 -4185.803351259 1.88774171544 4.46685646761 5.95899567012
2023-12-28T21:13:00.000000 959.126957725 5489.038613489 -3818.784840783 1.81768791794 4.05116699638 6.27021705249
2023-12-28T21:14:00.000000 1065.873900731 5719.158693712 -3433.960255399 1.73916015771 3.61650649578 6.55229555548
2023-12-28T21:15:00.000000 1167.663923105 5922.680408037 -3033.119216432 1.65252108607 3.16489981137 6.80388656591
2023-12-28T21:16:00.000000 1264.022238042 6098.649927568 -2618.127714662 1.55817358067 2.69845844194 7.02379009459
2023-12-28T21:17:00.000000 1354.499362768 6246.242384937 -2190.919227734 1.45655773293 2.21936726371 7.21095782684
2023-12-28T21:18:00.000000 1438.673268960 6364.765916048 -1753.485473421 1.34814816999 1.72987367965 7.36449618684
2023-12-28T21:19:00.000000 1516.151405490 6453.665181541 -1307.867070624 1.23345277657 1.23227938181 7.48367066071
2023-12-28T21:20:00.000000 1586.572662660 6512.524312789 -856.143741880 1.11301131062 0.72892952653 7.56791331617
2023-12-28T21:21:00.000000 1649.609188476 6541.069062877 -400.424147413 0.98739194875 0.22219698213 7.61682805146
2023-12-28T21:22:00.000000 1704.967965383 6539.168006588 57.164447155 0.85718679267 -0.28553260280 7.63018975417
2023-12-28T21:23:00.000000 1752.392132588 6506.832988899 514.486315458 0.72300870727 -0.79187040774 7.60794164170
2023-12-28T21:24:00.000000 1791.662182010 6444.219087449 969.407395100 0.58548972858 -1.29443237115 7.55019676586
2023-12-28T21:25:00.000000 1822.597050310 6351.623975113 1419.805602457 0.44527870025 -1.79085188575 7.45724140475
2023-12-28T21:26:00.000000 1845.055009212 6229.486402510 1863.581209842 0.30303712022 -2.27879583029 7.32953387511
2023-12-28T21:27:00.000000 1858.934287225 6078.383758128 2298.667005600 0.15943482798 -2.75597752295 7.16769862358
2023-12-28T21:28:00.000000 1864.173474447 5899.029015815 2723.038096245 0.01514691406 -3.22016562188 6.97252133365
2023-12-28T21:29:00.000000 1860.751754138 5692.267124623 3134.721514872 -0.12914920219 -3.66919425061 6.74494654795
2023-12-28T21:30:00.000000 1848.688923353 5459.070699385 3531.805608735 -0.27277787387 -4.10097619033 6.48607284912
2023-12-28T21:31:00.000000 1828.045154932 5200.534925163 3912.449050211 -0.41506955284 -4.51351421291 6.19714344257
2023-12-28T21:32:00.000000 1798.920535300 4917.871954558 4274.889186699 -0.55536363470 -4.90490754060 5.87953670731
2023-12-28T21:33:00.000000 1761.454480063 4612.404964437 4617.449991376 -0.69301015206 -5.27335742887 5.53476071359
2023-12-28T21:34:00.000000 1715.825016504 4285.561764223 4938.549670448 -0.82737229704 -5.61717637155 5.16444839987
2023-12-28T21:35:00.000000 1662.247898985 3938.867817976 5236.707973676 -0.95783034675 -5.93479861721 4.77034849050
2023-12-28T21:36:00.000000 1600.975447090 3573.938694701 5510.552715584 -1.08378555597 -6.22478694784 4.35431299550
2023-12-28T21:37:00.000000 1532.295210848 3192.472272348 5758.825654142 -1.20466274663 -6.48583552948 3.91828618292
2023-12-28T21:38:00.000000 1456.528495320 2796.240755041 5980.387748942 -1.31991196327 -6.71677260089 3.46429645183
2023-12-28T21:39:00.000000 1374.028813702 2387.082550677 6174.224015209 -1.42901015098 -6.91656472815 2.99444848996
2023-12-28T21:40:00.000000 1285.180203054 1966.893799650 6339.447802712 -1.53146306039 -7.08432109717 2.51091424239
2023-12-28T21:41:00.000000 1190.395444583 1537.619729302 6475.304563615 -1.62680719906 -7.21929702596 2.01592333667
2023-12-28T21:42:00.000000 1090.114153193 1101.245774572 6581.174993981 -1.71461180374 -7.32089714938 1.51175316117
2023-12-28T21:43:00.000000 984.800764560 659.788561286 6656.577619664 -1.79448074800 -7.38867775862 1.00071790032
2023-12-28T21:44:00.000000 874.942401387 215.286768334 6701.170626936 -1.86605401310 -7.42234712447 0.48515750616
2023-12-28T21:45:00.000000 761.046681639 -230.207955607 6714.753145973 -1.92900866427 -7.42176472000 -0.03257161265
2023-12-28T21:46:00.000000 643.639458902 -674.640078286 6697.265958937 -1.98305982092 -7.38694150936 -0.55010479173
2023-12-28T21:47:00.000000 523.262510928 -1115.959290045 6648.791761872 -2.02796192416 -7.31804097228 -1.06507877973
2023-12-28T21:48:00.000000 400.471137199 -1552.129652320 6569.554717854 -2.06350994939 -7.21537826045 -1.57514293030
2023-12-28T21:49:00.000000 275.831700974 -1981.138611638 6459.919392571 -2.08954020706 -7.07941703972 -2.07796908535
2023-12-28T21:50:00.000000 149.919129920 -2401.005819206 6320.389177496 -2.10593101571 -6.91076676823 -2.57125895913
2023-12-28T21:51:00.000000 23.314371534 -2809.791843335 6151.604292158 -2.11260364347 -6.71018224675 -3.05275158240
2023-12-28T21:52:00.000000 -103.398216758 -3205.606908197 5954.339244826 -2.10952321839 -6.47856345249 -3.52023332577
2023-12-28T21:53:00.000000 -229.633509435 -3586.619531867 5729.499653898 -2.09669900191 -6.21695296038 -3.97154936117
2023-12-28T21:54:00.000000 -354.808253565 -3951.064951517 5478.118402265 -2.07418406666 -5.92653132860 -4.40461393607
2023-12-28T21:55:00.000000 -478.343686471 -4297.253261594 5201.351224319 -2.04207504293 -5.60861256086 -4.81741925574
2023-12-28T21:56:00.000000 -599.668154544 -4623.577298474 4900.471750581 -2.00051227236 -5.26463989870 -5.20804489275
2023-12-28T21:57:00.000000 -718.219738926 -4928.520233584 4576.865956387 -1.94967990209 -4.89618021093 -5.57466817728
2023-12-28T21:58:00.000000 -833.448870804 -5210.662767438 4232.025996677 -1.88980533663 -4.50491630200 -5.91557392253
2023-12-28T21:59:00.000000 -944.820897259 -5468.689844652 3867.543518420 -1.82115806196 -4.09263860495 -6.22916202758
2023-12-28T22:00:00.000000 -1051.818564378 -5701.396878700 3485.102567608 -1.74404842340 -3.66123797052 -6.51395368069
2023-12-28T22:01:00.000000 -1153.944442766 -5907.695589634 3086.472114970 -1.65882679868 -3.21269950644 -6.76859805372
2023-12-28T22:02:00.000000 -1250.723309833 -6086.619461415 2673.498134512 -1.56588293096 -2.74909576409 -6.99188060799
2023-12-28T22:03:00.000000 -1341.704482424 -6237.328743817 2248.095161932 -1.46564468123 -2.27257751146 -7.18273218606
2023-12-28T22:04:00.000000 -1426.464036155 -6359.114781513 1812.237319033 -1.35857575544 -1.78536197625 -7.34023669726
2023-12-28T22:05:00.000000 -1504.606873382 -6451.403633865 1367.948972846 -1.24517285824 -1.28972042688 -7.46363594649
2023-12-28T22:06:00.000000 -1575.768623404 -6513.758973987 917.295168537 -1.12596312463 -0.78796705091 -7.55233250837
2023-12-28T22:07:00.000000 -1639.617404042 -6545.884368065 462.371905702 -1.00150205450 -0.28244888264 -7.60589292699
2023-12-28T22:08:00.000000 -1695.855460070 -6547.624912144 5.296162949 -0.87237125834 0.22446540709 -7.62405177021
2023-12-28T22:09:00.000000 -1744.220640957 -6518.968140718 -451.804268666 -0.73917539023 0.73039885263 -7.60671433632
2023-12-28T22:10:00.000000 -1784.487677362 -6460.044112524 -906.801032372 -0.60253858662 1.23297970256 -7.55395625184
2023-12-28T22:11:00.000000 -1816.469249226 -6371.124748692 -1357.575368141 -0.46310113659 1.72985273527 -7.46602126821
2023-12-28T22:12:00.000000 -1840.016862597 -6252.622544069 -1802.028147240 -0.32151645866 2.21868901201 -7.34331996949
2023-12-28T22:13:00.000000 -1855.021542944 -6105.088674893 -2238.089873937 -0.17844789684 2.69719669324 -7.18642951706
2023-12-28T22:14:00.000000 -1861.414325818 -5929.210392253 -2663.730641254 -0.03456521855 3.16313390678 -6.99609201595
2023-12-28T22:15:00.000000 -1859.166542668 -5725.807639139 -3076.969917635 0.10945874719 3.61432181337 -6.77320984646
2023-12-28T22:16:00.000000 -1848.289909143 -5495.828907377 -3475.885952479 0.25295117098 4.04865589400 -6.51883903834
2023-12-28T22:17:00.000000 -1828.836431594 -5240.346487199 -3858.624795900 0.39524238762 4.46411545058 -6.23418251626
2023-12-28T22:18:00.000000 -1800.898113553 -4960.551173627 -4223.408916893 0.53566939213 4.85877235261 -5.92058358969
2023-12-28T22:19:00.000000 -1764.606455140 -4657.746470165 -4568.545429653 0.67357925584 5.23079950291 -5.57951911893
2023-12-28T22:20:00.000000 -1720.131753780 -4333.342263777 -4892.433881999 0.80833210909 5.57847904942 -5.21259210250
2023-12-28T22:21:00.000000 -1667.682234174 -3988.848031828 -5193.573579070 0.93930404784 5.90021046319 -4.82152342282
2023-12-28T22:22:00.000000 -1607.502996513 -3625.865573278 -5470.570378057 1.06589029744 6.19451796661 -4.40814229567
2023-12-28T22:23:00.000000 -1539.874780455 -3246.081349455 -5722.142885750 1.18750819980 6.46005616516 -3.97437582132
2023-12-28T22:24:00.000000 -1465.112564501 -2851.258537070 -5947.128023848 1.30359937388 6.69561377472 -3.52223935363
2023-12-28T22:25:00.000000 -1383.564058949 -2443.228876378 -6144.486076466 1.41363138078 6.90011725351 -3.05382852437
2023-12-28T22:26:00.000000 -1295.608090086 -2023.884264169 -6313.305274506 1.51709984298 7.07263578214 -2.57131117156
2023-12-28T22:27:00.000000 -1201.652842000 -1595.168040309 -6452.805842042 1.61353112732 7.21238631851 -2.07691687816
2023-12-28T22:28:00.000000 -1102.133935474 -1159.066020386 -6562.343319343 1.70248452149 7.31873615751 -1.57292481771
2023-12-28T22:29:00.000000 -997.512416491 -717.597465862 -6641.411207782 1.78355329396 7.39120294239 -1.06165304830
2023-12-28T22:30:00.000000 -888.272695654 -272.806068232 -6689.643054225 1.85636550427 7.42945475513 -0.54545054350
2023-12-28T22:31:00.000000 -774.920419984 173.249114715 -6706.814095539 1.92058576877 7.43331213217 -0.02668973232
2023-12-28T22:32:00.000000 -657.980196723 618.502906260 -6692.842381262 1.97591773924 7.40275064737 0.49224305334
2023-12-28T22:33:00.000000 -537.993194447 1060.893342194 -6647.789274489 2.02210594327 7.33790185284 1.00895892584
2023-12-28T22:34:00.000000 -415.514666509 1498.371014556 -6571.859268642 2.05893638174 7.23905249795 1.52107747128
2023-12-28T22:35:00.000000 -291.111459272 1928.908346579 -6465.399180073 2.08623670028 7.10664347993 2.02623679132
2023-12-28T22:36:00.000000 -165.359493565 2350.508819204 -6328.896728426 2.10387691779 6.94126885466 2.52210369854
2023-12-28T22:37:00.000000 -38.841189529 2761.216101940 -6162.978492838 2.11177056675 6.74367373244 3.00638453062
2023-12-28T22:38:00.000000 87.857170879 3159.123011857 -5968.407219990 2.10987552230 6.51475063071 3.47683556347
2023-12-28T22:39:00.000000 214.148118439 3542.380240439 -5746.078557322 2.09819425763 6.25553541344 3.93127214810
2023-12-28T22:40:00.000000 339.445670423 3909.204845955 -5497.017241893 2.07677391911 5.96720399647 4.36757731023
2023-12-28T22:41:00.000000 463.168017843 4257.888571528 -5222.372766883 2.04570651476 5.65106945710 4.78371117905
2023-12-28T22:42:00.000000 584.740220973 4586.805960587 -4923.414433577 2.00512904000 5.30857816707 5.17772169642
2023-12-28T22:43:00.000000 703.596905775 4894.422208971 -4601.525764071 1.95522320509 4.94130386882 5.54775571262
2023-12-28T22:44:00.000000 819.184923111 5179.300556103 -4258.198238003 1.89621468729 4.55093988765 5.89206905569
2023-12-28T22:45:00.000000 930.965960129 5440.109223345 -3895.024515161 1.82837215716 4.13929069466 6.20903470439
2023-12-28T22:46:00.000000 1038.419089869 5675.627834154 -3513.691175612 1.75200638409 3.70826435783 6.49714978061
2023-12-28T22:47:00.000000 1141.043275835 5884.753439341 -3115.971068562 1.66746944296 3.25986568967 6.75504314110
2023-12-28T22:48:00.000000 1238.359819750 6066.506087203 -2703.715138667 1.57515362738 2.79618820489 6.98148440283
2023-12-28T22:49:00.000000 1329.914722486 6220.033832533 -2278.843702483 1.47548956802 2.31940330546 7.17539278191
2023-12-28T22:50:00.000000 1415.280908236 6344.617037355 -1843.337267699 1.36894362287 1.83174783229 7.33584341163
2023-12-28T22:51:00.000000 1494.060286926 6439.671944563 -1399.227059772 1.25601519334 1.33551244795 7.46207112850
2023-12-28T22:52:00.000000 1565.885665960 6504.753595156 -948.585341042 1.13723445906 0.83303140986 7.55347397427
2023-12-28T22:53:00.000000 1630.422534575 6539.558126550 -493.515483065 1.01316021173 0.32667165225 7.60961751262
2023-12-28T22:54:00.000000 1687.370701121 6543.924350559 -36.141808376 0.88437718256 -0.18118009678 7.63023830584
2023-12-28T22:55:00.000000 1736.465757686 6517.834542407 421.400716881 0.75149287569 -0.68813063071 7.61524499412
2023-12-28T22:56:00.000000 1777.480351288 6461.414464510 876.976799855 0.61513441121 -1.19179215825 7.56471792227
2023-12-28T22:57:00.000000 1810.225269166 6374.932704952 1328.461118812 0.47594548271 -1.68979361226 7.47890910551
2023-12-28T22:58:00.000000 1834.550331404 6258.799295853 1773.748614045 0.33458292901 -2.17979336209 7.35824189293
2023-12-28T22:59:00.000000 1850.345064052 6113.563541323 2210.764707416 0.19171272869 -2.65949294621 7.20330822111
2023-12-28T23:00:00.000000 1857.539126898 5939.911047581 2637.475266115 0.04800604875 -3.12664931318 7.01486316604
2023-12-28T23:01:00.000000 1856.102525327 5738.660096243 3051.896205435 -0.09586389465 -3.57908457338 6.79381905515
2023-12-28T23:02:00.000000 1846.045653122 5510.757452442 3452.102769581 -0.23922432345 -4.01469511840 6.54124061266
2023-12-28T23:03:00.000000 1827.419192544 5257.273620396 3836.238540261 -0.38140565909 -4.43146187509 6.25833996189
2023-12-28T23:04:00.000000 1800.313817074 4979.397448699 4202.524083330 -0.52174517001 -4.82746089537 5.94646970706
2023-12-28T23:05:00.000000 1764.859653565 4678.430139657 4549.265121903 -0.65959111320 -5.20087233876 5.60711436562
2023-12-28T23:06:00.000000 1721.225507892 4355.778773981 4874.860186432 -0.79430644212 -5.54998756114 5.24188175346
2023-12-28T23:07:00.000000 1669.617897387 4012.949457899 5177.807773836 -0.92527156820 -5.87321560515 4.85249480526
2023-12-28T23:08:00.000000 1610.279939210 3651.540062132 5456.712999290 -1.05188641069 -6.16908984243 4.44078296916
2023-12-28T23:09:00.000000 1543.490121815 3273.232568403 5710.293701939 -1.17357236479 -6.43627403311 4.00867258980
2023-12-28T23:10:00.000000 1469.560948738 2879.785097598 5937.385955468 -1.28977455031 -6.67356696519 3.55817699735
2023-12-28T23:11:00.000000 1388.837444767 2473.023704452 6136.949011607 -1.39996422812 -6.87990602022 3.09138723622
2023-12-28T23:12:00.000000 1301.695517411 2054.833957931 6308.069699330 -1.50364110117 -7.05437076265 2.61046332032
2023-12-28T23:13:00.000000 1208.540185250 1627.152285047 6449.966287169 -1.60033543434 -7.19618688679 2.11762486229
2023-12-28T23:14:00.000000 1109.803682965 1191.957102449 6561.991738758 -1.68961004803 -7.30472949562 1.61514036960
2023-12-28T23:15:00.000000 1005.943455285 751.259797308 6643.636316324 -1.77106205361 -7.37952454599 1.10531606996
2023-12-28T23:16:00.000000 897.440058923 307.095675149 6694.529533998 -1.84432413712 -7.42024872445 0.59048587313
2023-12-28T23:17:00.000000 784.794997784 -138.485079207 6714.441557625 -1.90906553093 -7.42672940755 0.07300282160
2023-12-28T23:18:00.000000 668.528497942 -583.426462912 6703.284091098 -1.96499311538 -7.39894554969 -0.44476948934
2023-12-28T23:19:00.000000 549.177208925 -1025.675780645 6661.110725177 -2.01185280644 -7.33702846285 -0.96046689243
2023-12-28T23:20:00.000000 427.291820589 -1463.192769502 6588.116657054 -2.04943089879 -7.24126087641 -1.47173525758
2023-12-28T23:21:00.000000 303.434609114 -1893.958614642 6484.637792054 -2.07755501975 -7.11207470583 -1.97623989798
2023-12-28T23:22:00.000000 178.176933671 -2315.984853216 6351.149311584 -2.09609479756 -6.95004940986 -2.47167367365
2023-12-28T23:23:00.000000 52.096703039 -2727.322191923 6188.263812572 -2.10496250947 -6.75591133496 -2.95576571023
2023-12-28T23:24:00.000000 -74.224207264 -3126.069302616 5996.728784763 -2.10411365783 -6.53053246688 -3.42629171263
2023-12-28T23:25:00.000000 -200.202555502 -3510.381469544 5777.423514402 -2.09354724911 -6.27492728151 -3.88108472820
2023-12-28T23:26:00.000000 -325.256348077 -3878.479015210 5531.355326784 -2.07330584580 -5.99024851759 -4.31804483946
2023-12-28T23:27:00.000000 -448.807452007 -4228.655470826 5259.655323359 -2.04347564414 -5.67778306141 -4.73514818209
2023-12-28T23:28:00.000000 -570.284219117 -4559.285500912 4963.573510537 -2.00418658727 -5.33894768999 -5.13045639562
2023-12-28T23:29:00.000000 -689.124107971 -4868.832541131 4644.473392766 -1.95561223394 -4.97528354929 -5.50212633041
2023-12-28T23:30:00.000000 -804.776287022 -5155.856055140 4303.825971043 -1.89796928575 -4.58844950043 -5.84841903144
2023-12-28T23:31:00.000000 -916.704205599 -5419.018405649 3943.203262993 -1.83151690287 -4.18021520938 -6.16770797050
2023-12-28T23:32:00.000000 -1024.388114731 -5657.091278864 3564.271292552 -1.75655584008 -3.75245407861 -6.45848729195
2023-12-28T23:33:00.000000 -1127.327530035 -5868.961686495 3168.782612005 -1.67342723869 -3.30713531863 -6.71938001124
2023-12-28T23:34:00.000000 -1225.043607960 -6053.637438593 2758.568332951 -1.58251110543 -2.84631520448 -6.94914542550
2023-12-28T23:35:00.000000 -1317.081433856 -6210.252123704 2335.529762023 -1.48422474235 -2.37212812743 -7.14668571846
2023-12-28T23:36:00.000000 -1403.012211113 -6338.069499521 1901.629621336 -1.37902123403 -1.88677732591 -7.31105247794
2023-12-28T23:37:00.000000 -1482.435361283 -6436.487332332 1458.882895852 -1.26738771856 -1.39252444132 -7.44145305538
2023-12-28T23:38:00.000000 -1554.980497406 -6505.040535939 1009.347320441 -1.14984316377 -0.89167784408 -7.53725584323
2023-12-28T23:39:00.000000 -1620.309263600 -6543.403643293 555.113597875 -1.02693564599 -0.38658060730 -7.59799405618
2023-12-28T23:40:00.000000 -1678.116982515 -6551.392504692 98.295423222 -0.89923927412 0.12040143330 -7.62336843830
2023-12-28T23:41:00.000000 -1728.134125028 -6528.965309259 -358.980623762 -0.76735096424 0.62689173637 -7.61324892193
2023-12-28T23:42:00.000000 -1770.127582633 -6476.222847270 -814.585245576 -0.63188744296 1.13051495579 -7.56767494974
2023-12-28T23:43:00.000000 -1803.901783989 -6393.408127944 -1266.396586285 -0.49348273253 1.62890818001 -7.48685505546
2023-12-28T23:44:00.000000 -1829.299656575 -6280.905274095 -1712.310370911 -0.35278572383 2.11973217181 -7.37116677603
2023-12-28T23:45:00.000000 -1846.203431349 -6139.237744379 -2150.250045298 -0.21045697349 2.60068403592 -7.22115621192
2023-12-28T23:46:00.000000 -1854.535217560 -5969.065732849 -2578.176798877 -0.06716453184 3.06951084069 -7.03753505198
2023-12-28T23:47:00.000000 -1854.257328093 -5771.182810417 -2994.099363608 0.07642024544 3.52402162195 -6.82117472495
2023-12-28T23:48:00.000000 -1845.372369575 -5546.511903311 -3396.083380042 0.21962601740 3.96209677050 -6.57310013442
2023-12-28T23:49:00.000000 -1827.923161809 -5296.100759605 -3782.260471983 0.36178424903 4.38169695883 -6.29448475855
2023-12-28T23:50:00.000000 -1801.992467969 -5021.116805845 -4150.836980873 0.50223241014 4.78087370080 -5.98664531610
2023-12-28T23:51:00.000000 -1767.702540250 -4722.841397208 -4500.102378259 0.64031755954 5.15777988994 -5.65103364921
2023-12-28T23:52:00.000000 -1725.214435178 -4402.663466617 -4828.437038001 0.77539946705 5.51067741839 -5.28922689442
2023-12-28T23:53:00.000000 -1674.727184259 -4062.072843691 -5134.319517343 0.90685302941 5.83794230254 -4.90291922803
2023-12-28T23:54:00.000000 -1616.476802415 -3702.653210274 -5416.333356869 1.03407077149 6.13807053110 -4.49391553035
2023-12-28T23:55:00.000000 -1550.735157948 -3326.074725582 -5673.173557000 1.15646591867 6.40968578808 -4.06412392585
2023-12-28T23:56:00.000000 -1477.808622542 -2934.086095384 -5903.652437599 1.27347538725 6.65154666259 -3.61554555672
2023-12-28T23:57:00.000000 -1398.036587610 -2528.506346032 -6106.704902935 1.38456205724 6.86255147854 -3.15026339366
2023-12-28T23:58:00.000000 -1311.789836765 -2111.216310125 -6281.393021739 1.48921670495 7.04174162587 -2.67043211096
2023-12-28T23:59:00.000000 -1219.468825004 -1684.149988470 -6426.910068799 1.58696025699 7.18830468421 -2.17826832267
2023-12-29T00:00:00.000000 -1121.501783654 -1249.285667222 -6542.583907465 1.67734602392 7.30157669199 -1.67604033260
2023-12-29T00:01:00.000000 -1018.342739764 -808.637003058 -6627.879811901 1.75996114316 7.38104297765 -1.16605845586
2023-12-29T00:02:00.000000 -910.469446900 -364.244014076 -6682.402716165 1.83442747310 7.42633922643 -0.65066709435
2023-12-29T00:03:00.000000 -798.381282720 81.835979347 -6705.899067902 1.90040302355 7.43725430547 -0.13223665695
2023-12-29T00:04:00.000000 -682.596999469 527.537677131 -6698.258048156 1.95758413682 7.41373328505 0.38684700854
2023-12-29T00:05:00.000000 -563.652372997 970.797179331 -6659.512149101 2.00570731248 7.35587782434 0.90419490401
2023-12-29T00:06:00.000000 -442.097760985 1409.561350486 -6589.837014457 2.04454991924 7.26394424234 1.41742562341
2023-12-29T00:07:00.000000 -318.495650381 1841.797016256 -6489.550734386 2.07393051807 7.13834205856 1.92417411647
2023-12-29T00:08:00.000000 -193.418153819 2265.500177153 -6359.112575919 2.09370983013 6.97963392856 2.42210109153
2023-12-29T00:09:00.000000 -67.444442298 2678.705160264 -6199.121107661 2.10379202061 6.78853436908 2.90890448670
2023-12-29T00:10:00.000000 58.841880565 3079.493626520 -6010.311620515 2.10412525356 6.56590584105 3.38233062849
2023-12-29T00:11:00.000000 184.855418361 3466.003307457 -5793.552952503 2.09470147682 6.31275433213 3.84018290484
2023-12-29T00:12:00.000000 310.011603807 3836.436533296 -5549.843833706 2.07555652249 6.03022688118 4.28032958984
2023-12-29T00:13:00.000000 433.729360710 4189.068649869 -5280.308708868 2.04677102333 5.71960964059 4.70071380103
2023-12-29T00:14:00.000000 555.433811018 4522.256224923 -4986.192895975 2.00847123230 5.38232332634 5.09936533557
2023-12-29T00:15:00.000000 674.559023502 4834.444945229 -4668.857051045 1.96082870652 5.01991596152 5.47441128215
2023-12-29T00:16:00.000000 790.550683915 5124.177003649 -4329.771075687 1.90405903009 4.63405564852 5.82408433456
2023-12-29T00:17:00.000000 902.868704790 5390.098138532 -3970.507543237 1.83842063555 4.22652468866 6.14673087790
2023-12-29T00:18:00.000000 1010.989770845 5630.964290134 -3592.734596255 1.76421411015 3.79921305753 6.44082055872
2023-12-29T00:19:00.000000 1114.409847922 5845.647805063 -3198.208255595 1.68178142045 3.35410936356 6.70495596009
2023-12-29T00:20:00.000000 1212.646630426 6033.143050714 -2788.764200336 1.59150449644 2.89329029069 6.93788027370
2023-12-29T00:21:00.000000 1305.241878562 6192.571382291 -2366.309150147 1.49380331962 2.41891058551 7.13848330323
2023-12-29T00:22:00.000000 1391.763642290 6323.185538039 -1932.811887263 1.38913392493 1.93319348212 7.30580749619
2023-12-29T00:23:00.000000 1471.808364716 6424.373440651 -1490.293911400 1.27798635464 1.43841996254 7.43905411025
2023-12-29T00:24:00.000000 1545.002856250 6495.661311334 -1040.819759098 1.16088235765 0.93691664794 7.53758798891
2023-12-29T00:25:00.000000 1611.006118965 6536.716035488 -586.487092718 1.03837279710 0.43104390293 7.60094049650
2023-12-29T00:26:00.000000 1669.511009902 6547.346849153 -129.416635266 0.91103487977 -0.07681520573 7.62881198517
2023-12-29T00:27:00.000000 1720.245735770 6527.506369030 328.258051243 0.77946920908 -0.58426642573 7.62107455967
2023-12-29T00:28:00.000000 1762.975164569 6477.290888271 784.400933043 0.64429662792 -1.08891746845 7.57777393288
2023-12-29T00:29:00.000000 1797.501940881 6396.939826028 1236.883921603 0.50615498855 -1.58839183708 7.49912891101
2023-12-29T00:30:00.000000 1823.667409913 6286.834388709 1683.597190835 0.36569597650 -2.08034170339 7.38552893800
2023-12-29T00:31:00.000000 1841.352349993 6147.495494030 2122.459325481 0.22358179298 -2.56245965518 7.23753101250
2023-12-29T00:32:00.000000 1850.477497567 5979.581016862 2551.427268369 0.08048137138 -3.03249019350 7.05585617960
2023-12-29T00:33:00.000000 1851.003822449 5783.882316133 2968.506033292 -0.06293369695 -3.48824091576 6.84138476277
2023-12-29T00:34:00.000000 1842.932576097 5561.320148288 3371.758083441 -0.20599282041 -3.92759248352 6.59515043398
2023-12-29T00:35:00.000000 1826.305143043 5312.940010002 3759.312354746 -0.34802919131 -4.34850748843 6.31833431758
2023-12-29T00:36:00.000000 1801.202747095 5039.906970575 4129.372935717 -0.48838212800 -4.74903968549 6.01225944247
2023-12-29T00:37:00.000000 1767.746000455 4743.499876139 4480.227395176 -0.62639984011 -5.12734418001 5.67838414957
2023-12-29T00:38:00.000000 1726.094269837 4425.104981556 4810.254645668 -0.76144292871 -5.48168706018 5.31829330033
2023-12-29T00:39:00.000000 1676.444820136 4086.209055945 5117.932235543 -0.89288810439 -5.81045269939 4.93368824312
2023-12-29T00:40:00.000000 1619.031748689 3728.392129050 5401.843051185 -1.02013141688 -6.11214898853 4.52637734673
2023-12-29T00:41:00.000000 1554.124745801 3353.319927616 5660.681477267 -1.14259073898 -6.38541222077 4.09826744134
2023-12-29T00:42:00.000000 1482.027725063 2962.736018275 5893.259042584 -1.25970769996 -6.62901231863 3.65135501626
2023-12-29T00:43:00.000000 1403.077345013 2558.453639012 6098.509512681 -1.37094941212 -6.84185767910 3.18771661151
2023-12-29T00:44:00.000000 1317.641430224 2142.347274075 6275.493408920 -1.47581034888 -7.02299899707 2.70949899370
2023-12-29T00:45:00.000000 1226.117258324 1716.344016544 6423.401921118 -1.57381459758 -7.17163239416 2.21890951311
2023-12-29T00:46:00.000000 1128.929712637 1282.414761761 6541.560249218 -1.66451828337 -7.28710205253 1.71820618598
2023-12-29T00:47:00.000000 1026.529294940 842.565266763 6629.430333317 -1.74751161802 -7.36890190305 1.20968737917
2023-12-29T00:48:00.000000 919.390036966 398.827143655 6686.612984144 -1.82242022919 -7.41667627110 0.69568189885
2023-12-29T00:49:00.000000 808.007347792 -46.751179807 6712.849423605 -1.88890606776 -7.43022038461 0.17853994823
2023-12-29T00:50:00.000000 692.895804067 -492.113537744 6708.022302558 -1.94666845677 -7.40948127846 -0.33937587829
2023-12-29T00:51:00.000000 574.586868313 -935.205157114 6672.156151130 -1.99544542777 -7.35455838843 -0.85570043365
2023-12-29T00:52:00.000000 453.626527317 -1373.981792221 6605.417236185 -2.03501503059 -7.26570288931 -1.36807619516
2023-12-29T00:53:00.000000 330.572858285 -1806.418779173 6508.112813517 -2.06519636232 -7.14331610019 -1.87416275324
2023-12-29T00:54:00.000000 205.993539525 -2230.520001031 6380.689801256 -2.08585033165 -6.98794807184 -2.37164580928
2023-12-29T00:55:00.000000 80.463328515 -2644.326773537 6223.732987711 -2.09688020820 -6.80029619117 -2.85824660018
2023-12-29T00:56:00.000000 -45.438494108 -3045.926622315 6037.962558380 -2.09823194272 -6.58120298131 -3.33173166404
2023-12-29T00:57:00.000000 -171.130690361 -3433.461906173 5824.231125064 -2.08989441128 -6.33165309613 -3.78992218058
2023-12-29T00:58:00.000000 -296.032653657 -3805.138246126 5583.520141439 -2.07189985878 -6.05277034521 -4.23070300214
2023-12-29T00:59:00.000000 -419.567026525 -4159.232797515 5316.935844418 -2.04432442833 -5.74581453697 -4.65203246837
2023-12-29T01:00:00.000000 -541.162341473 -4494.102271548 5025.704485609 -2.00728825712 -5.41217697823 -5.05195297403
2023-12-29T01:01:00.000000 -660.255644957 -4808.190655006 4711.167010967 -1.96095489242 -5.05337432923 -5.42860085702
2023-12-29T01:02:00.000000 -776.295079392 -5100.036525049 4374.773134979 -1.90553047773 -4.67104211207 -5.78021489524
2023-12-29T01:03:00.000000 -888.742416754 -5368.280007506 4018.074988905 -1.84126316297 -4.26692842984 -6.10514451485
2023-12-29T01:04:00.000000 -997.075566488 -5611.669316073 3642.720190175 -1.76844257609 -3.84288698657 -6.40185847753
2023-12-29T01:05:00.000000 -1100.791037559 -5829.066851117 3250.444451643 -1.68739888092 -3.40086870275 -6.66895300435
2023-12-29T01:06:00.000000 -1199.406333873 -6019.454762944 2843.063705564 -1.59850154201 -2.94291321227 -6.90515849061
2023-12-29T01:07:00.000000 -1292.462277351 -6181.940052753 2422.465887207 -1.50215817411 -2.47114099254 -7.10934612672
2023-12-29T01:08:00.000000 -1379.525260986 -6315.759157749 1990.602233306 -1.39881327272 -1.98774456639 -7.28053583081
2023-12-29T01:09:00.000000 -1460.189401964 -6420.281941797 1549.478128165 -1.28894601953 -1.49497674661 -7.41790389893
2023-12-29T01:10:00.000000 -1534.078531185 -6495.014912374 1101.143563273 -1.17306710702 -0.99513735990 -7.52078749994
2023-12-29T01:11:00.000000 -1600.847985828 -6539.603682685 647.683434117 -1.05171561850 -0.49056175122 -7.58868627125
2023-12-29T01:12:00.000000 -1660.186243118 -6553.834820440 191.207737460 -0.92545685814 0.01638838022 -7.62126438466
2023-12-29T01:13:00.000000 -1711.816445180 -6537.637144248 -266.158419333 -0.79488062596 0.52333508631 -7.61835453321
2023-12-29T01:14:00.000000 -1755.497793950 -6491.082306086 -722.285024976 -0.66059877481 1.02789740644 -7.57996127914
2023-12-29T01:15:00.000000 -1791.026784448 -6414.384551407 -1175.047521067 -0.52324175883 1.52770569054 -7.50626116738
2023-12-29T01:16:00.000000 -1818.238198109 -6307.899640297 -1622.337040447 -0.38345478985 2.02041421329 -7.39760046835
2023-12-29T01:17:00.000000 -1837.005881831 -6172.123087617 -2062.070531690 -0.24189417446 2.50371229108 -7.25449291986
2023-12-29T01:18:00.000000 -1847.243301869 -6007.687694695 -2492.200725128 -0.09922382046 2.97533594069 -7.07761741220
2023-12-29T01:19:00.000000 -1848.903907010 -5815.360409474 -2910.725957160 0.04388813196 3.43308010220 -6.86781396592
2023-12-29T01:20:00.000000 -1841.981279508 -5596.038423533 -3315.699647704 0.18677245080 3.87480979721 -6.62607788386
2023-12-29T01:21:00.000000 -1826.509115565 -5350.744687934 -3705.239445430 0.32876184263 4.29846985475 -6.35355357787
2023-12-29T01:22:00.000000 -1802.561004742 -5080.622821632 -4077.535968870 0.46919423115 4.70209422406 -6.05152832791
2023-12-29T01:23:00.000000 -1770.250022744 -4786.931523977 -4430.861196817 0.60741623729 5.08381487011 -5.72142503694
2023-12-29T01:24:00.000000 -1729.728103319 -4471.038435742 -4763.576341021 0.74278634741 5.44186925273 -5.36479423089
2023-12-29T01:25:00.000000 -1681.185250431 -4134.413629976 -5074.139298196 0.87467760175 5.77460688251 -4.98330674664
2023-12-29T01:26:00.000000 -1624.848577031 -3778.622651854 -5361.111633666 1.00248025991 6.08049674085 -4.57874683115
2023-12-29T01:27:00.000000 -1560.981197511 -3405.319130596 -5623.165185594 1.12560473101 6.35813552522 -4.15300358077
2023-12-29T01:28:00.000000 -1489.880921979 -3016.236878289 -5859.088002522 1.24348438272 6.60625437415 -3.70806012852
2023-12-29T01:29:00.000000 -1411.878814318 -2613.181708640 -6067.789676232 1.35557785112 6.82372289665 -3.24598276174
2023-12-29T01:30:00.000000 -1327.337603515 -2198.023014676 -6248.306015914 1.46137115509 7.00955212998 -2.76891158308
2023-12-29T01:31:00.000000 -1236.649984913 -1772.685217405 -6399.803248758 1.56038002154 7.16289797407 -2.27905149992
2023-12-29T01:32:00.000000 -1140.236758666 -1339.138946657 -6521.581581710 1.65215208361 7.28306430046 -1.77866228915
2023-12-29T01:33:00.000000 -1038.544873838 -899.392121312 -6613.078213408 1.73626839165 7.36950475112 -1.27004862746
2023-12-29T01:34:00.000000 -932.045381267 -455.480897114 -6673.869726581 1.81234444423 7.42182437388 -0.75555125640
2023-12-29T01:35:00.000000 -821.231344360 -9.460534512 -6703.674030542 1.88003151471 7.43978222768 -0.23753789243
2023-12-29T01:36:00.000000 -706.615627555 436.603937508 -6702.351624839 1.93901848107 7.42329358060 0.28160768953
2023-12-29T01:37:00.000000 -588.728591431 880.647085798 -6669.906233819 1.98903358056 7.37242967271 0.79949727622
2023-12-29T01:38:00.000000 -468.115686059 1320.612398979 -6606.484737398 2.02984567485 7.28741599136 1.31374815774
2023-12-29T01:39:00.000000 -345.334990531 1754.461484362 -6512.376609364 2.06126515299 7.16863133085 1.82199201046
2023-12-29T01:40:00.000000 -220.954696957 2180.183276555 -6388.012736282 2.08314455190 7.01660754047 2.32188497280
2023-12-29T01:41:00.000000 -95.550577185 2595.803166135 -6233.963627781 2.09537873747 6.83202754692 2.81111875164
2023-12-29T01:42:00.000000 30.296563664 2999.391968349 -6050.936974128 2.09790500522 6.61572176479 3.28742996741
2023-12-29T01:43:00.000000 156.003446265 3389.074674308 -5839.774741828 2.09070389243 6.36866558778 3.74860765748
2023-12-29T01:44:00.000000 280.986960512 3763.039132325 -5601.449762679 2.07380078638 6.09197880473 4.19250244991
2023-12-29T01:45:00.000000 404.666898391 4119.544667522 -5337.061662489 2.04726710328 5.78692337987 4.61703944893
2023-12-29T01:46:00.000000 526.468714174 4456.930429002 -5047.831990795 2.01121997804 5.45489672729 5.02023154695
2023-12-29T01:47:00.000000 645.826228823 4773.623245910 -4735.098639803 1.96582094738 5.09742260804 5.40018894501
2023-12-29T01:48:00.000000 762.184259445 5068.144974702 -4400.309811202 1.91127492404 4.71614396914 5.75512535819
2023-12-29T01:49:00.000000 875.001208617 5339.119508661 -4045.017612421 1.84782976148 4.31281832887 6.08336500589
2023-12-29T01:50:00.000000 983.751624198 5585.279506420 -3670.871145525 1.77577562144 3.88931254960 6.38335220771
2023-12-29T01:51:00.000000 1087.928701466 5805.472713442 -3279.608997455 1.69544371576 3.44759473906 6.65366151724
2023-12-29T01:52:00.000000 1187.046706357 5998.667764962 -2873.051156844 1.60720493127 2.98972427065 6.89300602874
2023-12-29T01:53:00.000000 1280.643319281 6163.959335173 -2453.090502881 1.51146869537 2.51784164406 7.10024415237
2023-12-29T01:54:00.000000 1368.281909674 6300.572712110 -2021.683887830 1.40868157739 2.03415835244 7.27438610845
2023-12-29T01:55:00.000000 1449.553699130 6407.867723136 -1580.842836409 1.29932505429 1.54094594481 7.41460018534
2023-12-29T01:56:00.000000 1524.079779176 6485.342011673 -1132.623905414 1.18391270774 1.04052422411 7.52021780442
2023-12-29T01:57:00.000000 1591.512949189 6532.633548232 -679.118780047 1.06298751718 0.53524923395 7.59073704809
2023-12-29T01:58:00.000000 1651.539406029 6549.522459020 -222.444196693 0.93711930077 0.02750144592 7.62582518441
2023-12-29T01:59:00.000000 1703.880266633 6535.932127524 235.268275026 0.80690183442 -0.48032605240 7.62532074195
2023-12-29T02:00:00.000000 1748.292915639 6491.929610660 691.882552447 0.67294947753 -0.98583991855 7.58923505718
2023-12-29T02:01:00.000000 1784.572126976 6417.725235941 1145.268431000 0.53589374509 -1.48665972940 7.51775254001
2023-12-29T02:02:00.000000 1812.551003073 6313.671435082 1593.311922253 0.39638021759 -1.98043135504 7.41122886501
2023-12-29T02:03:00.000000 1832.101726970 6180.260781877 2033.925428776 0.25506564678 -2.46483919929 7.27018735011
2023-12-29T02:04:00.000000 1843.136151036 6018.123373260 2465.057678769 0.11261480186 -2.93761679864 7.09531492576
2023-12-29T02:05:00.000000 1845.606161055 5828.023561424 2884.703438261 -0.03030312942 -3.39655696616 6.88745864606
2023-12-29T02:06:00.000000 1839.503832922 5610.856079083 3290.913005406 -0.17301832148 -3.83952285896 6.64762170960
2023-12-29T02:07:00.000000 1824.861359126 5367.641466732 3681.801401780 -0.31486388727 -4.26445939670 6.37695742264
2023-12-29T02:08:00.000000 1801.750778705 5099.520872270 4055.557167468 -0.45517911563 -4.66940311428 6.07676131129
2023-12-29T02:09:00.000000 1770.283509288 4807.750301070 4410.450634959 -0.59331255159 -5.05248997005 5.74846324357
2023-12-29T02:10:00.000000 1730.609702088 4493.694438223 4744.841784565 -0.72862504922 -5.41196266473 5.39362041468
2023-12-29T02:11:00.000000 1682.917412012 4158.819996211 5057.187658600 -0.86049271621 -5.74617873080 5.01390997050
2023-12-29T02:12:00.000000 1627.431604603 3804.688598725 5346.049318903 -0.98830961271 -6.05361857430 4.61111992396
2023-12-29T02:13:00.000000 1564.412998289 3432.949186639 5610.098167988 -1.11149028476 -6.33289190981 4.18713880531
2023-12-29T02:14:00.000000 1494.156761818 3045.330121456 5848.121678393 -1.22947225676 -6.58274236128 3.74394539017
2023-12-29T02:15:00.000000 1416.991063775 2643.631032555 6059.028508855 -1.34171832102 -6.80205105415 3.28359905995
2023-12-29T02:16:00.000000 1333.275501678 2229.714487300 6241.853077574 -1.44771840114 -6.98983981301 2.80823054758
2023-12-29T02:17:00.000000 1243.399421047 1805.497442431 6395.759557248 -1.54699123712 -7.14527407454 2.32003295336
2023-12-29T02:18:00.000000 1147.780127664 1372.942552007 6520.045354826 -1.63908648505 -7.26766566888 1.82125278722
2023-12-29T02:19:00.000000 1046.860956943 934.049299791 6614.144026231 -1.72358721423 -7.35647542380 1.31418046604
2023-12-29T02:20:00.000000 941.109205475 490.845003685 6677.627628890 -1.80011195413 -7.41131507275 0.80114000768
2023-12-29T02:21:00.000000 831.013967482 45.375724096 6710.208400612 -1.86831566268 -7.43194812074 0.28447868899
2023-12-29T02:22:00.000000 717.083936013 -400.302847776 6711.739874520 -1.92789020083 -7.41829010457 -0.23344254043
2023-12-29T02:23:00.000000 599.845158959 -844.134520177 6682.217413707 -1.97856534194 -7.37040877189 -0.75025821878
2023-12-29T02:24:00.000000 479.838723496 -1284.071729974 6621.778215167 -2.02011041260 -7.28852394744 -1.26360799203
2023-12-29T02:25:00.000000 357.618333481 -1718.084640920 6530.700696845 -2.05233569118 -7.17300645033 -1.77114659792
2023-12-29T02:26:00.000000 233.747827965 -2144.170154992 6409.403280016 -2.07509300507 -7.02437642605 -2.27055357889
2023-12-29T02:27:00.000000 108.798687147 -2560.360817840 6258.442652713 -2.08827599754 -6.84330154972 -2.75954263260
2023-12-29T02:28:00.000000 -16.652497088 -2964.733611822 6078.511411178 -2.09182069861 -6.63059498643 -3.23587103551
2023-12-29T02:29:00.000000 -142.026584217 -3355.418606529 5870.435177772 -2.08570622123 -6.38721255136 -3.69734914309
2023-12-29T02:30:00.000000 -266.744481364 -3730.607411782 5635.169117579 -2.06995506993 -6.11424931919 -4.14184952223
2023-12-29T02:31:00.000000 -390.229746365 -4088.561438773 5373.793965643 -2.04463305230 -5.81293622514 -4.56731597399
2023-12-29T02:32:00.000000 -511.911182338 -4427.619938400 5087.511446082 -2.00984922798 -5.48463638251 -4.97177313706
2023-12-29T02:33:00.000000 -631.225437128 -4746.207796013 4777.639132669 -1.96575600263 -5.13084010022 -5.35333652930
2023-12-29T02:34:00.000000 -747.619599609 -5042.842970422 4445.604694868 -1.91254903513 -4.75315859389 -5.71022199199
2023-12-29T02:35:00.000000 -860.553786345 -5316.143560052 4092.939634706 -1.85046673136 -4.35331735778 -6.04075426437
2023-12-29T02:36:00.000000 -969.503679878 -5564.834453899 3721.272486619 -1.77978943442 -3.93314953250 -6.34337555537
2023-12-29T02:37:00.000000 -1073.963017287 -5787.753574617 3332.321505885 -1.70083837852 -3.49458821683 -6.61665446314
2023-12-29T02:38:00.000000 -1173.445998906 -5983.857592444 2927.886830122 -1.61397423762 -3.03965716610 -6.85929413685
2023-12-29T02:39:00.000000 -1267.489605040 -6152.227082419 2509.842208772 -1.51959526573 -2.57046094691 -7.07013871151
2023-12-29T02:40:00.000000 -1355.655790014 -6292.071082964 2080.126377731 -1.41813542744 -2.08917574185 -7.24817870854
2023-12-29T02:41:00.000000 -1437.533581296 -6402.731132305 1640.734108764 -1.31006290270 -1.59804024961 -7.39255670967
2023-12-29T02:42:00.000000 -1512.741085123 -6483.684698069 1193.706910986 -1.19587871155 -1.09934527083 -7.50257320647
2023-12-29T02:43:00.000000 -1580.927412025 -6534.547978600 741.123401156 -1.07611474926 -0.59542201525 -7.57769139598
2023-12-29T02:44:00.000000 -1641.774438922 -6555.077959747 285.089438237 -0.95133081480 -0.08863047028 -7.61754049807
2023-12-29T02:45:00.000000 -1694.998380108 -6545.173821316 -172.271923856 -0.82211107915 0.41865165982 -7.62191855682
2023-12-29T02:46:00.000000 -1740.351145623 -6504.877627802 -628.830645965 -0.68906079689 0.92404082978 -7.59079523853
2023-12-29T02:47:00.000000 -1777.621525181 -6434.374304376 -1082.460066536 -0.55280352212 1.42516153259 -7.52431338150
2023-12-29T02:48:00.000000 -1806.636201648 -6333.990687300 -1531.047260920 -0.41397834092 1.91966113291 -7.42278754594
2023-12-29T02:49:00.000000 -1827.260589675 -6204.193757254 -1972.503223048 -0.27323662023 2.40522292734 -7.28669968740
2023-12-29T02:50:00.000000 -1839.399464108 -6045.588148900 -2404.772766742 -0.13123846525 2.87957604103 -7.11669434178
2023-12-29T02:51:00.000000 -1842.997384351 -5858.913176898 -2825.844166759 0.01135066527 3.34050397632 -6.91357535958
2023-12-29T02:52:00.000000 -1838.038917713 -5645.039265716 -3233.758653190 0.15386316096 3.78585471777 -6.67830364247
2023-12-29T02:53:00.000000 -1824.548665850 -5404.963719010 -3626.619728575 0.29563279820 4.21355303103 -6.41199300556
2023-12-29T02:54:00.000000 -1802.591064322 -5139.805749369 -4002.602127000 0.43599861575 4.62161223369 -6.11590255394
2023-12-29T02:55:00.000000 -1772.269961160 -4850.800893324 -4359.960255208 0.57430833743 5.00814273296 -5.79142739665
2023-12-29T02:56:00.000000 -1733.728017884 -4539.294999174 -4697.036105314 0.70992077240 5.37135797975 -5.44009093956
2023-12-29T02:57:00.000000 -1687.145986608 -4206.737858008 -5012.266787743 0.84220784002 5.70958105996 -5.06353928970
2023-12-29T02:58:00.000000 -1632.741841547 -3854.676371110 -5304.191696737 0.97055735539 6.02125343750 -4.66353494847
2023-12-29T02:59:00.000000 -1570.769723839 -3484.747173936 -5571.459254331 1.09437662473 6.30494385145 -4.24194750653
2023-12-29T03:00:00.000000 -1501.518665858 -3098.668791478 -5812.832982607 1.21309572467 6.55935467185 -3.80074224497
2023-12-29T03:01:00.000000 -1425.311158863 -2698.233504550 -6027.196922965 1.32616964300 6.78332566010 -3.34196937613
2023-12-29T03:02:00.000000 -1342.501603125 -2285.299000731 -6213.560432978 1.43307982037 6.97583708046 -2.86775493127
2023-12-29T03:03:00.000000 -1253.474677896 -1861.779857308 -6371.062506110 1.53333611848 7.13601325194 -2.38029208004
2023-12-29T03:04:00.000000 -1158.643552215 -1429.638778734 -6498.975500062 1.62647933701 7.26312599524 -1.88183177644
2023-12-29T03:05:00.000000 -1058.447963065 -990.877666373 -6596.708322714 1.71208345811 7.35659741933 -1.37467280457
2023-12-29T03:06:00.000000 -953.352171604 -547.528525153 -6663.808976947 1.78975707320 7.41600218094 -0.86115168089
2023-12-29T03:07:00.000000 -843.842863390 -101.644261214 -6699.966548046 1.85914444619 7.44106927970 -0.34363240627
2023-12-29T03:08:00.000000 -730.426960717 344.710618149 -6705.012518273 1.91992699470 7.43168304501 0.17550392833
2023-12-29T03:09:00.000000 -613.629338200 789.469328849 -6678.921495266 1.97182518139 7.38788319122 0.69386954082
2023-12-29T03:10:00.000000 -493.990434168 1230.572115421 -6621.811281865 2.01459996128 7.30986416748 1.20908029303
2023-12-29T03:11:00.000000 -372.063801406 1665.975501998 -6533.942379446 2.04805317871 7.19797386928 1.71876575311
2023-12-29T03:12:00.000000 -248.413659914 2093.661444817 -6415.716866576 2.07202742834 7.05271186834 2.22057835817
2023-12-29T03:13:00.000000 -123.612439288 2511.646388947 -6267.676791646 2.08640662936 6.87472794180 2.71220161741
2023-12-29T03:14:00.000000 1.761745371 2917.990248459 -6090.502029733 2.09111779629 6.66482144618 3.19135886389
2023-12-29T03:15:00.000000 127.127746017 3310.805374477 -5885.007607055 2.08613299407 6.42394046074 3.65582417572
2023-12-29T03:16:00.000000 251.904110774 3688.265395418 -5652.140267198 2.07146998571 6.15317877588 4.10343492145
2023-12-29T03:17:00.000000 375.511802394 4048.613805056 -5392.974319127 2.04719133864 5.85377040428 4.53210341705
2023-12-29T03:18:00.000000 497.376851817 4390.172185236 -5108.706834937 2.01340317689 5.52708334728 4.93982625798
2023-12-29T03:19:00.000000 616.932948429 4711.348077394 -4800.652368309 1.97025469572 5.17461397676 5.32469238636
2023-12-29T03:20:00.000000 733.624030932 5010.642526340 -4470.237159961 1.91793843982 4.79798176576 5.68489152547
2023-12-29T03:21:00.000000 846.906899506 5286.657291769 -4118.992810753 1.85669054867 4.39892341127 6.01872333499
2023-12-29T03:22:00.000000 956.253823511 5538.101687271 -3748.549413565 1.78679037910 3.97928590204 6.32460682383
2023-12-29T03:23:00.000000 1061.155101145 5763.798939531 -3360.628096849 1.70855935663 3.54101841256 6.60108967585
2023-12-29T03:24:00.000000 1161.121538205 5962.692076158 -2957.033063187 1.62235923634 3.08616279458 6.84685671116
2023-12-29T03:25:00.000000 1255.686807203 6133.849148798 -2539.643132315 1.52859025918 2.61684338768 7.06073662655
2023-12-29T03:26:00.000000 1344.409714619 6276.467913951 -2110.402953035 1.42768967222 2.13525744858 7.24170759053
2023-12-29T03:27:00.000000 1426.876371132 6389.879896055 -1671.313830846 1.32013033840 1.64366584990 7.38890357997
2023-12-29T03:28:00.000000 1502.702282648 6473.553937371 -1224.424194624 1.20641842998 1.14438182573 7.50162150668
2023-12-29T03:29:00.000000 1571.534232264 6527.098884548 -771.819622766 1.08708987020 0.63975715112 7.57932634947
2023-12-29T03:30:00.000000 1633.051960007 6550.265509330 -315.612724413 0.96270671585 0.13216845664 7.62165242934
2023-12-29T03:31:00.000000 1686.969648824 6542.947629557 142.067046379 0.83385482823 -0.37599365144 7.62840317358
2023-12-29T03:32:00.000000 1733.037311271 6505.182698760 599.083520299 0.70114220922 -0.88233448534 7.59955272990
2023-12-29T03:33:00.000000 1771.042036479 6437.151661688 1053.304190073 0.56519618303 -1.38446757928 7.53524886554
2023-12-29T03:34:00.000000 1800.809020265 6339.178036221 1502.610631642 0.42665887941 -1.88002961218 7.43581311383
2023-12-29T03:35:00.000000 1822.202319490 6211.726088221 1944.908842796 0.28618271300 -2.36669424780 7.30173683041
2023-12-29T03:36:00.000000 1835.125358170 6055.398280327 2378.139253515 0.14442730053 -2.84218307670 7.13367595380
2023-12-29T03:37:00.000000 1839.521300584 5870.932090724 2800.286491138 0.00205720221 -3.30427561377 6.93244701441
2023-12-29T03:38:00.000000 1835.373259984 5659.196217859 3209.388893459 -0.14026107377 -3.75082028479 6.69902296401
2023-12-29T03:39:00.000000 1822.704304690 5421.186110811 3603.547713699 -0.28186287552 -4.17974520447 6.43452700354
2023-12-29T03:40:00.000000 1801.577237378 5158.018918038 3980.935928680 -0.42208882201 -4.58906708143 6.14022537991
2023-12-29T03:41:00.000000 1772.094199765 4870.927924307 4339.806615442 -0.56028742596 -4.97689932422 5.81752095558
2023-12-29T03:42:00.000000 1734.396118940 4561.256485310 4678.500967585 -0.69581789069 -5.34146109783 5.46794669594
2023-12-29T03:43:00.000000 1688.661958373 4230.451402583 4995.455839017 -0.82805369008 -5.68108643629 5.09315711101
2023-12-29T03:44:00.000000 1635.107755129 3880.055808446 5289.210764444 -0.95638621213 -5.99423123184 4.69491821442
2023-12-29T03:45:00.000000 1573.985450494 3511.701695754 5558.414336174 -1.08022760573 -6.27947838751 4.27509805485
2023-12-29T03:46:00.000000 1505.581580952 3127.102142704 5801.830077198 -1.19901294100 -6.53554309044 3.83565781812
2023-12-29T03:47:00.000000 1430.215837692 2728.043212766 6018.341709233 -1.31220217348 -6.76127810214 3.37864166924
2023-12-29T03:48:00.000000 1348.239528601 2316.375587998 6206.957836696 -1.41928188253 -6.95567697361 2.90616573920
2023-12-29T03:49:00.000000 1260.033928492 1894.006083588 6366.815940464 -1.51976673879 -7.11787524727 2.42040887914
2023-12-29T03:50:00.000000 1166.008548972 1462.889075969 6497.185948479 -1.61320123913 -7.24715257649 1.92360565581
2023-12-29T03:51:00.000000 1066.599275889 1025.017734976 6597.473314649 -1.69916209777 -7.34293696442 1.41803835201
2023-12-29T03:52:00.000000 962.266368391 582.415001112 6667.221625721 -1.77726056591 -7.40480839383 0.90602590271
2023-12-29T03:53:00.000000 853.492338358 137.124437594 6706.114384196 -1.84714370638 -7.43249934231 0.38991208638
2023-12-29T03:54:00.000000 740.779786512 -308.798889202 6713.976231862 -1.90849502198 -7.42589387995 -0.12794397679
2023-12-29T03:55:00.000000 624.649176046 -753.297517415 6690.773595114 -1.96103571789 -7.38502807011 -0.64517602406
2023-12-29T03:56:00.000000 505.636521284 -1194.320731400 6636.614866996 -2.00452670990 -7.31009094561 -1.15942058115
2023-12-29T03:57:00.000000 384.290952791 -1629.833720813 6551.749881727 -2.03877000824 -7.20142332803 -1.66832818667
2023-12-29T03:58:00.000000 261.172240064 -2057.826617419 6436.568764764 -2.06360873394 -7.05951505530 -2.16957293499
2023-12-29T03:59:00.000000 136.848342423 -2476.323361701 6291.600303113 -2.07892694218 -6.88500335773 -2.66086027693
2023-12-29T04:00:00.000000 11.892926255 -2883.390543936 6117.509793378 -2.08465061604 -6.67867257934 -3.13993620543
2023-12-29T04:01:00.000000 -113.117199335 -3277.146178149 5915.096268125 -2.08074915042 -6.44145182401 -3.60459877617
2023-12-29T04:02:00.000000 -237.604702777 -3655.768242014 5685.289044576 -2.06723566615 -6.17440962553 -4.05270849922
2023-12-29T04:03:00.000000 -360.994330366 -4017.502879185 5429.143750192 -2.04416614881 -5.87874912832 -4.48219566042
2023-12-29T04:04:00.000000 -482.715461113 -4360.672403290 5147.837925918 -2.01163913326 -5.55580621248 -4.89106775260
2023-12-29T04:05:00.000000 -602.204688498 -4683.683217291 4842.666072601 -1.96979669375 -5.20704704285 -5.27742056826
2023-12-29T04:06:00.000000 -718.908455327 -4985.033430879 4515.033986496 -1.91882518029 -4.83406077284 -5.63945049265
2023-12-29T04:07:00.000000 -832.285691327 -5263.319939045 4166.452437847 -1.85895409552 -4.43854947855 -5.97546299740
2023-12-29T04:08:00.000000 -941.810332951 -5517.244956725 3798.530469224 -1.79045367286 -4.02232109969 -6.28387748044
2023-12-29T04:09:00.000000 -1046.973705358 -5745.622274554 3412.968387680 -1.71363317983 -3.58728608261 -6.56323392553
2023-12-29T04:10:00.000000 -1147.286849505 -5947.383249625 3011.550225344 -1.62884069991 -3.13545196916 -6.81220370328
2023-12-29T04:11:00.000000 -1242.282863754 -6121.582350618 2596.135504694 -1.53646322785 -2.66891232538 -7.02960041122
2023-12-29T04:12:00.000000 -1331.519209345 -6267.401894260 2168.650493929 -1.43692557396 -2.18983314308 -7.21438627114
2023-12-29T04:13:00.000000 -1414.579911477 -6384.156050836 1731.079192758 -1.33068794431 -1.70044173081 -7.36567530231
2023-12-29T04:14:00.000000 -1491.077598382 -6471.294231170 1285.454109508 -1.21824310363 -1.20301812213 -7.48273713625
2023-12-29T04:15:00.000000 -1560.655378549 -6528.404024930 833.846781252 -1.10011394169 -0.69988569775 -7.56500222785
2023-12-29T04:16:00.000000 -1622.988589363 -6555.213429466 378.357972220 -0.97685158859 -0.19339976689 -7.61206644275
2023-12-29T04:17:00.000000 -1677.786438232 -6551.592424512 -78.892351769 -0.84903342960 0.31406470013 -7.62369434300
2023-12-29T04:18:00.000000 -1724.793485878 -6517.553739081 -535.775223882 -0.71726012395 0.82012582794 -7.59982174248
2023-12-29T04:19:00.000000 -1763.790935121 -6453.252904643 -990.162998577 -0.58215144918 1.32240851232 -7.54055673668
2023-12-29T04:20:00.000000 -1794.597634454 -6358.987402417 -1439.939642790 -0.44434192688 1.81855786175 -7.44617780350
2023-12-29T04:21:00.000000 -1817.070860913 -6235.195127465 -1883.010850185 -0.30447737195 2.30625042860 -7.31713006173
2023-12-29T04:22:00.000000 -1831.106906958 -6082.452171649 -2317.313942859 -0.16321236773 2.78320383753 -7.15402235087
2023-12-29T04:23:00.000000 -1836.641547709 -5901.470103783 -2740.827638204 -0.02120764550 3.24718736408 -6.95762524257
2023-12-29T04:24:00.000000 -1833.650301723 -5693.092475232 -3151.581659787 0.12087319623 3.69603388850 -6.72886762142
2023-12-29T04:25:00.000000 -1822.148504772 -5458.290681636 -3547.666074507 0.26236716614 4.12765112486 -6.46883092822
2023-12-29T04:26:00.000000 -1802.191169487 -5198.159149866 -3927.240249572 0.40261501842 4.54003116937 -6.17874280783
2023-12-29T04:27:00.000000 -1773.872680761 -4913.910036318 -4288.541446270 0.54096425740 4.93125978697 -5.85997089079
2023-12-29T04:28:00.000000 -1737.326290656 -4606.867295917 -4629.893002748 0.67677228461 5.29952594113 -5.51401544800
2023-12-29T04:29:00.000000 -1692.723434453 -4278.460247213 -4949.712034927 0.80940947131 5.64312991316 -5.14250055058
2023-12-29T04:30:00.000000 -1640.272861143 -3930.216678781 -5246.516598792 0.93826197447 5.96048956375 -4.74716570337
2023-12-29T04:31:00.000000 -1580.219608354 -3563.755634011 -5518.932403048 1.06273463674 6.25014679270 -4.32985839711
2023-12-29T04:32:00.000000 -1512.843784181 -3180.779730991 -5765.699031147 1.18225409749 6.51077510637 -3.89252526955
2023-12-29T04:33:00.000000 -1438.459176392 -2783.067069522 -5985.675554334 1.29627147103 6.74118576578 -3.43720060626
2023-12-29T04:34:00.000000 -1357.411722232 -2372.462853199 -6177.845441607 1.40426409438 6.94033062284 -2.96599508066
2023-12-29T04:35:00.000000 -1270.077899348 -1950.870924017 -6341.320877829 1.50573697036 7.10730381682 -2.48108729438
2023-12-29T04:36:00.000000 -1176.863006912 -1520.245126175 -6475.346621918 1.60022482464 7.24134538077 -1.98471647307
2023-12-29T04:37:00.000000 -1078.199305342 -1082.580403188 -6579.303373388 1.68729458680 7.34184583843 -1.47917288929
2023-12-29T04:38:00.000000 -974.544019162 -639.903677150 -6652.710490871 1.76654743713 7.40834890233 -0.96678636669
2023-12-29T04:39:00.000000 -866.377236793 -194.264633336 -6695.228038083 1.83762032463 7.44055218036 -0.44991553888
2023-12-29T04:40:00.000000 -754.199719147 252.273532423 -6706.658218414 1.90018753280 7.43830800240 0.06906185190
2023-12-29T04:41:00.000000 -638.530611238 697.643432696 -6686.946211203 1.95396214697 7.40162427848 0.58775958254
2023-12-29T04:42:00.000000 -519.905090421 1139.782801645 -6636.180343207 1.99869665930 7.33066344528 1.10379397961
2023-12-29T04:43:00.000000 -398.872002549 1576.643694324 -6554.591656612 2.03418298260 7.22574005562 1.61479282174
2023-12-29T04:44:00.000000 -275.991481287 2006.201572149 -6442.553010056 2.06025327834 7.08731996604 2.11840228169
2023-12-29T04:45:00.000000 -151.832468527 2426.464422585 -6300.577730930 2.07678208455 6.91602157005 2.61229564860
2023-12-29T04:46:00.000000 -26.970112544 2835.481913636 -6129.317636793 2.08368827262 6.71261569957 3.09418550922
2023-12-29T04:47:00.000000 98.016913599 3231.354454944 -5929.560288633 2.08093539671 6.47802205330 3.56183649732
2023-12-29T04:48:00.000000 222.549072633 3612.241976122 -5702.225543497 2.06853088188 6.21330395821 4.01307549364
2023-12-29T04:49:00.000000 346.048574706 3976.372404368 -5448.361572197 2.04652557770 5.91966407269 4.44580002243
2023-12-29T04:50:00.000000 467.941990086 4322.049911946 -5169.140349491 2.01501412741 5.59844083261 4.85798716791
2023-12-29T04:51:00.000000 587.662895106 4647.662949618 -4865.852593704 1.97413541605 5.25110410533 5.24770353143
2023-12-29T04:52:00.000000 704.654525949 4951.691967834 -4539.902089409 1.92407246921 4.87924958148 5.61311533276
2023-12-29T04:53:00.000000 818.372409901 5232.716766440 -4192.799408451 1.86505187660 4.48459214605 5.95249834079
2023-12-29T04:54:00.000000 928.286955937 5489.423421940 -3826.155055539 1.79734289562 4.06895790467 6.26424728851
2023-12-29T04:55:00.000000 1033.885977376 5720.610687622 -3441.672070371 1.72125624709 3.63427540076 6.54688389928
2023-12-29T04:56:00.000000 1134.677144135 5925.195899040 -3041.138216971 1.63714284033 3.18256727770 6.79906369944
2023-12-29T04:57:00.000000 1230.190356842 6102.220375035 -2626.417729536 1.54539263957 2.71594246774 7.01958336604
2023-12-29T04:58:00.000000 1319.980054674 6250.854335765 -2199.442594110 1.44643329279 2.23658679461 7.20738919648
2023-12-29T04:59:00.000000 1403.627410921 6370.401152222 -1762.203342078 1.34072796915 1.74675090681 7.36158459097
2023-12-29T05:00:00.000000 1480.742389197 6460.300865707 -1316.739459270 1.22877257989 1.24873748492 7.48143470466
2023-12-29T05:01:00.000000 1550.965619107 6520.132943162 -865.129599014 1.11109306406 0.74488976227 7.56636936820
2023-12-29T05:02:00.000000 1613.970129360 6549.618399343 -409.481604884 0.98824297669 0.23758063939 7.61598619065
2023-12-29T05:03:00.000000 1669.462923757 6548.621199774 48.077638994 0.86080098449 -0.27079940077 7.63005347856
2023-12-29T05:04:00.000000 1717.186415504 6517.148959704 505.412511582 0.72936807329 -0.77785517181 7.60851149490
2023-12-29T05:05:00.000000 1756.919670552 6455.352829140 960.388958306 0.59456463144 -1.28119900860 7.55147226662
2023-12-29T05:06:00.000000 1788.479487304 6363.526708883 1410.884794664 0.45702738356 -1.77846249953 7.45921920637
2023-12-29T05:07:00.000000 1811.721264906 6242.105701734 1854.799952710 0.31740582144 -2.26730892287 7.33220618140
2023-12-29T05:08:00.000000 1826.539660792 6091.663859785 2290.066657408 0.17635820355 -2.74544603785 7.17105471944
2023-12-29T05:09:00.000000 1832.868990411 5912.911124605 2714.659335825 0.03454772246 -3.21063796443 6.97654941081
2023-12-29T05:10:00.000000 1830.683428579 5706.689632711 3126.604258230 -0.10736079694 -3.66071615670 6.74963265560
2023-12-29T05:11:00.000000 1819.997005441 5473.969328660 3523.988814653 -0.24870396516 -4.09359021390 6.49139867632
2023-12-29T05:12:00.000000 1800.863440042 5215.842997828 3904.970435792 -0.38882298249 -4.50725784412 6.20308616397
2023-12-29T05:13:00.000000 1773.375758844 4933.520708308 4267.785002147 -0.52706676505 -4.89981277358 5.88607046441
2023-12-29T05:14:00.000000 1737.665752320 4628.323863895 4610.754855513 -0.66279482567 -5.26945154877 5.54185694843
2023-12-29T05:15:00.000000 1693.903248141 4301.678779955 4932.296389632 -0.79538003043 -5.61448153010 5.17207490173
2023-12-29T05:16:00.000000 1642.295236316 3955.109790931 5230.927302974 -0.92421145746 -5.93333015158 4.77846946918
2023-12-29T05:17:00.000000 1583.084797670 3590.231766683 5505.273198686 -1.04869739446 -6.22455288502 4.36289083119
2023-12-29T05:18:00.000000 1516.549865329 3208.742287375 5754.073559314 -1.16826836882 -6.48683813268 3.92728270794
2023-12-29T05:19:00.000000 1443.001799281 2812.413552990 5976.187029980 -1.28237997484 -6.71900995470 3.47367235131
2023-12-29T05:20:00.000000 1362.783816573 2403.084207465 6170.596194714 -1.39051510737 -6.92003065357 3.00416198130
2023-12-29T05:21:00.000000 1276.269303933 1982.650914355 6336.411807102 -1.49218532495 -7.08900423601 2.52092057230
2023-12-29T05:22:00.000000 1183.860073626 1553.059744089 6472.876547165 -1.58693180133 -7.22518053919 2.02617482008
2023-12-29T05:23:00.000000 1085.984543196 1116.297312017 6579.368156849 -1.67432661943 -7.32795875181 1.52219878378
2023-12-29T05:24:00.000000 983.095839383 674.381755975 6655.401986448 -1.75397455179 -7.39688889920 1.01130302107
2023-12-29T05:25:00.000000 875.669773279 229.353695316 6700.632859345 -1.82551485925 -7.43167152992 0.49582502406
2023-12-29T05:26:00.000000 764.202726981 -216.732804155 6714.856472037 -1.88862291040 -7.43215800267 -0.02187867368
2023-12-29T05:27:00.000000 649.209432139 -661.819324644 6698.010247591 -1.94301190465 -7.39835248975 -0.53944128157
2023-12-29T05:28:00.000000 531.220651965 -1103.852330693 6650.173658834 -1.98843455962 -7.33041335816 -1.05449724492
2023-12-29T05:29:00.000000 410.780773257 -1540.792365894 6571.567775988 -2.02468416092 -7.22865106807 -1.56469405990
2023-12-29T05:30:00.000000 288.445359621 -1970.623075740 6462.554196647 -2.05159485344 -7.09352472623 -2.06770095332
2023-12-29T05:31:00.000000 164.778691544 -2391.360086315 6323.633526725 -2.06904190899 -6.92564100987 -2.56121585474
2023-12-29T05:32:00.000000 40.351288758 -2801.059850482 6155.443434429 -2.07694241079 -6.72575465298 -3.04297509132
2023-12-29T05:33:00.000000 -84.262628905 -3197.828506690 5958.755931337 -2.07525588423 -6.49476599271 -3.51076554397
2023-12-29T05:34:00.000000 -208.487692546 -3579.830432173 5734.474048840 -2.06398460512 -6.23371523500 -3.96243458127
2023-12-29T05:35:00.000000 -331.749966922 -3945.296520024 5483.627971808 -2.04317406918 -5.94377828520 -4.39589665816
2023-12-29T05:36:00.000000 -453.479554497 -4292.532228028 5207.370840810 -2.01291361833 -5.62626556277 -4.80914184603
2023-12-29T05:37:00.000000 -573.113233430 -4619.925625315 4906.973786152 -1.97333614257 -5.28261870186 -5.20024859280
2023-12-29T05:38:00.000000 -690.097018729 -4925.954986337 4583.820285713 -1.92461648472 -4.91440159383 -5.56739517154
2023-12-29T05:39:00.000000 -803.888652457 -5209.195873296 4239.399975852 -1.86697029249 -4.52329105101 -5.90886484383
2023-12-29T05:40:00.000000 -913.960041105 -5468.327691587 3875.302281571 -1.80065480389 -4.11107279105 -6.22304951202
2023-12-29T05:41:00.000000 -1019.799818239 -5702.140245744 3493.209617362 -1.72597016911 -3.67963971503 -6.50845958134
2023-12-29T05:42:00.000000 -1120.915892095 -5909.539951327 3094.889849708 -1.64325840818 -3.23098429557 -6.76373834245
2023-12-29T05:43:00.000000 -1216.837868734 -6089.555429502 2682.188009653 -1.55289991438 -2.76718475790 -6.98767221423
2023-12-29T05:44:00.000000 -1307.119240058 -6241.342225032 2257.017527446 -1.45531043785 -2.29039245501 -7.17919408868
2023-12-29T05:45:00.000000 -1391.339483108 -6364.186956609 1821.351418796 -1.35094020157 -1.80282370408 -7.33738620686
2023-12-29T05:46:00.000000 -1469.106109935 -6457.510971478 1377.213119033 -1.24027324481 -1.30675142266 -7.46148677812
2023-12-29T05:47:00.000000 -1540.056624542 -6520.873377765 926.666926872 -1.12382479030 -0.80449266197 -7.55089676018
2023-12-29T05:48:00.000000 -1603.860289500 -6553.973300680 471.808107972 -1.00213745317 -0.29839519721 -7.60518241669
2023-12-29T05:49:00.000000 -1660.219670032 -6556.651376299 14.752994820 -0.87577843134 0.20917317967 -7.62407575407
2023-12-29T05:50:00.000000 -1708.872055552 -6528.890664818 -442.371021168 -0.74533772433 0.71583452599 -7.60747661227
2023-12-29T05:51:00.000000 -1749.590759271 -6470.816898783 -897.435639356 -0.61142569468 1.21921311903 -7.55545519291
2023-12-29T05:52:00.000000 -1782.186244902 -6382.697959042 -1348.321888444 -0.47466949254 1.71694897678 -7.46825165929
2023-12-29T05:53:00.000000 -1806.507017629 -6264.942557952 -1792.930237791 -0.33570959156 2.20670928728 -7.34627358511
2023-12-29T05:54:00.000000 -1822.440339207 -6118.098302668 -2229.190586408 -0.19519703474 2.68619856995 -7.19009430237
2023-12-29T05:55:00.000000 -1829.912779627 -5942.849116404 -2655.072179061 -0.05379051339 3.15317056947 -7.00045166181
2023-12-29T05:56:00.000000 -1828.890572279 -5740.011898984 -3068.593383910 0.08784735987 3.60544157583 -6.77824414145
2023-12-29T05:57:00.000000 -1819.379725039 -5510.532394665 -3467.831128571 0.22905392665 4.04090202465 -6.52452411942
2023-12-29T05:58:00.000000 -1801.425919217 -5255.480457154 -3850.929924195 0.36916987633 4.45752574933 -6.24049101158
2023-12-29T05:59:00.000000 -1775.114213935 -4976.044783854 -4216.110503239 0.50754244054 4.85337888104 -5.92748505711
2023-12-29T06:00:00.000000 -1740.568560080 -4673.527119886 -4561.678065844 0.64352866935 5.22662900687 -5.58698011589
2023-12-29T06:01:00.000000 -1697.951115172 -4349.335902013 -4886.030040822 0.77649832701 5.57555305458 -5.22057524022
2023-12-29T06:02:00.000000 -1647.461409250 -4004.979503120 -5187.663350454 0.90583623794 5.89854392998 -4.82998666192
2023-12-29T06:03:00.000000 -1589.335367483 -3642.059063156 -5465.181215666 1.03094479404 6.19411751591 -4.41704023429
2023-12-29T06:04:00.000000 -1523.844172419 -3262.260909447 -5717.299487266 1.15124714685 6.46092002438 -3.98366237800
2023-12-29T06:05:00.000000 -1451.292910549 -2867.348532258 -5942.852343971 1.26619033693 6.69773356961 -3.53186929828
2023-12-29T06:06:00.000000 -1372.019074120 -2459.154330986 -6140.797367397 1.37524739852 6.90347956118 -3.06375664646
2023-12-29T06:07:00.000000 -1286.390957892 -2039.571157130 -6310.220032793 1.47791866329 7.07722183225 -2.58149063049
2023-12-29T06:08:00.000000 -1194.805986148 -1610.543679767 -6450.337694690 1.57373333144 7.21817048859 -2.08729907740
2023-12-29T06:09:00.000000 -1097.688905690 -1174.059479039 -6560.502975568 1.66225174464 7.32568515837 -1.58346159653
2023-12-29T06:10:00.000000 -995.489846481 -732.140020036 -6640.206581265 1.74306788129 7.39927711862 -1.07229973422
2023-12-29T06:11:00.000000 -888.682235269 -286.831482352 -6689.079517087 1.81581149278 7.43861141291 -0.55616725210
2023-12-29T06:12:00.000000 -777.760602071 159.804511405 -6706.894727047 1.88014961348 7.44350885506 -0.03743905256
2023-12-29T06:13:00.000000 -663.238314584 605.700269317 -6693.567970817 1.93578735611 7.41394580562 0.48150078882
2023-12-29T06:14:00.000000 -545.645282572 1048.791280727 -6649.158077691 1.98246831205 7.35005164711 0.99826884266
2023-12-29T06:15:00.000000 -425.525622667 1487.025361491 -6573.866677238 2.01997537175 7.25210736806 1.51048903649
2023-12-29T06:16:00.000000 -303.435265308 1918.371748137 -6468.037588127 2.04813243510 7.12054724076 2.01580018551
2023-12-29T06:17:00.000000 -179.939424790 2340.830396725 -6332.155555614 2.06680622872 6.95596049316 2.51186768726
2023-12-29T06:18:00.000000 -55.610007759 2752.441208538 -6166.844259316 2.07590700885 6.75908883597 2.99639720570
2023-12-29T06:19:00.000000 68.976993757 3151.293035455 -5972.863556643 2.07538809380 6.53082088461 3.46714534128
2023-12-29T06:20:00.000000 193.244061487 3535.532321490 -5751.106195469 2.06524548876 6.27218788124 3.92192682032
2023-12-29T06:21:00.000000 316.614735506 3903.371633382 -5502.594108478 2.04551853126 5.98436215439 4.35862236585
2023-12-29T06:22:00.000000 438.516243162 4253.098062897 -5228.474135306 2.01629092798 5.66865493933 4.77518966343
2023-12-29T06:23:00.000000 558.382172831 4583.081407970 -4930.013047461 1.97769108267 5.32651102064 5.16967531669
2023-12-29T06:24:00.000000 675.655149083 4891.781992068 -4608.591891283 1.92989151059 4.95950152356 5.54022488198
2023-12-29T06:25:00.000000 789.789446349 5177.758016540 -4265.699800422 1.87310798566 4.56931713307 5.88509136626
2023-12-29T06:26:00.000000 900.253567667 5439.672554216 -3902.927290210 1.80759885704 4.15776151534 6.20264389339
2023-12-29T06:27:00.000000 1006.532773575 5676.300088144 -3521.959016327 1.73366428028 3.72674351393 6.49137672858
2023-12-29T06:28:00.000000 1108.131561774 5886.532568428 -3124.566019043 1.65164504700 3.27826808850 6.74991741614
2023-12-29T06:29:00.000000 1204.576059224 6069.384894725 -2712.597510640 1.56192109537 2.81442716473 6.97703377911
2023-12-29T06:30:00.000000 1295.416326024 6223.999871864 -2287.972256484 1.46490996346 2.33739062473 7.17164073878
2023-12-29T06:31:00.000000 1380.228558701 6349.652579680 -1852.669536369 1.36106512494 1.84939635769 7.33280734763
2023-12-29T06:32:00.000000 1458.617191563 6445.754136534 -1408.719700292 1.25087387046 1.35273871507 7.45976319083
2023-12-29T06:33:00.000000 1530.216843059 6511.854699968 -958.194383090 1.13485457097 0.84975596003 7.55190314238
2023-12-29T06:34:00.000000 1594.694091375 6547.645732312 -503.196491420 1.01355365979 0.34281780727 7.60879037119
2023-12-29T06:35:00.000000 1651.749069281 6552.961511019 -45.850040008 0.88754283479 -0.16568650130 7.63015828594
2023-12-29T06:36:00.000000 1701.116907859 6527.779968945 411.710104778 0.75741650787 -0.67336005223 7.61591204842
2023-12-29T06:37:00.000000 1742.569015517 6472.222772806 867.348566394 0.62378901355 -1.17781069539 7.56612958736
2023-12-29T06:38:00.000000 1775.914174810 6386.554651617 1318.939825365 0.48729120187 -1.67666411194 7.48106130783
2023-12-29T06:39:00.000000 1800.999420651 6271.181927257 1764.378509989 0.34856673270 -2.16757665580 7.36112791774
2023-12-29T06:40:00.000000 1817.710705703 6126.650328997 2201.589513036 0.20826863009 -2.64824711961 7.20691684278
2023-12-29T06:41:00.000000 1825.973366555 5953.642114539 2628.537875196 0.06705615552 -3.11642754497 7.01917830243
2023-12-29T06:42:00.000000 1825.752401911 5752.972553999 3043.238437270 -0.07440846939 -3.56993398939 6.79882125646
2023-12-29T06:43:00.000000 1817.052542867 5525.585752107 3443.765211703 -0.21546360764 -4.00665755310 6.54690833732
2023-12-29T06:44:00.000000 1799.918117775 5272.549834594 3828.260420212 -0.35545152096 -4.42457489865 6.26464922491
2023-12-29T06:45:00.000000 1774.432732530 4995.051525587 4194.943088788 -0.49372111452 -4.82175754497 5.95339309451
2023-12-29T06:46:00.000000 1740.718794678 4694.390203324 4542.117190290 -0.62963060161 -5.19638022507 5.61462098709
2023-12-29T06:47:00.000000 1698.936858455 4371.971460343 4868.179312205 -0.76255074351 -5.54672883452 5.24993788035
2023-12-29T06:48:00.000000 1649.284766645 4029.300221538 5171.625845733 -0.89186845933 -5.87120763418 4.86106383533
2023-12-29T06:49:00.000000 1591.996582154 3667.973457454 5451.059601410 -1.01698991459 -6.16834498488 4.44982457181
2023-12-29T06:50:00.000000 1527.341365939 3289.672600924 5705.195883718 -1.13734271793 -6.43679794272 4.01814266833
2023-12-29T06:51:00.000000 1455.621827492 2896.155674686 5932.868047079 -1.25237784448 -6.67535710132 3.56802961133
2023-12-29T06:52:00.000000 1377.172863088 2489.249122626 6133.032602758 -1.36157196841 -6.88295236190 3.10157723412
2023-12-29T06:53:00.000000 1292.359931677 2070.839271853 6304.773719368 -1.46443005331 -7.05865846762 2.62094704182
2023-12-29T06:54:00.000000 1201.577291694 1642.863531510 6447.307038874 -1.56048746639 -7.20169832843 2.12835788519
2023-12-29T06:55:00.000000 1105.246130226 1207.301466096 6559.982755418 -1.64931127290 -7.31144351327 1.62607439612
2023-12-29T06:56:00.000000 1003.812640112 766.165911315 6642.288088122 -1.73050112581 -7.38741354054 1.11639803078
2023-12-29T06:57:00.000000 897.746030088 321.494084707 6693.849273701 -1.80369039494 -7.42927644981 0.60166021561
2023-12-29T06:58:00.000000 787.536455502 -124.661402466 6714.433154870 -1.86854776537 -7.43685143328 0.08421481785
2023-12-29T06:59:00.000000 673.692846390 -570.241689731 6703.948222796 -1.92477901871 -7.41011153484 -0.43357213988
2023-12-29T07:00:00.000000 556.740634226 -1013.190934377 6662.444996386 -1.97212854572 -7.34918402360 -0.94933452713
2023-12-29T07:01:00.000000 437.219400009 -1451.465505604 6590.115688904 -2.01038046855 -7.25434812896 -1.46071701218
2023-12-29T07:02:00.000000 315.680461963 -1883.043017805 6487.293297733 -2.03935959072 -7.12603255671 -1.96538363634
2023-12-29T07:03:00.000000 192.684406004 -2305.931262999 6354.450164460 -2.05893227723 -6.96481444910 -2.46102599880
2023-12-29T07:04:00.000000 68.798576991 -2718.177096139 6192.196107446 -2.06900692994 -6.77141841330 -2.94537313828
2023-12-29T07:05:00.000000 -55.405442369 -3117.875206009 6001.275789804 -2.06953378310 -6.54671372555 -3.41620196305
2023-12-29T07:06:00.000000 -179.354327973 -3503.176682004 5782.565616333 -2.06050463024 -6.29171057988 -3.87134603603
2023-12-29T07:07:00.000000 -302.475529668 -3872.297389609 5537.070051665 -2.04195354461 -6.00755770802 -4.30870339861
2023-12-29T07:08:00.000000 -424.199844524 -4223.526231107 5265.917540422 -2.01395846859 -5.69554043556 -4.72624677457
2023-12-29T07:09:00.000000 -543.964089417 -4555.233210145 4970.355581647 -1.97664196158 -5.35707555690 -5.12203621294
2023-12-29T07:10:00.000000 -661.213737660 -4865.877049139 4651.745187787 -1.93016980337 -4.99370217687 -5.49422965587
2023-12-29T07:11:00.000000 -775.405458995 -5154.012290895 4311.554791844 -1.87474868445 -4.60707354263 -5.84108830252
2023-12-29T07:12:00.000000 -886.009511350 -5418.295978172 3951.353986338 -1.81062543927 -4.19895361271 -6.16098092669
2023-12-29T07:13:00.000000 -992.512206776 -5657.494288747 3572.806775197 -1.73808838832 -3.77121524581 -6.45239331539
2023-12-29T07:14:00.000000 -1094.418428036 -5870.488862614 3177.664152403 -1.65746817354 -3.32583262458 -6.71394210697
2023-12-29T07:15:00.000000 -1191.254119238 -6056.282496016 2767.755923814 -1.56913573232 -2.86486710866 -6.94438556562
2023-12-29T07:16:00.000000 -1282.568594521 -6214.003914746 2344.982020559 -1.47349835416 -2.39045367002 -7.14262725176
2023-12-29T07:17:00.000000 -1367.936614181 -6342.911953178 1911.303786301 -1.37099672044 -1.90479320016 -7.30771742240
2023-12-29T07:18:00.000000 -1446.960360091 -6442.399358502 1468.735015803 -1.26210402575 -1.41014725214 -7.43885853534
2023-12-29T07:19:00.000000 -1519.271359165 -6511.996137912 1019.332580014 -1.14732538565 -0.90882813867 -7.53541430370
2023-12-29T07:20:00.000000 -1584.532364798 -6551.372211854 565.186492182 -1.02719562004 -0.40318372152 -7.59691618868
2023-12-29T07:21:00.000000 -1642.439013808 -6560.339034446 108.409821268 -0.90227562595 0.10441785514 -7.62306443565
2023-12-29T07:22:00.000000 -1692.721294817 -6538.850470068 -348.871411877 -0.77314901213 0.61159963979 -7.61372690362
2023-12-29T07:23:00.000000 -1735.144828209 -6487.003006538 -804.528292628 -0.64041963797 1.11598542040 -7.56893931236
2023-12-29T07:24:00.000000 -1769.512020724 -6405.035442506 -1256.439112363 -0.50470927003 1.61521061991 -7.48890648179
2023-12-29T07:25:00.000000 -1795.663046238 -6293.327778737 -1702.499531487 -0.36665456188 2.10693466302 -7.37400226910
2023-12-29T07:26:00.000000 -1813.476634905 -6152.399428558 -2140.632667743 -0.22690340267 2.58885326513 -7.22476767553
2023-12-29T07:27:00.000000 -1822.870629856 -5982.906662063 -2568.799042018 -0.08611113131 3.05871014500 -7.04190791483
2023-12-29T07:28:00.000000 -1823.802330242 -5785.639420085 -2985.006320012 0.05506310849 3.51430872741 -6.82628846596
2023-12-29T07:29:00.000000 -1816.268610505 -5561.517344412 -3387.318771860 0.19595973854 3.95352349266 -6.57892966350
2023-12-29T07:30:00.000000 -1800.305858596 -5311.585227951 -3773.866373524 0.33592175214 4.37431010000 -6.30100022980
2023-12-29T07:31:00.000000 -1775.989733126 -5037.007847301 -4142.853508796 0.47429740226 4.77471430355 -5.99381077758
2023-12-29T07:32:00.000000 -1743.434779014 -4739.064338562 -4492.567300363 0.61044293559 5.15288055954 -5.65880734473
2023-12-29T07:33:00.000000 -1702.793845684 -4419.141980476 -4821.385516507 0.74372570980 5.50706062041 -5.29756425118
2023-12-29T07:34:00.000000 -1654.257322668 -4078.729528873 -5127.784031812 0.87352766446 5.83562164800 -4.91177582519
2023-12-29T07:35:00.000000 -1598.052158640 -3719.410054751 -5410.343747837 0.99924868240 6.13705340701 -4.50324738232
2023-12-29T07:36:00.000000 -1534.440701625 -3342.853418484 -5667.756991895 1.12030939944 6.40997462526 -4.07388581107
2023-12-29T07:37:00.000000 -1463.719381325 -2950.808336983 -5898.833301253 1.23615340197 6.65313860301 -3.62568978746
2023-12-29T07:38:00.000000 -1386.217277406 -2545.094178911 -6102.504637806 1.34624913575 6.86543775894 -3.16073961388
2023-12-29T07:39:00.000000 -1302.294565424 -2127.592504269 -6277.829969991 1.45009182170 7.04590684515 -2.68118725762
2023-12-29T07:40:00.000000 -1212.340860122 -1700.238466883 -6423.999318538 1.54720543031 7.19372532605 -2.18924733204
2023-12-29T07:41:00.000000 -1116.773422688 -1265.012038955 -6540.337249434 1.63714468442 7.30822018093 -1.68718897197
2023-12-29T07:42:00.000000 -1016.035257177 -823.929051948 -6626.305903807 1.71949716127 7.38886980729 -1.17732700287
2023-12-29T07:43:00.000000 -910.593072799 -379.032000643 -6681.507390349 1.79388539177 7.43530770283 -0.66201073605
2023-12-29T07:44:00.000000 -800.935136951 67.619326707 -6705.685516294 1.85996851797 7.44732350840 -0.14361123557
2023-12-29T07:45:00.000000 -687.569043568 513.957154728 -6698.726703971 1.91744325908 7.42486107082 0.37548980887
2023-12-29T07:46:00.000000 -571.019439904 957.914910392 -6660.660409345 1.96604464987 7.36801652335 0.89290779317
2023-12-29T07:47:00.000000 -451.825688601 1397.436377354 -6591.659054647 2.00554727790 7.27703917879 1.40626203691
2023-12-29T07:48:00.000000 -330.539453797 1830.484947823 -6492.037587409 2.03576691919 7.15233376813 1.91318574691
2023-12-29T07:49:00.000000 -207.722184479 2255.052963378 -6362.252199891 2.05656164534 6.99446002019 2.41133897023
2023-12-29T07:50:00.000000 -83.942573657 2669.170895256 -6202.898378801 2.06783197434 6.80412853315 2.89842059272
2023-12-29T07:51:00.000000 40.225992378 3070.916273524 -6014.708274238 2.06952074794 6.58219621540 3.37217681706
2023-12-29T07:52:00.000000 164.207968958 3458.422350451 -5798.547690361 2.06161357237 6.32966402542 3.83040850416
2023-12-29T07:53:00.000000 287.428258411 3829.886744768 -5555.412496014 2.04413974624 6.04767593481 4.27098059623
2023-12-29T07:54:00.000000 409.314849243 4183.579936044 -5286.424457528 2.01717293703 5.73751595868 4.69183370993
2023-12-29T07:55:00.000000 529.301484093 4517.853506131 -4992.826342610 1.98083125821 5.40060255089 5.09099547139
2023-12-29T07:56:00.000000 646.830317209 4831.148014400 -4675.976408317 1.93527687730 5.03848185433 5.46659033694
2023-12-29T07:57:00.000000 761.354536997 5122.000448105 -4337.342311064 1.88071529565 4.65282099099 5.81684853052
2023-12-29T07:58:00.000000 872.340939063 5389.051284660 -3978.494508516 1.81739441377 4.24540125331 6.14011462531
2023-12-29T07:59:00.000000 979.272443130 5631.051123416 -3601.099140645 1.74560369990 3.81811092287 6.43485598614
2023-12-29T08:00:00.000000 1081.650567386 5846.866870525 -3206.910403697 1.66567353829 3.37293735656 6.69967133748
2023-12-29T08:01:00.000000 1178.997858570 6035.487428172 -2797.762423100 1.57797419951 2.91195766723 6.93329934455
2023-12-29T08:02:00.000000 1270.860228481 6196.028745987 -2375.560609317 1.48291389617 2.43732800937 7.13462610478
2023-12-29T08:03:00.000000 1356.809158954 6327.738239876 -1942.272639174 1.38093635348 1.95127266258 7.30269082182
2023-12-29T08:04:00.000000 1436.443768295 6429.998561809 -1499.919119640 1.27251874529 1.45607371670 7.43669052619
2023-12-29T08:05:00.000000 1509.392765720 6502.330773528 -1050.563990891 1.15816998780 0.95406047740 7.53598495913
2023-12-29T08:06:00.000000 1575.316294909 6544.396810962 -596.304603889 1.03842851191 0.44759758879 7.60010109782
2023-12-29T08:07:00.000000 1633.907614044 6556.001235104 -139.261596397 0.91385915128 -0.06092755480 7.62873617561
2023-12-29T08:08:00.000000 1684.894580258 6537.092218685 318.431384621 0.78504982638 -0.56911704369 7.62175941110
2023-12-29T08:09:00.000000 1728.040943717 6487.761831341 774.638030377 0.65260860651 -1.07457482878 7.57921324703
2023-12-29T08:10:00.000000 1763.147472010 6408.245507840 1227.229788191 0.51716079765 -1.57492014909 7.50131347997
2023-12-29T08:11:00.000000 1790.052883482 6298.920730991 1674.096200914 0.37934550751 -2.06780105634 7.38844697071
2023-12-29T08:12:00.000000 1808.634563257 6160.304931471 2113.155057641 0.23981195863 -2.55090613329 7.24116755882
2023-12-29T08:13:00.000000 1818.809070393 5993.052766601 2542.362282969 0.09921615306 -3.02197456767 7.06019221796
2023-12-29T08:14:00.000000 1820.532451601 5797.952758295 2959.721641204 -0.04178213046 -3.47880669153 6.84639796141
2023-12-29T08:15:00.000000 1813.800374162 5575.923280626 3363.294218414 -0.18252258107 -3.91927584077 6.60081760115
2023-12-29T08:16:00.000000 1798.648047671 5328.007821209 3751.207575554 -0.32234796530 -4.34133993837 6.32463303318
2023-12-29T08:17:00.000000 1775.149938693 5055.369613774 4121.664460920 -0.46060761201 -4.74305108405 6.01916688691
2023-12-29T08:18:00.000000 1743.419279250 4759.285741849 4472.950985887 -0.59666041196 -5.12256331150 5.68587408021
2023-12-29T08:19:00.000000 1703.607414119 4441.140817480 4803.444325094 -0.72987751508 -5.47813943274 5.32633379094
2023-12-29T08:20:00.000000 1655.902980404 4102.420252371 5111.619932333 -0.85964506648 -5.80815749789 4.94224170359
2023-12-29T08:21:00.000000 1600.530931748 3744.703169169 5396.058314495 -0.98536696384 -6.11111717759 4.53540232510
2023-12-29T08:22:00.000000 1537.751389835 3369.654889907 5655.451308150 -1.10646735245 -6.38564641543 4.10772083268
2023-12-29T08:23:00.000000 1467.858365411 2979.019046685 5888.607849082 -1.22239282235 -6.63050800178 3.66119365057
2023-12-29T08:24:00.000000 1391.178341894 2574.609318209 6094.459126238 -1.33261467096 -6.84460495626 3.19789779011
2023-12-29T08:25:00.000000 1308.068722990 2158.300905220 6272.063101387 -1.43663157542 -7.02698406623 2.71997988748
2023-12-29T08:26:00.000000 1218.916096500 1732.021832780 6420.608354284 -1.53397237686 -7.17683794718 2.22964570195
2023-12-29T08:27:00.000000 1124.134361534 1297.744163154 6539.417336837 -1.62419811746 -7.29350624384 1.72915029721
2023-12-29T08:28:00.000000 1024.162763364 857.475142148 6627.949052448 -1.70690292526 -7.37647660000 1.22078908424
2023-12-29T08:29:00.000000 919.463899261 413.248287561 6685.801242133 -1.78171443100 -7.42538615910 0.70688952541
2023-12-29T08:30:00.000000 810.521679099 -32.885655658 6712.712034508 -1.84829477658 -7.44002376735 0.18980235534
2023-12-29T08:31:00.000000 697.839206218 -478.867868336 6708.561047825 -1.90634236402 -7.42033162286 -0.32810867996
2023-12-29T08:32:00.000000 581.936548170 -922.640662754 6673.369839094 -1.95559360098 -7.36640512713 -0.84447772249
2023-12-29T08:33:00.000000 463.348415599 -1362.156640557 6607.301730242 -1.99582409116 -7.27849153454 -1.35694680125
2023-12-29T08:34:00.000000 342.621787344 -1795.387764702 6510.661061922 -2.02684943917 -7.15698870883 -1.86317499550
2023-12-29T08:35:00.000000 220.313487968 -2220.334348198 6383.891861432 -2.04852591517 -7.00244388482 -2.36084794069
2023-12-29T08:36:00.000000 96.987732679 -2635.033978750 6227.576007019 -2.06075103158 -6.81555138200 -2.84768729419
2023-12-29T08:37:00.000000 -26.786369132 -3037.570237988 6042.430769929 -2.06346427941 -6.59714993492 -3.32145913062
2023-12-29T08:38:00.000000 -150.437367647 -3426.081334028 5829.305925733 -2.05664827747 -6.34822112953 -3.77998253328
2023-12-29T08:39:00.000000 -273.394080777 -3798.768589063 5589.180223197 -2.04032961618 -6.06988755151 -4.22114071059
2023-12-29T08:40:00.000000 -395.088238059 -4153.904826460 5323.157208801 -2.01457821741 -5.76340778484 -4.64289315678
2023-12-29T08:41:00.000000 -514.957013177 -4489.842256923 5032.460322413 -1.97950549513 -5.43016889146 -5.04328453452
2023-12-29T08:42:00.000000 -632.445485895 -4805.020039069 4718.427655758 -1.93526354730 -5.07168109354 -5.42044987984
2023-12-29T08:43:00.000000 -747.009110241 -5097.971563265 4382.506283646 -1.88204662879 -4.68957589574 -5.77262171050
2023-12-29T08:44:00.000000 -858.116316477 -5367.331703606 4026.246149184 -1.82009295224 -4.28560236965 -6.09814241784
2023-12-29T08:45:00.000000 -965.251131887 -5611.843554235 3651.292994586 -1.74968393182 -3.86161733865 -6.39547725141
2023-12-29T08:46:00.000000 -1067.915684883 -5830.364541479 3259.380780659 -1.67114104896 -3.41957298538 -6.66322180036
2023-12-29T08:47:00.000000 -1165.632533751 -6021.871849804 2852.323694264 -1.58482322996 -2.96150819627 -6.90010537485
2023-12-29T08:48:00.000000 -1257.946862960 -6185.467463433 2432.008074703 -1.49112608308 -2.48954283081 -7.10499661840
2023-12-29T08:49:00.000000 -1344.428691371 -6320.382792334 2000.383708334 -1.39048142998 -2.00586960434 -7.27691257572
2023-12-29T08:50:00.000000 -1424.674982711 -6425.982693338 1559.454719980 -1.28335526963 -1.51274183582 -7.41502632217
2023-12-29T08:51:00.000000 -1498.311619741 -6501.768731554 1111.270044826 -1.17024490538 -1.01246130220 -7.51867083036
2023-12-29T08:52:00.000000 -1564.995196568 -6547.381772300 657.913792091 -1.05167667157 -0.50736780992 -7.58734218242
2023-12-29T08:53:00.000000 -1624.414717268 -6562.603925631 201.495283515 -0.92820409122 0.00017247476 -7.62070413743
2023-12-29T08:54:00.000000 -1676.293145088 -6547.359703417 -255.861082031 -0.80040509279 0.50778140339 -7.61859071240
2023-12-29T08:55:00.000000 -1720.388761646 -6501.716332634 -712.026039716 -0.66887834081 1.01308188085 -7.58100478539
2023-12-29T08:56:00.000000 -1756.496301091 -6425.883396662 -1164.875491614 -0.53423981983 1.51370703784 -7.50811613368
2023-12-29T08:57:00.000000 -1784.447907481 -6320.211973006 -1612.300562946 -0.39712005979 2.00730905478 -7.40026253079
2023-12-29T08:58:00.000000 -1804.113920309 -6185.193120833 -2052.217727698 -0.25816116967 2.49157205199 -7.25795107902
2023-12-29T08:59:00.000000 -1815.403468513 -6021.455525919 -2482.578898341 -0.11801348422 2.96422701834 -7.08185522574
2023-12-29T09:00:00.000000 -1818.264871440 -5829.762289040 -2901.381232246 0.02266745747 3.42306377413 -6.87280844588
2023-12-29T09:01:00.000000 -1812.685870815 -5611.007136938 -3306.676558771 0.16322355528 3.86593992323 -6.63179914510
2023-12-29T09:02:00.000000 -1798.693693527 -5366.210062502 -3696.580582498 0.30299738562 4.29079084721 -6.35996720363
2023-12-29T09:03:00.000000 -1776.354886678 -5096.512303515 -4069.281791873 0.44133641024 4.69564169742 -6.05859817473
2023-12-29T09:04:00.000000 -1745.774901126 -4803.170628717 -4423.049970519 0.57759696869 5.07861759847 -5.72911388088
2023-12-29T09:05:00.000000 -1707.097469852 -4487.551132916 -4756.244042074 0.71114698395 5.43795012076 -5.37306286214
2023-12-29T09:06:00.000000 -1660.503856692 -4151.122693153 -5067.319474841 0.84136791013 5.77198277648 -4.99211346696
2023-12-29T09:07:00.000000 -1606.211965783 -3795.450024449 -5354.835260090 0.96765724625 6.07917850317 -4.58804761808
2023-12-29T09:08:00.000000 -1544.475295132 -3422.186283932 -5617.460530803 1.08943187956 6.35812804412 -4.16275220179
2023-12-29T09:09:00.000000 -1475.581660124 -3033.065174366 -5853.980496636 1.20613134644 6.60755640268 -3.71820819027
2023-12-29T09:10:00.000000 -1399.851764122 -2629.892771531 -6063.301780144 1.31722022381 6.82632680115 -3.25647982977
2023-12-29T09:11:00.000000 -1317.637640419 -2214.539128962 -6244.457107192 1.42218968655 7.01344350603 -2.77970517617
2023-12-29T09:12:00.000000 -1229.321026908 -1788.929754988 -6396.609501897 1.52055883660 7.16805482664 -2.29008759369
2023-12-29T09:13:00.000000 -1135.311632454 -1355.036838160 -6519.055932316 1.61187643471 7.28945680279 -1.78988731371
2023-12-29T09:14:00.000000 -1036.045292492 -914.870270310 -6611.230452338 1.69572329380 7.37709730491 -1.28141167613
2023-12-29T09:15:00.000000 -931.981968006 -470.468441896 -6672.706665893 1.77171482521 7.43057895177 -0.76700340897
2023-12-29T09:16:00.000000 -823.603609267 -23.888926222 -6703.199517996 1.83950280523 7.44965925548 -0.24902862722
2023-12-29T09:17:00.000000 -711.411949096 422.800756400 -6702.566363612 1.89877614640 7.43424903363 0.27013272908
2023-12-29T09:18:00.000000 -595.926255971 867.532323750 -6670.807598448 1.94926161579 7.38441222885 0.78809406397
2023-12-29T09:19:00.000000 -477.681017416 1308.245971880 -6608.066783633 1.99072536089 7.30036805569 1.30247054839
2023-12-29T09:20:00.000000 -357.223527899 1742.899755611 -6514.630262136 2.02297471207 7.18249231885 1.81089114128
2023-12-29T09:21:00.000000 -235.111380241 2169.478917910 -6390.925872813 2.04585902264 7.03131490531 2.31101160761
2023-12-29T09:22:00.000000 -111.909951945 2586.004996728 -6237.521055146 2.05926945381 6.84751507701 2.80052451969
2023-12-29T09:23:00.000000 11.810105725 2990.544693016 -6055.120390656 2.06313890292 6.63191844195 3.27716620141
2023-12-29T09:24:00.000000 135.475379572 3381.218605748 -5844.562814606 2.05744291748 6.38549637126 3.73872452639
2023-12-29T09:25:00.000000 258.512307314 3756.209977916 -5606.818160070 2.04220098880 6.10936501562 4.18304970426
2023-12-29T09:26:00.000000 380.349829255 4113.773272499 -5342.983076646 2.01747709945 5.80478138089 4.60806649416
2023-12-29T09:27:00.000000 500.422052556 4452.242446267 -5054.276208059 1.98337932915 5.47313715925 5.01178507675
2023-12-29T09:28:00.000000 618.170873233 4770.038836620 -4742.032806286 1.94005920659 5.11595229819 5.39231006655
2023-12-29T09:29:00.000000 733.048573688 5065.678678621 -4407.698795450 1.88771132994 4.73486918581 5.74784900630
2023-12-29T09:30:00.000000 844.520396206 5337.780278370 -4052.824337885 1.82657302690 4.33164672556 6.07672136984
2023-12-29T09:31:00.000000 952.067088763 5585.070802291 -3679.056831484 1.75692366524 3.90815331558 6.37736813154
2023-12-29T09:32:00.000000 1055.187394255 5806.392581673 -3288.133331574 1.67908353286 3.46635818836 6.64836105941
2023-12-29T09:33:00.000000 1153.400468385 6000.708895429 -2881.872466098 1.59341247226 3.00832143632 6.88841068339
2023-12-29T09:34:00.000000 1246.248205548 6167.109089174 -2462.165901268 1.50030835738 2.53618384925 7.09637273376
2023-12-29T09:35:00.000000 1333.297470441 6304.813141151 -2030.969459934 1.40020530745 2.05215727638 7.27125400898
2023-12-29T09:36:00.000000 1414.142207539 6413.175609919 -1590.293863442 1.29357156910 1.55851470226 7.41221858942
2023-12-29T09:37:00.000000 1488.405425812 6491.689008566 -1142.195128462 1.18090720810 1.05757872640 7.51859370933
2023-12-29T09:38:00.000000 1555.741033957 6539.986359578 -688.764631538 1.06274184352 0.55170871303 7.58987378284
2023-12-29T09:39:00.000000 1615.835549325 6557.843040209 -232.119017466 0.93963234710 0.04328821895 7.62572249983
2023-12-29T09:40:00.000000 1668.409647069 6545.177859493 225.610016594 0.81216011312 -0.46528660395 7.62597441259
2023-12-29T09:41:00.000000 1713.219545022 6502.053503421 682.286004411 0.68092762580 -0.97161885809 7.59063663792
2023-12-29T09:42:00.000000 1750.058143845 6428.676157080 1135.778110420 0.54655469552 -1.47332391440 7.51988942274
2023-12-29T09:43:00.000000 1778.755967334 6325.394387096 1583.971464032 0.40967501307 -1.96804269865 7.41408429972
2023-12-29T09:44:00.000000 1799.181899122 6192.697223171 2024.777345059 0.27093327818 -2.45345362334 7.27374061402
2023-12-29T09:45:00.000000 1811.243774053 6031.211614343 2456.143134787 0.13098243425 -2.92728328133 7.09954213716
2023-12-29T09:46:00.000000 1814.888767031 5841.699187444 2876.062104950 -0.00951957503 -3.38731739470 6.89233410961
2023-12-29T09:47:00.000000 1810.103586535 5625.052358072 3282.582988572 -0.14991363332 -3.83141279659 6.65311905036
2023-12-29T09:48:00.000000 1796.914419977 5382.289693322 3673.819217093 -0.28954346584 -4.25750923383 6.38305000180
2023-12-29T09:49:00.000000 1775.386656908 5114.550645986 4047.957715738 -0.42775926364 -4.66363912546 6.08342183334
2023-12-29T09:50:00.000000 1745.624406379 4823.089750438 4403.267131190 -0.56392052023 -5.04793490436 5.75566259881
2023-12-29T09:51:00.000000 1707.769877777 4509.270442015 4738.105608366 -0.69739812555 -5.40863538500 5.40132623462
2023-12-29T09:52:00.000000 1662.002629272 4174.558444330 5050.928127147 -0.82757638938 -5.74409296658 5.02208594580
2023-12-29T09:53:00.000000 1608.538700345 3820.514744907 5340.293466086 -0.95385578071 -6.05278176013 4.61972639791
2023-12-29T09:54:00.000000 1547.629526273 3448.788035505 5604.870574289 -1.07565640406 -6.33330486416 4.19613385504
2023-12-29T09:55:00.000000 1479.560663269 3061.106828441 5843.444359897 -1.19242133142 -6.58439934888 3.75328549575
2023-12-29T09:56:00.000000 1404.650329845 2659.271293719 6054.920838285 -1.30361899758 -6.80493956653 3.29323977268
2023-12-29T09:57:00.000000 1323.247837645 2245.144957066 6238.331763005 -1.40874489387 -6.99394063774 2.81812776969
2023-12-29T09:58:00.000000 1235.731913308 1820.646099231 6392.838699999 -1.50732327651 -7.15056254011 2.33014400373
2023-12-29T09:59:00.000000 1142.508918439 1387.738975095 6517.736528441 -1.59890904415 -7.27411334248 1.83153581519
2023-12-29T10:00:00.000000 1044.010960219 948.424869590 6612.456277298 -1.68308931377 -7.36405058301 1.32459267972
2023-12-29T10:01:00.000000 940.693924075 504.733125700 6676.567376795 -1.75948456453 -7.41998178728 0.81163676225
2023-12-29T10:02:00.000000 833.035436087 58.712105864 6709.779345214 -1.82774984464 -7.44166554332 0.29501418187
2023-12-29T10:03:00.000000 721.532743327 -387.579908217 6711.942956697 -1.88757634282 -7.42901277453 -0.22291444310
2023-12-29T10:04:00.000000 606.700499195 -832.083865296 6683.050795946 -1.93869290226 -7.38208693152 -0.73978415526
2023-12-29T10:05:00.000000 489.068470763 -1272.749079872 6623.237235024 -1.98086696836 -7.30110312798 -1.25323540116
2023-12-29T10:06:00.000000 369.179206576 -1707.542296638 6532.777839949 -2.01390520421 -7.18642706614 -1.76092295633
2023-12-29T10:07:00.000000 247.585655235 -2134.456695011 6412.088214356 -2.03765438456 -7.03857429662 -2.26052501338
2023-12-29T10:08:00.000000 124.848726824 -2551.520864451 6261.722345575 -2.05200264536 -6.85820908144 -2.74975302769
2023-12-29T10:09:00.000000 1.534774273 -2956.807656937 6082.370266608 -2.05688048996 -6.64614230317 -3.22636199862
2023-12-29T10:10:00.000000 -121.786957892 -3348.442906972 5874.855154920 -2.05226105792 -6.40332843004 -3.68816070158
2023-12-29T10:11:00.000000 -244.546889005 -3724.613918128 5640.129791727 -2.03815986643 -6.13086148200 -4.13302141572
2023-12-29T10:12:00.000000 -366.177634064 -4083.577711339 5379.272508439 -2.01463469720 -5.82997027161 -4.55888854883
2023-12-29T10:13:00.000000 -486.116553990 -4423.668964165 5093.482612519 -1.98178605898 -5.50201409745 -4.96378622801
2023-12-29T10:14:00.000000 -603.808341110 -4743.307757143 4784.075372798 -1.93975784744 -5.14847963455 -5.34582664194
2023-12-29T10:15:00.000000 -718.707620849 -5041.007086612 4452.476414262 -1.88873727541 -4.77097725772 -5.70322085834
2023-12-29T10:16:00.000000 -830.281525278 -5315.380141268 4100.215437376 -1.82895362439 -4.37123423668 -6.03429067559
2023-12-29T10:17:00.000000 -938.012159643 -5565.147001580 3728.919264734 -1.76067651134 -3.95108491563 -6.33747801527
2023-12-29T10:18:00.000000 -1041.398991183 -5789.140787459 3340.304454265 -1.68421489280 -3.51246130295 -6.61135089587
2023-12-29T10:19:00.000000 -1139.961194937 -5986.313268896 2936.169545756 -1.59991693982 -3.05738591775 -6.85460911180
2023-12-29T10:20:00.000000 -1233.240008484 -6155.740127117 2518.386961678 -1.50816947345 -2.58796458490 -7.06609213117
2023-12-29T10:21:00.000000 -1320.800986314 -6296.625641451 2088.894344142 -1.40939586252 -2.10637651314 -7.24478746759
2023-12-29T10:22:00.000000 -1402.236107532 -6408.306760781 1649.685498453 -1.30405305091 -1.61486264611 -7.38983650727
2023-12-29T10:23:00.000000 -1477.165712891 -6490.256458884 1202.801019577 -1.19262924646 -1.11571504738 -7.50053825842
2023-12-29T10:24:00.000000 -1545.240338273 -6542.086535293 750.318744393 -1.07564244958 -0.61126698385 -7.57635364068
2023-12-29T10:25:00.000000 -1606.142448757 -6563.549732947 294.343864918 -0.95363857660 -0.10388133810 -7.61691049294
2023-12-29T10:26:00.000000 -1659.588026458 -6554.541122617 -163.001185363 -0.82718835646 0.40406293620 -7.62200659256
2023-12-29T10:27:00.000000 -1705.327951890 -6515.098657454 -619.586953882 -0.69688376458 0.91018374786 -7.59160982985
2023-12-29T10:28:00.000000 -1743.149183345 -6445.403031822 -1073.287142207 -0.56333495258 1.41210719661 -7.52585754012
2023-12-29T10:29:00.000000 -1772.875766442 -6345.776846947 -1521.988769764 -0.42716757597 1.90747897201 -7.42505634815
2023-12-29T10:30:00.000000 -1794.369678650 -6216.683062847 -1963.602310429 -0.28901980827 2.39397688475 -7.28968098477
2023-12-29T10:31:00.000000 -1807.531479975 -6058.722696085 -2396.071687831 -0.14953905585 2.86932294341 -7.12037101248
2023-12-29T10:32:00.000000 -1812.300773350 -5872.631854209 -2817.384042806 -0.00937881167 3.33129390446 -6.91792682634
2023-12-29T10:33:00.000000 -1808.656477192 -5659.278140275 -3225.579275552 0.13080445279 3.77773173532 -6.68330615428
2023-12-29T10:34:00.000000 -1796.616898513 -5419.656391156 -3618.759364793 0.27035490198 4.20655527439 -6.41761950916
2023-12-29T10:35:00.000000 -1776.239575144 -5154.883720408 -3995.097327400 0.40862131897 4.61577142141 -6.12212296086
2023-12-29T10:36:00.000000 -1747.620889613 -4866.193965018 -4352.845696145 0.54496062006 5.00348377475 -5.79820953731
2023-12-29T10:37:00.000000 -1710.895498502 -4554.931674001 -4690.344500834 0.67874044445 5.36789946835 -5.44740170348
2023-12-29T10:38:00.000000 -1666.235625803 -4222.545680965 -5006.028843127 0.80934131464 5.70733653689 -5.07134481117
2023-12-29T10:39:00.000000 -1613.850215383 -3870.582204817 -5298.436041272 0.93615908691 6.02023207830 -4.67179954419
2023-12-29T10:40:00.000000 -1553.983928571 -3500.677478186 -5566.212292908 1.05860790309 6.30514969695 -4.25063274711
2023-12-29T10:41:00.000000 -1486.915949765 -3114.549968461 -5808.118744098 1.17612337600 6.56078551554 -3.80980754318
2023-12-29T10:42:00.000000 -1412.958608474 -2713.992274348 -6023.036965429 1.28816549740 6.78597317021 -3.35137319388
2023-12-29T10:43:00.000000 -1332.455846405 -2300.862747547 -6209.973803396 1.39422074751 6.97968768165 -2.87745480068
2023-12-29T10:44:00.000000 -1245.781588979 -1877.076930372 -6368.065648565 1.49380345052 7.14104818321 -2.39024372722
2023-12-29T10:45:00.000000 -1153.338032344 -1444.598825200 -6496.582148143 1.58645721287 7.26932076508 -1.89198921176
2023-12-29T10:46:00.000000 -1055.553822093 -1005.431960766 -6594.929423092 1.67175716798 7.36392234261 -1.38498937437
2023-12-29T10:47:00.000000 -952.882088418 -561.610249397 -6662.652665396 1.74931248300 7.42442374591 -0.87157996750
2023-12-29T10:48:00.000000 -845.798344953 -115.188716746 -6699.438051057 1.81876798112 7.45055001839 -0.35412275282
2023-12-29T10:49:00.000000 -734.798328708 331.765710421 -6705.114006197 1.87980484264 7.44217941326 0.16500351606
2023-12-29T10:50:00.000000 -620.395790857 777.183423444 -6679.652015647 1.93214164386 7.39934447414 0.68341054619
2023-12-29T10:51:00.000000 -503.120202158 1219.001446526 -6623.166890274 1.97553625846 7.32223462450 1.19871066407
2023-12-29T10:52:00.000000 -383.514335455 1655.172901318 -6535.916365822 2.00978748586 7.21119610999 1.70853007312
2023-12-29T10:53:00.000000 -262.131798597 2083.676283957 -6418.299876477 2.03473533785 7.06672782697 2.21052066304
2023-12-29T10:54:00.000000 -139.534570075 2502.524497977 -6270.856791856 2.05026081790 6.88947725419 2.70236745540
2023-12-29T10:55:00.000000 -16.290521413 2909.773720900 -6094.264198556 2.05628670581 6.68023990734 3.18179523859
2023-12-29T10:56:00.000000 107.029137420 3303.532333176 -5889.334284219 2.05277921586 6.43995982088 3.64657890414
2023-12-29T10:57:00.000000 229.852499829 3681.969743194 -5657.010900115 2.03974892993 6.16972657264 4.09455639358
2023-12-29T10:58:00.000000 351.609613157 4043.324948520 -5398.365457393 2.01725030537 5.87076907749 4.52363976340
2023-12-29T10:59:00.000000 471.735089714 4385.914713713 -5114.592190412 1.98538079924 5.54444996820 4.93182320538
2023-12-29T11:00:00.000000 589.670668919 4708.141477599 -4807.003047434 1.94428070592 5.19226174379 5.31719109291
2023-12-29T11:01:00.000000 704.867804216 5008.501021490 -4477.021952061 1.89413353902 4.81582244915 5.67792799163
2023-12-29T11:02:00.000000 816.790258238 5285.589814155 -4126.178478624 1.83516602027 4.41686902338 6.01232934533
2023-12-29T11:03:00.000000 924.916675240 5538.111906889 -3756.100911575 1.76764729522 3.99724898877 6.31881106669
2023-12-29T11:04:00.000000 1028.743088803 5764.885286768 -3368.508738915 1.69188765049 3.55891169351 6.59591798388
2023-12-29T11:05:00.000000 1127.785349006 5964.847746693 -2965.204717278 1.60823708181 3.10389914955 6.84233137464
2023-12-29T11:06:00.000000 1221.581461594 6137.062135681 -2548.066457033 1.51708391891 2.63433673732 7.05687555342
2023-12-29T11:07:00.000000 1309.693850621 6280.721113215 -2119.037665177 1.41885344760 2.15242416385 7.23852429197
2023-12-29T11:08:00.000000 1391.711516974 6395.151284154 -1680.118950243 1.31400612381 1.66042568152 7.38640812895
2023-12-29T11:09:00.000000 1467.252087938 6479.816779052 -1233.358209764 1.20303495049 1.16065789104 7.49982152902
2023-12-29T11:10:00.000000 1535.963662538 6534.321922082 -780.840631360 1.08646224963 0.65547555495 7.57822727108
2023-12-29T11:11:00.000000 1597.526485513 6558.413139992 -324.678563835 0.96483668113 0.14725820243 7.62125743913
2023-12-29T11:12:00.000000 1651.654446786 6551.980070577 132.998663669 0.83873094541 -0.36160091701 7.62871348091
2023-12-29T11:13:00.000000 1698.096472564 6515.056127080 590.054898733 0.70873957338 -0.86870527716 7.60056740302
2023-12-29T11:14:00.000000 1736.637742813 6447.818305139 1044.357477175 0.57547609590 -1.37166690867 7.53696330593
2023-12-29T11:15:00.000000 1767.100736317 6350.586303959 1493.787542112 0.43956959633 -1.86811952701 7.43821721786
2023-12-29T11:16:00.000000 1789.346050088 6223.820809246 1936.250307581 0.30166114966 -2.35573139936 7.30481490643
2023-12-29T11:17:00.000000 1803.273022157 6068.121088351 2369.685141080 0.16240029317 -2.83221747804 7.13740850744
2023-12-29T11:18:00.000000 1808.820123956 5884.221805982 2792.075427700 0.02244143573 -3.29535110287 6.93681231093
2023-12-29T11:19:00.000000 1805.965152205 5672.989203338 3201.458143571 -0.11755962816 -3.74297513737 6.70399735733
2023-12-29T11:20:00.000000 1794.725209543 5435.416590368 3595.933069962 -0.25694881709 -4.17301217564 6.44008515117
2023-12-29T11:21:00.000000 1775.156525420 5172.619308560 3973.671628794 -0.39507666542 -4.58347406282 6.14634087986
2023-12-29T11:22:00.000000 1747.354077949 4885.829072862 4332.925277682 -0.53130146130 -4.97247093034 5.82416600296
2023-12-29T11:23:00.000000 1711.451033518 4576.387845832 4672.033447728 -0.66499257613 -5.33821922530 5.47508999793
2023-12-29T11:24:00.000000 1667.617985090 4245.741230046 4989.430964625 -0.79553343892 -5.67904834389 5.10076206319
2023-12-29T11:25:00.000000 1616.062039497 3895.431540813 5283.655010056 -0.92232397486 -5.99340673862 4.70294339303
2023-12-29T11:26:00.000000 1557.025754199 3527.090441116 5553.351601697 -1.04478291130 -6.27986854769 4.28349942854
2023-12-29T11:27:00.000000 1490.785936547 3142.431206801 5797.281591882 -1.16235034114 -6.53714042524 3.84439074291
2023-12-29T11:28:00.000000 1417.652279590 2743.240586666 6014.326051219 -1.27449033870 -6.76406724071 3.38766249631
2023-12-29T11:29:00.000000 1337.965856377 2331.370394377 6203.491033990 -1.38069323905 -6.95963602406 2.91543355420
2023-12-29T11:30:00.000000 1252.097482455 1908.728884793 6363.911671795 -1.48047755135 -7.12297861918 2.42988616201
2023-12-29T11:31:00.000000 1160.445973712 1477.272012471 6494.855694470 -1.57339176170 -7.25337357210 1.93325620103
2023-12-29T11:32:00.000000 1063.436290785 1038.994575159 6595.726346572 -1.65901610790 -7.35024758754 1.42782388826
2023-12-29T11:33:00.000000 961.517589225 595.921295377 6666.064804173 -1.73696417171 -7.41317693405 0.91590469556
2023-12-29T11:34:00.000000 855.161175037 150.097790837 6705.551989491 -1.80688417061 -7.44188896647 0.39984006308
2023-12-29T11:35:00.000000 744.858395588 -296.418522608 6714.009852449 -1.86846007307 -7.43626318090 -0.11801240871
2023-12-29T11:36:00.000000 631.118456951 -741.567566502 6691.402027139 -1.92141274297 -7.39633123384 -0.63528876509
2023-12-29T11:37:00.000000 514.466176834 -1183.295708140 6637.833951664 -1.96550120632 -7.32227622059 -1.14962789320
2023-12-29T11:38:00.000000 395.439654817 -1619.564831542 6553.552427038 -2.00052388606 -7.21443211708 -1.65868043715
2023-12-29T11:39:00.000000 274.587878693 -2048.361370136 6438.944614853 -2.02631952291 -7.07328333577 -2.16011836325
2023-12-29T11:40:00.000000 152.468288732 -2467.705313203 6294.536472155 -2.04276770035 -6.89946356170 -2.65164517922
2023-12-29T11:41:00.000000 29.644315307 -2875.659094166 6120.990545854 -2.04978924686 -6.69375348768 -3.13100596003
2023-12-29T11:42:00.000000 -93.317113770 -3270.336329422 5919.103196676 -2.04734685075 -6.45707796355 -3.59599681707
2023-12-29T11:43:00.000000 -215.848105561 -3649.910367965 5689.801243462 -2.03544581282 -6.19050284591 -4.04447436089
2023-12-29T11:44:00.000000 -337.382376996 -4012.622650923 5434.138054325 -2.01413449843 -5.89523118528 -4.47436547416
2023-12-29T11:45:00.000000 -457.357837100 -4356.790803651 5153.289037170 -1.98350419497 -5.57259853287 -4.88367690009
2023-12-29T11:46:00.000000 -575.219146634 -4680.816433146 4848.546574766 -1.94368859734 -5.22406783345 -5.27050418083
2023-12-29T11:47:00.000000 -690.420248668 -4983.192611202 4521.314432285 -1.89486338236 -4.85122429409 -5.63304028843
2023-12-29T11:48:00.000000 -802.426882447 -5262.511056251 4173.101653491 -1.83724605928 -4.45576985559 -5.96958455746
2023-12-29T11:49:00.000000 -910.719089940 -5517.468946114 3805.515903862 -1.77109582242 -4.03951653469 -6.27855196939
2023-12-29T11:50:00.000000 -1014.793700626 -5746.875281373 3420.256250018 -1.69671287555 -3.60437833045 -6.55848217841
2023-12-29T11:51:00.000000 -1114.166749982 -5949.656731293 3019.105434189 -1.61443691582 -3.15236208444 -6.80804751429
2023-12-29T11:52:00.000000 -1208.375789111 -6124.862926741 2603.921709215 -1.52464507628 -2.68555811201 -7.02605963732
2023-12-29T11:53:00.000000 -1296.982072433 -6271.671199560 2176.630305241 -1.42775007569 -2.20613117942 -7.21147539399
2023-12-29T11:54:00.000000 -1379.572653797 -6389.390774522 1739.214532158 -1.32419895053 -1.71631136776 -7.36340289148
2023-12-29T11:55:00.000000 -1455.762406087 -6477.466378607 1293.706517127 -1.21447176940 -1.21838357571 -7.48110785718
2023-12-29T11:56:00.000000 -1525.195944779 -6535.481174383 842.177577630 -1.09907945502 -0.71467535368 -7.56401895352
2023-12-29T11:57:00.000000 -1587.549393616 -6563.158950989 386.728337990 -0.97856066921 -0.20754442195 -7.61173090699
2023-12-29T11:58:00.000000 -1642.531946266 -6560.365574637 -70.521286000 -0.85347866505 0.30063279945 -7.62400624005
2023-12-29T11:59:00.000000 -1689.887262389 -6527.109775448 -527.442206854 -0.72441869987 0.80747236986 -7.60077705146
2023-12-29T12:00:00.000000 -1729.394715794 -6463.543235153 -981.906391217 -0.59198557231 1.31059528418 -7.54214652385
2023-12-29T12:01:00.000000 -1760.870483950 -6369.959903299 -1431.797126289 -0.45680057502 1.80764091589 -7.44838845758
2023-12-29T12:02:00.000000 -1784.168425549 -6246.794495674 -1875.019181116 -0.31949792095 2.29627943322 -7.31994461871
2023-12-29T12:03:00.000000 -1799.180750189 -6094.620317859 -2309.508789850 -0.18072121137 2.77422261910 -7.15742161649
2023-12-29T12:04:00.000000 -1805.838481988 -5914.146447822 -2733.243457533 -0.04112016167 3.23923459141 -6.96158802975
2023-12-29T12:05:00.000000 -1804.111735361 -5706.214278779 -3144.251571554 0.09865254761 3.68914320616 -6.73337047485
2023-12-29T12:06:00.000000 -1794.009798246 -5471.793340627 -3540.621717665 0.23794425210 4.12185073330 -6.47384794296
2023-12-29T12:07:00.000000 -1775.581047781 -5211.976560335 -3920.511641697 0.37610509144 4.53534316235 -6.18424588907
2023-12-29T12:08:00.000000 -1748.912691956 -4927.974947321 -4282.156873887 0.51249100906 4.92769975612 -5.86593080022
2023-12-29T12:09:00.000000 -1714.130325446 -4621.111710393 -4623.879003427 0.64646735452 5.29710384175 -5.52040317936
2023-12-29T12:10:00.000000 -1671.397243161 -4292.815678420 -4944.093416674 0.77741254137 5.64185228449 -5.14928735956
2023-12-29T12:11:00.000000 -1620.913572052 -3944.614317450 -5241.316398721 0.90472081476 5.96036103325 -4.75432066381
2023-12-29T12:12:00.000000 -1562.915256689 -3578.126466127 -5514.171660937 1.02780419596 6.25116847696 -4.33734553172
2023-12-29T12:13:00.000000 -1497.672938468 -3195.054887882 -5761.396469153 1.14609480150 6.51294083053 -3.90030377090
2023-12-29T12:14:00.000000 -1425.490645533 -2797.178326409 -5981.847394283 1.25904804568 6.74447994429 -3.44522870085
2023-12-29T12:15:00.000000 -1346.704303288 -2386.343177537 -6174.505468362 1.36614572831 6.94472984232 -2.97423370405
2023-12-29T12:16:00.000000 -1261.680087488 -1964.454839340 -6338.480633814 1.46689791529 7.11277994839 -2.48950043638
2023-12-29T12:17:00.000000 -1170.812695205 -1533.468940032 -6473.015527131 1.56084403702 7.24786718938 -1.99326910477
2023-12-29T12:18:00.000000 -1074.523540351 -1095.382387600 -6577.488729472 1.64755439665 7.34937898849 -1.48782921009
2023-12-29T12:19:00.000000 -973.258841388 -652.224268442 -6651.417407062 1.72663221094 7.41685555403 -0.97550897552
2023-12-29T12:20:00.000000 -867.487591735 -206.046663238 -6694.459319369 1.79771537986 7.44999010309 -0.45866506349
2023-12-29T12:21:00.000000 -757.699437914 241.084528155 -6706.414268359 1.86047769002 7.44862902831 0.06032575052