CCSDS_OEM_VERS = 2.0
CREATION_DATE  = 2024-03-20T06:47:06.534000
ORIGINATOR     = BTAS3_OFEI

META_START
OBJECT_NAME    = Satellite
OBJECT_ID      = QK-1
CENTER_NAME    = EARTH
REF_FRAME      = J2000
TIME_SYSTEM    = UTC
START_TIME     = 2024-03-20T04:00:00.000000
STOP_TIME      = 2024-03-23T04:00:00.000000
META_STOP

COMMENT OEM data, unit is km and km/s.

2024-03-20T04:00:00.000000 -1551.724945505 1598.888919065 6322.573658558 6.67801372850 -3.01782345337 2.39880672790
2024-03-20T04:01:00.000000 -1147.685184540 1414.175393247 6451.369432569 6.78465584663 -3.13685874887 1.89270152494
2024-03-20T04:02:00.000000 -738.209394936 1222.763458127 6549.519842323 6.85914531795 -3.24101695646 1.37769755329
2024-03-20T04:03:00.000000 -325.237734305 1025.560664617 6616.563875195 6.90114073091 -3.32981225195 0.85623138584
2024-03-20T04:04:00.000000 89.273770568 823.501584806 6652.187646942 6.91045490919 -3.40283011656 0.33076764222
2024-03-20T04:05:00.000000 503.362397813 617.543479269 6656.225639150 6.88705139612 -3.45972912485 -0.19621346132
2024-03-20T04:06:00.000000 915.067817199 408.661817592 6628.661448397 6.83104691635 -3.50024428434 -0.72222405773
2024-03-20T04:07:00.000000 1322.441275260 197.845659495 6569.627773669 6.74270970897 -3.52418728699 -1.24478404676
2024-03-20T04:08:00.000000 1723.554558245 -13.906930466 6479.405683240 6.62245632431 -3.53144656540 -1.76142884491
2024-03-20T04:09:00.000000 2116.508949498 -225.593530176 6358.423417620 6.47085351844 -3.52198855212 -2.26971988002
2024-03-20T04:10:00.000000 2499.444117263 -436.212037733 6207.254372471 6.28861238213 -3.49585711122 -2.76725841718
2024-03-20T04:11:00.000000 2870.546669502 -644.765278766 6026.614590032 6.07658770291 -3.45317309650 -3.25168995491
2024-03-20T04:12:00.000000 3228.058842391 -850.265703629 5817.359626869 5.83577741952 -3.39413628009 -3.72072155683
2024-03-20T04:13:00.000000 3570.286778512 -1051.740034452 5580.480472451 5.56731259149 -3.31902221005 -4.17213225695
2024-03-20T04:14:00.000000 3895.608409176 -1248.233822220 5317.099069779 5.27245455074 -3.22818314583 -4.60378013039
2024-03-20T04:15:00.000000 4202.481116738 -1438.815968373 5028.463273216 4.95259047997 -3.12204445501 -5.01361057737
2024-03-20T04:16:00.000000 4489.449327032 -1622.583104045 4715.941321387 4.60923319498 -3.00110552120 -5.39966862053
2024-03-20T04:17:00.000000 4755.151729167 -1798.664034288 4381.015393843 4.24401065294 -2.86593898049 -5.76011347216
2024-03-20T04:18:00.000000 4998.327801912 -1966.223975202 4025.274347629 3.85865115796 -2.71718434788 -6.09322983575
2024-03-20T04:19:00.000000 5217.823515239 -2124.468437020 3650.406393159 3.45497720069 -2.55554572165 -6.39742162904
2024-03-20T04:20:00.000000 5412.597101112 -2272.647069564 3258.191635551 3.03490807894 -2.38178969291 -6.67122405758
2024-03-20T04:21:00.000000 5581.724767936 -2410.057407583 2850.493758738 2.60045548000 -2.19674573937 -6.91331995378
2024-03-20T04:22:00.000000 5724.405638363 -2536.048420629 2429.250466340 2.15369851885 -2.00129667406 -7.12255895979
2024-03-20T04:23:00.000000 5839.965127788 -2650.023559291 1996.463945444 1.69677031563 -1.79637674920 -7.29794079773
2024-03-20T04:24:00.000000 5927.858374016 -2751.443841408 1554.191502448 1.23185823442 -1.58296868476 -7.43863155092
2024-03-20T04:25:00.000000 5987.672912334 -2839.830469706 1104.535388819 0.76118686526 -1.36209521917 -7.54396662091
2024-03-20T04:26:00.000000 6019.130651002 -2914.767102925 649.632600220 0.28700888261 -1.13481461700 -7.61345281507
2024-03-20T04:27:00.000000 6022.089278411 -2975.901885498 191.644529053 -0.18840400613 -0.90221809837 -7.64677117376
2024-03-20T04:28:00.000000 5996.542985451 -3022.949334945 -267.253698889 -0.66277656229 -0.66542507620 -7.64378338643
2024-03-20T04:29:00.000000 5942.622198909 -3055.691684965 -724.884037478 -1.13384431662 -0.42557201444 -7.60452951990
2024-03-20T04:30:00.000000 5860.592683078 -3073.979739179 -1179.076126681 -1.59936226476 -0.18380725877 -7.52922569960
2024-03-20T04:31:00.000000 5750.854046329 -3077.733401717 -1627.677826357 -2.05711575272 0.05871522610 -7.41826284115
2024-03-20T04:32:00.000000 5613.937563500 -3066.941847209 -2068.565622102 -2.50493240365 0.30084105547 -7.27220338819
2024-03-20T04:33:00.000000 5450.503329732 -3041.663423965 -2499.654806777 -2.94069256207 0.54141978568 -7.09177799389
2024-03-20T04:34:00.000000 5261.336768325 -3002.025230926 -2918.909435012 -3.36233956305 0.77931115393 -6.87788064576
2024-03-20T04:35:00.000000 5047.344573697 -2948.222328196 -3324.352011918 -3.76788976490 1.01339113810 -6.63156471923
2024-03-20T04:36:00.000000 4809.550000306 -2880.516581001 -3714.072832089 -4.15544282613 1.24255765395 -6.35403516893
2024-03-20T04:37:00.000000 4549.087621004 -2799.235212032 -4086.238863661 -4.52318989603 1.46573513921 -6.04664177172
2024-03-20T04:38:00.000000 4267.197583509 -2704.769034866 -4439.102220497 -4.86942199282 1.68188029677 -5.71087140891
2024-03-20T04:39:00.000000 3965.219394661 -2597.570396987 -4771.008111232 -5.19253727758 1.88998577674 -5.34833895943
2024-03-20T04:40:00.000000 3644.585287911 -2478.150905297 -5080.402265099 -5.49104762739 2.08908456684 -4.96077868019
2024-03-20T04:41:00.000000 3306.813249853 -2347.078851681 -5365.837816888 -5.76358346709 2.27825485692 -4.55003501710
2024-03-20T04:42:00.000000 2953.499783473 -2204.976379287 -5625.981693780 -6.00889823603 2.45662414557 -4.11805576499
2024-03-20T04:43:00.000000 2586.312278584 -2052.516396490 -5859.620541323 -6.22587653549 2.62337303506 -3.66688087285
2024-03-20T04:44:00.000000 2206.981052683 -1890.419364711 -6065.665842879 -6.41353668552 2.77773650089 -3.19863045194
2024-03-20T04:45:00.000000 1817.291251336 -1719.449877844 -6243.158445267 -6.57103262475 2.91900880595 -2.71549453935
2024-03-20T04:46:00.000000 1419.074734892 -1540.413114082 -6391.272477362 -6.69765335502 3.04654298918 -2.21972523629
2024-03-20T04:47:00.000000 1014.201848121 -1354.151165615 -6509.318969809 -6.79282895042 3.15975707738 -1.71363178475
2024-03-20T04:48:00.000000 604.572786522 -1161.539023580 -6596.748748071 -6.85613295637 3.25813534112 -1.19956247821
2024-03-20T04:49:00.000000 192.109119865 -963.480719432 -6653.154591150 -6.88728047781 3.34122614086 -0.67990017618
2024-03-20T04:50:00.000000 -221.254868946 -760.905331955 -6678.273069324 -6.88613292717 3.40864723599 -0.15705316390
2024-03-20T04:51:00.000000 -633.580985388 -554.762671920 -6671.985629978 -6.85269752877 3.46008945130 0.36656069946
2024-03-20T04:52:00.000000 -1042.935672528 -346.019030627 -6634.318877642 -6.78712215979 3.49531252721 0.88852027365
2024-03-20T04:53:00.000000 -1447.398615737 -135.652948781 -6565.444584991 -6.68969994283 3.51414899128 1.40641107707
2024-03-20T04:54:00.000000 -1845.071267531 75.349142606 -6465.678858249 -6.56086236731 3.51650246241 1.91783677019
2024-03-20T04:55:00.000000 -2234.085128008 285.997146308 -6335.481084432 -6.40118114151 3.50234861684 2.42041820072
2024-03-20T04:56:00.000000 -2612.610371832 495.301863068 -6175.452486724 -6.21137292524 3.47174162473 2.91181059950
2024-03-20T04:57:00.000000 -2978.864346586 702.279617889 -5986.333538683 -5.99229245001 3.42481082936 3.38971851148
2024-03-20T04:58:00.000000 -3331.119691857 905.956677141 -5769.000787150 -5.74492766034 3.36175818910 3.85190251378
2024-03-20T04:59:00.000000 -3667.712283174 1105.373611969 -5524.463275108 -5.47039807588 3.28285860311 4.29618706961
2024-03-20T05:00:00.000000 -3987.049050143 1299.589693328 -5253.858413017 -5.16995208324 3.18846063439 4.72047076264
2024-03-20T05:01:00.000000 -4287.615571481 1487.687300882 -4958.447182821 -4.84496193790 3.07898568419 5.12273760224
2024-03-20T05:02:00.000000 -4567.983344888 1668.776250885 -4639.608747826 -4.49691873953 2.95492686193 5.50106562214
2024-03-20T05:03:00.000000 -4826.816794215 1841.998070434 -4298.834499989 -4.12742778910 2.81684761117 5.85363784780
2024-03-20T05:04:00.000000 -5062.879901228 2006.530142512 -3937.721456415 -3.73820128601 2.66537947259 6.17875168779
2024-03-20T05:05:00.000000 -5275.042427351 2161.589733348 -3557.965130257 -3.33105173999 2.50121972899 6.47482834963
2024-03-20T05:06:00.000000 -5462.285660573 2306.437832566 -3161.351807572 -2.90788250023 2.32512811841 6.74042193045
2024-03-20T05:07:00.000000 -5623.707615473 2440.382830227 -2749.750404285 -2.47068024659 2.13792453484 6.97422515906
2024-03-20T05:08:00.000000 -5758.527861470 2562.784042456 -2325.103885167 -2.02150872431 1.94048602482 7.17507888277
2024-03-20T05:09:00.000000 -5866.091818958 2673.055020521 -1889.420060571 -1.56249680893 1.73374243114 7.34198186735
2024-03-20T05:10:00.000000 -5945.874290065 2770.666543248 -1444.761974272 -1.09582701922 1.51867078485 7.47409478226
2024-03-20T05:11:00.000000 -5997.482426622 2855.149346741 -993.238026502 -0.62372644590 1.29629195287 7.57074648910
2024-03-20T05:12:00.000000 -6020.657991784 2926.096580501 -536.991698691 -0.14845299414 1.06766436576 7.63143887922
2024-03-20T05:13:00.000000 -6015.278894601 2983.165899245 -78.191133035 0.32771470005 0.83387917304 7.65584864521
2024-03-20T05:14:00.000000 -5981.360094769 3026.081299561 380.981472713 0.80248918221 0.59605560547 7.64383106836
2024-03-20T05:15:00.000000 -5919.053736174 3054.634610203 838.340628152 1.27358703250 0.35533446398 7.59542113362
2024-03-20T05:16:00.000000 -5828.648558640 3068.686609670 1291.708338448 1.73874042016 0.11287236264 7.51083370507
2024-03-20T05:17:00.000000 -5710.568604080 3068.167796750 1738.924891768 2.19570920767 -0.13016444084 7.39046315518
2024-03-20T05:18:00.000000 -5565.371185561 3053.078773813 2177.859581751 2.64229314603 -0.37260655934 7.23488163818
2024-03-20T05:19:00.000000 -5393.744118702 3023.490222553 2606.421279962 3.07634465910 -0.61328832323 7.04483529808
2024-03-20T05:20:00.000000 -5196.502192271 2979.542525486 3022.568699388 3.49578024182 -0.85105303871 6.82123854259
2024-03-20T05:21:00.000000 -4974.583093994 2921.445049552 3424.320370717 3.89858846068 -1.08475896751 6.56517039964
2024-03-20T05:22:00.000000 -4729.042726602 2849.475019595 3809.764372717 4.28284229563 -1.31328728568 6.27786842120
2024-03-20T05:23:00.000000 -4461.049853565 2763.975980609 4177.067526283 4.64670769325 -1.53554635531 5.96071850448
2024-03-20T05:24:00.000000 -4171.880313521 2665.356080252 4524.484124427 4.98845128812 -1.75047551805 5.61524954505
2024-03-20T05:25:00.000000 -3862.910704044 2554.086021987 4850.364272385 5.30644844196 -1.95705080668 5.24312516095
2024-03-20T05:26:00.000000 -3535.611653748 2430.696753605 5153.161850507 5.59919238256 -2.15428926844 4.84613970233
2024-03-20T05:27:00.000000 -3191.540325835 2295.776767951 5431.441896542 5.86530513467 -2.34125656997 4.42620087273
2024-03-20T05:28:00.000000 -2832.332740891 2149.969063638 5683.887072571 6.10353723950 -2.51707073239 3.98532100094
2024-03-20T05:29:00.000000 -2459.695838326 1993.967922062 5909.303679512 6.31277491971 -2.68090484202 3.52560699122
2024-03-20T05:30:00.000000 -2075.399256226 1828.515472148 6106.626978265 6.49204197774 -2.83199149205 3.04924892524
2024-03-20T05:31:00.000000 -1681.267021037 1654.398058493 6274.925943228 6.64050294798 -2.96962446453 2.55851269052
2024-03-20T05:32:00.000000 -1279.168878603 1472.442508292 6413.407534354 6.75747012659 -3.09316112574 2.05572979004
2024-03-20T05:33:00.000000 -871.011333905 1283.512206484 6521.420227784 6.84240601838 -3.20202583389 1.54328372428
2024-03-20T05:34:00.000000 -458.728609476 1088.503057067 6598.456756130 6.89492407047 -3.29571049427 1.02359741449
2024-03-20T05:35:00.000000 -44.273673834 888.339340192 6644.156170266 6.91478581641 -3.37377791249 0.49912451592
2024-03-20T05:36:00.000000 370.390730042 683.969395090 6658.305499591 6.90190484815 -3.43586347190 -0.02765793094
2024-03-20T05:37:00.000000 783.301318967 476.361201205 6640.840769008 6.85634941630 -3.48167766841 -0.55426302962
2024-03-20T05:38:00.000000 1192.503456186 266.497823007 6591.847157009 6.77833879556 -3.51100698813 -1.07820743370
2024-03-20T05:39:00.000000 1596.060162120 55.372861166 6511.558552507 6.66824268569 -3.52371409758 -1.59701881072
2024-03-20T05:40:00.000000 1992.061193357 -156.014218330 6400.356550474 6.52658203859 -3.51974115230 -2.10824899066
2024-03-20T05:41:00.000000 2378.631921613 -366.662796852 6258.768542670 6.35402192747 -3.49910681540 -2.60948704299
2024-03-20T05:42:00.000000 2753.941909334 -575.575672625 6087.465368052 6.15137090465 -3.46190687936 -3.09836382575
2024-03-20T05:43:00.000000 3116.213565589 -781.763723731 5887.258430827 5.91958120735 -3.40831459565 -3.57256545034
2024-03-20T05:44:00.000000 3463.730591842 -984.250537141 5659.095996034 5.65974275567 -3.33858042446 -4.02984565889
2024-03-20T05:45:00.000000 3794.846064659 -1182.076999612 5404.058806693 5.37307703355 -3.25303009511 -4.46803585602
2024-03-20T05:46:00.000000 4107.990203745 -1374.305808171 5123.355228808 5.06093377088 -3.15206508733 -4.88505263022
2024-03-20T05:47:00.000000 4401.677961539 -1560.025953589 4818.315749867 4.72478691525 -3.03615985892 -5.27891016897
2024-03-20T05:48:00.000000 4674.516319428 -1738.357080373 4490.386745303 4.36622731374 -2.90586107063 -5.64773445878
2024-03-20T05:49:00.000000 4925.210774754 -1908.453643283 4141.123579934 3.98694817688 -2.76178258464 -5.98976496701
2024-03-20T05:50:00.000000 5152.571599004 -2069.508943612 3772.183737834 3.58874767982 -2.60460461184 -6.30335972005
2024-03-20T05:51:00.000000 5355.520012132 -2220.759265627 3385.319431192 3.17352504605 -2.43508129113 -6.58700948787
2024-03-20T05:52:00.000000 5533.093665922 -2361.487883136 2982.368609155 2.74325825183 -2.25401931720 -6.83936327898
2024-03-20T05:53:00.000000 5684.451128579 -2491.027992747 2565.246048560 2.30000014946 -2.06227972180 -7.05921164548
2024-03-20T05:54:00.000000 5808.876268741 -2608.766256713 2135.934501414 1.84587295033 -1.86078204462 -7.24550124665
2024-03-20T05:55:00.000000 5905.781979301 -2714.145999540 1696.474880528 1.38305186782 -1.65049374391 -7.39734740836
2024-03-20T05:56:00.000000 5974.712875109 -2806.669813044 1248.956118900 0.91375101815 -1.43242208298 -7.51403384257
2024-03-20T05:57:00.000000 6015.347407504 -2885.901853895 795.505059222 0.44021605192 -1.20761167166 -7.59501415852
2024-03-20T05:58:00.000000 6027.499408752 -2951.469952306 338.276098705 -0.03528818794 -0.97713910530 -7.63991630680
2024-03-20T05:59:00.000000 6011.118934100 -3003.067358732 -120.559272078 -0.51048707346 -0.74210791506 -7.64854323836
2024-03-20T06:00:00.000000 5966.292501446 -3040.454237907 -578.823111879 -0.98310949565 -0.50364400274 -7.62087707694
2024-03-20T06:01:00.000000 5893.242411720 -3063.458799102 -1034.341706630 -1.45090196200 -0.26288836838 -7.55707601271
2024-03-20T06:02:00.000000 5792.325431639 -3071.977995455 -1484.956070727 -1.91163731896 -0.02099052840 -7.45747262765
2024-03-20T06:03:00.000000 5664.030918429 -3065.977886205 -1928.532388576 -2.36312512761 0.22089616202 -7.32257325763
2024-03-20T06:04:00.000000 5508.978220593 -3045.493718801 -2362.972371684 -2.80322468892 0.46161997951 -7.15305493504
2024-03-20T06:05:00.000000 5327.913382618 -3010.629632135 -2786.223365749 -3.22985534530 0.70003714136 -6.94976128367
2024-03-20T06:06:00.000000 5121.705176546 -2961.557985761 -3196.288223341 -3.64100891565 0.93501878048 -6.71369754004
2024-03-20T06:07:00.000000 4891.340438310 -2898.518277721 -3591.234706613 -4.03475897902 1.16545625246 -6.44602049383
2024-03-20T06:08:00.000000 4637.919044008 -2821.815820793 -3969.204391837 -4.40926509341 1.39026551988 -6.14803365053
2024-03-20T06:09:00.000000 4362.648429246 -2731.820054988 -4328.421362971 -4.76278471195 1.60839404506 -5.82118199183
2024-03-20T06:10:00.000000 4066.837399686 -2628.962502446 -4667.200333349 -5.09368185158 1.81882547257 -5.46703952137
2024-03-20T06:11:00.000000 3751.889677363 -2513.734525772 -4983.954121963 -5.40042934173 2.02058193626 -5.08730176444
2024-03-20T06:12:00.000000 3419.297163912 -2386.684904297 -5277.200802598 -5.68161681844 2.21272830835 -4.68378031272
2024-03-20T06:13:00.000000 3070.632656225 -2248.417113363 -5545.570334297 -5.93595858524 2.39437716084 -4.25839082997
2024-03-20T06:14:00.000000 2707.542310041 -2099.586345582 -5787.810501612 -6.16229604317 2.56469283453 -3.81314405369
2024-03-20T06:15:00.000000 2331.737813910 -1940.896282835 -6002.792319283 -6.35960383916 2.72289497632 -3.35013465595
2024-03-20T06:16:00.000000 1944.988362607 -1773.095715615 -6189.514713972 -6.52699041233 2.86826060336 -2.87153018394
2024-03-20T06:17:00.000000 1549.112594877 -1596.975099923 -6347.108678803 -6.66370024938 3.00012379721 -2.37956441168
2024-03-20T06:18:00.000000 1145.970247704 -1413.363050878 -6474.840993920 -6.76911895569 3.11787965758 -1.87652774187
2024-03-20T06:19:00.000000 737.453734745 -1223.122514622 -6572.117319924 -6.84277180349 3.22098918651 -1.36475800779
2024-03-20T06:20:00.000000 325.479655057 -1027.146727696 -6638.484774476 -6.88432820861 3.30898183245 -0.84663007932
2024-03-20T06:21:00.000000 -88.019930522 -826.355153502 -6673.633761290 -6.89360354719 3.38145406067 -0.32454399547
2024-03-20T06:22:00.000000 -501.106242883 -621.689349083 -6677.399145976 -6.87055719248 3.43807308485 0.19908692924
2024-03-20T06:23:00.000000 -911.842298085 -414.108758303 -6649.760884321 -6.81529090995 3.47857581621 0.72184051578
2024-03-20T06:24:00.000000 -1318.301576311 -204.586451841 -6590.844153831 -6.72805035108 3.50277073506 1.24130083882
2024-03-20T06:25:00.000000 -1718.576453589 5.895097200 -6500.918795922 -6.60922040150 3.51053670476 1.75506123171
2024-03-20T06:26:00.000000 -2110.786724104 216.348431751 -6380.398580098 -6.45933014750 3.50182902819 2.26073389251
2024-03-20T06:27:00.000000 -2493.088216295 425.785648572 -6229.839622637 -6.27905179799 3.47667723699 2.75596358980
2024-03-20T06:28:00.000000 -2863.681301335 633.222830966 -6049.938016885 -6.06919593082 3.43518438296 3.23844141284
2024-03-20T06:29:00.000000 -3220.818965742 837.684424539 -5841.526908299 -5.83070639931 3.37752652976 3.70590860202
2024-03-20T06:30:00.000000 -3562.814855932 1038.207674346 -5605.573191804 -5.56466046900 3.30395409171 4.15616780526
2024-03-20T06:31:00.000000 -3888.051124899 1233.847040679 -5343.173521774 -5.27226403532 3.21479035425 4.58709209458
2024-03-20T06:32:00.000000 -4194.986130195 1423.678567524 -5055.549840720 -4.95485109840 3.11043154603 4.99663450490
2024-03-20T06:33:00.000000 -4482.161963497 1606.804249775 -4744.044167559 -4.61387736429 2.99134631166 5.38284100085
2024-03-20T06:34:00.000000 -4748.211545394 1782.356349472 -4410.112752082 -4.25091382875 2.85807458304 5.74385967654
2024-03-20T06:35:00.000000 -4991.865351580 1949.501594726 -4055.319635136 -3.86764008707 2.71122480347 6.07795093716
2024-03-20T06:36:00.000000 -5211.957704357 2107.445208689 -3681.329655521 -3.46583696717 2.55147127359 6.38349567197
2024-03-20T06:37:00.000000 -5407.432662030 2255.434786814 -3289.900988016 -3.04738047397 2.37955175633 6.65900334413
2024-03-20T06:38:00.000000 -5577.349503038 2392.764037796 -2882.877139715 -2.61423362532 2.19626506610 6.90312157093
2024-03-20T06:39:00.000000 -5720.887655694 2518.776347918 -2462.178431464 -2.16843702971 2.00246786029 7.11464335827
2024-03-20T06:40:00.000000 -5837.351103535 2632.868160398 -2029.793041914 -1.71210022449 1.79907131073 7.29251522913
2024-03-20T06:41:00.000000 -5926.172200006 2734.492111880 -1587.767571096 -1.24739088506 1.58703657263 7.43584429273
2024-03-20T06:42:00.000000 -5986.914838951 2823.159876455 -1138.197223302 -0.77652421035 1.36736953452 7.54390423433
2024-03-20T06:43:00.000000 -6019.276970080 2898.444702589 -683.215654433 -0.30175149525 1.14111592727 7.61614047072
2024-03-20T06:44:00.000000 -6023.092384163 2959.983630841 -224.984556550 0.17465240399 0.90935551559 7.65217315436
2024-03-20T06:45:00.000000 -5998.331821797 3007.479399067 234.316887136 0.65039928767 0.67319757341 7.65179996745
2024-03-20T06:46:00.000000 -5945.103390621 3040.702024261 692.502759124 1.12320052156 0.43377446678 7.61499876507
2024-03-20T06:47:00.000000 -5863.652229237 3059.490030567 1147.391230613 1.59077914766 0.19223648782 7.54192823927
2024-03-20T06:48:00.000000 -5754.359395378 3063.751324797 1596.815432129 2.05088385428 -0.05025525178 7.43292779834
2024-03-20T06:49:00.000000 -5617.739962598 3053.463630351 2038.634171807 2.50130034320 -0.29253550612 7.28851343320
2024-03-20T06:50:00.000000 -5454.440489148 3028.674587528 2470.742456471 2.93986207034 -0.53343983124 7.10937534209
2024-03-20T06:51:00.000000 -5265.235811048 2989.501528211 2891.081838811 3.36446125856 -0.77181071197 6.89637414799
2024-03-20T06:52:00.000000 -5051.025208430 2936.130866705 3297.650531543 3.77305962718 -1.00650402346 6.65053711362
2024-03-20T06:53:00.000000 -4812.827891817 2868.817110388 3688.513217988 4.16369920568 -1.23639489469 6.37305159724
2024-03-20T06:54:00.000000 -4551.777887347 2787.881549146 4061.810503100 4.53451302672 -1.46038334181 6.06525985124
2024-03-20T06:55:00.000000 -4269.118216177 2693.710550752 4415.767914775 4.88373599412 -1.67740084035 5.72864826546
2024-03-20T06:56:00.000000 -3966.194637337 2586.753578744 4748.704238708 5.20970937786 -1.88641321193 5.36483829902
2024-03-20T06:57:00.000000 -3644.449030151 2467.520970097 5059.039486707 5.51088985293 -2.08642682998 4.97558098810
2024-03-20T06:58:00.000000 -3305.412223494 2336.581327509 5345.302306535 5.78585610070 -2.27649369871 4.56274479521
2024-03-20T06:59:00.000000 -2950.696577207 2194.558661467 5606.136774733 6.03331284403 -2.45571563243 4.12830762166
2024-03-20T07:00:00.000000 -2581.988189725 2042.129271676 5840.308697776 6.25209876717 -2.62324832229 3.67434702878
2024-03-20T07:01:00.000000 -2201.038743988 1880.018493647 6046.711215309 6.44118858036 -2.77830156663 3.20302950046
2024-03-20T07:02:00.000000 -1809.657199802 1708.997282597 6224.370097473 6.59970128823 -2.92014700676 2.71660677032
2024-03-20T07:03:00.000000 -1409.700862000 1529.878305290 6372.448199507 6.72690566424 -3.04812224642 2.21739445775
2024-03-20T07:04:00.000000 -1003.066388165 1343.511934532 6490.248937964 6.82222109475 -3.16163346493 1.70775870994
2024-03-20T07:05:00.000000 -591.680970424 1150.782179750 6577.218887892 6.88520966306 -3.26015251837 1.19010652271
2024-03-20T07:06:00.000000 -177.493623804 952.602706807 6632.950322278 6.91558360340 -3.34322026681 0.66688517735
2024-03-20T07:07:00.000000 237.533987054 749.912558150 6657.183142842 6.91320892364 -3.41044994676 0.14056592680
2024-03-20T07:08:00.000000 651.436754403 543.671791024 6649.805937605 6.87810461067 -3.46152823746 -0.38636803340
2024-03-20T07:09:00.000000 1062.255243846 334.857012298 6610.856398628 6.81044050318 -3.49621690768 -0.91143116597
2024-03-20T07:10:00.000000 1468.044766219 124.456843664 6540.521211278 6.71053917665 -3.51435417324 -1.43214458469
2024-03-20T07:11:00.000000 1866.884595691 -86.532738992 6439.135152011 6.57887506761 -3.51585644518 -1.94605373601
2024-03-20T07:12:00.000000 2256.886793153 -297.113028765 6307.179347865 6.41606684221 -3.50071635880 -2.45073507878
2024-03-20T07:13:00.000000 2636.204922159 -506.287225998 6145.279169421 6.22287846751 -3.46900490454 -2.94380670706
2024-03-20T07:14:00.000000 3003.042606090 -713.065076460 5954.201410538 6.00021473244 -3.42086903669 -3.42293707787
2024-03-20T07:15:00.000000 3355.662010020 -916.467450485 5734.850986473 5.74912139815 -3.35653265190 -3.88585654952
2024-03-20T07:16:00.000000 3692.392095118 -1115.530921086 5488.266836554 5.47077860654 -3.27629523397 -4.33036819690
2024-03-20T07:17:00.000000 4011.636605809 -1309.312338890 5215.617302082 5.16649824271 -3.18053325648 -4.75435795811
2024-03-20T07:18:00.000000 4311.881835574 -1496.893408090 4918.194735542 4.83771897330 -3.06969853589 -5.15580891035
2024-03-20T07:19:00.000000 4591.703854161 -1677.385129615 4597.409241492 4.48599213262 -2.94431430432 -5.53281283322
2024-03-20T07:20:00.000000 4849.775121823 -1849.931911378 4254.782247595 4.11298044986 -2.80497190418 -5.88356859565
2024-03-20T07:21:00.000000 5084.871069922 -2013.715720552 3891.939519887 3.72044962819 -2.65232907149 -6.20640233013
2024-03-20T07:22:00.000000 5295.875904777 -2167.959667041 3510.603631699 3.31026422138 -2.48710289024 -6.49975835564
2024-03-20T07:23:00.000000 5481.788963898 -2311.932328858 3112.586290297 2.88438957835 -2.31009108830 -6.76223093064
2024-03-20T07:24:00.000000 5641.729310062 -2444.951795955 2699.778641553 2.44485055897 -2.12214078830 -6.99257201698
2024-03-20T07:25:00.000000 5774.939693202 -2566.388285115 2274.142456072 1.99374652105 -1.92414530460 -7.18967845066
2024-03-20T07:26:00.000000 5880.790712590 -2675.667179245 1837.700800097 1.53323485808 -1.71704863444 -7.35261129525
2024-03-20T07:27:00.000000 5958.783760177 -2772.271889881 1392.528280018 1.06551895503 -1.50184206156 -7.48059138292
2024-03-20T07:28:00.000000 6008.553763540 -2855.746733046 940.741073656 0.59284256842 -1.27956179854 -7.57301507783
2024-03-20T07:29:00.000000 6029.870959900 -2925.699171472 484.486250372 0.11747081471 -1.05127560477 -7.62945588061
2024-03-20T07:30:00.000000 6022.641818500 -2981.801553770 25.931137939 -0.35832276883 -0.81807773099 -7.64966400645
2024-03-20T07:31:00.000000 5986.909299797 -3023.792604923 -432.747177782 -0.83226337906 -0.58108556109 -7.63356535577
2024-03-20T07:32:00.000000 5922.852508117 -3051.478581140 -889.372513752 -1.30208995855 -0.34143182807 -7.58126308579
2024-03-20T07:33:00.000000 5830.785552669 -3064.734076308 -1341.780126620 -1.76556525117 -0.10026091338 -7.49303537456
2024-03-20T07:34:00.000000 5711.155811809 -3063.502573549 -1787.827157068 -2.22048545827 0.14127590593 -7.36933352138
2024-03-20T07:35:00.000000 5564.541585575 -3047.796664925 -2225.403046198 -2.66469314007 0.38202803381 -7.21078197442
2024-03-20T07:36:00.000000 5391.648914946 -3017.697787386 -2652.439692823 -3.09608906049 0.62085167766 -7.01817066482
2024-03-20T07:37:00.000000 5193.307849117 -2973.355692831 -3066.921248993 -3.51264000448 0.85661454089 -6.79245091204
2024-03-20T07:38:00.000000 4970.468207090 -2914.987527855 -3466.893723760 -3.91238921109 1.08820393784 -6.53473209349
2024-03-20T07:39:00.000000 4724.194641345 -2842.876469570 -3850.474166609 -4.29346659101 1.31453174805 -6.24627138893
2024-03-20T07:40:00.000000 4455.661254241 -2757.370189102 -4215.859368920 -4.65409563377 1.53453718238 -5.92846903236
2024-03-20T07:41:00.000000 4166.145650712 -2658.879024203 -4561.334208193 -4.99260399393 1.74719300096 -5.58285871002
2024-03-20T07:42:00.000000 3857.022535760 -2547.873859557 -4885.279328000 -5.30742813952 1.95150858594 -5.21109801717
2024-03-20T07:43:00.000000 3529.757012038 -2424.883833360 -5186.178407626 -5.59711948242 2.14653387908 -4.81496282389
2024-03-20T07:44:00.000000 3185.897471705 -2290.493669582 -5462.624989884 -5.86035127099 2.33136704362 -4.39633698007
2024-03-20T07:45:00.000000 2827.068154143 -2145.340691012 -5713.328589652 -6.09592279947 2.50515687840 -3.95720129522
2024-03-20T07:46:00.000000 2454.961408671 -1990.111702056 -5937.120270446 -6.30276506264 2.66710563265 -3.49962445185
2024-03-20T07:47:00.000000 2071.329744348 -1825.539718751 -6132.957585816 -6.47994208129 2.81647128152 -3.02575301448
2024-03-20T07:48:00.000000 1677.977721459 -1652.400482358 -6299.928990750 -6.62665553664 2.95257218208 -2.53780129613
2024-03-20T07:49:00.000000 1276.753656718 -1471.508827660 -6437.257493783 -6.74224461303 3.07478647794 -2.03803892270
2024-03-20T07:50:00.000000 869.541438537 -1283.715129159 -6544.303884593 -6.82618528156 3.18255201660 -1.52878942477
2024-03-20T07:51:00.000000 458.252005707 -1089.901455400 -6620.569837949 -6.87810155628 3.27537624463 -1.01242117378
2024-03-20T07:52:00.000000 44.814437583 -890.977325538 -6665.699859729 -6.89776326519 3.35283551064 -0.49132522519
2024-03-20T07:53:00.000000 -368.832628170 -687.875666685 -6679.482495049 -6.88508197856 3.41457346550 0.03208868984
2024-03-20T07:54:00.000000 -780.749574150 -481.548709320 -6661.851278090 -6.84011402829 3.46030370554 0.55539980790
2024-03-20T07:55:00.000000 -1189.004436510 -272.963756568 -6612.884959738 -6.76305721482 3.48980979464 1.07618876856
2024-03-20T07:56:00.000000 -1591.681406894 -63.098904108 -6532.807376152 -6.65425339730 3.50294975767 1.59204111250
2024-03-20T07:57:00.000000 -1986.889494904 147.061466415 -6421.986651244 -6.51418706164 3.49965479347 2.10056298109
2024-03-20T07:58:00.000000 -2372.771080738 356.531012686 -6280.933771429 -6.34348650218 3.47992937230 2.59938874360
2024-03-20T07:59:00.000000 -2747.510408161 564.325908467 -6110.300421463 -6.14291715843 3.44385226958 3.08619498300
2024-03-20T08:00:00.000000 -3109.341693356 769.469241515 -5910.876335286 -5.91337990243 3.39157539813 3.55870518693
2024-03-20T08:01:00.000000 -3456.557235013 970.995406169 -5683.586122011 -5.65590899012 3.32332350504 4.01470136258
2024-03-20T08:02:00.000000 -3787.515318983 1167.954481330 -5429.485555991 -5.37166976441 3.23939503998 4.45203083320
2024-03-20T08:03:00.000000 -4100.648076042 1359.416687838 -5149.757325665 -5.06195809108 3.14016282920 4.86861834300
2024-03-20T08:04:00.000000 -4394.469141088 1544.476800804 -4845.705917340 -4.72819283261 3.02607197388 5.26248093236
2024-03-20T08:05:00.000000 -4667.580751964 1722.258414999 -4518.751875558 -4.37190807543 2.89763792121 5.63173402432
2024-03-20T08:06:00.000000 -4918.680555913 1891.918128773 -4170.425644724 -3.99474912751 2.75544497725 5.97460049715
2024-03-20T08:07:00.000000 -5146.568108910 2052.649619911 -3802.360835146 -3.59846651972 2.60014459889 6.28942022520
2024-03-20T08:08:00.000000 -5350.150975445 2203.687623897 -3416.286909100 -3.18490872209 2.43245341388 6.57465998249
2024-03-20T08:09:00.000000 -5528.450343048 2344.311734238 -3014.021277096 -2.75601310027 2.25314946686 6.82892239499
2024-03-20T08:10:00.000000 -5680.606142441 2473.850013430 -2597.460964899 -2.31379953610 2.06306999155 7.05095290904
2024-03-20T08:11:00.000000 -5805.881694745 2591.682426579 -2168.573676156 -1.86035828846 1.86310686704 7.23965117989
2024-03-20T08:12:00.000000 -5903.667529924 2697.243973058 -1729.388460403 -1.39783856736 1.65420209811 7.39407297226
2024-03-20T08:13:00.000000 -5973.484792120 2790.027600483 -1281.986179493 -0.92844345701 1.43734478987 7.51343762409
2024-03-20T08:14:00.000000 -6014.988039815 2869.586880013 -828.489379193 -0.45441410160 1.21356533090 7.59713626533
2024-03-20T08:15:00.000000 -6027.967156611 2935.538309629 -371.052013735 0.02198102524 0.98393039603 7.64473140414
2024-03-20T08:16:00.000000 -6012.348741159 2987.563374606 88.150967684 0.49845476536 0.74953869391 7.65596157458
2024-03-20T08:17:00.000000 -5968.196878213 3025.410301732 546.934352652 0.97271410690 0.51151505143 7.63074670832
2024-03-20T08:18:00.000000 -5895.713032127 3048.895403357 1003.113592452 1.44247498250 0.27100295627 7.56918879888
2024-03-20T08:19:00.000000 -5795.235125293 3057.904003946 1454.515671664 1.90547474784 0.02915846614 7.47157004973
2024-03-20T08:20:00.000000 -5667.235888817 3052.391030210 1898.989885292 2.35948473303 -0.21285545019 7.33835142509
2024-03-20T08:21:00.000000 -5512.320449026 3032.381242342 2334.418423069 2.80232182266 -0.45387491092 7.17016747886
2024-03-20T08:22:00.000000 -5331.223382649 2997.969105341 2758.726677304 3.23185552253 -0.69274158469 6.96782395249
2024-03-20T08:23:00.000000 -5124.805213687 2949.318249525 3169.893514839 3.64602049502 -0.92830893769 6.73229688527
2024-03-20T08:24:00.000000 -4894.048069828 2886.660627218 3565.961336909 4.04283110653 -1.15944728411 6.46472651455
2024-03-20T08:25:00.000000 -4640.050551880 2810.295315814 3945.045616422 4.42039144417 -1.38504966221 6.16640708102
2024-03-20T08:26:00.000000 -4364.022144499 2720.586950866 4305.343941764 4.77690285295 -1.60403901719 5.83877994776
2024-03-20T08:27:00.000000 -4067.277147311 2617.963776667 4645.144548898 5.11067115230 -1.81537251026 5.48342415528
2024-03-20T08:28:00.000000 -3751.228188634 2502.915483518 4962.834377920 5.42011424207 -2.01804574289 5.10204926562
2024-03-20T08:29:00.000000 -3417.379317493 2375.990750249 5256.906618421 5.70376742819 -2.21109735434 4.69648624665
2024-03-20T08:30:00.000000 -3067.318760085 2237.794561091 5525.967849717 5.96029209441 -2.39361276401 4.26868241559
2024-03-20T08:31:00.000000 -2702.711029861 2088.985228230 5768.744591140 6.18848314226 -2.56472954051 3.82068625289
2024-03-20T08:32:00.000000 -2325.288908394 1930.271155701 5984.089187135 6.38727270040 -2.72364135913 3.35464191506
2024-03-20T08:33:00.000000 -1936.844894277 1762.407324355 6170.985066550 6.55573765607 -2.86960230475 2.87277217478
2024-03-20T08:34:00.000000 -1539.222547012 1586.191594332 6328.551124929 6.69309956944 -3.00192971116 2.37736808254
2024-03-20T08:35:00.000000 -1134.307777082 1402.460808508 6456.045489424 6.79872492001 -3.12000690378 1.87077842412
2024-03-20T08:36:00.000000 -724.020098263 1212.086807262 6552.868785068 6.87212821434 -3.22328428577 1.35540250432
2024-03-20T08:37:00.000000 -310.303617362 1015.972353160 6618.566794234 6.91297522409 -3.31128116279 0.83367772409
2024-03-20T08:38:00.000000 104.882054948 815.046890441 6652.832414757 6.92108364984 -3.38358926012 0.30806846584
2024-03-20T08:39:00.000000 519.570944484 610.262194077 6655.506899000 6.89642331818 -3.43987228021 -0.21894606449
2024-03-20T08:40:00.000000 931.799791314 402.588010938 6626.580508662 6.83911501429 -3.47986809812 -0.74487955474
2024-03-20T08:41:00.000000 1339.617175060 193.007543511 6566.192635963 6.74943323624 -3.50339036162 -1.26724966246
2024-03-20T08:42:00.000000 1741.092735602 -17.487096976 6474.631081746 6.62780407724 -3.51032849408 -1.78359394123
2024-03-20T08:43:00.000000 2134.326069587 -227.899491226 6352.330613826 6.47480011183 -3.50064993161 -2.29147707850
2024-03-20T08:44:00.000000 2517.455528365 -437.233591436 6199.871004016 6.29113973826 -3.47439902874 -2.78850314151
2024-03-20T08:45:00.000000 2888.666810340 -644.498280969 6017.974408690 6.07768286720 -3.43169609456 -3.27232248088
2024-03-20T08:46:00.000000 3246.201520679 -848.712012550 5807.502338212 5.83543289281 -3.37274025825 -3.74064274499
2024-03-20T08:47:00.000000 3588.365589924 -1048.907545074 5569.451691412 5.56552886157 -3.29780855341 -4.19124498638
2024-03-20T08:48:00.000000 3913.537204071 -1244.136514850 5304.950139708 5.26924005904 -3.20725308300 -4.62199039534
2024-03-20T08:49:00.000000 4220.174526032 -1433.473891791 5015.250982930 4.94796161662 -3.10149876637 -5.03083201219
2024-03-20T08:50:00.000000 4506.823031400 -1616.022256670 4701.727443813 4.60320890259 -2.98104143329 -5.41582024629
2024-03-20T08:51:00.000000 4772.122669438 -1790.916093505 4365.866443091 4.23661323625 -2.84644765901 -5.77511765735
2024-03-20T08:52:00.000000 5014.814394488 -1957.325881237 4009.261693287 3.84991034335 -2.69835190283 -6.10700060807
2024-03-20T08:53:00.000000 5233.746720253 -2114.462462783 3633.606634236 3.44494995052 -2.53746483084 -6.40987684451
2024-03-20T08:54:00.000000 5427.881632286 -2261.581090049 3240.685349825 3.02365497298 -2.36455123947 -6.68231199281
2024-03-20T08:55:00.000000 5596.298645392 -2397.984460206 2832.364357334 2.58802863355 -2.18043186918 -6.92299495991
2024-03-20T08:56:00.000000 5738.200045852 -2523.026348414 2410.584142305 2.14015329475 -1.98598602775 -7.13077375034
2024-03-20T08:57:00.000000 5852.914860063 -2636.114839696 1977.349562866 1.68217056233 -1.78214448768 -7.30465533851
2024-03-20T08:58:00.000000 5939.902166320 -2736.715281928 1534.720112057 1.21627196410 -1.56988418027 -7.44381191625
2024-03-20T08:59:00.000000 5998.753819803 -2824.352931753 1084.799921874 0.74469027009 -1.35022446490 -7.54758499468
2024-03-20T09:00:00.000000 6029.196492369 -2898.615287430 629.727361765 0.26968390478 -1.12421930438 -7.61549134888
2024-03-20T09:01:00.000000 6031.092899305 -2959.154019369 171.664589837 -0.20647187463 -0.89295350495 -7.64722243543
2024-03-20T09:02:00.000000 6004.442420801 -3005.686659995 -287.213180631 -0.68150050266 -0.65753579123 -7.64265178401
2024-03-20T09:03:00.000000 5949.380642370 -3037.997748497 -744.728433355 -1.15313946133 -0.41909024236 -7.60182711894
2024-03-20T09:04:00.000000 5866.178428767 -3055.939687846 -1198.711581916 -1.61914214709 -0.17875502603 -7.52496583924
2024-03-20T09:05:00.000000 5755.240747099 -3059.433529677 -1647.011365997 -2.07728793688 0.06232123558 -7.41246202398
2024-03-20T09:06:00.000000 5617.104647160 -3048.469324504 -2087.505491253 -2.52539742987 0.30298857684 -7.26488719896
2024-03-20T09:07:00.000000 5452.436217143 -3023.105940228 -2518.111106215 -2.96135069752 0.54210410604 -7.08298146871
2024-03-20T09:08:00.000000 5262.026903713 -2983.470566406 -2936.794548781 -3.38308948175 0.77853347392 -6.86764521708
2024-03-20T09:09:00.000000 5046.789519370 -2929.758044228 -3341.581047088 -3.78862908732 1.01115750867 -6.61993977606
2024-03-20T09:10:00.000000 4807.753449588 -2862.229734654 -3730.564111950 -4.17607004938 1.23887903134 -6.34107864260
2024-03-20T09:11:00.000000 4546.059253526 -2781.212005730 -4101.914429446 -4.54360733949 1.46062943101 -6.03241920294
2024-03-20T09:12:00.000000 4262.952817602 -2687.094357342 -4453.888190804 -4.88953568067 1.67537323206 -5.69545276287
2024-03-20T09:13:00.000000 3959.779228472 -2580.327392957 -4784.834918540 -5.21225498153 1.88210963510 -5.33179826467
2024-03-20T09:14:00.000000 3637.976202985 -2461.420583866 -5093.204942218 -5.51027915353 2.07987843510 -4.94319530614
2024-03-20T09:15:00.000000 3299.067035423 -2330.939661414 -5377.556279622 -5.78224211553 2.26776471626 -4.53149191049
2024-03-20T09:16:00.000000 2944.653334561 -2189.503867507 -5636.560887672 -6.02690020120 2.44490042415 -4.09863763077
2024-03-20T09:17:00.000000 2576.407459065 -2037.782917681 -5869.010608479 -6.24314033944 2.61047259399 -3.64667646725
2024-03-20T09:18:00.000000 2196.064520394 -1876.493613563 -6073.822309351 -6.42998361156 2.76372368919 -3.17773000865
2024-03-20T09:19:00.000000 1805.414338703 -1706.396584476 -6250.042338350 -6.58658598937 2.90395147832 -2.69399202792
2024-03-20T09:20:00.000000 1406.293214670 -1528.292747218 -6396.850578076 -6.71224209083 3.03051560479 -2.19771706944
2024-03-20T09:21:00.000000 1000.575685146 -1343.019648044 -6513.563773810 -6.80638336090 3.14283512296 -1.69121315093
2024-03-20T09:22:00.000000 590.166048631 -1151.447780468 -6599.638672490 -6.86858755134 3.24039465890 -1.17683596804
2024-03-20T09:23:00.000000 176.989550762 -954.476419985 -6654.674303497 -6.89857785467 3.32274980261 -0.65697000415
2024-03-20T09:24:00.000000 -237.016225383 -753.029500335 -6678.413369287 -6.89621969479 3.38952249335 -0.13401941593
2024-03-20T09:25:00.000000 -649.909939984 -548.051606303 -6670.743290245 -6.86152239433 3.44040311607 0.38959807492
2024-03-20T09:26:00.000000 -1059.755058925 -340.503809695 -6631.696755320 -6.79463756511 3.47515219909 0.91145812448
2024-03-20T09:27:00.000000 -1464.628592419 -131.359316609 -6561.451827905 -6.69586443046 3.49360488102 1.42914308220
2024-03-20T09:28:00.000000 -1862.629707271 78.400940479 -6460.331133478 -6.56564224373 3.49566837696 1.94025137783
2024-03-20T09:29:00.000000 -2251.888304317 287.792707202 -6328.800735820 -6.40455648321 3.48132511790 2.44240759953
2024-03-20T09:30:00.000000 -2630.573538482 495.832852700 -6167.467958263 -6.21332799121 3.45062919177 2.93327824334
2024-03-20T09:31:00.000000 -2996.901836515 701.543627233 -5977.078942661 -5.99281268231 3.40370656067 3.41057083118
2024-03-20T09:32:00.000000 -3349.145082169 903.957051504 -5758.515867268 -5.74400298892 3.34075703383 3.87204512929
2024-03-20T09:33:00.000000 -3685.638761044 1102.119384442 -5512.793456782 -5.46802584417 3.26205563654 4.31552552560
2024-03-20T09:34:00.000000 -4004.789863306 1295.095627760 -5241.054714471 -5.16613683134 3.16795161487 4.73891329715
2024-03-20T09:35:00.000000 -4305.084450197 1481.973893481 -4944.566026663 -4.83971524088 3.05886569309 5.14019594827
2024-03-20T09:36:00.000000 -4585.094919485 1661.869648593 -4624.711720071 -4.49025876934 2.93528901508 5.51745610876
2024-03-20T09:37:00.000000 -4843.486944785 1833.929938638 -4282.988080409 -4.11937801650 2.79778272503 5.86888068485
2024-03-20T09:38:00.000000 -5079.026101311 1997.337514142 -3920.996827334 -3.72879164144 2.64697558270 6.19276997468
2024-03-20T09:39:00.000000 -5290.584168859 2151.314841042 -3540.437979250 -3.32031968747 2.48356213963 6.48754896598
2024-03-20T09:40:00.000000 -5477.144932331 2295.127942524 -3143.102072552 -2.89587397659 2.30829926541 6.75177652652
2024-03-20T09:41:00.000000 -5637.809435589 2428.090056478 -2730.861934144 -2.45745017294 2.12200344124 6.98415221929
2024-03-20T09:42:00.000000 -5771.800737305 2549.565115088 -2305.663958703 -2.00711769716 1.92554730442 7.18352546611
2024-03-20T09:43:00.000000 -5878.468019793 2658.970979055 -1869.518940385 -1.54701016124 1.71985509350 7.34890104976
2024-03-20T09:44:00.000000 -5957.290212880 2755.782414925 -1424.492554212 -1.07931692116 1.50589873235 7.47944612086
2024-03-20T09:45:00.000000 -6007.878985399 2839.533818807 -972.695418317 -0.60627143692 1.28469326334 7.57449640273
2024-03-20T09:46:00.000000 -6029.981018354 2909.821684680 -516.272802254 -0.13013814589 1.05729282653 7.63356174512
2024-03-20T09:47:00.000000 -6023.479445184 2966.306792430 -57.394120076 0.34680062966 0.82478501384 7.65632745922
2024-03-20T09:48:00.000000 -5988.394664200 3008.716011795 401.757642954 0.82225348702 0.58828416070 7.64265664104
2024-03-20T09:49:00.000000 -5924.884515172 3036.843723038 858.996693476 1.29393249757 0.34892535301 7.59259276097
2024-03-20T09:50:00.000000 -5833.243676452 3050.552885269 1312.145286779 1.75956690804 0.10785842021 7.50636034771
2024-03-20T09:51:00.000000 -5713.902242440 3049.775754338 1759.044483721 2.21691477454 -0.13375737396 7.38436142176
2024-03-20T09:52:00.000000 -5567.423718898 3034.514264164 2197.564814670 2.66377357701 -0.37476006244 7.22717599223
2024-03-20T09:53:00.000000 -5394.502255665 3004.839999004 2625.616821924 3.09799248732 -0.61399046669 7.03555734072
2024-03-20T09:54:00.000000 -5195.959187179 2960.893870155 3041.161406845 3.51748548452 -0.85029824412 6.81042961181
2024-03-20T09:55:00.000000 -4972.738809095 2902.885377593 3442.219834724 3.92024075616 -1.08254841564 6.55288025763
2024-03-20T09:56:00.000000 -4725.903649250 2831.091473865 3826.883440825 4.30433150831 -1.30962883586 6.26415587200
2024-03-20T09:57:00.000000 -4456.629047327 2745.855023652 4193.322838516 4.66792477654 -1.53045503155 5.94565135646
2024-03-20T09:58:00.000000 -4166.197297752 2647.583018664 4539.796672709 5.00929061589 -1.74397497312 5.59890460792
2024-03-20T09:59:00.000000 -3855.991175536 2536.744484722 4864.659847755 5.32681015671 -1.94917335288 5.22558472758
2024-03-20T10:00:00.000000 -3527.487167862 2413.868204178 5166.371178276 5.61897959450 -2.14507401964 4.82748593772
2024-03-20T10:01:00.000000 -3182.248267779 2279.540143410 5443.500771635 5.88442101333 -2.33074916285 4.40652104302
2024-03-20T10:02:00.000000 -2821.916258299 2134.400408066 5694.736660098 6.12188659604 -2.50532114454 3.96470726423
2024-03-20T10:03:00.000000 -2448.203666789 1979.140132288 5918.890858798 6.33026705892 -2.66796871064 3.50415675194
2024-03-20T10:04:00.000000 -2062.885481660 1814.497950137 6114.904545525 6.50858888979 -2.81792893094 3.02706288768
2024-03-20T10:05:00.000000 -1667.790874441 1641.256507316 6281.852968164 6.65602197216 -2.95449896274 2.53569923178
2024-03-20T10:06:00.000000 -1264.794309239 1460.238672293 6418.949744898 6.77188679498 -3.07704136206 2.03240162974
2024-03-20T10:07:00.000000 -855.806535289 1272.303554605 6525.550130441 6.85565273377 -3.18498546183 1.51955375481
2024-03-20T10:08:00.000000 -442.765719606 1078.342499203 6601.153679430 6.90693695950 -3.27782789572 0.99958130850
2024-03-20T10:09:00.000000 -27.628423049 879.274906452 6645.406537717 6.92550990710 -3.35513767589 0.47494177733
2024-03-20T10:10:00.000000 387.639559919 676.043862706 6658.102824519 6.91129250623 -3.41655574542 -0.05189077951
2024-03-20T10:11:00.000000 801.072217388 469.611814720 6639.185487423 6.86435725523 -3.46179643675 -0.57843119571
2024-03-20T10:12:00.000000 1210.712484101 260.956099399 6588.746599323 6.78492963899 -3.49064913852 -1.10219608362
2024-03-20T10:13:00.000000 1614.621358369 51.064430094 6507.026889970 6.67338619832 -3.50297882906 -1.62071532255
2024-03-20T10:14:00.000000 2010.886914757 -159.069685143 6394.414591047 6.53025202464 -3.49872732607 -2.13154409280
2024-03-20T10:15:00.000000 2397.633115678 -368.451530167 6251.443658549 6.35619834337 -3.47791245308 -2.63227125418
2024-03-20T10:16:00.000000 2773.028565404 -576.089778808 6078.791479336 6.15204204843 -3.44063023703 -3.12052851355
2024-03-20T10:17:00.000000 3135.295228893 -781.001267804 5877.275871764 5.91874350546 -3.38705586633 -3.59400623011
2024-03-20T10:18:00.000000 3482.716770126 -982.215559624 5647.851210571 5.65739869342 -3.31743785561 -4.05046262406
2024-03-20T10:19:00.000000 3813.646656538 -1178.779358793 5391.604148143 5.36923735429 -3.23209987383 -4.48773236387
2024-03-20T10:20:00.000000 4126.515956281 -1369.761101472 5109.748671784 5.05561512917 -3.13144209470 -4.90373789924
2024-03-20T10:21:00.000000 4419.840713775 -1554.255440481 4803.620626575 4.71800903959 -3.01593836289 -5.29649582711
2024-03-20T10:22:00.000000 4692.229224840 -1731.387673951 4474.671724015 4.35801589858 -2.88613528204 -5.66413006221
2024-03-20T10:23:00.000000 4942.388966142 -1900.317929874 4124.462719666 3.97734316903 -2.74264717795 -6.00488359478
2024-03-20T10:24:00.000000 5169.132879501 -2060.245211353 3754.655993801 3.57779750444 -2.58615510319 -6.31712642406
2024-03-20T10:25:00.000000 5371.385222363 -2210.411317753 3367.007774504 3.16128237481 -2.41740354421 -6.59936302257
2024-03-20T10:26:00.000000 5548.187075201 -2350.104427618 2963.359601871 2.72978499714 -2.23719351129 -6.85024606238
2024-03-20T10:27:00.000000 5698.700832236 -2478.662502975 2545.629395959 2.28536037255 -2.04638359667 -7.06857653132
2024-03-20T10:28:00.000000 5822.214164041 -2595.476722532 2115.802538531 1.83013001490 -1.84588838854 -7.25330665267
2024-03-20T10:29:00.000000 5918.143917119 -2699.994620316 1675.922334124 1.36627499617 -1.63666999589 -7.40355570493
2024-03-20T10:30:00.000000 5986.039046204 -2791.722660883 1228.079789899 0.89601521454 -1.41972984049 -7.51861349408
2024-03-20T10:31:00.000000 6025.582638873 -2870.228519845 774.403491068 0.42160094270 -1.19610676843 -7.59793816225
2024-03-20T10:32:00.000000 6036.593539503 -2935.143274311 317.049352187 -0.05469402476 -0.96687460494 -7.64116220785
2024-03-20T10:33:00.000000 6019.027355711 -2986.163264894 -141.810175665 -0.53058935375 -0.73313273607 -7.64810176266
2024-03-20T10:34:00.000000 5972.976258414 -3023.051380388 -599.996817831 -1.00381297915 -0.49600030603 -7.61874530875
2024-03-20T10:35:00.000000 5898.668445417 -3045.638203998 -1055.336896046 -1.47210520520 -0.25661328524 -7.55325898168
2024-03-20T10:36:00.000000 5796.466907093 -3053.822766666 -1505.672073214 -1.93323517010 -0.01611588744 -7.45198721668
2024-03-20T10:37:00.000000 5666.867306476 -3047.572825355 -1948.869863723 -2.38501266344 0.22434576343 -7.31544621840
2024-03-20T10:38:00.000000 5510.495291669 -3026.924886830 -2382.833834107 -2.82529700116 0.46362715418 -7.14432144689
2024-03-20T10:39:00.000000 5328.103165300 -2991.983893938 -2805.513676665 -3.25200880041 0.70059267858 -6.93946396705
2024-03-20T10:40:00.000000 5120.565901847 -2942.922521960 -3214.914962408 -3.66313991730 0.93412098602 -6.70188425379
2024-03-20T10:41:00.000000 4888.876610119 -2879.980178036 -3609.108537133 -4.05676234861 1.16311006787 -6.43274693573
2024-03-20T10:42:00.000000 4634.141404609 -2803.461634532 -3986.239580239 -4.43103881348 1.38648416476 -6.13336344546
2024-03-20T10:43:00.000000 4357.573738909 -2713.735296589 -4344.536104814 -4.78422930078 1.60319842947 -5.80518205790
2024-03-20T10:44:00.000000 4060.488430849 -2611.231266345 -4682.316982034 -5.11469651867 1.81224190874 -5.44978248882
2024-03-20T10:45:00.000000 3744.295197641 -2496.439134517 -4997.999613919 -5.42091552487 2.01264340559 -5.06886727349
2024-03-20T10:46:00.000000 3410.491769332 -2369.905506053 -5290.107001941 -5.70147869927 2.20347406086 -4.66425286699
2024-03-20T10:47:00.000000 3060.656601021 -2232.231341424 -5557.274318881 -5.95510373171 2.38385172513 -4.23785961146
2024-03-20T10:48:00.000000 2696.441260247 -2084.069009533 -5798.254788682 -6.18063616824 2.55294561470 -3.79170080207
2024-03-20T10:49:00.000000 2319.562686796 -1926.119127396 -6011.925019906 -6.37705188118 2.70997854847 -3.32787485003
2024-03-20T10:50:00.000000 1931.795232823 -1759.127203717 -6197.289874655 -6.54346223140 2.85423246319 -2.84855615989
2024-03-20T10:51:00.000000 1534.962435414 -1583.880009259 -6353.486618303 -6.67911642706 2.98504951892 -2.35598230589
2024-03-20T10:52:00.000000 1130.928686273 -1401.201992031 -6479.788471541 -6.78340409539 3.10183202911 -1.85244581981
2024-03-20T10:53:00.000000 721.590763797 -1211.951629554 -6575.607599985 -6.85585570140 3.20404379355 -1.34028508153
2024-03-20T10:54:00.000000 308.869303076 -1017.017529560 -6640.497738431 -6.89614694743 3.29121807193 -0.82187773151
2024-03-20T10:55:00.000000 -105.299972774 -817.314237697 -6674.155959092 -6.90409811157 3.36295578585 -0.29962239652
2024-03-20T10:56:00.000000 -518.974797659 -613.778256661 -6676.423750090 -6.87967048048 3.41892475200 0.22406606629
2024-03-20T10:57:00.000000 -930.214898650 -407.363926657 -6647.287925192 -6.82297123242 3.45886324974 0.74676026464
2024-03-20T10:58:00.000000 -1337.090912287 -199.039087312 -6586.880818143 -6.73425493127 3.48258311512 1.26603982209
2024-03-20T10:59:00.000000 -1737.692963308 10.219316129 -6495.479595061 -6.61391718608 3.48996883494 1.77949777770
2024-03-20T11:00:00.000000 -2130.139253942 219.429572655 -6373.505199119 -6.46249792101 3.48097694727 2.28475121943
2024-03-20T11:01:00.000000 -2512.584543233 427.609525111 -6221.520526595 -6.28067469306 3.45563630297 2.77945210314
2024-03-20T11:02:00.000000 -2883.228309790 633.780955397 -6040.228184200 -6.06926062585 3.41404941252 3.26129258557
2024-03-20T11:03:00.000000 -3240.322923951 836.974011648 -5830.467877023 -5.82920651202 3.35639292600 3.72801229008
2024-03-20T11:04:00.000000 -3582.181970424 1036.231706745 -5593.213087675 -5.56160050389 3.28291884204 4.17741562563
2024-03-20T11:05:00.000000 -3907.188157828 1230.614361898 -5329.566786825 -5.26765735574 3.19395162299 4.60738237500
2024-03-20T11:06:00.000000 -4213.800796121 1419.203895004 -5040.756780532 -4.94871536836 3.08988631982 5.01587306868
2024-03-20T11:07:00.000000 -4500.563158336 1601.108013380 -4728.130628711 -4.60623506897 2.97118813842 5.40093683312
2024-03-20T11:08:00.000000 -4766.109713722 1775.464519672 -4393.149958543 -4.24179412022 2.83839476407 5.76072441137
2024-03-20T11:09:00.000000 -5009.172935678 1941.445580124 -4037.384001743 -3.85708035795 2.69211307721 6.09350083071
2024-03-20T11:10:00.000000 -5228.589580333 2098.261691458 -3662.502475091 -3.45388123101 2.53301394709 6.39765081702
2024-03-20T11:11:00.000000 -5423.306620482 2245.165622204 -3270.268251043 -3.03408175711 2.36183507477 6.67168807559
2024-03-20T11:12:00.000000 -5592.386745602 2381.456202828 -2862.529170935 -2.59965257423 2.17937330320 6.91426698777
2024-03-20T11:13:00.000000 -5735.013252403 2506.481798398 -2441.209458675 -2.15264176785 1.98648211422 7.12418874781
2024-03-20T11:14:00.000000 -5850.494387385 2619.643525613 -2008.300682331 -1.69516441703 1.78406628210 7.30040767131
2024-03-20T11:15:00.000000 -5938.267095618 2720.398384381 -1565.852460477 -1.22939450414 1.57308352867 7.44203611771
2024-03-20T11:16:00.000000 -5997.900341389 2808.262263690 -1115.962634079 -0.75755619539 1.35453779846 7.54835610833
2024-03-20T11:17:00.000000 -6029.097604418 2882.812479206 -660.766885708 -0.28190702429 1.12947096070 7.61882414151
2024-03-20T11:18:00.000000 -6031.698562490 2943.689775867 -202.428248980 0.19527293322 0.89895504182 7.65307233995
2024-03-20T11:19:00.000000 -6005.680029365 2990.600124039 256.873431326 0.67169399541 0.66409191567 7.65090824833
2024-03-20T11:20:00.000000 -5951.156290894 3023.316380304 714.952087581 1.14506507217 0.42600802683 7.61231763103
2024-03-20T11:21:00.000000 -5868.378823580 3041.679524101 1169.626246110 1.61310690589 0.18584638048 7.53746792062
2024-03-20T11:22:00.000000 -5757.735139595 3045.599473945 1618.729863708 2.07356600053 -0.05523862082 7.42670547294
2024-03-20T11:23:00.000000 -5619.746938989 3035.055633047 2060.123021477 2.52422493211 -0.29608653794 7.28055471859
2024-03-20T11:24:00.000000 -5455.067572766 3010.097015646 2491.702537715 2.96291464200 -0.53553838846 7.09971509109
2024-03-20T11:25:00.000000 -5264.478799509 2970.841985131 2911.412370582 3.38752591906 -0.77244284192 6.88505796700
2024-03-20T11:26:00.000000 -5048.886824206 2917.477562958 3317.253791217 3.79602186998 -1.00566346058 6.63762099965
2024-03-20T11:27:00.000000 -4809.317626551 2850.258406242 3707.295101199 4.18644807691 -1.23408311107 6.35859962933
2024-03-20T11:28:00.000000 -4546.911826522 2769.505469274 4079.680928914 4.55693922545 -1.45660982189 6.04934215416
2024-03-20T11:29:00.000000 -4262.918961169 2675.604344053 4432.641209439 4.90573192148 -1.67218192224 5.71134161315
2024-03-20T11:30:00.000000 -3958.691170610 2569.003264220 4764.499513036 5.23116958567 -1.87977398461 5.34622513793
2024-03-20T11:31:00.000000 -3635.676628658 2450.210831194 5073.680975891 5.53171046274 -2.07839941332 4.95574976977
2024-03-20T11:32:00.000000 -3295.412343967 2319.793495704 5358.719694663 5.80593399041 -2.26711825790 4.54178887290
2024-03-20T11:33:00.000000 -2939.516883356 2178.372674928 5618.265627365 6.05254577247 -2.44503719894 4.10633046636
2024-03-20T11:34:00.000000 -2569.682237436 2026.621874944 5851.091047243 6.27039260284 -2.61131592858 3.65145977660
2024-03-20T11:35:00.000000 -2187.665508910 1865.263236049 6056.095928582 6.45845744324 -2.76517307068 3.17934814819
2024-03-20T11:36:00.000000 -1795.280542655 1695.063997674 6232.312961974 6.61586717123 -2.90588774093 2.69224552420
2024-03-20T11:37:00.000000 -1394.389183479 1516.832741088 6378.911833388 6.74189512367 -3.03280292571 2.19246670308
2024-03-20T11:38:00.000000 -986.892434307 1331.415515310 6495.202771743 6.83596266553 -3.14532685720 1.68237965245
2024-03-20T11:39:00.000000 -574.721584761 1139.691901370 6580.639459234 6.89763929294 -3.24293406398 1.16439721122
2024-03-20T11:40:00.000000 -159.829211092 942.570887891 6634.821466379 6.92664624837 -3.32517061667 0.64096696946
2024-03-20T11:41:00.000000 255.819912635 740.986523411 6657.495930960 6.92285568209 -3.39165477754 0.11455888968
2024-03-20T11:42:00.000000 670.257913490 535.893602040 6648.558634111 6.88629236737 -3.44207707409 -0.41234415844
2024-03-20T11:43:00.000000 1081.522975383 328.263262755 6608.054413747 6.81713305616 -3.47620251104 -0.93725834663
2024-03-20T11:44:00.000000 1487.668416022 119.078474012 6536.176907651 6.71570543396 -3.49387169220 -1.45770942869
2024-03-20T11:45:00.000000 1886.771699977 -90.670477070 6433.267661419 6.58248633656 -3.49500044585 -1.97124256635
2024-03-20T11:46:00.000000 2276.943333169 -299.990620503 6299.814701037 6.41810006864 -3.47958376368 -2.47543200728
2024-03-20T11:47:00.000000 2656.335712733 -507.891005069 6136.450403130 6.22331875715 -3.44769345674 -2.96789427345
2024-03-20T11:48:00.000000 3023.151875618 -713.387260798 5943.948530983 5.99905669080 -3.39947689704 -3.44630126179
2024-03-20T11:49:00.000000 3375.653887455 -915.506117673 5723.220751584 5.74636770190 -3.33515724919 -3.90838587373
2024-03-20T11:50:00.000000 3712.171162136 -1113.290048154 5475.312558484 5.46644102225 -3.25503590069 -4.35195675365
2024-03-20T11:51:00.000000 4031.108291994 -1305.801852129 5201.398410256 5.16059273186 -3.15948839867 -4.77490711128
2024-03-20T11:52:00.000000 4330.952621236 -1492.129089078 4902.776483490 4.83026488049 -3.04896488284 -5.17522223831
2024-03-20T11:53:00.000000 4610.281619589 -1671.388481416 4580.862685930 4.47701794874 -2.92398582378 -5.55099372627
2024-03-20T11:54:00.000000 4867.769798881 -1842.730014968 4237.184120638 4.10252565740 -2.78514034815 -5.90042533566
2024-03-20T11:55:00.000000 5102.195292556 -2005.341090807 3873.371939715 3.70856625378 -2.63308546594 -6.22184661155
2024-03-20T11:56:00.000000 5312.445813164 -2158.450482629 3491.153592918 3.29701299576 -2.46854326231 -6.51371927875
2024-03-20T11:57:00.000000 5497.524137403 -2301.332187405 3092.344639791 2.86982646723 -2.29229815675 -6.77464623664
2024-03-20T11:58:00.000000 5656.553017922 -2433.308991443 2678.840041206 2.42904375287 -2.10519140565 -7.00337854988
2024-03-20T11:59:00.000000 5788.779532971 -2553.755793207 2252.605079556 1.97676998306 -1.90811800454 -7.19882295524
2024-03-20T12:00:00.000000 5893.578755960 -2662.102620973 1815.665823992 1.51516518572 -1.70201964443 -7.36004576534
2024-03-20T12:01:00.000000 5970.456982526 -2757.837383183 1370.099533905 1.04644269010 -1.48788422316 -7.48627751100
2024-03-20T12:02:00.000000 6019.054421597 -2840.508517133 918.024272637 0.57284797347 -1.26673935844 -7.57692719210
2024-03-20T12:03:00.000000 6039.146576329 -2909.727108635 461.588468560 0.09664569830 -1.03964562897 -7.63157293415
2024-03-20T12:04:00.000000 6030.645354127 -2965.168798434 2.960641193 -0.37988411002 -0.80769290577 -7.64996851212
2024-03-20T12:05:00.000000 5993.599581411 -3006.575315948 -455.681288318 -0.85445954969 -0.57199370038 -7.63204710139
2024-03-20T12:06:00.000000 5928.194649939 -3033.755697306 -912.160845703 -1.32481374535 -0.33367756712 -7.57792311468
2024-03-20T12:07:00.000000 5834.751175264 -3046.587068338 -1364.313668048 -1.78870700630 -0.09388379832 -7.48788517893
2024-03-20T12:08:00.000000 5713.723144476 -3045.015082447 -1809.997895074 -2.24393496200 0.14624351637 -7.36239435224
2024-03-20T12:09:00.000000 5565.695511909 -3029.054048354 -2247.104459568 -2.68833824141 0.38556098992 -7.20208257531
2024-03-20T12:10:00.000000 5391.381144108 -2998.786691840 -2673.567272973 -3.11981440686 0.62293248372 -7.00774973534
2024-03-20T12:11:00.000000 5191.617034246 -2954.363542328 -3087.373149094 -3.53633063076 0.85723495706 -6.78035793724
2024-03-20T12:12:00.000000 4967.359820315 -2896.002005262 -3486.571234426 -3.93593193728 1.08736271993 -6.52102164602
2024-03-20T12:13:00.000000 4719.681007690 -2823.985206673 -3869.282069301 -4.31674632881 1.31223195817 -6.23100632017
2024-03-20T12:14:00.000000 4449.761552056 -2738.660460700 -4233.706512286 -4.67699960972 1.53078776359 -5.91172136645
2024-03-20T12:15:00.000000 4158.885742451 -2640.437398229 -4578.133984574 -5.01502213160 1.74200869722 -5.56470813610
2024-03-20T12:16:00.000000 3848.434778911 -2529.785798208 -4900.950165577 -5.32925448514 1.94491200757 -5.19163253019
2024-03-20T12:17:00.000000 3519.879931611 -2407.233139268 -5200.644166703 -5.61825437930 2.13855775072 -4.79427430529
2024-03-20T12:18:00.000000 3174.775451382 -2273.361939497 -5475.815054799 -5.88069861083 2.32205152799 -4.37451798762
2024-03-20T12:19:00.000000 2814.751283037 -2128.806962670 -5725.177954638 -6.11538782389 2.49454665481 -3.93434635274
2024-03-20T12:20:00.000000 2441.505495395 -1974.252244535 -5947.569748627 -6.32125238420 2.65524849766 -3.47583374194
2024-03-20T12:21:00.000000 2056.796262220 -1810.427801009 -6141.954212675 -6.49735848624 2.80341955586 -3.00113393140
2024-03-20T12:22:00.000000 1662.433620347 -1638.106087355 -6307.426489591 -6.64291214092 2.93838316760 -2.51246946645
2024-03-20T12:23:00.000000 1260.271007021 -1458.098306658 -6443.216754803 -6.75726002205 3.05952440833 -2.01211686005
2024-03-20T12:24:00.000000 852.196954496 -1271.250739420 -6548.693243695 -6.83988626081 3.16628898325 -1.50240219701
2024-03-20T12:25:00.000000 440.126550996 -1078.440944702 -6623.365097472 -6.89042240903 3.25818992616 -0.98569224131
2024-03-20T12:26:00.000000 25.992682150 -880.573662465 -6666.884199943 -6.90864229738 3.33480737616 -0.46437743653
2024-03-20T12:27:00.000000 -388.262389818 -678.576844466 -6679.046545865 -6.89446052947 3.39578789246 0.05912911565
2024-03-20T12:28:00.000000 -800.695722858 -473.397578836 -6659.793385021 -6.84794065679 3.44084766973 0.58240197354
2024-03-20T12:29:00.000000 -1209.372590782 -265.997822032 -6609.211406082 -6.76929161722 3.46977492848 1.10302024429
2024-03-20T12:30:00.000000 -1612.375056581 -57.350086390 -6527.532278928 -6.65886435050 3.48242964716 1.61857298361
2024-03-20T12:31:00.000000 -2007.810536577 151.566882762 -6415.131805215 -6.51715282782 3.47874412656 2.12666891510
2024-03-20T12:32:00.000000 -2393.820284724 359.772458214 -6272.528411342 -6.34479056228 3.45872364285 2.62494603845
2024-03-20T12:33:00.000000 -2768.587760690 566.288571501 -6100.381136532 -6.14255047972 3.42244809127 3.11108194176
2024-03-20T12:34:00.000000 -3130.346841691 770.144128090 -5899.486914149 -5.91133992209 3.37006995766 3.58280289242
2024-03-20T12:35:00.000000 -3477.389926825 970.379386999 -5670.777499558 -5.65220263148 3.30181525288 4.03789078666
2024-03-20T12:36:00.000000 -3808.076073133 1166.050343739 -5415.315685275 -5.36631529465 3.21798227249 4.47419793876
2024-03-20T12:37:00.000000 -4120.838733728 1356.233080227 -5134.290808441 -5.05498070894 3.11894282406 4.88965502390
2024-03-20T12:38:00.000000 -4414.193266503 1540.028220927 -4829.013730868 -4.71962535856 3.00514253510 5.28228305545
2024-03-20T12:39:00.000000 -4686.744143536 1716.565223388 -4500.911056374 -4.36179199666 2.87709650882 5.65020400599
2024-03-20T12:40:00.000000 -4937.191727009 1885.006515828 -4151.518862124 -3.98313316351 2.73538839704 5.99164834434
2024-03-20T12:41:00.000000 -5164.338658586 2044.551529250 -3782.475896704 -3.58540440054 2.58066718307 6.30496459517
2024-03-20T12:42:00.000000 -5367.095887244 2194.440496064 -3395.516324473 -3.17046036745 2.41364417203 6.58862469641
2024-03-20T12:43:00.000000 -5544.488491683 2333.958295651 -2992.461988810 -2.74024819491 2.23509627925 6.84123708086
2024-03-20T12:44:00.000000 -5695.660725435 2462.438205940 -2575.213814492 -2.29679126066 2.04585809436 7.06155733565
2024-03-20T12:45:00.000000 -5819.880398282 2579.265205558 -2145.742977528 -1.84218425116 1.84681848793 7.24848941023
2024-03-20T12:46:00.000000 -5916.542974145 2683.879151926 -1706.081699993 -1.37858576529 1.63891679644 7.40109633344
2024-03-20T12:47:00.000000 -5985.175010178 2775.777649150 -1258.313429254 -0.90820444687 1.42313771290 7.51860837383
2024-03-20T12:48:00.000000 -6025.436733526 2854.518591069 -804.562734535 -0.43328558954 1.20050576953 7.60042415452
2024-03-20T12:49:00.000000 -6037.124032157 2919.722518430 -346.985156206 0.04389513687 0.97208358855 7.64611446551
2024-03-20T12:50:00.000000 -6020.169969215 2971.074678537 112.243365038 0.52104336739 0.73896510716 7.65542938581
2024-03-20T12:51:00.000000 -5974.645370536 3008.326767306 570.937427751 0.99586471378 0.50226894044 7.62830295128
2024-03-20T12:52:00.000000 -5900.758432181 3031.298082688 1026.912975536 1.46607506682 0.26313004591 7.56484523792
2024-03-20T12:53:00.000000 -5798.853942865 3039.876544365 1477.997955736 1.92940822933 0.02269935029 7.46534867715
2024-03-20T12:54:00.000000 -5669.411535348 3034.019181568 1922.043329340 2.38363760112 -0.21787185036 7.33028341640
2024-03-20T12:55:00.000000 -5513.043295838 3013.752269271 2356.933309248 2.82657592761 -0.45742612966 7.16029100937
2024-03-20T12:56:00.000000 -5330.490879255 2979.171438049 2780.595932402 3.25609371106 -0.69481117914 6.95618846392
2024-03-20T12:57:00.000000 -5122.621761750 2930.441133300 3191.013312496 3.67012856792 -0.92888648667 6.71896061857
2024-03-20T12:58:00.000000 -4890.424835188 2867.793723628 3586.231515248 4.06669716974 -1.15852943735 6.44975341327
2024-03-20T12:59:00.000000 -4635.005396256 2791.528231823 3964.370040292 4.44390392443 -1.38264176285 6.14986688818
2024-03-20T13:00:00.000000 -4357.579737209 2702.008767837 4323.630813438 4.79994606183 -1.60015237069 5.82074885737
2024-03-20T13:01:00.000000 -4059.469056106 2599.662761940 4662.306989617 5.13313235454 -1.81002367213 5.46398921071
2024-03-20T13:02:00.000000 -3742.092645489 2484.978676432 4978.790933880 5.44188319428 -2.01125887348 5.08130464413
2024-03-20T13:03:00.000000 -3406.961058388 2358.503539913 5271.581800637 5.72473894194 -2.20290358429 4.67453635999
2024-03-20T13:04:00.000000 -3055.668595992 2220.840210091 5539.292594575 5.98036800248 -2.38405177046 4.24563627310
2024-03-20T13:05:00.000000 -2689.885518877 2072.644405410 5780.656515840 6.20757054744 -2.55384787318 3.79665764677
2024-03-20T13:06:00.000000 -2311.349982373 1914.621544131 5994.532865174 6.40528553404 -2.71149226377 3.32974902369
2024-03-20T13:07:00.000000 -1921.859390005 1747.523155441 6179.912215394 6.57259827435 -2.85624736645 2.84713343887
2024-03-20T13:08:00.000000 -1523.261840061 1572.143263488 6335.920467755 6.70873327358 -2.98743455452 2.35109956661
2024-03-20T13:09:00.000000 -1117.447670330 1389.314666220 6461.822836557 6.81305981823 -3.10444121129 1.84400087119
2024-03-20T13:10:00.000000 -706.340499871 1199.904862471 6557.027273917 6.88509938998 -3.20672284135 1.32823855713
2024-03-20T13:11:00.000000 -291.888144933 1004.812009756 6621.086936218 6.92452404201 -3.29380264792 0.80625069115
2024-03-20T13:12:00.000000 123.946475638 804.960740811 6653.702117011 6.93115822223 -3.36527503468 0.28050142522
2024-03-20T13:13:00.000000 539.194448352 601.297874340 6654.721476509 6.90497777132 -3.42080648321 -0.24652924323
2024-03-20T13:14:00.000000 951.889968427 394.788013883 6624.142689641 6.84611040457 -3.46013782639 -0.77235603917
2024-03-20T13:15:00.000000 1360.079435415 186.409087145 6562.112455709 6.75483520181 -3.48308430211 -1.29449798171
2024-03-20T13:16:00.000000 1761.830591180 -22.852253944 6468.925929638 6.63158446668 -3.48954077376 -1.81049141214
2024-03-20T13:17:00.000000 2155.241485675 -232.005349646 6345.025098154 6.47693459603 -3.47947697191 -2.31790511398
2024-03-20T13:18:00.000000 2538.449150752 -440.059923359 6190.996926428 6.29160988375 -3.45293738290 -2.81433998243
2024-03-20T13:19:00.000000 2909.638483769 -646.030719193 6007.570919249 6.07648056702 -3.41004463761 -3.29744600922
2024-03-20T13:20:00.000000 3267.050869352 -848.942181733 5795.615783579 5.83255818872 -3.35099946954 -3.76493550081
2024-03-20T13:21:00.000000 3608.992428942 -1047.833082380 5556.135358896 5.56098835075 -3.27607808438 -4.21459260657
2024-03-20T13:22:00.000000 3933.841992450 -1241.760977133 5290.264120679 5.26304884855 -3.18563046098 -4.64428028549
2024-03-20T13:23:00.000000 4240.058932207 -1429.806655289 4999.262096852 4.94014539638 -3.08008118395 -5.05195282406
2024-03-20T13:24:00.000000 4526.190588775 -1611.078589184 4684.509008757 4.59380316134 -2.95992767689 -5.43566765686
2024-03-20T13:25:00.000000 4790.879235180 -1784.717182738 4347.497853742 4.22566075219 -2.82573681325 -5.79359273005
2024-03-20T13:26:00.000000 5032.868741858 -1949.898935521 3989.827981491 3.83746460060 -2.67814451454 -6.12401715173
2024-03-20T13:27:00.000000 5251.010716815 -2105.840470907 3613.197526161 3.43105807910 -2.51785168501 -6.42535959128
2024-03-20T13:28:00.000000 5444.270150698 -2251.802365141 3219.395462103 3.00837629221 -2.34562217209 -6.69617536302
2024-03-20T13:29:00.000000 5611.730670594 -2387.092809724 2810.293058982 2.57143675524 -2.16227832954 -6.93516745484
2024-03-20T13:30:00.000000 5752.599124716 -2511.070962779 2387.834797258 2.12232732997 -1.96869604567 -7.14119339302
2024-03-20T13:31:00.000000 5866.209466132 -2623.150049997 1954.028947902 1.66319540770 -1.76580105298 -7.31327006737
2024-03-20T13:32:00.000000 5952.026042004 -2722.800233979 1510.937853801 1.19623825831 -1.55456468472 -7.45057907091
2024-03-20T13:33:00.000000 6009.646269269 -2809.551224809 1060.667910913 0.72369248360 -1.33600019832 -7.55247142974
2024-03-20T13:34:00.000000 6038.802579288 -2882.994674506 605.359200621 0.24781904142 -1.11115742122 -7.61847358037
2024-03-20T13:35:00.000000 6039.363471638 -2942.786081637 147.175022710 -0.22910814138 -0.88111379002 -7.64828447742
2024-03-20T13:36:00.000000 6011.334186687 -2988.646343809 -311.708470247 -0.70480636348 -0.64697163781 -7.64177820195
2024-03-20T13:37:00.000000 5954.856807518 -3020.363157009 -769.113024669 -1.17700042731 -0.40985371568 -7.59901094669
2024-03-20T13:38:00.000000 5870.209278967 -3037.791947101 -1222.869117439 -1.64343838407 -0.17089393728 -7.52021616405
2024-03-20T13:39:00.000000 5757.803739456 -3040.856413951 -1670.826434061 -2.10190087467 0.06876656632 -7.40580055240
2024-03-20T13:40:00.000000 5618.184261939 -3029.548799774 -2110.864213103 -2.55021062316 0.30798516552 -7.25634215826
2024-03-20T13:41:00.000000 5452.024062481 -3003.929800899 -2540.901514510 -2.98624295853 0.54562396339 -7.07259029725
2024-03-20T13:42:00.000000 5260.121804959 -2964.128018613 -2958.907318352 -3.40794264114 0.78055840249 -6.85545697595
2024-03-20T13:43:00.000000 5043.397315883 -2910.339104171 -3362.909953288 -3.81332670924 1.01167802640 -6.60600892942
2024-03-20T13:44:00.000000 4802.886965363 -2842.824761435 -3751.006404268 -4.20049545802 1.23789319190 -6.32546642631
2024-03-20T13:45:00.000000 4539.738398693 -2761.911294045 -4121.371257135 -4.56764084972 1.45814087259 -6.01519516303
2024-03-20T13:46:00.000000 4255.204704674 -2667.987825784 -4472.265221686 -4.91305773096 1.67139129858 -5.67669801424
2024-03-20T13:47:00.000000 3950.638037485 -2561.504159346 -4802.043008793 -5.23515022661 1.87665211258 -5.31160416743
2024-03-20T13:48:00.000000 3627.482845092 -2442.968397497 -5109.160609000 -5.53243813558 2.07297307745 -4.92165820371
2024-03-20T13:49:00.000000 3287.268927871 -2312.944371019 -5392.181932053 -5.80355700509 2.25944660377 -4.50871288135
2024-03-20T13:50:00.000000 2931.604236229 -2172.048981076 -5649.785237794 -6.04726841625 2.43521293047 -4.07472439169
2024-03-20T13:51:00.000000 2562.167163737 -2020.949194211 -5880.768830739 -6.26246213740 2.59946244459 -3.62173748883
2024-03-20T13:52:00.000000 2180.698748788 -1860.358956333 -6084.056318842 -6.44816195998 2.75144037725 -3.15188200495
2024-03-20T13:53:00.000000 1788.994462941 -1691.035758582 -6258.701265533 -6.60352970538 2.89044990101 -2.66735828127
2024-03-20T13:54:00.000000 1388.895899231 -1513.777100022 -6403.891153468 -6.72786644077 3.01585493617 -2.17042830848
2024-03-20T13:55:00.000000 982.282351561 -1329.416760359 -6518.950764844 -6.82061483090 3.12708240645 -1.66340482085
2024-03-20T13:56:00.000000 571.062276058 -1138.820959471 -6603.344910944 -6.88136011833 3.22362478623 -1.14864123849
2024-03-20T13:57:00.000000 157.164755746 -942.884328328 -6656.680584700 -6.90982930463 3.30504222543 -0.62852210998
2024-03-20T13:58:00.000000 -257.469043770 -742.525907213 -6678.708616822 -6.90589357209 3.37096123132 -0.10545597734
2024-03-20T13:59:00.000000 -670.894640539 -538.685087770 -6669.324758511 -6.86957096270 3.42107715403 0.41813733878
2024-03-20T14:00:00.000000 -1081.172959847 -332.317474036 -6628.570020496 -6.80102322353 3.45515418870 0.93983656290
2024-03-20T14:01:00.000000 -1486.378942349 -124.390706285 -6556.630593938 -6.70055604331 3.47302770900 1.45722511042
2024-03-20T14:02:00.000000 -1884.610199568 84.119951304 -6453.837244558 -6.56861920327 3.47460866964 1.96790297357
2024-03-20T14:03:00.000000 -2273.995545484 292.236110401 -6320.663853093 -6.40580188010 3.45988070858 2.46950108507
2024-03-20T14:04:00.000000 -2652.703255619 498.980462559 -6157.725457767 -6.21283088051 3.42889657778 2.95968328319
2024-03-20T14:05:00.000000 -3018.949469176 703.381075744 -5965.776106424 -5.99057524581 3.38178377539 3.43615536025
2024-03-20T14:06:00.000000 -3371.006579449 904.475955983 -5745.705718856 -5.74003856857 3.31874538860 3.89668420854
2024-03-20T14:07:00.000000 -3707.211035277 1101.317474384 -5498.536309407 -5.46235321497 3.24005705934 4.33910017022
2024-03-20T14:08:00.000000 -4025.971177201 1292.976725671 -5225.417923938 -5.15878263608 3.14606724192 4.76130772569
2024-03-20T14:09:00.000000 -4325.774943207 1478.547876558 -4927.623797838 -4.83071564582 3.03719647573 5.16129772444
2024-03-20T14:10:00.000000 -4605.197223556 1657.152476416 -4606.544861482 -4.47966081506 2.91393667119 5.53715806585
2024-03-20T14:11:00.000000 -4862.906843062 1827.943667981 -4263.683603115 -4.10723963626 2.77684865253 5.88708366590
2024-03-20T14:12:00.000000 -5097.673149730 1990.110268121 -3900.647376583 -3.71518029240 2.62656051462 6.20938588198
2024-03-20T14:13:00.000000 -5308.372139606 2142.880732927 -3519.141068439 -3.30530684641 2.46376447728 6.50250340524
2024-03-20T14:14:00.000000 -5493.991910966 2285.526869118 -3120.959448750 -2.87953329528 2.28921358279 6.76500202890
2024-03-20T14:15:00.000000 -5653.638096058 2417.367470602 -2707.979129763 -2.43986034391 2.10372005098 6.99559021754
2024-03-20T14:16:00.000000 -5786.538603911 2537.771752696 -2282.149799255 -1.98836210009 1.90815202618 7.19312473641
2024-03-20T14:17:00.000000 -5892.047785218 2646.162583940 -1845.485091185 -1.52717751622 1.70342917062 7.35661816945
2024-03-20T14:18:00.000000 -5969.650040599 2742.019516231 -1400.053071682 -1.05850128967 1.49052111333 7.48524479594
2024-03-20T14:19:00.000000 -6018.962847622 2824.881695858 -947.966201769 -0.58457084569 1.27044274183 7.57835279237
2024-03-20T14:20:00.000000 -6039.738658505 2894.350114962 -491.370870793 -0.10764753816 1.04423922862 7.63545972787
2024-03-20T14:21:00.000000 -6031.866485974 2950.089480169 -32.437425033 0.36997864781 0.81299048387 7.65625329991
2024-03-20T14:22:00.000000 -5995.373197948 2991.830239840 426.650618913 0.84600675721 0.57780555239 7.64060754186
2024-03-20T14:23:00.000000 -5930.423444674 3019.369951289 883.707641392 1.31814648068 0.33981164725 7.58857603390
2024-03-20T14:24:00.000000 -5837.318942946 3032.574358941 1336.556595165 1.78412121744 0.10015403128 7.50039304857
2024-03-20T14:25:00.000000 -5716.497122534 3031.378244648 1783.039977344 2.24168626124 -0.14001310611 7.37647446498
2024-03-20T14:26:00.000000 -5568.528851204 3015.785703743 2221.030541733 2.68864011986 -0.37953441443 7.21741224839
2024-03-20T14:27:00.000000 -5394.115518247 2985.870061045 2648.441754506 3.12283550128 -0.61725883871 7.02397081727
2024-03-20T14:28:00.000000 -5194.085506351 2941.773411723 3063.237963652 3.54218769163 -0.85204529574 6.79708119138
2024-03-20T14:29:00.000000 -4969.390117026 2883.705931205 3463.444340711 3.94468659650 -1.08276716482 6.53783895339
2024-03-20T14:30:00.000000 -4721.098726223 2811.944747183 3847.156535095 4.32840808743 -1.30832022840 6.24749642504
2024-03-20T14:31:00.000000 -4450.393360796 2726.832436336 4212.549814961 4.69152216315 -1.52762771001 5.92745378735
2024-03-20T14:32:00.000000 -4158.562904719 2628.775283441 4557.887754207 5.03229815766 -1.73964323862 5.57925415379
2024-03-20T14:33:00.000000 -3846.996766694 2518.241331113 4881.530713530 5.34911898259 -1.94335611414 5.20457839137
2024-03-20T14:34:00.000000 -3517.177727829 2395.757973591 5181.943587270 5.64048872788 -2.13779929284 4.80522786875
2024-03-20T14:35:00.000000 -3170.674700910 2261.909254208 5457.702822874 5.90503382225 -2.32205231924 4.38311895527
2024-03-20T14:36:00.000000 -2809.135103168 2117.332918542 5707.503051091 6.14151187395 -2.49524597910 3.94027278815
2024-03-20T14:37:00.000000 -2434.276814428 1962.717263986 5930.163082618 6.34881758849 -2.65656525712 3.47880563351
2024-03-20T14:38:00.000000 -2047.879845319 1798.797735237 6124.631222633 6.52598532328 -2.80525407791 3.00091555177
2024-03-20T14:39:00.000000 -1651.777930470 1626.353366329 6289.989851712 6.67219021307 -2.94061541268 2.50887293400
2024-03-20T14:40:00.000000 -1247.849942565 1446.203166551 6425.459647962 6.78675416444 -3.06201508107 2.00501564750
2024-03-20T14:41:00.000000 -838.010860857 1259.202140967 6530.403181573 6.86915152498 -3.16888773352 1.49173229759
2024-03-20T14:42:00.000000 -424.202701154 1066.237168588 6604.327515485 6.91900681279 -3.26073619299 0.97144937705
2024-03-20T14:43:00.000000 -8.385486762 868.222899078 6646.886198904 6.93609498888 -3.33713191564 0.44662186169
2024-03-20T14:44:00.000000 407.471773325 666.097599677 6657.880781782 6.92034206588 -3.39771713873 -0.08027319333
2024-03-20T14:45:00.000000 821.400212828 460.818758204 6637.261804725 6.87182676543 -3.44220912261 -0.60674879094
2024-03-20T14:46:00.000000 1231.440271726 253.358538838 6585.129033194 6.79078101425 -3.47040187188 -1.13031985277
2024-03-20T14:47:00.000000 1635.650912967 44.699215388 6501.730870178 6.67758895478 -3.48216299753 -1.64851894010
2024-03-20T14:48:00.000000 2032.118546678 -164.171190494 6387.463158927 6.53278183414 -3.47743526773 -2.15889947174
2024-03-20T14:49:00.000000 2418.965929248 -372.263635567 6242.867578999 6.35703959254 -3.45624111216 -2.65904935319
2024-03-20T14:50:00.000000 2794.361017238 -578.592722484 6068.629153192 6.15118777882 -3.41867930995 -3.14660499065
2024-03-20T14:51:00.000000 3156.525486560 -782.181250259 5865.573106957 5.91619195401 -3.36492506498 -3.61925680689
2024-03-20T14:52:00.000000 3503.743205845 -982.064891238 5634.661275252 5.65315821893 -3.29523126008 -4.07476418151
2024-03-20T14:53:00.000000 3834.368397585 -1177.296692729 5376.987588325 5.36332491273 -3.20992458266 -4.51096547743
2024-03-20T14:54:00.000000 4146.833411393 -1366.951571918 5093.773053134 5.04805649900 -3.10940681281 -4.92578816157
2024-03-20T14:55:00.000000 4439.656111670 -1550.130713557 4786.360158878 4.70883857416 -2.99415151707 -5.31725691954
2024-03-20T14:56:00.000000 4711.447021823 -1725.965827913 4456.206767246 4.34727373206 -2.86470223763 -5.68350240637
2024-03-20T14:57:00.000000 4960.916293218 -1893.623287656 4104.879430507 3.96507870017 -2.72167035264 -6.02277420070
2024-03-20T14:58:00.000000 5186.880103270 -2052.308112794 3734.045844695 3.56406858918 -2.56573278484 -6.33345136165
2024-03-20T14:59:00.000000 5388.266297033 -2201.267900590 3345.467020542 3.14615012018 -2.39763123360 -6.61404564682
2024-03-20T15:00:00.000000 5564.119763026 -2339.796597217 2940.989014613 2.71331635160 -2.21816829170 -6.86321266432
2024-03-20T15:01:00.000000 5713.607239748 -2467.237979934 2522.533974012 2.26763371565 -2.02820132730 -7.07976109361
2024-03-20T15:02:00.000000 5836.021406998 -2582.988840088 2092.090832726 1.81123225797 -1.82863975199 -7.26265798724
2024-03-20T15:03:00.000000 5930.784236087 -2686.501837865 1651.705545042 1.34628939843 -1.62043443731 -7.41103346687
2024-03-20T15:04:00.000000 5997.449828116 -2777.288002115 1203.471483569 0.87503145273 -1.40458146222 -7.52418128492
2024-03-20T15:05:00.000000 6035.706778247 -2854.919311017 749.519153523 0.39971308855 -1.18211482723 -7.60156711065
2024-03-20T15:06:00.000000 6045.379766482 -2919.030871082 292.005959622 -0.07738686633 -0.95410321720 -7.64283226237
2024-03-20T15:07:00.000000 6026.430409701 -2969.322600394 -166.894578720 -0.55398392643 -0.72163773577 -7.64779649398
2024-03-20T15:08:00.000000 5978.957434473 -3005.560606624 -625.003478464 -1.02779485007 -0.48583293611 -7.61645965636
2024-03-20T15:09:00.000000 5903.196023389 -3027.578339623 -1080.147193342 -1.49655712245 -0.24781799546 -7.54900147475
2024-03-20T15:10:00.000000 5799.516137955 -3035.277324187 -1530.168165802 -1.95804242019 -0.00873059071 -7.44577380480
2024-03-20T15:11:00.000000 5668.420520630 -3028.627358290 -1972.934868347 -2.41005008782 0.23028849293 -7.30729441436
2024-03-20T15:12:00.000000 5510.542636195 -3007.667039771 -2406.352521734 -2.85043476775 0.46809222532 -7.13427042896
2024-03-20T15:13:00.000000 5326.642295546 -2972.503085258 -2828.373521560 -3.27712439788 0.70355638425 -6.92756222693
2024-03-20T15:14:00.000000 5117.601824894 -2923.309347385 -3237.006561911 -3.68811074553 0.93556748741 -6.68818791019
2024-03-20T15:15:00.000000 4884.421684144 -2860.325946970 -3630.326124958 -4.08146623179 1.16303145034 -6.41732108331
2024-03-20T15:16:00.000000 4628.215289981 -2783.857906261 -4006.481548901 -4.45535436515 1.38487979633 -6.11628170445
2024-03-20T15:17:00.000000 4350.203343823 -2694.273470160 -4363.705553959 -4.80803689578 1.60007436834 -5.78652785854
2024-03-20T15:18:00.000000 4051.707700865 -2592.002153455 -4700.322265420 -5.13788115222 1.80761162827 -5.42964678245
2024-03-20T15:19:00.000000 3734.144889009 -2477.532553385 -5014.754735941 -5.44336524455 2.00652642593 -5.04734793742
2024-03-20T15:20:00.000000 3399.019208426 -2351.409888363 -5305.532060860 -5.72308658200 2.19589751111 -4.64145461240
2024-03-20T15:21:00.000000 3047.915413808 -2214.233234588 -5571.295854065 -5.97576651173 2.37485115656 -4.21389262937
2024-03-20T15:22:00.000000 2682.491148700 -2066.652602951 -5810.806131018 -6.20025474513 2.54256392273 -3.76668120176
2024-03-20T15:23:00.000000 2304.469137118 -1909.365806781 -6022.946624281 -6.39553287281 2.69826644777 -3.30192353230
2024-03-20T15:24:00.000000 1915.629153261 -1743.115124015 -6206.729532534 -6.56071813328 2.84124619820 -2.82179694271
2024-03-20T15:25:00.000000 1517.799788475 -1568.683827765 -6361.299682731 -6.69506675046 2.97084975247 -2.32854323108
2024-03-20T15:26:00.000000 1112.850049666 -1386.892573500 -6485.938028448 -6.79797468296 3.08648438347 -1.82445675518
2024-03-20T15:27:00.000000 702.680996921 -1198.595713743 -6580.064682052 -6.86897895296 3.18762071291 -1.31188070251
2024-03-20T15:28:00.000000 289.217104942 -1004.677331631 -6643.241458700 -6.90776159875 3.27379713372 -0.79319286381
2024-03-20T15:29:00.000000 -125.602406443 -806.047176258 -6675.173631123 -6.91414965587 3.34461987384 -0.27079565540
2024-03-20T15:30:00.000000 -539.832299528 -603.636588276 -6675.711039464 -6.88811464725 3.39976272028 0.25289617481
2024-03-20T15:31:00.000000 -951.529873047 -398.394476973 -6644.848649560 -6.82977003432 3.43896670708 0.77545996851
2024-03-20T15:32:00.000000 -1358.763627605 -191.283117918 -6582.726863346 -6.73937648357 3.46204644229 1.29447364527
2024-03-20T15:33:00.000000 -1759.622065263 16.726303436 -6489.630861320 -6.61733822686 3.46888874478 1.80753530532
2024-03-20T15:34:00.000000 -2152.222098509 224.657859229 -6365.989299440 -6.46419868629 3.45944997919 2.31226455634
2024-03-20T15:35:00.000000 -2534.717436801 431.535252712 -6212.372790368 -6.28064050808 3.43376129612 2.80631119503
2024-03-20T15:36:00.000000 -2905.306994573 636.386270044 -6029.491865428 -6.06748870793 3.39192781077 3.28736432400
2024-03-20T15:37:00.000000 -3262.243393519 838.247219472 -5818.194050390 -5.82570665046 3.33412818926 3.75317064022
2024-03-20T15:38:00.000000 -3603.840946902 1036.167301901 -5579.460173333 -5.55638678673 3.26061350751 4.20154002039
2024-03-20T15:39:00.000000 -3928.483431195 1229.212979117 -5314.400448225 -5.26075229301 3.17170814185 4.63035214783
2024-03-20T15:40:00.000000 -4234.631850106 1416.472349695 -5024.249868635 -4.94015324815 3.06780872223 5.03756972895
2024-03-20T15:41:00.000000 -4520.831888293 1597.059460221 -4710.362920267 -4.59606141544 2.94938331787 5.42124883909
2024-03-20T15:42:00.000000 -4785.721034758 1770.118528791 -4374.207649739 -4.23006396710 2.81696920880 5.77954962079
2024-03-20T15:43:00.000000 -5028.035296868 1934.828041168 -4017.359152494 -3.84385654068 2.67117111465 6.11074508829
2024-03-20T15:44:00.000000 -5246.615505974 2090.404752780 -3641.492528838 -3.43923645090 2.51265954807 6.41323054021
2024-03-20T15:45:00.000000 -5440.413144549 2236.107515523 -3248.375240100 -3.01809289651 2.34216639253 6.68553280064
2024-03-20T15:46:00.000000 -5608.495632179 2371.240880782 -2839.859118465 -2.58240104665 2.16048326721 6.92631373505
2024-03-20T15:47:00.000000 -5750.051375183 2495.158675374 -2417.871940226 -2.13421662820 1.96846035884 7.13438246019
2024-03-20T15:48:00.000000 -5864.394177143 2607.267377827 -1984.408246662 -1.67566141441 1.76700159734 7.30870542748
2024-03-20T15:49:00.000000 -5950.966809786 2707.029117448 -1541.519766774 -1.20891107894 1.55705683783 7.44840987556
2024-03-20T15:50:00.000000 -6009.344040655 2793.964319350 -1091.305748747 -0.73618865242 1.33961955348 7.55278572292
2024-03-20T15:51:00.000000 -6039.235181212 2867.654293378 -635.902946723 -0.25975375657 1.11572489977 7.62129405234
2024-03-20T15:52:00.000000 -6040.485922526 2927.743546923 -177.475199136 0.21810928044 0.88644315906 7.65357151107
2024-03-20T15:53:00.000000 -6013.079417366 2973.941691579 281.797199475 0.69510475121 0.65287320605 7.64943327925
2024-03-20T15:54:00.000000 -5957.136636478 3006.025011186 739.728294391 1.16893650852 0.41613775878 7.60887613609
2024-03-20T15:55:00.000000 -5872.915976978 3023.837695689 1194.137425838 1.63732216809 0.17737629285 7.53207957965
2024-03-20T15:56:00.000000 -5760.812007920 3027.292620406 1642.860142511 2.09800759059 -0.06226239251 7.41940372678
2024-03-20T15:57:00.000000 -5621.353384710 3016.371690918 2083.758870725 2.54877866683 -0.30162700471 7.27138347133
2024-03-20T15:58:00.000000 -5455.200213125 2991.125863983 2514.733292490 2.98746941337 -0.53956763290 7.08872552550
2024-03-20T15:59:00.000000 -5263.140867624 2951.674936001 2933.730630635 3.41197237862 -0.77494083547 6.87230825858
2024-03-20T16:00:00.000000 -5046.087931172 2898.206848427 3338.755829415 3.82025673348 -1.00662010740 6.62317277928
2024-03-20T16:01:00.000000 -4805.073796765 2830.976660659 3727.880781861 4.21035810472 -1.23349347330 6.34251420317
2024-03-20T16:02:00.000000 -4541.246080745 2750.305541831 4099.254217151 4.58040628482 -1.45447240642 6.03169488299
2024-03-20T16:03:00.000000 -4255.861461713 2656.578945705 4451.111120001 4.92863821781 -1.66850403424 5.69222693695
2024-03-20T16:04:00.000000 -3950.278722932 2550.244302407 4781.781117591 5.25341182778 -1.87457466243 5.32574668601
2024-03-20T16:05:00.000000 -3625.951996464 2431.808755394 5089.695496512 5.55319157586 -2.07170803474 4.93400885802
2024-03-20T16:06:00.000000 -3284.424092101 2301.836863805 5373.394492984 5.82655819876 -2.25896694173 4.51889089095
2024-03-20T16:07:00.000000 -2927.319081050 2160.947982877 5631.534618009 6.07222567045 -2.43546462074 4.08238667408
2024-03-20T16:08:00.000000 -2556.334086246 2009.812981152 5862.894861447 6.28904409038 -2.60037063752 3.62658357848
2024-03-20T16:09:00.000000 -2173.231103632 1849.150857506 6066.382070699 6.47600154488 -2.75291100235 3.15365429790
2024-03-20T16:10:00.000000 -1779.828630718 1679.725336566 6241.035815775 6.63222742902 -2.89236971045 2.66584918807
2024-03-20T16:11:00.000000 -1377.993022826 1502.341221579 6386.032773218 6.75699777565 -3.01809414895 2.16548598095
2024-03-20T16:12:00.000000 -969.629579011 1317.840502476 6500.690398310 6.84973899030 -3.12949764603 1.65493727366
2024-03-20T16:13:00.000000 -556.673510355 1127.098345535 6584.469804180 6.91002703462 -3.22606144313 1.13661760014
2024-03-20T16:14:00.000000 -141.080972455 931.018964172 6636.978007895 6.93758802001 -3.30733565362 0.61297374124
2024-03-20T16:15:00.000000 275.179925763 730.531534375 6657.969608564 6.93229790797 -3.37293910536 0.08647802000
2024-03-20T16:16:00.000000 690.138262178 526.585845356 6647.348066862 6.89418732249 -3.42256639616 -0.44038290134
2024-03-20T16:17:00.000000 1101.829594055 320.147761873 6605.166071529 6.82344115011 -3.45598631191 -0.96512347495
2024-03-20T16:18:00.000000 1508.305095440 112.194818706 6531.625190819 6.72039468629 -3.47304238756 -1.48526778512
2024-03-20T16:19:00.000000 1907.640548183 -96.288441549 6427.074981627 6.58553277477 -3.47365666748 -1.99836101604
2024-03-20T16:20:00.000000 2297.945281405 -304.314982960 6292.011401228 6.41948870659 -3.45782379482 -2.50197864893
2024-03-20T16:21:00.000000 2677.371154267 -510.899813145 6127.074788317 6.22304723276 -3.42561935618 -2.99373652004
2024-03-20T16:22:00.000000 3044.121402726 -715.064919801 5933.046647860 5.99713282658 -3.37719791751 -3.47131485541
2024-03-20T16:23:00.000000 3396.458699913 -915.843682132 5710.845815509 5.74280349792 -3.31278506047 -3.93245505930
2024-03-20T16:24:00.000000 3732.713359007 -1112.285290049 5461.524594919 5.46125510734 -3.23268273603 -4.37497055654
2024-03-20T16:25:00.000000 4051.291305612 -1303.459272457 5186.263886277 5.15381050477 -3.13726586755 -4.79676220228
2024-03-20T16:26:00.000000 4350.681533381 -1488.459762571 4886.367830743 4.82191570808 -3.02697985052 -5.19582211176
2024-03-20T16:27:00.000000 4629.463476155 -1666.409782952 4563.258069314 4.46713886758 -2.90234257066 -5.57024423600
2024-03-20T16:28:00.000000 4886.314107495 -1836.465569729 4218.467140242 4.09116102772 -2.76394252404 -5.91823967660
2024-03-20T16:29:00.000000 5120.014390984 -1997.820697843 3853.631205076 3.69576594501 -2.61243515585 -6.23814450643
2024-03-20T16:30:00.000000 5329.455209994 -2149.709976682 3470.482369827 3.28283331237 -2.44853926249 -6.52842560267
2024-03-20T16:31:00.000000 5513.642959057 -2291.413208053 3070.840526625 2.85433171514 -2.27303514700 -6.78769198924
2024-03-20T16:32:00.000000 5671.704504994 -2422.258729030 2656.604532160 2.41230658100 -2.08675951539 -7.01470379342
2024-03-20T16:33:00.000000 5802.891386448 -2541.626659688 2229.742944561 1.95886557874 -1.89060115524 -7.20837677858
2024-03-20T16:34:00.000000 5906.583373481 -2648.951958552 1792.284793368 1.49617597187 -1.68549860745 -7.36778158810
2024-03-20T16:35:00.000000 5982.291865650 -2743.727238222 1346.309872994 1.02645563417 -1.47243481788 -7.49215670015
2024-03-20T16:36:00.000000 6029.662449225 -2825.505357340 893.938403162 0.55195622702 -1.25243323519 -7.58091663140
2024-03-20T16:37:00.000000 6048.476508277 -2893.901593129 437.320529410 0.07495170818 -1.02655076870 -7.63364992680
2024-03-20T16:38:00.000000 6038.652223241 -2948.595502146 -21.374265097 -0.40227433099 -0.79587176672 -7.65012306224
2024-03-20T16:39:00.000000 6000.244814435 -2989.332403462 -479.967801037 -0.87743957205 -0.56150315177 -7.63028027451
2024-03-20T16:40:00.000000 5933.446061033 -3015.924520921 -936.283904328 -1.34827632063 -0.32456690347 -7.57424359879
2024-03-20T16:41:00.000000 5838.583103019 -3028.251711994 -1388.158972458 -1.81254189793 -0.08619483816 -7.48230965550
2024-03-20T16:42:00.000000 5716.116637588 -3026.261931494 -1833.452391866 -2.26802878398 0.15247573690 -7.35494790909
2024-03-20T16:43:00.000000 5566.638485917 -3009.971392612 -2270.056877584 -2.71257579683 0.39030812052 -7.19279952574
2024-03-20T16:44:00.000000 5390.868437885 -2979.464317259 -2695.908658646 -3.14408029348 0.62617286797 -6.99667269662
2024-03-20T16:45:00.000000 5189.650442858 -2934.892367953 -3108.997316587 -3.56050774479 0.85895223896 -6.76753691886
2024-03-20T16:46:00.000000 4963.948237370 -2876.473766360 -3507.375348537 -3.95990180649 1.08754655872 -6.50651906283
2024-03-20T16:47:00.000000 4714.840288252 -2804.491999903 -3889.167375606 -4.34039588854 1.31088088503 -6.21489437843
2024-03-20T16:48:00.000000 4443.514229002 -2719.294210253 -4252.578735354 -4.70021854745 1.52790878783 -5.89407724707
2024-03-20T16:49:00.000000 4151.260926937 -2621.289373907 -4595.903663533 -5.03770162319 1.73761652336 -5.54561515610
2024-03-20T16:50:00.000000 3839.468068028 -2510.946178995 -4917.533007159 -5.35128686874 1.93902806480 -5.17117958488
2024-03-20T16:51:00.000000 3509.613384092 -2388.790646958 -5215.961423713 -5.63953215492 2.13120912402 -4.77255804059
2024-03-20T16:52:00.000000 3163.257489183 -2255.403486657 -5489.794061694 -5.90111763372 2.31327169404 -4.35164420596
2024-03-20T16:53:00.000000 2802.036432795 -2111.417224359 -5737.752638599 -6.13484930547 2.48437700563 -3.91042891232
2024-03-20T16:54:00.000000 2427.653970771 -1957.513139527 -5958.681042401 -6.33966556789 2.64373950716 -3.45099162557
2024-03-20T16:55:00.000000 2041.873484222 -1794.417965197 -6151.550248180 -6.51464040329 2.79062984645 -2.97548731108
2024-03-20T16:56:00.000000 1646.509831302 -1622.900472095 -6315.462588548 -6.65898450799 2.92437657437 -2.48613835935
2024-03-20T16:57:00.000000 1243.421037481 -1443.767891768 -6449.655520293 -6.77204860084 3.04436952077 -1.98522445535
2024-03-20T16:58:00.000000 834.499854199 -1257.862226320 -6553.504737468 -6.85332461374 3.15005972740 -1.47507266901
2024-03-20T16:59:00.000000 421.665242981 -1066.056523403 -6626.526841586 -6.90244775133 3.24096241058 -0.95805175482
2024-03-20T17:00:00.000000 6.853623052 -869.250836507 -6668.381456883 -6.91920055817 3.31666233762 -0.43655676914
2024-03-20T17:01:00.000000 -407.989791612 -668.368099924 -6678.872353346 -6.90350645132 3.37681156538 0.08700272024
2024-03-20T17:02:00.000000 -820.919445463 -464.350119470 -6657.948311060 -6.85543217163 3.42112987669 0.61020325004
2024-03-20T17:03:00.000000 -1229.998264612 -258.153312504 -6605.703585537 -6.77519299806 3.44941040893 1.13062322487
2024-03-20T17:04:00.000000 -1633.306305993 -50.744452714 -6522.377303869 -6.66314377782 3.46151430133 1.64585460722
2024-03-20T17:05:00.000000 -2028.949195643 156.903482630 -6408.352677345 -6.51978318090 3.45737457513 2.15350483679
2024-03-20T17:06:00.000000 -2415.066792234 363.815697649 -6264.155607895 -6.34575235245 3.43699729979 2.65121200789
2024-03-20T17:07:00.000000 -2789.841586580 569.019943622 -6090.452637525 -6.14183179711 3.40046194478 3.13665089728
2024-03-20T17:08:00.000000 -3151.507151814 771.551053421 -5888.048383465 -5.90894273941 3.34792504508 3.60754777311
2024-03-20T17:09:00.000000 -3498.356306356 970.455433030 -5657.881988069 -5.64813753752 3.27961470134 4.06169261243
2024-03-20T17:10:00.000000 -3828.748888431 1164.795287512 -5401.023230022 -5.36059822972 3.19583034746 4.49694217888
2024-03-20T17:11:00.000000 -4141.119530818 1353.653005995 -5118.668173234 -5.04763490090 3.09694487702 4.91123232538
2024-03-20T17:12:00.000000 -4433.985187804 1536.135470463 -4812.134110093 -4.71068108246 2.98340166220 5.30258788120
2024-03-20T17:13:00.000000 -4705.952411599 1711.378282157 -4482.853886585 -4.35128846226 2.85571456311 5.66913413087
2024-03-20T17:14:00.000000 -4955.724203909 1878.549949100 -4132.369579833 -3.97111937785 2.71446623065 6.00910614063
2024-03-20T17:15:00.000000 -5182.106471308 2036.855933027 -3762.325626089 -3.57194021458 2.56030513877 6.32085850611
2024-03-20T17:16:00.000000 -5384.014024433 2185.542499056 -3374.461413773 -3.15561378508 2.39394277106 6.60287270052
2024-03-20T17:17:00.000000 -5560.476176743 2323.900458345 -2970.603407886 -2.72409257941 2.21615196315 6.85376645041
2024-03-20T17:18:00.000000 -5710.641841370 2451.268740586 -2552.656695833 -2.27940913190 2.02776326579 7.07230245799
2024-03-20T17:19:00.000000 -5833.784056122 2567.037752478 -2122.596072868 -1.82366684506 1.82966131664 7.25739579204
2024-03-20T17:20:00.000000 -5929.303931071 2670.652487227 -1682.456679625 -1.35902970812 1.62278038536 7.40812068733
2024-03-20T17:21:00.000000 -5996.733989328 2761.615411707 -1234.324281602 -0.88771219733 1.40810145432 7.52371676260
2024-03-20T17:22:00.000000 -6035.740802742 2839.489116494 -780.325133975 -0.41196592266 1.18664640942 7.60359534270
2024-03-20T17:23:00.000000 -6046.126856994 2903.898564974 -322.615597486 0.06593201950 0.95947154890 7.64734199074
2024-03-20T17:24:00.000000 -6027.831755627 2954.533003149 136.628395248 0.54369009664 0.72766252160 7.65471909065
2024-03-20T17:25:00.000000 -5980.932735236 2991.147565826 595.221988650 1.01901392145 0.49232907773 7.62566689818
2024-03-20T17:26:00.000000 -5905.644511790 3013.564575162 1050.982107762 1.48961720089 0.25460017712 7.56030497225
2024-03-20T17:27:00.000000 -5802.318384079 3021.674510286 1501.738262644 1.95323595501 0.01561763784 7.45893279698
2024-03-20T17:28:00.000000 -5671.440517231 3015.436583564 1945.343249741 2.40764023802 -0.22347028021 7.32202681259
2024-03-20T17:29:00.000000 -5513.629576486 2994.878945610 2379.683708880 2.85064521566 -0.46151488310 7.15023789024
2024-03-20T17:30:00.000000 -5329.633740206 2960.098556487 2802.690451424 3.28011986345 -0.69737180007 6.94438739503
2024-03-20T17:31:00.000000 -5120.327168007 2911.260817654 3212.348708735 3.69399884251 -0.92990509528 6.70546804852
2024-03-20T17:32:00.000000 -4886.705457341 2848.598729090 3606.708231043 4.09030137109 -1.15799998064 6.43463418620
2024-03-20T17:33:00.000000 -4629.880620269 2772.411412032 3983.892507828 4.46712623995 -1.38056599887 6.13319092650
2024-03-20T17:34:00.000000 -4351.075966853 2683.062719840 4342.108182829 4.82267254539 -1.59653783408 5.80260352937
2024-03-20T17:35:00.000000 -4051.619186853 2580.979352745 4679.653873501 5.15525865301 -1.80488696543 5.44446784342
2024-03-20T17:36:00.000000 -3732.935692148 2466.648528634 4994.927743025 5.46331056621 -2.00462523369 5.06050696404
2024-03-20T17:37:00.000000 -3396.541770427 2340.615491039 5286.434979264 5.74537409126 -2.19480669590 4.65256332294
2024-03-20T17:38:00.000000 -3044.037232019 2203.480901389 5552.794703295 6.00012047139 -2.37453111880 4.22259120617
2024-03-20T17:39:00.000000 -2677.097685431 2055.897895966 5792.746446141 6.22635289596 -2.54295045088 3.77264826667
2024-03-20T17:40:00.000000 -2297.466433005 1898.568825415 6005.156018155 6.42301268841 -2.69927283846 3.30488411417
2024-03-20T17:41:00.000000 -1906.946027520 1732.241801282 6189.020654970 6.58918412929 -2.84276494898 2.82152808492
2024-03-20T17:42:00.000000 -1507.389583812 1557.707118575 6343.473482947 6.72409814906 -2.97275493803 2.32487864872
2024-03-20T17:43:00.000000 -1100.691912594 1375.793415790 6467.787299709 6.82713402280 -3.08863670886 1.81729098971
2024-03-20T17:44:00.000000 -688.780599951 1187.363734934 6561.377620323 6.89781992134 -3.18986977925 1.30116548290
2024-03-20T17:45:00.000000 -273.607102249 993.311503345 6623.805115340 6.93583176163 -3.27598200724 0.77893902237
2024-03-20T17:46:00.000000 142.862156337 794.556410741 6654.777635855 6.94099613181 -3.34657097823 0.25307972465
2024-03-20T17:47:00.000000 558.655060785 592.040060317 6654.151717864 6.91329686067 -3.40130857195 -0.27392781157
2024-03-20T17:48:00.000000 971.803120482 386.721565384 6621.933085136 6.85286988508 -3.43993964425 -0.79959617548
2024-03-20T17:49:00.000000 1380.350575619 179.573060225 6558.276575226 6.76000422409 -3.46228526294 -1.32144529876
2024-03-20T17:50:00.000000 1782.363521696 -28.424820504 6463.485264730 6.63513822859 -3.46824129720 -1.83701438804
2024-03-20T17:51:00.000000 2175.938810507 -236.287547871 6338.009194803 6.47885971249 -3.45778240901 -2.34386769689
2024-03-20T17:52:00.000000 2559.213110577 -443.031362110 6182.443348781 6.29190698808 -3.43095868502 -2.83961244758
2024-03-20T17:53:00.000000 2930.371640842 -647.677748314 5997.524692431 6.07515847725 -3.38789539905 -3.32190955272
2024-03-20T17:54:00.000000 3287.656448283 -849.257977345 5784.128773589 5.82963044048 -3.32879280992 -3.78848055587
2024-03-20T17:55:00.000000 3629.374628894 -1046.817490709 5543.265751069 5.55647351897 -3.25392303659 -4.23711770286
2024-03-20T17:56:00.000000 3953.906237483 -1239.420300656 5276.076025474 5.25696922444 -3.16363368912 -4.66568916738
2024-03-20T17:57:00.000000 4259.712099130 -1426.153542891 4983.825258760 4.93252719697 -3.05834731420 -5.07215357033
2024-03-20T17:58:00.000000 4545.341293871 -1606.131905516 4667.898611436 4.58467859117 -2.93855951612 -5.45457094361
2024-03-20T17:59:00.000000 4809.438259051 -1778.501897194 4329.794344321 4.21507016871 -2.80483466360 -5.81111247423
2024-03-20T18:00:00.000000 5050.749579753 -1942.445942501 3971.116851731 3.82545817891 -2.65780587736 -6.14007157805
2024-03-20T18:01:00.000000 5268.130170784 -2097.186462943 3593.568976904 3.41769571778 -2.49817215289 -6.43987425160
2024-03-20T18:02:00.000000 5460.548837687 -2241.989663782 3198.943857234 2.99372443966 -2.32669349398 -6.70908594133
2024-03-20T18:03:00.000000 5627.093292850 -2376.169107690 2789.116367863 2.55556502457 -2.14418793309 -6.94641759880
2024-03-20T18:04:00.000000 5766.974674517 -2499.089089086 2366.034158773 2.10530928019 -1.95152767455 -7.15073389907
2024-03-20T18:05:00.000000 5879.531480259 -2610.167738024 1931.708233530 1.64510891993 -1.74963441660 -7.32105900764
2024-03-20T18:06:00.000000 5964.232863392 -2708.879878728 1488.203236900 1.17716575092 -1.53947549271 -7.45658187353
2024-03-20T18:07:00.000000 6020.681295253 -2794.759615822 1037.627377805 0.70371967619 -1.32205866224 -7.55666203028
2024-03-20T18:08:00.000000 6048.614474699 -2867.402593542 582.122119933 0.22703667389 -1.09842657877 -7.62083170237
2024-03-20T18:09:00.000000 6047.906597266 -2926.467927773 123.851748167 -0.25060118184 -0.86965145134 -7.64879859037
2024-03-20T18:10:00.000000 6018.568946719 -2971.679829235 -335.007250657 -0.72690866028 -0.63682999657 -7.64044839461
2024-03-20T18:11:00.000000 5960.749698804 -3002.828893156 -792.276866467 -1.19960974623 -0.40107727334 -7.59584447614
2024-03-20T18:12:00.000000 5874.733038594 -3019.773028520 -1245.788210236 -1.66644892529 -0.16352108149 -7.51522749662
2024-03-20T18:13:00.000000 5760.937538486 -3022.438042230 -1693.392098217 -2.12520396069 0.07470408092 -7.39901287006
2024-03-20T18:14:00.000000 5619.913869030 -3010.817884458 -2132.969440003 -2.57369557442 0.31246212619 -7.24778817863
2024-03-20T18:15:00.000000 5452.341863170 -2984.974563839 -2562.441509918 -3.00979970536 0.54862169651 -7.06231046182
2024-03-20T18:16:00.000000 5259.026860466 -2945.037667352 -2979.779943201 -3.43145857119 0.78206249926 -6.84350035372
2024-03-20T18:17:00.000000 5040.895429590 -2891.203524035 -3383.016360770 -3.83669055993 1.01168107094 -6.59243566730
2024-03-20T18:18:00.000000 4798.990523349 -2823.734021636 -3770.251589698 -4.22359909183 1.23639637517 -6.31034408005
2024-03-20T18:19:00.000000 4534.466161770 -2742.955131666 -4139.664433289 -4.59037983270 1.45515411574 -5.99859617842
2024-03-20T18:20:00.000000 4248.581638951 -2649.255149179 -4489.520050814 -4.93532940355 1.66693199301 -5.65869846155
2024-03-20T18:21:00.000000 3942.695237680 -2543.082640123 -4818.177838464 -5.25685259691 1.87074382084 -5.29228418444
2024-03-20T18:22:00.000000 3618.257549438 -2424.944168040 -5124.098778480 -5.55346867293 2.06564324879 -4.90110486511
2024-03-20T18:23:00.000000 3276.804432363 -2295.401775430 -5405.852281414 -5.82381720730 2.25072800337 -4.48702179403
2024-03-20T18:24:00.000000 2919.949615656 -2155.070228524 -5662.122473351 -6.06666341120 2.42514344857 -4.05199580724
2024-03-20T18:25:00.000000 2549.377079406 -2004.614034692 -5891.713926387 -6.28090139122 2.58808712047 -3.59807991500
2024-03-20T18:26:00.000000 2166.833105060 -1844.744173469 -6093.556903291 -6.46556112331 2.73881277608 -3.12740827527
2024-03-20T18:27:00.000000 1774.118062652 -1676.214668836 -6266.711811275 -6.61980955145 2.87663201396 -2.64218333491
2024-03-20T18:28:00.000000 1373.078161026 -1499.819081179 -6410.373079639 -6.74295267514 3.00091590661 -2.14466880258
2024-03-20T18:29:00.000000 965.596968275 -1316.386837527 -6523.872502355 -6.83443911707 3.11109788768 -1.63717730341
2024-03-20T18:30:00.000000 553.586897903 -1126.779526892 -6606.681846377 -6.89385885323 3.20667255397 -1.12206146869
2024-03-20T18:31:00.000000 138.980667525 -931.887091954 -6658.415098820 -6.92094526613 3.28720151584 -0.60170734023
2024-03-20T18:32:00.000000 -276.277293318 -732.623684301 -6678.830098303 -6.91557445939 3.35231564779 -0.07852236560
2024-03-20T18:33:00.000000 -690.239479284 -529.923593517 -6667.829608396 -6.87776920447 3.40171330586 0.44507161586
2024-03-20T18:34:00.000000 -1100.964182377 -324.737076914 -6625.461712562 -6.80769762177 3.43516363404 0.96665524028
2024-03-20T18:35:00.000000 -1506.523889336 -118.026236396 -6551.919495456 -6.70566595507 3.45250243191 1.48381332817
2024-03-20T18:36:00.000000 -1905.013909267 89.239098722 -6447.540726840 -6.57212952527 3.45363803430 1.99414186749
2024-03-20T18:37:00.000000 -2294.561192756 296.085927689 -6312.806571233 -6.40768578205 3.43855613953 2.49526657164
2024-03-20T18:38:00.000000 -2673.332697884 501.542631206 -6148.339595738 -6.21307149895 3.40731624201 2.98485004778
2024-03-20T18:39:00.000000 -3039.543815959 704.643249012 -5954.901207302 -5.98916382598 3.36004750243 3.46060333151
2024-03-20T18:40:00.000000 -3391.466632415 904.431764405 -5733.388485061 -5.73697430363 3.29695283973 3.92029434627
2024-03-20T18:41:00.000000 -3727.437855684 1099.966551409 -5484.830508594 -5.45764525129 3.21830868607 4.36175667775
2024-03-20T18:42:00.000000 -4045.866618562 1290.324752739 -5210.384130124 -5.15244806474 3.12446414442 4.78289971072
2024-03-20T18:43:00.000000 -4345.242074564 1474.606590174 -4911.329063937 -4.82277753025 3.01583915938 5.18171978260
2024-03-20T18:44:00.000000 -4624.140687663 1651.939626676 -4589.062455314 -4.47014903539 2.89292505313 5.55630858841
2024-03-20T18:45:00.000000 -4881.233315350 1821.482936427 -4245.092729165 -4.09619190990 2.75628021885 5.90486643940
2024-03-20T18:46:00.000000 -5115.291774298 1982.431099231 -3881.032860864 -3.70264085010 2.60652982760 6.22570950429
2024-03-20T18:47:00.000000 -5325.194928157 2134.018147928 -3498.593177564 -3.29132859581 2.44436308807 6.51727746484
2024-03-20T18:48:00.000000 -5509.934493906 2275.521336512 -3099.573732193 -2.86418349214 2.27053181139 6.77814211190
2024-03-20T18:49:00.000000 -5668.620453329 2406.264892522 -2685.855912737 -2.42321594359 2.08584856537 7.00702214651
2024-03-20T18:50:00.000000 -5800.485517267 2525.623397478 -2259.393540416 -1.97050625634 1.89117878201 7.20278408785
2024-03-20T18:51:00.000000 -5904.889273041 2633.024942503 -1822.203846963 -1.50820162120 1.68744031712 7.36445030791
2024-03-20T18:52:00.000000 -5981.321772102 2727.954120821 -1376.357790402 -1.03850151844 1.47559750393 7.49120786193
2024-03-20T18:53:00.000000 -6029.406368819 2809.954642346 -923.970072597 -0.56364809764 1.25665593555 7.58241267770
2024-03-20T18:54:00.000000 -6048.901917755 2878.631699155 -467.188866178 -0.08591402439 1.03165876179 7.63759350897
2024-03-20T18:55:00.000000 -6039.704270849 2933.654088326 -8.185343956 0.39240894837 0.80168215934 7.65645574672
2024-03-20T18:56:00.000000 -6001.847014328 2974.756004197 450.857032385 0.86902364723 0.56782860336 7.63888441877
2024-03-20T18:57:00.000000 -5935.501393777 3001.738429611 907.753290666 1.34164111923 0.33122070579 7.58494421834
2024-03-20T18:58:00.000000 -5840.975422703 3014.470037771 1360.327646119 1.80799179774 0.09299069311 7.49487513845
2024-03-20T18:59:00.000000 -5718.712736345 3012.887734581 1806.423918249 2.26582608059 -0.14571788735 7.36909261856
2024-03-20T19:00:00.000000 -5569.290867852 2996.997389271 2243.916338646 2.71293377132 -0.38375184540 7.20819544886
2024-03-20T19:01:00.000000 -5393.418210103 2966.873920387 2670.720557995 3.14716722233 -0.61996601282 7.01296237353
2024-03-20T19:02:00.000000 -5191.929988911 2922.660476572 3084.803726395 3.56644346209 -0.85323003292 6.78433031933
2024-03-20T19:03:00.000000 -4965.784494517 2864.567700331 3484.194217966 3.96874805134 -1.08242573567 6.52340454189
2024-03-20T19:04:00.000000 -4716.058119353 2792.872668519 3866.991523809 4.35216085149 -1.30645807151 6.23144585017
2024-03-20T19:05:00.000000 -4443.939638040 2707.917491139 4231.374983928 4.71485435371 -1.52425338628 5.90985555048
2024-03-20T19:06:00.000000 -4150.724759101 2610.107924137 4575.612516331 5.05509370050 -1.73476711374 5.56018658724
2024-03-20T19:07:00.000000 -3837.809903018 2499.911116760 4898.069672956 5.37126206020 -1.93699839870 5.18413599098
2024-03-20T19:08:00.000000 -3506.684572449 2377.852903276 5197.217311508 5.66187111313 -2.12999177650 4.78351295548
2024-03-20T19:09:00.000000 -3158.924041711 2244.515123293 5471.638085992 5.92555108994 -2.31283577962 4.36023639346
2024-03-20T19:10:00.000000 -2796.181887030 2100.532905603 5720.033058164 6.16106326085 -2.48466675548 3.91633209609
2024-03-20T19:11:00.000000 -2420.181942459 1946.591608484 5941.227770068 6.36730566856 -2.64467491051 3.45392206934
2024-03-20T19:12:00.000000 -2032.709881750 1783.423445145 6134.177621011 6.54331902852 -2.79210858792 2.97521023406
2024-03-20T19:13:00.000000 -1635.604660384 1611.803953979 6297.972441516 6.68828721220 -2.92627560218 2.48247257489
2024-03-20T19:14:00.000000 -1230.749810947 1432.548304294 6431.840540197 6.80154068738 -3.04654837080 1.97804701253
2024-03-20T19:15:00.000000 -820.064615478 1246.507269183 6535.152034358 6.88255708917 -3.15236738313 1.46432063117
2024-03-20T19:16:00.000000 -405.495294773 1054.563184639 6607.421594501 6.93096194347 -3.24324034052 0.94372425471
2024-03-20T19:17:00.000000 10.994117097 857.625857695 6648.310813742 6.94653708836 -3.31874418562 0.41872159174
2024-03-20T19:18:00.000000 427.431199780 656.628361262 6657.629616560 6.92921935991 -3.37852673674 -0.10820894786
2024-03-20T19:19:00.000000 841.844229131 452.522648085 6635.336929885 6.87909617952 -3.42231160074 -0.63458034542
2024-03-20T19:20:00.000000 1252.271350048 246.275056428 6581.540814887 6.79640858553 -3.44989475677 -1.15791006969
2024-03-20T19:21:00.000000 1656.769741605 38.861913865 6496.497962819 6.68155004192 -3.46114863191 -1.67572872122
2024-03-20T19:22:00.000000 2053.424700732 -168.735139068 6380.612429732 6.53506362384 -3.45602296231 -2.18559565358
2024-03-20T19:23:00.000000 2440.358485772 -375.533676476 6234.433588018 6.35763738280 -3.43454142001 -2.68510881596
2024-03-20T19:24:00.000000 2815.738895137 -580.554876243 6058.653658100 6.15010137442 -3.39680092544 -3.17190948696
2024-03-20T19:25:00.000000 3177.787799762 -782.828040488 5854.104811484 5.91342734898 -3.34297535113 -3.64369418864
2024-03-20T19:26:00.000000 3524.789529436 -981.395110412 5621.755476209 5.64872541290 -3.27331199283 -4.09822554556
2024-03-20T19:27:00.000000 3855.099108754 -1175.315142559 5362.706088493 5.35724093480 -3.18813439222 -4.53334271121
2024-03-20T19:28:00.000000 4167.150219434 -1363.668912034 5078.184136994 5.04034935450 -3.08784300017 -4.94697388317
2024-03-20T19:29:00.000000 4459.462754211 -1545.563478249 4769.538417300 4.69954763950 -2.97291256849 -5.33714905974
2024-03-20T19:30:00.000000 4730.649880799 -1720.136449454 4438.232649466 4.33644686142 -2.84388596731 -5.70200810497
2024-03-20T19:31:00.000000 4979.424742712 -1886.560057173 4085.838723393 3.95276774622 -2.70137465617 -6.03980761927
2024-03-20T19:32:00.000000 5204.606813148 -2044.045201158 3714.029286879 3.55033172947 -2.54605501379 -6.34893394111
2024-03-20T19:33:00.000000 5405.127590139 -2191.845197321 3324.569801717 3.13105058839 -2.37866427513 -6.62790738923
2024-03-20T19:34:00.000000 5580.035883190 -2329.259388185 2919.310325568 2.69692192905 -2.19999909806 -6.87538971815
2024-03-20T19:35:00.000000 5728.502693233 -2455.636616730 2500.176681204 2.25001899623 -2.01091205043 -7.09019505831
2024-03-20T19:36:00.000000 5849.825376864 -2570.378448400 2069.161103488 1.79247849241 -1.81230723630 -7.27129662551
2024-03-20T19:37:00.000000 5943.431102314 -2672.942110171 1628.312525819 1.32648885809 -1.60513507146 -7.41783171729
2024-03-20T19:38:00.000000 6008.879646715 -2762.843134032 1179.726662612 0.85428065076 -1.39038801931 -7.52910440191
2024-03-20T19:39:00.000000 6045.865637472 -2839.657750459 725.535814425 0.37811585633 -1.16909591086 -7.60459206724
2024-03-20T19:40:00.000000 6054.220000772 -2903.024949939 267.898383507 -0.09972607511 -0.94232002450 -7.64394711939
2024-03-20T19:41:00.000000 6033.910719089 -2952.648222110 -191.011639286 -0.57695764786 -0.71114825622 -7.64699814982
2024-03-20T19:42:00.000000 5985.042964619 -2988.296985127 -649.015351423 -1.05129571697 -0.47668918396 -7.61375300044
2024-03-20T19:43:00.000000 5907.858435517 -3009.807628871 -1103.939684472 -1.52047461430 -0.24006569070 -7.54439797313
2024-03-20T19:44:00.000000 5802.733943401 -3017.084227113 -1553.628061532 -1.98225845518 -0.00241015874 -7.43929644517
2024-03-20T19:45:00.000000 5670.179195820 -3010.098884466 -1995.950942558 -2.43445506392 0.23514363748 -7.29898463790
2024-03-20T19:46:00.000000 5510.833978707 -2988.891632886 -2428.815971816 -2.87492173185 0.47146564665 -7.12416614628
2024-03-20T19:47:00.000000 5325.464822957 -2953.570072243 -2850.178043486 -3.30157909247 0.70543489434 -6.91571101234
2024-03-20T19:48:00.000000 5114.960858415 -2904.308634081 -3258.048989610 -3.71242042625 0.93594526319 -6.67464584415
2024-03-20T19:49:00.000000 4880.329309011 -2841.347592186 -3650.506857242 -4.10551809335 1.16190901355 -6.40215114947
2024-03-20T19:50:00.000000 4622.690339074 -2764.991735634 -4025.704988044 -4.47903640188 1.38226454864 -6.09955414362
2024-03-20T19:51:00.000000 4343.271343088 -2675.608668136 -4381.880527487 -4.83123816220 1.59598017708 -5.76832006109
2024-03-20T19:52:00.000000 4043.400779078 -2573.626872303 -4717.362464754 -5.16049267055 1.80205923040 -5.41004351846
2024-03-20T19:53:00.000000 3724.501617283 -2459.533464925 -5030.579145685 -5.46528140499 1.99954448942 -5.02644049113
2024-03-20T19:54:00.000000 3388.084407846 -2333.871727924 -5320.065294694 -5.74420448441 2.18752158219 -4.61933948888
2024-03-20T19:55:00.000000 3035.739973817 -2197.238429082 -5584.468490515 -5.99598704322 2.36512263075 -4.19067185170
2024-03-20T19:56:00.000000 2669.131797031 -2050.280929203 -5822.555011173 -6.21948237145 2.53152961760 -3.74246178111
2024-03-20T19:57:00.000000 2289.988194977 -1893.694085332 -6033.215186798 -6.41367693645 2.68597798486 -3.27681829693
2024-03-20T19:58:00.000000 1900.094212703 -1728.216931244 -6215.468153853 -6.57769377036 2.82776039145 -2.79592425463
2024-03-20T19:59:00.000000 1501.283341248 -1554.629131941 -6368.465970364 -6.71079541631 2.95623015340 -2.30202563277
2024-03-20T20:00:00.000000 1095.429070546 -1373.747307881 -6491.497066749 -6.81238630679 3.07080225388 -1.79742010063
2024-03-20T20:01:00.000000 684.436412800 -1186.421313943 -6583.988982161 -6.88201044881 3.17095381196 -1.28444594361
2024-03-20T20:02:00.000000 270.233550341 -993.530491396 -6645.510723572 -6.91935282939 3.25622566950 -0.76547981813
2024-03-20T20:03:00.000000 -145.236823546 -795.979692966 -6675.774778373 -6.92424499058 3.32622665865 -0.24292507177
2024-03-20T20:04:00.000000 -560.026326870 -594.695255524 -6674.638288034 -6.89666572150 3.38063193897 0.28080195361
2024-03-20T20:05:00.000000 -972.189572377 -390.620920823 -6642.103461891 -6.83673412023 3.41918635633 0.80328278952
2024-03-20T20:06:00.000000 -1379.792454263 -184.713686721 -6578.317757899 -6.74470953802 3.44170375970 1.32209367024
2024-03-20T20:07:00.000000 -1780.921024996 22.060548453 -6483.573892067 -6.62100487771 3.44807434031 1.83482238062
2024-03-20T20:08:00.000000 -2173.690425683 228.731464969 -6358.308298264 -6.46617406427 3.43825876987 2.33909066781
2024-03-20T20:09:00.000000 -2556.253105909 434.328438443 -6203.099238821 -6.28090787200 3.41228775419 2.83254882354
2024-03-20T20:10:00.000000 -2926.807274629 637.885007978 -6018.664878632 -6.06604136696 3.37026979029 3.31288718907
2024-03-20T20:11:00.000000 -3283.605405167 838.443461533 -5805.860190838 -5.82254589022 3.31238648432 3.77785684920
2024-03-20T20:12:00.000000 -3624.962131787 1035.059048512 -5565.673191335 -5.55152224517 3.23888874635 4.22527223059
2024-03-20T20:13:00.000000 -3949.262012947 1226.804235154 -5299.220959145 -5.25419982783 3.15009964858 4.65301829353
2024-03-20T20:14:00.000000 -4254.967215912 1412.773058189 -5007.745163068 -4.93193678050 3.04641558860 5.05905950506
2024-03-20T20:15:00.000000 -4540.625135984 1592.085515294 -4692.606713980 -4.58621281203 2.92830407042 5.44145901904
2024-03-20T20:16:00.000000 -4804.875318179 1763.891634817 -4355.279744389 -4.21862097600 2.79629951618 5.79837937664
2024-03-20T20:17:00.000000 -5046.456341591 1927.375682785 -3997.345307498 -3.83086675327 2.65100829652 6.12809798047
2024-03-20T20:18:00.000000 -5264.212074074 2081.760244651 -3620.484045507 -3.42475300932 2.49309978943 6.42901776910
2024-03-20T20:19:00.000000 -5457.097410484 2226.309875233 -3226.468632105 -3.00217747945 2.32330417719 6.69966947341
2024-03-20T20:20:00.000000 -5624.183769955 2360.334759152 -2817.155766862 -2.56512458407 2.14241104519 6.93872308407
2024-03-20T20:21:00.000000 -5764.664040444 2483.194123496 -2394.477584508 -2.11565776474 1.95126593499 7.14499599630
2024-03-20T20:22:00.000000 -5877.856955293 2594.299590827 -1960.432465743 -1.65590568707 1.75076833352 7.31746312009
2024-03-20T20:23:00.000000 -5963.210713303 2693.118183480 -1517.075542792 -1.18805438492 1.54186515044 7.45525939729
2024-03-20T20:24:00.000000 -6020.306051940 2779.175063581 -1066.508800808 -0.71433296663 1.32554601482 7.55768798988
2024-03-20T20:25:00.000000 -6048.858562030 2852.055936240 -610.871020834 -0.23700677346 1.10283957190 7.62422087348
2024-03-20T20:26:00.000000 -6048.720492289 2911.409307382 -152.327329043 0.24163751343 0.87480887476 7.65450774358
2024-03-20T20:27:00.000000 -6019.881687607 2956.948351045 306.941360052 0.71930055657 0.64254648539 7.64837346924
2024-03-20T20:28:00.000000 -5962.470009515 2988.452567812 764.749102988 1.19368495250 0.40716862415 7.60582584198
2024-03-20T20:29:00.000000 -5876.750700868 3005.768865581 1218.915800777 1.66250976396 0.16980507449 7.52705114256
2024-03-20T20:30:00.000000 -5763.125183263 3008.812252712 1667.277862910 2.12351854062 -0.06840448147 7.41241344167
2024-03-20T20:31:00.000000 -5622.129245855 2997.566318625 2107.698854297 2.57449040776 -0.30631452103 7.26245384701
2024-03-20T20:32:00.000000 -5454.430551394 2972.083396501 2538.080151347 3.01325349993 -0.54278044549 7.07789113713
2024-03-20T20:33:00.000000 -5260.825224638 2932.484312568 2956.371396207 3.43769918023 -0.77666452706 6.85961422746
2024-03-20T20:34:00.000000 -5042.233753170 2878.957753320 3360.580541263 3.84579231533 -1.00684425500 6.60867656964
2024-03-20T20:35:00.000000 -4799.696383235 2811.759181964 3748.783501574 4.23557681928 -1.23221606211 6.32629054294
2024-03-20T20:36:00.000000 -4534.367984505 2731.209461602 4119.133758028 4.60519228122 -1.45170679460 6.01382583895
2024-03-20T20:37:00.000000 -4247.511887694 2637.692944922 4469.870928868 4.95288214678 -1.66426969760 5.67278235076
2024-03-20T20:38:00.000000 -3940.493833047 2531.656040415 4799.328789929 5.27699081250 -1.86888692704 5.30480102895
2024-03-20T20:39:00.000000 -3614.775439585 2413.604937642 5105.943742094 5.57598104690 -2.06458448165 4.91165795869
2024-03-20T20:40:00.000000 -3271.906794305 2284.102871468 5388.262289504 5.84844150504 -2.25043534496 4.49524570333
2024-03-20T20:41:00.000000 -2913.518695415 2143.767184569 5644.947751118 6.09309455361 -2.42556348984 4.05756267237
2024-03-20T20:42:00.000000 -2541.314541432 1993.266216652 5874.786150380 6.30879752584 -2.58914538549 3.60069940200
2024-03-20T20:43:00.000000 -2157.062238094 1833.316046309 6076.691531486 6.49454291560 -2.74041379848 3.12683166777
2024-03-20T20:44:00.000000 -1762.585949020 1664.677043723 6249.710932389 6.64946530584 -2.87866008540 2.63821494041
2024-03-20T20:45:00.000000 -1359.757325674 1488.150268006 6393.028685157 6.77284633586 -3.00323690931 2.13716822606
2024-03-20T20:46:00.000000 -950.486757152 1304.573715574 6505.970029903 6.86411411390 -3.11356107060 1.62606863607
2024-03-20T20:47:00.000000 -536.714360761 1114.818312381 6588.004331915 6.92285086943 -3.20911889014 1.10734042907
2024-03-20T20:48:00.000000 -120.400595786 919.783704036 6638.747299586 6.94879491261 -3.28946617947 0.58343393173
2024-03-20T20:49:00.000000 296.482755283 720.394111663 6657.962303777 6.94183095075 -3.35422910121 0.05682269208
2024-03-20T20:50:00.000000 711.961698288 517.593934708 6645.561629438 6.90200078013 -3.40310807653 -0.47000797955
2024-03-20T20:51:00.000000 1124.069280792 312.343443686 6601.606675931 6.82949742475 -3.43587461831 -0.99457276862
2024-03-20T20:52:00.000000 1530.854762645 105.614321786 6526.307691144 6.72466770704 -3.45237661539 -1.51439857135
2024-03-20T20:53:00.000000 1930.392693019 -101.614868098 6420.022632590 6.58800719059 -3.45253695515 -2.02703621094
2024-03-20T20:54:00.000000 2320.791748551 -308.363197164 6283.255455504 6.42015753859 -3.43635411869 -2.53006998094
2024-03-20T20:55:00.000000 2700.203377175 -513.651924175 6116.653788042 6.22190169140 -3.40390175341 -3.02112736666
2024-03-20T20:56:00.000000 3066.830251728 -716.508914081 5921.006260825 5.99416542758 -3.35532732480 -3.49788242664
2024-03-20T20:57:00.000000 3418.934899018 -915.973244998 5697.239301352 5.73801762881 -3.29085773863 -3.95807014004
2024-03-20T20:58:00.000000 3754.848208145 -1111.099975394 5446.412919432 5.45466584175 -3.21079694926 -4.39950670415
2024-03-20T20:59:00.000000 4072.977298487 -1300.964482816 5169.715548797 5.14544331952 -3.11551888607 -4.82009384121
2024-03-20T21:00:00.000000 4371.813138399 -1484.666812693 4868.458814977 4.81181130767 -3.00547173999 -5.21782690120
2024-03-20T21:01:00.000000 4649.937979725 -1661.336046191 4544.071380575 4.45534917273 -2.88117459016 -5.59081080115
2024-03-20T21:02:00.000000 4906.032131925 -1830.134461687 4198.092168256 4.07774511834 -2.74321457727 -5.93726629246
2024-03-20T21:03:00.000000 5138.880316358 -1990.261565003 3832.163195028 3.68079029431 -2.59224510866 -6.25553778129
2024-03-20T21:04:00.000000 5347.377606238 -2140.957973238 3448.021864001 3.26637034139 -2.42898263342 -6.54410243626
2024-03-20T21:05:00.000000 5530.534843189 -2281.509132082 3047.492788297 2.83645714775 -2.25420449521 -6.80157779972
2024-03-20T21:06:00.000000 5687.483520256 -2411.248811913 2632.479111310 2.39309924439 -2.06874313504 -7.02672909231
2024-03-20T21:07:00.000000 5817.480209015 -2529.562313885 2204.953516860 1.93841621820 -1.87348379577 -7.21847476986
2024-03-20T21:08:00.000000 5919.910537707 -2635.889624155 1766.948706447 1.47458797355 -1.66936364862 -7.37589806902
2024-03-20T21:09:00.000000 5994.292252762 -2729.728295306 1320.547177858 1.00383518966 -1.45736187818 -7.49825533117
2024-03-20T21:10:00.000000 6040.277297153 -2810.635685624 867.871037437 0.52841009054 -1.23849307171 -7.58496982345
2024-03-20T21:11:00.000000 6057.653558529 -2878.231095045 411.071857790 0.05059014605 -1.01380687283 -7.63563737649
2024-03-20T21:12:00.000000 6046.346002640 -2932.197746720 -47.679883070 -0.42733553098 -0.78438319095 -7.65003267668
2024-03-20T21:13:00.000000 6006.416901598 -2972.284349037 -506.205585671 -0.90308139281 -0.55132353164 -7.62810993816
2024-03-20T21:14:00.000000 5938.065274227 -2998.306172552 -962.329211068 -1.37437609822 -0.31574434145 -7.56999995137
2024-03-20T21:15:00.000000 5841.625753055 -3010.145809857 -1413.887869081 -1.83897285582 -0.07877233802 -7.47601015542
2024-03-20T21:16:00.000000 5717.566712611 -3007.753635508 -1858.742346698 -2.29466226554 0.15846068119 -7.34662191817
2024-03-20T21:17:00.000000 5566.487670582 -2991.147897644 -2294.787454560 -2.73928408394 0.39482543810 -7.18248694356
2024-03-20T21:18:00.000000 5389.116071002 -2960.414393832 -2719.962082362 -3.17073582593 0.62920007348 -6.98442253230
2024-03-20T21:19:00.000000 5186.303486363 -2915.705892550 -3132.259053136 -3.58698443410 0.86047514883 -6.75340796105
2024-03-20T21:20:00.000000 4959.021152848 -2857.241204996 -3529.734603501 -3.98607523311 1.08755950287 -6.49057671262
2024-03-20T21:21:00.000000 4708.355026065 -2785.303949604 -3910.517487575 -4.36614088335 1.30938495659 -6.19721151175
2024-03-20T21:22:00.000000 4435.500236991 -2700.241013034 -4272.817679820 -4.72541053672 1.52491132865 -5.87473561150
2024-03-20T21:23:00.000000 4141.755074117 -2602.460753202 -4614.934604323 -5.06221823880 1.73313084566 -5.52470587619
2024-03-20T21:24:00.000000 3828.514476776 -2492.430854699 -4935.264832311 -5.37500848078 1.93307468436 -5.14880253870
2024-03-20T21:25:00.000000 3497.263237967 -2370.675847870 -5232.309303233 -5.66234370018 2.12381711325 -4.74882225895
2024-03-20T21:26:00.000000 3149.568697771 -2237.774486705 -5504.679909020 -5.92291001308 2.30447693715 -4.32666548577
2024-03-20T21:27:00.000000 2787.073220790 -2094.356938159 -5751.105503856 -6.15552147553 2.47422239928 -3.88432868190
2024-03-20T21:28:00.000000 2411.486396077 -1941.101705049 -5970.437326466 -6.35912358756 2.63227430182 -3.42389316443
2024-03-20T21:29:00.000000 2024.577096210 -1778.732444181 -6161.653815406 -6.53279499618 2.77790704806 -2.94751666685
2024-03-20T21:30:00.000000 1628.165363453 -1608.014611104 -6323.865027750 -6.67575285693 2.91045441010 -2.45742687154
2024-03-20T21:31:00.000000 1224.113951713 -1429.751719697 -6456.316366661 -6.78735532478 3.02931346830 -1.95590519379
2024-03-20T21:32:00.000000 814.319981506 -1244.781647891 -6558.391595592 -6.86709985515 3.13394203538 -1.44528185938
2024-03-20T21:33:00.000000 400.706370341 -1053.972901542 -6629.615492329 -6.91462921425 3.22386149847 -0.92792463251
2024-03-20T21:34:00.000000 -14.786888141 -858.220761628 -6669.655737456 -6.92973142286 3.29865840902 -0.40622717626
2024-03-20T21:35:00.000000 -430.211370452 -658.443332826 -6678.324137530 -6.91233683706 3.35798570193 0.11740075996
2024-03-20T21:36:00.000000 -843.618689813 -455.577465756 -6655.577465560 -6.86251620693 3.40156597180 0.64053727183
2024-03-20T21:37:00.000000 -1253.069050117 -250.574503767 -6601.518078977 -6.78048741472 3.42919426084 1.16075380375
2024-03-20T21:38:00.000000 -1656.640283835 -44.395905312 -6516.393677816 -6.66661836555 3.44073733467 1.67563764733
2024-03-20T21:39:00.000000 -2052.436487025 161.990954728 -6400.596034417 -6.52141578723 3.43613172870 2.18279850233
2024-03-20T21:40:00.000000 -2438.596427903 367.617072891 -6254.659644234 -6.34553049532 3.41538719578 2.67987176772
2024-03-20T21:41:00.000000 -2813.302281074 571.516282377 -6079.259578300 -6.13975634226 3.37858826033 3.16453900405
2024-03-20T21:42:00.000000 -3174.787847122 772.729644873 -5875.208424273 -5.90501953184 3.32589069239 3.63453489462
2024-03-20T21:43:00.000000 -3521.346483483 970.309683328 -5643.453057959 -5.64238012005 3.25752149229 4.08764996146
2024-03-20T21:44:00.000000 -3851.339179126 1163.324756553 -5385.070855401 -5.35303059038 3.17378128981 4.52174625005
2024-03-20T21:45:00.000000 -4163.202207447 1350.863415816 -5101.265153284 -5.03828821982 3.07504243136 4.93476331269
2024-03-20T21:46:00.000000 -4455.454729049 1532.038713098 -4793.360300808 -4.69959765945 2.96174906011 5.32473166598
2024-03-20T21:47:00.000000 -4726.706063710 1705.992426533 -4462.795722573 -4.33851767724 2.83441409903 5.68978513097
2024-03-20T21:48:00.000000 -4975.662381278 1871.899131845 -4111.119629186 -3.95671778251 2.69361770239 6.02816543498
2024-03-20T21:49:00.000000 -5201.133228711 2028.970200593 -3739.982181315 -3.55597255109 2.54000585695 6.33823446924
2024-03-20T21:50:00.000000 -5402.037503862 2176.457657405 -3351.128010222 -3.13815114503 2.37428720865 6.61848209551
2024-03-20T21:51:00.000000 -5577.408955214 2313.657885620 -2946.388367125 -2.70521195888 2.19723151875 6.86753270813
2024-03-20T21:52:00.000000 -5726.401338049 2439.915224230 -2527.672724809 -2.25919497443 2.00966677087 7.08415648861
2024-03-20T21:53:00.000000 -5848.292948886 2554.625294273 -2096.959755771 -1.80220997194 1.81247352530 7.26727718726
2024-03-20T21:54:00.000000 -5942.490572443 2657.238064289 -1656.287966317 -1.33642825673 1.60658261368 7.41597834248
2024-03-20T21:55:00.000000 -6008.532729669 2747.260745415 -1207.745865718 -0.86406758306 1.39297003452 7.52950949927
2024-03-20T21:56:00.000000 -6046.092242725 2824.260358263 -753.461961703 -0.38738561788 1.17265303309 7.60728983445
2024-03-20T21:57:00.000000 -6054.978199372 2887.866026069 -295.594285169 0.09133624661 0.94668264223 7.64891589121
2024-03-20T21:58:00.000000 -6035.136988499 2937.770736762 163.680116567 0.56980285918 0.71613634993 7.65415661679
2024-03-20T21:59:00.000000 -5986.653030007 2973.732944280 622.175658180 1.04571143134 0.48211852305 7.62296082351
2024-03-20T22:00:00.000000 -5909.748564319 2995.578009819 1077.709153858 1.51677298410 0.24575363987 7.55545777017
2024-03-20T22:01:00.000000 -5804.782671307 3003.199195452 1528.110492395 1.98071606985 0.00817961285 7.45195614816
2024-03-20T22:02:00.000000 -5672.249702394 2996.558227604 1971.233660752 2.43530741707 -0.22946129380 7.31294854077
2024-03-20T22:03:00.000000 -5512.776540242 2975.685305474 2404.967328050 2.87836242481 -0.46602904630 7.13909712264
2024-03-20T22:04:00.000000 -5327.119658729 2940.678953786 2827.244975996 3.30774744171 -0.70038628871 6.93123474428
2024-03-20T22:05:00.000000 -5116.161532076 2891.705772382 3236.055329794 3.72140133646 -0.93140351432 6.69036894008
2024-03-20T22:06:00.000000 -4880.905648682 2828.999443245 3629.452313250 4.11735008523 -1.15797589387 6.41766121627
2024-03-20T22:07:00.000000 -4622.471641143 2752.859212526 4005.563944745 4.49369631308 -1.37902160795 6.11442261301
2024-03-20T22:08:00.000000 -4342.090165916 2663.648561298 4362.601679118 4.84864227802 -1.59348296814 5.78212070257
2024-03-20T22:09:00.000000 -4041.096434473 2561.793444582 4698.869129681 5.18049893779 -1.80033627902 5.42235861704
2024-03-20T22:10:00.000000 -3720.923579738 2447.780059572 5012.770175073 5.48769547572 -1.99859841991 5.03687300035
2024-03-20T22:11:00.000000 -3383.095205654 2322.152285904 5302.816316921 5.76878460049 -2.18732964988 4.62751282432
2024-03-20T22:12:00.000000 -3029.218179817 2185.508986719 5567.633401837 6.02244054502 -2.36563823501 4.19624047156
2024-03-20T22:13:00.000000 -2660.974907577 2038.500997766 5805.968184234 6.24747287960 -2.53268369571 3.74512139306
2024-03-20T22:14:00.000000 -2280.114999724 1881.827955473 6016.694029388 6.44283159119 -2.68768045177 3.27630794453
2024-03-20T22:15:00.000000 -1888.446914590 1716.234920738 6198.815816607 6.60760519056 -2.82990050205 2.79203107136
2024-03-20T22:16:00.000000 -1487.829522786 1542.508775577 6351.474536157 6.74102648767 -2.95867851808 2.29459496968
2024-03-20T22:17:00.000000 -1080.163204815 1361.474438702 6473.951252803 6.84247950632 -3.07341182102 1.78636238424
2024-03-20T22:18:00.000000 -667.380699896 1173.990995627 6565.670247902 6.91150165351 -3.17356566041 1.26974202612
2024-03-20T22:19:00.000000 -251.437998401 980.947477924 6626.201338921 6.94777923861 -3.25867570873 0.74717519181
2024-03-20T22:20:00.000000 165.694615215 783.258752653 6655.261748670 6.95115222567 -3.32834605196 0.22113199786
2024-03-20T22:21:00.000000 582.041936464 581.861293943 6652.717221647 6.92161380832 -3.38225181794 -0.30590838398
2024-03-20T22:22:00.000000 995.632838744 377.708905710 6618.582553568 6.85930872855 -3.42014145151 -0.83145861424
2024-03-20T22:23:00.000000 1404.509519502 171.768213085 6553.021552946 6.76453535181 -3.44183891589 -1.35304139478
2024-03-20T22:24:00.000000 1806.736550096 -34.985839670 6456.346095686 6.63774046187 -3.44724266648 -1.86819952152
2024-03-20T22:25:00.000000 2200.409751958 -241.574438856 6329.014725681 6.47951922218 -3.43632549538 -2.37450322323
2024-03-20T22:26:00.000000 2583.665046639 -447.019395554 6171.630643339 6.29061231608 -3.40913582084 -2.86956177966
2024-03-20T22:27:00.000000 2954.687111652 -650.347774472 5984.939093199 6.07190416060 -3.36580043550 -3.35103334271
2024-03-20T22:28:00.000000 3311.717936455 -850.596519334 5769.824038942 5.82442005569 -3.30652110674 -3.81663742746
2024-03-20T22:29:00.000000 3653.065158212 -1046.816895110 5527.304216271 5.54932245983 -3.23157378937 -4.26416357264
2024-03-20T22:30:00.000000 3977.110183967 -1238.079018448 5258.528606332 5.24790689103 -3.14131108476 -4.69148295546
2024-03-20T22:31:00.000000 4282.316022956 -1423.476376249 4964.771124016 4.92159664177 -3.03615815939 -5.09656269653
2024-03-20T22:32:00.000000 4567.234587621 -1602.130031636 4647.424581288 4.57193119106 -2.91660942687 -5.47747131355
2024-03-20T22:33:00.000000 4830.513775047 -1773.192861393 4307.994455313 4.20056936574 -2.78323053691 -5.83238955595
2024-03-20T22:34:00.000000 5070.904138597 -1935.853681151 3948.091603046 3.80927207570 -2.63665296925 -6.15962370642
2024-03-20T22:35:00.000000 5287.264797965 -2089.341086428 3569.424702836 3.39989667855 -2.47757094019 -6.45760780006
2024-03-20T22:36:00.000000 5478.569106792 -2232.927184907 3173.792335023 2.97439215898 -2.30674035158 -6.72491335210
2024-03-20T22:37:00.000000 5643.909808788 -2365.931207455 2763.074415747 2.53478769021 -2.12497565285 -6.96025844754
2024-03-20T22:38:00.000000 5782.503584256 -2487.722947116 2339.223158341 2.08318284974 -1.93314663909 -7.16251681543
2024-03-20T22:39:00.000000 5893.694887456 -2597.725842094 1904.253600571 1.62173657396 -1.73217109587 -7.33072075834
2024-03-20T22:40:00.000000 5976.959318533 -2695.419785784 1460.233886878 1.15265881178 -1.52301224045 -7.46406936744
2024-03-20T22:41:00.000000 6031.906232169 -2780.343682018 1009.275104743 0.67819631579 -1.30667308943 -7.56193230149
2024-03-20T22:42:00.000000 6058.280644164 -2852.097692517 553.520979259 0.20062261687 -1.08419171695 -7.62385278876
2024-03-20T22:43:00.000000 6055.964465925 -2910.345177521 95.137323452 -0.27777501744 -0.85663562964 -7.64955151500
2024-03-20T22:44:00.000000 6024.976947192 -2954.814290717 -363.698611060 -0.75470772466 -0.62509628365 -7.63892664902
2024-03-20T22:45:00.000000 5965.474412008 -2985.299242181 -820.808820675 -1.22789757749 -0.39068280588 -7.59205486662
2024-03-20T22:46:00.000000 5877.749212152 -3001.661146640 -1274.025183249 -1.69508995486 -0.15451543558 -7.50918826131
2024-03-20T22:47:00.000000 5762.228020884 -3003.828530629 -1721.199858280 -2.15406317270 0.08227988310 -7.39074968541
2024-03-20T22:48:00.000000 5619.469733060 -2991.797593701 -2160.215490650 -2.60263322295 0.31857376222 -7.23733411150
2024-03-20T22:49:00.000000 5450.162732316 -2965.632248391 -2588.995685890 -3.03867095054 0.55323951364 -7.04971098550
2024-03-20T22:50:00.000000 5255.121033837 -2925.463711836 -3005.515259191 -3.46012025758 0.78516299957 -6.82881522478
2024-03-20T22:51:00.000000 5035.279737602 -2871.489431284 -3407.809699447 -3.86500070684 1.01324997175 -6.57573393327
2024-03-20T22:52:00.000000 4791.690300426 -2803.971961907 -3793.984296713 -4.25141673703 1.23642549790 -6.29170568680
2024-03-20T22:53:00.000000 4525.515096792 -2723.237578901 -4162.222975667 -4.61756770380 1.45364174771 -5.97811159685
2024-03-20T22:54:00.000000 4238.021549544 -2629.674475526 -4510.796613737 -4.96175373458 1.66388303609 -5.63646810665
2024-03-20T22:55:00.000000 3930.575805088 -2523.730725601 -4838.070957517 -5.28238575398 1.86617010368 -5.26841876548
2024-03-20T22:56:00.000000 3604.635892619 -2405.911959886 -5142.513836842 -5.57799010470 2.05956381173 -4.87572167706
2024-03-20T22:57:00.000000 3261.744725628 -2276.778880374 -5422.701888719 -5.84721199265 2.24316849845 -4.46024456656
2024-03-20T22:58:00.000000 2903.522752960 -2136.944489625 -5677.326910180 -6.08882331100 2.41613756844 -4.02395651520
2024-03-20T22:59:00.000000 2531.660165822 -1987.070966851 -5905.201510761 -6.30172698391 2.57767861260 -3.56891309452
2024-03-20T23:00:00.000000 2147.909107966 -1827.866454679 -6105.264040790 -6.48495584874 2.72705162919 -3.09725025512
2024-03-20T23:01:00.000000 1754.075573315 -1660.081850747 -6276.583317177 -6.63768394334 2.86357265893 -2.61117797516
2024-03-20T23:02:00.000000 1352.010825977 -1484.507289381 -6418.362487192 -6.75922702176 2.98661808815 -2.11296180082
2024-03-20T23:03:00.000000 943.603039962 -1301.968458713 -6529.942118090 -6.84903945459 3.09562673077 -1.60491623493
2024-03-20T23:04:00.000000 530.768848145 -1113.322807404 -6610.802941147 -6.90671890148 3.19010125575 -1.08939687094
2024-03-20T23:05:00.000000 115.444705173 -919.455691582 -6660.567929310 -6.93200629124 3.26960870770 -0.56878766007
2024-03-20T23:06:00.000000 -300.421602626 -721.276513354 -6679.003787782 -6.92478321200 3.33378096474 -0.04549542173
2024-03-20T23:07:00.000000 -714.879487260 -519.714691769 -6666.022221702 -6.88507569937 3.38231986412 0.47805462158
2024-03-20T23:08:00.000000 -1125.984445005 -315.715368162 -6621.680643049 -6.81306079736 3.41499911408 0.99943461126
2024-03-20T23:09:00.000000 -1531.806975385 -110.235171989 -6546.181803386 -6.70906038493 3.43166213042 1.51622852254
2024-03-20T23:10:00.000000 -1930.441160213 95.762030544 -6439.872880277 -6.57353783938 3.43222456879 2.02604010527
2024-03-20T23:11:00.000000 -2320.013041668 301.309434119 -6303.244131695 -6.40709682079 3.41667239382 2.52649597282
2024-03-20T23:12:00.000000 -2698.689363951 505.441556262 -6136.927217238 -6.21048930639 3.38506455975 3.01526097589
2024-03-20T23:13:00.000000 -3064.686042049 707.198667725 -5941.692322561 -5.98460058655 3.33753355709 3.49005227135
2024-03-20T23:14:00.000000 -3416.276124043 905.631194594 -5718.445009384 -5.73045052961 3.27428535812 3.94864278779
2024-03-20T23:15:00.000000 -3751.797777126 1099.804026176 -5468.222425909 -5.44918848370 3.19559537239 4.38887363915
2024-03-20T23:16:00.000000 -4069.662005174 1288.800703211 -5192.189179265 -5.14209384699 3.10181107548 4.80865717429
2024-03-20T23:17:00.000000 -4368.360442416 1471.727845288 -4891.632555248 -4.81057328291 2.99335351281 5.20599452125
2024-03-20T23:18:00.000000 -4646.472697565 1647.719403186 -4567.956821525 -4.45615140195 2.87071215905 5.57898618976
2024-03-20T23:19:00.000000 -4902.673245982 1815.940730470 -4222.677056150 -4.08046481365 2.73444430412 5.92583947500
2024-03-20T23:20:00.000000 -5135.737979053 1975.592619835 -3857.412488608 -3.68525679610 2.58517363713 6.24487685220
2024-03-20T23:21:00.000000 -5344.550431577 2125.915231765 -3473.879252331 -3.27237021148 2.42358820037 6.53454772324
2024-03-20T23:22:00.000000 -5528.107422569 2266.191841670 -3073.882520090 -2.84373734731 2.25043663084 6.79343540142
2024-03-20T23:23:00.000000 -5685.524258894 2395.752416502 -2659.308273256 -2.40137423748 2.06652634170 7.02026469629
2024-03-20T23:24:00.000000 -5816.039481333 2513.977043948 -2232.114509417 -1.94737071767 1.87271984442 7.21391157651
2024-03-20T23:25:00.000000 -5919.018948411 2620.299117340 -1794.321974376 -1.48387912937 1.66993083393 7.37340939752
2024-03-20T23:26:00.000000 -5993.959286400 2714.208256624 -1348.004534922 -1.01310437255 1.45911881244 7.49795519654
2024-03-20T23:27:00.000000 -6040.490711551 2795.252897307 -895.279197353 -0.53729259962 1.24128417976 7.58691435614
2024-03-20T23:28:00.000000 -6058.379191045 2863.042644846 -438.295919855 -0.05872106908 1.01746495409 7.63982410125
2024-03-20T23:29:00.000000 -6047.527961401 2917.250391641 20.772877659 0.42031408435 0.78873164681 7.65639894221
2024-03-20T23:30:00.000000 -6007.978295759 2957.614087684 479.743028703 0.89750992106 0.55618110726 7.63653362626
2024-03-20T23:31:00.000000 -5939.909456771 2983.938057146 936.429485461 1.37057182929 0.32092774011 7.58030282032
2024-03-20T23:32:00.000000 -5843.637951638 2996.093942765 1388.656991898 1.83722114847 0.08410107063 7.48795936506
2024-03-20T23:33:00.000000 -5719.616120809 2994.021523051 1834.270919839 2.29521179745 -0.15315869493 7.35993712133
2024-03-20T23:34:00.000000 -5568.429829063 2977.729080925 2271.147905492 2.74233937447 -0.38970956722 7.19684388184
2024-03-20T23:35:00.000000 -5390.795761796 2947.293289989 2697.206348568 3.17645114838 -0.62441504966 6.99946425396
2024-03-20T23:36:00.000000 -5187.557714582 2902.858716845 3110.416815781 3.59546413845 -0.85614882510 6.76875005439
2024-03-20T23:37:00.000000 -4959.682256966 2844.637134845 3508.811828384 3.99737051967 -1.08379822913 6.50581469684
2024-03-20T23:38:00.000000 -4708.253849898 2772.906435731 3890.495447294 4.38025027159 -1.30627326207 6.21192757293
2024-03-20T23:39:00.000000 -4434.469333018 2688.009088890 4253.652298224 4.74227759431 -1.52251195686 5.88850338656
2024-03-20T23:40:00.000000 -4139.632224476 2590.350375668 4596.556206706 5.08172464435 -1.73148324611 5.53710124699
2024-03-20T23:41:00.000000 -3825.146324335 2480.396359484 4917.578695486 5.39697828683 -1.93219282442 5.15941575274
2024-03-20T23:42:00.000000 -3492.508620768 2358.671579799 5215.196735739 5.68654666581 -2.12368682071 4.75726595971
2024-03-20T23:43:00.000000 -3143.301780652 2225.756418137 5487.999897857 5.94906662289 -2.30505871868 4.33258378692
2024-03-20T23:44:00.000000 -2779.186321502 2082.284103021 5734.696718905 6.18330616732 -2.47545391557 3.88740123207
2024-03-20T23:45:00.000000 -2401.892718968 1928.937552629 5954.120521583 6.38816676614 -2.63407070696 3.42384533514
2024-03-20T23:46:00.000000 -2013.213058890 1766.446148471 6145.234866905 6.56269457688 -2.78016307975 2.94412700155
2024-03-20T23:47:00.000000 -1614.992345740 1595.582209962 6307.138070352 6.70607856381 -2.91304615952 2.45052652245
2024-03-20T23:48:00.000000 -1209.119857549 1417.157284679 6439.067296929 6.81765622242 -3.03209767478 1.94538982530
2024-03-20T23:49:00.000000 -797.520044667 1232.018277190 6540.401975728 6.89691660449 -3.13676206348 1.43111065083
2024-03-20T23:50:00.000000 -382.143554106 1041.043386548 6610.666365963 6.94349797676 -3.22655146512 0.91012224490
2024-03-20T23:51:00.000000 35.041923599 845.137973001 6649.531665974 6.95719436013 -3.30104934302 0.38488524471
2024-03-20T23:52:00.000000 452.060796893 645.230303663 6656.817151893 6.93794763097 -3.35990794667 -0.14212363398
2024-03-20T23:53:00.000000 866.938620686 442.267336462 6632.491143218 6.88585506076 -3.40285311919 -0.66841696862
2024-03-20T23:54:00.000000 1277.711392967 237.210247868 6576.671050531 6.80116680038 -3.42968484669 -1.19151411232
2024-03-20T23:55:00.000000 1682.434601910 31.029984551 6489.622697318 6.68428183085 -3.44027762538 -1.70894958104
2024-03-20T23:56:00.000000 2079.192156011 -175.297248982 6371.759203996 6.53574894413 -3.43458201442 -2.21828124515
2024-03-20T23:57:00.000000 2466.105353226 -380.794569089 6223.639137672 6.35626473220 -3.41262454034 -2.71710495583
2024-03-20T23:58:00.000000 2841.341601771 -584.488945365 6045.963961860 6.14666919146 -3.37450714042 -3.20306288767
2024-03-20T23:59:00.000000 3203.122980053 -785.415721736 5839.574990061 5.90794454211 -3.32040707524 -3.67385310988
2024-03-21T00:00:00.000000 3549.734717129 -982.623146070 5605.449663644 5.64121271267 -3.25057695430 -4.12724219756
2024-03-21T00:01:00.000000 3879.533382732 -1175.176820219 5344.697108870 5.34772918492 -3.16534254761 -4.56107540848
2024-03-21T00:02:00.000000 4190.954783788 -1362.164100711 5058.553046103 5.02887783090 -3.06510303544 -4.97329010020
2024-03-21T00:03:00.000000 4482.521376534 -1542.698481153 4748.374039308 4.68616314950 -2.95033063405 -5.36192138635
2024-03-21T00:04:00.000000 4752.849486188 -1715.923914464 4415.631344092 4.32120832578 -2.82156738922 -5.72511353527
2024-03-21T00:05:00.000000 5000.656133332 -1881.018885438 4061.903970228 3.93574462944 -2.67942218084 -6.06113213223
2024-03-21T00:06:00.000000 5224.765196016 -2037.200375980 3688.871180501 3.53160170415 -2.52456898448 -6.36837067338
2024-03-21T00:07:00.000000 5424.113129667 -2183.727675113 3298.304617958 3.11070129245 -2.35774341790 -6.64535751518
2024-03-21T00:08:00.000000 5597.754289476 -2319.906007933 2892.059970716 2.67505004952 -2.17974069099 -6.89076494522
2024-03-21T00:09:00.000000 5744.865632671 -2445.089959645 2472.068019379 2.22672600092 -1.99140976811 -7.10341770389
2024-03-21T00:10:00.000000 5864.750796242 -2558.686587742 2040.325443936 1.76787300377 -1.79365080554 -7.28229612575
2024-03-21T00:11:00.000000 5956.843753766 -2660.158427935 1598.885161224 1.30068938892 -1.58741180176 -7.42654652572
2024-03-21T00:12:00.000000 6020.711666419 -2749.026162309 1149.846172494 0.82741381010 -1.37368193528 -7.53548713121
2024-03-21T00:13:00.000000 6056.056844770 -2824.870916911 695.343217121 0.35031083271 -1.15348599787 -7.60860761770
2024-03-21T00:14:00.000000 6062.718150909 -2887.336291988 237.536539846 -0.12833304048 -0.92788133348 -7.64557028785
2024-03-21T00:15:00.000000 6040.671872263 -2936.130152373 -221.398833112 -0.60622775816 -0.69795106325 -7.64621957321
2024-03-21T00:16:00.000000 5990.031428629 -2971.025916399 -679.283746881 -1.08109156039 -0.46479627488 -7.61057182520
2024-03-21T00:17:00.000000 5911.047007742 -2991.863520727 -1133.945351878 -1.55065109412 -0.22953237274 -7.53882434345
2024-03-21T00:18:00.000000 5804.104183376 -2998.550133616 -1583.227996583 -2.01266768586 0.00671472293 -7.43135008969
2024-03-21T00:19:00.000000 5669.721679208 -2991.060667462 -2025.003748947 -2.46494607146 0.24281626784 -7.28870008498
2024-03-21T00:20:00.000000 5508.548301573 -2969.437550184 -2457.182668225 -2.90534425745 0.47764975682 -7.11158873720
2024-03-21T00:21:00.000000 5321.359672812 -2933.790356595 -2877.722684915 -3.33177977933 0.71010062567 -6.90089727924
2024-03-21T00:22:00.000000 5109.054173180 -2884.295167840 -3284.639500436 -3.74224594354 0.93906765281 -6.65766869673
2024-03-21T00:23:00.000000 4872.648029205 -2821.193517424 -3676.015937878 -4.13482149495 1.16347149626 -6.38309545964
2024-03-21T00:24:00.000000 4613.270104581 -2744.790956409 -4050.010704610 -4.50767477247 1.38225791791 -6.07851414313
2024-03-21T00:25:00.000000 4332.156247359 -2655.455434229 -4404.866891388 -4.85907227436 1.59440223105 -5.74540015951
2024-03-21T00:26:00.000000 4030.643100714 -2553.615342984 -4738.920120045 -5.18739012570 1.79891512055 -5.38535973854
2024-03-21T00:27:00.000000 3710.161294352 -2439.757268229 -5050.605880726 -5.49111860219 1.99484701962 -5.00011411469
2024-03-21T00:28:00.000000 3372.228643216 -2314.423479242 -5338.466296710 -5.76886247629 2.18129150552 -4.59149611819
2024-03-21T00:29:00.000000 3018.443007555 -2178.209292609 -5601.156665328 -6.01935027655 2.35738739500 -4.16144378631
2024-03-21T00:30:00.000000 2650.474624341 -2031.760227637 -5837.451451882 -6.24144183182 2.52232331410 -3.71198929162
2024-03-21T00:31:00.000000 2270.058101890 -1875.768865107 -6046.249590373 -6.43413235336 2.67534272391 -3.24524753394
2024-03-21T00:32:00.000000 1878.984200066 -1710.971439825 -6226.579034548 -6.59655425728 2.81574692600 -2.76340183620
2024-03-21T00:33:00.000000 1479.091731597 -1538.144439115 -6377.600627777 -6.72797394310 2.94289300712 -2.26869889186
2024-03-21T00:34:00.000000 1072.259300947 -1358.101097946 -6498.611824525 -6.82780002274 3.05620037084 -1.76344349170
2024-03-21T00:35:00.000000 660.396576907 -1171.687521665 -6589.049659743 -6.89558795331 3.15515334496 -1.24997969628
2024-03-21T00:36:00.000000 245.435753399 -979.778893450 -6648.492698490 -6.93103047343 3.23929873149 -0.73068234788
2024-03-21T00:37:00.000000 -170.676778712 -783.275615962 -6676.662955964 -6.93396289798 3.30824933865 -0.20795661602
2024-03-21T00:38:00.000000 -585.989183284 -583.099281900 -6673.427424899 -6.90436973938 3.36168674308 0.31577265809
2024-03-21T00:39:00.000000 -998.553212225 -380.188497888 -6638.798677327 -6.84238456149 3.39936201423 0.83808008389
2024-03-21T00:40:00.000000 -1406.432935439 -175.494685909 -6572.934631106 -6.74828443405 3.42109731539 1.35654737863
2024-03-21T00:41:00.000000 -1807.713330045 30.022174559 -6476.137827496 -6.62248814926 3.42678470562 1.86877334361
2024-03-21T00:42:00.000000 -2200.508683223 235.397735146 -6348.854328109 -6.46555542226 3.41638742263 2.37237563639
2024-03-21T00:43:00.000000 -2582.971296568 439.667680039 -6191.672202624 -6.27819292141 3.38994323698 2.86500708479
2024-03-21T00:44:00.000000 -2953.300004105 641.872114912 -6005.318878463 -6.06124338091 3.34756091909 3.34437018438
2024-03-21T00:45:00.000000 -3309.748184004 841.059744536 -5790.658113305 -5.81568245944 3.28941880200 3.80821850729
2024-03-21T00:46:00.000000 -3650.631813370 1036.292164413 -5548.686754120 -5.54262181423 3.21576872582 4.25436469134
2024-03-21T00:47:00.000000 -3974.337634280 1226.648277258 -5280.530632278 -5.24330660759 3.12693535044 4.68069959382
2024-03-21T00:48:00.000000 -4279.330767721 1411.228623163 -4987.439586955 -4.91910384550 3.02331521630 5.08519846142
2024-03-21T00:49:00.000000 -4564.162066966 1589.159677078 -4670.782219881 -4.57150321178 2.90537602982 5.46593059833
2024-03-21T00:50:00.000000 -4827.475149791 1759.598044664 -4332.039841382 -4.20210605528 2.77365393795 5.82107017854
2024-03-21T00:51:00.000000 -5068.012994179 1921.734495236 -3972.800009012 -3.81262232337 2.62875127838 6.14890333628
2024-03-21T00:52:00.000000 -5284.624271550 2074.797881551 -3594.749483767 -3.40486385253 2.47133485610 6.44783877075
2024-03-21T00:53:00.000000 -5476.269213236 2218.058929461 -3199.666613912 -2.98073630919 2.30213303831 6.71641586022
2024-03-21T00:54:00.000000 -5642.025089464 2350.833871524 -2789.413264659 -2.54223412761 2.12193428346 6.95331391677
2024-03-21T00:55:00.000000 -5781.091139093 2472.487940338 -2365.926007305 -2.09142562215 1.93158204531 7.15736382515
2024-03-21T00:56:00.000000 -5892.792658392 2582.438493939 -1931.207025299 -1.63044395046 1.73197035941 7.32754815883
2024-03-21T00:57:00.000000 -5976.584772860 2680.158030715 -1487.314761286 -1.16148161914 1.52404240417 7.46301151214
2024-03-21T00:58:00.000000 -6032.055532036 2765.176935124 -1036.353888418 -0.68677433109 1.30878328953 7.56306821208
2024-03-21T00:59:00.000000 -6058.928160207 2837.085836391 -580.465175188 -0.20859140487 1.08721606600 7.62720081997
2024-03-21T01:00:00.000000 -6057.062896691 2895.537887824 -121.815221864 0.27077150781 0.86040089745 7.65506802783
2024-03-21T01:01:00.000000 -6026.458042398 2940.250697470 337.414390959 0.74901145343 0.62942409151 7.64651109118
2024-03-21T01:02:00.000000 -5967.249963602 2971.007683380 795.037859540 1.22382976965 0.39539310073 7.60154791367
2024-03-21T01:03:00.000000 -5879.712615805 2987.659273174 1248.875884212 1.69294164744 0.15943269142 7.52037775676
2024-03-21T01:04:00.000000 -5764.256279628 2990.123720521 1696.766493759 2.15408919077 -0.07732201408 7.40337871604
2024-03-21T01:05:00.000000 -5621.425615287 2978.387496730 2136.575747373 2.60505334361 -0.31373350961 7.25110632573
2024-03-21T01:06:00.000000 -5451.896944344 2952.505268079 2566.208235787 3.04366613294 -0.54866680379 7.06428872708
2024-03-21T01:07:00.000000 -5256.474909357 2912.599601455 2983.617331965 3.46781984274 -0.78099448450 6.84382344732
2024-03-21T01:08:00.000000 -5036.088524717 2858.860347399 3386.815237988 3.87547825923 -1.00960186999 6.59077297856
2024-03-21T01:09:00.000000 -4791.786545361 2791.543741274 3773.882731856 4.26468846790 -1.23339188574 6.30635969555
2024-03-21T01:10:00.000000 -4524.732113520 2710.971126060 4142.978538924 4.63359185919 -1.45129272795 5.99195809295
2024-03-21T01:11:00.000000 -4236.196841828 2617.527211304 4492.348209980 4.98043298624 -1.66226495312 5.64908616671
2024-03-21T01:12:00.000000 -3927.554398702 2511.657995502 4820.332381153 5.30356553829 -1.86530515513 5.27939371996
2024-03-21T01:13:00.000000 -3600.273902433 2393.868584203 5125.374543725 5.60145623583 -2.05944738177 4.88465959291
2024-03-21T01:14:00.000000 -3255.912692948 2264.720695505 5406.028594431 5.87269914574 -2.24377199176 4.46678210281
2024-03-21T01:15:00.000000 -2896.108537815 2124.829724466 5660.965532541 6.11601994415 -2.41740930427 4.02776458823
2024-03-21T01:16:00.000000 -2522.571602997 1974.861731334 5888.979452497 6.33028016957 -2.57954092954 3.56970526329
2024-03-21T01:17:00.000000 -2137.076228400 1815.530201660 6088.992948393 6.51447965203 -2.72940503184 3.09478774645
2024-03-21T01:18:00.000000 -1741.452487734 1647.592585278 6260.061984984 6.66776193438 -2.86629836848 2.60527253638
2024-03-21T01:19:00.000000 -1337.577408440 1471.846682341 6401.380171972 6.78941859101 -2.98957951361 2.10348501926
2024-03-21T01:20:00.000000 -927.366074808 1289.126883280 6512.282269638 6.87888917877 -3.09867098993 1.59180326029
2024-03-21T01:21:00.000000 -512.762735092 1100.300178339 6592.247147913 6.93576379830 -3.19306421456 1.07265140351
2024-03-21T01:22:00.000000 -95.731536550 906.261939802 6640.900037020 6.95978729388 -3.27232138052 0.54848053924
2024-03-21T01:23:00.000000 321.752484593 707.931787649 6658.013913995 6.95085324872 -3.33607238211 0.02176494435
2024-03-21T01:24:00.000000 737.712583951 506.249360640 6643.510649133 6.90901087845 -3.38402045156 -0.50500971255
2024-03-21T01:25:00.000000 1150.179564365 302.169914044 6597.461260651 6.83446224889 -3.41594203794 -1.02935912469
2024-03-21T01:26:00.000000 1557.200888953 96.659846547 6520.085517491 6.72756027275 -3.43168951751 -1.54881114292
2024-03-21T01:27:00.000000 1956.849674692 -109.307821924 6411.750902267 6.58880730519 -3.43118928073 -2.06091533367
2024-03-21T01:28:00.000000 2347.233699614 -314.757897603 6272.971006783 6.41885578180 -3.41444305478 -2.56325451732
2024-03-21T01:29:00.000000 2726.504232881 -518.717572501 6104.403140767 6.21850218944 -3.38152851193 -3.05345648101
2024-03-21T01:30:00.000000 3092.864591701 -720.220950722 5906.845390935 5.98868470836 -3.33259807328 -3.52920242448
2024-03-21T01:31:00.000000 3444.578586616 -918.313530142 5681.233146769 5.73048128544 -3.26787964542 -3.98823611910
2024-03-21T01:32:00.000000 3779.978823071 -1112.056773061 5428.634952275 5.44510603063 -3.18767686372 -4.42837787304
2024-03-21T01:33:00.000000 4097.474665355 -1300.532540850 5150.247539034 5.13390251927 -3.09236573336 -4.84753599177
2024-03-21T01:34:00.000000 4395.559822385 -1482.847382646 4847.390303017 4.79833793688 -2.98239306402 -5.24371423342
2024-03-21T01:35:00.000000 4672.819648291 -1658.136774928 4521.499326242 4.43999868915 -2.85827608370 -5.61502149903
2024-03-21T01:36:00.000000 4927.938068998 -1825.569304628 4174.120711969 4.06058285736 -2.72060082740 -5.95968344072
2024-03-21T01:37:00.000000 5159.703983485 -1984.350717123 3806.903313481 3.66189000512 -2.57001982505 -6.27604979292
2024-03-21T01:38:00.000000 5367.017244149 -2133.727844910 3421.591111541 3.24581879624 -2.40724893769 -6.56260245602
2024-03-21T01:39:00.000000 5548.894315557 -2272.992261402 3020.014814262 2.81435381480 -2.23306349705 -6.81797011810
2024-03-21T01:40:00.000000 5704.472930384 -2401.483777474 2604.082960097 2.36955253439 -2.04829543020 -7.04092986231
2024-03-21T01:41:00.000000 5833.016376813 -2518.593710265 2175.772838544 1.91354090156 -1.85382877646 -7.23041478104
2024-03-21T01:42:00.000000 5933.917212444 -2623.767847913 1737.120856701 1.44849949660 -1.65059444677 -7.38552164047
2024-03-21T01:43:00.000000 6006.700200599 -2716.509137506 1290.212667344 0.97665343309 -1.43956602220 -7.50551294599
2024-03-21T01:44:00.000000 6051.024703745 -2796.380079299 837.173059382 0.50026216969 -1.22175408209 -7.58982214474
2024-03-21T01:45:00.000000 6066.686426506 -2863.004811905 380.155630035 0.02160933308 -0.99820244255 -7.63805644589
2024-03-21T01:46:00.000000 6053.618436161 -2916.071032886 -78.667790476 -0.45701247880 -0.76998469327 -7.65000030850
2024-03-21T01:47:00.000000 6011.891458650 -2955.331635764 -537.117744615 -0.93330881814 -0.53820036614 -7.62561733705
2024-03-21T01:48:00.000000 5941.713427254 -2980.605978564 -993.018177101 -1.40500344279 -0.30396108518 -7.56505562085
2024-03-21T01:49:00.000000 5843.428041856 -2991.780136298 -1444.207175866 -1.86984955688 -0.06838097621 -7.46863698038
2024-03-21T01:50:00.000000 5717.512659827 -2988.807422749 -1888.547138601 -2.32563815898 0.16741301294 -7.33685060838
2024-03-21T01:51:00.000000 5564.575959297 -2971.708815416 -2323.935082095 -2.77020408231 0.40229513855 -7.17036153760
2024-03-21T01:52:00.000000 5385.354710923 -2940.572598991 -2748.313036896 -3.20144535650 0.63514819704 -6.97000339989
2024-03-21T01:53:00.000000 5180.709650172 -2895.553666526 -3159.677851495 -3.61733255655 0.86487009375 -6.73676845969
2024-03-21T01:54:00.000000 4951.620951994 -2836.872491346 -3556.090531701 -4.01591530151 1.09037760077 -6.47180231291
2024-03-21T01:55:00.000000 4699.183227425 -2764.813871513 -3935.685269141 -4.39533077958 1.31061030603 -6.17639813826
2024-03-21T01:56:00.000000 4424.599920467 -2679.725369684 -4296.678154859 -4.75381652141 1.52453824592 -5.85199016875
2024-03-21T01:57:00.000000 4129.177098856 -2582.015358702 -4637.375115697 -5.08971319444 1.73116360017 -5.50013788792
2024-03-21T01:58:00.000000 3814.317228557 -2472.151064314 -4956.179447422 -5.40146921044 1.92952399266 -5.12252674687
2024-03-21T01:59:00.000000 3481.512362719 -2350.656219081 -5251.599100563 -5.68765084375 2.11869892664 -4.72095785624
2024-03-21T02:00:00.000000 3132.336923608 -2218.108432047 -5522.253312628 -5.94694701537 2.29781359268 -4.29733833645
2024-03-21T02:01:00.000000 2768.440163657 -2075.136331602 -5766.878704716 -6.17817542532 2.46604281317 -3.85367188657
2024-03-21T02:02:00.000000 2391.538312703 -1922.416489180 -5984.334747615 -6.38028644497 2.62261423337 -3.39204838766
2024-03-21T02:03:00.000000 2003.406478324 -1760.670133377 -6173.608616129 -6.55236746289 2.76681192174 -2.91463214196
2024-03-21T02:04:00.000000 1605.870462598 -1590.659791711 -6333.819291080 -6.69364116291 2.89797504045 -2.42365239865
2024-03-21T02:05:00.000000 1200.798457375 -1413.185848853 -6464.221372693 -6.80347339112 3.01550435830 -1.92139730349
2024-03-21T02:06:00.000000 790.092485628 -1229.082673768 -6564.208056384 -6.88136906870 3.11886544853 -1.41019821546
2024-03-21T02:07:00.000000 375.680022441 -1039.214848834 -6633.313696523 -6.92697667703 3.20758589049 -0.89242685161
2024-03-21T02:08:00.000000 -40.494708394 -844.473408537 -6671.215839690 -6.94008916198 3.28125669699 -0.37048423802
2024-03-21T02:09:00.000000 -456.479530399 -645.771873339 -6677.736778573 -6.92064902514 3.33953836347 0.15320955612
2024-03-21T02:10:00.000000 -870.323197762 -444.042016243 -6652.844146280 -6.86874402672 3.38216180314 0.67623090858
2024-03-21T02:11:00.000000 -1280.084058102 -240.229669877 -6596.650911607 -6.78460605733 3.40892688593 1.19616046928
2024-03-21T02:12:00.000000 -1683.838668430 -35.290611836 -6509.414895859 -6.66860986165 3.41970333856 1.71059042104
2024-03-21T02:13:00.000000 -2079.690295130 169.813762042 -6391.537845972 -6.52127140772 3.41443365778 2.21713214616
2024-03-21T02:14:00.000000 -2465.777537968 374.120699631 -6243.563965330 -6.34325233460 3.39312998289 2.71342904381
2024-03-21T02:15:00.000000 -2840.282822581 576.670300910 -6066.177557566 -6.13535029818 3.35587580203 3.19716757599
2024-03-21T02:16:00.000000 -3201.440503032 776.509867093 -5860.200401908 -5.89849919903 3.30282757701 3.66608067152
2024-03-21T02:17:00.000000 -3547.545081519 972.698268788 -5626.588618357 -5.63377034273 3.23421475376 4.11795932842
2024-03-21T02:18:00.000000 -3876.959415563 1164.310357552 -5366.428752675 -5.34236955174 3.15034046081 4.55066721548
2024-03-21T02:19:00.000000 -4188.122588157 1350.441374519 -5080.933047209 -5.02563043605 3.05158082711 4.96215336273
2024-03-21T02:20:00.000000 -4479.557258516 1530.211182187 -4771.434010842 -4.68500477962 2.93837973285 5.35046001451
2024-03-21T02:21:00.000000 -4749.876696469 1702.768300139 -4439.378638739 -4.32205950111 2.81124885888 5.71373049619
2024-03-21T02:22:00.000000 -4997.791437183 1867.293992292 -4086.322127090 -3.93846967984 2.67076734914 6.05021608676
2024-03-21T02:23:00.000000 -5222.115717402 2023.006165774 -3713.921118224 -3.53601610205 2.51757721683 6.35828535006
2024-03-21T02:24:00.000000 -5421.773636096 2169.163187032 -3323.926410506 -3.11657888600 2.35238570627 6.63643312745
2024-03-21T02:25:00.000000 -5595.804840387 2305.067801135 -2918.174955574 -2.68212696820 2.17596343588 6.88329511106
2024-03-21T02:26:00.000000 -5743.369445379 2430.070639254 -2498.581166864 -2.23470611929 1.98913488669 7.09765376843
2024-03-21T02:27:00.000000 -5863.752481575 2543.573344401 -2067.127985407 -1.77643266463 1.79277595440 7.27844350036
2024-03-21T02:28:00.000000 -5956.367809770 2645.031652727 -1625.857579546 -1.30948302824 1.58781339414 7.42475712020
2024-03-21T02:29:00.000000 -6020.761427227 2733.958289389 -1176.861590431 -0.83608382644 1.37521903783 7.53585366865
2024-03-21T02:30:00.000000 -6056.614159848 2809.925501952 -722.270950353 -0.35849999496 1.15600413173 7.61116546225
2024-03-21T02:31:00.000000 -6063.743494101 2872.567279731 -264.245375862 0.12098035632 0.93121483522 7.65030113342
2024-03-21T02:32:00.000000 -6042.104519753 2921.581262199 195.037219011 0.60006006248 0.70192541951 7.65304424202
2024-03-21T02:33:00.000000 -5991.790383673 2956.730292159 653.391144629 1.07643531109 0.46923476730 7.61935386621
2024-03-21T02:34:00.000000 -5913.032326300 2977.843808535 1108.633722412 1.54780934204 0.23426311981 7.54937203884
2024-03-21T02:35:00.000000 -5806.198723014 2984.818816159 1558.596409856 2.01191149376 -0.00186095479 7.44342686487
2024-03-21T02:36:00.000000 -5671.793060592 2977.620085784 2001.135577237 2.46650912239 -0.23800502550 7.30201897805
2024-03-21T02:37:00.000000 -5510.451558288 2956.280593570 2434.142887073 2.90941327162 -0.47303093043 7.12582680834
2024-03-21T02:38:00.000000 -5322.939792594 2920.901233970 2855.555938885 3.33850257165 -0.70581374624 6.91569748677
2024-03-21T02:39:00.000000 -5110.148808104 2871.650162555 3263.367929674 3.75171680174 -0.93523631104 6.67264060709
2024-03-21T02:40:00.000000 -4873.090939165 2808.762105556 3655.637628348 4.14707604347 -1.16019819259 6.39782975157
2024-03-21T02:41:00.000000 -4612.894609828 2732.537171470 4030.498868570 4.52269222757 -1.37962148260 6.09259222216
2024-03-21T02:42:00.000000 -4330.798573086 2643.339266496 4386.169512240 4.87677674548 -1.59245901659 5.75839991177
2024-03-21T02:43:00.000000 -4028.145833795 2541.594091192 4720.959820897 5.20764336180 -1.79769755379 5.39686054311
2024-03-21T02:44:00.000000 -3706.377257344 2427.787124464 5033.280645271 5.51371990078 -1.99435944799 5.00971842121
2024-03-21T02:45:00.000000 -3367.024221266 2302.461163989 5321.651184224 5.79356195681 -2.18151260723 4.59883749457
2024-03-21T02:46:00.000000 -3011.700901733 2166.213504584 5584.705725787 6.04585461174 -2.35827287463 4.16618893054
2024-03-21T02:47:00.000000 -2642.096352791 2019.692955546 5821.199821758 6.26941745828 -2.52380805279 3.71384156545
2024-03-21T02:48:00.000000 -2259.966385611 1863.596657904 6030.015828774 6.46320625295 -2.67733919115 3.24395272831
2024-03-21T02:49:00.000000 -1867.125181294 1698.666788437 6210.168028630 6.62632085952 -2.81814570160 2.75875990198
2024-03-21T02:50:00.000000 -1465.436575711 1525.686851688 6360.806933944 6.75800567553 -2.94557027133 2.26056482479
2024-03-21T02:51:00.000000 -1056.805406148 1345.477982967 6481.222916396 6.85765023514 -3.05901564283 1.75172709121
2024-03-21T02:52:00.000000 -643.168623295 1158.895245078 6570.849547980 6.92479620978 -3.15794993510 1.23465839457
2024-03-21T02:53:00.000000 -226.486029771 966.823473241 6629.266172162 6.95913870958 -3.24191238067 0.71180319362
2024-03-21T02:54:00.000000 191.268777860 770.173063686 6656.199602640 6.96052417123 -3.31051196094 0.18563185112
2024-03-21T02:55:00.000000 608.117653909 569.875746908 6651.525340350 6.92895391341 -3.36342857521 -0.34137202705
2024-03-21T02:56:00.000000 1022.087119603 366.880275051 6615.268055632 6.86458243378 -3.40041567975 -0.86672147896
2024-03-21T02:57:00.000000 1431.217563374 162.147936264 6547.601389201 6.76771663173 -3.42130168996 -1.38794013691
2024-03-21T02:58:00.000000 1833.572231772 -43.351905739 6448.847047153 6.63881178589 -3.42598908878 -1.90256934977
2024-03-21T02:59:00.000000 2227.246239850 -248.646285521 6319.473489740 6.47847486128 -3.41445558802 -2.40817898472
2024-03-21T03:00:00.000000 2610.375525454 -452.763166563 6160.093735554 6.28745828061 -3.38675409483 -2.90238177367
2024-03-21T03:01:00.000000 2981.145478159 -654.735937814 5971.462621843 6.06665870820 -3.34301318052 -3.38283968537
2024-03-21T03:02:00.000000 3337.799576086 -853.607985684 5754.473349209 5.81711365087 -3.28343660718 -3.84728098840
2024-03-21T03:03:00.000000 3678.647491959 -1048.437123029 5510.153329846 5.53999192889 -3.20830206222 -4.29350362038
2024-03-21T03:04:00.000000 4002.073056983 -1238.300056223 5239.659811638 5.23659697027 -3.11796114646 -4.71938468061
2024-03-21T03:05:00.000000 4306.542213309 -1422.296773392 4944.274619873 4.90836022699 -3.01283824681 -5.12289656947
2024-03-21T03:06:00.000000 4590.610372679 -1599.554866536 4625.398152181 4.55683164669 -2.89342867039 -5.50211568703
2024-03-21T03:07:00.000000 4852.929363765 -1769.233726958 4284.542913971 4.18367426236 -2.76029695978 -5.85523005290
2024-03-21T03:08:00.000000 5092.254054855 -1930.528639723 3923.326540709 3.79065880621 -2.61407427992 -6.18054918159
2024-03-21T03:09:00.000000 5307.448601768 -2082.674675014 3543.464147099 3.37965521506 -2.45545533141 -6.47651627010
2024-03-21T03:10:00.000000 5497.491979309 -2224.950404889 3146.760040998 2.95261925051 -2.28519450525 -6.74171548781
2024-03-21T03:11:00.000000 5661.482932179 -2356.681351733 2735.099169721 2.51158670373 -2.10410229605 -6.97487582256
2024-03-21T03:12:00.000000 5798.644557871 -2477.243313253 2310.438156148 2.05866476049 -1.91304336814 -7.17488085030
2024-03-21T03:13:00.000000 5908.328195409 -2586.065474438 1874.795785623 1.59601899662 -1.71293184351 -7.34077556966
2024-03-21T03:14:00.000000 5990.016591820 -2682.633218509 1430.243197431 1.12586232415 -1.50472586556 -7.47177033089
2024-03-21T03:15:00.000000 6043.326475033 -2766.490628799 978.893879955 0.65044646225 -1.28942358842 -7.56724429284
2024-03-21T03:16:00.000000 6068.010511690 -2837.242772831 522.893327495 0.17204823250 -1.06805843049 -7.62675179203
2024-03-21T03:17:00.000000 6063.958409136 -2894.557605665 64.408536223 -0.30704247270 -0.84169237310 -7.65002162368
2024-03-21T03:18:00.000000 6031.197457329 -2938.167562303 -394.382511758 -0.78453138129 -0.61141207490 -7.63695963002
2024-03-21T03:19:00.000000 5969.892453558 -2967.870861886 -851.301561034 -1.25813036693 -0.37832300027 -7.58765121318
2024-03-21T03:20:00.000000 5880.344893921 -2983.532578362 -1304.181068329 -1.72557700920 -0.14354622558 -7.50236847797
2024-03-21T03:21:00.000000 5762.990711652 -2985.085051774 -1750.874994627 -2.18465003218 0.09179806216 -7.38155287061
2024-03-21T03:22:00.000000 5618.397963716 -2972.527892225 -2189.268947158 -2.63317133789 0.32658863655 -7.22581915059
2024-03-21T03:23:00.000000 5447.263580698 -2945.927766352 -2617.290382294 -3.06902330183 0.55971191720 -7.03594524164
2024-03-21T03:24:00.000000 5250.409676387 -2905.417918229 -3032.918225238 -3.49015235517 0.79006298818 -6.81286906986
2024-03-21T03:25:00.000000 5028.779391836 -2851.197440907 -3434.192438789 -3.89457960381 1.01655311678 -6.55768643432
2024-03-21T03:26:00.000000 4783.432077315 -2783.530099185 -3819.223320593 -4.28041232575 1.23811646973 -6.27164463653
2024-03-21T03:27:00.000000 4515.537819812 -2702.742769993 -4186.200292699 -4.64585305525 1.45371555496 -5.95613209080
2024-03-21T03:28:00.000000 4226.371553688 -2609.223681475 -4533.400097421 -4.98920526908 1.66234337778 -5.61267010089
2024-03-21T03:29:00.000000 3917.306805936 -2503.420451359 -4859.194600808 -5.30888038187 1.86302819593 -5.24290688456
2024-03-21T03:30:00.000000 3589.809000347 -2385.837826477 -5162.058164353 -5.60340496123 2.05483805003 -4.84860935901
2024-03-21T03:31:00.000000 3245.428328857 -2257.035175767 -5440.574496906 -5.87142787423 2.23688498790 -4.43165377535
2024-03-21T03:32:00.000000 2885.792249096 -2117.623714527 -5693.442897407 -6.11172546058 2.40832929311 -3.99401515357
2024-03-21T03:33:00.000000 2512.597710932 -1968.263520526 -5919.483889015 -6.32320578759 2.56838253619 -3.53775776929
2024-03-21T03:34:00.000000 2127.603119056 -1809.660313200 -6117.644238135 -6.50491237348 2.71631247318 -3.06502310451
2024-03-21T03:35:00.000000 1732.620209364 -1642.562043673 -6287.001252932 -6.65602431755 2.85144324316 -2.57802001426
2024-03-21T03:36:00.000000 1329.505854404 -1467.755541874 -6426.766651074 -6.77585845440 2.97315527128 -2.07901936255
2024-03-21T03:37:00.000000 920.153621176 -1286.062964560 -6536.290098324 -6.86387624080 3.08089182735 -1.57034584767
2024-03-21T03:38:00.000000 506.484988111 -1098.337907903 -6615.061857130 -6.91968436760 3.17416107901 -1.05435872388
2024-03-21T03:39:00.000000 90.440844753 -905.461619389 -6662.714688270 -6.94303021596 3.25253351548 -0.53344948149
2024-03-21T03:40:00.000000 -326.027216123 -708.339075266 -6679.025650606 -6.93380988945 3.31564887540 -0.01003332633
2024-03-21T03:41:00.000000 -740.965778301 -507.894726219 -6663.916994233 -6.89206597136 3.36321774639 0.51346760831
2024-03-21T03:42:00.000000 -1152.428266642 -305.068384147 -6617.456273670 -6.81798382457 3.39501716627 1.03463200116
2024-03-21T03:43:00.000000 -1558.483605860 -100.811150753 -6539.856150205 -6.71189467095 3.41089467616 1.55104721113
2024-03-21T03:44:00.000000 -1957.224820100 103.918868105 -6431.473460467 -6.57426977654 3.41076904724 2.06032067843
2024-03-21T03:45:00.000000 -2346.777405810 308.160789418 -6292.807883850 -6.40572116356 3.39462850067 2.56008459985
2024-03-21T03:46:00.000000 -2725.307910450 510.955107454 -6124.500179149 -6.20700465218 3.36253141432 3.04800640346
2024-03-21T03:47:00.000000 -3091.032414530 711.348055213 -5927.329735095 -5.97901526204 3.31461171579 3.52179938515
2024-03-21T03:48:00.000000 -3442.224829010 908.396204504 -5702.211385040 -5.72278457151 3.25107888048 3.97923796612
2024-03-21T03:49:00.000000 -3777.224913741 1101.170812413 -5450.191442208 -5.43947563728 3.17221293890 4.41816617685
2024-03-21T03:50:00.000000 -4094.446060825 1288.762043101 -5172.443238009 -5.13037864782 3.07836356436 4.83650747031
2024-03-21T03:51:00.000000 -4392.382785068 1470.283081601 -4870.262167583 -4.79690730747 2.96994869048 5.23227078442
2024-03-21T03:52:00.000000 -4669.618044852 1644.874316400 -4545.060287380 -4.44059507444 2.84745758438 5.60356062739
2024-03-21T03:53:00.000000 -4924.830237936 1811.707586667 -4198.360170026 -4.06308859429 2.71144842845 5.94859057801
2024-03-21T03:54:00.000000 -5156.799769978 1969.990193785 -3831.788050581 -3.66614005384 2.56254465510 6.26569302518
2024-03-21T03:55:00.000000 -5364.415149238 2118.968734156 -3447.066494549 -3.25159981953 2.40143239938 6.55332558466
2024-03-21T03:56:00.000000 -5546.678691370 2257.932828506 -3046.006637831 -2.82140946499 2.22885936246 6.81008003095
2024-03-21T03:57:00.000000 -5702.711705251 2386.218707969 -2630.499858246 -2.37759258034 2.04563065642 7.03469114065
2024-03-21T03:58:00.000000 -5831.759182764 2503.212536633 -2202.508963618 -1.92224693233 1.85260510111 7.22604441128
2024-03-21T03:59:00.000000 -5933.193952520 2608.353541319 -1764.058917483 -1.45753372508 1.65069219498 7.38318374227
2024-03-21T04:00:00.000000 -6006.520087032 2701.136960967 -1317.227133463 -0.98566474140 1.44084868322 7.50531777695
2024-03-21T04:01:00.000000 -6051.375636092 2781.116693392 -864.133441705 -0.50889245331 1.22407184381 7.59182472242
2024-03-21T04:02:00.000000 -6067.534733477 2847.907544776 -406.929795719 -0.02949831056 1.00139417505 7.64225605699
2024-03-21T04:03:00.000000 -6054.908964352 2901.187244774 52.210183834 0.45021898042 0.77387996519 7.65633832863
2024-03-21T04:04:00.000000 -6013.548107664 2940.698215410 511.101818603 0.92795398818 0.54262007639 7.63397729788
2024-03-21T04:05:00.000000 -5943.640105579 2966.248923175 967.560182200 1.40140852767 0.30872417224 7.57525835247
2024-03-21T04:06:00.000000 -5845.510352535 2977.714892472 1419.410841218 1.86830080767 0.07331735485 7.48044667163
2024-03-21T04:07:00.000000 -5719.620256023 2975.039454454 1864.500738566 2.32638185801 -0.16246681540 7.34998838747
2024-03-21T04:08:00.000000 -5566.564957390 2958.234051068 2300.708854300 2.77344381327 -0.39749274779 7.18450636592
2024-03-21T04:09:00.000000 -5387.070442641 2927.378034976 2725.956866360 3.20733549958 -0.63063309858 6.98479849522
2024-03-21T04:10:00.000000 -5181.989794690 2882.618201000 3138.219406877 3.62597519064 -0.86076811768 6.75183188701
2024-03-21T04:11:00.000000 -4952.298550830 2824.168027681 3535.533834699 4.02736098125 -1.08679545861 6.48672799866
2024-03-21T04:12:00.000000 -4699.090049317 2752.306558520 3916.009505635 4.40957129392 -1.30763296157 6.19076602724
2024-03-21T04:13:00.000000 -4423.570070219 2667.377022701 4277.837118833 4.77078167534 -1.52222410462 5.86537676739
2024-03-21T04:14:00.000000 -4127.050624359 2569.785078821 4619.297490203 5.10927674814 -1.72954588979 5.51213034093
2024-03-21T04:15:00.000000 -3810.943374208 2459.996633631 4938.769506906 5.42345013840 -1.92861302366 5.13272557409
2024-03-21T04:16:00.000000 -3476.752885813 2338.535560726 5234.737826935 5.71181390456 -2.11847958588 4.72898804229
2024-03-21T04:17:00.000000 -3126.069165045 2205.981092186 5505.800164351 5.97300925307 -2.29824737572 4.30285845060
2024-03-21T04:18:00.000000 -2760.559720472 2062.964831895 5750.673781223 6.20581191983 -2.46706919522 3.85637902955
2024-03-21T04:19:00.000000 -2381.961405336 1910.167590502 5968.201273368 6.40913574845 -2.62415282254 3.39168333528
2024-03-21T04:20:00.000000 -1992.072011455 1748.316009662 6157.355626628 6.58203523246 -2.76876253642 2.91098239210
2024-03-21T04:21:00.000000 -1592.741829144 1578.179149718 6317.244679950 6.72370709970 -2.90022122588 2.41655932350
2024-03-21T04:22:00.000000 -1185.864937715 1400.564808409 6447.115139617 6.83349507553 -3.01791476030 1.91075786405
2024-03-21T04:23:00.000000 -773.370326405 1216.315717352 6546.355943249 6.91089267188 -3.12129354907 1.39597368067
2024-03-21T04:24:00.000000 -357.212811729 1026.305579266 6614.501036310 6.95554587365 -3.20987482059 0.87464305537
2024-03-21T04:25:00.000000 60.636208571 831.435016400 6651.231427276 6.96725551832 -3.28324456462 0.34922895013
2024-03-21T04:26:00.000000 478.197915785 632.627374505 6656.376443431 6.94597365004 -3.34105964821 -0.17778820669
2024-03-21T04:27:00.000000 893.495258760 430.824386907 6629.914552710 6.89180747148 -3.38305075887 -0.70392018006
2024-03-21T04:28:00.000000 1304.562220057 226.981720023 6571.973350586 6.80501666117 -3.40902252153 -1.22668616333
2024-03-21T04:29:00.000000 1709.452859818 22.064545331 6482.828865645 6.68601100100 -3.41885373826 -1.74362033548
2024-03-21T04:30:00.000000 2106.250374741 -182.956953745 6362.904375782 6.53535189707 -3.41249875308 -2.25228275636
2024-03-21T04:31:00.000000 2493.076051865 -387.112123735 6212.768401776 6.35374590214 -3.38998719116 -2.75027304379
2024-03-21T04:32:00.000000 2868.097881703 -589.434325344 6033.132227945 6.14204465720 -3.35142359270 -3.23523458562
2024-03-21T04:33:00.000000 3229.539342957 -788.965473472 5824.846776046 5.90124438918 -3.29698829890 -3.70487233612
2024-03-21T04:34:00.000000 3575.687761501 -984.760506268 5588.898564076 5.63247641680 -3.22693488243 -4.15696198630
2024-03-21T04:35:00.000000 3904.902343808 -1175.891805739 5326.405233037 5.33700399222 -3.14159100033 -4.58935944707
2024-03-21T04:36:00.000000 4215.621860001 -1361.453554336 5038.610533718 5.01621686620 -3.04135607661 -5.00000536140
2024-03-21T04:37:00.000000 4506.372328683 -1540.566114153 4726.878865549 4.67163181681 -2.92670243523 -5.38694100412
2024-03-21T04:38:00.000000 4775.774356999 -1712.380288106 4392.688815258 4.30488393471 -2.79817305003 -5.74832111887
2024-03-21T04:39:00.000000 5022.549788222 -1876.081506123 4037.625863755 3.91770829026 -2.65637696011 -6.08242846714
2024-03-21T04:40:00.000000 5245.527234324 -2030.893504794 3663.374938490 3.51193083918 -2.50198207491 -6.38766278696
2024-03-21T04:41:00.000000 5443.648041697 -2176.081960571 3271.713350898 3.08948332852 -2.33571926130 -6.66255089753
2024-03-21T04:42:00.000000 5615.972244069 -2310.958259973 2864.502398783 2.65238954818 -2.15838118819 -6.90576721611
2024-03-21T04:43:00.000000 5761.683759801 -2434.883244872 2443.677875145 2.20274542064 -1.97082111259 -7.11615779521
2024-03-21T04:44:00.000000 5880.093515241 -2547.270220989 2011.240229341 1.74269460745 -1.77393418093 -7.29271632727
2024-03-21T04:45:00.000000 5970.643072491 -2647.587631290 1569.245455602 1.27444280638 -1.56866286275 -7.43460341164
2024-03-21T04:46:00.000000 6032.907405392 -2735.361730836 1119.794744847 0.80022979403 -1.35599111017 -7.54114989178
2024-03-21T04:47:00.000000 6066.596802873 -2810.178960937 665.024388254 0.32232517373 -1.13694018921 -7.61185622849
2024-03-21T04:48:00.000000 6071.558361365 -2871.687996073 207.095370311 -0.15698276346 -0.91256224428 -7.64639995487
2024-03-21T04:49:00.000000 6047.776617311 -2919.601420810 -251.817360595 -0.63540353888 -0.68393440934 -7.64463724125
2024-03-21T04:50:00.000000 5995.373365684 -2953.697029666 -709.535484693 -1.11065343594 -0.45215229088 -7.60659974682
2024-03-21T04:51:00.000000 5914.606962109 -2973.818786884 -1163.887889126 -1.58046648977 -0.21832497062 -7.53249595839
2024-03-21T04:52:00.000000 5805.870872111 -2979.877456742 -1612.721219641 -2.04260667268 0.01643074859 -7.42270895676
2024-03-21T04:53:00.000000 5669.691557215 -2971.850914938 -2053.910303556 -2.49487879470 0.25099572446 -7.27779461130
2024-03-21T04:54:00.000000 5506.725677892 -2949.784086832 -2485.368420025 -2.93513998639 0.48425512338 -7.09847807403
2024-03-21T04:55:00.000000 5317.756609131 -2913.788538597 -2905.057305669 -3.36131108482 0.71510308955 -6.88564848099
2024-03-21T04:56:00.000000 5103.690322793 -2864.041787829 -3310.996833672 -3.77138623809 0.94244816798 -6.64035376108
2024-03-21T04:57:00.000000 4865.550699675 -2800.786253815 -3701.274364179 -4.16344246256 1.16521927327 -6.36379429878
2024-03-21T04:58:00.000000 4604.474298948 -2724.327903413 -4074.053687453 -4.53564849120 1.38236996708 -6.05731628297
2024-03-21T04:59:00.000000 4321.704557275 -2635.034621035 -4427.583529008 -4.88627432386 1.59288366722 -5.72240307308
2024-03-21T05:00:00.000000 4018.585495883 -2533.334261826 -4760.205493346 -5.21369812250 1.79577873128 -5.36066569214
2024-03-21T05:01:00.000000 3696.555073397 -2419.712430545 -5070.361452124 -5.51641125458 1.99011237568 -4.97383396614
2024-03-21T05:02:00.000000 3357.138279733 -2294.710034000 -5356.600440148 -5.79302192747 2.17498466102 -4.56374942811
2024-03-21T05:03:00.000000 3001.939879558 -2158.920615027 -5617.585205446 -6.04226512558 2.34954146837 -4.13235887272
2024-03-21T05:04:00.000000 2632.636560252 -2012.987472478 -5852.098063332 -6.26300800708 2.51297934540 -3.68169898595
2024-03-21T05:05:00.000000 2250.969010609 -1857.600494171 -6059.046002617 -6.45425081253 2.66454905714 -3.21388743268
2024-03-21T05:06:00.000000 1858.733819267 -1693.492854098 -6237.465253609 -6.61513031027 2.80355720947 -2.73111268573
2024-03-21T05:07:00.000000 1457.775290610 -1521.437643945 -6386.525228833 -6.74491873853 2.92936669458 -2.23562546250
2024-03-21T05:08:00.000000 1049.977183361 -1342.244366955 -6505.532246812 -6.84303133832 3.04140251244 -1.72973606478
2024-03-21T05:09:00.000000 637.253940261 -1156.755077409 -6593.932454813 -6.90902821669 3.13915367372 -1.21579290426
2024-03-21T05:10:00.000000 221.542151629 -965.840633143 -6651.313960271 -6.94261221157 3.22217162600 -0.69617883910
2024-03-21T05:11:00.000000 -195.208170539 -770.396836197 -6677.408663276 -6.94363354772 3.29007435912 -0.17330236050
2024-03-21T05:12:00.000000 -611.042470080 -571.340292866 -6672.093350811 -6.91208922088 3.34255005876 0.35041840992
2024-03-21T05:13:00.000000 -1024.010246669 -369.604318300 -6635.390033480 -6.84811838238 3.37935371191 0.87256059751
2024-03-21T05:14:00.000000 -1432.173763983 -166.134824827 -6567.465973261 -6.75200655174 3.40031073077 1.39070868216
2024-03-21T05:15:00.000000 -1833.616611981 38.113855268 -6468.632862965 -6.62417841810 3.40531445766 1.90246352122
2024-03-21T05:16:00.000000 -2226.452107130 242.183099849 -6339.345887993 -6.46520183307 3.39433013864 2.40544286902
2024-03-21T05:17:00.000000 -2608.832049595 445.114463095 -6180.202182562 -6.27579077914 3.36739785190 2.89730067601
2024-03-21T05:18:00.000000 -2978.955273104 645.954085086 -5991.938218239 -6.05679781700 3.32463001447 3.37573964707
2024-03-21T05:19:00.000000 -3335.075804800 843.756960825 -5775.426698490 -5.80921011686 3.26620935767 3.83851709013
2024-03-21T05:20:00.000000 -3675.510909901 1037.591186199 -5531.673032097 -5.53414795758 3.19239000362 4.28345377407
2024-03-21T05:21:00.000000 -3998.649003478 1226.542251387 -5261.811218318 -5.23286215304 3.10349750008 4.70844463975
2024-03-21T05:22:00.000000 -4302.957345223 1409.717297888 -4967.099058944 -4.90672921540 2.99992792629 5.11146951409
2024-03-21T05:23:00.000000 -4586.989425492 1586.249335853 -4648.912775360 -4.55724595669 2.88214730244 5.49060285173
2024-03-21T05:24:00.000000 -4849.392027621 1755.301403169 -4308.741057519 -4.18602465963 2.75069033417 5.84402305814
2024-03-21T05:25:00.000000 -5088.911967090 1916.070627239 -3948.178477941 -3.79478585069 2.60615808377 6.17002385832
2024-03-21T05:26:00.000000 -5304.402341517 2067.792129972 -3568.918337395 -3.38535078217 2.44921569782 6.46702193783
2024-03-21T05:27:00.000000 -5494.828378633 2209.742796457 -3172.745013154 -2.95963436280 2.28058953556 6.73356628040
2024-03-21T05:28:00.000000 -5659.272769772 2341.244858015 -2761.525787821 -2.51963582504 2.10106446517 6.96834532683
2024-03-21T05:29:00.000000 -5796.940527409 2461.669343177 -2337.202257637 -2.06743194413 1.91148162515 7.17019545097
2024-03-21T05:30:00.000000 -5907.163318283 2570.439315436 -1901.781153633 -1.60516569339 1.71273347558 7.33810996273
2024-03-21T05:31:00.000000 -5989.403110122 2667.032813841 -1457.324784659 -1.13503595257 1.50575944683 7.47124398355
2024-03-21T05:32:00.000000 -6043.255226573 2750.985550196 -1005.941127136 -0.65928698815 1.29154172232 7.56892118716
2024-03-21T05:33:00.000000 -6068.450688778 2821.893322364 -549.773566315 -0.18019575848 1.07110020695 7.63063803304
2024-03-21T05:34:00.000000 -6064.857831986 2879.414144651 -90.990441594 0.29993950946 0.84548806862 7.65606693371
2024-03-21T05:35:00.000000 -6032.483204170 2923.270072681 368.225607680 0.77881202160 0.61578577005 7.64505893306
2024-03-21T05:36:00.000000 -5971.471731921 2953.248665444 825.688386003 1.25411791784 0.38309541896 7.59764473003
2024-03-21T05:37:00.000000 -5882.106173625 2969.204114770 1279.218951099 1.72356873057 0.14853502166 7.51403527487
2024-03-21T05:38:00.000000 -5764.805832179 2971.058035331 1726.656404107 2.18490355562 -0.08676692438 7.39462099859
2024-03-21T05:39:00.000000 -5620.124509671 2958.799895721 2165.868612011 2.63590190287 -0.32167833237 7.23996959631
2024-03-21T05:40:00.000000 -5448.747768725 2932.487047504 2594.762732487 3.07439413718 -0.55506940967 7.05082271831
2024-03-21T05:41:00.000000 -5251.489503657 2892.244410278 3011.295550960 3.49827429465 -0.78581879327 6.82809187490
2024-03-21T05:42:00.000000 -5029.287794606 2838.263781631 3413.483466246 3.90551018307 -1.01281935504 6.57285175970
2024-03-21T05:43:00.000000 -4783.200206706 2770.802829771 3799.412135134 4.29415298478 -1.23498371104 6.28633531386
2024-03-21T05:44:00.000000 -4514.398467346 2690.183711054 4167.245740434 4.66234753235 -1.45125024165 5.96992544341
2024-03-21T05:45:00.000000 -4224.162640206 2596.791433334 4515.235741735 5.00833884353 -1.66058633193 5.62514781432
2024-03-21T05:46:00.000000 -3913.874865829 2491.071949527 4841.729298394 5.33048127873 -1.86199381504 5.25366555451
2024-03-21T05:47:00.000000 -3585.012413487 2373.529935669 5145.177261729 5.62725158903 -2.05451485059 4.85726948422
2024-03-21T05:48:00.000000 -3239.140162177 2244.726176874 5424.141340217 5.89725185196 -2.23723703069 4.43786245658
2024-03-21T05:49:00.000000 -2877.903054568 2105.274775443 5677.300696120 6.13921344541 -2.40929682790 3.99745540889
2024-03-21T05:50:00.000000 -2503.018058872 1955.840025900 5903.458030098 6.35200416561 -2.56988510959 3.53815318302
2024-03-21T05:51:00.000000 -2116.265957651 1797.133091693 6101.544917197 6.53462949926 -2.71824890705 3.06214563216
2024-03-21T05:52:00.000000 -1719.482948802 1629.908558914 6270.626714281 6.68623839856 -2.85369465945 2.57170053781
2024-03-21T05:53:00.000000 -1314.551793599 1454.960764313 6409.906811711 6.80613009623 -2.97559096671 2.06914870410
2024-03-21T05:54:00.000000 -903.392773395 1273.120035429 6518.730043506 6.89375507175 -3.08336977258 1.55687227671
2024-03-21T05:55:00.000000 -487.954599278 1085.248850927 6596.585384692 6.94871421903 -3.17652793244 1.03729206300
2024-03-21T05:56:00.000000 -70.205495942 892.237831834 6643.108084680 6.97075708444 -3.25463099690 0.51286224865
2024-03-21T05:57:00.000000 347.875898841 695.001573406 6658.081398302 6.95978759726 -3.31731437623 -0.01394002715
2024-03-21T05:58:00.000000 764.309859209 494.474396601 6641.437568189 6.91586529898 -3.36428568665 -0.54062808758
2024-03-21T05:59:00.000000 1177.124808542 291.605963797 6593.257997746 6.83920174192 -3.39532578920 -1.06471797479
2024-03-21T06:00:00.000000 1584.366417216 87.356885690 6513.772865940 6.73016084526 -3.41028938098 -1.58373598857
2024-03-21T06:01:00.000000 1984.106797538 -117.305821206 6403.360106279 6.58925904388 -3.40910828218 -2.09523382451
2024-03-21T06:02:00.000000 2374.453414596 -321.413271583 6262.543488131 6.41715771210 -3.39178787934 -2.59679900152
2024-03-21T06:03:00.000000 2753.557772401 -523.999134061 6091.990326558 6.21466369329 -3.35840838307 -3.08606100338
2024-03-21T06:04:00.000000 3119.624131345 -724.104161778 5892.508586842 5.98272801176 -3.30912556913 -3.56070428083
2024-03-21T06:05:00.000000 3470.918019421 -920.780687647 5665.043200761 5.72244100631 -3.24416944863 -4.01848074179
2024-03-21T06:06:00.000000 3805.774409523 -1113.097046758 5410.671714357 5.43502621643 -3.16384330878 -4.45721923432
2024-03-21T06:07:00.000000 4122.605587003 -1300.141949292 5130.599429779 5.12183672302 -3.06852279019 -4.87483396205
2024-03-21T06:08:00.000000 4419.908838904 -1481.028808882 4826.153995071 4.78435232551 -2.95865601919 -5.26933478386
2024-03-21T06:09:00.000000 4696.273846344 -1654.900063932 4498.779179246 4.42417042559 -2.83476105260 -5.63884313046
2024-03-21T06:10:00.000000 4950.389342345 -1820.931214196 4150.028025429 4.04299463118 -2.69742229937 -5.98159533028
2024-03-21T06:11:00.000000 5181.049358098 -1978.334874521 3781.555727899 3.64262938979 -2.54729224806 -6.29595246431
2024-03-21T06:12:00.000000 5387.158977818 -2126.364671669 3395.111937742 3.22497354728 -2.38508376221 -6.58040395127
2024-03-21T06:13:00.000000 5567.740305810 -2264.318786870 2992.532813439 2.79202573921 -2.21156990955 -6.83358255546
2024-03-21T06:14:00.000000 5721.937588910 -2391.543475252 2575.731814748 2.34585622436 -2.02757875248 -7.05427752093
2024-03-21T06:15:00.000000 5849.021236074 -2507.436291359 2146.690329690 1.88859774953 -1.83399177021 -7.24143671025
2024-03-21T06:16:00.000000 5948.391241744 -2611.449094437 1707.448062917 1.42243686874 -1.63173652445 -7.39416890297
2024-03-21T06:17:00.000000 6019.580222302 -2703.090669342 1260.093174939 0.94960513861 -1.42178223083 -7.51175115252
2024-03-21T06:18:00.000000 6062.255687883 -2781.929070328 806.752064693 0.47236558820 -1.20513438173 -7.59363214871
2024-03-21T06:19:00.000000 6076.221625987 -2847.593646937 349.579025029 -0.00699688398 -0.98283019360 -7.63943372646
2024-03-21T06:20:00.000000 6061.419505415 -2899.776891084 -109.254277084 -0.48618749077 -0.75593646926 -7.64895595493
2024-03-21T06:21:00.000000 6017.928335290 -2938.235961480 -567.569545901 -0.96291815730 -0.52554017163 -7.62217678623
2024-03-21T06:22:00.000000 5945.964018070 -2962.793678795 -1023.192389537 -1.43491498641 -0.29274258373 -7.55924840079
2024-03-21T06:23:00.000000 5845.878243771 -2973.339292548 -1473.962817388 -1.89992785488 -0.05865624481 -7.46049911151
2024-03-21T06:24:00.000000 5718.156592750 -2969.829006490 -1917.745825057 -2.35574642648 0.17560124922 -7.32643245573
2024-03-21T06:25:00.000000 5563.415821759 -2952.286038619 -2352.441707236 -2.80020966262 0.40891420124 -7.15772115872
2024-03-21T06:26:00.000000 5382.400600433 -2920.800376628 -2775.996149340 -3.23121680009 0.64017385340 -6.95520457603
2024-03-21T06:27:00.000000 5175.979583598 -2875.528159198 -3186.410074394 -3.64673789620 0.86828506980 -6.71988392769
2024-03-21T06:28:00.000000 4945.140771858 -2816.690656791 -3581.749109627 -4.04482587140 1.09217253561 -6.45291251811
2024-03-21T06:29:00.000000 4690.986411979 -2744.573023303 -3960.152427199 -4.42362040043 1.31078251333 -6.15558842466
2024-03-21T06:30:00.000000 4414.727562166 -2659.522841248 -4319.841390309 -4.78135656174 1.52308945194 -5.82935227763
2024-03-21T06:31:00.000000 4117.678044630 -2561.948163726 -4659.127844852 -5.11637547683 1.72810382704 -5.47577730401
2024-03-21T06:32:00.000000 3801.247861043 -2452.315324869 -4976.421691662 -5.42713044908 1.92487237611 -5.09655753503
2024-03-21T06:33:00.000000 3466.936326657 -2331.146689101 -5270.237986535 -5.71219291042 2.11248198440 -4.69350291086
2024-03-21T06:34:00.000000 3116.324722545 -2199.018039326 -5539.203524116 -5.97025891831 2.29006556250 -4.26852587066
2024-03-21T06:35:00.000000 2751.068826448 -2056.555732487 -5782.062789158 -6.20015104497 2.45680542233 -3.82363640081
2024-03-21T06:36:00.000000 2372.891005511 -1904.433582752 -5997.683470746 -6.40082718184 2.61193738780 -3.36092836870
2024-03-21T06:37:00.000000 1983.572134896 -1743.369639561 -6185.061132795 -6.57137946092 2.75475150422 -2.88256951097
2024-03-21T06:38:00.000000 1584.943419942 -1574.122878758 -6343.323420576 -6.71103888367 2.88459375020 -2.39079287413
2024-03-21T06:39:00.000000 1178.877999100 -1397.489781690 -6471.733658372 -6.81917647168 3.00086842215 -1.88788689783
2024-03-21T06:40:00.000000 767.282548877 -1214.300742992 -6569.693998573 -6.89530378147 3.10304172155 -1.37618982785
2024-03-21T06:41:00.000000 352.088683299 -1025.416170837 -6636.748127820 -6.93907896899 3.19064720845 -0.85807805477
2024-03-21T06:42:00.000000 -64.755895829 -831.722517520 -6672.583070865 -6.95030743531 3.26328312287 -0.33595183255
2024-03-21T06:43:00.000000 -481.296169668 -634.128310912 -6677.030335635 -6.92893879529 3.32061548333 0.18777443310
2024-03-21T06:44:00.000000 -895.578399764 -433.560105178 -6650.066618470 -6.87506739365 3.36237789104 0.71067713688
2024-03-21T06:45:00.000000 -1305.658878576 -230.958363710 -6591.813897364 -6.78893169993 3.38837253443 1.23033899294
2024-03-21T06:46:00.000000 -1709.612423568 -27.273379872 -6502.538971381 -6.67091194571 3.39847079516 1.74435010228
2024-03-21T06:47:00.000000 -2105.541053365 176.539062620 -6382.652698410 -6.52153403666 3.39261792627 2.25032146168
2024-03-21T06:48:00.000000 -2491.582648875 379.522030473 -6232.708362751 -6.34146783028 3.37083041758 2.74589619308
2024-03-21T06:49:00.000000 -2865.919521130 580.721728621 -6053.399343584 -6.13152254111 3.33319606368 3.22876299309
2024-03-21T06:50:00.000000 -3226.786570870 779.191751947 -5845.556231297 -5.89264255176 3.27987378442 3.69666053726
2024-03-21T06:51:00.000000 -3572.479424722 973.997388060 -5610.143507707 -5.62590676899 3.21109411247 4.14738901570
2024-03-21T06:52:00.000000 -3901.362362662 1164.219869450 -5348.255582505 -5.33252435989 3.12715806268 4.57881839986
2024-03-21T06:53:00.000000 -4211.876111647 1348.960637920 -5061.112359035 -5.01383421698 3.02843849077 4.98889798278
2024-03-21T06:54:00.000000 -4502.545482798 1527.345649599 -4750.054030611 -4.67129863880 2.91537925980 5.37567067745
2024-03-21T06:55:00.000000 -4771.986531202 1698.529559963 -4416.535179988 -4.30649587872 2.78849279864 5.73728198943
2024-03-21T06:56:00.000000 -5018.913341228 1861.699776291 -4062.118356084 -3.92111418958 2.64835799622 6.07198910821
2024-03-21T06:57:00.000000 -5242.144414132 2016.080366762 -3688.467110988 -3.51694476509 2.49561765456 6.37816928697
2024-03-21T06:58:00.000000 -5440.608661150 2160.935849307 -3297.338559698 -3.09587571130 2.33097705322 6.65432819708
2024-03-21T06:59:00.000000 -5613.350984279 2295.574881122 -2890.575359619 -2.65988343370 2.15520170534 6.89911034240
2024-03-21T07:00:00.000000 -5759.537248591 2419.353761796 -2470.097152705 -2.21102232262 1.96911354258 7.11130593198
2024-03-21T07:01:00.000000 -5878.458738702 2531.679715363 -2037.891608678 -1.75141691625 1.77358744262 7.28985882326
2024-03-21T07:02:00.000000 -5969.536019499 2632.013935955 -1596.004971744 -1.28325020873 1.56954688875 7.43387335189
2024-03-21T07:03:00.000000 -6032.322146702 2719.874385560 -1146.532285577 -0.80875390129 1.35795983716 7.54261962745
2024-03-21T07:04:00.000000 -6066.505260243 2794.838311636 -691.607262928 -0.33019698670 1.13983362860 7.61553942732
2024-03-21T07:05:00.000000 -6071.910434841 2856.544437639 -233.391870673 0.15012691395 0.91620927268 7.65224934243
2024-03-21T07:06:00.000000 -6048.500849236 2904.694857527 225.934222836 0.62990983024 0.68815736155 7.65254352571
2024-03-21T07:07:00.000000 -5996.378269134 2939.056642668 684.184418989 1.10684246111 0.45677213430 7.61639706793
2024-03-21T07:08:00.000000 -5915.782717716 2959.463080618 1139.176067786 1.57862778256 0.22316559362 7.54396646575
2024-03-21T07:09:00.000000 -5807.091337749 2965.814543140 1588.741319220 2.04299415295 -0.01153929591 7.43558795904
2024-03-21T07:10:00.000000 -5670.816550649 2958.078964106 2030.737808430 2.49770553557 -0.24621424236 7.29177463867
2024-03-21T07:11:00.000000 -5507.603578338 2936.291995853 2463.059240963 2.94057368380 -0.47973129283 7.11321518436
2024-03-21T07:12:00.000000 -5318.227186236 2900.556815639 2883.645767868 3.36947025000 -0.71096840096 6.90076813726
2024-03-21T07:13:00.000000 -5103.587819605 2851.043606828 3290.494049678 3.78233594165 -0.93881516029 6.65545810278
2024-03-21T07:14:00.000000 -4864.707132150 2787.988672761 3681.667098290 4.17719173448 -1.16217886501 6.37847116654
2024-03-21T07:15:00.000000 -4602.722820968 2711.693206401 4055.303774317 4.55215049296 -1.37999041569 6.07114827970
2024-03-21T07:16:00.000000 -4318.882775963 2622.521668201 4409.627793248 4.90542769431 -1.59121081677 5.73497481917
2024-03-21T07:17:00.000000 -4014.538748687 2520.899877432 4742.956034374 5.23534614342 -1.79483400791 5.37156995135
2024-03-21T07:18:00.000000 -3691.139745143 2407.312920097 5053.706470169 5.54034337635 -1.98989203162 4.98268298125
2024-03-21T07:19:00.000000 -3350.224851048 2282.302652101 5340.405604005 5.81897943103 -2.17546068321 4.57018034561
2024-03-21T07:20:00.000000 -2993.415807662 2146.465016790 5601.695274632 6.06994029411 -2.35066214555 4.13603937954
2024-03-21T07:21:00.000000 -2622.409174869 2000.447077315 5836.339091792 6.29204782129 -2.51467124078 3.68233911950
2024-03-21T07:22:00.000000 -2238.968021844 1844.943808643 6043.228029698 6.48426261383 -2.66671517527 3.21124504758
2024-03-21T07:23:00.000000 -1844.913498818 1680.694916290 6221.385572876 6.64569039224 -2.80607822229 2.72500670269
2024-03-21T07:24:00.000000 -1442.115902711 1508.481114722 6369.972211724 6.77558703523 -2.93210897676 2.22593892375
2024-03-21T07:25:00.000000 -1032.485645301 1329.120225325 6488.288925453 6.87335871398 -3.04422242004 1.71640672392
2024-03-21T07:26:00.000000 -617.964454677 1143.463243343 6575.779870104 6.93855566743 -3.14189715829 1.19881842579
2024-03-21T07:27:00.000000 -200.516507729 952.390485946 6632.034949835 6.97088065699 -3.22467824509 0.67562151717
2024-03-21T07:28:00.000000 217.880829792 756.807478575 6656.791689184 6.97019108520 -3.29218046125 0.14928686936
2024-03-21T07:29:00.000000 635.246251732 557.640746170 6649.936277895 6.93649802574 -3.34408932283 -0.37770247211
2024-03-21T07:30:00.000000 1049.603684261 355.833517329 6611.504023989 6.86996464465 -3.38016274518 -0.90286037335
2024-03-21T07:31:00.000000 1458.991455629 152.341339290 6541.679269123 6.77090877112 -3.40023258137 -1.42370748165
2024-03-21T07:32:00.000000 1861.471597353 -51.872411293 6440.794453973 6.63980068934 -3.40420578065 -1.93778904391
2024-03-21T07:33:00.000000 2255.138720955 -255.840989756 6309.328421823 6.47725673233 -3.39206332763 -2.44268025228
2024-03-21T07:34:00.000000 2638.128856281 -458.598773919 6147.904311177 6.28403998291 -3.36386147245 -2.93599860942
2024-03-21T07:35:00.000000 3008.628063135 -659.185739990 5957.286742011 6.06105521219 -3.31973077728 -3.41541140983
2024-03-21T07:36:00.000000 3364.880964447 -856.651944299 5738.378523965 5.80934904785 -3.25987640504 -3.87864751216
2024-03-21T07:37:00.000000 3705.199092162 -1050.061972807 5492.216611698 5.53010456031 -3.18457774291 -4.32350796184
2024-03-21T07:38:00.000000 4027.968974668 -1238.499409354 5219.967448123 5.22463763851 -3.09418840517 -4.74787738557
2024-03-21T07:39:00.000000 4331.659981574 -1421.071267282 4922.921596352 4.89439285807 -2.98913543081 -5.14973715867
2024-03-21T07:40:00.000000 4614.831642050 -1596.912237045 4602.487431664 4.54092800516 -2.86991364892 -5.52717847239
2024-03-21T07:41:00.000000 4876.140175488 -1765.188707408 4260.184618956 4.16590855696 -2.73708377160 -5.87840135283
2024-03-21T07:42:00.000000 5114.345064276 -1925.102497414 3897.637506558 3.77111275386 -2.59126713970 -6.20171673796
2024-03-21T07:43:00.000000 5328.315878077 -2075.894963082 3516.567951455 3.35842775861 -2.43316220059 -6.49557078223
2024-03-21T07:44:00.000000 5517.037833080 -2216.851285662 3118.786257951 2.92981732749 -2.26352506788 -6.75856677918
2024-03-21T07:45:00.000000 5679.616192843 -2347.303371720 2706.182393351 2.48732128211 -2.08315993502 -6.98944510846
2024-03-21T07:46:00.000000 5815.280954704 -2466.633115164 2280.717471258 2.03305550726 -1.89292830116 -7.18709766160
2024-03-21T07:47:00.000000 5923.390924920 -2574.275638591 1844.414175029 1.56919480774 -1.69374171453 -7.35058075536
2024-03-21T07:48:00.000000 6003.436797382 -2669.722111007 1399.346812799 1.09795861456 -1.48655585365 -7.47911780537
2024-03-21T07:49:00.000000 6055.043551605 -2752.522209477 947.631219520 0.62160294686 -1.27236461836 -7.57210170142
2024-03-21T07:50:00.000000 6077.972413620 -2822.286311697 491.414424681 0.14241084513 -1.05219661701 -7.62910082947
2024-03-21T07:51:00.000000 6072.122001551 -2878.687380508 32.863980934 -0.33732405794 -0.82710814480 -7.64986260326
2024-03-21T07:52:00.000000 6037.528503373 -2921.462415120 -425.842646540 -0.81531014564 -0.59817665078 -7.63430831476
2024-03-21T07:53:00.000000 5974.365474031 -2950.413637846 -882.528564379 -1.28926279910 -0.36649847662 -7.58253728810
2024-03-21T07:54:00.000000 5882.942829499 -2965.409459521 -1335.028202307 -1.75692340032 -0.13318183829 -7.49482618414
2024-03-21T07:55:00.000000 5763.705010956 -2966.384948353 -1781.197804605 -2.21606839996 0.10066026941 -7.37162559033
2024-03-21T07:56:00.000000 5617.228488736 -2953.341999694 -2218.925782362 -2.66452185029 0.33391396215 -7.21355602302
2024-03-21T07:57:00.000000 5444.218679494 -2926.349205547 -2646.142779147 -3.10016305484 0.56547140975 -7.02140447153
2024-03-21T07:58:00.000000 5245.506284069 -2885.541298405 -3060.831551190 -3.52093861335 0.79423593489 -6.79611966340
2024-03-21T07:59:00.000000 5022.042995045 -2831.118394388 -3461.036459548 -3.92486950054 1.01912623838 -6.53880610499
2024-03-21T08:00:00.000000 4774.896787236 -2763.344803800 -3844.872784389 -4.31006170216 1.23908471373 -6.25072227495
2024-03-21T08:01:00.000000 4505.246297621 -2682.547512572 -4210.535638894 -4.67472190768 1.45307998047 -5.93326806878
2024-03-21T08:02:00.000000 4214.374697990 -2589.114519829 -4556.308071064 -5.01715867833 1.66011081131 -5.58797412333
2024-03-21T08:03:00.000000 3903.663474295 -2483.492814294 -4880.568826441 -5.33578856593 1.85921302747 -5.21649857120
2024-03-21T08:04:00.000000 3574.585588791 -2366.186042846 -5181.799665896 -5.62914654943 2.04946235245 -4.82061491993
2024-03-21T08:05:00.000000 3228.698301902 -2237.752051016 -5458.591991724 -5.89588792495 2.22997733136 -4.40220347795
2024-03-21T08:06:00.000000 2867.635846615 -2098.800138324 -5709.653109941 -6.13479348538 2.39992534091 -3.96324619027
2024-03-21T08:07:00.000000 2493.101574187 -1949.987989049 -5933.811944381 -6.34477887996 2.55852610493 -3.50581193464
2024-03-21T08:08:00.000000 2106.859900050 -1792.018544914 -6130.023868246 -6.52489300597 2.70505191190 -3.03204638761
2024-03-21T08:09:00.000000 1710.728185784 -1625.636684065 -6297.375150031 -6.67432312019 2.83883341703 -2.54416457776
2024-03-21T08:10:00.000000 1306.568375006 -1451.625683553 -6435.086667126 -6.79239525693 2.95925928932 -2.04443698411
2024-03-21T08:11:00.000000 896.278734061 -1270.803823871 -6542.517128109 -6.87857362939 3.06577482226 -1.53518808902
2024-03-21T08:12:00.000000 481.785231801 -1084.020700979 -6619.166185487 -6.93247215025 3.15789267843 -1.01878716051
2024-03-21T08:13:00.000000 65.032560696 -892.153109294 -6664.676370367 -6.95385119780 3.23519237414 -0.49762600546
2024-03-21T08:14:00.000000 -352.024490021 -696.101148383 -6678.834313275 -6.94261412975 3.29731775359 0.02588430517
2024-03-21T08:15:00.000000 -767.429711406 -496.784277346 -6661.571707349 -6.89881046790 3.34398033166 0.54932207211
2024-03-21T08:16:00.000000 -1179.234152045 -295.137234128 -6612.965558197 -6.82263217516 3.37495922164 1.07026522406
2024-03-21T08:17:00.000000 -1585.504763563 -92.105848099 -6533.238104638 -6.71441800774 3.39010646233 1.58629796530
2024-03-21T08:18:00.000000 -1984.333124641 111.357295084 -6422.755942668 -6.57464952067 3.38934382506 2.09502451538
2024-03-21T08:19:00.000000 -2373.844086522 314.297031673 -6282.028667876 -6.40395446918 3.37266462201 2.59407734122
2024-03-21T08:20:00.000000 -2752.204339985 515.759983735 -6111.706661556 -6.20309798682 3.34013447538 3.08113165963
2024-03-21T08:21:00.000000 -3117.630559674 714.798822270 -5912.578438563 -5.97298172568 3.29188931302 3.55390944204
2024-03-21T08:22:00.000000 -3468.397605641 910.476476237 -5685.567517818 -5.71464286374 3.22813533135 4.01018996122
2024-03-21T08:23:00.000000 -3802.846566602 1101.870402292 -5431.728730082 -5.42925153394 3.14915079407 4.44781864823
2024-03-21T08:24:00.000000 -4119.392679534 1288.076930910 -5152.243918028 -5.11810884067 3.05528653943 4.86471857341
2024-03-21T08:25:00.000000 -4416.533036459 1468.215566103 -4848.416852308 -4.78264048090 2.94696350960 5.25890422116
2024-03-21T08:26:00.000000 -4692.853799864 1641.433108152 -4521.667502855 -4.42438903441 2.82467053505 5.62848885891
2024-03-21T08:27:00.000000 -4947.037093997 1806.907710922 -4173.525876707 -4.04500978771 2.68896377841 5.97169305924
2024-03-21T08:28:00.000000 -5177.867579677 1963.852879110 -3805.625261972 -3.64626408981 2.54046500013 6.28685516482
2024-03-21T08:29:00.000000 -5384.238597276 2111.521326464 -3419.694892739 -3.23001209768 2.37985900611 6.57243999865
2024-03-21T08:30:00.000000 -5565.157884167 2249.208679611 -3017.552098735 -2.79820546234 2.20789095872 6.82704777767
2024-03-21T08:31:00.000000 -5719.752788774 2376.257035139 -2601.093915629 -2.35287801622 2.02536436921 7.04942294066
2024-03-21T08:32:00.000000 -5847.274889333 2492.058333875 -2172.288143699 -1.89613471084 1.83313584134 7.23846335955
2024-03-21T08:33:00.000000 -5947.103916540 2596.057360557 -1733.164046769 -1.43014152716 1.63211022524 7.39322249723
2024-03-21T08:34:00.000000 -6018.751281165 2687.754649406 -1285.802823462 -0.95711982416 1.42324024652 7.51291849906
2024-03-21T08:35:00.000000 -6061.862875029 2766.709123610 -832.327398083 -0.47932817855 1.20751821930 7.59694160393
2024-03-21T08:36:00.000000 -6076.221002777 2832.540345459 -374.892183173 0.00094587592 0.98597272193 7.64485298810
2024-03-21T08:37:00.000000 -6061.745834811 2884.930569017 84.327365213 0.48139645194 0.75966404662 7.65639064607
2024-03-21T08:38:00.000000 -6018.496139505 2923.626481615 543.145470972 0.95971176454 0.52967849548 7.63147316207
2024-03-21T08:39:00.000000 -5946.669227512 2948.440544828 999.376924002 1.43358755677 0.29712123299 7.57020075245
2024-03-21T08:40:00.000000 -5846.600113086 2959.251960923 1450.847981559 1.90074046596 0.06311074414 7.47285532838
2024-03-21T08:41:00.000000 -5718.759830890 2956.007266573 1895.407206193 2.35892204466 -0.17122815868 7.33989779417
2024-03-21T08:42:00.000000 -5563.752967884 2938.720512615 2330.936018298 2.80593006823 -0.40477044239 7.17196086985
2024-03-21T08:43:00.000000 -5382.314810353 2907.473248073 2755.358870612 3.23961111084 -0.63639143323 6.96984794916
2024-03-21T08:44:00.000000 -5175.307950293 2862.414263716 3166.653702863 3.65787898489 -0.86497682567 6.73453695978
2024-03-21T08:45:00.000000 -4943.717754571 2803.758674802 3562.862058638 4.05872883033 -1.08943073048 6.46716865944
2024-03-21T08:46:00.000000 -4688.647204819 2731.786687145 3942.098578665 4.44024619689 -1.30867993954 6.16903714115
2024-03-21T08:47:00.000000 -4411.311273469 2646.842131207 4302.559960609 4.80061384675 -1.52167774523 5.84158245776
2024-03-21T08:48:00.000000 -4113.030867105 2549.330705020 4642.533498349 5.13811912262 -1.72740944559 5.48638329971
2024-03-21T08:49:00.000000 -3795.226308530 2439.717902658 4960.405164779 5.45116187868 -1.92489725888 5.10514862069
2024-03-21T08:50:00.000000 -3459.410431412 2318.526691999 5254.667171031 5.73825943036 -2.11320365573 4.69971007635
2024-03-21T08:51:00.000000 -3107.181223514 2186.334957925 5523.925201768 5.99805885721 -2.29143696748 4.27201576770
2024-03-21T08:52:00.000000 -2740.213847805 2043.772608369 5766.904833232 6.22933932645 -2.45875451171 3.82411339212
2024-03-21T08:53:00.000000 -2360.252591229 1891.518550965 5982.457469811 6.43102013792 -2.61436729482 3.35814670842
2024-03-21T08:54:00.000000 -1969.102253483 1730.297270746 6169.565544469 6.60216460173 -2.75754517322 2.87633762226
2024-03-21T08:55:00.000000 -1568.619502660 1560.875255536 6327.346909382 6.74198073719 -2.88761890953 2.38097664768
2024-03-21T08:56:00.000000 -1160.704145712 1384.057247150 6455.058666141 6.84982296560 -3.00398253175 1.87441357676
2024-03-21T08:57:00.000000 -747.290221479 1200.682435276 6552.100464116 6.92519650964 -3.10609417056 1.35904804092
2024-03-21T08:58:00.000000 -330.336901736 1011.620540682 6618.017107919 6.96775827938 -3.19347848236 0.83731735770
2024-03-21T08:59:00.000000 88.180639946 817.767714277 6652.500529754 6.97731850409 -3.26573017796 0.31168615229
2024-03-21T09:00:00.000000 506.280448118 620.042343843 6655.391011424 6.95384030825 -3.32251311409 -0.21536651888
2024-03-21T09:01:00.000000 921.982912619 419.380851855 6626.677850945 6.89743909719 -3.36356291029 -0.74135407277
2024-03-21T09:02:00.000000 1333.319986410 216.733332464 6566.499483569 6.80838527165 -3.38868819451 -1.26379430511
2024-03-21T09:03:00.000000 1738.344448953 13.059176882 6475.142762723 6.68710156337 -3.39777067806 -1.78022401706
2024-03-21T09:04:00.000000 2135.138897738 -190.677394011 6353.041543854 6.53415898710 -3.39076780302 -2.28820789946
2024-03-21T09:05:00.000000 2521.824612046 -393.511822717 6200.774698005 6.35027531485 -3.36771054432 -2.78534912925
2024-03-21T09:06:00.000000 2896.570244046 -594.483623900 6019.063565143 6.13631204115 -3.32870418724 -3.26929648124
2024-03-21T09:07:00.000000 3257.600503202 -792.640952901 5808.768895920 5.89327557182 -3.27393163298 -3.73775753048
2024-03-21T09:08:00.000000 3603.204615423 -987.045192405 5570.886816482 5.62230856527 -3.20365016291 -4.18851350949
2024-03-21T09:09:00.000000 3931.744297269 -1176.775338648 5306.544201237 5.32468420290 -3.11818930755 -4.61942610907
2024-03-21T09:10:00.000000 4241.661510275 -1360.932271858 5016.993591337 5.00180323606 -3.01794891360 -5.02844657294
2024-03-21T09:11:00.000000 4531.485908429 -1538.642975659 4703.607545005 4.65518748111 -2.90339917192 -5.41362422138
2024-03-21T09:12:00.000000 4799.842032908 -1709.064697742 4367.872448254 4.28647677590 -2.77507796936 -5.77311732764
2024-03-21T09:13:00.000000 5045.456208520 -1871.388999140 4011.381752956 3.89742387622 -2.63359282877 -6.10520077896
2024-03-21T09:14:00.000000 5267.163086697 -2024.846147471 3635.828325002 3.48988249947 -2.47962420322 -6.40829073332
2024-03-21T09:15:00.000000 5463.910906523 -2168.708726917 3242.995707397 3.06578469078 -2.31389936985 -6.68094269818
2024-03-21T09:16:00.000000 5634.766522851 -2302.294688503 2834.750285230 2.62715262543 -2.13720691459 -6.92184573367
2024-03-21T09:17:00.000000 5778.920382138 -2424.971052930 2413.032378109 2.17608077607 -1.95039094196 -7.12984605654
2024-03-21T09:18:00.000000 5895.690584587 -2536.156971260 1979.846847917 1.71472905776 -1.75434508567 -7.30394784360
2024-03-21T09:19:00.000000 5984.526426703 -2635.326642309 1537.253228172 1.24530637037 -1.55000951320 -7.44332536239
2024-03-21T09:20:00.000000 6045.010792748 -2722.011904842 1087.355595207 0.77005694226 -1.33836469210 -7.54731917103
2024-03-21T09:21:00.000000 6076.862220080 -2795.804509278 632.292459178 0.29125609178 -1.12042602230 -7.61544216048
2024-03-21T09:22:00.000000 6079.936382210 -2856.358039479 174.226307214 -0.18880165976 -0.89723885971 -7.64738297826
2024-03-21T09:23:00.000000 6054.226837173 -2903.389584029 -284.667174729 -0.66781893785 -0.66987269228 -7.64301310319
2024-03-21T09:24:00.000000 5999.864666687 -2936.680877071 -742.209840667 -1.14350919953 -0.43941282487 -7.60237796457
2024-03-21T09:25:00.000000 5917.117621296 -2956.079261826 -1196.231496308 -1.61360578917 -0.20696025280 -7.52569683541
2024-03-21T09:26:00.000000 5806.388664516 -2961.498488004 -1644.580272615 -2.07586917589 0.02637312706 -7.41336229504
2024-03-21T09:27:00.000000 5668.213971010 -2952.919181445 -2085.133198187 -2.52810198852 0.25947202825 -7.26594460048
2024-03-21T09:28:00.000000 5503.259896680 -2930.388726228 -2515.806618555 -2.96816331647 0.49122713916 -7.08418207313
2024-03-21T09:29:00.000000 5312.319402730 -2894.020808260 -2934.566067881 -3.39397571251 0.72053861882 -6.86897586351
2024-03-21T09:30:00.000000 5096.307894373 -2843.994658723 -3339.435932821 -3.80353663931 0.94632238890 -6.62138528169
2024-03-21T09:31:00.000000 4856.258493682 -2780.553977251 -3728.508755047 -4.19492636388 1.16751426276 -6.34262220575
2024-03-21T09:32:00.000000 4593.316735616 -2704.005572441 -4099.954197285 -4.56631920503 1.38307588826 -6.03404357882
2024-03-21T09:33:00.000000 4308.734692605 -2614.717658905 -4452.027423793 -4.91599049652 1.59199923530 -5.69714117484
2024-03-21T09:34:00.000000 4003.864725859 -2513.117939562 -4783.076958531 -5.24232302917 1.79331007186 -5.33353382876
2024-03-21T09:35:00.000000 3680.152852515 -2399.691442485 -5091.552084606 -5.54381342589 1.98607276779 -4.94496012871
2024-03-21T09:36:00.000000 3339.131704016 -2274.978045172 -5376.009736945 -5.81907842009 2.16939507813 -4.53326793129
2024-03-21T09:37:00.000000 2982.413252185 -2139.569814722 -5635.120797822 -6.06685735183 2.34243001263 -4.10040713521
2024-03-21T09:38:00.000000 2611.681214204 -1994.108148156 -5867.676082406 -6.28602123476 2.50438158346 -3.64842335382
2024-03-21T09:39:00.000000 2228.682937227 -1839.280548722 -6072.591570790 -6.47557787820 2.65450865772 -3.17944038410
2024-03-21T09:40:00.000000 1835.221240345 -1675.817392318 -6248.912773952 -6.63467070854 2.79212362111 -2.69565171784
2024-03-21T09:41:00.000000 1433.146177045 -1504.488580745 -6395.818727564 -6.76258181129 2.91659709935 -2.19931247005
2024-03-21T09:42:00.000000 1024.346730481 -1326.100047518 -6512.625424863 -6.85873251688 3.02735732945 -1.69273248212
2024-03-21T09:43:00.000000 610.742219361 -1141.490187392 -6598.788910156 -6.92269090049 3.12389559620 -1.17826776327
2024-03-21T09:44:00.000000 194.273468238 -951.525862298 -6653.907569930 -6.95417166729 3.20577161056 -0.65830426579
2024-03-21T09:45:00.000000 -223.105893918 -757.098405833 -6677.723549726 -6.95303311170 3.27260931394 -0.13524760496
2024-03-21T09:46:00.000000 -639.438085638 -559.119760256 -6670.123793281 -6.91927819571 3.32409841042 0.38848307272
2024-03-21T09:47:00.000000 -1052.769800206 -358.518459739 -6631.140651938 -6.85305455277 3.35999683877 0.91046067378
2024-03-21T09:48:00.000000 -1461.161094362 -156.235401530 -6560.951958322 -6.75465857519 3.38013444246 1.42826641198
2024-03-21T09:49:00.000000 -1862.694039482 46.780408808 -6459.880207896 -6.62452825849 3.38441131522 1.93949679518
2024-03-21T09:50:00.000000 -2255.481416670 249.576144721 -6328.391384058 -6.46324881286 3.37279981358 2.44177652977
2024-03-21T09:51:00.000000 -2637.675243979 451.199392642 -6167.092772086 -6.27154139464 3.34534100832 2.93277018567
2024-03-21T09:52:00.000000 -3007.474901013 650.702301940 -5976.730610614 -6.05026439480 3.30214639346 3.41018312866
2024-03-21T09:53:00.000000 -3363.135419050 847.145861950 -5758.187300333 -5.80041438720 3.24339935592 3.87177309605
2024-03-21T09:54:00.000000 -3702.975737900 1039.604263207 -5512.477877677 -5.52312413203 3.16935662272 4.31536372070
2024-03-21T09:55:00.000000 -4025.386656760 1227.169262412 -5240.745679498 -5.21965515111 3.08034648228 4.73885591733
2024-03-21T09:56:00.000000 -4328.838425601 1408.954399236 -4944.257475131 -4.89139369319 2.97676654704 5.14023585596
2024-03-21T09:57:00.000000 -4611.888116124 1584.099137499 -4624.398072362 -4.53984679191 2.85908333375 5.51758460299
2024-03-21T09:58:00.000000 -4873.186671161 1751.772964379 -4282.664289047 -4.16663511174 2.72783055985 5.86908874336
2024-03-21T09:59:00.000000 -5111.485562258 1911.179360210 -3920.658404438 -3.77348845347 2.58360774705 6.19304795701
2024-03-21T10:00:00.000000 -5325.643170711 2061.559747098 -3540.081045390 -3.36223915063 2.42707958459 6.48788617043
2024-03-21T10:01:00.000000 -5514.630655940 2202.197264661 -3142.723409456 -2.93481247137 2.25897108662 6.75216172934
2024-03-21T10:02:00.000000 -5677.537273505 2332.420292211 -2730.459021886 -2.49321873318 2.08006522964 6.98457308110
2024-03-21T10:03:00.000000 -5813.575251838 2451.605905301 -2305.235050805 -2.03954419783 1.89120159147 7.18396913009
2024-03-21T10:04:00.000000 -5922.083873459 2559.183052246 -1869.063049365 -1.57593682342 1.69326793667 7.34935430402
2024-03-21T10:05:00.000000 -6002.533192825 2654.635300265 -1424.009569941 -1.10460689377 1.48719800199 7.47989354902
2024-03-21T10:06:00.000000 -6054.527305810 2737.503659246 -972.186096405 -0.62780818873 1.27397165410 7.57492491237
2024-03-21T10:07:00.000000 -6077.806427554 2807.389103040 -515.738606840 -0.14782257492 1.05460647579 7.63396079401
2024-03-21T10:08:00.000000 -6072.248252627 2863.954599842 -56.837095770 0.33305069819 0.83015044362 7.65668778115
2024-03-21T10:09:00.000000 -6037.868793732 2906.926831865 402.334874849 0.81250153920 0.60167890527 7.64296823927
2024-03-21T10:10:00.000000 -5974.822690295 2936.097694239 859.590919411 1.28822184058 0.37028916826 7.59284606669
2024-03-21T10:11:00.000000 -5883.402628614 2951.325409267 1312.752734932 1.75792033838 0.13709354937 7.50654643540
2024-03-21T10:12:00.000000 -5764.037958645 2952.535220813 1759.660896255 2.21933469600 -0.09678685756 7.38447297308
2024-03-21T10:13:00.000000 -5617.292626230 2939.719800436 2198.185517243 2.67024279042 -0.33022665972 7.22720654885
2024-03-21T10:14:00.000000 -5443.862386141 2912.939297316 2626.236800342 3.10847479203 -0.56210296236 7.03550181528
2024-03-21T10:15:00.000000 -5244.571351874 2872.321007440 3041.775380799 3.53192446674 -0.79130162863 6.81028467720
2024-03-21T10:16:00.000000 -5020.367734136 2818.058668235 3442.822367695 3.93856260276 -1.01672260784 6.55264322361
2024-03-21T10:17:00.000000 -4772.319055186 2750.411472563 3827.468903663 4.32644313804 -1.23728557858 6.26382346299
2024-03-21T10:18:00.000000 -4501.606816607 2669.702665148 4193.885447455 4.69371425106 -1.45193625512 5.94522182906
2024-03-21T10:19:00.000000 -4209.520550050 2576.317860033 4540.330591879 5.03862876484 -1.65965120804 5.59837791408
2024-03-21T10:20:00.000000 -3897.451286514 2470.703013600 4865.159284182 5.35955117591 -1.85944280570 5.22496242772
2024-03-21T10:21:00.000000 -3566.884699240 2353.362203336 5166.830457233 5.65496315161 -2.05036179585 4.82676971753
2024-03-21T10:22:00.000000 -3219.393892969 2224.855194659 5443.914293325 5.92347037564 -2.23150272675 4.40571259335
2024-03-21T10:23:00.000000 -2856.631658330 2085.794571520 5695.098979055 6.16381193971 -2.40201058395 3.96380914128
2024-03-21T10:24:00.000000 -2480.322366093 1936.842665926 5919.196641657 6.37486274733 -2.56108327948 3.50317108238
2024-03-21T10:25:00.000000 -2092.253778583 1778.708242575 6115.148714450 6.55563604257 -2.70797465197 3.02599591458
2024-03-21T10:26:00.000000 -1694.268479249 1612.143153920 6282.030852605 6.70529245516 -2.84199579261 2.53455784526
2024-03-21T10:27:00.000000 -1288.254896800 1437.938712497 6419.057071956 6.82314315270 -2.96252085764 2.03119214191
2024-03-21T10:28:00.000000 -876.138314659 1256.921839468 6525.583003217 6.90864809694 -3.06898863040 1.51828251092
2024-03-21T10:29:00.000000 -459.871962104 1069.951203280 6601.108597142 6.96141650962 -3.16090247450 0.99825521442
2024-03-21T10:30:00.000000 -41.427881694 877.913202780 6645.280410031 6.98121237940 -3.23783552491 0.47356748314
2024-03-21T10:31:00.000000 377.212270598 681.717751555 6657.892968733 6.96795076696 -3.29943042792 -0.05330622637
2024-03-21T10:32:00.000000 794.066324830 482.294093427 6638.889651410 6.92170008052 -3.34540066727 -0.57988059491
2024-03-21T10:33:00.000000 1207.160842242 280.586495993 6588.362951275 6.84268252780 -3.37553209632 -1.10367258520
2024-03-21T10:34:00.000000 1614.540279061 77.549882862 6506.554009285 6.73127246389 -3.38968393697 -1.62221214233
2024-03-21T10:35:00.000000 2014.276065180 -125.854599040 6393.851456492 6.58799370670 -3.38778932391 -2.13305462295
2024-03-21T10:36:00.000000 2404.475484648 -328.663976918 6250.789674718 6.41351797032 -3.36985437051 -2.63378753097
2024-03-21T10:37:00.000000 2783.290588742 -529.917926309 6078.046550599 6.20866538234 -3.33596206906 -3.12204262520
2024-03-21T10:38:00.000000 3148.926953109 -728.663396096 5876.440321389 5.97439837007 -3.28627064237 -3.59551163890
2024-03-21T10:39:00.000000 3499.652005762 -923.958974604 5646.925816392 5.71181665892 -3.22101032102 -4.05195020546
2024-03-21T10:40:00.000000 3833.803311738 -1114.879312734 5390.590305028 5.42215710022 -3.14048632194 -4.48919144069
2024-03-21T10:41:00.000000 4149.796478629 -1300.519556852 5108.648382095 5.10678275035 -3.04507588789 -4.90515875231
2024-03-21T10:42:00.000000 4446.132594199 -1479.999614460 4802.436431690 4.76717985643 -2.93522748981 -5.29787087074
2024-03-21T10:43:00.000000 4721.405497638 -1652.468430357 4473.406540910 4.40495250969 -2.81146016944 -5.66545374523
2024-03-21T10:44:00.000000 4974.308644454 -1817.108142677 4123.119809063 4.02181623639 -2.67436027009 -6.00614946887
2024-03-21T10:45:00.000000 5203.641616503 -1973.137947205 3753.239044336 3.61959135702 -2.52457675269 -6.31832771166
2024-03-21T10:46:00.000000 5408.316024093 -2119.817898776 3365.520860226 3.20019063549 -2.36282244359 -6.60049182665
2024-03-21T10:47:00.000000 5587.361017340 -2256.452603274 2961.807467210 2.76561825439 -2.18986802956 -6.85128923877
2024-03-21T10:48:00.000000 5739.928229853 -2382.394498966 2544.017504308 2.31794878509 -2.00653722706 -7.06952400173
2024-03-21T10:49:00.000000 5865.295607544 -2497.047035195 2114.136809647 1.85931797578 -1.81370622398 -7.25415300764
2024-03-21T10:50:00.000000 5962.870969266 -2599.867688761 1674.209001183 1.39191776683 -1.61229877957 -7.40429477130
2024-03-21T10:51:00.000000 6032.195073069 -2690.370649073 1226.325566004 0.91798535807 -1.40328055748 -7.51923584307
2024-03-21T10:52:00.000000 6072.943945659 -2768.129153750 772.615664036 0.43979038882 -1.18765329852 -7.59843435722
2024-03-21T10:53:00.000000 6084.930533076 -2832.777540132 315.235768842 -0.04037366307 -0.96645179545 -7.64152306662
2024-03-21T10:54:00.000000 6068.105722492 -2884.013115749 -143.641139354 -0.52020730042 -0.74073816664 -7.64831895223
2024-03-21T10:55:00.000000 6022.558081197 -2921.597483446 -601.836302966 -0.99742000741 -0.51159329553 -7.61881078411
2024-03-21T10:56:00.000000 5948.513348462 -2945.357630842 -1057.175552868 -1.46973232275 -0.28011472233 -7.55316453180
2024-03-21T10:57:00.000000 5846.333262337 -2955.186710354 -1507.500064305 -1.93489307922 -0.04740922611 -7.45172491037
2024-03-21T10:58:00.000000 5716.513433417 -2951.044392168 -1950.676911512 -2.39069274788 0.18541358904 -7.31500934541
2024-03-21T10:59:00.000000 5559.680587335 -2932.956901120 -2384.609267250 -2.83497169143 0.41724557677 -7.14370341680
2024-03-21T11:00:00.000000 5376.589278257 -2901.016768356 -2807.246440044 -3.26563066944 0.64698573348 -6.93865874344
2024-03-21T11:01:00.000000 5168.117905353 -2855.382217630 -3216.593666958 -3.68064238321 0.87354628308 -6.70088670958
2024-03-21T11:02:00.000000 4935.264130281 -2796.276203793 -3610.721496843 -4.07806022149 1.09585817987 -6.43155212869
2024-03-21T11:03:00.000000 4679.139755721 -2723.985124611 -3987.774807335 -4.45602748400 1.31287663744 -6.13196641285
2024-03-21T11:04:00.000000 4400.965099937 -2638.857211700 -4345.981348560 -4.81278480258 1.52358590719 -5.80357922809
2024-03-21T11:05:00.000000 4102.062949596 -2541.300697165 -4683.659831612 -5.14667738403 1.72700236958 -5.44797198084
2024-03-21T11:06:00.000000 3783.852022125 -2431.781741442 -4999.227605156 -5.45616356860 1.92217946941 -5.06684944288
2024-03-21T11:07:00.000000 3447.839964319 -2310.822092060 -5291.207751262 -5.73982183352 2.10821157953 -4.66202960342
2024-03-21T11:08:00.000000 3095.615987002 -2178.996478426 -5558.235548443 -5.99635502555 2.28423894091 -4.23543264208
2024-03-21T11:09:00.000000 2728.843328565 -2036.929777903 -5799.064378978 -6.22459425569 2.44945004874 -3.78907371352
2024-03-21T11:10:00.000000 2349.251391316 -1885.294040618 -6012.571054645 -6.42350225764 2.60308471923 -3.32505064039
2024-03-21T11:11:00.000000 1958.627824683 -1724.805240659 -6197.760670476 -6.59217666726 2.74443985039 -2.84554034215
2024-03-21T11:12:00.000000 1558.810178167 -1556.219793602 -6353.770928515 -6.72985641157 2.87287018401 -2.35278359837
2024-03-21T11:13:00.000000 1151.677425665 -1380.331086653 -6479.875631380 -6.83592220502 2.98778900016 -1.84907455871
2024-03-21T11:14:00.000000 739.141475016 -1197.965941192 -6575.487591943 -6.90989511125 3.08866880911 -1.33675293150
2024-03-21T11:15:00.000000 323.138583961 -1009.980871792 -6640.161308434 -6.95144410163 3.17504856030 -0.81819814536
2024-03-21T11:16:00.000000 -94.379528635 -817.258080502 -6673.594688446 -6.96038336068 3.24653217856 -0.29580979231
2024-03-21T11:17:00.000000 -511.454237902 -620.701600677 -6675.630145776 -6.93666861463 3.30278854174 0.22799484081
2024-03-21T11:18:00.000000 -926.128680527 -421.233307685 -6646.255574684 -6.88040467655 3.34355469786 0.75078656520
2024-03-21T11:19:00.000000 -1336.456767464 -219.788726486 -6585.604446735 -6.79184387209 3.36863869579 1.27014418380
2024-03-21T11:20:00.000000 -1740.511811552 -17.312791499 -6493.955133761 -6.67138128327 3.37791863674 1.78365956258
2024-03-21T11:21:00.000000 -2136.395195853 185.244337067 -6371.729852999 -6.51955698844 3.37134228919 2.28894843782
2024-03-21T11:22:00.000000 -2522.244911180 386.931471451 -6219.492876097 -6.33705039853 3.34892773572 2.78366094147
2024-03-21T11:23:00.000000 -2896.243846616 586.800640581 -6037.948278705 -6.12467851051 3.31076435189 3.26548798121
2024-03-21T11:24:00.000000 -3256.628046256 783.911406276 -5827.937295330 -5.88339702186 3.25701401878 3.73216846201
2024-03-21T11:25:00.000000 -3601.695099061 977.335219216 -5590.434958088 -5.61430021144 3.18791085595 4.18150674817
2024-03-21T11:26:00.000000 -3929.812110411 1166.159695080 -5326.545775292 -5.31860943829 3.10375918677 4.61138312725
2024-03-21T11:27:00.000000 -4239.423184601 1349.492736854 -5037.499116789 -4.99767069900 3.00493074973 5.01975573122
2024-03-21T11:28:00.000000 -4529.057012984 1526.466661450 -4724.644272173 -4.65295661400 2.89186831401 5.40467258057
2024-03-21T11:29:00.000000 -4797.334182851 1696.242453101 -4389.444566302 -4.28605652367 2.76508423053 5.76428538753
2024-03-21T11:30:00.000000 -5042.973992499 1858.013904771 -4033.470880361 -3.89866967837 2.62515894161 6.09685928465
2024-03-21T11:31:00.000000 -5264.800779735 2011.011529015 -3658.394614405 -3.49259778851 2.47273587339 6.40077954146
2024-03-21T11:32:00.000000 -5461.749929897 2154.506324752 -3265.980171259 -3.06973894870 2.30852054360 6.67456264349
2024-03-21T11:33:00.000000 -5632.873360933 2287.813395385 -2858.076826751 -2.63207810884 2.13327712882 6.91686411605
2024-03-21T11:34:00.000000 -5777.344480538 2410.295379174 -2436.610176759 -2.18167841746 1.94782536765 7.12648568296
2024-03-21T11:35:00.000000 -5894.462611983 2521.365681699 -2003.573163190 -1.72067283487 1.75303741124 7.30238184116
2024-03-21T11:36:00.000000 -5983.656921133 2620.491550682 -1561.016637863 -1.25125380230 1.54983502072 7.44366936874
2024-03-21T11:37:00.000000 -6044.489564145 2707.196865237 -1111.039446943 -0.77566080172 1.33918286677 7.54963230838
2024-03-21T11:38:00.000000 -6076.658247673 2781.064522195 -655.778236834 -0.29617008609 1.12208329148 7.61972727785
2024-03-21T11:39:00.000000 -6079.998012536 2841.738637836 -197.397011416 0.18491831426 0.89957351224 7.65358643427
2024-03-21T11:40:00.000000 -6054.482318960 2888.926411504 261.923539461 0.66529336923 0.67271786174 7.65102156893
2024-03-21T11:41:00.000000 -6000.223268898 2922.399594868 719.996743655 1.14264564924 0.44260353956 7.61202111622
2024-03-21T11:42:00.000000 -5917.471320979 2941.995774160 1174.640622147 1.61467480915 0.21033648139 7.53675424061
2024-03-21T11:43:00.000000 -5806.614263007 2947.619258537 1623.688840566 2.07910679001 -0.02296613129 7.42557256305
2024-03-21T11:44:00.000000 -5668.175164625 2939.241574620 2065.001462118 2.53370737820 -0.25618189940 7.27900330457
2024-03-21T11:45:00.000000 -5502.809795775 2916.901614758 2496.475384936 2.97628900179 -0.48818870561 7.09774722114
2024-03-21T11:46:00.000000 -5311.303486947 2880.705427546 2916.054747550 3.40472287647 -0.71787105205 6.88267768399
2024-03-21T11:47:00.000000 -5094.567185984 2830.825638565 3321.741154895 3.81695288248 -0.94412659049 6.63483568336
2024-03-21T11:48:00.000000 -4853.632726810 2767.500450525 3711.603443242 4.21100662710 -1.16587214510 6.35541956268
2024-03-21T11:49:00.000000 -4589.647612073 2691.032414214 4083.786935607 4.58500267583 -1.38204701740 6.04577996735
2024-03-21T11:50:00.000000 -4303.869226404 2601.786859365 4436.522365910 4.93716086341 -1.59162045768 5.70741103680
2024-03-21T11:51:00.000000 -3997.658666648 2500.189973784 4768.134224089 5.26580591789 -1.79359461795 5.34194456630
2024-03-21T11:52:00.000000 -3672.473920721 2386.726673544 5077.048820118 5.56938383049 -1.98701150817 4.95113771256
2024-03-21T11:53:00.000000 -3329.862825157 2261.938127413 5361.801448383 5.84645589751 -2.17095337766 4.53686917677
2024-03-21T11:54:00.000000 -2971.455432477 2126.419211723 5621.043594565 6.09572120857 -2.34454975982 4.10112764863
2024-03-21T11:55:00.000000 -2598.955872041 1980.815469686 5853.548948675 6.31601170134 -2.50698231288 3.64599807660
2024-03-21T11:56:00.000000 -2214.134180717 1825.819923048 6058.219013768 6.50629941175 -2.65748737888 3.17365375582
2024-03-21T11:57:00.000000 -1818.817758085 1662.169685176 6234.088089119 6.66570120711 -2.79535938910 2.68634602560
2024-03-21T11:58:00.000000 -1414.882561442 1490.642390507 6380.327551221 6.79348171918 -2.91995384345 2.18639070992
2024-03-21T11:59:00.000000 -1004.244210420 1312.052434517 6496.249359813 6.88905422786 -3.03068987540 1.67615615739
2024-03-21T12:00:00.000000 -588.849071752 1127.247158626 6581.308943984 6.95198104327 -3.12705060024 1.15805550652
2024-03-21T12:01:00.000000 -170.665196826 937.102875806 6635.107646821 6.98197731523 -3.20858792977 0.63453695071
2024-03-21T12:02:00.000000 248.326851291 742.520696299 6657.394425890 6.97891094053 -3.27492310520 0.10807117408
2024-03-21T12:03:00.000000 666.143192683 544.422376198 6648.066901840 6.94280350487 -3.32574705147 -0.41885893421
2024-03-21T12:04:00.000000 1080.805837301 343.746063741 6607.171749728 6.87382949113 -3.36082277606 -0.94376955147
2024-03-21T12:05:00.000000 1490.351831716 141.441943945 6534.904439427 6.77231547141 -3.37998584295 -1.46418647422
2024-03-21T12:06:00.000000 1892.842345778 -61.532123333 6431.608383881 6.63873892815 -3.38314584601 -1.97765402910
2024-03-21T12:07:00.000000 2286.371667585 -264.215176053 6297.773453089 6.47372562956 -3.37028915727 -2.48174802787
2024-03-21T12:08:00.000000 2669.076075787 -465.647623045 6134.033780845 6.27804981370 -3.34147494690 -2.97408595293
2024-03-21T12:09:00.000000 3039.142654332 -664.875608724 5941.164870346 6.05262928189 -3.29683518211 -3.45233906679
2024-03-21T12:10:00.000000 3394.817816881 -860.955426295 5720.080206907 5.79852450749 -3.23657704969 -3.91423935939
2024-03-21T12:11:00.000000 3734.415729924 -1052.958091920 5471.827035444 5.51693082529 -3.16098309094 -4.35759784874
2024-03-21T12:12:00.000000 4056.326141308 -1239.973712332 5197.581493804 5.20917258027 -3.07040736567 -4.78030815628
2024-03-21T12:13:00.000000 4359.022063028 -1421.115814727 4898.643319170 4.87669951865 -2.96527579601 -5.18035867328
2024-03-21T12:14:00.000000 4641.067101962 -1595.525527415 4576.429910957 4.52108122670 -2.84608252453 -5.55584006124
2024-03-21T12:15:00.000000 4901.122536825 -1762.375700041 4232.469897952 4.14400272723 -2.71339056469 -5.90495642150
2024-03-21T12:16:00.000000 5137.953968258 -1920.874948704 3868.395946168 3.74725465744 -2.56782838533 -6.22603682835
2024-03-21T12:17:00.000000 5350.437444717 -2070.271491248 3485.937036527 3.33272664118 -2.41008740579 -6.51754422472
2024-03-21T12:18:00.000000 5537.564986132 -2209.856838544 3086.910059730 2.90239234738 -2.24091834852 -6.77808541108
2024-03-21T12:19:00.000000 5698.449389530 -2338.969224120 2673.211165069 2.45830355536 -2.06112764374 -7.00641296659
2024-03-21T12:20:00.000000 5832.328692361 -2456.996872834 2246.806709514 2.00258053609 -1.87157425011 -7.20143538531
2024-03-21T12:21:00.000000 5938.569888232 -2563.380962965 1809.723819311 1.53740117710 -1.67316401254 -7.36221840254
2024-03-21T12:22:00.000000 6016.672301763 -2657.618461458 1364.040726597 1.06499610072 -1.46685029371 -7.48799614851
2024-03-21T12:23:00.000000 6066.270117794 -2739.264720122 911.876284032 0.58762658522 -1.25362369500 -7.57817931583
2024-03-21T12:24:00.000000 6087.133836105 -2807.935458083 455.379629326 0.10757497859 -1.03450578479 -7.63234726228
2024-03-21T12:25:00.000000 6079.171473074 -2863.308597544 -3.280038146 -0.37285867353 -0.81054789936 -7.65025383644
2024-03-21T12:26:00.000000 6042.429197527 -2905.125925229 -461.924217539 -0.85137296830 -0.58282640093 -7.63183575011
2024-03-21T12:27:00.000000 5977.090799740 -2933.194316642 -918.376029061 -1.32568375105 -0.35243281447 -7.57720852968
2024-03-21T12:28:00.000000 5883.476453006 -2947.386426688 -1370.470742581 -1.79353050638 -0.12046754105 -7.48666212479
2024-03-21T12:29:00.000000 5762.040943674 -2947.641099038 -1816.066254220 -2.25268853768 0.11196373555 -7.36065994097
2024-03-21T12:30:00.000000 5613.371213741 -2933.963621013 -2253.053387492 -2.70097920909 0.34375310436 -7.19983588366
2024-03-21T12:31:00.000000 5438.183271272 -2906.425614154 -2679.366042085 -3.13628061716 0.57379854207 -7.00499149919
2024-03-21T12:32:00.000000 5237.318419943 -2865.164466114 -3092.991160336 -3.55654059130 0.80101101434 -6.77709178451
2024-03-21T12:33:00.000000 5011.738755377 -2810.382413058 -3491.978206209 -3.95978559640 1.02431804614 -6.51725452609
2024-03-21T12:34:00.000000 4762.522284603 -2742.345494489 -3874.448211211 -4.34412718488 1.24266641456 -6.22674751899
2024-03-21T12:35:00.000000 4490.857436929 -2661.382128982 -4238.602652478 -4.70777495425 1.45503155928 -5.90698206834
2024-03-21T12:36:00.000000 4198.036975857 -2567.881233729 -4582.731669380 -5.04904219566 1.66042156926 -5.55950130119
2024-03-21T12:37:00.000000 3885.451567956 -2462.290187258 -4905.221788597 -5.36635364454 1.85788069514 -5.18597332114
2024-03-21T12:38:00.000000 3554.582893532 -2345.112482633 -5204.563083434 -5.65825120528 2.04649451089 -4.78817966336
2024-03-21T12:39:00.000000 3206.996551653 -2216.905229978 -5479.355733203 -5.92339675976 2.22539076972 -4.36800832456
2024-03-21T12:40:00.000000 2844.334642945 -2078.276496445 -5728.316152448 -6.16057852350 2.39374332352 -3.92744385187
2024-03-21T12:41:00.000000 2468.308131591 -1929.882469377 -5950.282612991 -6.36871461889 2.55077573173 -3.46856272241
2024-03-21T12:42:00.000000 2080.688800894 -1772.424287144 -6144.220429314 -6.54685994747 2.69576628966 -2.99352141687
2024-03-21T12:43:00.000000 1683.300918000 -1606.644646006 -6309.226445805 -6.69421103608 2.82805226972 -2.50454502144
2024-03-21T12:44:00.000000 1278.012701001 -1433.324203376 -6444.532663516 -6.81010535394 2.94703063459 -2.00391197577
2024-03-21T12:45:00.000000 866.727968389 -1253.278065239 -6549.509311695 -6.89402014113 3.05215653442 -1.49395162244
2024-03-21T12:46:00.000000 451.377456170 -1067.352103445 -6623.667662700 -6.94558105247 3.14295032170 -0.97703221796
2024-03-21T12:47:00.000000 33.910049763 -876.419015593 -6666.661825739 -6.96455627460 3.21899680040 -0.45554610839
2024-03-21T12:48:00.000000 -383.715708846 -681.374498576 -6678.290169314 -6.95085719984 3.27994496164 0.06809099454
2024-03-21T12:49:00.000000 -799.540466014 -483.133305098 -6658.496410858 -6.90454553213 3.32551119618 0.59145309108
2024-03-21T12:50:00.000000 -1211.612973250 -282.625130574 -6607.369742977 -6.82582870358 3.35548096661 1.11211822339
2024-03-21T12:51:00.000000 -1617.998735011 -80.790469275 -6525.144424104 -6.71505793615 3.36970905330 1.62767397698
2024-03-21T12:52:00.000000 -2016.788664912 121.423573039 -6412.198930231 -6.57272874840 3.36812039751 2.13572751599
2024-03-21T12:53:00.000000 -2406.107655113 323.067531447 -6269.054459894 -6.39947786989 3.35071179482 2.63391560154
2024-03-21T12:54:00.000000 -2784.123023377 523.193904180 -6096.372843947 -6.19608218583 3.31755128282 3.11991590262
2024-03-21T12:55:00.000000 -3149.052797405 720.861360083 -5894.953829121 -5.96345502639 3.26877693461 3.59145421474
2024-03-21T12:56:00.000000 -3499.173903327 915.139017369 -5665.731983340 -5.70264623911 3.20459897845 4.04631258838
2024-03-21T12:57:00.000000 -3832.830314906 1105.110739108 -5409.772953890 -5.41484018487 3.12529847861 4.48234186693
2024-03-21T12:58:00.000000 -4148.440966611 1289.879376522 -5128.268973391 -5.10135030783 3.03122741602 4.89747350832
2024-03-21T12:59:00.000000 -4444.507337786 1468.571013891 -4822.533700873 -4.76361371524 2.92280787665 5.28973006900
2024-03-21T13:00:00.000000 -4719.620706138 1640.339113052 -4493.996468310 -4.40318534602 2.80053004255 5.65723509382
2024-03-21T13:01:00.000000 -4972.468971026 1804.368531378 -4144.195958907 -4.02173015193 2.66495004252 5.99822060282
2024-03-21T13:02:00.000000 -5201.843135448 1959.879458421 -3774.773519687 -3.62101899597 2.51668926503 6.31103401025
2024-03-21T13:03:00.000000 -5406.643496465 2106.131306235 -3387.465917942 -3.20292285524 2.35643347216 6.59415007108
2024-03-21T13:04:00.000000 -5585.885320751 2242.426423471 -2984.097295875 -2.76940175016 2.18492713115 6.84618188104
2024-03-21T13:05:00.000000 -5738.703980153 2368.113552364 -2566.570697791 -2.32249650879 2.00297191876 7.06588819806
2024-03-21T13:06:00.000000 -5864.359376288 2482.591101285 -2136.859183844 -1.86431731436 1.81142086269 7.25217624915
2024-03-21T13:07:00.000000 -5962.240085661 2585.310191109 -1696.996715577 -1.39704108451 1.61117804740 7.40411162343
2024-03-21T13:08:00.000000 -6031.866851028 2675.777586562 -1249.068274984 -0.92289340544 1.40319247926 7.52092811224
2024-03-21T13:09:00.000000 -6072.895156209 2753.558172004 -795.199823850 -0.44413981209 1.18845235585 7.60202659345
2024-03-21T13:10:00.000000 -6085.117384560 2818.277260123 -337.548024194 0.03692530790 0.96798290431 7.64698363548
2024-03-21T13:11:00.000000 -6068.464140583 2869.622676787 121.710323126 0.51798954072 0.74284185866 7.65555267682
2024-03-21T13:12:00.000000 -6023.004928741 2907.346422688 580.389161215 0.99673932700 0.51410849916 7.62767067708
2024-03-21T13:13:00.000000 -5948.947834915 2931.265781578 1036.303954872 1.47086929689 0.28287981290 7.56345223932
2024-03-21T13:14:00.000000 -5846.638715434 2941.264308723 1487.282504311 1.93809523677 0.05026673875 7.46319353222
2024-03-21T13:15:00.000000 -5716.559528172 2937.292459694 1931.175750606 2.39616669179 -0.18261274744 7.32736923115
2024-03-21T13:16:00.000000 -5559.325916317 2919.367851946 2365.868373002 2.84287983051 -0.41463874310 7.15662877158
2024-03-21T13:17:00.000000 -5375.684081702 2887.575189590 2789.289195660 3.27608847464 -0.64469617171 6.95179334560
2024-03-21T13:18:00.000000 -5166.507043836 2842.065781780 3199.421315792 3.69371265103 -0.87168053400 6.71385055385
2024-03-21T13:19:00.000000 -4932.790306271 2783.056789886 3594.312030109 4.09375266175 -1.09450260360 6.44395105682
2024-03-21T13:20:00.000000 -4675.646711555 2710.830036566 3972.082230270 4.47429630122 -1.31209692457 6.14339620941
2024-03-21T13:21:00.000000 -4396.301104207 2625.730562543 4330.935447618 4.83352607548 -1.52342238476 5.81363943377
2024-03-21T13:22:00.000000 -4096.084073652 2528.164878223 4669.166672687 5.16973486796 -1.72747257929 5.45627255788
2024-03-21T13:23:00.000000 -3776.425335094 2418.598791928 4985.170320430 5.48132727995 -1.92327725649 5.07301802188
2024-03-21T13:24:00.000000 -3438.846632283 2297.555130670 5277.447883923 5.76683214318 -2.10990728519 4.66571977330
2024-03-21T13:25:00.000000 -3084.954195491 2165.611092257 5544.614858486 6.02490557119 -2.28648021344 4.23633293201
2024-03-21T13:26:00.000000 -2716.430895028 2023.395355095 5785.407116048 6.25433719905 -2.45216242130 3.78691333468
2024-03-21T13:27:00.000000 -2335.028054566 1871.585060754 5998.686736913 6.45405764768 -2.60617372795 3.31961007776
2024-03-21T13:28:00.000000 -1942.556776411 1710.902379458 6183.447067932 6.62314250656 -2.74779330552 2.83664622479
2024-03-21T13:29:00.000000 -1540.879494087 1542.110998759 6338.816851253 6.76080538190 -2.87635819471 2.34031297706
2024-03-21T13:30:00.000000 -1131.901422814 1366.012550694 6464.064344053 6.86640888896 -2.99126766458 1.83296706911
2024-03-21T13:31:00.000000 -717.561383091 1183.442722468 6558.600659865 6.93946954665 -3.09198705371 1.31701052656
2024-03-21T13:32:00.000000 -299.822684556 995.267342931 6621.982150217 6.97965499059 -3.17804680669 0.79488187174
2024-03-21T13:33:00.000000 119.336026592 802.378370405 6653.912314565 6.98678606499 -3.24904563931 0.26904534824
2024-03-21T13:34:00.000000 537.929921016 605.689763660 6654.243043261 6.96083609791 -3.30465201821 -0.25801845182
2024-03-21T13:35:00.000000 953.977165693 406.133217826 6622.975274413 6.90193154999 -3.34460627231 -0.78382373328
2024-03-21T13:36:00.000000 1365.508095540 204.653848300 6560.259017693 6.81035183918 -3.36872137834 -1.30588849212
2024-03-21T13:37:00.000000 1770.574477798 2.205683139 6466.392710936 6.68653114722 -3.37688707588 -1.82175157120
2024-03-21T13:38:00.000000 2167.258475400 -200.252752873 6341.821510334 6.53104784826 -3.36906303846 -2.32898161527
2024-03-21T13:39:00.000000 2553.681446276 -401.762734787 6187.135587583 6.34463064449 -3.34528410632 -2.82517972388
2024-03-21T13:40:00.000000 2928.012884949 -601.369908958 6003.067615922 6.12815486492 -3.30566089204 -3.30799647050
2024-03-21T13:41:00.000000 3288.479123182 -798.128812144 5790.489396544 5.88263823513 -3.25037851597 -3.77514623922
2024-03-21T13:42:00.000000 3633.371633181 -991.107235304 5550.407747363 5.60923399783 -3.17969390310 -4.22441465644
2024-03-21T13:43:00.000000 3961.055080189 -1179.390612626 5283.960033798 5.30922803398 -3.09393829400 -4.65366628384
2024-03-21T13:44:00.000000 4269.975188015 -1362.086442118 4992.409066726 4.98403542050 -2.99351553535 -5.06085776987
2024-03-21T13:45:00.000000 4558.666203992 -1538.328541133 4677.137188903 4.63519055864 -2.87889825939 -5.44404843266
2024-03-21T13:46:00.000000 4825.757986841 -1707.281101768 4339.639986483 4.26434586862 -2.75062669351 -5.80140672487
2024-03-21T13:47:00.000000 5069.982850802 -1868.142771744 3981.519255170 3.87326144022 -2.60930855589 -6.13122559202
2024-03-21T13:48:00.000000 5290.181634984 -2020.150572909 3604.475360101 3.46379393154 -2.45561467152 -6.43192680660
2024-03-21T13:49:00.000000 5485.309396302 -2162.583612275 3210.299317263 3.03789281579 -2.29027672579 -6.70206904069
2024-03-21T13:50:00.000000 5654.440682242 -2294.766647257 2800.864235609 2.59758960855 -2.11408393488 -6.94035835720
2024-03-21T13:51:00.000000 5796.774129156 -2416.073404719 2378.116284627 2.14498740905 -1.92787875788 -7.14565444908
2024-03-21T13:52:00.000000 5911.636439924 -2525.929643519 1944.065289813 1.68225032105 -1.73255230025 -7.31697663272
2024-03-21T13:53:00.000000 5998.485748241 -2623.815945379 1500.774992337 1.21159350882 -1.52904050988 -7.45350943329
2024-03-21T13:54:00.000000 6056.914313729 -2709.270314794 1050.352937893 0.73527015472 -1.31832030874 -7.55460906203
2024-03-21T13:55:00.000000 6086.650362496 -2781.890384461 594.940102744 0.25555731497 -1.10140108808 -7.61980422275
2024-03-21T13:56:00.000000 6087.559329510 -2841.335206774 136.700657610 -0.22524859406 -0.87932090126 -7.64879425986
2024-03-21T13:57:00.000000 6059.644718836 -2887.326967500 -322.188573868 -0.70484526234 -0.65314516608 -7.64145856334
2024-03-21T13:58:00.000000 6003.047972977 -2919.652418938 -779.548931321 -1.18093910762 -0.42395931121 -7.59785686596
2024-03-21T13:59:00.000000 5918.047495186 -2938.163800813 -1233.210700153 -1.65126039675 -0.19285960819 -7.51822600531
2024-03-21T14:00:00.000000 5805.056975978 -2942.779372134 -1681.023545542 -2.11357066011 0.03905011398 -7.40297547634
2024-03-21T14:01:00.000000 5664.623196991 -2933.483691824 -2120.866874141 -2.56567365197 0.27066472142 -7.25268657340
2024-03-21T14:02:00.000000 5497.423193024 -2910.327542584 -2550.660085791 -3.00542600614 0.50088276673 -7.06811080564
2024-03-21T14:03:00.000000 5304.260686193 -2873.427532250 -2968.372666936 -3.43075041978 0.72861272749 -6.85016489143
2024-03-21T14:04:00.000000 5086.061786152 -2822.965314416 -3372.033823989 -3.83964554255 0.95277838280 -6.59992173130
2024-03-21T14:05:00.000000 4843.870187796 -2759.186564485 -3759.741735229 -4.23019546182 1.17232295645 -6.31860628382
2024-03-21T14:06:00.000000 4578.841738955 -2682.399637351 -4129.672393505 -4.60057831496 1.38621465196 -6.00758627003
2024-03-21T14:07:00.000000 4292.238618697 -2592.973920911 -4480.088017278 -4.94907344371 1.59345180190 -5.66836690045
2024-03-21T14:08:00.000000 3985.422970252 -2491.337853180 -4809.344987041 -5.27407011288 1.79306872986 -5.30257973526
2024-03-21T14:09:00.000000 3659.850192651 -2377.976607635 -5115.901133924 -5.57407138637 1.98414031227 -4.91197361027
2024-03-21T14:10:00.000000 3317.061932827 -2253.429627662 -5398.322537207 -5.84770051445 2.16578282013 -4.49840668816
2024-03-21T14:11:00.000000 2958.678663613 -2118.288040015 -5655.289826083 -6.09370724279 2.33715842822 -4.06383725977
2024-03-21T14:12:00.000000 2586.392027991 -1973.191768039 -5885.603884326 -6.31097029411 2.49747814520 -3.61031446297
2024-03-21T14:13:00.000000 2201.956905353 -1818.826570566 -6088.191093425 -6.49850411413 2.64600435637 -3.13997050710
2024-03-21T14:14:00.000000 1807.183151154 -1655.920776558 -6262.107926661 -6.65546179397 2.78205591993 -2.65500768141
2024-03-21T14:15:00.000000 1403.927241216 -1485.241863853 -6406.544871874 -6.78113667149 2.90500935792 -2.15768943362
2024-03-21T14:16:00.000000 994.083787809 -1307.592909327 -6520.829816790 -6.87496441714 3.01430209125 -1.65033047900
2024-03-21T14:17:00.000000 579.576972560 -1123.808849082 -6604.430818704 -6.93652390853 3.10943520670 -1.13528697561
2024-03-21T14:18:00.000000 162.351921858 -934.752603320 -6656.958302149 -6.96553813496 3.18997453310 -0.61494670838
2024-03-21T14:19:00.000000 -255.633981506 -741.311215509 -6678.166692015 -6.96187619517 3.25555055850 -0.09172018585
2024-03-21T14:20:00.000000 -672.419931222 -544.391909588 -6667.955413899 -6.92555448088 3.30586007770 0.43197180630
2024-03-21T14:21:00.000000 -1086.050442089 -344.918129395 -6626.369233250 -6.85673382180 3.34066576289 0.95370602625
2024-03-21T14:22:00.000000 -1494.584052384 -143.825497005 -6553.598237137 -6.75572120133 3.35980005637 1.47106353162
2024-03-21T14:23:00.000000 -1896.102105802 57.942532276 -6449.977155411 -6.62296910796 3.36316924021 1.98164484699
2024-03-21T14:24:00.000000 -2288.717298987 259.438938577 -6315.983784993 -6.45906937374 3.35074706278 2.48308064195
2024-03-21T14:25:00.000000 -2670.582020277 459.717152237 -6152.237194315 -6.26475399686 3.32257603100 2.97303205476
2024-03-21T14:26:00.000000 -3039.896894451 657.835366196 -5959.495559897 -6.04089893917 3.27877255509 3.44920460846
2024-03-21T14:27:00.000000 -3394.919247336 852.860924562 -5738.652906367 -5.78851582971 3.21952467791 3.90936586605
2024-03-21T14:28:00.000000 -3733.970974690 1043.874556614 -5490.735316596 -5.50874621526 3.14509064886 4.35134668898
2024-03-21T14:29:00.000000 -4055.446452889 1229.974620257 -5216.896858557 -5.20286383099 3.05579987372 4.77305264829
2024-03-21T14:30:00.000000 -4357.820299569 1410.281356511 -4918.414710625 -4.87226875024 2.95205214500 5.17247622741
2024-03-21T14:31:00.000000 -4639.654791921 1583.941065818 -4596.683630493 -4.51848186959 2.83431603366 5.54770740243
2024-03-21T14:32:00.000000 -4899.606917374 1750.130182635 -4253.209807663 -4.14313824908 2.70312721513 5.89694324583
2024-03-21T14:33:00.000000 -5136.435041176 1908.059263788 -3889.604147659 -3.74798086305 2.55908711723 6.21849820648
2024-03-21T14:34:00.000000 -5349.005060585 2056.976829660 -3507.574878114 -3.33484850547 2.40285858284 6.51081424897
2024-03-21T14:35:00.000000 -5536.295919566 2196.172926460 -3108.919945077 -2.90567190268 2.23516364312 6.77245994263
2024-03-21T14:36:00.000000 -5697.405119859 2324.982720105 -2695.518964311 -2.46246940579 2.05678322018 7.00214658123
2024-03-21T14:37:00.000000 -5831.553555849 2442.789877045 -2269.324432385 -2.00733449145 1.86855269034 7.19873459873
2024-03-21T14:38:00.000000 -5938.089770327 2549.029753778 -1832.352535133 -1.54242683608 1.67135940363 7.36124216261
2024-03-21T14:39:00.000000 -6016.493502717 2643.192435568 -1386.673406428 -1.06995702933 1.46613886450 7.48885347871
2024-03-21T14:40:00.000000 -6066.378381842 2724.825329626 -934.401102620 -0.59217615540 1.25386494247 7.58092102208
2024-03-21T14:41:00.000000 -6087.494028552 2793.535304721 -477.683537583 -0.11136625192 1.03554622584 7.63696207457
2024-03-21T14:42:00.000000 -6079.728013511 2848.990858567 -18.692397251 0.37015965957 0.81222738432 7.65667182256
2024-03-21T14:43:00.000000 -6043.106923633 2890.923981528 440.387903429 0.85008286432 0.58497888175 7.63992880011
2024-03-21T14:44:00.000000 -5977.796445433 2919.131592456 897.371113512 1.32608833049 0.35489410720 7.58679471599
2024-03-21T14:45:00.000000 -5884.100516763 2933.476678605 1350.080203855 1.79588488547 0.12307998012 7.49751324172
2024-03-21T14:46:00.000000 -5762.459707627 2933.888914141 1796.358048299 2.25721049314 -0.10934790812 7.37250488821
2024-03-21T14:47:00.000000 -5613.449100630 2920.365017037 2234.078092109 2.70784582157 -0.34127158747 7.21236734669
2024-03-21T14:48:00.000000 -5437.775362209 2892.968701745 2661.154822442 3.14562559114 -0.57157661001 7.01787010001
2024-03-21T14:49:00.000000 -5236.273216055 2851.830328911 3075.553947933 3.56844849461 -0.79915688175 6.78995039900
2024-03-21T14:50:00.000000 -5009.901283521 2797.146206496 3475.302317664 3.97428728568 -1.02292125307 6.52970845239
2024-03-21T14:51:00.000000 -4759.737302455 2729.177546226 3858.497585277 4.36120109179 -1.24179817936 6.23840244022
2024-03-21T14:52:00.000000 -4486.972671280 2648.249091884 4223.317352790 4.72734250813 -1.45474270815 5.91743849761
2024-03-21T14:53:00.000000 -4192.906573378 2554.747398133 4568.027978140 5.07096920941 -1.66073953371 5.56836752174
2024-03-21T14:54:00.000000 -3878.939280874 2449.118955765 4890.992878869 5.39045405551 -1.85880736710 5.19287182939
2024-03-21T14:55:00.000000 -3546.565203442 2331.867927658 5190.680118501 5.68428719160 -2.04800594061 4.79275601294
2024-03-21T14:56:00.000000 -3197.365658592 2203.553578331 5465.669518876 5.95108260606 -2.22743943285 4.36993973363
2024-03-21T14:57:00.000000 -2833.001220284 2064.787454914 5714.659365555 6.18958644924 -2.39626173791 3.92645033891
2024-03-21T14:58:00.000000 -2455.203465304 1916.230309668 5936.472406142 6.39868572513 -2.55367886398 3.46440615281
2024-03-21T14:59:00.000000 -2065.766620322 1758.588904138 6130.060973411 6.57740544516 -2.69895226887 2.98600779609
2024-03-21T15:00:00.000000 -1666.539135439 1592.612566140 6294.511696199 6.72491389822 -2.83140121903 2.49352943649
2024-03-21T15:01:00.000000 -1259.414942060 1419.089704617 6429.049672261 6.84052807324 -2.95040510343 1.98931096260
2024-03-21T15:02:00.000000 -846.324354608 1238.843986926 6533.041977239 6.92371788561 -3.05540949545 1.47574212523
2024-03-21T15:03:00.000000 -429.224957978 1052.730366904 6606.000254003 6.97410456639 -3.14592600700 0.95525048342
2024-03-21T15:04:00.000000 -10.092526174 861.631117237 6647.582676327 6.99146035340 -3.22153219472 0.43029169772
2024-03-21T15:05:00.000000 409.088055397 666.451843822 6657.595470372 6.97570987155 -3.28187382813 -0.09665619723
2024-03-21T15:06:00.000000 826.332008463 468.117226435 6635.993901608 6.92693204701 -3.32666957020 -0.62310565505
2024-03-21T15:07:00.000000 1239.663932849 267.566603886 6582.882453523 6.84536087627 -3.35571207388 -1.14657276384
2024-03-21T15:08:00.000000 1647.127057610 65.749645153 6498.514181749 6.73138194931 -3.36886383325 -1.66458975576
2024-03-21T15:09:00.000000 2046.792229693 -136.377946609 6383.289642075 6.58553100774 -3.36606258883 -2.17471011876
2024-03-21T15:10:00.000000 2436.766933841 -337.859029819 6237.755128494 6.40849286636 -3.34732195827 -2.67452411500
2024-03-21T15:11:00.000000 2815.204166622 -537.739463927 6062.600159127 6.20109909651 -3.31272805274 -3.16166922025
2024-03-21T15:12:00.000000 3180.311107009 -735.072523192 5858.654390319 5.96432401568 -3.26244292206 -3.63383833904
2024-03-21T15:13:00.000000 3530.357600205 -928.923477926 5626.883890136 5.69928103778 -3.19670345198 -4.08879345217
2024-03-21T15:14:00.000000 3863.684338279 -1118.374006010 5368.386683684 5.40721748797 -3.11581967536 -4.52437631349
2024-03-21T15:15:00.000000 4178.710667556 -1302.526496986 5084.387600466 5.08950663804 -3.02017115279 -4.93851888530
2024-03-21T15:16:00.000000 4473.942053375 -1480.508174787 4776.232743762 4.74764555659 -2.91020641182 -5.32924865721
2024-03-21T15:17:00.000000 4747.977348677 -1651.475247196 4445.383428301 4.38324905570 -2.78644298539 -5.69469893319
2024-03-21T15:18:00.000000 4999.515757590 -1814.617023954 4093.409552854 3.99804687391 -2.64946626734 -6.03311976609
2024-03-21T15:19:00.000000 5227.363441151 -1969.159880013 3721.982070697 3.59387102444 -2.49992559667 -6.34289419771
2024-03-21T15:20:00.000000 5430.439187886 -2114.370997617 3332.864915739 3.17264330129 -2.33853202663 -6.62254024352
2024-03-21T15:21:00.000000 5607.779655934 -2249.562029074 2927.906671362 2.73636912875 -2.16605553404 -6.87071972773
2024-03-21T15:22:00.000000 5758.544133464 -2374.092430478 2509.031738864 2.28712953435 -1.98331907023 -7.08624501657
2024-03-21T15:23:00.000000 5882.018744172 -2487.372506336 2078.231040172 1.82706889990 -1.79119346152 -7.26808686313
2024-03-21T15:24:00.000000 5977.619961014 -2588.866169400 1637.552541476 1.35838799469 -1.59059573121 -7.41537354365
2024-03-21T15:25:00.000000 6044.897812791 -2678.093761764 1189.091381372 0.88333324332 -1.38248740976 -7.52740731441
2024-03-21T15:26:00.000000 6083.537866268 -2754.634331839 734.979378491 0.40417503155 -1.16786373107 -7.60366088516
2024-03-21T15:27:00.000000 6093.362653619 -2818.127641405 277.374987753 -0.07679062478 -0.94775294588 -7.64377525394
2024-03-21T15:28:00.000000 6074.333072137 -2868.276141876 -181.547251009 -0.55725258364 -0.72321550190 -7.64757550522
2024-03-21T15:29:00.000000 6026.548456976 -2904.846546595 -639.607853579 -1.03490996939 -0.49533055023 -7.61507084420
2024-03-21T15:30:00.000000 5950.245499714 -2927.670599940 -1094.633250425 -1.50748650247 -0.26518562060 -7.54644648019
2024-03-21T15:31:00.000000 5845.796818163 -2936.645621056 -1544.466005235 -1.97272780064 -0.03388120318 -7.44205701638
2024-03-21T15:32:00.000000 5713.709075026 -2931.735372441 -1986.975344902 -2.42842509908 0.19747238781 -7.30243559294
2024-03-21T15:33:00.000000 5554.619867974 -2912.969965315 -2420.067530061 -2.87242135944 0.42777455126 -7.12828248126
2024-03-21T15:34:00.000000 5369.294537787 -2880.445312086 -2841.695813675 -3.30261860676 0.65593290601 -6.92046315917
2024-03-21T15:35:00.000000 5158.622199810 -2834.322485288 -3249.870174329 -3.71699042169 0.88086845407 -6.68000221720
2024-03-21T15:36:00.000000 4923.611144071 -2774.826788254 -3642.666726204 -4.11359253036 1.10152027687 -6.40807852074
2024-03-21T15:37:00.000000 4665.383599151 -2702.246480850 -4018.236747880 -4.49057270501 1.31685155366 -6.10601699822
2024-03-21T15:38:00.000000 4385.169991885 -2616.931206760 -4374.815177026 -4.84617782754 1.52585374883 -5.77528023866
2024-03-21T15:39:00.000000 4084.302776596 -2519.290139395 -4710.728616038 -5.17876080471 1.72755171238 -5.41745958555
2024-03-21T15:40:00.000000 3764.209929512 -2409.789885320 -5024.402855164 -5.48678613644 1.92100689368 -5.03426909842
2024-03-21T15:41:00.000000 3426.407981091 -2288.952131257 -5314.369992605 -5.76883860281 2.10532262830 -4.62753630374
2024-03-21T15:42:00.000000 3072.494635801 -2157.351014364 -5579.274904636 -6.02362839772 2.27964775927 -4.19919122574
2024-03-21T15:43:00.000000 2704.141134607 -2015.610297576 -5817.881092750 -6.24999455473 2.44317974194 -3.75125660991
2024-03-21T15:44:00.000000 2323.084417208 -1864.400360760 -6029.076004478 -6.44690894990 2.59516779451 -3.28583978292
2024-03-21T15:45:00.000000 1931.119002215 -1704.435002116 -6211.875805963 -6.61348092625 2.73491574013 -2.80512211118
2024-03-21T15:46:00.000000 1530.088654859 -1536.468091206 -6365.429502624 -6.74896009577 2.86178469958 -2.31134828228
2024-03-21T15:47:00.000000 1121.877954304 -1361.290066633 -6489.022387619 -6.85273590302 2.97519420918 -1.80681564607
2024-03-21T15:48:00.000000 708.403852844 -1179.724419713 -6582.079103947 -6.92434119766 3.07462424236 -1.29387023294
2024-03-21T15:49:00.000000 291.606947207 -992.623879545 -6644.166158285 -6.96345464852 3.15962040102 -0.77489279232
2024-03-21T15:50:00.000000 -126.557288890 -800.866464919 -6674.993679373 -6.96990209491 3.22979404711 -0.25228770773
2024-03-21T15:51:00.000000 -544.127294284 -605.351565042 -6674.416445149 -6.94365376370 3.28482123971 0.27152890873
2024-03-21T15:52:00.000000 -959.144000734 -406.996064256 -6642.434490062 -6.88482349262 3.32444352871 0.79413156113
2024-03-21T15:53:00.000000 -1369.659646970 -206.730212148 -6579.193407832 -6.79367462277 3.34847448230 1.31309764143
2024-03-21T15:54:00.000000 -1773.746610356 -5.493379864 -6484.983569680 -6.67061336426 3.35679508384 1.82602427668
2024-03-21T15:55:00.000000 -2169.505888410 195.769937947 -6360.238956006 -6.51618847671 3.34935507074 2.33052906022
2024-03-21T15:56:00.000000 -2555.075638829 396.114420473 -6205.535549443 -6.33108901264 3.32617709940 2.82426181613
2024-03-21T15:57:00.000000 -2928.639614882 594.598272278 -6021.589216903 -6.11614657927 3.28735556219 3.30491250034
2024-03-21T15:58:00.000000 -3288.435729475 790.287459610 -5809.252799360 -5.87233336025 3.23305497207 3.77022784452
2024-03-21T15:59:00.000000 -3632.764164185 982.259956257 -5569.512416095 -5.60075195600 3.16351114064 4.21801852161
2024-03-21T16:00:00.000000 -3959.995197100 1169.610022751 -5303.483498805 -5.30263645976 3.07903095160 4.64616582508
2024-03-21T16:01:00.000000 -4268.577022382 1351.452435227 -5012.406153132 -4.97934914187 2.97999129856 5.05263449740
2024-03-21T16:02:00.000000 -4557.043271120 1526.926663672 -4697.639827004 -4.63237462701 2.86683815243 5.43548325852
2024-03-21T16:03:00.000000 -4824.020191607 1695.200967821 -4360.657382046 -4.26331445357 2.74008492069 5.79287479546
2024-03-21T16:04:00.000000 -5068.233443995 1855.476393000 -4003.038548362 -3.87387961536 2.60031074700 6.12308557799
2024-03-21T16:05:00.000000 -5288.514456258 2006.990649357 -3626.462828526 -3.46588339692 2.44815816469 6.42451496156
2024-03-21T16:06:00.000000 -5483.806300283 2149.021823109 -3232.701875256 -3.04123259670 2.28433006135 6.69569273800
2024-03-21T16:07:00.000000 -5653.169122403 2280.891945879 -2823.611492611 -2.60192211397 2.10958837334 6.93528593716
2024-03-21T16:08:00.000000 -5795.785173795 2401.970500810 -2401.123025153 -2.15002484757 1.92475192199 7.14211117484
2024-03-21T16:09:00.000000 -5910.963122041 2511.677618910 -1967.234179662 -1.68768040459 1.73068916885 7.31514034944
2024-03-21T16:10:00.000000 -5998.141793267 2609.486946305 -1523.999571977 -1.21708604895 1.52831515934 7.45350560420
2024-03-21T16:11:00.000000 -6056.893302948 2694.928380566 -1073.520939789 -0.74048562069 1.31858962387 7.55650501413
2024-03-21T16:12:00.000000 -6086.925505875 2767.590637226 -617.936997782 -0.26015785743 1.10251193867 7.62360886104
2024-03-21T16:13:00.000000 -6088.083726401 2827.123388772 -159.413006326 0.22159541297 0.88111409579 7.65446212135
2024-03-21T16:14:00.000000 -6060.351836376 2873.239159111 299.869784646 0.70245977773 0.65545850884 7.64888784636
2024-03-21T16:15:00.000000 -6003.852610854 2905.714952428 757.724953564 1.18012163221 0.42663057985 7.60689059771
2024-03-21T16:16:00.000000 -5918.847320530 2924.393391631 1211.971810933 1.65228043178 0.19573106068 7.52865708535
2024-03-21T16:17:00.000000 -5805.734497906 2929.183431235 1660.446298530 2.11666359777 -0.03613070398 7.41455409395
2024-03-21T16:18:00.000000 -5665.047906801 2920.060751300 2101.011638645 2.57103760709 -0.26784025409 7.26512378050
2024-03-21T16:19:00.000000 -5497.453855113 2897.067929060 2531.568784328 3.01321983425 -0.49828364624 7.08108047732
2024-03-21T16:20:00.000000 -5303.747954993 2860.314164598 2950.066608807 3.44108369079 -0.72635526720 6.86330899558
2024-03-21T16:21:00.000000 -5084.851121006 2809.974527381 3354.512220760 3.85258376645 -0.95096498161 6.61285924491
2024-03-21T16:22:00.000000 -4841.804820604 2746.289333877 3742.979983199 4.24574167252 -1.17102801551 6.33092936449
2024-03-21T16:23:00.000000 -4575.766811556 2669.563211295 4113.621473275 4.61866802346 -1.38548921666 6.01889122247
2024-03-21T16:24:00.000000 -4288.004841481 2580.163154852 4464.675175693 4.96959008421 -1.59332592587 5.67826787708
2024-03-21T16:25:00.000000 -3979.889205232 2478.516241721 4794.474502978 5.29685482827 -1.79355648895 5.31069433268
2024-03-21T16:26:00.000000 -3652.886550010 2365.107496019 5101.454735961 5.59890930294 -1.98523218067 4.91793620326
2024-03-21T16:27:00.000000 -3308.552905166 2240.477718049 5384.160787295 5.87432760689 -2.16744279451 4.50187875179
2024-03-21T16:28:00.000000 -2948.525933648 2105.220937585 5641.254016575 6.12181553632 -2.33932620689 4.06451619606
2024-03-21T16:29:00.000000 -2574.516919520 1959.981350532 5871.518406742 6.34021417726 -2.50007263277 3.60794022041
2024-03-21T16:30:00.000000 -2188.302492240 1805.450090923 6073.866064419 6.52850455096 -2.64892743517 3.13432787286
2024-03-21T16:31:00.000000 -1791.716166191 1642.361897909 6247.342052915 6.68581020869 -2.78519233117 2.64593283456
2024-03-21T16:32:00.000000 -1386.639638475 1471.491594408 6391.128737932 6.81140251426 -2.90823016797 2.14507624159
2024-03-21T16:33:00.000000 -974.993753115 1293.650339922 6504.549417196 6.90470517072 -3.01746702789 1.63413185552
2024-03-21T16:34:00.000000 -558.729454631 1109.681797232 6587.071116573 6.96529124159 -3.11239386915 1.11551616850
2024-03-21T16:35:00.000000 -139.818738796 920.458175177 6638.306864800 6.99288548793 -3.19256786491 0.59167695510
2024-03-21T16:36:00.000000 279.754376452 726.876274229 6658.017354009 6.98736357360 -3.25761332191 0.06508819467
2024-03-21T16:37:00.000000 698.003110572 529.853242057 6646.112199496 6.94875793167 -3.30722784986 -0.46176314598
2024-03-21T16:38:00.000000 1112.947294328 330.322238355 6602.650238205 6.87725568837 -3.34117956195 -0.98639155465
2024-03-21T16:39:00.000000 1522.622548986 129.228158740 6527.839196213 6.77319614154 -3.35931054805 -1.50632164398
2024-03-21T16:40:00.000000 1925.089369583 -72.476897789 6422.034675446 6.63706843903 -3.36153728480 -2.01910091855
2024-03-21T16:41:00.000000 2318.442079542 -273.837924887 6285.738648649 6.46951205402 -3.34784742500 -2.52230354240
2024-03-21T16:42:00.000000 2700.818022492 -473.901573557 6119.597415448 6.27132034428 -3.31830902018 -3.01355016370
2024-03-21T16:43:00.000000 3070.406337507 -671.720770600 5924.398100643 6.04342407234 -3.27306111661 -3.49052499716
2024-03-21T16:44:00.000000 3425.456090064 -866.358867081 5701.065043214 5.78689136914 -3.21231379062 -3.95097109841
2024-03-21T16:45:00.000000 3764.284588962 -1056.894091995 5450.655827801 5.50292722237 -3.13635202820 -4.39270705965
2024-03-21T16:46:00.000000 4085.285295529 -1242.423854498 5174.356388925 5.19286423320 -3.04552977020 -4.81363638035
2024-03-21T16:47:00.000000 4386.935407875 -1422.068875367 4873.475781797 4.85816094083 -2.94027048279 -5.21175312307
2024-03-21T16:48:00.000000 4667.803369115 -1594.977414498 4549.440397044 4.50039950195 -2.82106852830 -5.58515471214
2024-03-21T16:49:00.000000 4926.556047651 -1760.329447924 4203.787287655 4.12127640359 -2.68848619892 -5.93205696106
2024-03-21T16:50:00.000000 5161.965209300 -1917.340659625 3838.156801334 3.72259006331 -2.54315104702 -6.25080152888
2024-03-21T16:51:00.000000 5372.913415176 -2065.266286385 3454.284912956 3.30623481434 -2.38575353102 -6.53986044546
2024-03-21T16:52:00.000000 5558.399648360 -2203.404795000 3053.995084496 2.87419526727 -2.21704351416 -6.79784745313
2024-03-21T16:53:00.000000 5717.544379835 -2331.101355426 2639.189458726 2.42853427847 -2.03782733363 -7.02352790923
2024-03-21T16:54:00.000000 5849.593787781 -2447.750998350 2211.839502271 1.97137649927 -1.84895890912 -7.21582496252
2024-03-21T16:55:00.000000 5953.923247859 -2552.801344079 1773.976733616 1.50490534820 -1.65133819031 -7.37381422268
2024-03-21T16:56:00.000000 6030.040942478 -2645.755488694 1327.683152233 1.03136049112 -1.44591401120 -7.49674147705
2024-03-21T16:57:00.000000 6077.590396385 -2726.174688519 875.080678242 0.55301094803 -1.23367413068 -7.58402849391
2024-03-21T16:58:00.000000 6096.351979458 -2793.680451343 418.320747979 0.07214795470 -1.01563848291 -7.63527066151
2024-03-21T16:59:00.000000 6086.243923618 -2847.956312307 -40.426240989 -0.40892647531 -0.79285385184 -7.65024073155
2024-03-21T17:00:00.000000 6047.322584483 -2888.749294617 -498.981588696 -0.88791226114 -0.56638878714 -7.62888913942
2024-03-21T17:01:00.000000 5979.781978379 -2915.871035854 -955.168935496 -1.36252257243 -0.33732752943 -7.57134331858
2024-03-21T17:02:00.000000 5883.952651219 -2929.198564707 -1406.824852017 -1.83049532836 -0.10676477002 -7.47790653892
2024-03-21T17:03:00.000000 5760.299833800 -2928.674778786 -1851.809317026 -2.28960486033 0.12419941970 -7.34905528457
2024-03-21T17:04:00.000000 5609.420954608 -2914.308618373 -2288.016034792 -2.73767204898 0.35446465750 -7.18543706662
2024-03-21T17:05:00.000000 5432.042490728 -2886.174886419 -2713.382623969 -3.17257642372 0.58293692616 -6.98786718843
2024-03-21T17:06:00.000000 5229.016109538 -2844.413715175 -3125.900495361 -3.59226712357 0.80853334319 -6.75732241278
2024-03-21T17:07:00.000000 5001.314201417 -2789.229740235 -3523.624374559 -3.99477258773 1.03018781766 -6.49493564162
2024-03-21T17:08:00.000000 4750.024805564 -2720.890889250 -3904.681461389 -4.37821089294 1.24685755424 -6.20198795239
2024-03-21T17:09:00.000000 4476.346020520 -2639.726868383 -4267.280031663 -4.74079637716 1.45752662784 -5.87989983315
2024-03-21T17:10:00.000000 4181.580002725 -2546.127416689 -4609.717611892 -5.08084743299 1.66121076056 -5.53022435826
2024-03-21T17:11:00.000000 3867.126513337 -2440.540271016 -4930.388666785 -5.39679315538 1.85696150941 -5.15463837235
2024-03-21T17:12:00.000000 3534.476088990 -2323.468905362 -5227.791787056 -5.68717970714 2.04387026085 -4.75493444425
2024-03-21T17:13:00.000000 3185.202838955 -2195.469996448 -5500.536354027 -5.95067598199 2.22107273667 -4.33301141270
2024-03-21T17:14:00.000000 2820.956942594 -2057.150681208 -5747.348639870 -6.18607821661 2.38775174940 -3.89086558249
2024-03-21T17:15:00.000000 2443.456815262 -1909.165600977 -5967.077406013 -6.39231680755 2.54314181054 -3.43058129441
2024-03-21T17:16:00.000000 2054.480957962 -1752.213711317 -6158.698768680 -6.56845843102 2.68653134832 -2.95431788782
2024-03-21T17:17:00.000000 1655.859738078 -1587.035010862 -6321.320455436 -6.71370801996 2.81726431707 -2.46430158550
2024-03-21T17:18:00.000000 1249.467014194 -1414.407102148 -6454.185545906 -6.82741148445 2.93474380302 -1.96281612666
2024-03-21T17:19:00.000000 837.211602253 -1235.141618555 -6556.675580685 -6.90905755474 3.03843204230 -1.45219167136
2024-03-21T17:20:00.000000 421.028686282 -1050.080661019 -6628.313183173 -6.95827973628 3.12785244582 -0.93479973988
2024-03-21T17:21:00.000000 2.870980239 -860.092905852 -6668.764120601 -6.97485926901 3.20259597418 -0.41303691642
2024-03-21T17:22:00.000000 -415.299931288 -666.069602262 -6677.838430883 -6.95871889782 3.26231868261 0.11068443914
2024-03-21T17:23:00.000000 -831.522173200 -468.920689084 -6655.491344679 -6.90992791111 3.30674263195 0.63393825719
2024-03-21T17:24:00.000000 -1243.842537196 -269.570658599 -6601.823623415 -6.82870424994 3.33566001942 1.15430323814
2024-03-21T17:25:00.000000 -1650.325093491 -68.954518183 -6517.080942196 -6.71540611880 3.34892822247 1.66936943752
2024-03-21T17:26:00.000000 -2049.059780946 131.986247088 -6401.653158632 -6.57053820727 3.34647475457 2.17674330201
2024-03-21T17:27:00.000000 -2438.171143321 332.307946846 -6256.072882415 -6.39474821547 3.32829839206 2.67406147784
2024-03-21T17:28:00.000000 -2815.826827095 531.068968170 -6081.013451726 -6.18882605891 3.29447025046 3.15899813239
2024-03-21T17:29:00.000000 -3180.246156734 727.334188854 -5877.286186221 -5.95370247123 3.24513492492 3.62928279365
2024-03-21T17:30:00.000000 -3529.708238139 920.179228418 -5645.836784649 -5.69043915195 3.18050541704 4.08270619667
2024-03-21T17:31:00.000000 -3862.559885496 1108.694573641 -5387.741564144 -5.40023149988 3.10086500672 4.51712638091
2024-03-21T17:32:00.000000 -4177.223498263 1291.989838526 -5104.202954105 -5.08440215473 3.00656735529 4.93048262097
2024-03-21T17:33:00.000000 -4472.204592598 1469.197919589 -4796.544451164 -4.74439914939 2.89803517852 5.32080223506
2024-03-21T17:34:00.000000 -4746.099192617 1639.479159778 -4466.204904924 -4.38178967920 2.77576020301 5.68621460417
2024-03-21T17:35:00.000000 -4997.600720224 1802.025405563 -4114.732115716 -3.99825198630 2.64030043808 6.02496007942
2024-03-21T17:36:00.000000 -5225.506452165 1956.063917303 -3743.775932130 -3.59556862328 2.49227799733 6.33539798331
2024-03-21T17:37:00.000000 -5428.723586995 2100.861153501 -3355.080857993 -3.17561985508 2.33237694272 6.61601542387
2024-03-21T17:38:00.000000 -5606.274875330 2235.726406378 -2950.478111310 -2.74037584601 2.16134055273 6.86543619658
2024-03-21T17:39:00.000000 -5757.303771448 2360.015266486 -2531.877171791 -2.29188834775 1.97996826318 7.08242921698
2024-03-21T17:40:00.000000 -5881.079029010 2473.132892408 -2101.256826284 -1.83228050326 1.78911233424 7.26591652756
2024-03-21T17:41:00.000000 -5976.998676055 2574.537071901 -1660.655766915 -1.36373648920 1.58967414874 7.41498050580
2024-03-21T17:42:00.000000 -6044.593320795 2663.741031033 -1212.162763112 -0.88848942197 1.38259930772 7.52887025569
2024-03-21T17:43:00.000000 -6083.528755082 2740.315928021 -757.906548198 -0.40881064164 1.16887260622 7.60700522625
2024-03-21T17:44:00.000000 -6093.607913313 2803.893090680 -300.045470605 0.07300190385 0.94951421823 7.64897943950
2024-03-21T17:45:00.000000 -6074.772081813 2854.165971779 159.243086016 0.55463661562 0.72557349405 7.65456461892
2024-03-21T17:46:00.000000 -6027.101357148 2890.891703575 617.773373393 1.03377970263 0.49812307857 7.62371027705
2024-03-21T17:47:00.000000 -5950.814468271 2913.892367734 1073.361997418 1.50812608347 0.26825437851 7.55654587526
2024-03-21T17:48:00.000000 -5846.267821143 2923.055931005 1523.838740614 1.97539381777 0.03707104593 7.45338043773
2024-03-21T17:49:00.000000 -5713.953786230 2918.336814803 1967.057223874 2.43333427082 -0.19431622186 7.31469954492
2024-03-21T17:50:00.000000 -5554.498369094 2899.756139600 2400.905477249 2.87974355279 -0.42479579274 7.14116395389
2024-03-21T17:51:00.000000 -5368.658175329 2867.401650054 2823.316359347 3.31247461213 -0.65325922937 6.93360705356
2024-03-21T17:52:00.000000 -5157.316534419 2821.427322061 3232.277783338 3.72945185906 -0.87860864101 6.69302839458
2024-03-21T17:53:00.000000 -4921.479138463 2762.052543934 3625.842434593 4.12867306312 -1.09976229936 6.42058825058
2024-03-21T17:54:00.000000 -4662.269227382 2689.561017521 4002.137392427 4.50822455821 -1.31565819472 6.11760472148
2024-03-21T17:55:00.000000 -4380.921843939 2604.299395088 4359.373517883 4.86629730427 -1.52526380200 5.78555077308
2024-03-21T17:56:00.000000 -4078.777117380 2506.675074196 4695.854017084 5.20119531921 -1.72758483161 5.42602803168
2024-03-21T17:57:00.000000 -3757.273693006 2397.154139904 5009.982038107 5.51133307587 -1.92166101962 5.04076693303
2024-03-21T17:58:00.000000 -3417.941707237 2276.259053597 5300.268202860 5.79524717247 -2.10657353661 4.63161725198
2024-03-21T17:59:00.000000 -3062.395326382 2144.566137274 5565.337469959 6.05160090222 -2.28144667472 4.20053915793
2024-03-21T18:00:00.000000 -2692.324980653 2002.702787739 5803.935530219 6.27919017447 -2.44545480450 3.74959547321
2024-03-21T18:01:00.000000 -2309.489181001 1851.344333488 6014.934658351 6.47695059577 -2.59782624787 3.28094097143
2024-03-21T18:02:00.000000 -1915.705975468 1691.210705088 6197.338863428 6.64396258569 -2.73784631212 2.79680962540
2024-03-21T18:03:00.000000 -1512.844194549 1523.062947634 6350.288276027 6.77945338944 -2.86485989089 2.29950333109
2024-03-21T18:04:00.000000 -1102.814544697 1347.699535825 6473.062895569 6.88280028623 -2.97827467258 1.79138003788
2024-03-21T18:05:00.000000 -687.560614289 1165.952583093 6565.085560473 6.95352949324 -3.07756189419 1.27484193987
2024-03-21T18:06:00.000000 -269.049962761 978.683966408 6625.924401238 6.99131594050 -3.16225843268 0.75232865671
2024-03-21T18:07:00.000000 150.734907100 786.781333218 6655.294898619 6.99598819816 -3.23196927273 0.22631075398
2024-03-21T18:08:00.000000 569.805981711 591.153902577 6653.061288758 6.96753337557 -3.28637001775 -0.30072716908
2024-03-21T18:09:00.000000 986.179049127 392.728240455 6619.236999313 6.90609072995 -3.32520773991 -0.82629743296
2024-03-21T18:10:00.000000 1397.882894539 192.443887536 6553.984536511 6.81195431112 -3.34830216766 -1.34792124774
2024-03-21T18:11:00.000000 1802.968487174 -8.750951831 6457.614605497 6.68556895465 -3.35554579699 -1.86313818575
2024-03-21T18:12:00.000000 2199.518005631 -209.903915366 6330.584772678 6.52753045171 -3.34690718159 -2.36951560360
2024-03-21T18:13:00.000000 2585.653895909 -410.062952328 6173.497365148 6.33858434320 -3.32242794240 -2.86466337311
2024-03-21T18:14:00.000000 2959.547612004 -608.280686386 5987.096498085 6.11961715248 -3.28222187753 -3.34624646408
2024-03-21T18:15:00.000000 3319.427958803 -803.618667607 5772.264658536 5.87165476560 -3.22647279866 -3.81198849792
2024-03-21T18:16:00.000000 3663.589449191 -995.151653486 5530.018885634 5.59586002648 -3.15543771786 -4.25968273710
2024-03-21T18:17:00.000000 3990.400321440 -1181.972035287 5261.506298337 5.29352753794 -3.06944711989 -4.68720166549
2024-03-21T18:18:00.000000 4298.310379794 -1363.194197299 4967.998979486 4.96608047425 -2.96890329798 -5.09250932123
2024-03-21T18:19:00.000000 4585.858517201 -1537.958759594 4650.888161852 4.61506418508 -2.85427825476 -5.47367140493
2024-03-21T18:20:00.000000 4851.679866499 -1705.436761314 4311.677908427 4.24214085535 -2.72611413299 -5.82886294260
2024-03-21T18:21:00.000000 5094.512651050 -1864.833807168 3951.978096492 3.84908229876 -2.58501960905 -6.15638439948
2024-03-21T18:22:00.000000 5313.204365211 -2015.393874662 3573.496613518 3.43775780698 -2.43166508761 -6.45466897786
2024-03-21T18:23:00.000000 5506.717371934 -2156.402979028 3178.031192656 3.01012527705 -2.26678055170 -6.72228963376
2024-03-21T18:24:00.000000 5674.133964202 -2287.192635786 2767.460873514 2.56822332451 -2.09115246950 -6.95796467831
2024-03-21T18:25:00.000000 5814.660924114 -2407.143146548 2343.736999942 2.11416111815 -1.90561957708 -7.16056658786
2024-03-21T18:26:00.000000 5927.633465687 -2515.686602575 1908.873820067 1.65010891697 -1.71106905352 -7.32912715171
2024-03-21T18:27:00.000000 6012.518572242 -2612.309691629 1464.938737888 1.17828691212 -1.50843277459 -7.46284363092
2024-03-21T18:28:00.000000 6068.917649352 -2696.556221272 1014.042224415 0.70095347156 -1.29868191814 -7.56108382134
2024-03-21T18:29:00.000000 6096.568441563 -2768.029319459 558.327522745 0.22039325997 -1.08282195878 -7.62338768662
2024-03-21T18:30:00.000000 6095.346331589 -2826.393366984 99.960236218 -0.26109233124 -0.86188831484 -7.64947083737
2024-03-21T18:31:00.000000 6065.264946810 -2871.375616438 -358.882332441 -0.74119898121 -0.63694024007 -7.63922762789
2024-03-21T18:32:00.000000 6006.475947621 -2902.767451296 -816.021870671 -1.21763160513 -0.40905539688 -7.59272996578
2024-03-21T18:33:00.000000 5919.268136993 -2920.425336901 -1269.289722396 -1.68811626650 -0.17932440670 -7.51022775537
2024-03-21T18:34:00.000000 5804.065787048 -2924.271408318 -1716.537481075 -2.15041281534 0.05115511064 -7.39214534996
2024-03-21T18:35:00.000000 5661.426322537 -2914.293745645 -2155.647386323 -2.60232504460 0.28128364982 -7.23907967209
2024-03-21T18:36:00.000000 5492.037311474 -2890.546302002 -2584.542584517 -3.04171306592 0.50996597947 -7.05179652289
2024-03-21T18:37:00.000000 5296.712743664 -2853.148455742 -3001.197078299 -3.46650411165 0.73611742235 -6.83122409857
2024-03-21T18:38:00.000000 5076.388758508 -2802.284227580 -3403.645300367 -3.87470107584 0.95866878786 -6.57844785447
2024-03-21T18:39:00.000000 4832.118773503 -2738.201181107 -3789.991351153 -4.26439312195 1.17657196564 -6.29470287800
2024-03-21T18:40:00.000000 4565.068120095 -2661.209037992 -4158.417734033 -4.63376178276 1.38880385733 -5.98136690436
2024-03-21T18:41:00.000000 4276.508229009 -2571.678018747 -4507.193762856 -4.98109062915 1.59437188089 -5.63995427392
2024-03-21T18:42:00.000000 3967.810250151 -2470.036870944 -4834.683448325 -5.30477305539 1.79231825808 -5.27210563799
2024-03-21T18:43:00.000000 3640.438293104 -2356.770677820 -5139.352813919 -5.60331800966 1.98172353058 -4.87957938801
2024-03-21T18:44:00.000000 3295.942304437 -2232.418441961 -5419.776703877 -5.87535640246 2.16171063769 -4.46424278005
2024-03-21T18:45:00.000000 2935.950618931 -2097.570416037 -5674.644988076 -6.11964436427 2.33144860097 -4.02806148860
2024-03-21T18:46:00.000000 2562.162351682 -1952.865266172 -5902.768329756 -6.33506843047 2.49015558465 -3.57309506994
2024-03-21T18:47:00.000000 2176.339288193 -1798.986954079 -6103.083423259 -6.52065302348 2.63710403176 -3.10148230349
2024-03-21T18:48:00.000000 1780.297637567 -1636.661427051 -6274.657392221 -6.67555990703 2.77162214098 -2.61543091593
2024-03-21T18:49:00.000000 1375.899684584 -1466.653230011 -6416.691694137 -6.79909231125 2.89309565231 -2.11720913206
2024-03-21T18:50:00.000000 965.045213449 -1289.761959205 -6528.525369511 -6.89069675186 3.00097053952 -1.60913269625
2024-03-21T18:51:00.000000 549.662958941 -1106.818681144 -6609.637605633 -6.94996178351 3.09475182138 -1.09355682329
2024-03-21T18:52:00.000000 131.702032232 -918.682271517 -6659.649964176 -6.97662002838 3.17400883410 -0.57287040892
2024-03-21T18:53:00.000000 -286.876761494 -726.235425877 -6678.328044110 -6.97054910951 3.23837768101 -0.04948406287
2024-03-21T18:54:00.000000 -704.109717744 -530.380732954 -6665.582524824 -6.93177580559 3.28755972929 0.47417899766
2024-03-21T18:55:00.000000 -1118.039128244 -332.036651655 -6621.469423582 -6.86047058986 3.32132417714 0.99569901092
2024-03-21T18:56:00.000000 -1526.721666242 -132.133557949 -6546.189885068 -6.75694456198 3.33950475687 1.51265729816
2024-03-21T18:57:00.000000 -1928.237237488 68.390308708 -6440.089919310 -6.62166121457 3.34200735596 2.02264821986
2024-03-21T18:58:00.000000 -2320.697887006 268.593346948 -6303.658916728 -6.45522620913 3.32881332160 2.52329953866
2024-03-21T18:59:00.000000 -2702.256139397 467.534914063 -6137.527492401 -6.25838401873 3.29997185522 3.01227630857
2024-03-21T19:00:00.000000 -3071.113510139 664.279324152 -5942.465091382 -6.03202320734 3.25560060625 3.48728864665
2024-03-21T19:01:00.000000 -3425.528932110 857.900165718 -5719.376778795 -5.77716725793 3.19589067180 3.94610695039
2024-03-21T19:02:00.000000 -3763.826693408 1047.484624866 -5469.299456027 -5.49497121965 3.12110406968 4.38656786499
2024-03-21T19:03:00.000000 -4084.404280128 1232.137708487 -5193.397571298 -5.18671946217 3.03157244001 4.80658485064
2024-03-21T19:04:00.000000 -4385.740036925 1410.986374020 -4892.958212251 -4.85382209316 2.92769593626 5.20415815532
2024-03-21T19:05:00.000000 -4666.400554194 1583.183654852 -4569.385603382 -4.49780978800 2.80994336344 5.57738451064
2024-03-21T19:06:00.000000 -4925.047769764 1747.912726592 -4224.195002115 -4.12032888688 2.67885040079 5.92446828993
2024-03-21T19:07:00.000000 -5160.445619527 1904.390846402 -3859.005894808 -3.72313131623 2.53501659358 6.24373167787
2024-03-21T19:08:00.000000 -5371.466205102 2051.873094281 -3475.534819691 -3.30807077576 2.37910388162 6.53361886397
2024-03-21T19:09:00.000000 -5557.095751762 2189.656221111 -3075.587610151 -2.87709486208 2.21183836498 6.79271190559
2024-03-21T19:10:00.000000 -5716.439786132 2317.082228773 -2661.050826779 -2.43223118947 2.03400115819 7.01973805040
2024-03-21T19:11:00.000000 -5848.727693706 2433.541572923 -2233.882981669 -1.97557966359 1.84642625303 7.21357262697
2024-03-21T19:12:00.000000 -5953.316848332 2538.476248727 -1796.105410910 -1.50930526208 1.64999628208 7.37324753838
2024-03-21T19:13:00.000000 -6029.696291635 2631.382565562 -1349.792698730 -1.03563056011 1.44563988777 7.49795718027
2024-03-21T19:14:00.000000 -6077.489792202 2711.813971436 -897.062634714 -0.55682047208 1.23433133198 7.58706840649
2024-03-21T19:15:00.000000 -6096.457837292 2779.383424462 -440.065745082 -0.07516551443 1.01707880859 7.64012266674
2024-03-21T19:16:00.000000 -6086.498927748 2833.765315675 19.025154222 0.40702562224 0.79492149809 7.65683646724
2024-03-21T19:17:00.000000 -6047.650301805 2874.697162999 478.025622729 0.88743981142 0.56892260321 7.63710546098
2024-03-21T19:18:00.000000 -5980.087911247 2901.980802161 934.750222376 1.36376676809 0.34016301366 7.58100128034
2024-03-21T19:19:00.000000 -5884.125921141 2915.483468169 1387.023212514 1.83371280069 0.10974104253 7.48877498159
2024-03-21T19:20:00.000000 -5760.215337356 2915.138656208 1832.689280216 2.29501221750 -0.12123433924 7.36085746292
2024-03-21T19:21:00.000000 -5608.941870622 2900.946548400 2269.624372021 2.74544286412 -0.35164999735 7.19785905635
2024-03-21T19:22:00.000000 -5431.022937658 2872.974003609 2695.746325592 3.18283837298 -0.58039848567 7.00056411690
2024-03-21T19:23:00.000000 -5227.304063702 2831.354060293 3109.025039069 3.60509649614 -0.80638090463 6.76992338719
2024-03-21T19:24:00.000000 -4998.754670145 2776.285336320 3507.492442691 4.01019219415 -1.02851214015 6.50705331120
2024-03-21T19:25:00.000000 -4746.463002969 2708.030866102 3889.252165332 4.39619068620 -1.24573102565 6.21322453259
2024-03-21T19:26:00.000000 -4471.630645047 2626.916620575 4252.488421575 4.76124952630 -1.45700022000 5.88985203042
2024-03-21T19:27:00.000000 -4175.566841596 2533.330137817 4595.474638364 5.10362370420 -1.66130603714 5.53849647526
2024-03-21T19:28:00.000000 -3859.681983424 2427.718637891 4916.582357496 5.42169248626 -1.85767614095 5.16086183409
2024-03-21T19:29:00.000000 -3525.479928189 2310.586316485 5214.288652948 5.71395618841 -2.04518194138 4.75876116155
2024-03-21T19:30:00.000000 -3174.551001908 2182.491831600 5487.182915744 5.97903628696 -2.22293796670 4.33412476076
2024-03-21T19:31:00.000000 -2808.564224469 2044.045556203 5733.973516775 6.21568849317 -2.39010587893 3.88898619465
2024-03-21T19:32:00.000000 -2429.259143998 1895.906679239 5953.493713669 6.42280737389 -2.54589802708 3.42547297178
2024-03-21T19:33:00.000000 -2038.437365118 1738.779984888 6144.706901312 6.59942989839 -2.68958248496 2.94579354051
2024-03-21T19:34:00.000000 -1637.953943274 1573.412463357 6306.711142618 6.74473772093 -2.82048486170 2.45222647812
2024-03-21T19:35:00.000000 -1229.708691523 1400.589730508 6438.743125511 6.85805798020 -2.93799302886 1.94711320886
2024-03-21T19:36:00.000000 -815.637317921 1221.132160804 6540.181617993 6.93886675637 -3.04156032369 1.43284611238
2024-03-21T19:37:00.000000 -397.702453412 1035.890988120 6610.550275307 6.98679211435 -3.13070498612 0.91186088526
2024-03-21T19:38:00.000000 22.115697339 845.744364685 6649.519845807 7.00162056682 -3.20501174247 0.38662190425
2024-03-21T19:39:00.000000 441.828754838 651.593320085 6656.909391913 6.98329132452 -3.26413410805 -0.14039217431
2024-03-21T19:40:00.000000 859.449261183 454.357459420 6632.687029385 6.93189731399 -3.30779916650 -0.66669422779
2024-03-21T19:41:00.000000 1272.999972677 254.970700647 6576.969987254 6.84768555633 -3.33580285291 -1.18980166157
2024-03-21T19:42:00.000000 1680.523095611 54.376969623 6490.024090681 6.73105715036 -3.34801628800 -1.70724702668
2024-03-21T19:43:00.000000 2080.089424352 -146.474280914 6372.262367862 6.58256325169 -3.34438345407 -2.21659252691
2024-03-21T19:44:00.000000 2469.807208515 -346.632377744 6224.243014007 6.40290027305 -3.32491969691 -2.71543803629
2024-03-21T19:45:00.000000 2847.830781066 -545.149753821 6046.666973586 6.19290818813 -3.28971382534 -3.20142712277
2024-03-21T19:46:00.000000 3212.369144294 -741.086361963 5840.374925599 5.95356863413 -3.23892665701 -3.67225979239
2024-03-21T19:47:00.000000 3561.694453863 -933.513943171 5606.343703436 5.68600533001 -3.17279145217 -4.12569988996
2024-03-21T19:48:00.000000 3894.150435113 -1121.520505702 5345.681995600 5.39147896660 -3.09161729442 -4.55959039881
2024-03-21T19:49:00.000000 4208.160389131 -1304.214862829 5059.625191907 5.07137962857 -2.99578759512 -4.97186740704
2024-03-21T19:50:00.000000 4502.234680679 -1480.730891087 4749.529498995 4.72721868646 -2.88575388339 -5.36056838951
2024-03-21T19:51:00.000000 4774.977876275 -1650.231597396 4416.865655058 4.36062355700 -2.76203572697 -5.72383978145
2024-03-21T19:52:00.000000 5025.095496062 -1811.913155164 4063.212117301 3.97333128346 -2.62521859832 -6.05994604663
2024-03-21T19:53:00.000000 5251.400390075 -1965.008786907 3690.247637730 3.56718002488 -2.47595130109 -6.36728122642
2024-03-21T19:54:00.000000 5452.818449767 -2108.792433310 3299.743338382 3.14409923308 -2.31494208354 -6.64437275674
2024-03-21T19:55:00.000000 5628.393980105 -2242.582298749 2893.554479089 2.70610502266 -2.14295772473 -6.88989076963
2024-03-21T19:56:00.000000 5777.294577642 -2365.744239118 2473.611570286 2.25528925377 -1.96081901789 -7.10265794395
2024-03-21T19:57:00.000000 5898.815350567 -2477.694887336 2041.910998293 1.79380816910 -1.76939710858 -7.28165698115
2024-03-21T19:58:00.000000 5992.382372232 -2577.904519160 1600.505263465 1.32386920944 -1.56960794102 -7.42603499611
2024-03-21T19:59:00.000000 6057.555468863 -2665.899616391 1151.493053539 0.84772199868 -1.36240881878 -7.53510608574
2024-03-21T20:00:00.000000 6094.030459305 -2741.265244262 697.009037929 0.36764767045 -1.14879402123 -7.60835777464
2024-03-21T20:01:00.000000 6101.640615255 -2803.647059040 239.213369639 -0.11405508943 -0.92978813125 -7.64545290424
2024-03-21T20:02:00.000000 6080.357406302 -2852.753001539 -219.718842315 -0.59508004725 -0.70644201556 -7.64623059738
2024-03-21T20:03:00.000000 6030.290624431 -2888.354719756 -677.608201815 -1.07312488878 -0.47982731284 -7.61070925752
2024-03-21T20:04:00.000000 5951.687721640 -2910.288626296 -1132.281818627 -1.54590579289 -0.25103024680 -7.53908709553
2024-03-21T20:05:00.000000 5844.932258985 -2918.456585047 -1581.584012982 -2.01117157701 -0.02114499380 -7.43173864238
2024-03-21T20:06:00.000000 5710.541650208 -2912.826181199 -2023.386722444 -2.46671305291 0.20873246332 -7.28920903047
2024-03-21T20:07:00.000000 5549.164417800 -2893.430744966 -2455.599630602 -2.91037051382 0.43750751408 -7.11221182775
2024-03-21T20:08:00.000000 5361.576822592 -2860.369038397 -2876.180303780 -3.34004870282 0.66409507926 -6.90162781750
2024-03-21T20:09:00.000000 5148.678642638 -2813.804523200 -3283.143861244 -3.75372612970 0.88742379917 -6.65849361615
2024-03-21T20:10:00.000000 4911.488570081 -2753.964457268 -3674.572235308 -4.14946245302 1.10643959870 -6.38399913333
2024-03-21T20:11:00.000000 4651.139012296 -2681.138648268 -4048.623182426 -4.52540895965 1.32011255135 -6.07948051825
2024-03-21T20:12:00.000000 4368.870331604 -2595.677838374 -4403.538801211 -4.87981708788 1.52744224599 -5.74641137486
2024-03-21T20:13:00.000000 4066.024665481 -2497.991810411 -4737.653518361 -5.21104393440 1.72746160733 -5.38639487761
2024-03-21T20:14:00.000000 3744.039329575 -2388.547273902 -5049.401667070 -5.51756123300 1.91924089773 -5.00115614911
2024-03-21T20:15:00.000000 3404.439743301 -2267.865507859 -5337.324480449 -5.79796148900 2.10189147868 -4.59253193008
2024-03-21T20:16:00.000000 3048.832010830 -2136.519767796 -5600.076479760 -6.05096301620 2.27457004768 -4.16245993063
2024-03-21T20:17:00.000000 2678.895299368 -1995.132489639 -5836.431282688 -6.27541317772 2.43648097217 -3.71297120560
2024-03-21T20:18:00.000000 2296.373904211 -1844.372328389 -6045.286924050 -6.47029412269 2.58687983850 -3.24617993555
2024-03-21T20:19:00.000000 1903.069107676 -1684.950982167 -6225.670540790 -6.63472463528 2.72507703810 -2.76427409864
2024-03-21T20:20:00.000000 1500.830849365 -1517.619773484 -6376.742525519 -6.76796492488 2.85044172176 -2.26950535857
2024-03-21T20:21:00.000000 1091.549140560 -1343.166093020 -6497.799918130 -6.86941856577 2.96240255048 -1.76417467652
2024-03-21T20:22:00.000000 677.145598617 -1162.409809524 -6588.279072921 -6.93862818916 3.06044829092 -1.25062466723
2024-03-21T20:23:00.000000 259.565003057 -976.199635989 -6647.758096407 -6.97528050993 3.14412937685 -0.73123637826
2024-03-21T20:24:00.000000 -159.233520886 -785.409313875 -6675.958781691 -6.97921069585 3.21306100344 -0.20841563745
2024-03-21T20:25:00.000000 -577.285393473 -590.933767445 -6672.747665090 -6.95040112929 3.26692239978 0.31542048584
2024-03-21T20:26:00.000000 -992.629211256 -393.685138580 -6638.136430811 -6.88897406849 3.30546033774 0.83785082651
2024-03-21T20:27:00.000000 -1403.315171193 -194.588743326 -6572.282240381 -6.79519688490 3.32849003614 1.35644813460
2024-03-21T20:28:00.000000 -1807.414178074 5.421225297 -6475.487526449 -6.66949116628 3.33589977735 1.86880288983
2024-03-21T20:29:00.000000 -2203.026673079 205.405869272 -6348.198346445 -6.51241825791 3.32764385041 2.37253592168
2024-03-21T20:30:00.000000 -2588.290980557 404.425618487 -6191.002694115 -6.32468092432 3.30374710013 2.86529655717
2024-03-21T20:31:00.000000 -2961.391957684 601.544663849 -6004.628343360 -6.10712663119 3.26430966535 3.34478001665
2024-03-21T20:32:00.000000 -3320.569389134 795.835292160 -5789.939595290 -5.86073743859 3.20950024018 3.80874030885
2024-03-21T20:33:00.000000 -3664.125964445 986.381953681 -5547.933700375 -5.58662825841 3.13955617989 4.25499338942
2024-03-21T20:34:00.000000 -3990.435195965 1172.285444936 -5279.736819370 -5.28604424692 3.05478514289 4.68142759566
2024-03-21T20:35:00.000000 -4297.949175848 1352.667174138 -4986.599404227 -4.96035927988 2.95556637799 5.08601437113
2024-03-21T20:36:00.000000 -4585.206118591 1526.673321735 -4669.890768214 -4.61106883775 2.84234566895 5.46682073090
2024-03-21T20:37:00.000000 -4850.837520701 1693.478896420 -4331.093206460 -4.23978601205 2.71563908699 5.82201664340
2024-03-21T20:38:00.000000 -5093.574928139 1852.291855179 -3971.795313526 -3.84823116686 2.57602673014 6.14988941179
2024-03-21T20:39:00.000000 -5312.256231837 2002.356787839 -3593.684846644 -3.43822776826 2.42415067742 6.44884826860
2024-03-21T20:40:00.000000 -5505.831502508 2142.958681290 -3198.541060902 -3.01168966249 2.26071357931 6.71743428174
2024-03-21T20:41:00.000000 -5673.368361783 2273.426326020 -2788.226817045 -2.57062283443 2.08647408439 6.95432147568
2024-03-21T20:42:00.000000 -5814.057379954 2393.135860877 -2364.679981065 -2.11711469719 1.90225051026 7.15833899426
2024-03-21T20:43:00.000000 -5927.216210952 2501.514006308 -1929.903911974 -1.65331288926 1.70890957523 7.32847317426
2024-03-21T20:44:00.000000 -6012.293121604 2598.040907986 -1485.958054962 -1.18142235947 1.50736487369 7.46387009654
2024-03-21T20:45:00.000000 -6068.870127737 2682.252798192 -1034.948113217 -0.70369476547 1.29857187467 7.56384211946
2024-03-21T20:46:00.000000 -6096.665505663 2753.744439708 -579.015911762 -0.22241839960 1.08352523752 7.62787464273
2024-03-21T20:47:00.000000 -6095.535527868 2812.171274503 -120.328768718 0.26009819895 0.86325197842 7.65563249763
2024-03-21T20:48:00.000000 -6065.475181586 2857.251226670 338.931225653 0.74154188649 0.63880687472 7.64695793461
2024-03-21T20:49:00.000000 -6006.618185925 2888.766176538 796.577741772 1.21960152125 0.41126620135 7.60186731368
2024-03-21T20:50:00.000000 -5919.236767897 2906.563113029 1250.430788773 1.69197369324 0.18172296600 7.52055712227
2024-03-21T20:51:00.000000 -5803.740645435 2910.554937933 1698.327665483 2.15638197298 -0.04871979776 7.40340615097
2024-03-21T20:52:00.000000 -5660.675001603 2900.720936275 2138.133707159 2.61058866907 -0.27895259919 7.25097030654
2024-03-21T20:53:00.000000 -5490.717735382 2877.107006355 2567.752933964 3.05241060788 -0.50786675776 7.06398133267
2024-03-21T20:54:00.000000 -5294.675969822 2839.825278121 2985.138255321 3.47972302261 -0.73436360975 6.84333757068
2024-03-21T20:55:00.000000 -5073.482275372 2789.053480892 3388.301592622 3.89047315004 -0.95735575319 6.59010653106
2024-03-21T20:56:00.000000 -4828.189824158 2725.034087059 3775.323705477 4.28269492957 -1.17577362231 6.30551394093
2024-03-21T20:57:00.000000 -4559.966912017 2648.073053445 4144.363478827 4.65451860255 -1.38857241721 5.99093645727
2024-03-21T20:58:00.000000 -4270.091040514 2558.538034525 4493.666570643 5.00417314857 -1.59474006682 5.64788829739
2024-03-21T20:59:00.000000 -3959.942910599 2456.856570562 4821.573666418 5.32999335062 -1.79329289805 5.27802384550
2024-03-21T21:00:00.000000 -3630.999421655 2343.514115369 5126.528658205 5.63043821879 -1.98328565817 4.88312476920
2024-03-21T21:01:00.000000 -3284.826293278 2219.051560693 5407.085877712 5.90408936521 -2.16381674954 4.46509118025
2024-03-21T21:02:00.000000 -2923.070305615 2084.062388003 5661.916980144 6.14966453760 -2.33403530503 4.02592954872
2024-03-21T21:03:00.000000 -2547.451107295 1939.189618537 5889.816732103 6.36601620151 -2.49314095280 3.56773623824
2024-03-21T21:04:00.000000 -2159.753171985 1785.122718154 6089.708327236 6.55213245514 -2.64038631073 3.09269550249
2024-03-21T21:05:00.000000 -1761.817315551 1622.594303318 6260.648427319 6.70714828929 -2.77508153228 2.60306857058
2024-03-21T21:06:00.000000 -1355.531869541 1452.376578935 6401.831267941 6.83034443458 -2.89659653812 2.10117916888
2024-03-21T21:07:00.000000 -942.823895461 1275.277742333 6512.592282544 6.92115026121 -3.00436264778 1.58940913605
2024-03-21T21:08:00.000000 -525.650013681 1092.138114665 6592.411286938 6.97915260632 -3.09787836134 1.07018570392
2024-03-21T21:09:00.000000 -105.986937690 903.826078640 6640.914471478 7.00409188205 -3.17670925563 0.54595886184
2024-03-21T21:10:00.000000 314.177440312 711.234074743 6657.875833957 6.99585805502 -3.24048903163 0.01920594036
2024-03-21T21:11:00.000000 732.853427170 515.274389296 6643.218342209 6.95449917829 -3.28892141053 -0.50758865516
2024-03-21T21:12:00.000000 1148.058747338 316.875026532 6597.014087298 6.88021569243 -3.32178012527 -1.03193930173
2024-03-21T21:13:00.000000 1557.827814774 116.975356443 6519.483954976 6.77336244861 -3.33891222891 -1.55137432471
2024-03-21T21:14:00.000000 1960.220833293 -83.478255309 6410.996448815 6.63444378372 -3.34023745131 -2.06344634639
2024-03-21T21:15:00.000000 2353.332714357 -283.536806922 6272.065942875 6.46411193773 -3.32574850285 -2.56574255076
2024-03-21T21:16:00.000000 2735.301766966 -482.253035892 6103.350286136 6.26316025176 -3.29551008536 -3.05589287921
2024-03-21T21:17:00.000000 3104.318250367 -678.685753176 5905.648237596 6.03252847297 -3.24966103931 -3.53157344021
2024-03-21T21:18:00.000000 3458.633153494 -871.904416137 5679.896073880 5.77329979890 -3.18841706504 -3.99052678906
2024-03-21T21:19:00.000000 3796.566596755 -1060.993578832 5427.163185947 5.48669402715 -3.11206437866 -4.43057470697
2024-03-21T21:20:00.000000 4116.515809932 -1245.057055013 5148.647143044 5.17406108066 -3.02095979772 -4.84962405951
2024-03-21T21:21:00.000000 4416.962832400 -1423.222254901 4845.668295881 4.83687748101 -2.91553243818 -5.24567729765
2024-03-21T21:22:00.000000 4696.481955488 -1594.644384715 4519.663633295 4.47673991113 -2.79627918047 -5.61684611194
2024-03-21T21:23:00.000000 4953.746600831 -1758.510463542 4172.179955055 4.09535470071 -2.66376342527 -5.96135944419
2024-03-21T21:24:00.000000 5187.535684769 -1914.043260981 3804.866629812 3.69453095704 -2.51861297435 -6.27757078842
2024-03-21T21:25:00.000000 5396.739568811 -2060.505069002 3419.467848223 3.27617273976 -2.36151687934 -6.56396737251
2024-03-21T21:26:00.000000 5580.365472763 -2197.201273890 3017.814387932 2.84227006019 -2.19322195298 -6.81917666712
2024-03-21T21:27:00.000000 5737.542414111 -2323.483722683 2601.815022995 2.39489167802 -2.01452976765 -7.04197243668
2024-03-21T21:28:00.000000 5867.525726466 -2438.753962253 2173.447489440 1.93617793517 -1.82629509239 -7.23128420965
2024-03-21T21:29:00.000000 5969.700990425 -2542.466325083 1734.748757083 1.46832668108 -1.62942121932 -7.38620951925
2024-03-21T21:30:00.000000 6043.586938777 -2634.130555002 1287.804878565 0.99357713189 -1.42485092340 -7.50601386824
2024-03-21T21:31:00.000000 6088.837752320 -2713.314093975 834.740946208 0.51420366720 -1.21356473176 -7.59013150897
2024-03-21T21:32:00.000000 6105.244836697 -2779.644291162 377.710740285 0.03250336572 -0.99657784118 -7.63817290456
2024-03-21T21:33:00.000000 6092.737731195 -2832.810248325 -81.113919413 -0.44921823526 -0.77493230635 -7.64992607422
2024-03-21T21:34:00.000000 6051.384302778 -2872.564242013 -539.553816329 -0.92865757148 -0.54969103485 -7.62535652732
2024-03-21T21:35:00.000000 5981.390281520 -2898.722839453 -995.432995708 -1.40352493729 -0.32193347135 -7.56460755373
2024-03-21T21:36:00.000000 5883.098017184 -2911.167733979 -1446.589412381 -1.87155816217 -0.09274976924 -7.46799877658
2024-03-21T21:37:00.000000 5756.984528694 -2909.846165943 -1890.885371685 -2.33053156497 0.13676618124 -7.33602189130
2024-03-21T21:38:00.000000 5603.659043934 -2894.771019283 -2326.217826904 -2.77826625344 0.36552108256 -7.16933990336
2024-03-21T21:39:00.000000 5423.859775171 -2866.020575163 -2750.528557679 -3.21264359223 0.59242946059 -6.96878320108
2024-03-21T21:40:00.000000 5218.449948023 -2823.737889349 -3161.814032178 -3.63161663703 0.81641801483 -6.73534268986
2024-03-21T21:41:00.000000 4988.413304878 -2768.129987356 -3558.134814870 -4.03321650936 1.03642865846 -6.47016386914
2024-03-21T21:42:00.000000 4734.849059366 -2699.466742273 -3937.624722910 -4.41556496313 1.25142557398 -6.17454101890
2024-03-21T21:43:00.000000 4458.966219160 -2618.079397432 -4298.499442583 -4.77688146102 1.46039966234 -5.84990785267
2024-03-21T21:44:00.000000 4162.077509212 -2524.358786527 -4639.064682668 -5.11549020270 1.66237468307 -5.49782965190
2024-03-21T21:45:00.000000 3845.592965020 -2418.753267101 -4957.723836676 -5.42982481160 1.85640960954 -5.11999719433
2024-03-21T21:46:00.000000 3511.012962156 -2301.766452887 -5252.985317381 -5.71844175805 2.04160493868 -4.71821675390
2024-03-21T21:47:00.000000 3159.920801852 -2173.954602035 -5523.469004289 -5.98002072889 2.21710551328 -4.29439720554
2024-03-21T21:48:00.000000 2793.975137593 -2035.923875636 -5767.912215300 -6.21337103295 2.38210355185 -3.85054221221
2024-03-21T21:49:00.000000 2414.902097344 -1888.327419352 -5985.175070100 -6.41743475025 2.53584110137 -3.38873968628
2024-03-21T21:50:00.000000 2024.487283393 -1731.862313913 -6174.245243958 -6.59128732883 2.67761205929 -2.91115295555
2024-03-21T21:51:00.000000 1624.567635541 -1567.266311445 -6334.242381079 -6.73414381496 2.80676811316 -2.42001565369
2024-03-21T21:52:00.000000 1217.022892606 -1395.314245654 -6464.421825833 -6.84536167157 2.92272076880 -1.91761530149
2024-03-21T21:53:00.000000 803.767103686 -1216.814533347 -6564.177644030 -6.92444093615 3.02493980314 -1.40628731875
2024-03-21T21:54:00.000000 386.739933164 -1032.605550208 -6633.045148141 -6.97102750625 3.11295695059 -0.88840240812
2024-03-21T21:55:00.000000 -32.102073786 -843.551880587 -6670.702689906 -6.98491257308 3.18636708325 -0.36635597162
2024-03-21T21:56:00.000000 -450.794126745 -650.540506687 -6676.972885598 -6.96602989989 3.24482918004 0.15743908547
2024-03-21T21:57:00.000000 -867.371736570 -454.476852410 -6651.823547159 -6.91445614358 3.28807002062 0.68055648293
2024-03-21T21:58:00.000000 -1279.879502331 -256.280626503 -6595.368262751 -6.83041921029 3.31588692304 1.20056686290
2024-03-21T21:59:00.000000 -1686.380210891 -56.881646515 -6507.865914497 -6.71429535428 3.32814493366 1.71505842741
2024-03-21T22:00:00.000000 -2084.963434243 142.784220894 -6389.719456655 -6.56660092988 3.32477803912 2.22164043481
2024-03-21T22:01:00.000000 -2473.754080006 341.779266624 -6241.474554657 -6.38799913389 3.30579097382 2.71794963976
2024-03-21T22:02:00.000000 -2850.921220998 539.168208291 -6063.817288719 -6.17929625474 3.27125967862 3.20167112117
2024-03-21T22:03:00.000000 -3214.686299415 734.022387406 -5857.571076393 -5.94143142440 3.22132873930 3.67054153864
2024-03-21T22:04:00.000000 -3563.331182446 925.423922261 -5623.693518294 -5.67548062695 3.15621349739 4.12235383205
2024-03-21T22:05:00.000000 -3895.206349119 1112.470018277 -5363.272481919 -5.38265249114 3.07620096988 4.55497533833
2024-03-21T22:06:00.000000 -4208.738519483 1294.277149515 -5077.521452538 -5.06428079080 2.98164645698 4.96635131605
2024-03-21T22:07:00.000000 -4502.438343552 1469.985220587 -4767.774550312 -4.72182777265 2.87297543337 5.35451937236
2024-03-21T22:08:00.000000 -4774.907692657 1638.761651152 -4435.480543696 -4.35687059372 2.75067914739 5.71762019025
2024-03-21T22:09:00.000000 -5024.846455239 1799.805328705 -4082.196563621 -3.97109883441 2.61531550508 6.05390334198
2024-03-21T22:10:00.000000 -5251.059067206 1952.350563628 -3709.581156022 -3.56630603724 2.46750648366 6.36174009808
2024-03-21T22:11:00.000000 -5452.460490287 2095.670811600 -3319.386779719 -3.14438174935 2.30793466010 6.63962996461
2024-03-21T22:12:00.000000 -5628.081769388 2229.082254238 -2913.451880161 -2.70730477963 2.13734125160 6.88620870202
2024-03-21T22:13:00.000000 -5777.075174519 2351.947231715 -2493.692442772 -2.25713584002 1.95652316792 7.10025718509
2024-03-21T22:14:00.000000 -5898.718863056 2463.677527921 -2062.093029772 -1.79600838446 1.76633137316 7.28071059277
2024-03-21T22:15:00.000000 -5992.420792908 2563.737478003 -1620.697216662 -1.32611318331 1.56766502350 7.42666715317
2024-03-21T22:16:00.000000 -6057.721843765 2651.646641727 -1171.597766359 -0.84968915756 1.36146559579 7.53738974414
2024-03-21T22:17:00.000000 -6094.298423911 2726.982294229 -716.926553569 -0.36901249289 1.14871443528 7.61231280441
2024-03-21T22:18:00.000000 -6101.964296293 2789.381583015 -258.844192565 0.11361573438 0.93042476027 7.65104350687
2024-03-21T22:19:00.000000 -6080.671903093 2838.543352907 200.470353795 0.59587560410 0.70764039898 7.65336480483
2024-03-21T22:20:00.000000 -6030.512993886 2874.229928187 658.830637524 1.07544770670 0.48143120264 7.61924442087
2024-03-21T22:21:00.000000 -5951.718058043 2896.268284977 1114.053566049 1.55002602053 0.25288217421 7.54882450981
2024-03-21T22:22:00.000000 -5844.655562361 2904.551006052 1563.969975133 2.01732126154 0.02309396626 7.44243020841
2024-03-21T22:23:00.000000 -5709.830193581 2899.036859113 2006.435691400 2.47508369105 -0.20682934188 7.30056670856
2024-03-21T22:24:00.000000 -5547.880294980 2879.750881447 2439.342043584 2.92110932385 -0.43578276907 7.12391226858
2024-03-21T22:25:00.000000 -5359.574728985 2846.784393651 2860.626273502 3.35325479093 -0.66266345766 6.91331874896
2024-03-21T22:26:00.000000 -5145.808760378 2800.294489916 3268.281738002 3.76945089560 -0.88638363921 6.66980260822
2024-03-21T22:27:00.000000 -4907.599525811 2740.502958236 3660.367424497 4.16770379347 -1.10587403577 6.39453386940
2024-03-21T22:28:00.000000 -4646.081511181 2667.695301336 4035.017333587 4.54610124937 -1.32008101142 6.08884620025
2024-03-21T22:29:00.000000 -4362.500495874 2582.219379481 4390.450029970 4.90284526337 -1.52798157949 5.75421654050
2024-03-21T22:30:00.000000 -4058.207230770 2484.483545304 4724.976670848 5.23623606052 -1.72858189775 5.39225896729
2024-03-21T22:31:00.000000 -3734.650831977 2374.954639010 5037.009435168 5.54469765573 -1.92092937310 5.00472104777
2024-03-21T22:32:00.000000 -3393.371293787 2254.155283344 5325.068646218 5.82677439854 -2.10411505796 4.59345988683
2024-03-21T22:33:00.000000 -3035.992304646 2122.661453080 5587.789570272 6.08113582031 -2.27727140737 4.16044944317
2024-03-21T22:34:00.000000 -2664.213210405 1981.099654928 5823.929005043 6.30659100220 -2.43958252453 3.70776308634
2024-03-21T22:35:00.000000 -2279.800645834 1830.143732265 6032.370737681 6.50208769721 -2.59028631576 3.23755906690
2024-03-21T22:36:00.000000 -1884.580230750 1670.511647543 6212.130450272 6.66671233795 -2.72867463917 2.75207560034
2024-03-21T22:37:00.000000 -1480.427996732 1502.962095539 6362.360422072 6.79970036392 -2.85409896851 2.25362449042
2024-03-21T22:38:00.000000 -1069.261268452 1328.290822073 6482.353333106 6.90043943057 -2.96597294591 1.74457210864
2024-03-21T22:39:00.000000 -653.029534135 1147.326810480 6571.545260385 6.96847001591 -3.06377576626 1.22732991876
2024-03-21T22:40:00.000000 -233.705333263 960.928289671 6629.518011231 7.00348271792 -3.14705287721 0.70434333294
2024-03-21T22:41:00.000000 186.724898640 769.978760740 6656.000979221 7.00532540215 -3.21541731302 0.17808269789
2024-03-21T22:42:00.000000 606.270176111 575.382904666 6650.872055397 6.97399662739 -3.26854968441 -0.34897159558
2024-03-21T22:43:00.000000 1022.944037284 378.062438794 6614.158266801 6.90965009713 -3.30620241968 -0.87433224423
2024-03-21T22:44:00.000000 1434.773885892 178.951756179 6546.035586952 6.81259333079 -3.32820040964 -1.39552357313
2024-03-21T22:45:00.000000 1839.810063420 -21.006398971 6446.827960033 6.68328296566 -3.33444025721 -1.91008973139
2024-03-21T22:46:00.000000 2236.134801898 -220.865240840 6317.005908599 6.52232548136 -3.32489088617 -2.41560272282
2024-03-21T22:47:00.000000 2621.871161107 -419.678333321 6157.184501354 6.33047487630 -3.29959545322 -2.90967411920
2024-03-21T22:48:00.000000 2995.191800659 -616.504078593 5968.120610951 6.10862967907 -3.25867152060 -3.38996755574
2024-03-21T22:49:00.000000 3354.327543343 -810.410084005 5750.709521445 5.85783003789 -3.20230846010 -3.85420703027
2024-03-21T22:50:00.000000 3697.575810076 -1000.477539085 5505.981002531 5.57925507209 -3.13077016363 -4.30018786852
2024-03-21T22:51:00.000000 4023.308770599 -1185.805685447 5235.094590568 5.27421557560 -3.04439326309 -4.72579080689
2024-03-21T22:52:00.000000 4329.981110889 -1365.516021069 4939.334257432 4.94415119166 -2.94358301408 -5.12898969735
2024-03-21T22:53:00.000000 4616.137499660 -1538.756403773 4620.102451804 4.59062042246 -2.82881309732 -5.50786125687
2024-03-21T22:54:00.000000 4880.419699937 -1704.705229279 4278.913720255 4.21529985366 -2.70062702843 -5.86059619491
2024-03-21T22:55:00.000000 5121.573208915 -1862.575409134 3917.387410577 3.81996883438 -2.55963108790 -6.18551028269
2024-03-21T22:56:00.000000 5338.453228069 -2011.618082492 3537.240127312 3.40650438798 -2.40649335077 -6.48104701675
2024-03-21T22:57:00.000000 5530.030399961 -2151.126310402 3140.277762367 2.97687583249 -2.24194246477 -6.74578894984
2024-03-21T22:58:00.000000 5695.395994934 -2280.438590501 2728.386825026 2.53313283211 -2.06676386029 -6.97846756961
2024-03-21T22:59:00.000000 5833.766367529 -2398.942121234 2303.525295329 2.07739333463 -1.88179430081 -7.17796930092
2024-03-21T23:00:00.000000 5944.486816357 -2506.075759164 1867.713271226 1.61183660072 -1.68791880148 -7.34333852993
2024-03-21T23:01:00.000000 6027.034994489 -2601.332815204 1423.023194995 1.13869274702 -1.48606648458 -7.47378734689
2024-03-21T23:02:00.000000 6081.023511849 -2684.263533712 971.569649151 0.66022819014 -1.27720517714 -7.56869892061
2024-03-21T23:03:00.000000 6106.201831550 -2754.477292290 515.499052395 0.17873669576 -1.06233762114 -7.62763012911
2024-03-21T23:04:00.000000 6102.457495510 -2811.644544959 56.979049843 -0.30347571835 -0.84249564986 -7.65031634906
2024-03-21T23:05:00.000000 6069.816469141 -2855.498354874 -401.812136083 -0.78410237340 -0.61873344678 -7.63666984135
2024-03-21T23:06:00.000000 6008.442860074 -2885.835572288 -858.696357831 -1.26084735923 -0.39212233108 -7.58678063033
2024-03-21T23:07:00.000000 5918.637893457 -2902.517694661 -1311.506145911 -1.73143772064 -0.16374446995 -7.50091372311
2024-03-21T23:08:00.000000 5800.838329006 -2905.471376451 -1758.095094550 -2.19363016166 0.06530981970 -7.37950714705
2024-03-21T23:09:00.000000 5655.614193929 -2894.688901855 -2196.348344520 -2.64522845232 0.29394506358 -7.22317344837
2024-03-21T23:10:00.000000 5483.665619373 -2870.228130872 -2624.192905556 -3.08409357855 0.52107256770 -7.03269494504
2024-03-21T23:11:00.000000 5285.819132904 -2832.211906032 -3039.607650489 -3.50815311297 0.74561501696 -6.80901725893
2024-03-21T23:12:00.000000 5063.023266429 -2780.827275285 -3440.632933725 -3.91541447528 0.96651083927 -6.55324242950
2024-03-21T23:13:00.000000 4816.343543297 -2716.324356576 -3825.379713288 -4.30397152715 1.18271993468 -6.26662090471
2024-03-21T23:14:00.000000 4546.957087110 -2639.014940220 -4192.038285428 -4.67201196887 1.39322718432 -5.95054607181
2024-03-21T23:15:00.000000 4256.146655138 -2549.270853845 -4538.886660319 -5.01782862697 1.59704765083 -5.60654628146
2024-03-21T23:16:00.000000 3945.294142235 -2447.521968578 -4864.298316677 -5.33982466107 1.79323209707 -5.23627421552
2024-03-21T23:17:00.000000 3615.873809431 -2334.253958368 -5166.749423837 -5.63651905911 1.98087010662 -4.84149862446
2024-03-21T23:18:00.000000 3269.445167864 -2210.005899313 -5444.825541470 -5.90655204259 2.15909249156 -4.42409591308
2024-03-21T23:19:00.000000 2907.645537627 -2075.367655563 -5697.227861115 -6.14869072834 2.32707680480 -3.98604247582
2024-03-21T23:20:00.000000 2532.182303021 -1930.976899184 -5922.778866541 -6.36183270289 2.48405194896 -3.52940320615
2024-03-21T23:21:00.000000 2144.824993188 -1777.516047855 -6120.427418605 -6.54501064713 2.62929765820 -3.05632483502
2024-03-21T23:22:00.000000 1747.396861800 -1615.709116030 -6289.253318469 -6.69740125967 2.76214848894 -2.56902182086
2024-03-21T23:23:00.000000 1341.766389438 -1446.318310248 -6428.470902247 -6.81831923810 2.88199730990 -2.06976388417
2024-03-21T23:24:00.000000 929.838984633 -1270.140448147 -6537.432289133 -6.90722050445 2.98829769284 -1.56087243295
2024-03-21T23:25:00.000000 513.548320072 -1088.003305032 -6615.630104686 -6.96370699023 3.08056424586 -1.04470732197
2024-03-21T23:26:00.000000 94.847641325 -900.761930434 -6662.699421427 -6.98752345235 3.15837328950 -0.52365575452
2024-03-21T23:27:00.000000 -324.298734154 -709.294915536 -6678.419275772 -6.97855675662 3.22136437747 -0.00012891004
2024-03-21T23:28:00.000000 -741.924101829 -514.500453779 -6662.713966436 -6.93684189349 3.26924530161 0.52344432258
2024-03-21T23:29:00.000000 -1156.068442176 -317.292204399 -6615.653585875 -6.86256576788 3.30179222567 1.04463642330
2024-03-21T23:30:00.000000 -1564.787305478 -118.595231074 -6537.453559229 -6.75606010386 3.31884931527 1.56103119579
2024-03-21T23:31:00.000000 -1966.160453288 80.658147687 -6428.473695731 -6.61779891450 3.32033026588 2.07023376230
2024-03-21T23:32:00.000000 -2358.300291775 279.532458028 -6289.216849897 -6.44839876209 3.30621656788 2.56987078149
2024-03-21T23:33:00.000000 -2739.360754149 477.093263181 -6120.327194260 -6.24862540137 3.27656155143 3.05760993421
2024-03-21T23:34:00.000000 -3107.545785869 672.411453598 -5922.587236911 -6.01937892285 3.23148937624 3.53117201034
2024-03-21T23:35:00.000000 -3461.117370669 864.567477697 -5696.914572036 -5.76169400731 3.17119382039 3.98833533195
2024-03-21T23:36:00.000000 -3798.403537456 1052.655417891 -5444.358147207 -5.47673715438 3.09593607379 4.42694363927
2024-03-21T23:37:00.000000 -4117.806281625 1235.787191096 -5166.094111793 -5.16580706405 3.00604983065 4.84491616100
2024-03-21T23:38:00.000000 -4417.809322498 1413.096847466 -4863.420799248 -4.83032780966 2.90193831913 5.24026235888
2024-03-21T23:39:00.000000 -4696.985429598 1583.744645371 -4537.753078680 -4.47184291359 2.78407180802 5.61108970608
2024-03-21T23:40:00.000000 -4954.003431756 1746.921042074 -4190.616172900 -4.09200953782 2.65298632475 5.95561397398
2024-03-21T23:41:00.000000 -5187.634817555 1901.850593446 -3823.638898691 -3.69259169449 2.50928235936 6.27216770855
2024-03-21T23:42:00.000000 -5396.759966033 2047.795763674 -3438.546349211 -3.27545343273 2.35362230639 6.55921080813
2024-03-21T23:43:00.000000 -5580.373871114 2184.060548037 -3037.152017055 -2.84254998500 2.18672804909 6.81533797013
2024-03-21T23:44:00.000000 -5737.591369449 2309.993992709 -2621.349447203 -2.39591931009 2.00937875073 7.03928747611
2024-03-21T23:45:00.000000 -5867.651830877 2424.993516387 -2193.103370059 -1.93767272436 1.82240695548 7.22994974338
2024-03-21T23:46:00.000000 -5969.923193835 2528.507969962 -1754.440369117 -1.46998289015 1.62669383359 7.38637287318
2024-03-21T23:47:00.000000 -6043.905413139 2620.040450489 -1307.439296526 -0.99507612728 1.42316571496 7.50776809377
2024-03-21T23:48:00.000000 -6089.233320402 2699.150863515 -854.221259694 -0.51521998168 1.21278926572 7.59351603349
2024-03-21T23:49:00.000000 -6105.678766710 2765.458252391 -396.939352345 -0.03271217281 0.99656832048 7.64317091934
2024-03-21T23:50:00.000000 -6093.152027917 2818.642840935 62.231903911 0.45013307647 0.77553715024 7.65646428584
2024-03-21T23:51:00.000000 -6051.702475945 2858.447670117 521.107190003 0.93099459565 0.55075455768 7.63330521793
2024-03-21T23:52:00.000000 -5981.518686621 2884.679911520 977.501171167 1.40755616908 0.32329877300 7.57378424747
2024-03-21T23:53:00.000000 -5882.927687496 2897.211938996 1429.239398045 1.87752151134 0.09426391926 7.47817419436
2024-03-21T23:54:00.000000 -5756.393252069 2895.982000990 1874.169199750 2.33863071184 -0.13524979878 7.34692590533
2024-03-21T23:55:00.000000 -5602.513582164 2880.994485596 2310.170055228 2.78866268772 -0.36413741628 7.18066131965
2024-03-21T23:56:00.000000 -5422.018668338 2852.320099822 2735.164168100 3.22545026779 -0.59129612811 6.98018266208
2024-03-21T23:57:00.000000 -5215.766364243 2810.095322870 3147.126957618 3.64689956782 -0.81563659728 6.74645840067
2024-03-21T23:58:00.000000 -4984.737906124 2754.521596390 3544.096697038 4.05099251795 -1.03608342291 6.48061540917
2024-03-21T23:59:00.000000 -4730.033093825 2685.864280491 3924.183982364 4.43579697604 -1.25158267424 6.18393608466
2024-03-22T00:00:00.000000 -4452.864876708 2604.451219986 4285.580795242 4.79947441846 -1.46110557717 5.85785004762
2024-03-22T00:01:00.000000 -4154.553486255 2510.671178472 4626.569261196 5.14028978358 -1.66365134265 5.50393211769
2024-03-22T00:02:00.000000 -3836.519764165 2404.971930191 4945.530107526 5.45662613139 -1.85825491643 5.12389109949
2024-03-22T00:03:00.000000 -3500.277890980 2287.857943156 5240.950233918 5.74698971987 -2.04399226830 4.71955578349
2024-03-22T00:04:00.000000 -3147.427874904 2159.887786613 5511.429639272 6.01001375851 -2.21998483081 4.29286580808
2024-03-22T00:05:00.000000 -2779.647857077 2021.671291323 5755.687835835 6.24446164111 -2.38540263901 3.84586433247
2024-03-22T00:06:00.000000 -2398.686019724 1873.866591114 5972.569827627 6.44923720494 -2.53946630296 3.38068872613
2024-03-22T00:07:00.000000 -2006.352001906 1717.176917107 6161.051261211 6.62338695815 -2.68145279747 2.89955456704
2024-03-22T00:08:00.000000 -1604.508419257 1552.347138043 6320.242963340 6.76610040614 -2.81069715338 2.40475179564
2024-03-22T00:09:00.000000 -1195.061902130 1380.160251933 6449.395061248 6.87672108869 -2.92659396928 1.89862997534
2024-03-22T00:10:00.000000 -779.953998690 1201.433678521 6547.900106501 6.95474129210 -3.02860205676 1.38358655574
2024-03-22T00:11:00.000000 -361.152175087 1017.015342858 6615.295750208 6.99980571317 -3.11624580275 0.86205906896
2024-03-22T00:12:00.000000 59.359493031 827.779635553 6651.266721935 7.01171501731 -3.18911880702 0.33650883960
2024-03-22T00:13:00.000000 479.589416570 634.623364757 6655.645957509 6.99041914907 -3.24688040335 -0.19058409614
2024-03-22T00:14:00.000000 897.547726964 438.461640486 6628.415522005 6.93602527993 -3.28926168462 -0.71673262812
2024-03-22T00:15:00.000000 1311.255602187 240.223570572 6569.706538813 6.84879393925 -3.31606497731 -1.23945681893
2024-03-22T00:16:00.000000 1718.754361649 40.847954554 6479.798501789 6.72913580017 -3.32716519527 -1.75629194334
2024-03-22T00:17:00.000000 2118.114505150 -158.721113557 6359.118092515 6.57761294798 -3.32251081755 -2.26479899698
2024-03-22T00:18:00.000000 2507.444741787 -357.538626253 6208.237223916 6.39493614547 -3.30212304105 -2.76257761435
2024-03-22T00:19:00.000000 2884.900760448 -554.663051265 6027.870442284 6.18196010264 -3.26609634522 -3.24727490748
2024-03-22T00:20:00.000000 3248.693842017 -749.160711297 5818.871835509 5.93968314502 -3.21459828001 -3.71659454342
2024-03-22T00:21:00.000000 3597.099384155 -940.110180053 5582.231213774 5.66924282388 -3.14786933767 -4.16831087416
2024-03-22T00:22:00.000000 3928.465043859 -1126.606608317 5319.069610486 5.37191015310 -3.06622151546 -4.60027625170
2024-03-22T00:23:00.000000 4241.218752086 -1307.765974828 5030.634315942 5.04908906025 -2.97003673788 -5.01043255070
2024-03-22T00:24:00.000000 4533.876413419 -1482.729264170 4718.293042015 4.70230593775 -2.85976660182 -5.39682554105
2024-03-22T00:25:00.000000 4805.048967179 -1650.666637422 4383.527467224 4.33320142411 -2.73593218901 -5.75761164215
2024-03-22T00:26:00.000000 5053.449080396 -1810.781541325 4027.926380564 3.94352525060 -2.59912051438 -6.09106552649
2024-03-22T00:27:00.000000 5277.897533774 -1962.314467476 3653.178221341 3.53512890334 -2.44997932247 -6.39559286905
2024-03-22T00:28:00.000000 5477.328928409 -2104.546604174 3261.063038080 3.10995429203 -2.28921720314 -6.66973499727
2024-03-22T00:29:00.000000 5650.796954366 -2236.803390086 2853.444111881 2.67002740046 -2.11759973121 -6.91217770327
2024-03-22T00:30:00.000000 5797.479121525 -2358.457789651 2432.259068687 2.21744807614 -1.93594487025 -7.12175788646
2024-03-22T00:31:00.000000 5916.680966908 -2468.933370751 1999.510627052 1.75438261721 -1.74512144238 -7.29747057968
2024-03-22T00:32:00.000000 6007.839656464 -2567.707292058 1557.256820893 1.28304953926 -1.54604572857 -7.43847789022
2024-03-22T00:33:00.000000 6070.526689436 -2654.312900474 1107.600818813 0.80570599020 -1.33967321753 -7.54411400698
2024-03-22T00:34:00.000000 6104.449812162 -2728.341902719 652.680600123 0.32463541952 -1.12699310306 -7.61388293448
2024-03-22T00:35:00.000000 6109.454537730 -2789.446323131 194.658756081 -0.15785534568 -0.90902629034 -7.64746342295
2024-03-22T00:36:00.000000 6085.524945063 -2837.340208741 -264.288330642 -0.63945772413 -0.68681749920 -7.64471541324
2024-03-22T00:37:00.000000 6032.783448517 -2871.800861246 -721.981013115 -1.11786855802 -0.46143143707 -7.60566997984
2024-03-22T00:38:00.000000 5951.490332617 -2892.670067586 -1176.246959019 -1.59079965046 -0.23394987911 -7.53054157111
2024-03-22T00:39:00.000000 5842.042222919 -2899.854700273 -1624.932053739 -2.05599586296 -0.00546085491 -7.41972163620
2024-03-22T00:40:00.000000 5704.969771338 -2893.327011452 -2065.910898463 -2.51124663446 0.22294599073 -7.27377451236
2024-03-22T00:41:00.000000 5540.934737661 -2873.124597524 -2497.096970865 -2.95439392059 0.45018228149 -7.09343169125
2024-03-22T00:42:00.000000 5350.726501640 -2839.350166232 -2916.452634455 -3.38334375362 0.67516778647 -6.87959086616
2024-03-22T00:43:00.000000 5135.257823857 -2792.170756742 -3321.998970086 -3.79607970593 0.89683922059 -6.63330953857
2024-03-22T00:44:00.000000 4895.559908360 -2731.816653957 -3711.824954147 -4.19066996553 1.11415171745 -6.35579203507
2024-03-22T00:45:00.000000 4632.777283990 -2658.580177953 -4084.096210962 -4.56527075995 1.32608371857 -6.04838907605
2024-03-22T00:46:00.000000 4348.162087914 -2572.814110058 -4437.063677093 -4.91814195893 1.53164188092 -5.71259170632
2024-03-22T00:47:00.000000 4043.067472934 -2474.929813408 -4769.071524140 -5.24765542466 1.72986819536 -5.35001383264
2024-03-22T00:48:00.000000 3718.941067359 -2365.394999820 -5078.564299840 -5.55229141337 1.91984218413 -4.96238784395
2024-03-22T00:49:00.000000 3377.318142024 -2244.731439784 -5364.093945823 -5.83064968478 2.10068322490 -4.55155936929
2024-03-22T00:50:00.000000 3019.814219134 -2113.512422865 -5624.326292357 -6.08145663444 2.27155540547 -4.11947734577
2024-03-22T00:51:00.000000 2648.117294125 -1972.359945052 -5858.046923194 -6.30357071806 2.43167163117 -3.66818282862
2024-03-22T00:52:00.000000 2263.979792323 -1821.941670289 -6064.166390376 -6.49598653430 2.58029761341 -3.19979845413
2024-03-22T00:53:00.000000 1869.210320854 -1662.967655155 -6241.724707665 -6.65783619734 2.71675410138 -2.71651479925
2024-03-22T00:54:00.000000 1465.665510799 -1496.187118362 -6389.895228112 -6.78838752568 2.84041560386 -2.22058619741
2024-03-22T00:55:00.000000 1055.241625485 -1322.385028147 -6507.988376026 -6.88705366956 2.95071700692 -1.71432471991
2024-03-22T00:56:00.000000 639.865664195 -1142.378372240 -6595.454438088 -6.95339441885 3.04715562652 -1.20007690894
2024-03-22T00:57:00.000000 221.486959707 -957.012486650 -6651.885488997 -6.98710683293 3.12928964622 -0.68022402563
2024-03-22T00:58:00.000000 -197.931354095 -767.157320801 -6677.017418950 -6.98803440356 3.19674068611 -0.15717672991
2024-03-22T00:59:00.000000 -616.421282826 -573.703539393 -6670.731346886 -6.95617250725 3.24919712307 0.36663815639
2024-03-22T01:00:00.000000 -1032.019033711 -377.558496221 -6633.054010817 -6.89166439101 3.28641440358 0.88879474019
2024-03-22T01:01:00.000000 -1442.773755922 -179.642153409 -6564.157516065 -6.79479831595 3.30821674042 1.40687508740
2024-03-22T01:02:00.000000 -1846.756183513 19.116992255 -6464.358561936 -6.66600461152 3.31449542445 1.91847784892
2024-03-22T01:03:00.000000 -2242.067150102 217.786002728 -6334.117385100 -6.50585797657 3.30521180340 2.42122147179
2024-03-22T01:04:00.000000 -2626.846418884 415.431776910 -6174.036046837 -6.31507962897 3.28039875081 2.91276359511
2024-03-22T01:05:00.000000 -2999.281117242 611.125222479 -5984.855705398 -6.09452639315 3.24015652389 3.39080986086
2024-03-22T01:06:00.000000 -3357.613843493 803.945316422 -5767.453683548 -5.84519061049 3.18465448277 3.85311713408
2024-03-22T01:07:00.000000 -3700.150839674 992.983319228 -5522.840132642 -5.56820202040 3.11413281673 4.29750279913
2024-03-22T01:08:00.000000 -4025.270271493 1177.347042297 -5252.153929423 -5.26482651732 3.02890274912 4.72186229241
2024-03-22T01:09:00.000000 -4331.429973371 1356.165051446 -4956.657580064 -4.93645279260 2.92934521546 5.12417902240
2024-03-22T01:10:00.000000 -4617.174756356 1528.590887230 -4637.731768409 -4.58459025657 2.81591078339 5.50253307828
2024-03-22T01:11:00.000000 -4881.143386007 1693.807073438 -4296.869236106 -4.21086046071 2.68911487304 5.85510955931
2024-03-22T01:12:00.000000 -5122.075216014 1851.028995231 -3935.668315998 -3.81699432778 2.54953721105 6.18020546387
2024-03-22T01:13:00.000000 -5338.816599222 1999.508704950 -3555.825868543 -3.40482599985 2.39781985029 6.47624134987
2024-03-22T01:14:00.000000 -5530.326802709 2138.538594451 -3159.129605572 -2.97628400796 2.23466537923 6.74176942712
2024-03-22T01:15:00.000000 -5695.683469016 2267.455002652 -2747.449892881 -2.53338376349 2.06083520534 6.97548475485
2024-03-22T01:16:00.000000 -5834.087407311 2385.641532386 -2322.730899828 -2.07821362231 1.87714228401 7.17623176617
2024-03-22T01:17:00.000000 -5944.866838009 2492.532033838 -1886.981628160 -1.61293199665 1.68444895447 7.34300709631
2024-03-22T01:18:00.000000 -6027.481288161 2587.613607939 -1442.266350778 -1.13975394606 1.48366702994 7.47497284560
2024-03-22T01:19:00.000000 -6081.524528251 2670.429345871 -990.694591686 -0.66093782302 1.27574973459 7.57145901458
2024-03-22T01:20:00.000000 -6106.726898722 2740.580656322 -534.410941581 -0.17877592007 1.06168764908 7.63196768443
2024-03-22T01:21:00.000000 -6102.956934290 2797.729434817 -75.584526977 0.30442084438 0.84250488975 7.65617906772
2024-03-22T01:22:00.000000 -6070.222124518 2841.599802662 383.601581162 0.78633129287 0.61925083533 7.64394848179
2024-03-22T01:23:00.000000 -6008.669332948 2871.979512142 840.961100261 1.26463464074 0.39299617436 7.59531439820
2024-03-22T01:24:00.000000 -5918.584165501 2888.721049634 1294.315519228 1.73702915272 0.16482713658 7.51049664427
2024-03-22T01:25:00.000000 -5800.389470420 2891.742406332 1741.504830115 2.20124309993 -0.06415983605 7.38989138043
2024-03-22T01:26:00.000000 -5654.643324905 2881.027538819 2180.398050324 2.65504213491 -0.29286341552 7.23407029232
2024-03-22T01:27:00.000000 -5482.036434678 2856.626453855 2608.903775933 3.09624228900 -0.52018434958 7.04378033498
2024-03-22T01:28:00.000000 -5283.388681192 2818.654919427 3024.980531250 3.52272341585 -0.74503058971 6.81993792466
2024-03-22T01:29:00.000000 -5059.644968749 2767.293880403 3426.646787182 3.93244014218 -0.96632257388 6.56362380047
2024-03-22T01:30:00.000000 -4811.870425491 2702.788529057 3811.990621098 4.32343194501 -1.18299945582 6.27607633021
2024-03-22T01:31:00.000000 -4541.245039511 2625.446994110 4179.178957338 4.69383194567 -1.39402491937 5.95868427417
2024-03-22T01:32:00.000000 -4249.057778107 2535.638714028 4526.466417618 5.04187647140 -1.59839279307 5.61298068690
2024-03-22T01:33:00.000000 -3936.700077574 2433.792479605 4852.203610375 5.36591401525 -1.79513077526 5.24062991736
2024-03-22T01:34:00.000000 -3605.659042381 2320.394363607 5154.844807353 5.66440853991 -1.98330314843 4.84342313891
2024-03-22T01:35:00.000000 -3257.510173708 2195.985275132 5432.955413558 5.93595154828 -2.16201847051 4.42327110443
2024-03-22T01:36:00.000000 -2893.909448491 2061.158187767 5685.218655498 6.17926947626 -2.33043343828 3.98218785581
2024-03-22T01:37:00.000000 -2516.585199189 1916.555156843 5910.441395136 6.39322386391 -2.48775546841 3.52227959595
2024-03-22T01:38:00.000000 -2127.329938492 1762.864214633 6107.559535755 6.57681548653 -2.63324524258 3.04574019147
2024-03-22T01:39:00.000000 -1727.991736980 1600.816061175 6275.642923045 6.72919236186 -2.76622030808 2.55483805575
2024-03-22T01:40:00.000000 -1320.465297950 1431.180586105 6413.899393196 6.84965183419 -2.88605699423 2.05190220416
2024-03-22T01:41:00.000000 -906.683106375 1254.763274342 6521.678138629 6.93763710659 -2.99219328663 1.53931564250
2024-03-22T01:42:00.000000 -488.606458747 1072.401337904 6598.472826671 6.99274676041 -3.08413464620 1.01950740958
2024-03-22T01:43:00.000000 -68.216077787 884.959586275 6643.923641445 7.01473237935 -3.16145459618 0.49493091173
2024-03-22T01:44:00.000000 352.496917201 693.326478870 6657.818705939 7.00349769046 -3.22379231185 -0.03193691886
2024-03-22T01:45:00.000000 771.540336323 498.410008202 6640.095106726 6.95910271837 -3.27085743591 -0.55861003970
2024-03-22T01:46:00.000000 1186.930213386 301.133474509 6590.839084479 6.88176137632 -3.30243066121 -1.08260445726
2024-03-22T01:47:00.000000 1596.699993821 102.431131010 6510.285557978 6.77183955103 -3.31836604197 -1.60145019837
2024-03-22T01:48:00.000000 1998.909577235 -96.756144650 6398.817025919 6.62985373012 -3.31858862321 -2.11269899232
2024-03-22T01:49:00.000000 2391.654418498 -295.485161684 6256.961907729 6.45647160023 -3.30309656751 -2.61393783929
2024-03-22T01:50:00.000000 2773.074396181 -492.814820571 6085.392057897 6.25250554181 -3.27196125953 -3.10279976385
2024-03-22T01:51:00.000000 3141.362417415 -687.810472625 5884.919790791 6.01891088715 -3.22532649004 -3.57697119664
2024-03-22T01:52:00.000000 3494.772959888 -879.548337259 5656.494331295 5.75678356965 -3.16341094735 -4.03420435654
2024-03-22T01:53:00.000000 3831.630321739 -1067.119919078 5401.197509378 5.46735451852 -3.08650436775 -4.47232832533
2024-03-22T01:54:00.000000 4150.336648570 -1249.636171603 5120.238862169 5.15198691064 -2.99496565898 -4.88925903588
2024-03-22T01:55:00.000000 4449.379657033 -1426.231699426 4814.950092701 4.81216851588 -2.88922429068 -5.28300993069
2024-03-22T01:56:00.000000 4727.339893663 -1596.068957248 4486.778949662 4.44950512711 -2.76977868577 -5.65170074115
2024-03-22T01:57:00.000000 4982.897689132 -1758.342306698 4137.282555538 4.06571592308 -2.63719340758 -5.99356829940
2024-03-22T01:58:00.000000 5214.839645703 -1912.281877922 3768.120017161 3.66262199688 -2.49209585620 -6.30697693168
2024-03-22T01:59:00.000000 5422.064523058 -2057.157335198 3381.044685998 3.24214083251 -2.33517651714 -6.59042244810
2024-03-22T02:00:00.000000 5603.588880680 -2192.281562813 2977.895843549 2.80627878451 -2.16718398071 -6.84254695665
2024-03-22T02:01:00.000000 5758.551919224 -2317.013913668 2560.589704569 2.35711605016 -1.98891835102 -7.06214406200
2024-03-22T02:02:00.000000 5886.219656871 -2430.763332146 2131.110209795 1.89679767430 -1.80123252079 -7.24816377548
2024-03-22T02:03:00.000000 5985.988511708 -2532.991357025 1691.499494118 1.42752441299 -1.60502518151 -7.39971700858
2024-03-22T02:04:00.000000 6057.388391116 -2623.214709966 1243.848032327 0.95154233107 -1.40123676123 -7.51608273788
2024-03-22T02:05:00.000000 6100.084958991 -2701.007646711 790.284463037 0.47112982326 -1.19084352763 -7.59670941619
2024-03-22T02:06:00.000000 6113.881486366 -2766.004021306 332.965319993 -0.01140676877 -0.97485545499 -7.64122113437
2024-03-22T02:07:00.000000 6098.719966337 -2817.899154369 -125.935746147 -0.49375279664 -0.75431085234 -7.64942286924
2024-03-22T02:08:00.000000 6054.681071280 -2856.451344032 -584.238810611 -0.97360279442 -0.53026769023 -7.62129920855
2024-03-22T02:09:00.000000 5981.983500342 -2881.482756062 -1039.768164097 -1.44866045308 -0.30379885252 -7.55700777824
2024-03-22T02:10:00.000000 5880.983047756 -2892.880368738 -1490.363153363 -1.91665824457 -0.07598814637 -7.45689215784
2024-03-22T02:11:00.000000 5752.170169501 -2890.596209446 -1933.888838522 -2.37537441770 0.15207850900 -7.32146313885
2024-03-22T02:12:00.000000 5596.167301302 -2874.647636458 -2368.245963515 -2.82263357069 0.37931109992 -7.15140125676
2024-03-22T02:13:00.000000 5413.725597515 -2845.117191384 -2791.381178925 -3.25632226670 0.60462847870 -6.94755420710
2024-03-22T02:14:00.000000 5205.720946800 -2802.151869553 -3201.296808541 -3.67439777683 0.82696392216 -6.71092932265
2024-03-22T02:15:00.000000 4973.149426133 -2745.962144643 -3596.060275263 -4.07489822600 1.04526888649 -6.44268819932
2024-03-22T02:16:00.000000 4717.122159708 -2676.820775747 -3973.813147805 -4.45595201204 1.25851617636 -6.14413966586
2024-03-22T02:17:00.000000 4438.859598133 -2595.061344799 -4332.779772844 -4.81578857325 1.46570747977 -5.81673185077
2024-03-22T02:18:00.000000 4139.685280215 -2501.076341920 -4671.275158342 -5.15274143595 1.66587674991 -5.46203786157
2024-03-22T02:19:00.000000 3821.019509711 -2395.315245164 -4987.712482507 -5.46525398628 1.85809181458 -5.08175599155
2024-03-22T02:20:00.000000 3484.372451629 -2278.282278896 -5280.610305827 -5.75188815601 2.04146058922 -4.67769905233
2024-03-22T02:21:00.000000 3131.336865867 -2150.533898650 -5548.599179200 -6.01132995714 2.21513477977 -4.25178580023
2024-03-22T02:22:00.000000 2763.580469370 -2012.676038353 -5790.427708944 -6.24239562578 2.37831399946 -3.80603074283
2024-03-22T02:23:00.000000 2382.837990942 -1865.361146712 -6004.967978307 -6.44403600387 2.53024867303 -3.34253366341
2024-03-22T02:24:00.000000 1990.902956708 -1709.285034052 -6191.220310659 -6.61534030142 2.67024318700 -2.86346682287
2024-03-22T02:25:00.000000 1589.619463775 -1545.183656495 -6348.317311956 -6.75553413497 2.79765520605 -2.37106758716
2024-03-22T02:26:00.000000 1180.873788653 -1373.829732781 -6475.527626956 -6.86398612871 2.91190305717 -1.86763021202
2024-03-22T02:27:00.000000 766.585864278 -1196.029026251 -6572.258958493 -6.94020639908 3.01246614294 -1.35549506461
2024-03-22T02:28:00.000000 348.700608725 -1012.616738883 -6638.060579971 -6.98385187978 3.09888394600 -0.83703827024
2024-03-22T02:29:00.000000 -70.820802743 -824.453895822 -6672.625226636 -6.99472462746 3.17075702541 -0.31466564005
2024-03-22T02:30:00.000000 -490.009845815 -632.423454755 -6675.790571607 -6.97277717380 3.22775439851 0.20920101319
2024-03-22T02:31:00.000000 -906.899536085 -437.426183628 -6647.539731791 -6.91810812129 3.26961310620 0.73213658705
2024-03-22T02:32:00.000000 -1319.533164470 -240.376655544 -6588.001215879 -6.83096120100 3.29613551769 1.25172079015
2024-03-22T02:33:00.000000 -1725.972998580 -42.199262682 -6497.448431942 -6.71172478644 3.30719315233 1.76554594604
2024-03-22T02:34:00.000000 -2124.308856389 156.175999745 -6376.298639892 -6.56092929776 3.30272683684 2.27122525616
2024-03-22T02:35:00.000000 -2512.666782888 353.817585709 -6225.111450869 -6.37925170214 3.28274430402 2.76640364867
2024-03-22T02:36:00.000000 -2889.217620085 549.796508737 -6044.586467329 -6.16750670734 3.24732373791 3.24877035691
2024-03-22T02:37:00.000000 -3252.185177789 743.190592306 -5835.560531333 -5.92664593397 3.19661344465 3.71606270141
2024-03-22T02:38:00.000000 -3599.854567030 933.088673884 -5599.004558110 -5.65776122025 3.13083310015 4.16607692478
2024-03-22T02:39:00.000000 -3930.580484357 1118.594951883 -5336.019498918 -5.36207894460 3.05027455019 4.59668436253
2024-03-22T02:40:00.000000 -4242.795060798 1298.833226153 -5047.831429956 -5.04095160762 2.95529840279 5.00584461988
2024-03-22T02:41:00.000000 -4535.015157980 1472.950890380 -4735.786176572 -4.69585213984 2.84633097851 5.39160708107
2024-03-22T02:42:00.000000 -4805.849593620 1640.122919079 -4401.343527059 -4.32837014640 2.72386443690 5.75212565928
2024-03-22T02:43:00.000000 -5054.005827793 1799.555718214 -4046.070826672 -3.94020436546 2.58845494733 6.08566176130
2024-03-22T02:44:00.000000 -5278.296482947 1950.491066392 -3671.636245762 -3.53316008666 2.44072519455 6.39059573440
2024-03-22T02:45:00.000000 -5477.645457131 2092.209988117 -3279.801231819 -3.10913966347 2.28135959618 6.66543971501
2024-03-22T02:46:00.000000 -5651.093470330 2224.036287474 -2872.412344612 -2.67013320481 2.11109939939 6.90884528815
2024-03-22T02:47:00.000000 -5797.803046412 2345.339927098 -2451.392733847 -2.21820937008 1.93074137998 7.11960925680
2024-03-22T02:48:00.000000 -5917.062982347 2455.540191992 -2018.733165128 -1.75550722948 1.74113190615 7.29668170722
2024-03-22T02:49:00.000000 -6008.292407277 2554.108587172 -1576.482676146 -1.28423079740 1.54316545652 7.43917288984
2024-03-22T02:50:00.000000 -6071.044081357 2640.571661414 -1126.738533103 -0.80662634148 1.33778126352 7.54636365075
2024-03-22T02:51:00.000000 -6105.006722047 2714.513575726 -671.636168747 -0.32497985132 1.12595973449 7.61770398039
2024-03-22T02:52:00.000000 -6110.006956635 2775.578275252 -213.338603970 0.15840134698 0.90871152559 7.65282271685
2024-03-22T02:53:00.000000 -6086.010268380 2823.471184601 245.974054015 0.64119697771 0.68707541243 7.65152213010
2024-03-22T02:54:00.000000 -6033.121521141 2857.960818484 704.115168954 1.12108310080 0.46211460011 7.61378365509
2024-03-22T02:55:00.000000 -5951.584707182 2878.880055273 1158.902505995 1.59574925608 0.23491013698 7.53977162620
2024-03-22T02:56:00.000000 -5841.781814361 2886.127040781 1608.169054354 2.06290686745 0.00655598239 7.42983057157
2024-03-22T02:57:00.000000 -5704.230997980 2879.665720570 2049.774002612 2.52030994647 -0.22185054384 7.28448605808
2024-03-22T02:58:00.000000 -5539.583777312 2859.525899739 2481.613065723 2.96575742108 -0.44921136530 7.10443196491
2024-03-22T02:59:00.000000 -5348.622081657 2825.803079416 2901.628940550 3.39710855697 -0.67443629548 6.89053817578
2024-03-22T03:00:00.000000 -5132.254078896 2778.657869861 3307.821357354 3.81229593585 -0.89644541883 6.64383535469
2024-03-22T03:01:00.000000 -4891.509653171 2718.315253585 3698.256737936 4.20933230440 -1.11417418833 6.36551532773
2024-03-22T03:02:00.000000 -4627.535171227 2645.063402538 4071.077618258 4.58632330387 -1.32658208860 6.05692111356
2024-03-22T03:03:00.000000 -4341.587810845 2559.252100487 4424.511429018 4.94147019418 -1.53265610274 5.71953952651
2024-03-22T03:04:00.000000 -4035.029541622 2461.291037868 4756.879095150 5.27308153499 -1.73141292399 5.35499897998
2024-03-22T03:05:00.000000 -3709.320227012 2351.647867994 5066.603209851 5.57958689400 -1.92190530983 4.96505750957
2024-03-22T03:06:00.000000 -3366.010247314 2230.845781298 5352.215426657 5.85954006128 -2.10323027287 4.55159113986
2024-03-22T03:07:00.000000 -3006.732847918 2099.460720855 5612.363258584 6.11162630208 -2.27453261211 4.11658358629
2024-03-22T03:08:00.000000 -2633.196106046 1958.118469246 5845.816171719 6.33466642541 -2.43500655902 3.66211462224
2024-03-22T03:09:00.000000 -2247.174694289 1807.491631323 6051.471065677 6.52762051655 -2.58389750108 3.19035089295
2024-03-22T03:10:00.000000 -1850.501394779 1648.296441703 6228.357227379 6.68959188569 -2.72050686894 2.70353686683
2024-03-22T03:11:00.000000 -1445.058439314 1481.289240504 6375.640665391 6.81982957934 -2.84419645916 2.20398334426
2024-03-22T03:12:00.000000 -1032.768685935 1307.262899392 6492.627736183 6.91773047256 -2.95438654075 1.69405702132
2024-03-22T03:13:00.000000 -615.586596992 1127.043214872 6578.768345260 6.98284561731 -3.05056095433 1.17617342042
2024-03-22T03:14:00.000000 -195.488965726 941.484904700 6633.658336940 7.01487838063 -3.13227163025 0.65278035543
2024-03-22T03:15:00.000000 225.534228121 751.467552578 6657.041256297 7.01368715540 -3.19913786172 0.12635102383
2024-03-22T03:16:00.000000 645.489172421 557.891549243 6648.809425065 6.97928509318 -3.25084714049 -0.40062993653
2024-03-22T03:17:00.000000 1062.387481711 361.673895533 6609.004379633 6.91184029940 -3.28715880521 -0.92567562186
2024-03-22T03:18:00.000000 1474.255471329 163.743869457 6537.816560002 6.81167360398 -3.30790403585 -1.44631132567
2024-03-22T03:19:00.000000 1879.143192138 -34.961274247 6435.584373258 6.67925596158 -3.31298597397 -1.96008041054
2024-03-22T03:20:00.000000 2275.133542988 -233.500658092 6302.792787143 6.51521085726 -3.30238084489 -2.46455720815
2024-03-22T03:21:00.000000 2660.351225912 -430.934158411 6140.071040215 6.32030730637 -3.27613732156 -2.95735904601
2024-03-22T03:22:00.000000 3032.971466792 -626.326746786 5948.189876110 6.09546085517 -3.23437664623 -3.43615436224
2024-03-22T03:23:00.000000 3391.228730519 -818.752834839 5728.058001558 5.84172871676 -3.17729239164 -3.89867795576
2024-03-22T03:24:00.000000 3733.424877171 -1007.300642052 5480.717856505 5.56029946265 -3.10515094690 -4.34273727272
2024-03-22T03:25:00.000000 4057.937117637 -1191.076520753 5207.341153127 5.25249702060 -3.01829045303 -4.76621875505
2024-03-22T03:26:00.000000 4363.226018685 -1369.209240887 4909.223554807 4.91977353712 -2.91711940481 -5.16710617518
2024-03-22T03:27:00.000000 4647.842890109 -1540.854115509 4587.778611446 4.56370120251 -2.80211395596 -5.54348754485
2024-03-22T03:28:00.000000 4910.436820475 -1705.197053706 4244.531196804 4.18596531194 -2.67381762263 -5.89356552030
2024-03-22T03:29:00.000000 5149.761212925 -1861.458566642 3881.110413016 3.78835690210 -2.53284011550 -6.21566480068
2024-03-22T03:30:00.000000 5364.679918258 -2008.897606701 3499.241943591 3.37276516726 -2.37985140253 -6.50824252603
2024-03-22T03:31:00.000000 5554.172932396 -2146.814996016 3100.739875011 2.94117061834 -2.21557760329 -6.76989710908
2024-03-22T03:32:00.000000 5717.341399785 -2274.556813300 2687.497918663 2.49562931544 -2.04080032894 -6.99937526332
2024-03-22T03:33:00.000000 5853.412102067 -2391.517621443 2261.480487585 2.03827225617 -1.85635389393 -7.19557666473
2024-03-22T03:34:00.000000 5961.741493080 -2497.143516867 1824.713097613 1.57128794079 -1.66312073158 -7.35756478253
2024-03-22T03:35:00.000000 6041.818777794 -2590.934861442 1379.272497178 1.09691099190 -1.46202651270 -7.48456927772
2024-03-22T03:36:00.000000 6093.268351890 -2672.448749967 927.276588066 0.61741179607 -1.25403592388 -7.57598942391
2024-03-22T03:37:00.000000 6115.851644837 -2741.301171941 470.874115469 0.13508575008 -1.04014628351 -7.63139789219
2024-03-22T03:38:00.000000 6109.468324059 -2797.168826874 12.234251772 -0.34775604177 -0.82138361420 -7.65054182125
2024-03-22T03:39:00.000000 6074.156918256 -2839.790762723 -446.464023575 -0.82879836328 -0.59879962894 -7.63334793802
2024-03-22T03:40:00.000000 6010.094551787 -2868.969799597 -903.042829063 -1.30574009522 -0.37346649774 -7.57992631379
2024-03-22T03:41:00.000000 5917.595624503 -2884.573328890 -1355.336257205 -1.77630712854 -0.14646308645 -7.49056435840
2024-03-22T03:42:00.000000 5797.109985854 -2886.533669663 -1801.200849679 -2.23826119788 0.08112545740 -7.36572293322
2024-03-22T03:43:00.000000 5649.220386399 -2874.848256817 -2238.525942690 -2.68941204303 0.30821508480 -7.20603364389
2024-03-22T03:44:00.000000 5474.639283080 -2849.579396466 -2665.243749207 -3.12762795093 0.53372819505 -7.01229283809
2024-03-22T03:45:00.000000 5274.205088280 -2810.853758607 -3079.339077950 -3.55084364264 0.75659751392 -6.78545700046
2024-03-22T03:46:00.000000 5048.877867932 -2758.861638362 -3478.858840192 -3.95707102747 0.97577033555 -6.52663868408
2024-03-22T03:47:00.000000 4799.734440980 -2693.855909040 -3861.921233170 -4.34440794868 1.19021458605 -6.23710076139
2024-03-22T03:48:00.000000 4527.962899754 -2616.150575209 -4226.724547055 -4.71104897725 1.39892542239 -5.91824804996
2024-03-22T03:49:00.000000 4234.856606760 -2526.119051239 -4571.555362852 -5.05529145451 1.60092773892 -5.57161771124
2024-03-22T03:50:00.000000 3921.807842591 -2424.192272799 -4894.796308060 -5.37554203543 1.79528004515 -5.19887308024
2024-03-22T03:51:00.000000 3590.300996205 -2310.856533924 -5194.933396481 -5.67032504885 1.98107935556 -4.80179524911
2024-03-22T03:52:00.000000 3241.905316406 -2186.651047571 -5470.562780931 -5.93828834038 2.15746535881 -4.38227284382
2024-03-22T03:53:00.000000 2878.267347526 -2052.165264612 -5720.396922984 -6.17820854093 2.32362430147 -3.94229255062
2024-03-22T03:54:00.000000 2501.103042753 -1908.035991969 -5943.270141923 -6.38899555712 2.47879206231 -3.48392767211
2024-03-22T03:55:00.000000 2112.189754397 -1754.944280652 -6138.143545631 -6.56969364804 2.62225843380 -3.00933006444
2024-03-22T03:56:00.000000 1713.357999770 -1593.612169849 -6304.109427170 -6.71948653344 2.75336706193 -2.52071834089
2024-03-22T03:57:00.000000 1306.483118811 -1424.799470913 -6440.394999526 -6.83769696224 2.87151589816 -2.02037108195
2024-03-22T03:58:00.000000 893.476717388 -1249.300314337 -6546.365823572 -6.92379451194 2.97616423711 -1.51061806420
2024-03-22T03:59:00.000000 476.277868324 -1067.939376988 -6621.528298828 -6.97739228870 3.06683377472 -0.99382295668
2024-03-22T04:00:00.000000 56.844594374 -881.568240081 -6665.531672654 -6.99824748590 3.14310666680 -0.47238317914
2024-03-22T04:01:00.000000 -362.855024795 -691.061569003 -6678.169750462 -6.98626744833 3.20463228603 0.05128297596
2024-03-22T04:02:00.000000 -780.851791377 -497.313008164 -6659.381646062 -6.94150661902 3.25112778335 0.57475247566
2024-03-22T04:03:00.000000 -1195.184072841 -301.231259949 -6609.251860607 -6.86416351467 3.28237441920 1.09560215782
2024-03-22T04:04:00.000000 -1603.906583583 -103.736099441 -6528.010033891 -6.75458362520 3.29822228472 1.61142013283
2024-03-22T04:05:00.000000 -2005.099000374 94.245761817 -6416.029910795 -6.61325300883 3.29858960033 2.11981549647
2024-03-22T04:06:00.000000 -2396.874407977 291.784675568 -6273.827997595 -6.44080048366 3.28346051898 2.61842100607
2024-03-22T04:07:00.000000 -2777.388016803 487.952162165 -6102.061849166 -6.23800062432 3.25289088158 3.10490521201
2024-03-22T04:08:00.000000 -3144.845750533 681.825326015 -5901.527443853 -6.00576860861 3.20701069599 3.57698792678
2024-03-22T04:09:00.000000 -3497.512534164 872.491175020 -5673.155729348 -5.74515521828 3.14601931268 4.03245140494
2024-03-22T04:10:00.000000 -3833.720326128 1059.050727822 -5418.008672239 -5.45734358661 3.07018433471 4.46914766312
2024-03-22T04:11:00.000000 -4151.875948793 1240.623075376 -5137.274808057 -5.14364538612 2.97984074375 4.88500687635
2024-03-22T04:12:00.000000 -4450.468696849 1416.349491989 -4832.264293757 -4.80549728971 2.87539308670 5.27804710768
2024-03-22T04:13:00.000000 -4728.077659132 1585.397552338 -4504.403260975 -4.44445486991 2.75731299856 5.64638564066
2024-03-22T04:14:00.000000 -4983.378735280 1746.965117002 -4155.227619650 -4.06218869491 2.62613830611 5.98824807375
2024-03-22T04:15:00.000000 -5215.151294644 1900.284252000 -3786.376178435 -3.66047532560 2.48247077697 6.30198037061
2024-03-22T04:16:00.000000 -5422.284250093 2044.624974129 -3399.583215230 -3.24118880848 2.32697340669 6.58605524127
2024-03-22T04:17:00.000000 -5603.781735420 2179.298860851 -2996.670630961 -2.80629423254 2.16036791902 6.83908075508
2024-03-22T04:18:00.000000 -5758.768302605 2303.662478270 -2579.539594356 -2.35783941428 1.98343188611 7.05980786964
2024-03-22T04:19:00.000000 -5886.493670437 2417.120656408 -2150.161692308 -1.89794687906 1.79699595263 7.24714006656
2024-03-22T04:20:00.000000 -5986.336823480 2519.129562670 -1710.569516726 -1.42880080049 1.60193998773 7.40014127179
2024-03-22T04:21:00.000000 -6057.809362982 2609.199504051 -1262.846893572 -0.95263595212 1.39918782838 7.51804040024
2024-03-22T04:22:00.000000 -6100.558254718 2686.897428977 -809.118853315 -0.47172780706 1.18970317128 7.60023614486
2024-03-22T04:23:00.000000 -6114.367875617 2751.849195313 -351.541273770 0.01162104708 0.97448503771 7.64630189239
2024-03-22T04:24:00.000000 -6099.161270736 2803.741522894 107.709634834 0.49509252887 0.75456225009 7.65598658838
2024-03-22T04:25:00.000000 -6055.000819659 2842.323645340 566.447911527 0.97636189228 0.53098912366 7.62921709789
2024-03-22T04:26:00.000000 -5982.088245217 2867.408682963 1022.488655769 1.45311195978 0.30483967283 7.56610197479
2024-03-22T04:27:00.000000 -5880.763724651 2878.874632545 1473.658867430 1.92304598602 0.07720184847 7.46692903506
2024-03-22T04:28:00.000000 -5751.504372978 2876.665054240 1917.808240139 2.38389917105 -0.15082832872 7.33216666203
2024-03-22T04:29:00.000000 -5594.921896771 2860.789379455 2352.819821042 2.83345061447 -0.37815145715 7.16245811990
2024-03-22T04:30:00.000000 -5411.759658100 2831.322909788 2776.620612868 3.26953681333 -0.60367357303 6.95862497558
2024-03-22T04:31:00.000000 -5202.888598470 2788.406158342 3187.191940410 3.69006930396 -0.82631569738 6.72165304713
2024-03-22T04:32:00.000000 -4969.302765409 2732.243951862 3582.578928633 4.09303353337 -1.04501211813 6.45268397888
2024-03-22T04:33:00.000000 -4712.114565997 2663.104609989 3960.899979562 4.47650159038 -1.25871410482 6.15301794784
2024-03-22T04:34:00.000000 -4432.549115111 2581.318611369 4320.356027403 4.83864616272 -1.46639966927 5.82410365020
2024-03-22T04:35:00.000000 -4131.938003709 2487.276783858 4659.239066292 5.17774555645 -1.66707959890 5.46752631067
2024-03-22T04:36:00.000000 -3811.712825547 2381.428289470 4975.940189338 5.49219012855 -1.85979939384 5.08500319885
2024-03-22T04:37:00.000000 -3473.398134759 2264.278384424 5268.957270152 5.78049179536 -2.04364426992 4.67837503720
2024-03-22T04:38:00.000000 -3118.603905233 2136.385908461 5536.902137256 6.04129320540 -2.21774424618 4.24959725247
2024-03-22T04:39:00.000000 -2749.017473286 1998.360417463 5778.506980484 6.27337316758 -2.38127885486 3.80072450221
2024-03-22T04:40:00.000000 -2366.395274765 1850.859147126 5992.630001436 6.47565033129 -2.53348023080 3.33390042267
2024-03-22T04:41:00.000000 -1972.554401197 1694.583750976 6178.260364132 6.64718385454 -2.67363543189 2.85134554147
2024-03-22T04:42:00.000000 -1569.364126620 1530.276969595 6334.522665022 6.78717658128 -2.80108898462 2.35535241761
2024-03-22T04:43:00.000000 -1158.737099014 1358.719034215 6460.680899319 6.89498013843 -2.91524655063 1.84827324554
2024-03-22T04:44:00.000000 -742.620317919 1180.723996210 6556.141741972 6.97009838895 -3.01557554832 1.33250984517
2024-03-22T04:45:00.000000 -322.985931555 997.135965867 6620.457182102 7.01218976468 -3.10160693233 0.81050216634
2024-03-22T04:46:00.000000 98.178051581 808.825205868 6653.326392878 7.02106615371 -3.17293850425 0.28471472109
2024-03-22T04:47:00.000000 518.876907420 616.684060804 6654.597007684 6.99669284763 -3.22923672929 -0.24236958545
2024-03-22T04:48:00.000000 937.118539462 421.622755369 6624.265871032 6.93919189645 -3.27023943897 -0.76826280726
2024-03-22T04:49:00.000000 1350.922775298 224.565108475 6562.478893362 6.84883803718 -3.29575553040 -1.29048539407
2024-03-22T04:50:00.000000 1758.330479146 26.444260330 6469.530332181 6.72605808145 -3.30566566103 -1.80657342250
2024-03-22T04:51:00.000000 2157.412718854 -171.801689498 6345.861516793 6.57143150477 -3.29992410770 -2.31409127669
2024-03-22T04:52:00.000000 2546.279710601 -369.234084606 6192.058713185 6.38568251760 -3.27855760101 -2.81064377382
2024-03-22T04:53:00.000000 2923.089508695 -564.918039888 6008.850612510 6.16968274132 -3.24166546901 -3.29388104555
2024-03-22T04:54:00.000000 3286.056846292 -757.926820059 5797.105066193 5.92444777282 -3.18941957643 -3.76151655219
2024-03-22T04:55:00.000000 3633.461505943 -947.346130833 5557.825050798 5.65113039242 -3.12206318291 -4.21133390302
2024-03-22T04:56:00.000000 3963.656441891 -1132.278432303 5292.144094431 5.35101485062 -3.03991075884 -4.64119909136
2024-03-22T04:57:00.000000 4275.075485029 -1311.847159010 5001.321217338 5.02551335365 -2.94334734364 -5.04906452445
2024-03-22T04:58:00.000000 4566.241075902 -1485.200958380 4686.735404679 4.67616724523 -2.83282874371 -5.43298190812
2024-03-22T04:59:00.000000 4835.771693180 -1651.517959724 4349.878942696 4.30463183643 -2.70887944502 -5.79112507804
2024-03-22T05:00:00.000000 5082.388230853 -1810.009492698 3992.350039412 3.91266510911 -2.57208212781 -6.12179035961
2024-03-22T05:01:00.000000 5304.919711402 -1959.923684747 3615.845471783 3.50211343997 -2.42308072156 -6.42339131906
2024-03-22T05:02:00.000000 5502.309230506 -2100.549179076 3222.153686345 3.07493444870 -2.26258136714 -6.69446617150
2024-03-22T05:03:00.000000 5673.620441660 -2231.218924604 2813.146264273 2.63318554918 -2.09135714887 -6.93371191434
2024-03-22T05:04:00.000000 5818.042078647 -2351.313897303 2390.767476502 2.17896928699 -1.91022774868 -7.14000000237
2024-03-22T05:05:00.000000 5934.890772587 -2460.265386168 1957.025430560 1.71445547189 -1.72005649954 -7.31233581644
2024-03-22T05:06:00.000000 6023.615362186 -2557.558104099 1513.982710951 1.24187376793 -1.52175769176 -7.44990086868
2024-03-22T05:07:00.000000 6083.799458983 -2642.732733453 1063.745776455 0.76348486362 -1.31628126234 -7.55204901045
2024-03-22T05:08:00.000000 6115.163174716 -2715.387963893 608.454859961 0.28157821060 -1.10461155880 -7.61830167629
2024-03-22T05:09:00.000000 6117.564641275 -2775.182599215 150.273590705 -0.20153875574 -0.88776627817 -7.64835922476
2024-03-22T05:10:00.000000 6091.000482171 -2821.837168658 -308.621755298 -0.68355805851 -0.66678427114 -7.64209823108
2024-03-22T05:11:00.000000 6035.605662913 -2855.135127470 -766.052765398 -1.16217850736 -0.44272353636 -7.59957150301
2024-03-22T05:12:00.000000 5951.652699525 -2874.923849686 -1219.849481652 -1.63511809385 -0.21665587667 -7.52100790547
2024-03-22T05:13:00.000000 5839.550156438 -2881.115285551 -1667.860937044 -2.10012582491 0.01033904510 -7.40681119107
2024-03-22T05:14:00.000000 5699.840451986 -2873.686266067 -2107.965569457 -2.55499279524 0.23717897640 -7.25755734498
2024-03-22T05:15:00.000000 5533.196984635 -2852.678499741 -2538.081463256 -2.99756372527 0.46278466166 -7.07399123222
2024-03-22T05:16:00.000000 5340.420597095 -2818.198201497 -2956.176350001 -3.42574754956 0.68608606843 -6.85702204833
2024-03-22T05:17:00.000000 5122.435402893 -2770.415390636 -3360.277303161 -3.83752799218 0.90602712118 -6.60771767742
2024-03-22T05:18:00.000000 4880.283987382 -2709.562919737 -3748.480077626 -4.23097412854 1.12157036803 -6.32729838096
2024-03-22T05:19:00.000000 4615.121986524 -2635.935180607 -4118.957999985 -4.60424972589 1.33170290378 -6.01712815791
2024-03-22T05:20:00.000000 4328.212194596 -2549.886471899 -4469.970343089 -4.95562020821 1.53544152892 -5.67870653222
2024-03-22T05:21:00.000000 4020.918260602 -2451.829090405 -4799.870218633 -5.28345964323 1.73183675168 -5.31366053249
2024-03-22T05:22:00.000000 3694.697955910 -2342.231207404 -5107.111926270 -5.58625689951 1.91997588787 -4.92373429862
2024-03-22T05:23:00.000000 3351.096225976 -2221.614614211 -5390.257812444 -5.86261912116 2.09898521436 -4.51078531841
2024-03-22T05:24:00.000000 2991.737674335 -2090.552133389 -5647.984822010 -6.11128484577 2.26803848899 -4.07677217733
2024-03-22T05:25:00.000000 2618.318700150 -1949.664705913 -5879.090079214 -6.33112238343 2.42635801180 -3.62374200291
2024-03-22T05:26:00.000000 2232.599570092 -1799.618405176 -6082.496046880 -6.52113546334 2.57321766955 -3.15382339622
2024-03-22T05:27:00.000000 1836.396193564 -1641.121261877 -6257.255024097 -6.68046543811 2.70794525540 -2.66921366674
2024-03-22T05:28:00.000000 1431.571934379 -1474.920027248 -6402.553046597 -6.80838975184 2.82992226325 -2.17217398752
2024-03-22T05:29:00.000000 1020.029126523 -1301.796812129 -6517.713628151 -6.90433347609 2.93859020220 -1.66502165368
2024-03-22T05:30:00.000000 603.700262113 -1122.565357158 -6602.200463008 -6.96786493931 3.03345252999 -1.15011138784
2024-03-22T05:31:00.000000 184.539400722 -938.067369065 -6655.619583384 -6.99869794841 3.11407389345 -0.62983149010
2024-03-22T05:32:00.000000 -235.486683161 -749.168774236 -6677.721087985 -6.99669544546 3.18008335548 -0.10659386285
2024-03-22T05:33:00.000000 -654.407425295 -556.755727569 -6668.400078577 -6.96186641219 3.23117688345 0.41718170559
2024-03-22T05:34:00.000000 -1070.257107345 -361.730691050 -6627.697036817 -6.89436498466 3.26711558257 0.93907012249
2024-03-22T05:35:00.000000 -1481.083686669 -165.008419634 -6555.797705618 -6.79449131860 3.28772824288 1.45665691223
2024-03-22T05:36:00.000000 -1884.957334218 32.488013710 -6453.032266756 -6.66268608526 3.29290923027 1.96754132799
2024-03-22T05:37:00.000000 -2279.979039803 229.831332981 -6319.874424592 -6.49953687540 3.28262473653 2.46934311625
2024-03-22T05:38:00.000000 -2664.289467690 426.094363277 -6156.939605938 -6.30577761399 3.25691165137 2.95972103998
2024-03-22T05:39:00.000000 -3036.077496447 620.354244033 -5964.982237944 -6.08228010654 3.21587648063 3.43638376550
2024-03-22T05:40:00.000000 -3393.588385915 811.696550296 -5744.892640860 -5.83005229501 3.15969409726 3.89709436747
2024-03-22T05:41:00.000000 -3735.131918345 999.219431482 -5497.693438879 -5.55023623690 3.08860879849 4.33968118303
2024-03-22T05:42:00.000000 -4059.090359377 1182.037768603 -5224.535368624 -5.24410563948 3.00293393139 4.76204742168
2024-03-22T05:43:00.000000 -4363.926232925 1359.287311835 -4926.692424381 -4.91306095061 2.90305173557 5.16218308175
2024-03-22T05:44:00.000000 -4648.189735666 1530.128782361 -4605.556355001 -4.55862326558 2.78941203960 5.53817443402
2024-03-22T05:45:00.000000 -4910.525832013 1693.751886482 -4262.630615392 -4.18242953980 2.66253098764 5.88821352105
2024-03-22T05:46:00.000000 -5149.681000418 1849.379243893 -3899.523694931 -3.78622517655 2.52298913971 6.21060862419
2024-03-22T05:47:00.000000 -5364.509504527 1996.270179017 -3517.941896169 -3.37185650665 2.37142908385 6.50379240887
2024-03-22T05:48:00.000000 -5553.979232953 2133.724375876 -3119.681604210 -2.94126322712 2.20855300204 6.76633095068
2024-03-22T05:49:00.000000 -5717.177036544 2261.085360811 -2706.621050200 -2.49646977880 2.03511983019 6.99693109467
2024-03-22T05:50:00.000000 -5853.313578687 2377.743842932 -2280.711614835 -2.03957710763 1.85194264368 7.19444933946
2024-03-22T05:51:00.000000 -5961.727605740 2483.140815680 -1843.968614989 -1.57275214500 1.65988390946 7.35789877301
2024-03-22T05:52:00.000000 -6041.889623905 2576.770428609 -1398.461724749 -1.09821805625 1.45985238013 7.48645572448
2024-03-22T05:53:00.000000 -6093.404917018 2658.182629020 -946.304975478 -0.61824225256 1.25279847963 7.57946611354
2024-03-22T05:54:00.000000 -6116.015828614 2726.985527518 -489.646440538 -0.13512378255 1.03970968983 7.63644991022
2024-03-22T05:55:00.000000 -6109.603277018 2782.847453778 -30.657708539 0.34881909928 0.82160487173 7.65710356281
2024-03-22T05:56:00.000000 -6074.187576973 2825.498678063 428.476763625 0.83126008444 0.59952906465 7.64130204416
2024-03-22T05:57:00.000000 -6009.928561006 2854.732835771 885.570416853 1.30987694910 0.37454845410 7.58910054916
2024-03-22T05:58:00.000000 -5917.124952520 2870.408015131 1338.445426185 1.78236433255 0.14774431532 7.50073491033
2024-03-22T05:59:00.000000 -5796.212967866 2872.447500727 1784.943515048 2.24644679209 -0.07979235513 7.37662055875
2024-03-22T06:00:00.000000 -5647.764139904 2860.840175771 2222.936630095 2.69989084114 -0.30696691991 7.21734885544
2024-03-22T06:01:00.000000 -5472.482500568 2835.640570930 2650.337417409 3.14051541005 -0.53268675271 7.02368475778
2024-03-22T06:02:00.000000 -5271.201053052 2796.968553119 3065.109522839 3.56620436871 -0.75586767076 6.79656220553
2024-03-22T06:03:00.000000 -5044.877565225 2745.008643304 3465.277546130 3.97491669568 -0.97543955068 6.53707809366
2024-03-22T06:04:00.000000 -4794.589762503 2680.009030123 3848.936644001 4.36469658434 -1.19035112538 6.24648646297
2024-03-22T06:05:00.000000 -4521.529900470 2602.280272156 4214.261749884 4.73368362695 -1.39957538239 5.92619094558
2024-03-22T06:06:00.000000 -4226.998809699 2512.193748245 4559.516295413 5.08012025096 -1.60211254741 5.57773689855
2024-03-22T06:07:00.000000 -3912.399475611 2410.179866255 4883.060560186 5.40236085274 -1.79699611979 5.20280620059
2024-03-22T06:08:00.000000 -3579.229936962 2296.725817694 5183.359554976 5.69888396864 -1.98330090457 4.80320478936
2024-03-22T06:09:00.000000 -3229.075784211 2172.373013486 5458.989986337 5.96829242538 -2.16014451321 4.38084964435
2024-03-22T06:10:00.000000 -2863.602529452 2037.714444522 5708.646845803 6.20932107936 -2.32669136509 3.93776432244
2024-03-22T06:11:00.000000 -2484.547534944 1893.391696558 5931.149406443 6.42084048174 -2.48215771745 3.47606678998
2024-03-22T06:12:00.000000 -2093.711728676 1740.091757424 6125.446620565 6.60186191724 -2.62581403843 2.99795997520
2024-03-22T06:13:00.000000 -1692.950999020 1578.543691216 6290.621968306 6.75154369202 -2.75698845305 2.50572326898
2024-03-22T06:14:00.000000 -1284.167182480 1409.515029739 6425.897574225 6.86919585604 -2.87507055950 2.00169627786
2024-03-22T06:15:00.000000 -869.298918845 1233.808107036 6530.637422636 6.95428163859 -2.97951056019 1.48826553697
2024-03-22T06:16:00.000000 -450.312599638 1052.256400831 6604.349838089 7.00641189314 -3.06982089589 0.96785597519
2024-03-22T06:17:00.000000 -29.193446890 865.720655961 6646.689733209 7.02534957169 -3.14558063241 0.44292674417
2024-03-22T06:18:00.000000 392.063777509 675.084855658 6657.460234357 7.01101392558 -3.20643619515 -0.08404291371
2024-03-22T06:19:00.000000 811.464160174 481.252119339 6636.613506670 6.96348013727 -3.25210375008 -0.61056650843
2024-03-22T06:20:00.000000 1227.021886821 285.140480900 6584.250851348 6.88297612728 -3.28236989924 -1.13416050435
2024-03-22T06:21:00.000000 1636.769445661 87.678635860 6500.622297739 6.76988476110 -3.29709338213 -1.65235307600
2024-03-22T06:22:00.000000 2038.766911745 -110.198478973 6386.125387643 6.62474090443 -3.29620687970 -2.16270141419
2024-03-22T06:23:00.000000 2431.110819701 -307.554013474 6241.303201030 6.44822523963 -3.27971401262 -2.66279754627
2024-03-22T06:24:00.000000 2811.942967353 -503.453520372 6066.842045213 6.24116568940 -3.24769154245 -3.15027748986
2024-03-22T06:25:00.000000 3179.459168373 -696.969340769 5863.568405947 6.00453416257 -3.20028857796 -3.62283449830
2024-03-22T06:26:00.000000 3531.917781554 -887.184902037 5632.445191352 5.73944279092 -3.13772558435 -4.07822982390
2024-03-22T06:27:00.000000 3867.647940861 -1073.198990295 5374.567337750 5.44713769906 -3.06029391921 -4.51430246149
2024-03-22T06:28:00.000000 4185.057486931 -1254.129995926 5091.156912921 5.12899592993 -2.96835583663 -4.92897751136
2024-03-22T06:29:00.000000 4482.640716452 -1429.120187052 4783.557578949 4.78652118997 -2.86234479223 -5.32027923159
2024-03-22T06:30:00.000000 4758.985694483 -1597.339883269 4453.228227389 4.42133321037 -2.74276144236 -5.68634369923
2024-03-22T06:31:00.000000 5012.780921874 -1757.991358875 4101.736123749 4.03515988392 -2.61017027702 -6.02542313170
2024-03-22T06:32:00.000000 5242.821701332 -1910.312665823 3730.749632268 3.62983042190 -2.46519834920 -6.33589725244
2024-03-22T06:33:00.000000 5448.015860798 -2053.581242820 3342.030560766 3.20726872523 -2.30853268530 -6.61627146150
2024-03-22T06:34:00.000000 5627.389640871 -2187.117628538 2937.426098079 2.76949438221 -2.14092093264 -6.86519853942
2024-03-22T06:35:00.000000 5780.092815769 -2310.288856048 2518.859591350 2.31860307011 -1.96316571837 -7.08148828919
2024-03-22T06:36:00.000000 5905.402700439 -2422.511640050 2088.320968395 1.85674840591 -1.77611839605 -7.26411009025
2024-03-22T06:37:00.000000 6002.727507505 -2523.255114051 1647.857271200 1.38613927247 -1.58067476021 -7.41219289903
2024-03-22T06:38:00.000000 6071.609376400 -2612.043344012 1199.562779606 0.90902951772 -1.37776906577 -7.52503368109
2024-03-22T06:39:00.000000 6111.726774108 -2688.457572057 745.568755922 0.42770646275 -1.16837307005 -7.60210391895
2024-03-22T06:40:00.000000 6122.895950661 -2752.138414154 288.032894158 -0.05552644213 -0.95349288948 -7.64305081025
2024-03-22T06:41:00.000000 6105.071611711 -2802.787630728 -170.871220291 -0.53835894383 -0.73415897830 -7.64769758339
2024-03-22T06:42:00.000000 6058.347019759 -2840.169396174 -628.964684408 -1.01848469617 -0.51142090506 -7.61604354708
2024-03-22T06:43:00.000000 5982.953453003 -2864.111384283 -1084.073819685 -1.49361128585 -0.28634534510 -7.54826418592
2024-03-22T06:44:00.000000 5879.258946553 -2874.505620578 -1534.040827603 -1.96147516471 -0.06000910829 -7.44471264131
2024-03-22T06:45:00.000000 5747.766182220 -2871.308873767 -1976.734286557 -2.41985311940 0.16650737250 -7.30591424107
2024-03-22T06:46:00.000000 5589.109815458 -2854.542703467 -2410.059401873 -2.86657114381 0.39212575743 -7.13256462238
2024-03-22T06:47:00.000000 5404.053103878 -2824.293173660 -2831.968140737 -3.29951859589 0.61577496686 -6.92552536031
2024-03-22T06:48:00.000000 5193.483804956 -2780.710277487 -3240.468979082 -3.71665778893 0.83639635961 -6.68581779039
2024-03-22T06:49:00.000000 4958.409504379 -2724.006977671 -3633.636268826 -4.11603316288 1.05295007666 -6.41461477538
2024-03-22T06:50:00.000000 4699.952502420 -2654.458001757 -4009.619111216 -4.49577787971 1.26441799794 -6.11323434977
2024-03-22T06:51:00.000000 4419.344238208 -2572.398396662 -4366.649915844 -4.85412223012 1.46980802421 -5.78313466064
2024-03-22T06:52:00.000000 4117.919167350 -2478.221829279 -4703.052635078 -5.18940382233 1.66815983712 -5.42590713984
2024-03-22T06:53:00.000000 3797.108069443 -2372.378457778 -5017.250378051 -5.50007496660 1.85855087394 -5.04326379208
2024-03-22T06:54:00.000000 3458.430989809 -2255.372618840 -5307.772393719 -5.78470916986 2.04009862678 -4.63702879507
2024-03-22T06:55:00.000000 3103.489883641 -2127.760308767 -5573.260448638 -6.04200206309 2.21196363935 -4.20912808109
2024-03-22T06:56:00.000000 2733.961135747 -1990.146514663 -5812.474897192 -6.27077985760 2.37335378503 -3.76158655864
2024-03-22T06:57:00.000000 2351.587437708 -1843.182191707 -6024.300074798 -6.47000528765 2.52352879667 -3.29650955320
2024-03-22T06:58:00.000000 1958.169670074 -1687.561159910 -6207.748870158 -6.63877699348 2.66180060927 -2.81607590559
2024-03-22T06:59:00.000000 1555.558589268 -1524.016881819 -6361.966848142 -6.77633383704 2.78753611168 -2.32252734679
2024-03-22T07:00:00.000000 1145.646418166 -1353.319137777 -6486.235743999 -6.88205483635 2.90015796089 -1.81816006350
2024-03-22T07:01:00.000000 730.358411516 -1176.270602313 -6579.976588548 -6.95546093962 2.99914839135 -1.30532057880
2024-03-22T07:02:00.000000 311.644079252 -993.703040055 -6642.752399384 -6.99622319661 3.08405528104 -0.78639123209
2024-03-22T07:03:00.000000 -108.531774619 -806.473477168 -6674.269807259 -7.00416027477 3.15448895352 -0.26377573885
2024-03-22T07:04:00.000000 -528.197808154 -615.460371607 -6674.380123072 -6.97923514938 3.21012455974 0.26010763679
2024-03-22T07:05:00.000000 -945.384866123 -421.559712629 -6643.080039019 -6.92155838686 3.25070314592 0.78283399492
2024-03-22T07:06:00.000000 -1358.134760053 -225.681054668 -6580.511557318 -6.83138381551 3.27603107976 1.30198469257
2024-03-22T07:07:00.000000 -1764.508864239 -28.743524180 -6486.961622708 -6.70911104371 3.28598424750 1.81514906350
2024-03-22T07:08:00.000000 -2162.596931331 168.328426827 -6362.861137900 -6.55528552845 3.28050834443 2.31994100532
2024-03-22T07:09:00.000000 -2550.525798296 364.609147248 -6208.783234754 -6.37059805787 3.25961819748 2.81400799818
2024-03-22T07:10:00.000000 -2926.467955709 559.175949647 -6025.440836659 -6.15587814669 3.22339735200 3.29504367872
2024-03-22T07:11:00.000000 -3288.649777164 751.113224581 -5813.683759847 -5.91209271986 3.17199854690 3.76079312858
2024-03-22T07:12:00.000000 -3635.359715393 939.516605832 -5574.495281056 -5.64034335361 3.10564353493 4.20906394062
2024-03-22T07:13:00.000000 -3964.956290280 1123.497086989 -5308.988155387 -5.34186394606 3.02462282016 4.63773408629
2024-03-22T07:14:00.000000 -4275.875996090 1302.185202946 -5018.400052372 -5.01801895052 2.92929731266 5.04476434943
2024-03-22T07:15:00.000000 -4566.640917808 1474.735209448 -4704.088177929 -4.67029553286 2.82009624931 5.42821082362
2024-03-22T07:16:00.000000 -4835.865891259 1640.329102389 -4367.523310083 -4.30029732825 2.69751479347 5.78623322283
2024-03-22T07:17:00.000000 -5082.265308870 1798.180522204 -4010.283307948 -3.90973816389 2.56211229679 6.11710383716
2024-03-22T07:18:00.000000 -5304.659538125 1947.538552016 -3634.046106186 -3.50043564680 2.41451054620 6.41921594035
2024-03-22T07:19:00.000000 -5501.980964023 2087.691420727 -3240.582184069 -3.07430489899 2.25539237180 6.69109335865
2024-03-22T07:20:00.000000 -5673.279554930 2217.970084647 -2831.746392846 -2.63334815907 2.08549840947 6.93140113269
2024-03-22T07:21:00.000000 -5817.727768268 2337.751580120 -2409.469315876 -2.17964504973 1.90562368546 7.13895067248
2024-03-22T07:22:00.000000 -5934.624987108 2446.462209177 -1975.748266490 -1.71534515056 1.71661460388 7.31270791375
2024-03-22T07:23:00.000000 -6023.401369868 2543.580479388 -1532.637763717 -1.24265597248 1.51936433807 7.45180086204
2024-03-22T07:24:00.000000 -6083.620971188 2628.639808007 -1082.239671353 -0.76383143724 1.31480924299 7.55552404695
2024-03-22T07:25:00.000000 -6114.984238203 2701.230954203 -626.693082615 -0.28116250858 1.10392351139 7.62334290645
2024-03-22T07:26:00.000000 -6117.329895090 2761.004142213 -168.163893654 0.20303488532 0.88771439858 7.65489916437
2024-03-22T07:27:00.000000 -6090.636040380 2807.670919716 291.165852289 0.68643286870 0.66721792226 7.65001323556
2024-03-22T07:28:00.000000 -6035.020498244 2841.005707264 749.108757741 1.16670391643 0.44349272486 7.60868653693
2024-03-22T07:29:00.000000 -5950.740401393 2860.846969904 1203.482964579 1.64153435038 0.21761403437 7.53110216662
2024-03-22T07:30:00.000000 -5838.190947499 2867.098036879 1652.122983784 2.10863740569 -0.00933218765 7.41762198170
2024-03-22T07:31:00.000000 -5697.903502507 2859.727591759 2092.890348485 2.56576270086 -0.23625420812 7.26878506476
2024-03-22T07:32:00.000000 -5530.543008094 2838.769843579 2523.684244831 3.01071078483 -0.46206084867 7.08530633141
2024-03-22T07:33:00.000000 -5336.904558057 2804.324304233 2942.451822382 3.44134372440 -0.68566713866 6.86806883840
2024-03-22T07:34:00.000000 -5117.909477793 2756.555285541 3347.198199303 3.85559360424 -0.90599909798 6.61812147664
2024-03-22T07:35:00.000000 -4874.600749451 2695.691043569 3735.996309096 4.25147545300 -1.12200023261 6.33667467871
2024-03-22T07:36:00.000000 -4608.137651210 2622.022565863 4106.996339830 4.62709937295 -1.33263697660 6.02509155489
2024-03-22T07:37:00.000000 -4319.789791121 2535.901999931 4458.434587881 4.98067857341 -1.53690509817 5.68487747539
2024-03-22T07:38:00.000000 -4010.930761921 2437.740793374 4788.641717608 5.31053473394 -1.73383246324 5.31767176800
2024-03-22T07:39:00.000000 -3683.031387068 2328.007658374 5096.050627440 5.61510675907 -1.92248353090 4.92524123442
2024-03-22T07:40:00.000000 -3337.652486451 2207.226204235 5379.203758617 5.89295623824 -2.10196434700 4.50946906264
2024-03-22T07:41:00.000000 -2976.437388186 2075.972361439 5636.759898285 6.14277296406 -2.27142561771 4.07234945946
2024-03-22T07:42:00.000000 -2601.103902739 1934.871529383 5867.500569857 6.36338567772 -2.43006868112 3.61597635056
2024-03-22T07:43:00.000000 -2213.435901716 1784.595449277 6070.335516865 6.55376366553 -2.57714710666 3.14252886686
2024-03-22T07:44:00.000000 -1815.274725969 1625.859034064 6244.307672307 6.71302343832 -2.71196963127 2.65426542291
2024-03-22T07:45:00.000000 -1408.510206282 1459.416862216 6388.597463717 6.84043235793 -2.83390596039 2.15350825664
2024-03-22T07:46:00.000000 -995.071642478 1286.059408956 6502.526184507 6.93540620081 -2.94238976557 1.64262878756
2024-03-22T07:47:00.000000 -576.918998103 1106.609279870 6585.558778877 6.99750844164 -3.03691626900 1.12404355707
2024-03-22T07:48:00.000000 -156.033796381 921.917447920 6637.306320246 7.02645746398 -3.11704546457 0.60020443746
2024-03-22T07:49:00.000000 265.590197962 732.859266553 6657.527685933 7.02212667492 -3.18240478278 0.07358438416
2024-03-22T07:50:00.000000 685.956260984 540.330409588 6646.130506668 6.98454380915 -3.23268968547 -0.45333258858
2024-03-22T07:51:00.000000 1103.073930210 345.242730086 6603.171566418 6.91388998252 -3.26766567701 -0.97806019175
2024-03-22T07:52:00.000000 1514.968300985 148.520014751 6528.856624766 6.81050325821 -3.28716974616 -1.49812181588
2024-03-22T07:53:00.000000 1919.689348764 -48.906329794 6423.539292496 6.67487287454 -3.29111072402 -2.01106704522
2024-03-22T07:54:00.000000 2315.320830520 -246.101582493 6287.719344415 6.50763658160 -3.27946963711 -2.51447567292
2024-03-22T07:55:00.000000 2699.989212520 -442.132066939 6122.040495941 6.30957879344 -3.25230000615 -3.00597173220
2024-03-22T07:56:00.000000 3071.872310921 -636.069472069 5927.287520996 6.08162705208 -3.20972721499 -3.48323063087
2024-03-22T07:57:00.000000 3429.207891020 -826.995173967 5704.382848306 5.82485142569 -3.15194890546 -3.94399058113
2024-03-22T07:58:00.000000 3770.302063278 -1014.004592316 5454.382444663 5.54045932871 -3.07923556703 -4.38606380041
2024-03-22T07:59:00.000000 4093.537402225 -1196.211545968 5178.471020296 5.22979105972 -2.99192977368 -4.80734889772
2024-03-22T08:00:00.000000 4397.380719962 -1372.752497197 4877.956466065 4.89431315638 -2.89044263844 -5.20584315772
2024-03-22T08:01:00.000000 4680.390385223 -1542.790476313 4554.263634497 4.53560904519 -2.77524837519 -5.57965134251
2024-03-22T08:02:00.000000 4941.223039637 -1705.518924818 4208.927848848 4.15537037127 -2.64688757902 -5.92698587902
2024-03-22T08:03:00.000000 5178.640170769 -1860.165812315 3843.588357025 3.75540235975 -2.50597023162 -6.24617445371
2024-03-22T08:04:00.000000 5391.514859246 -2005.997620616 3459.980429521 3.33761383769 -2.35316805656 -6.53569164983
2024-03-22T08:05:00.000000 5578.837168350 -2142.322770192 3059.926556911 2.90399468409 -2.18920720870 -6.79415374734
2024-03-22T08:06:00.000000 5739.718926120 -2268.494903637 2645.327978731 2.45661310429 -2.01486916387 -7.02032131972
2024-03-22T08:07:00.000000 5873.398194656 -2383.916195244 2218.155640483 1.99760621668 -1.83098880546 -7.21311206554
2024-03-22T08:08:00.000000 5979.243045040 -2488.040278706 1780.440594168 1.52916954853 -1.63844581961 -7.37160524487
2024-03-22T08:09:00.000000 6056.754791509 -2580.374867476 1334.264143854 1.05354653089 -1.43816279546 -7.49504754108
2024-03-22T08:10:00.000000 6105.570439539 -2660.484206748 881.747658388 0.57301495015 -1.23110057423 -7.58285720762
2024-03-22T08:11:00.000000 6125.464442519 -2727.991231117 425.042172478 0.08987640122 -1.01825386794 -7.63462811014
2024-03-22T08:12:00.000000 6116.349685066 -2782.579376388 -33.682227769 -0.39355815083 -0.80064330341 -7.65013048583
2024-03-22T08:13:00.000000 6078.277792347 -2823.994013270 -492.246915380 -0.87497672900 -0.57931245905 -7.62931037015
2024-03-22T08:14:00.000000 6011.438805303 -2852.043643266 -948.475420159 -1.35207987414 -0.35532068119 -7.57229346823
2024-03-22T08:15:00.000000 5916.159999294 -2866.600710276 -1400.204093588 -1.82259451669 -0.12973985698 -7.47938048534
2024-03-22T08:16:00.000000 5792.904014448 -2867.602194843 -1845.292538365 -2.28428333120 0.09635271059 -7.35104617013
2024-03-22T08:17:00.000000 5642.266325587 -2855.049636843 -2281.633992090 -2.73495761242 0.32188267710 -7.18793524189
2024-03-22T08:18:00.000000 5464.972089533 -2829.008963758 -2707.165335673 -3.17248495243 0.54577863331 -6.99085822527
2024-03-22T08:19:00.000000 5261.872358590 -2789.610083226 -3119.877002900 -3.59480329191 0.76698083193 -6.76078739797
2024-03-22T08:20:00.000000 5033.939675496 -2737.046082007 -3517.822356982 -3.99992545946 0.98444275909 -6.49884853314
2024-03-22T08:21:00.000000 4782.263300651 -2671.572312205 -3899.127013455 -4.38595147507 1.19713788521 -6.20632369113
2024-03-22T08:22:00.000000 4508.043393568 -2593.504785398 -4261.997832653 -4.75108595372 1.40407134336 -5.88463459543
2024-03-22T08:23:00.000000 4212.584756769 -2503.218348728 -4604.730758430 -5.09363561142 1.60427601864 -5.53532954042
2024-03-22T08:24:00.000000 3897.290565868 -2401.144948752 -4925.718504105 -5.41201696598 1.79681782798 -5.16008459528
2024-03-22T08:25:00.000000 3563.655456740 -2287.771352801 -5223.457860077 -5.70476560799 1.98080383104 -4.76069057529
2024-03-22T08:26:00.000000 3213.258292151 -2163.636674605 -5496.556230348 -5.97053847618 2.15538203611 -4.33904302000
2024-03-22T08:27:00.000000 2847.754739019 -2029.329823971 -5743.737850076 -6.20812108229 2.31974623302 -3.89713942175
2024-03-22T08:28:00.000000 2468.869208142 -1885.486539859 -5963.849401077 -6.41643567243 2.47314140619 -3.43706047950
2024-03-22T08:29:00.000000 2078.386814480 -1732.786358300 -6155.864707919 -6.59453724847 2.61486336631 -2.96096383163
2024-03-22T08:30:00.000000 1678.145177673 -1571.949391933 -6318.889189301 -6.74162153150 2.74426436946 -2.47107534972
2024-03-22T08:31:00.000000 1270.025956981 -1403.732936173 -6452.163474652 -6.85702400854 2.86075197777 -1.96967496227
2024-03-22T08:32:00.000000 855.946518127 -1228.928215216 -6555.066604184 -6.94022073018 2.96378893557 -1.45909693081
2024-03-22T08:33:00.000000 437.851117951 -1048.356741121 -6627.119034777 -6.99083975691 3.05290407751 -0.94171599956
2024-03-22T08:34:00.000000 17.701918025 -862.866349100 -6667.984381226 -7.00865502566 3.12769007026 -0.41992852856
2024-03-22T08:35:00.000000 -402.529685378 -673.327473175 -6677.470627087 -6.99358537050 3.18780135948 0.10385024430
2024-03-22T08:36:00.000000 -820.871849786 -480.629319857 -6655.530988773 -6.94569650369 3.23295799213 0.62719699418
2024-03-22T08:37:00.000000 -1235.360982858 -285.675936193 -6602.264144611 -6.86519863175 3.26294602741 1.14768640709
2024-03-22T08:38:00.000000 -1644.050589149 -89.382074515 -6517.914057727 -6.75245051073 3.27762227524 1.66290446331
2024-03-22T08:39:00.000000 -2045.019981807 107.330920258 -6402.868960977 -6.60795445628 3.27691013240 2.17045605962
2024-03-22T08:40:00.000000 -2436.383081124 303.539211012 -6257.659942938 -6.43236060613 3.26080373367 2.66797850594
2024-03-22T08:41:00.000000 -2816.296931753 498.320698928 -6082.958529910 -6.22645530139 3.22936610089 3.15315300107
2024-03-22T08:42:00.000000 -3182.969891083 690.759077022 -5879.574018998 -5.99116325228 3.18272747914 3.62370764208
2024-03-22T08:43:00.000000 -3534.669936624 879.947917850 -5648.450329607 -5.72754641969 3.12108724793 4.07742870967
2024-03-22T08:44:00.000000 -3869.732806657 1064.994856263 -5390.662204216 -5.43680123320 3.04471487080 4.51217097463
2024-03-22T08:45:00.000000 -4186.569980311 1245.025810404 -5107.410732628 -5.12025493135 2.95395013510 4.92587031536
2024-03-22T08:46:00.000000 -4483.676315169 1419.189127866 -4800.018139759 -4.77935844202 2.84920035766 5.31655428220
2024-03-22T08:47:00.000000 -4759.637304693 1586.659573912 -4469.922053740 -4.41568124593 2.73093878270 5.68235016072
2024-03-22T08:48:00.000000 -5013.136023634 1746.642269086 -4118.669229599 -4.03090561445 2.59970367970 6.02149454942
2024-03-22T08:49:00.000000 -5242.959733159 1898.376532761 -3747.908708972 -3.62682095898 2.45609649547 6.33234318469
2024-03-22T08:50:00.000000 -5448.006049747 2041.139626619 -3359.384366705 -3.20531494076 2.30078019448 6.61338040335
2024-03-22T08:51:00.000000 -5627.288618612 2174.250379900 -2954.926957211 -2.76836619027 2.13447692764 6.86322768730
2024-03-22T08:52:00.000000 -5779.942271750 2297.072633782 -2536.445590070 -2.31803378803 1.95796414561 7.08065272728
2024-03-22T08:53:00.000000 -5905.227570667 2409.018423571 -2105.918792027 -1.85644835517 1.77207026414 7.26457497418
2024-03-22T08:54:00.000000 -6002.534841033 2509.550944915 -1665.385192712 -1.38580298230 1.57767193221 7.41407279830
2024-03-22T08:55:00.000000 -6071.387586102 2598.187385477 -1216.933759895 -0.90834172021 1.37569132166 7.52839114044
2024-03-22T08:56:00.000000 -6111.445152210 2674.501441809 -762.693642609 -0.42634660719 1.16708879677 7.60694590883
2024-03-22T08:57:00.000000 -6122.504679840 2738.125482004 -304.823860760 0.05787288399 0.95285933769 7.64932611784
2024-03-22T08:58:00.000000 -6104.502436645 2788.752518823 154.497212050 0.54199074857 0.73402855092 7.65529835034
2024-03-22T08:59:00.000000 -6057.514418699 2826.137884403 613.082593242 1.02367746022 0.51164722024 7.62480922944
2024-03-22T09:00:00.000000 -5981.756198096 2850.100564673 1068.747530432 1.50061206321 0.28678527262 7.55798674706
2024-03-22T09:01:00.000000 -5877.582010121 2860.524142940 1519.320416215 1.97049593713 0.06052475647 7.45514085296
2024-03-22T09:02:00.000000 -5745.482981591 2857.357307461 1962.653611892 2.43106660576 -0.16604711738 7.31675967881
2024-03-22T09:03:00.000000 -5586.084630217 2840.614030788 2396.633980300 2.88010848372 -0.39184192466 7.14350426825
2024-03-22T09:04:00.000000 -5400.143792016 2810.373560270 2819.193143379 3.31546106748 -0.61577283047 6.93620566358
2024-03-22T09:05:00.000000 -5188.545021427 2766.780135212 3228.317745482 3.73503047128 -0.83676217327 6.69586672202
2024-03-22T09:06:00.000000 -4952.296082566 2710.042133994 3622.059574803 4.13680572098 -1.05375052443 6.42365407157
2024-03-22T09:07:00.000000 -4692.522636940 2640.430858024 3998.545039477 4.51886917262 -1.26570048186 6.12088650450
2024-03-22T09:08:00.000000 -4410.462460978 2558.279087800 4355.984004693 4.87940211991 -1.47160084878 5.78902605737
2024-03-22T09:09:00.000000 -4107.459330662 2463.979380838 4692.678221392 5.21669146601 -1.67047115189 5.42967262379
2024-03-22T09:10:00.000000 -3784.956413263 2357.982079250 5007.029360239 5.52913826012 -1.86136623759 5.04455518461
2024-03-22T09:11:00.000000 -3444.489279794 2240.793105370 5297.546536614 5.81526299241 -2.04337936521 4.63552630423
2024-03-22T09:12:00.000000 -3087.678277000 2112.971434447 5562.853496784 6.07372044770 -2.21564985365 4.20454989647
2024-03-22T09:13:00.000000 -2716.220535247 1975.126301897 5801.694797440 6.30329735788 -2.37736323526 3.75368986390
2024-03-22T09:14:00.000000 -2331.881719401 1827.914267780 6012.941653662 6.50292293788 -2.52775748805 3.28510118576
2024-03-22T09:15:00.000000 -1936.487450332 1672.035932478 6195.596978593 6.67166990071 -2.66612722555 2.80101683637
2024-03-22T09:16:00.000000 -1531.914642703 1508.232451220 6348.799747240 6.80875623736 -2.79182644194 2.30373808839
2024-03-22T09:17:00.000000 -1120.082656388 1337.281918006 6471.828829870 6.91354995901 -2.90426978394 1.79562483516
2024-03-22T09:18:00.000000 -702.944189311 1159.995713876 6564.106130751 6.98557165444 -3.00293343328 1.27908294539
2024-03-22T09:19:00.000000 -282.476152715 977.214731170 6625.199045363 7.02449390235 -3.08735817038 0.75655506169
2024-03-22T09:20:00.000000 139.329549756 789.805382092 6654.822356717 7.03014465794 -3.15715257374 0.23050854911
2024-03-22T09:21:00.000000 560.475290213 598.655576163 6652.839309709 7.00250475519 -3.21199166426 -0.29657588553
2024-03-22T09:22:00.000000 978.966902708 404.670640867 6619.262233398 6.94170925120 -3.25162019797 -0.82221138752
2024-03-22T09:23:00.000000 1392.823006089 208.769111185 6554.252528762 6.84804908916 -3.27585309813 -1.34391824150
2024-03-22T09:24:00.000000 1800.084273068 11.878512035 6458.119835296 6.72196784117 -3.28457631226 -1.85923661931
2024-03-22T09:25:00.000000 2198.822483220 -185.068973674 6331.320528973 6.56405840568 -3.27774827999 -2.36573655860
2024-03-22T09:26:00.000000 2587.149426860 -381.140801101 6174.455672712 6.37506104063 -3.25539859721 -2.86102667849
2024-03-22T09:27:00.000000 2963.225693263 -575.408376872 5988.268458462 6.15586276109 -3.21763006124 -3.34276260487
2024-03-22T09:28:00.000000 3325.269470670 -766.951534776 5773.640892378 5.90749469877 -3.16462018535 -3.80866429342
2024-03-22T09:29:00.000000 3671.564915599 -954.862892429 5531.589605276 5.63112382127 -3.09661723657 -4.25652555834
2024-03-22T09:30:00.000000 4000.470143712 -1138.252048857 5263.261204517 5.32804801210 -3.01393895673 -4.68422096382
2024-03-22T09:31:00.000000 4310.425009989 -1316.249752341 4969.927165899 4.99969289245 -2.91697208708 -5.08971569481
2024-03-22T09:32:00.000000 4599.958600691 -1488.011952657 4652.978147517 4.64760731108 -2.80617025017 -5.47107289454
2024-03-22T09:33:00.000000 4867.696569151 -1652.723924400 4313.917769423 4.27345944820 -2.68205788782 -5.82646665596
2024-03-22T09:34:00.000000 5112.367977665 -1809.604498287 3954.355513667 3.87902700655 -2.54522713875 -6.15419699152
2024-03-22T09:35:00.000000 5332.811572364 -1957.909699424 3575.998741838 3.46618567173 -2.39632441905 -6.45270094834
2024-03-22T09:36:00.000000 5527.981293588 -2096.936074853 3180.644611695 3.03689874551 -2.23605584690 -6.72054912960
2024-03-22T09:37:00.000000 5696.951382308 -2226.024343184 2770.171779923 2.59321233207 -2.06518623327 -6.95645598131
2024-03-22T09:38:00.000000 5838.921131893 -2344.562716812 2346.531437835 2.13724598334 -1.88453296734 -7.15929086664
2024-03-22T09:39:00.000000 5953.218885969 -2451.989915673 1911.737815096 1.67118052910 -1.69496179451 -7.32808440769
2024-03-22T09:40:00.000000 6039.305407419 -2547.797898736 1467.858278692 1.19724679870 -1.49738030726 -7.46203512286
2024-03-22T09:41:00.000000 6096.776460103 -2631.534248246 1017.003236703 0.71771206711 -1.29273476057 -7.56050968600
2024-03-22T09:42:00.000000 6125.364755270 -2702.804389909 561.316010619 0.23487296540 -1.08200628911 -7.62304542510
2024-03-22T09:43:00.000000 6124.941432567 -2761.273577959 102.962369478 -0.24895539850 -0.86620723632 -7.64935813343
2024-03-22T09:44:00.000000 6095.516640804 -2806.668531467 -355.880315848 -0.73145728864 -0.64637251310 -7.63934419881
2024-03-22T09:45:00.000000 6037.239212464 -2838.778598243 -813.033753679 -1.21032740548 -0.42355404810 -7.59307699730
2024-03-22T09:46:00.000000 5950.395638615 -2857.456625194 -1266.329331730 -1.68328416111 -0.19881635761 -7.51080443723
2024-03-22T09:47:00.000000 5835.408426477 -2862.619669323 -1713.618479288 -2.14807663403 0.02676579329 -7.39294740747
2024-03-22T09:48:00.000000 5692.833914620 -2854.249381408 -2152.783137115 -2.60249750441 0.25211567059 -7.24010166372
2024-03-22T09:49:00.000000 5523.359203120 -2832.391857009 -2581.746041886 -3.04439658765 0.47616233272 -7.05302951697
2024-03-22T09:50:00.000000 5327.798548159 -2797.157244424 -2998.480537860 -3.47168696385 0.69784231359 -6.83265567491
2024-03-22T09:51:00.000000 5107.089231034 -2748.719116218 -3401.020282120 -3.88235711612 0.91610616536 -6.58006479914
2024-03-22T09:52:00.000000 4862.286646578 -2687.313419778 -3787.468591751 -4.27448279609 1.12992508333 -6.29649264866
2024-03-22T09:53:00.000000 4594.558832373 -2613.237097926 -4156.007268327 -4.64623512144 1.33829537904 -5.98331831990
2024-03-22T09:54:00.000000 4305.180471447 -2526.846460742 -4504.904911219 -4.99588906459 1.54024247536 -5.64205418190
2024-03-22T09:55:00.000000 3995.526533482 -2428.555319166 -4832.524642816 -5.32182740106 1.73482490873 -5.27433774193
2024-03-22T09:56:00.000000 3667.065622546 -2318.832868252 -5137.331461036 -5.62254783458 1.92113889867 -4.88192589146
2024-03-22T09:57:00.000000 3321.352855276 -2198.201297500 -5417.899074831 -5.89666926970 2.09832197821 -4.46668372733
2024-03-22T09:58:00.000000 2960.022498269 -2067.233271382 -5672.916189374 -6.14293585348 2.26555469503 -4.03057871176
2024-03-22T09:59:00.000000 2584.780168290 -1926.549184006 -5901.192414944 -6.36022628442 2.42206674516 -3.57567096647
2024-03-22T10:00:00.000000 2197.394640941 -1776.814045715 -6101.663342802 -6.54755638638 2.56714129541 -3.10409742103
2024-03-22T10:01:00.000000 1799.689639347 -1618.734296260 -6273.394853831 -6.70407924662 2.70011435925 -2.61806321452
2024-03-22T10:02:00.000000 1393.535527472 -1453.054565375 -6415.586987818 -6.82908709428 2.82037709759 -2.11983382721
2024-03-22T10:03:00.000000 980.840883535 -1280.554354731 -6527.577364638 -6.92201503929 2.92737636120 -1.61172847572
2024-03-22T10:04:00.000000 563.543780706 -1102.044550381 -6608.844125302 -6.98244511804 3.02062052132 -1.09611006081
2024-03-22T10:05:00.000000 143.602924284 -918.363543554 -6659.008117902 -7.01010714324 3.09968403305 -0.57536964653
2024-03-22T10:06:00.000000 -277.011115169 -730.373405865 -6677.834242916 -7.00487597760 3.16420276007 -0.05191745238
2024-03-22T10:07:00.000000 -696.324620945 -538.956161662 -6665.232422180 -6.96677123517 3.21387623649 0.47182372179
2024-03-22T10:08:00.000000 -1112.369467954 -345.009877175 -6621.258222919 -6.89596160409 3.24847104806 0.99342419658
2024-03-22T10:09:00.000000 -1523.192145813 -149.444542373 -6546.112695646 -6.79276334864 3.26782280250 1.51046617492
2024-03-22T10:10:00.000000 -1926.862413792 46.822034443 -6440.141516109 -6.65763733580 3.27183562489 2.02054767745
2024-03-22T10:11:00.000000 -2321.482129673 242.868358878 -6303.833598591 -6.49119089478 3.26048196617 2.52129914650
2024-03-22T10:12:00.000000 -2705.193694998 437.773283812 -6137.818884461 -6.29416785383 3.23380129867 3.01038876227
2024-03-22T10:13:00.000000 -3076.188310861 630.620097864 -5942.866002245 -6.06745142294 3.19190209346 3.48552736977
2024-03-22T10:14:00.000000 -3432.714376796 820.500685312 -5719.879364044 -5.81206512333 3.13496282143 3.94448019527
2024-03-22T10:15:00.000000 -3773.085836997 1006.519782153 -5469.895441760 -5.52916860465 3.06323308295 4.38508244797
2024-03-22T10:16:00.000000 -4095.690075049 1187.799158116 -5194.078270785 -5.22004958687 2.97703074309 4.80524754424
2024-03-22T10:17:00.000000 -4398.995526668 1363.481684944 -4893.714556348 -4.88612158632 2.87674134702 5.20297493497
2024-03-22T10:18:00.000000 -4681.559083817 1532.735382932 -4570.208154314 -4.52891823119 2.76281715023 5.57636189186
2024-03-22T10:19:00.000000 -4942.033110252 1694.757323006 -4225.073999400 -4.15008849512 2.63577420651 5.92360946006
2024-03-22T10:20:00.000000 -5179.172311814 1848.777486360 -3859.931507415 -3.75139253217 2.49619323175 6.24303661801
2024-03-22T10:21:00.000000 -5391.840044708 1994.062584015 -3476.497220908 -3.33469112041 2.34471804277 6.53308764006
2024-03-22T10:22:00.000000 -5579.014122628 2129.919832038 -3076.576989394 -2.90193619739 2.18205349665 6.79234341731
2024-03-22T10:23:00.000000 -5739.791952464 2255.700312879 -2662.057558938 -2.45516221609 2.00895616250 7.01952682552
2024-03-22T10:24:00.000000 -5873.395437176 2370.802045717 -2234.897899599 -1.99648296304 1.82623449376 7.21350883596
2024-03-22T10:25:00.000000 -5979.175373789 2474.673214726 -1797.120086499 -1.52807853940 1.63475233899 7.37331708359
2024-03-22T10:26:00.000000 -6056.614974461 2566.815270379 -1350.799553087 -1.05218140727 1.43541874450 7.49814595319
2024-03-22T10:27:00.000000 -6105.332819678 2646.785371716 -898.054937488 -0.57106891593 1.22918169636 7.58736244650
2024-03-22T10:28:00.000000 -6125.084990935 2714.198646084 -441.037567674 -0.08704435103 1.01702424421 7.64050917500
2024-03-22T10:29:00.000000 -6115.766305760 2768.730121082 18.078951201 0.39757173468 0.79995972007 7.65730124203
2024-03-22T10:30:00.000000 -6077.411143659 2810.116472210 477.109223008 0.88044994469 0.57902887901 7.63763149702
2024-03-22T10:31:00.000000 -6010.193566214 2838.157476637 933.866859764 1.35926606364 0.35529299702 7.58157415457
2024-03-22T10:32:00.000000 -5914.426604567 2852.717032517 1386.175327581 1.83171367154 0.12982747455 7.48938312890
2024-03-22T10:33:00.000000 -5790.560871756 2853.723874632 1831.878721451 2.29551550716 -0.09628289540 7.36149229471
2024-03-22T10:34:00.000000 -5639.182366192 2841.171950741 2268.852507463 2.74843798256 -0.32195006807 7.19851247344
2024-03-22T10:35:00.000000 -5461.009541056 2815.120449888 2695.014003447 3.18830129593 -0.54608831859 7.00122764354
2024-03-22T10:36:00.000000 -5256.889707535 2775.693486049 3108.332708648 3.61299247424 -0.76762044630 6.77059231301
2024-03-22T10:37:00.000000 -5027.794623049 2723.079372523 3506.840272403 4.02047745760 -0.98548434808 6.50772175617
2024-03-22T10:38:00.000000 -4774.815589702 2657.529620424 3888.639930961 4.40880684333 -1.19863622425 6.21388683148
2024-03-22T10:39:00.000000 -4499.158039720 2579.357680966 4251.915748579 4.77612792216 -1.40605642810 5.89050940634
2024-03-22T10:40:00.000000 -4202.135392170 2488.937273600 4594.941359878 5.12069504884 -1.60675651428 5.53915127636
2024-03-22T10:41:00.000000 -3885.162466931 2386.700410337 4916.088049392 5.44087461100 -1.79978233295 5.16150469384
2024-03-22T10:42:00.000000 -3549.748542571 2273.135224562 5213.832374862 5.73515290017 -1.98421797621 4.75938453535
2024-03-22T10:43:00.000000 -3197.490025282 2148.783570516 5486.763285131 6.00214086829 -2.15918941555 4.33472235870
2024-03-22T10:44:00.000000 -2830.062557032 2014.238324604 5733.588830140 6.24058688002 -2.32387105357 3.88955202431
2024-03-22T10:45:00.000000 -2449.212924466 1870.140354066 5953.141869862 6.44937179824 -2.47748893767 3.42600149151
2024-03-22T10:46:00.000000 -2056.750719592 1717.175392786 6144.385629535 6.62752270290 -2.61932169982 2.94628446893
2024-03-22T10:47:00.000000 -1654.539470032 1556.070787846 6306.418327664 6.77421509254 -2.74870459996 2.45268542888
2024-03-22T10:48:00.000000 -1244.487668860 1387.591955392 6438.477070311 6.88877445154 -2.86503383709 1.94754744158
2024-03-22T10:49:00.000000 -828.539799688 1212.538679229 6539.941042442 6.97067561810 -2.96776751064 1.43326196107
2024-03-22T10:50:00.000000 -408.667329420 1031.741399401 6610.334197523 7.01954536827 -3.05642629894 0.91226191474
2024-03-22T10:51:00.000000 13.140557995 846.057295520 6649.327367922 7.03516577219 -3.13059862414 0.38700733166
2024-03-22T10:52:00.000000 434.886157225 656.366232962 6656.739529484 7.01747103759 -3.18993980374 -0.14002438563
2024-03-22T10:53:00.000000 854.572467066 463.566713388 6632.538618523 6.96655067691 -3.23417362296 -0.66634750331
2024-03-22T10:54:00.000000 1270.212493761 268.571718435 6576.841636530 6.88264827663 -3.26309383696 -1.18948066057
2024-03-22T10:55:00.000000 1679.838457718 72.304473458 6489.914082117 6.76616066363 -3.27656533665 -1.70695758920
2024-03-22T10:56:00.000000 2081.510897717 -124.305806483 6372.168672751 6.61763425285 -3.27452343145 -2.21633814373
2024-03-22T10:57:00.000000 2473.327624867 -320.328166041 6224.163628882 6.43776571316 -3.25697545564 -2.71521425384
2024-03-22T10:58:00.000000 2853.432767751 -514.834325766 6046.600265103 6.22740109685 -3.22400302809 -3.20122724950
2024-03-22T10:59:00.000000 3220.025487641 -706.903040944 5840.319638029 5.98752768694 -3.17575864184 -3.67207836333
2024-03-22T11:00:00.000000 3571.368352240 -895.624382032 5606.298812060 5.71927191357 -3.11246760656 -4.12553471969
2024-03-22T11:01:00.000000 3905.795624797 -1080.104111572 5345.646462541 5.42389573389 -3.03442661818 -4.55944444791
2024-03-22T11:02:00.000000 4221.721160295 -1259.467811965 5059.597743570 5.10278973961 -2.94199981208 -4.97174426358
2024-03-22T11:03:00.000000 4517.646036715 -1432.865000628 4749.508724785 4.75746997383 -2.83562097563 -5.36046916406
2024-03-22T11:04:00.000000 4792.165855823 -1599.473306216 4416.850064916 4.38956841430 -2.71579290046 -5.72376658300
2024-03-22T11:05:00.000000 5043.977319800 -1758.502427460 4063.200166771 4.00082456933 -2.58308105362 -6.05989674338
2024-03-22T11:06:00.000000 5271.884947091 -1909.197919986 3690.238113317 3.59309027860 -2.43811544622 -6.36724914241
2024-03-22T11:07:00.000000 5474.806980200 -2050.844944021 3299.735298574 3.16830102061 -2.28158518344 -6.64435399226
2024-03-22T11:08:00.000000 5651.780504409 -2182.771804900 2893.547361560 2.72848533935 -2.11423947058 -6.88987833550
2024-03-22T11:09:00.000000 5801.966655403 -2304.353302928 2473.605030328 2.27574372120 -1.93687655085 -7.10265108418
2024-03-22T11:10:00.000000 5924.654454353 -2415.013525198 2041.904726351 1.81223912478 -1.75034197887 -7.28165459033
2024-03-22T11:11:00.000000 6019.264404943 -2514.228734337 1600.499031839 1.34018847567 -1.55552832584 -7.42603595179
2024-03-22T11:12:00.000000 6085.351278219 -2601.529965650 1151.486700773 0.86184940418 -1.35336802087 -7.53510859737
2024-03-22T11:13:00.000000 6122.606422732 -2676.505342917 697.002620764 0.37951561008 -1.14483125766 -7.60835633509
2024-03-22T11:14:00.000000 6130.859542054 -2738.802258889 239.207244154 -0.10449889100 -0.93092219806 -7.64544486816
2024-03-22T11:15:00.000000 6110.079196751 -2788.129057467 -219.724351016 -0.58788130824 -0.71266635670 -7.64621834260
2024-03-22T11:16:00.000000 6060.372645681 -2824.256170260 -677.612847446 -1.06832124192 -0.49110853197 -7.61069252709
2024-03-22T11:17:00.000000 5981.985419871 -2847.017272277 -1132.285276126 -1.54352356859 -0.26731053929 -7.53906363468
2024-03-22T11:18:00.000000 5875.299883202 -2856.310037720 -1581.585765498 -2.01122405057 -0.04234274298 -7.43170461275
2024-03-22T11:19:00.000000 5740.833044279 -2852.096463402 -2023.386027666 -2.46920071943 0.18272198798 -7.28916105536
2024-03-22T11:20:00.000000 5579.233717370 -2834.402891028 -2455.595564693 -2.91528351805 0.40681238633 -7.11214670877
2024-03-22T11:21:00.000000 5391.279071237 -2803.319746639 -2876.171690455 -3.34736627494 0.62886472652 -6.90154040857
2024-03-22T11:22:00.000000 5177.870485462 -2759.000916566 -3283.129192023 -3.76341571362 0.84782804479 -6.65837820336
2024-03-22T11:23:00.000000 4940.028945452 -2701.662832776 -3674.549647012 -4.16148018101 1.06266954950 -6.38384942763
2024-03-22T11:24:00.000000 4678.889841153 -2631.583217438 -4048.590395827 -4.53969906246 1.27237962097 -6.07928889161
2024-03-22T11:25:00.000000 4395.697276624 -2549.099578801 -4403.493063806 -4.89631067268 1.47597574250 -5.74617021718
2024-03-22T11:26:00.000000 4091.797847377 -2454.607447199 -4737.591663749 -5.22966178660 1.67250709106 -5.38609768987
2024-03-22T11:27:00.000000 3768.633903705 -2348.558349737 -5049.320137072 -5.53821486302 1.86105870123 -5.00079637921
2024-03-22T11:28:00.000000 3427.736431764 -2231.457516919 -5337.219297150 -5.82055356898 2.04075604214 -4.59210177823
2024-03-22T11:29:00.000000 3070.717697562 -2103.861372639 -5599.943180279 -6.07538591648 2.21076764616 -4.16195170934
2024-03-22T11:30:00.000000 2699.263527560 -1966.374814730 -5836.264891976 -6.30155178704 2.37031007676 -3.71237409776
2024-03-22T11:31:00.000000 2315.125570704 -1819.648252957 -6045.081754719 -6.49801828022 2.51864984083 -3.24548316241
2024-03-22T11:32:00.000000 1920.113214495 -1664.374520678 -6225.420408105 -6.66389541728 2.65510715000 -2.76347094790
2024-03-22T11:33:00.000000 1516.084968839 -1501.285557354 -6376.440842672 -6.79843507343 2.77905830295 -2.26858927528
2024-03-22T11:34:00.000000 1104.939952154 -1331.149012782 -6497.439759707 -6.90103173968 2.88993677624 -1.76314112944
2024-03-22T11:35:00.000000 688.609415294 -1154.764826753 -6587.853433186 -6.97122102461 2.98723344498 -1.24947673023
2024-03-22T11:36:00.000000 269.047932197 -972.961571548 -6647.260313687 -7.00868987773 3.07050349720 -0.72998038178
2024-03-22T11:37:00.000000 -151.775481562 -786.592636488 -6675.382505645 -7.01326895283 3.13936418248 -0.20705601694
2024-03-22T11:38:00.000000 -571.885932262 -596.532492910 -6672.086934163 -6.98493280835 3.19349591640 0.31687316169
2024-03-22T11:39:00.000000 -989.311561321 -403.672815761 -6637.386240670 -6.92380857221 3.23264549358 0.83937704563
2024-03-22T11:40:00.000000 -1402.092566772 -208.918418068 -6571.438611107 -6.83016948750 3.25662809035 1.35803519018
2024-03-22T11:41:00.000000 -1808.289869687 -13.183179254 -6474.547082420 -6.70443378163 3.26532622849 1.87044099135
2024-03-22T11:42:00.000000 -2205.993862539 182.614000956 -6347.158372964 -6.54716476124 3.25869017485 2.37421389629
2024-03-22T11:43:00.000000 -2593.332958476 377.553272824 -6189.861021301 -6.35906632765 3.23673805574 2.86700798836
2024-03-22T11:44:00.000000 -2968.482008446 570.717961814 -6003.383084696 -6.14098186565 3.19955796793 3.34652011068
2024-03-22T11:45:00.000000 -3329.670629888 761.198785263 -5788.589340437 -5.89389447140 3.14730797984 3.81049795193
2024-03-22T11:46:00.000000 -3675.191640853 948.098013549 -5546.477754295 -5.61892598311 3.08021491552 4.25675723693
2024-03-22T11:47:00.000000 -4003.409007011 1130.533537355 -5278.175052406 -5.31732474169 2.99857224003 4.68318988264
2024-03-22T11:48:00.000000 -4312.765394782 1307.642880469 -4984.932192069 -4.99046705742 2.90274180050 5.08776465357
2024-03-22T11:49:00.000000 -4601.789916416 1478.587387651 -4668.119242563 -4.63985634171 2.79315540420 5.46854552450
2024-03-22T11:50:00.000000 -4869.105401349 1642.556356968 -4329.219248414 -4.26711140775 2.67031234726 5.82370423285
2024-03-22T11:51:00.000000 -5113.435062857 1798.770921812 -3969.821546735 -3.87395884904 2.53477409597 6.15152644011
2024-03-22T11:52:00.000000 -5333.608847503 1946.487788971 -3591.614750600 -3.46222874798 2.38716485024 6.45041923269
2024-03-22T11:53:00.000000 -5528.569434214 2085.002921114 -3196.379150570 -3.03384766956 2.22816831572 6.71892115734
2024-03-22T11:54:00.000000 -5697.377781200 2213.655005834 -2785.978532201 -2.59082976074 2.05852458013 6.95571193522
2024-03-22T11:55:00.000000 -5839.218043132 2331.828791233 -2362.351498308 -2.13526598986 1.87902851317 7.15961894913
2024-03-22T11:56:00.000000 -5953.401933772 2438.958252883 -1927.502391295 -1.66931593354 1.69052533870 7.32962484577
2024-03-22T11:57:00.000000 -6039.372540200 2534.529492884 -1483.491724915 -1.19519665914 1.49390658344 7.46487570601
2024-03-22T11:58:00.000000 -6096.707386747 2618.083386383 -1032.426277596 -0.71517124341 1.29010620753 7.56468380066
2024-03-22T11:59:00.000000 -6125.120965923 2689.218006777 -576.448936987 -0.23154034254 1.08009544353 7.62853466721
2024-03-22T12:00:00.000000 -6124.466544836 2747.590692116 -117.728088717 0.25337423567 0.86487816613 7.65609276831
2024-03-22T12:01:00.000000 -6094.737006237 2792.919853182 341.553065758 0.73724157418 0.64548493839 7.64720033070
2024-03-22T12:02:00.000000 -6036.065075068 2824.986407896 799.207258443 1.21773351714 0.42296847888 7.60187923199
2024-03-22T12:03:00.000000 -5948.722801949 2843.635014042 1253.053896119 1.69253534646 0.19839949989 7.52033065142
2024-03-22T12:04:00.000000 -5833.120396860 2848.774893488 1700.929969157 2.15936045609 -0.02714207834 7.40293914172
2024-03-22T12:05:00.000000 -5689.804014573 2840.380182933 2140.700755473 2.61596370442 -0.25257268958 7.25026166146
2024-03-22T12:06:00.000000 -5519.453210157 2818.490092547 2570.270166480 3.06014623708 -0.47680744252 7.06302985529
2024-03-22T12:07:00.000000 -5322.877644247 2783.208795617 2987.591220327 3.48977232086 -0.69876731488 6.84214772016
2024-03-22T12:08:00.000000 -5101.012939345 2734.704831770 3390.676170818 3.90278087425 -0.91738698620 6.58868471302
2024-03-22T12:09:00.000000 -4854.915853999 2673.210103240 3777.606204999 4.29719675310 -1.13162014461 6.30386759248
2024-03-22T12:10:00.000000 -4585.758891651 2599.018623863 4146.540633951 4.67113789373 -1.34044376371 5.98907274604
2024-03-22T12:11:00.000000 -4294.824525489 2512.484992981 4495.725682529 5.02282221425 -1.54286131880 5.64582020428
2024-03-22T12:12:00.000000 -3983.498751363 2414.022680561 4823.502921287 5.35058319029 -1.73790944192 5.27576458115
2024-03-22T12:13:00.000000 -3653.264249278 2304.101784287 5128.316889517 5.65286401050 -1.92466268734 4.88068594729
2024-03-22T12:14:00.000000 -3305.693248030 2183.246801105 5408.722739102 5.92823999757 -2.10223536568 4.46248612659
2024-03-22T12:15:00.000000 -2942.439501744 2052.033953358 5663.392833600 6.17541788915 -2.26978898348 4.02316985542
2024-03-22T12:16:00.000000 -2565.230307979 1911.088328108 5891.122755819 6.39324014211 -2.42653415098 3.56483826359
2024-03-22T12:17:00.000000 -2175.858206141 1761.080787094 6090.836862695 6.58069143385 -2.57173454675 3.08968083789
2024-03-22T12:18:00.000000 -1776.172195264 1602.724752215 6261.593133442 6.73690457417 -2.70470846120 2.59995957875
2024-03-22T12:19:00.000000 -1368.068930263 1436.772780812 6402.587216681 6.86115902679 -2.82483399810 2.09800013940
2024-03-22T12:20:00.000000 -953.483804432 1264.012873926 6513.155891138 6.95288387779 -2.93155147544 1.58617923588
2024-03-22T12:21:00.000000 -534.381956532 1085.264763556 6592.779885128 7.01165932637 -3.02436324551 1.06691739739
2024-03-22T12:22:00.000000 -112.749087777 901.376072233 6641.086212210 7.03721983436 -3.10283781165 0.54266792380
2024-03-22T12:23:00.000000 309.417799570 713.218317573 6657.849749971 7.02945427633 -3.16661005159 0.01590453874
2024-03-22T12:24:00.000000 730.119669062 521.682908173 6642.994155832 6.98840596782 -3.21538251595 -0.51088893760
2024-03-22T12:25:00.000000 1147.364701264 327.677010590 6596.592146762 6.91427205318 -3.24892752843 -1.03522941487
2024-03-22T12:26:00.000000 1559.177502747 132.119366950 6518.865146988 6.80740273613 -3.26708698643 -1.55464441716
2024-03-22T12:27:00.000000 1963.608287052 -64.063993229 6410.182370270 6.66830103462 -3.26977704155 -2.06668295822
2024-03-22T12:28:00.000000 2358.741890740 -259.944200990 6271.059079058 6.49761763228 -3.25698558831 -2.56892851733
2024-03-22T12:29:00.000000 2742.706683780 -454.593738264 6102.154328522 6.29615296791 -3.22877021287 -3.05900693569
2024-03-22T12:30:00.000000 3113.683414075 -647.090684932 5904.268045844 6.06485168778 -3.18526033337 -3.53459744194
2024-03-22T12:31:00.000000 3469.913850824 -836.523115686 5678.337555331 5.80480287567 -3.12665952955 -3.99344475241
2024-03-22T12:32:00.000000 3809.709171485 -1021.993427618 5425.433094100 5.51722914010 -3.05324113076 -4.43337391658
2024-03-22T12:33:00.000000 4131.457824510 -1202.622533724 5146.752913792 5.20348332991 -2.96534905299 -4.85229486030
2024-03-22T12:34:00.000000 4433.633196430 -1377.554030272 4843.617839464 4.86504290019 -2.86339506704 -5.24821279532
2024-03-22T12:35:00.000000 4714.800982083 -1545.958252282 4517.465343786 4.50350675424 -2.74785889794 -5.61923634783
2024-03-22T12:36:00.000000 4973.626281901 -1707.036349475 4169.842943771 4.12058780194 -2.61928729427 -5.96359072139
2024-03-22T12:37:00.000000 5208.880168422 -1860.024165878 3802.400937164 3.71810474871 -2.47828973826 -6.27962576930
2024-03-22T12:38:00.000000 5419.445857516 -2004.195974120 3416.884596079 3.29797476949 -2.32553679176 -6.56582830456
2024-03-22T12:39:00.000000 5604.324195902 -2138.867960681 3015.125682230 2.86220016797 -2.16175467959 -6.82082869912
2024-03-22T12:40:00.000000 5762.638537726 -2263.401542094 2599.033703580 2.41286058932 -1.98772450586 -7.04340684041
2024-03-22T12:41:00.000000 5893.639009723 -2377.206521399 2170.586703033 1.95210035792 -1.80427700383 -7.23249804104
2024-03-22T12:42:00.000000 5996.706238125 -2479.743992534 1731.821918025 1.48212452603 -1.61229146380 -7.38719613072
2024-03-22T12:43:00.000000 6071.354654744 -2570.529167438 1284.825807933 1.00518466245 -1.41269049606 -7.50676793895
2024-03-22T12:44:00.000000 6117.234712942 -2649.133639968 831.723632525 0.52356146330 -1.20642998377 -7.59065190333
2024-03-22T12:45:00.000000 6134.134469899 -2715.187317809 374.669310183 0.03956071846 -0.99449820650 -7.63845542463
2024-03-22T12:46:00.000000 6121.980845771 -2768.380373369 -84.165027986 -0.44449784730 -0.77791453261 -7.64996553287
2024-03-22T12:47:00.000000 6080.839870945 -2808.464813520 -542.599946220 -0.92629990014 -0.55771879681 -7.62515087046
2024-03-22T12:48:00.000000 6010.915989933 -2835.255440288 -998.459346220 -1.40354582889 -0.33496420970 -7.56415297140
2024-03-22T12:49:00.000000 5912.551107881 -2848.630678394 -1449.580924595 -1.87395655522 -0.11071762813 -7.46729203425
2024-03-22T12:50:00.000000 5786.222661698 -2848.533120752 -1893.826938976 -2.33529588006 0.11395071269 -7.33506402451
2024-03-22T12:51:00.000000 5632.540831303 -2834.969545099 -2329.094406139 -2.78537567024 0.33797149379 -7.16813157929
2024-03-22T12:52:00.000000 5452.245430115 -2808.010818094 -2753.325137705 -3.22206535330 0.56027897477 -6.96732503205
2024-03-22T12:53:00.000000 5246.202036608 -2767.791396105 -3164.515695911 -3.64330555848 0.77982057589 -6.73363783213
2024-03-22T12:54:00.000000 5015.397338729 -2714.508403002 -3560.726881711 -4.04711976363 0.99556011268 -6.46821579063
2024-03-22T12:55:00.000000 4760.934039312 -2648.420563307 -3940.092658632 -4.43161853437 1.20648155239 -6.17235186339
2024-03-22T12:56:00.000000 4484.025329951 -2569.846783654 -4300.828877922 -4.79501008098 1.41159564172 -5.84748097990
2024-03-22T12:57:00.000000 4185.988757261 -2479.164421579 -4641.241498004 -5.13560900355 1.60994418462 -5.49517018947
2024-03-22T12:58:00.000000 3868.239645648 -2376.807268272 -4959.734219027 -5.45184221357 1.80060473874 -5.11710924588
2024-03-22T12:59:00.000000 3532.284147063 -2263.263310034 -5254.815598631 -5.74225655568 1.98269367993 -4.71510125204
2024-03-22T13:00:00.000000 3179.711934725 -2139.072339784 -5525.105488830 -6.00552142832 2.15536855059 -4.29105225209
2024-03-22T13:01:00.000000 2812.188737027 -2004.823352038 -5769.341024410 -6.24043268639 2.31783164861 -3.84696428712
2024-03-22T13:02:00.000000 2431.448607651 -1861.151799416 -5986.382227647 -6.44591873481 2.46933351929 -3.38493006647
2024-03-22T13:03:00.000000 2039.285745065 -1708.736533668 -6175.217081986 -6.62104678377 2.60917719712 -2.90712056714
2024-03-22T13:04:00.000000 1637.546045779 -1548.296526579 -6334.965902773 -6.76502690687 2.73672326428 -2.41577304564
2024-03-22T13:05:00.000000 1228.118550082 -1380.587372956 -6464.884848171 -6.87721015227 2.85138956828 -1.91317737442
2024-03-22T13:06:00.000000 812.926959016 -1206.397930934 -6564.368995513 -6.95709180430 2.95265045094 -1.40167319258
2024-03-22T13:07:00.000000 393.920790063 -1026.546713024 -6632.954926329 -7.00431528472 3.04004364539 -0.88363450318
2024-03-22T13:08:00.000000 -26.933326811 -841.878096224 -6670.322405661 -7.01866631656 3.11316878159 -0.36146014430
2024-03-22T13:09:00.000000 -447.660281825 -653.258625195 -6676.295840549 -7.00007810256 3.17168781917 0.16242920745
2024-03-22T13:10:00.000000 -866.285493328 -461.573175894 -6650.845135274 -6.94863439197 3.21532813107 0.68560699395
2024-03-22T13:11:00.000000 -1280.843792578 -267.721002063 -6594.085688739 -6.86456474706 3.24388308029 1.20565076588
2024-03-22T13:12:00.000000 -1689.388151432 -72.611746429 -6506.277974494 -6.74824443108 3.25721329761 1.72014865455
2024-03-22T13:13:00.000000 -2089.998432147 122.838642578 -6387.826599477 -6.60019416246 3.25524833736 2.22671016734
2024-03-22T13:14:00.000000 -2480.790013218 317.712096855 -6239.278665205 -6.42107671059 3.23798768465 2.72297762018
2024-03-22T13:15:00.000000 -2859.922265221 511.092526605 -6061.321511676 -6.21169534957 3.20549745143 3.20663531155
2024-03-22T13:16:00.000000 -3225.606936871 702.069856690 -5854.779989447 -5.97299252243 3.15791286241 3.67541691375
2024-03-22T13:17:00.000000 -3576.116415560 889.744253169 -5620.613188572 -5.70604662062 3.09543971530 4.12711553904
2024-03-22T13:18:00.000000 -3909.791844401 1073.230296427 -5359.910575797 -5.41207073526 3.01835253760 4.55959432345
2024-03-22T13:19:00.000000 -4225.051097037 1251.661085809 -5073.887423713 -5.09240863622 2.92699399645 4.97079855085
2024-03-22T13:20:00.000000 -4520.396438268 1424.192303156 -4763.879538806 -4.74852837515 2.82177402048 5.35876672697
2024-03-22T13:21:00.000000 -4794.421789459 1590.006212534 -4431.337394655 -4.38201617466 2.70316842871 5.72163974090
2024-03-22T13:22:00.000000 -5045.819606920 1748.315570192 -4077.819686510 -3.99456869630 2.57171770875 6.05767089203
2024-03-22T13:23:00.000000 -5273.387233321 1898.367478597 -3704.986373113 -3.58798466218 2.42802608620 6.36523191151
2024-03-22T13:24:00.000000 -5476.032966388 2039.447142828 -3314.591402499 -3.16416371246 2.27275855372 6.64282038201
2024-03-22T13:25:00.000000 -5652.781922332 2170.881412727 -2908.474706962 -2.72509742986 2.10663806694 6.88907491670
2024-03-22T13:26:00.000000 -5802.781052721 2292.042126984 -2488.553453411 -2.27285325799 1.93044021229 7.10278209440
2024-03-22T13:27:00.000000 -5925.303495028 2402.349221175 -2056.813233485 -1.80957030880 1.74499309383 7.28287608407
2024-03-22T13:28:00.000000 -6019.752716906 2501.273807806 -1615.298741213 -1.33745033124 1.55117285748 7.42845450088
2024-03-22T13:29:00.000000 -6085.665772739 2588.340837760 -1166.103879349 -0.85874366206 1.34989753248 7.53877924401
2024-03-22T13:30:00.000000 -6122.716088536 2663.131527446 -711.361782802 -0.37574449322 1.14212441459 7.61328293257
2024-03-22T13:31:00.000000 -6130.715567150 2725.285694788 -253.234125353 0.10923210313 0.92884840420 7.65158179118
2024-03-22T13:32:00.000000 -6109.615102888 2774.503692863 206.099461244 0.59386430895 0.71109105882 7.65345853144
2024-03-22T13:33:00.000000 -6059.505535716 2810.547867434 664.451645047 1.07581303288 0.48989660007 7.61887871173
2024-03-22T13:34:00.000000 -5980.617696248 2833.243795012 1119.638688653 1.55275466731 0.26632809019 7.54799397359
2024-03-22T13:35:00.000000 -5873.321099979 2842.481264096 1569.491316675 2.02239135466 0.04146099576 7.44113488954
2024-03-22T13:36:00.000000 -5738.122083369 2838.214745563 2011.865432449 2.48246208517 -0.18362446044 7.29880950267
2024-03-22T13:37:00.000000 -5575.661280459 2820.463598797 2444.652675129 2.93075328022 -0.40784665269 7.12170066722
2024-03-22T13:38:00.000000 -5386.710411758 2789.311953777 2865.790807587 3.36511092597 -0.63012870355 6.91066219569
2024-03-22T13:39:00.000000 -5172.168314020 2744.908325783 3273.273812834 3.78345361076 -0.84940291171 6.66671262665
2024-03-22T13:40:00.000000 -4933.056455596 2687.464761897 3665.161550340 4.18377570850 -1.06461977274 6.39102966662
2024-03-22T13:41:00.000000 -4670.513985813 2617.255739731 4039.589281064 4.56416330504 -1.27474825381 6.08494702755
2024-03-22T13:42:00.000000 -4385.791868870 2534.616846123 4394.776692642 4.92280392119 -1.47878400282 5.74994388727
2024-03-22T13:43:00.000000 -4080.246636360 2439.942999988 4729.036392796 5.25799251629 -1.67575393258 5.38763736659
2024-03-22T13:44:00.000000 -3755.333620988 2333.686444819 5040.781959597 5.56814240149 -1.86472176085 4.99977383216
2024-03-22T13:45:00.000000 -3412.599698518 2216.354366673 5328.535331052 5.85178927995 -2.04479211094 4.58821804942
2024-03-22T13:46:00.000000 -3053.675714388 2088.506414608 5590.933724376 6.10760015730 -2.21511287388 4.15494538140
2024-03-22T13:47:00.000000 -2680.268468588 1950.751923227 5826.735851567 6.33437646372 -2.37488038185 3.70202961337
2024-03-22T13:48:00.000000 -2294.152413265 1803.746873311 6034.827646903 6.53106377488 -2.52334456466 3.23163430611
2024-03-22T13:49:00.000000 -1897.160947451 1648.190569223 6214.227001649 6.69674920002 -2.65981083927 2.74599339670
2024-03-22T13:50:00.000000 -1491.178074060 1484.822366011 6364.088042697 6.83066146451 -2.78363946828 2.24741389148
2024-03-22T13:51:00.000000 -1078.129491687 1314.418193052 6483.705212618 6.93218289339 -2.89425228159 1.73826278503
2024-03-22T13:52:00.000000 -659.973331325 1137.786738808 6572.516298700 7.00084922295 -2.99113484710 1.22094910972
2024-03-22T13:53:00.000000 -238.691015951 955.765691545 6630.104717977 7.03634904491 -3.07383555650 0.69791675399
2024-03-22T13:54:00.000000 183.721960230 769.217880299 6656.201280695 7.03852436412 -3.14196813745 0.17163349747
2024-03-22T13:55:00.000000 605.265235503 579.027289376 6650.685375288 7.00737122506 -3.19521431617 -0.35541776438
2024-03-22T13:56:00.000000 1023.942842106 386.094915603 6613.585517664 6.94303990193 -3.23332521551 -0.88075067873
2024-03-22T13:57:00.000000 1437.772469650 191.334554254 6545.079288908 6.84583618754 -3.25612400797 -1.40188503494
2024-03-22T13:58:00.000000 1844.794823385 -4.331554168 6445.492368062 6.71621912106 -3.26350441906 -1.91636712457
2024-03-22T13:59:00.000000 2243.082509155 -199.976807250 6315.296887537 6.55479441127 -3.25542893422 -2.42176807264
2024-03-22T14:00:00.000000 2630.749042531 -394.674603764 6155.109657390 6.36231911161 -3.23193483765 -2.91569773639
2024-03-22T14:01:00.000000 3005.957764475 -587.502779715 5965.689383261 6.13969657590 -3.19313248899 -3.39581839288
2024-03-22T14:02:00.000000 3366.930504440 -777.547866899 5747.933164817 5.88797242191 -3.13920089502 -3.85985567934
2024-03-22T14:03:00.000000 3711.956026311 -963.909289178 5502.872459937 5.60833103343 -3.07039172289 -4.30560785906
2024-03-22T14:04:00.000000 4039.398098203 -1145.703742566 5231.668351472 5.30208755165 -2.98702837254 -4.73095676296
2024-03-22T14:05:00.000000 4347.703277017 -1322.069409116 4935.606259091 4.97068521757 -2.88950288803 -5.13387839405
2024-03-22T14:06:00.000000 4635.408343463 -1492.169957023 4616.090024131 4.61568788122 -2.77827311483 -5.51244974932
2024-03-22T14:07:00.000000 4901.147518208 -1655.198577166 4274.635600165 4.23877883608 -2.65386521674 -5.86485998744
2024-03-22T14:08:00.000000 5143.659285137 -1810.381985701 3912.863790521 3.84174703095 -2.51686939048 -6.18942610064
2024-03-22T14:09:00.000000 5361.792350872 -1956.984103423 3532.492533072 3.42647781116 -2.36793556202 -6.48459372810
2024-03-22T14:10:00.000000 5554.511377182 -2094.309637410 3135.328899724 2.99494902285 -2.20777275083 -6.74894841273
2024-03-22T14:11:00.000000 5720.902166644 -2221.707498737 2723.260404827 2.54921915591 -2.03714490143 -6.98122421613
2024-03-22T14:12:00.000000 5860.176177899 -2338.574004800 2298.245907227 2.09141638550 -1.85686759237 -7.18030966108
2024-03-22T14:13:00.000000 5971.674422660 -2444.355844717 1862.306216049 1.62372999127 -1.66780358230 -7.34525228400
2024-03-22T14:14:00.000000 6054.870882393 -2538.552815966 1417.514270868 1.14839988033 -1.47085982447 -7.47526853572
2024-03-22T14:15:00.000000 6109.374983031 -2620.720293504 965.984884033 0.66769908955 -1.26698047693 -7.56974591307
2024-03-22T14:16:00.000000 6134.933296034 -2690.471245269 509.864539441 0.18392552806 -1.05714096220 -7.62824029752
2024-03-22T14:17:00.000000 6131.430989296 -2747.478120411 51.321203505 -0.30060090785 -0.84234777706 -7.65048290047
2024-03-22T14:18:00.000000 6098.892572183 -2791.474501774 -407.466536823 -0.78355865281 -0.62363124114 -7.63638794074
2024-03-22T14:19:00.000000 6037.481484919 -2822.256350021 -864.320351849 -1.26264056116 -0.40203920764 -7.58604888329
2024-03-22T14:20:00.000000 5947.498900847 -2839.682896145 -1317.072741685 -1.73556362060 -0.17863186755 -7.49973259112
2024-03-22T14:21:00.000000 5829.382101570 -2843.677192640 -1763.577397952 -2.20007539760 0.04552442772 -7.37787882858
2024-03-22T14:22:00.000000 5683.702315198 -2834.226387941 -2201.719626551 -2.65396631677 0.26935970680 -7.22110188823
2024-03-22T14:23:00.000000 5511.161599086 -2811.381776603 -2629.426706730 -3.09508658723 0.49180800737 -7.03018464599
2024-03-22T14:24:00.000000 5312.589053769 -2775.258245209 -3044.677790158 -3.52135289696 0.71181578542 -6.80607288128
2024-03-22T14:25:00.000000 5088.936511044 -2726.033504064 -3445.513531290 -3.93075934232 0.92834316811 -6.54987003497
2024-03-22T14:26:00.000000 4841.273524022 -2663.947101434 -3830.045337806 -4.32138931886 1.14036948326 -6.26282910568
2024-03-22T14:27:00.000000 4570.781819356 -2589.299149240 -4196.464062945 -4.69142149592 1.34689771860 -5.94634461024
2024-03-22T14:28:00.000000 4278.749311956 -2502.448676018 -4543.048304024 -5.03913882320 1.54696199780 -5.60194485652
2024-03-22T14:29:00.000000 3966.563718849 -2403.811657637 -4868.172130554 -5.36293223116 1.73963016430 -5.23128336486
2024-03-22T14:30:00.000000 3635.705850208 -2293.858896975 -5170.312449335 -5.66130942792 1.92400769657 -4.83613257870
2024-03-22T14:31:00.000000 3287.742368460 -2173.113622463 -5448.055782385 -5.93290172773 2.09924223213 -4.41837210403
2024-03-22T14:32:00.000000 2924.318262449 -2042.148891976 -5700.104404159 -6.17646761370 2.26452523092 -3.97997967934
2024-03-22T14:33:00.000000 2547.149040179 -1901.584892833 -5925.281983690 -6.39089875110 2.41909501152 -3.52302197049
2024-03-22T14:34:00.000000 2158.012647188 -1752.086006933 -6122.538606680 -6.57522273282 2.56224077332 -3.04964490500
2024-03-22T14:35:00.000000 1758.741210319 -1594.357648754 -6290.955260588 -6.72860654947 2.69330595402 -2.56206411777
2024-03-22T14:36:00.000000 1351.212582285 -1429.142958834 -6429.747679973 -6.85035914057 2.81168978098 -2.06255398053
2024-03-22T14:37:00.000000 937.341795097 -1257.219390607 -6538.269615061 -6.93993246751 2.91684990863 -1.55343913460
2024-03-22T14:38:00.000000 519.072426748 -1079.395092511 -6616.015572882 -6.99692359922 3.00830592764 -1.03708502775
2024-03-22T14:39:00.000000 98.367839123 -896.505171696 -6662.622917074 -7.02107590697 3.08563947313 -0.51588655089
2024-03-22T14:40:00.000000 -322.797634348 -709.407949148 -6677.873364623 -7.01228075806 3.14849546413 0.00774143019
2024-03-22T14:41:00.000000 -742.447576030 -518.981144154 -6661.693808788 -6.97057662410 3.19658212465 0.53137607747
2024-03-22T14:42:00.000000 -1158.612233428 -326.118087664 -6614.156623838 -6.89614767672 3.22967144598 1.05259150743
2024-03-22T14:43:00.000000 -1569.337364937 -131.723729980 -6535.479603733 -6.78932698730 3.24760520157 1.56896912997
2024-03-22T14:44:00.000000 -1972.693100402 63.289603431 -6426.024976362 -6.65059235166 3.25029432468 2.07811510846
2024-03-22T14:45:00.000000 -2366.782430969 258.006151215 -6286.297789175 -6.48056165228 3.23771392575 2.57766225248
2024-03-22T14:46:00.000000 -2749.749704366 451.510735221 -6116.944199150 -6.27999612145 3.20990891937 3.06527640101
2024-03-22T14:47:00.000000 -3119.789295757 642.892989008 -5918.749020444 -6.04980160071 3.16699458785 3.53867281902
2024-03-22T14:48:00.000000 -3475.154043391 831.251535425 -5692.632292613 -5.79101879269 3.10915501031 3.99562957432
2024-03-22T14:49:00.000000 -3814.163147107 1015.698090440 -5439.645472368 -5.50482022467 3.03664273550 4.43398899467
2024-03-22T14:50:00.000000 -4135.210177498 1195.361593424 -5160.967212065 -5.19251122085 2.94977919595 4.85167143211
2024-03-22T14:51:00.000000 -4436.770837118 1369.392305916 -4857.898320938 -4.85552345056 2.84895350395 5.24668619878
2024-03-22T14:52:00.000000 -4717.410391745 1536.965844722 -4531.856117332 -4.49540951738 2.73462153978 5.61714212461
2024-03-22T14:53:00.000000 -4975.790716194 1697.287145682 -4184.368159226 -4.11383603468 2.60730441159 5.96125729173
2024-03-22T14:54:00.000000 -5210.676943628 1849.594307707 -3817.065382484 -3.71257688547 2.46758578245 6.27736984934
2024-03-22T14:55:00.000000 -5420.943546002 1993.162199157 -3431.674634160 -3.29350138809 2.31610737326 6.56394385413
2024-03-22T14:56:00.000000 -5605.580000260 2127.306025981 -3030.011076976 -2.85857295744 2.15357236536 6.81957471368
2024-03-22T14:57:00.000000 -5763.696121329 2251.384886250 -2613.969862042 -2.40983826518 1.98073933300 7.04300096309
2024-03-22T14:58:00.000000 -5894.526919144 2364.805000958 -2185.517356504 -1.94942179712 1.79842072416 7.23311301405
2024-03-22T14:59:00.000000 -5997.436751732 2467.022861306 -1746.681620118 -1.47950774974 1.60747782001 7.38896445230
2024-03-22T15:00:00.000000 -6071.922550969 2557.547874143 -1299.542646336 -1.00233051891 1.40881309852 7.50977030706
2024-03-22T15:01:00.000000 -6117.616688575 2635.944819584 -846.222520123 -0.52016744896 1.20336877006 7.59491453791
2024-03-22T15:02:00.000000 -6134.289039653 2701.836087116 -388.875276126 -0.03532554603 0.99212369250 7.64394670297
2024-03-22T15:03:00.000000 -6121.848879135 2754.903885261 70.323372729 0.44986014129 0.77609065289 7.65659895278
2024-03-22T15:04:00.000000 -6080.345706201 2794.891964313 529.187178535 0.93305205715 0.55630808999 7.63278655618
2024-03-22T15:05:00.000000 -6009.969087752 2821.607001899 985.530338223 1.41192194423 0.33383324898 7.57260904626
2024-03-22T15:06:00.000000 -5911.047638605 2834.919494063 1437.178414164 1.88416459865 0.10973570040 7.47634492129
2024-03-22T15:07:00.000000 -5784.047376229 2834.764394818 1881.978984177 2.34750663879 -0.11490625967 7.34444952851
2024-03-22T15:08:00.000000 -5629.569474489 2821.141487753 2317.812272127 2.79971908684 -0.33901119923 7.17755540780
2024-03-22T15:09:00.000000 -5448.347145877 2794.115328887 2742.601597540 3.23863071889 -0.56150254308 6.97646514886
2024-03-22T15:10:00.000000 -5241.241986804 2753.814823782 3154.323427196 3.66213475976 -0.78131207355 6.74214733129
2024-03-22T15:11:00.000000 -5009.239786489 2700.432644830 3551.017298159 4.06820141491 -0.99738448818 6.47573527697
2024-03-22T15:12:00.000000 -4753.445473371 2634.224052926 3930.795362926 4.45488812647 -1.20868891815 6.17851395702
2024-03-22T15:13:00.000000 -4475.077877255 2555.505566308 4291.851508704 4.82034548959 -1.41421497906 5.85192391241
2024-03-22T15:14:00.000000 -4175.463347337 2464.653407399 4632.470394702 5.16284021136 -1.61298455853 5.49754595083
2024-03-22T15:15:00.000000 -3856.028733682 2362.101466336 4951.035241271 5.48075441946 -1.80405295707 5.11708320952
2024-03-22T15:16:00.000000 -3518.294595362 2248.339265501 5246.035144850 5.77258407055 -1.98651219949 4.71236245456
2024-03-22T15:17:00.000000 -3163.867961795 2123.909504492 5516.072359303 6.03695243500 -2.15949792097 4.28532659243
2024-03-22T15:18:00.000000 -2794.434413452 1989.405334827 5759.868945437 6.27262003339 -2.32219446938 3.83802377359
2024-03-22T15:19:00.000000 -2411.749646494 1845.467254587 5976.272484465 6.47848773132 -2.47383834098 3.37258758230
2024-03-22T15:20:00.000000 -2017.631188149 1692.780067135 6164.261083379 6.65359525460 -2.61371746959 2.89123500181
2024-03-22T15:21:00.000000 -1613.949791692 1532.069602077 6322.948080858 6.79712904310 -2.74117634571 2.39625447089
2024-03-22T15:22:00.000000 -1202.620530589 1364.099283667 6451.586041749 6.90842648541 -2.85561847030 1.88999650523
2024-03-22T15:23:00.000000 -785.593636610 1189.666423653 6549.570043157 6.98697791659 -2.95651081995 1.37485880861
2024-03-22T15:24:00.000000 -364.845345544 1009.598407858 6616.440157053 7.03242614727 -3.04338412107 0.85327490887
2024-03-22T15:25:00.000000 57.631224980 824.748878467 6651.883305312 7.04456570036 -3.11583220296 0.32770547835
2024-03-22T15:26:00.000000 479.835237777 635.993879999 6655.734731918 7.02334538928 -3.17351578584 -0.19936795064
2024-03-22T15:27:00.000000 899.767465393 444.227688320 6627.978837052 6.96887007174 -3.21616658363 -0.72545735103
2024-03-22T15:28:00.000000 1315.439667017 250.358561267 6568.749151163 6.88140068835 -3.24358600007 -1.24808212321
2024-03-22T15:29:00.000000 1724.883800745 55.304641458 6478.327612972 6.76134918008 -3.25564426961 -1.76477625384
2024-03-22T15:30:00.000000 2126.161125883 -140.010359054 6357.143435555 6.60928037027 -3.25228533442 -2.27309995479
2024-03-22T15:31:00.000000 2517.371269789 -334.661502448 6205.771071205 6.42590783317 -3.23352386539 -2.77065249994
2024-03-22T15:32:00.000000 2896.661145237 -527.726845096 6024.927691663 6.21209399685 -3.19944614673 -3.25507935578
2024-03-22T15:33:00.000000 3262.233734726 -718.291909157 5815.469976324 5.96884401961 -3.15021417465 -3.72408717619
2024-03-22T15:34:00.000000 3612.356470283 -905.454059366 5578.390097195 5.69730065648 -3.08606017092 -4.17545443165
2024-03-22T15:35:00.000000 3945.369382780 -1088.326657387 5314.811103691 5.39873993646 -3.00728475175 -4.60704156810
2024-03-22T15:36:00.000000 4259.692908062 -1266.043115814 5025.981820050 5.07456568997 -2.91425597717 -5.01679653725
2024-03-22T15:37:00.000000 4553.835479977 -1437.760998757 4713.271298051 4.72630604585 -2.80741059262 -5.40276614623
2024-03-22T15:38:00.000000 4826.400755828 -1602.666072082 4378.162569655 4.35560638608 -2.68725176394 -5.76310529006
2024-03-22T15:39:00.000000 5076.094565206 -1759.976301067 4022.245878284 3.96422597563 -2.55434940244 -6.09608823112
2024-03-22T15:40:00.000000 5301.731414117 -1908.945700201 3647.211048886 3.55402572855 -2.40933400166 -6.40012245350
2024-03-22T15:41:00.000000 5502.240238596 -2048.867843813 3254.839325187 3.12695743587 -2.25289356114 -6.67375432870
2024-03-22T15:42:00.000000 5676.669561734 -2179.079264264 2846.994874478 2.68505434682 -2.08577167003 -6.91567407977
2024-03-22T15:43:00.000000 5824.192160043 -2298.962685796 2425.615973317 2.23042368756 -1.90876355708 -7.12472202907
2024-03-22T15:44:00.000000 5944.109323981 -2407.950042983 1992.705831068 1.76524041420 -1.72271456947 -7.29989565491
2024-03-22T15:45:00.000000 6035.854413987 -2505.525418422 1550.322825612 1.29172912001 -1.52851609125 -7.44035822711
2024-03-22T15:46:00.000000 6098.995627107 -2591.227559941 1100.570540023 0.81215880846 -1.32709787996 -7.54544186895
2024-03-22T15:47:00.000000 6133.238202360 -2664.651997822 645.587419878 0.32882639116 -1.11942286427 -7.61465033782
2024-03-22T15:48:00.000000 6138.425992242 -2725.453150043 187.536522695 -0.15594656044 -0.90649067381 -7.64766381108
2024-03-22T15:49:00.000000 6114.542224063 -2773.346186674 -271.405485644 -0.63983908869 -0.68932478341 -7.64434557286
2024-03-22T15:50:00.000000 6061.709211948 -2808.108332016 -729.058984536 -1.12053685658 -0.46896959048 -7.60473525293
2024-03-22T15:51:00.000000 5980.187580619 -2829.579871063 -1183.252130708 -1.59574674367 -0.24648127951 -7.52905140033
2024-03-22T15:52:00.000000 5870.374612235 -2837.664670541 -1631.831394483 -2.06320741071 -0.02292240631 -7.41768539889
2024-03-22T15:53:00.000000 5732.802132575 -2832.330479725 -2072.671896238 -2.52069792616 0.20064063175 -7.27120084450
2024-03-22T15:54:00.000000 5568.133644209 -2813.608990800 -2503.687648313 -2.96605131303 0.42314406189 -7.09032947437
2024-03-22T15:55:00.000000 5377.160860584 -2781.595519543 -2922.841515077 -3.39716284748 0.64353158210 -6.87596747446
2024-03-22T15:56:00.000000 5160.799617637 -2736.448398574 -3328.154945081 -3.81200151290 0.86075984588 -6.62917060088
2024-03-22T15:57:00.000000 4920.085119556 -2678.388031467 -3717.717375459 -4.20862127599 1.07380421850 -6.35114797135
2024-03-22T15:58:00.000000 4656.166540210 -2607.695606606 -4089.695166067 -4.58517065167 1.28166383274 -6.04325298619
2024-03-22T15:59:00.000000 4370.301130156 -2524.711547994 -4442.339961575 -4.93989912316 1.48336567302 -5.70697374901
2024-03-22T16:00:00.000000 4063.848020483 -2429.833733005 -4773.996594076 -5.27116270465 1.67796832176 -5.34392745381
2024-03-22T16:01:00.000000 3738.261553500 -2323.515474436 -5083.110601001 -5.57743290937 1.86456607685 -4.95585210963
2024-03-22T16:02:00.000000 3395.084160999 -2206.263236708 -5368.235185206 -5.85730290906 2.04229369085 -4.54459697069
2024-03-22T16:03:00.000000 3035.938894941 -2078.634080844 -5628.037575069 -6.10949272138 2.21033039759 -4.11211179936
2024-03-22T16:04:00.000000 2662.521727012 -1941.232914985 -5861.304775081 -6.33285240687 2.36790246035 -3.66043815140
2024-03-22T16:05:00.000000 2276.593586592 -1794.709588906 -6066.948831357 -6.52636769859 2.51428612276 -3.19170070470
2024-03-22T16:06:00.000000 1879.972088508 -1639.755804499 -6244.011459311 -6.68916346547 2.64881046838 -2.70809533584
2024-03-22T16:07:00.000000 1474.523138310 -1477.101852824 -6391.668024974 -6.82050551333 2.77086061685 -2.21187929677
2024-03-22T16:08:00.000000 1062.152453791 -1307.513241604 -6509.230918136 -6.91980115825 2.87987721010 -1.70536202491
2024-03-22T16:09:00.000000 644.796965329 -1131.787307375 -6596.152522329 -6.98660330885 2.97535991749 -1.19089862229
2024-03-22T16:10:00.000000 224.416025199 -950.749506599 -6652.027595445 -7.02061208234 3.05687198990 -0.67087791701
2024-03-22T16:11:00.000000 -197.017499610 -765.249591205 -6676.594886583 -7.02167633966 3.12404001449 -0.14770826299
2024-03-22T16:12:00.000000 -617.525993566 -576.157858091 -6669.737995546 -6.98978840835 3.17655248209 0.37619051079
2024-03-22T16:13:00.000000 -1035.135755928 -384.361380174 -6631.486032991 -6.92508796328 3.21416304117 0.89838927541
2024-03-22T16:14:00.000000 -1447.886005777 -190.759915223 -6562.013686421 -6.82786484416 3.23669445199 1.41646845658
2024-03-22T16:15:00.000000 -1853.837615239 3.738046016 -6461.640274320 -6.69855074765 3.24403284693 1.92802561258
2024-03-22T16:16:00.000000 -2251.081744372 198.219214937 -6330.828659010 -6.53772366980 3.23613303213 2.43068159264
2024-03-22T16:17:00.000000 -2637.748479442 391.769705559 -6170.183405765 -6.34610252074 3.21302019614 2.92209283496
2024-03-22T16:18:00.000000 -3012.015307413 583.479196476 -5980.448484132 -6.12454928009 3.17478762311 3.39995780963
2024-03-22T16:19:00.000000 -3372.115743025 772.445032087 -5762.504305889 -5.87406770025 3.12159795867 3.86203313263
2024-03-22T16:20:00.000000 -3716.347452650 957.776405751 -5517.363882524 -5.59579170174 3.05368323253 4.30614214194
2024-03-22T16:21:00.000000 -4043.080098452 1138.598470143 -5246.168713452 -5.29098754622 2.97134332032 4.73018077499
2024-03-22T16:22:00.000000 -4350.763213148 1314.056415752 -4950.184025491 -4.96105017758 2.87494617997 5.13213081560
2024-03-22T16:23:00.000000 -4637.933720789 1483.319513776 -4630.793303381 -4.60749678398 2.76492633990 5.51007001593
2024-03-22T16:24:00.000000 -4903.223113752 1645.585079367 -4289.492245688 -4.23196139335 2.64178374262 5.86218195452
2024-03-22T16:25:00.000000 -5145.364256623 1800.082331107 -3927.882108780 -3.83618779108 2.50608161978 6.18676606070
2024-03-22T16:26:00.000000 -5363.197725890 1946.076139122 -3547.662479985 -3.42202116131 2.35844469245 6.48224649336
2024-03-22T16:27:00.000000 -5555.677655131 2082.870626562 -3150.623578997 -2.99140047198 2.19955635745 6.74717912730
2024-03-22T16:28:00.000000 -5721.877177501 2209.812658529 -2738.638097169 -2.54635196131 2.03015753530 6.98026118927
2024-03-22T16:29:00.000000 -5860.993323476 2326.295153492 -2313.652401597 -2.08897739298 1.85104152559 7.18034014932
2024-03-22T16:30:00.000000 -5972.351288044 2431.760122454 -1877.677398611 -1.62144589762 1.66305112660 7.34641861263
2024-03-22T16:31:00.000000 -6055.408174296 2525.701555707 -1432.778965504 -1.14598302078 1.46707542270 7.47766278163
2024-03-22T16:32:00.000000 -6109.755992513 2607.668050252 -981.067972784 -0.66485826571 1.26404479511 7.57340729794
2024-03-22T16:33:00.000000 -6135.123958860 2677.265153669 -524.690070884 -0.18037395428 1.05492641867 7.63315868079
2024-03-22T16:34:00.000000 -6131.380162794 2734.157451220 -65.815256398 0.30514527742 0.84072051340 7.65659978380
2024-03-22T16:35:00.000000 -6098.532488220 2778.070408657 393.372829837 0.78936652250 0.62245498255 7.64359316826
2024-03-22T16:36:00.000000 -6036.728724390 2808.791837743 850.687700510 1.26996117099 0.40117939729 7.59418138951
2024-03-22T16:37:00.000000 -5946.255946338 2826.173031590 1303.950818817 1.74461677404 0.17795885274 7.50858682569
2024-03-22T16:38:00.000000 -5827.539207140 2830.129472282 1751.002399555 2.21104904781 -0.04613294630 7.38721216923
2024-03-22T16:39:00.000000 -5681.139363327 2820.641177919 2189.712132053 2.66701768784 -0.27001992210 7.23063540502
2024-03-22T16:40:00.000000 -5507.750285817 2797.752659469 2617.989385447 3.11032820045 -0.49262788588 7.03960162125
2024-03-22T16:41:00.000000 -5308.195947641 2761.572875614 3033.793558370 3.53884364911 -0.71288485036 6.81503551446
2024-03-22T16:42:00.000000 -5083.425872994 2712.274457126 3435.144676513 3.95051963415 -0.92974225129 6.55802423382
2024-03-22T16:43:00.000000 -4834.509929914 2650.092755393 3820.131926080 4.34338178435 -1.14215336041 6.26979268268
2024-03-22T16:44:00.000000 -4562.634245764 2575.325519302 4186.923413555 4.71553935881 -1.34909266118 5.95174717787
2024-03-22T16:45:00.000000 -4269.094562247 2488.330671922 4533.776228833 5.06523152497 -1.54958097727 5.60543649737
2024-03-22T16:46:00.000000 -3955.289060792 2389.523821168 4859.043665651 5.39079898515 -1.74266971121 5.23252442916
2024-03-22T16:47:00.000000 -3622.711958777 2279.376655190 5161.182971434 5.69070613549 -1.92744208679 4.83480652559
2024-03-22T16:48:00.000000 -3272.945899707 2158.414660601 5438.762368068 5.96353909041 -2.10302168373 4.41418822806
2024-03-22T16:49:00.000000 -2907.654488277 2027.214521064 5690.467802158 6.20801562498 -2.26857952221 3.97268525115
2024-03-22T16:50:00.000000 -2528.574121671 1886.401170305 5915.109056514 6.42299207255 -2.42333650763 3.51240792128
2024-03-22T16:51:00.000000 -2137.505580878 1736.644724964 6111.625086605 6.60746623524 -2.56656607725 3.03554983403
2024-03-22T16:52:00.000000 -1736.305485170 1578.657256230 6279.088756403 6.76057984721 -2.69759686305 2.54438001959
2024-03-22T16:53:00.000000 -1326.877447943 1413.189361099 6416.711109875 6.88162610297 -2.81581673184 2.04123263194
2024-03-22T16:54:00.000000 -911.162903033 1241.026528858 6523.844728595 6.97004991053 -2.92067458855 1.52848969177
2024-03-22T16:55:00.000000 -491.132078346 1062.985475977 6599.986429141 7.02544768798 -3.01168132724 1.00857526935
2024-03-22T16:56:00.000000 -68.774860299 879.910344343 6644.779374032 7.04756673650 -3.08841156358 0.48394257664
2024-03-22T16:57:00.000000 353.908286056 692.668837408 6658.014744679 7.03630883917 -3.15050669473 -0.04292952485
2024-03-22T16:58:00.000000 774.915764232 502.148059837 6639.632792992 6.99173415227 -3.19767804113 -0.56955368969
2024-03-22T16:59:00.000000 1192.254228668 309.250416729 6589.722969608 6.91405699904 -3.22970473914 -1.09344498654
2024-03-22T17:00:00.000000 1603.947826002 114.889389243 6508.523477964 6.80364583624 -3.24643879066 -1.61213286600
2024-03-22T17:01:00.000000 2008.047301181 -80.014765692 6396.420060867 6.66101840691 -3.24780164096 -2.12316968136
2024-03-22T17:02:00.000000 2402.639055847 -274.539232232 6253.944565398 6.48684715332 -3.23378824962 -2.62413627819
2024-03-22T17:03:00.000000 2785.854452387 -467.763160133 6081.772401174 6.28195495935 -3.20446717907 -3.11266993525
2024-03-22T17:04:00.000000 3155.878337969 -658.771782266 5880.718999250 6.04730201865 -3.15997309894 -3.58646437497
2024-03-22T17:05:00.000000 3510.957425886 -846.660586780 5651.736359172 5.78398992128 -3.10051401412 -4.04327734050
2024-03-22T17:06:00.000000 3849.408538496 -1030.539669742 5395.908668805 5.49325264117 -3.02636738043 -4.48094555378
2024-03-22T17:07:00.000000 4169.626427091 -1209.537742879 5114.447461818 5.17645394377 -2.93787666334 -4.89738838795
2024-03-22T17:08:00.000000 4470.091550395 -1382.806206734 4808.686390237 4.83508623203 -2.83545507699 -5.29061836567
2024-03-22T17:09:00.000000 4749.377612783 -1549.523333933 4480.075199925 4.47076417082 -2.71958480163 -5.65875531878
2024-03-22T17:10:00.000000 5006.158652877 -1708.898325288 4130.172901034 4.08521567306 -2.59081365993 -6.00003911256
2024-03-22T17:11:00.000000 5239.215511004 -1860.175093653 3760.640295285 3.68027115812 -2.44975060238 -6.31283781035
2024-03-22T17:12:00.000000 5447.441703149 -2002.635925998 3373.232132916 3.25785507925 -2.29706587345 -6.59565285385
2024-03-22T17:13:00.000000 5629.848871638 -2135.605086456 2969.788837822 2.81997910395 -2.13348723352 -6.84712882923
2024-03-22T17:14:00.000000 5785.571706664 -2258.452049394 2552.227638673 2.36873104382 -1.95979295647 -7.06606147957
2024-03-22T17:15:00.000000 5913.872248290 -2370.594423872 2122.533477717 1.90626762620 -1.77680961208 -7.25139857184
2024-03-22T17:16:00.000000 6014.143841402 -2471.500977285 1682.749616597 1.43480624378 -1.58541630396 -7.40225147292
2024-03-22T17:17:00.000000 6085.914141025 -2560.694567998 1234.967384297 0.95660343999 -1.38653358772 -7.51790566559
2024-03-22T17:18:00.000000 6128.847220958 -2637.754287559 781.315932210 0.47394956290 -1.18111587515 -7.59781594759
2024-03-22T17:19:00.000000 6142.745294435 -2702.317484217 323.951849286 -0.01084375359 -0.97014958190 -7.64161325260
2024-03-22T17:20:00.000000 6127.549584220 -2754.081497509 -134.951441432 -0.49545645951 -0.75464699822 -7.64910563599
2024-03-22T17:21:00.000000 6083.340479490 -2792.805045536 -593.214318094 -0.97757167173 -0.53564101065 -7.62027845395
2024-03-22T17:22:00.000000 6010.336990034 -2818.309313429 -1048.661590893 -1.45488741667 -0.31418009566 -7.55529391166
2024-03-22T17:23:00.000000 5908.895518303 -2830.478730153 -1499.133090679 -1.92512801961 -0.09132298961 -7.45449029039
2024-03-22T17:24:00.000000 5779.507909309 -2829.261420112 -1942.494163682 -2.38605618052 0.13186670396 -7.31837928030
2024-03-22T17:25:00.000000 5622.798824309 -2814.669349214 -2376.645996903 -2.83548400727 0.35432544540 -7.14764346817
2024-03-22T17:26:00.000000 5439.522413426 -2786.778137067 -2799.535765744 -3.27128501757 0.57499605369 -6.94313229924
2024-03-22T17:27:00.000000 5230.558293806 -2745.726508304 -3209.166459081 -3.69140514246 0.79283293034 -6.70585558982
2024-03-22T17:28:00.000000 4996.906923121 -2691.715453538 -3603.606308337 -4.09387200222 1.00680716099 -6.43697734218
2024-03-22T17:29:00.000000 4739.684409142 -2625.007052016 -3980.997825414 -4.47680433666 1.21591211261 -6.13780797958
2024-03-22T17:30:00.000000 4460.116825692 -2545.923011707 -4339.566334130 -4.83841907056 1.41916750056 -5.80979640709
2024-03-22T17:31:00.000000 4159.534085836 -2454.842959186 -4677.628067810 -5.17703931374 1.61562369355 -5.45452256137
2024-03-22T17:32:00.000000 3839.363358788 -2352.202474125 -4993.597757912 -5.49110096144 1.80436588873 -5.07368836051
2024-03-22T17:33:00.000000 3501.122136421 -2238.490884316 -5285.995715589 -5.77915848786 1.98451792639 -4.66910987048
2024-03-22T17:34:00.000000 3146.410926589 -2114.248826412 -5553.454409845 -6.03989096866 2.15524628032 -4.24270798720
2024-03-22T17:35:00.000000 2776.905637782 -1980.065595161 -5794.724500445 -6.27210719855 2.31576316256 -3.79650023069
2024-03-22T17:36:00.000000 2394.349576913 -1836.576253685 -6008.680316621 -6.47475228243 2.46533140049 -3.33258891613
2024-03-22T17:37:00.000000 2000.545220965 -1684.458539165 -6194.324568994 -6.64690912225 2.60326581667 -2.85314962914
2024-03-22T17:38:00.000000 1597.345898401 -1524.429697971 -6350.792482964 -6.78779998414 2.72893506054 -2.36042281171
2024-03-22T17:39:00.000000 1186.647325212 -1357.243156763 -6477.355455156 -6.89679050205 2.84176494794 -1.85670479430
2024-03-22T17:40:00.000000 770.378953714 -1183.685081753 -6573.424013799 -6.97339017942 2.94123790114 -1.34433603235
2024-03-22T17:41:00.000000 350.495283010 -1004.570946108 -6638.550337264 -7.01725574654 3.02689621332 -0.82569577215
2024-03-22T17:42:00.000000 -71.033023444 -820.741714692 -6672.430100064 -7.02819044917 3.09834768463 -0.30318572558
2024-03-22T17:43:00.000000 -492.227785329 -633.060000980 -6674.903586942 -7.00614099052 3.15526245863 0.22077563767
2024-03-22T17:44:00.000000 -911.112115680 -442.406289306 -6645.956578574 -6.95120500471 3.19737595478 0.74375981301
2024-03-22T17:45:00.000000 -1325.719426094 -249.674931995 -6585.720348323 -6.86362576250 3.22448924082 1.26334716620
2024-03-22T17:46:00.000000 -1734.101973261 -55.770345379 -6494.471084661 -6.74378986616 3.23646663761 1.77712694389
2024-03-22T17:47:00.000000 -2134.339686637 138.396975759 -6372.629097914 -6.59223249893 3.23324189109 2.28270866570
2024-03-22T17:48:00.000000 -2524.548907699 331.914658409 -6220.757206576 -6.40963176731 3.21481836936 2.77773355365
2024-03-22T17:49:00.000000 -2902.891007318 523.872638990 -6039.558589571 -6.19681103780 3.18127006021 3.25988470328
2024-03-22T17:50:00.000000 -3267.580977375 713.367374195 -5829.873713895 -5.95473193104 3.13273939478 3.72690415807
2024-03-22T17:51:00.000000 -3616.895460571 899.505860377 -5592.676738010 -5.68448856634 3.06943579547 4.17659360312
2024-03-22T17:52:00.000000 -3949.180825064 1081.409739296 -5329.071674268 -5.38731022877 2.99163781007 4.60682613372
2024-03-22T17:53:00.000000 -4262.861032892 1258.219372049 -5040.287707774 -5.06455351323 2.89969092414 5.01555647289
2024-03-22T17:54:00.000000 -4556.445269558 1429.097905716 -4727.674080304 -4.71770185189 2.79400894743 5.40083117096
2024-03-22T17:55:00.000000 -4828.535310986 1593.235287114 -4392.694115599 -4.34835662794 2.67507121970 5.76080221018
2024-03-22T17:56:00.000000 -5077.832352487 1749.852173919 -4036.918673920 -3.95822925093 2.54342159373 6.09373432769
2024-03-22T17:57:00.000000 -5303.143421437 1898.203698951 -3662.019153570 -3.54913515158 2.39966500515 6.39801290727
2024-03-22T17:58:00.000000 -5503.387437462 2037.583092375 -3269.759988643 -3.12298737957 2.24446623723 6.67215295090
2024-03-22T17:59:00.000000 -5677.600822993 2167.325215044 -2861.990590103 -2.68178808845 2.07854766083 6.91480832050
2024-03-22T18:00:00.000000 -5824.942578066 2286.809920219 -2440.636773234 -2.22761957908 1.90268622333 7.12477972855
2024-03-22T18:01:00.000000 -5944.698791416 2395.465233534 -2007.691702292 -1.76263410475 1.71770992031 7.30102255539
2024-03-22T18:02:00.000000 -6036.286553637 2492.770276750 -1565.206405431 -1.28904433547 1.52449334832 7.44265402020
2024-03-22T18:03:00.000000 -6099.257209029 2578.257951978 -1115.279858900 -0.80911060827 1.32395387849 7.54895930179
2024-03-22T18:04:00.000000 -6133.298847278 2651.517366012 -660.048779934 -0.32512870795 1.11704666481 7.61939590083
2024-03-22T18:05:00.000000 -6138.238069221 2712.195928969 -201.677185801 0.16058201993 0.90475926674 7.65359666163
2024-03-22T18:06:00.000000 -6114.041049015 2760.001172840 257.654190304 0.64569061326 0.68810735740 7.65137186125
2024-03-22T18:07:00.000000 -6060.813860650 2794.702284637 715.758560967 1.12786617879 0.46812972350 7.61270928026
2024-03-22T18:08:00.000000 -5978.802215818 2816.131349789 1170.453790518 1.60478720950 0.24588289488 7.53777702873
2024-03-22T18:09:00.000000 -5868.390441946 2824.184184682 1619.573260391 2.07415715359 0.02243395517 7.42692344889
2024-03-22T18:10:00.000000 -5730.099604482 2818.820860971 2060.976559131 2.53371639118 -0.20114313515 7.28067348338
2024-03-22T18:11:00.000000 -5564.584940726 2800.065938932 2492.560028720 2.98125421839 -0.42377387080 7.09972670425
2024-03-22T18:12:00.000000 -5372.632611941 2768.008310553 2912.267144004 3.41461895302 -0.64438932726 6.88495450022
2024-03-22T18:13:00.000000 -5155.155738444 2722.800717214 3318.098678319 3.83173258727 -0.86193009981 6.63739285062
2024-03-22T18:14:00.000000 -4913.189803257 2664.659171394 3708.122249190 4.23059420167 -1.07534820872 6.35823497509
2024-03-22T18:15:00.000000 -4647.887741494 2593.861871644 4080.481925857 4.60929376994 -1.28362024074 6.04883447240
2024-03-22T18:16:00.000000 -4360.513951929 2510.747555586 4433.407485944 4.96602750121 -1.48575283604 5.71069304386
2024-03-22T18:17:00.000000 -4052.437622023 2415.713542337 4765.222813505 5.29910574290 -1.68078601542 5.34544235936
2024-03-22T18:18:00.000000 -3725.125986653 2309.213745174 5074.353485585 5.60695202555 -1.86779494325 4.95484130263
2024-03-22T18:19:00.000000 -3380.137078342 2191.756344091 5359.334202059 5.88811749513 -2.04589548850 4.54076502665
2024-03-22T18:20:00.000000 -3019.112063274 2063.901346442 5618.815312439 6.14127883293 -2.21424475655 4.10519378763
2024-03-22T18:21:00.000000 -2643.767570691 1926.257919258 5851.569212295 6.36524720032 -2.37204836076 3.65021324326
2024-03-22T18:22:00.000000 -2255.887260927 1779.481341168 6056.496139096 6.55897736982 -2.51856393438 3.17799699414
2024-03-22T18:23:00.000000 -1857.313133678 1624.269792599 6232.629079336 6.72157009145 -2.65310416313 2.69079436744
2024-03-22T18:24:00.000000 -1449.936725917 1461.360977655 6379.138009275 6.85227415254 -2.77503967715 2.19092075696
2024-03-22T18:25:00.000000 -1035.690109606 1291.528527708 6495.333477404 6.95048941639 -2.88380233588 1.68074401520
2024-03-22T18:26:00.000000 -616.536893289 1115.578339852 6580.669427093 7.01576475783 -2.97888503905 1.16267524265
2024-03-22T18:27:00.000000 -194.463255299 934.344831770 6634.745608454 7.04779960714 -3.05984453727 0.63916260769
2024-03-22T18:28:00.000000 228.531300977 748.687039537 6657.309576101 7.04645182092 -3.12630397369 0.11268189702
2024-03-22T18:29:00.000000 650.443508047 559.484603278 6648.257770454 7.01173634374 -3.17795349017 -0.41428183431
2024-03-22T18:30:00.000000 1069.275577413 367.633644195 6607.635844448 6.94382179795 -3.21455396915 -0.93924166953
2024-03-22T18:31:00.000000 1483.044519850 174.042578636 6535.638367366 6.84303216717 -3.23593435982 -1.45972224633
2024-03-22T18:32:00.000000 1889.791364865 -20.372054796 6432.607894365 6.70984395599 -3.24199594426 -1.97326790655
2024-03-22T18:33:00.000000 2287.590282442 -214.689992959 6299.033417244 6.54488509959 -3.23271279044 -2.47745516753
2024-03-22T18:34:00.000000 2674.557593277 -407.991530963 6135.548030730 6.34893165786 -3.20812890112 -2.96990651597
2024-03-22T18:35:00.000000 3048.860428593 -599.361617279 5942.925864174 6.12290051071 -3.16835519822 -3.44829816239
2024-03-22T18:36:00.000000 3408.725213674 -787.893945291 5722.078805912 5.86785168935 -3.11357340990 -3.91036475865
2024-03-22T18:37:00.000000 3752.446099717 -972.695286637 5474.052453398 5.58498084326 -3.04403697395 -4.35391592364
2024-03-22T18:38:00.000000 4078.392966295 -1152.889706884 5200.021454469 5.27561677275 -2.96006903008 -4.77684222341
2024-03-22T18:39:00.000000 4385.019328928 -1327.622739712 4901.284293430 4.94121776101 -2.86206198159 -5.17712680908
2024-03-22T18:40:00.000000 4670.869941398 -1496.065572221 4579.257357545 4.58336454938 -2.75047846662 -5.55285906680
2024-03-22T18:41:00.000000 4934.587775258 -1657.419154635 4235.468271389 4.20375011150 -2.62584697647 -5.90224219013
2024-03-22T18:42:00.000000 5174.920733509 -1810.918036591 3871.548831777 3.80417786411 -2.48875894640 -6.22360303171
2024-03-22T18:43:00.000000 5390.727923545 -1955.834120874 3489.227192988 3.38654865062 -2.33986737864 -6.51540427472
2024-03-22T18:44:00.000000 5580.985113017 -2091.480189314 3090.319541596 2.95284928958 -2.17988094615 -6.77624924315
2024-03-22T18:45:00.000000 5744.789748395 -2217.213141623 2676.721513894 2.50514772375 -2.00956159669 -7.00488790336
2024-03-22T18:46:00.000000 5881.365515653 -2332.437154843 2250.399122259 2.04558195301 -1.82972249462 -7.20022547857
2024-03-22T18:47:00.000000 5990.066216771 -2436.606615225 1813.379264178 1.57634949095 -1.64122354855 -7.36132822658
2024-03-22T18:48:00.000000 6070.379012245 -2529.228816324 1367.739884869 1.09969609666 -1.44496762534 -7.48742920676
2024-03-22T18:49:00.000000 6121.926946762 -2609.866376195 915.599831331 0.61790346695 -1.24189510674 -7.57793233905
2024-03-22T18:50:00.000000 6144.470767710 -2678.139348618 459.108544853 0.13327832586 -1.03297954165 -7.63241429360
2024-03-22T18:51:00.000000 6137.910122848 -2733.727094681 0.435598013 -0.35185798387 -0.81922339618 -7.65062814118
2024-03-22T18:52:00.000000 6102.284040158 -2776.369839305 -458.239989496 -0.83518312192 -0.60165198578 -7.63250581914
2024-03-22T18:53:00.000000 6037.770608752 -2805.869873809 -914.740464031 -1.31438602853 -0.38130803925 -7.57815763711
2024-03-22T18:54:00.000000 5944.685919564 -2822.092443571 -1366.900034680 -1.78718000356 -0.15924626843 -7.48787162348
2024-03-22T18:55:00.000000 5823.482233847 -2824.966291000 -1812.575427049 -2.25131428330 0.06347221184 -7.36210980509
2024-03-22T18:56:00.000000 5674.745515914 -2814.483896633 -2249.656266490 -2.70458502652 0.28578493106 -7.20150634087
2024-03-22T18:57:00.000000 5499.192239739 -2790.701369043 -2676.075270688 -3.14484753707 0.50663450078 -7.00686233353
2024-03-22T18:58:00.000000 5297.665566733 -2753.737974916 -3089.818075781 -3.57002496622 0.72497365155 -6.77914006664
2024-03-22T18:59:00.000000 5071.130956599 -2703.775395102 -3488.932792005 -3.97811965504 0.93977030989 -6.51945831581
2024-03-22T19:00:00.000000 4820.671134219 -2641.056627555 -3871.539110311 -4.36722119439 1.15001325468 -6.22908319296
2024-03-22T19:01:00.000000 4547.480658667 -2565.884641429 -4235.836991712 -4.73551395855 1.35471535061 -5.90942339500
2024-03-22T19:02:00.000000 4252.859926865 -2478.620777665 -4580.115009640 -5.08128708353 1.55291897754 -5.56202232611
2024-03-22T19:03:00.000000 3938.208658224 -2379.682829709 -4902.758128276 -5.40294166130 1.74370057037 -5.18854800609
2024-03-22T19:04:00.000000 3605.019000368 -2269.542898371 -5202.254910183 -5.69899671125 1.92617409970 -4.79078421430
2024-03-22T19:05:00.000000 3254.868284388 -2148.725016072 -5477.204178262 -5.96809434734 2.09949515856 -4.37062087314
2024-03-22T19:06:00.000000 2889.411546586 -2017.802577858 -5726.321132758 -6.20900317555 2.26286290596 -3.93004652427
2024-03-22T19:07:00.000000 2510.373702296 -1877.395621395 -5948.443071760 -6.42062658768 2.41552470490 -3.47114023820
2024-03-22T19:08:00.000000 2119.541337749 -1728.167768512 -6142.534397058 -6.60200556362 2.55678052018 -2.99605798717
2024-03-22T19:09:00.000000 1718.754400600 -1570.823045962 -6307.690949636 -6.75232107873 2.68598387263 -2.50702359530
2024-03-22T19:10:00.000000 1309.897684858 -1406.102594861 -6443.143771632 -6.87089756407 2.80254464588 -2.00631789893
2024-03-22T19:11:00.000000 894.892205946 -1234.781218950 -6548.262171292 -6.95720311109 2.90593070901 -1.49626712780
2024-03-22T19:12:00.000000 475.686609272 -1057.663948997 -6622.556191176 -7.01084865061 2.99566696364 -0.97923571538
2024-03-22T19:13:00.000000 54.248530706 -875.582464054 -6665.678766983 -7.03159091434 3.07134131410 -0.45762035525
2024-03-22T19:14:00.000000 -367.444219688 -689.391244322 -6677.427276807 -7.01933436162 3.13260510368 0.06616248550
2024-03-22T19:15:00.000000 -787.412629847 -499.963808236 -6657.744406838 -6.97413414596 3.17917323949 0.58968868176
2024-03-22T19:16:00.000000 -1203.685256718 -308.188822109 -6606.718185800 -6.89618578232 3.21082509297 1.11053710672
2024-03-22T19:17:00.000000 -1614.306703841 -114.966306382 -6524.581968963 -6.78583176722 3.22740403056 1.62628561649
2024-03-22T19:18:00.000000 -2017.346792485 78.796485002 -6411.713944990 -6.64356847760 3.22882645234 2.13453376307
2024-03-22T19:19:00.000000 -2410.909361360 272.189408662 -6268.635201737 -6.47003175695 3.21507788150 2.63291867115
2024-03-22T19:20:00.000000 -2793.140571305 464.303340154 -6096.007602899 -6.26599861352 3.18620728970 3.11911043254
2024-03-22T19:21:00.000000 -3162.237661444 654.234194017 -5894.631451816 -6.03239306589 3.14233452135 3.59082915911
2024-03-22T19:22:00.000000 -3516.457346682 841.087195446 -5665.441931836 -5.77027229990 3.08364963216 4.04585880114
2024-03-22T19:23:00.000000 -3854.123722086 1023.981018600 -5409.505176701 -5.48082508240 3.01041039392 4.48205196967
2024-03-22T19:24:00.000000 -4173.636119853 1202.051791064 -5128.013883368 -5.16537038361 2.92294082966 4.89733873476
2024-03-22T19:25:00.000000 -4473.476868619 1374.457093468 -4822.282328756 -4.82535456455 2.82163224396 5.28973875329
2024-03-22T19:26:00.000000 -4752.218680897 1540.379998651 -4493.740669448 -4.46234336754 2.70694276964 5.65737069528
2024-03-22T19:27:00.000000 -5008.531709778 1699.033021888 -4143.928702207 -4.07801744254 2.57939504889 5.99846360818
2024-03-22T19:28:00.000000 -5241.190148261 1849.661882045 -3774.488982282 -3.67416372876 2.43957346865 6.31136361600
2024-03-22T19:29:00.000000 -5449.078518445 1991.549279264 -3387.159514537 -3.25267105218 2.28812568948 6.59454590456
2024-03-22T19:30:00.000000 -5631.197423227 2124.018476555 -2983.765636141 -2.81551845214 2.12575538521 6.84662501221
2024-03-22T19:31:00.000000 -5786.668654456 2246.436602206 -2566.211480427 -2.36476442166 1.95322055121 7.06636049504
2024-03-22T19:32:00.000000 -5914.739730170 2358.217795413 -2136.471215378 -1.90254136717 1.77133013260 7.25265945923
2024-03-22T19:33:00.000000 -6014.788170584 2458.826297274 -1696.579845836 -1.43104757148 1.58094515100 7.40458926807
2024-03-22T19:34:00.000000 -6086.324919006 2547.779388420 -1248.623239542 -0.95252909305 1.38297007776 7.52138750023
2024-03-22T19:35:00.000000 -6128.996860353 2624.649703140 -794.728010313 -0.46927144859 1.17834604181 7.60245864926
2024-03-22T19:36:00.000000 -6142.588978979 2689.067443719 -337.051240920 0.01641135317 0.96804942005 7.64738353707
2024-03-22T19:37:00.000000 -6127.025569956 2740.722237239 122.230084027 0.50219034538 0.75308373673 7.65591785439
2024-03-22T19:38:00.000000 -6082.370934324 2779.364654172 580.929638711 0.98572980751 0.53447697573 7.62799519526
2024-03-22T19:39:00.000000 -6008.829332635 2804.807627093 1036.862540357 1.46470280003 0.31327824573 7.56372991066
2024-03-22T19:40:00.000000 -5906.744124434 2816.927457790 1487.856098256 1.93680065653 0.09055057857 7.46341430710
2024-03-22T19:41:00.000000 -5776.596317842 2815.664586842 1931.760616955 2.39974693430 -0.13263253441 7.32752264952
2024-03-22T19:42:00.000000 -5619.002128507 2801.023937963 2366.460208794 2.85131327621 -0.35519658461 7.15670623896
2024-03-22T19:43:00.000000 -5434.709789430 2773.074777715 2789.883190615 3.28932863531 -0.57607188934 6.95178673739
2024-03-22T19:44:00.000000 -5224.595819626 2731.950308411 3200.012239819 3.71169023678 -0.79419781368 6.71375362969
2024-03-22T19:45:00.000000 -4989.660587527 2677.846960505 3594.894265554 4.11637351494 -1.00852847606 6.44375780918
2024-03-22T19:46:00.000000 -4731.023321443 2611.023314922 3972.649987980 4.50144435775 -1.21803866231 6.14310718387
2024-03-22T19:47:00.000000 -4449.916217064 2531.798814485 4331.482870385 4.86506990279 -1.42172482033 5.81324863091
2024-03-22T19:48:00.000000 -4147.678706222 2440.552400464 4669.687467467 5.20551195363 -1.61860969281 5.45577672245
2024-03-22T19:49:00.000000 -3825.750695893 2337.720333267 4985.658319468 5.52116180410 -1.80776141269 5.07242058463
2024-03-22T19:50:00.000000 -3485.665059257 2223.793622643 5277.896992573 5.81052764148 -1.98828506611 4.66502130117
2024-03-22T19:51:00.000000 -3129.040392166 2099.315778062 5545.019109137 6.07224727794 -2.15932759653 4.23553680141
2024-03-22T19:52:00.000000 -2757.572920945 1964.880090004 5785.760770181 6.30509493781 -2.32008287777 3.78602345450
2024-03-22T19:53:00.000000 -2373.028237276 1821.126735862 5998.984223831 6.50798543517 -2.46979471294 3.31862766326
2024-03-22T19:54:00.000000 -1977.232748674 1668.739697592 6183.682869413 6.67997671970 -2.60775988908 2.83557304734
2024-03-22T19:55:00.000000 -1572.065094432 1508.443441673 6338.985623129 6.82026991225 -2.73333235663 2.33915242870
2024-03-22T19:56:00.000000 -1159.447411805 1340.999448219 6464.160918412 6.92821525041 -2.84592520976 1.83172126874
2024-03-22T19:57:00.000000 -741.336310871 1167.202540879 6558.620047925 7.00331361678 -2.94501401423 1.31568491319
2024-03-22T19:58:00.000000 -319.713669736 987.877108384 6621.919871636 7.04522287936 -3.03013785585 0.79348754979
2024-03-22T19:59:00.000000 103.422875598 803.873284039 6653.764645499 7.05375886514 -3.10089963572 0.26759544084
2024-03-22T20:00:00.000000 526.069158345 616.063011114 6654.007081579 7.02888852446 -3.15697081521 -0.25950896332
2024-03-22T20:01:00.000000 946.223753082 425.335839058 6622.649043107 6.97073601627 -3.19809157420 -0.78533961945
2024-03-22T20:02:00.000000 1361.897312403 232.594917956 6559.841439005 6.87958026313 -3.22406997989 -1.30741553720
2024-03-22T20:03:00.000000 1771.121886641 38.752730722 6465.883502623 6.75585464160 -3.23478622911 -1.82327621104
2024-03-22T20:04:00.000000 2171.960038578 -155.273129348 6341.221225295 6.60014226578 -3.23018976817 -2.33049159599
2024-03-22T20:05:00.000000 2562.513701253 -348.564130991 6186.445284629 6.41317190529 -3.21030025467 -2.82666993554
2024-03-22T20:06:00.000000 2940.932871839 -540.205068439 6002.288480359 6.19581643151 -3.17520831930 -3.30946760856
2024-03-22T20:07:00.000000 3305.424187191 -729.288218187 5789.622619425 5.94909157783 -3.12507329714 -3.77659527323
2024-03-22T20:08:00.000000 3654.259595756 -914.917596130 5549.454925161 5.67415804799 -3.06012748105 -4.22583190917
2024-03-22T20:09:00.000000 3985.784827108 -1096.213384005 5282.923374358 5.37231233850 -2.98067715002 -4.65504242364
2024-03-22T20:10:00.000000 4298.427208644 -1272.316183261 4991.291252217 5.04497741191 -2.88709555276 -5.06218543845
2024-03-22T20:11:00.000000 4590.703193485 -1442.390984761 4675.941343326 4.69370011504 -2.77982286078 -5.44532120036
2024-03-22T20:12:00.000000 4861.225531382 -1605.631181267 4338.369485523 4.32014201818 -2.65936511836 -5.80262199906
2024-03-22T20:13:00.000000 5108.709973391 -1761.262467675 3980.177641551 3.92607401705 -2.52629273452 -6.13238029442
2024-03-22T20:14:00.000000 5331.981552217 -1908.546583359 3603.066329790 3.51336604757 -2.38123601974 -6.43301909304
2024-03-22T20:15:00.000000 5529.980279679 -2046.784843584 3208.826669339 3.08397989496 -2.22488384290 -6.70309678394
2024-03-22T20:16:00.000000 5701.766452807 -2175.321594307 2799.331984304 2.63996201589 -2.05798096138 -6.94131619484
2024-03-22T20:17:00.000000 5846.525488666 -2293.547464916 2376.528853962 2.18343446657 -1.88132489986 -7.14653459097
2024-03-22T20:18:00.000000 5963.572027889 -2400.902383224 1942.427589617 1.71658060872 -1.69576034806 -7.31777065748
2024-03-22T20:19:00.000000 6052.353305609 -2496.878272668 1499.092465883 1.24163525775 -1.50217544436 -7.45420787182
2024-03-22T20:20:00.000000 6112.451897411 -2581.021573719 1048.631667656 0.76087275059 -1.30149854908 -7.55519970796
2024-03-22T20:21:00.000000 6143.587723550 -2652.935498227 593.187004323 0.27659525026 -1.09469262221 -7.62027222687
2024-03-22T20:22:00.000000 6145.619416835 -2712.281936104 134.923474862 -0.20887760296 -0.88274990328 -7.64912691852
2024-03-22T20:23:00.000000 6118.545012944 -2758.783082846 -323.981333194 -0.69322062543 -0.66668765936 -7.64164300835
2024-03-22T20:24:00.000000 6062.501908830 -2792.222798805 -781.347976784 -1.17411601119 -0.44754305273 -7.59787964135
2024-03-22T20:25:00.000000 5977.765988891 -2812.447601794 -1235.005951551 -1.64926764669 -0.22636630061 -7.51807512101
2024-03-22T20:26:00.000000 5864.749938889 -2819.367254706 -1682.804317914 -2.11641347723 -0.00421453284 -7.40264259407
2024-03-22T20:27:00.000000 5724.000876560 -2812.955021846 -2122.622044347 -2.57333564716 0.21785334335 -7.25216482660
2024-03-22T20:28:00.000000 5556.197494386 -2793.247695806 -2552.378121222 -3.01786849745 0.43877954464 -7.06739368581
2024-03-22T20:29:00.000000 5362.146469671 -2760.345273824 -2970.041638534 -3.44791319651 0.65751628404 -6.84924542523
2024-03-22T20:30:00.000000 5142.778198760 -2714.410229548 -3373.641396141 -3.86144636120 0.87302924725 -6.59879336741
2024-03-22T20:31:00.000000 4899.141956693 -2655.666578928 -3761.275145659 -4.25653005642 1.08430222352 -6.31726126214
2024-03-22T20:32:00.000000 4632.400552223 -2584.398641151 -4131.118413009 -4.63131917385 1.29034227541 -6.00601692222
2024-03-22T20:33:00.000000 4343.824500950 -2500.949475489 -4481.432924956 -4.98406964182 1.49018485895 -5.66656445110
2024-03-22T20:34:00.000000 4034.785743487 -2405.719087190 -4810.574583895 -5.31314660742 1.68289723210 -5.30053769733
2024-03-22T20:35:00.000000 3706.750801036 -2299.162358892 -5117.000942813 -5.61703307625 1.86758340659 -4.90968926908
2024-03-22T20:36:00.000000 3361.273556362 -2181.786740365 -5399.278019382 -5.89433461899 2.04338792871 -4.49588038079
2024-03-22T20:37:00.000000 2999.987792565 -2054.149706669 -5656.086546299 -6.14378329460 2.20949903497 -4.06107240553
2024-03-22T20:38:00.000000 2624.599413967 -1916.856063911 -5886.227716056 -6.36424386012 2.36515141140 -3.60731743464
2024-03-22T20:39:00.000000 2236.878380253 -1770.555063995 -6088.628286937 -6.55471643714 2.50962919187 -3.13674738155
2024-03-22T20:40:00.000000 1838.650539685 -1615.937353524 -6262.345163848 -6.71433900147 2.64226929796 -2.65156749123
2024-03-22T20:41:00.000000 1431.789136500 -1453.731652181 -6406.569476109 -6.84239445157 2.76246609724 -2.15404351985
2024-03-22T20:42:00.000000 1018.206145947 -1284.701288472 -6520.629707137 -6.93830753961 2.86967151980 -1.64648712844
2024-03-22T20:43:00.000000 599.843859973 -1109.640737868 -6603.994364681 -7.00164418120 2.96339549338 -1.13125356269
2024-03-22T20:44:00.000000 178.666191892 -929.372107039 -6656.274379970 -7.03211845812 3.04320767813 -0.61073289065
2024-03-22T20:45:00.000000 -243.350279632 -744.741470267 -6677.224765123 -7.02959384031 3.10873924380 -0.08733523808
2024-03-22T20:46:00.000000 -664.225178407 -556.615168879 -6666.745455469 -6.99407924657 3.15968440989 0.43651992614
2024-03-22T20:47:00.000000 -1081.982882443 -365.875925464 -6624.881748039 -6.92572450512 3.19580270963 0.95840609214
2024-03-22T20:48:00.000000 -1494.661265396 -173.418858457 -6551.824683260 -6.82483215618 3.21692249320 1.47589547905
2024-03-22T20:49:00.000000 -1900.320953967 19.852670457 -6447.910288745 -6.69185502000 3.22293923822 1.98658563940
2024-03-22T20:50:00.000000 -2297.053933179 213.030941414 -6313.617948401 -6.52738607968 3.21381292465 2.48809973494
2024-03-22T20:51:00.000000 -2682.992147505 405.207933323 -6149.568751514 -6.33216508845 3.18957456667 2.97809422464
2024-03-22T20:52:00.000000 -3056.316248915 595.479628005 -5956.522892676 -6.10707380131 3.15032534614 3.45427796551
2024-03-22T20:53:00.000000 -3415.263825217 782.950062369 -5735.376338242 -5.85312812561 3.09623272578 3.91441667803
2024-03-22T20:54:00.000000 -3758.137466780 966.735339769 -5487.157245496 -5.57147893037 3.02753166514 4.35634023849
2024-03-22T20:55:00.000000 -4083.312784624 1145.967726116 -5213.021753807 -5.26340840945 2.94452597785 4.77795445584
2024-03-22T20:56:00.000000 -4389.246173349 1319.799725372 -4914.249128751 -4.93032689548 2.84758603899 5.17725100562
2024-03-22T20:57:00.000000 -4674.482385187 1487.408096173 -4592.236269151 -4.57376774890 2.73715045644 5.55231951004
2024-03-22T20:58:00.000000 -4937.661601644 1647.997871531 -4248.491452332 -4.19537730325 2.61372151913 5.90135832401
2024-03-22T20:59:00.000000 -5177.526122019 1800.806066046 -3884.627731282 -3.79691321594 2.47786409024 6.22267864453
2024-03-22T21:00:00.000000 -5392.926807431 1945.105484963 -3502.355645769 -3.38023298488 2.33020447283 6.51472143676
2024-03-22T21:01:00.000000 -5582.828665318 2080.208154472 -3103.475453985 -2.94728534841 2.17142468220 6.77605440852
2024-03-22T21:02:00.000000 -5746.316480325 2205.468874303 -2689.869199397 -2.50011161466 2.00226787721 7.00538836228
2024-03-22T21:03:00.000000 -5882.599787947 2320.288613081 -2263.491616622 -2.04082644502 1.82352828529 7.20158916976
2024-03-22T21:04:00.000000 -5991.016971705 2424.117406469 -1826.360831351 -1.57160897672 1.63604715964 7.36367891646
2024-03-22T21:05:00.000000 -6071.038848370 2516.457154552 -1380.548769333 -1.09469218477 1.44071145552 7.49084294016
2024-03-22T21:06:00.000000 -6122.271588536 2596.864216749 -928.171287238 -0.61235433052 1.23844887140 7.58243251442
2024-03-22T21:07:00.000000 -6144.459201520 2664.951775725 -471.377919784 -0.12690875308 1.03022512430 7.63797550761
2024-03-22T21:08:00.000000 -6137.485082470 2720.391918399 -12.341094216 0.35931478222 0.81703640180 7.65718094433
2024-03-22T21:09:00.000000 -6101.372477361 2762.917203984 446.754621098 0.84398586138 0.59990139946 7.63993343987
2024-03-22T21:10:00.000000 -6036.284418942 2792.321944953 903.722866243 1.32477506949 0.37986000081 7.58628957010
2024-03-22T21:11:00.000000 -5942.523525043 2808.463430014 1356.386129231 1.79936268182 0.15797017559 7.49648967187
2024-03-22T21:12:00.000000 -5820.530713061 2811.262751956 1802.586847938 2.26546098955 -0.06470018974 7.37095683044
2024-03-22T21:13:00.000000 -5670.882887725 2800.705230313 2240.198185036 2.72082702876 -0.28707962750 7.21029133476
2024-03-22T21:14:00.000000 -5494.289950634 2776.840383684 2667.134430108 3.16327101839 -0.50809963411 7.01526276250
2024-03-22T21:15:00.000000 -5291.591405749 2739.781766307 3081.361158925 3.59066564026 -0.72669578511 6.78681172761
2024-03-22T21:16:00.000000 -5063.752110951 2689.706344630 3480.905394034 4.00096130691 -0.94181960805 6.52604387792
2024-03-22T21:17:00.000000 -4811.857322702 2626.853496943 3863.865257203 4.39219657669 -1.15244016330 6.23422234184
2024-03-22T21:18:00.000000 -4537.107106658 2551.523728714 4228.419063562 4.76250581026 -1.35755145064 5.91275509777
2024-03-22T21:19:00.000000 -4240.810542709 2464.077110869 4572.833879342 5.11012316602 -1.55617431707 5.56319300127
2024-03-22T21:20:00.000000 -3924.379230459 2364.931539210 4895.473990795 5.43339919349 -1.74736220317 5.18722316054
2024-03-22T21:21:00.000000 -3589.320156195 2254.560509705 5194.808617481 5.73080382009 -1.93020812770 4.78665534564
2024-03-22T21:22:00.000000 -3237.228297620 2133.490787404 5469.419159370 6.00093674484 -2.10384464003 4.36341715919
2024-03-22T21:23:00.000000 -2869.778547802 2002.299732544 5718.005752257 6.24253395206 -2.26745375174 3.91953571606
2024-03-22T21:24:00.000000 -2488.717650735 1861.612298452 5939.392877244 6.45446459766 -2.42026645886 3.45712888187
2024-03-22T21:25:00.000000 -2095.856001125 1712.098089778 6132.534760780 6.63573982374 -2.56156451259 2.97840152342
2024-03-22T21:26:00.000000 -1693.058926735 1554.468112393 6296.520150127 6.78551729394 -2.69068668124 2.48563066652
2024-03-22T21:27:00.000000 -1282.237879619 1389.471324468 6430.576307242 6.90310206562 -2.80702901081 1.98115517469
2024-03-22T21:28:00.000000 -865.341494464 1217.891153327 6534.072566072 6.98795154677 -2.91004742989 1.46737066401
2024-03-22T21:29:00.000000 -444.346141932 1040.541723899 6606.523241703 7.03968333379 -2.99926341587 0.94670938908
2024-03-22T21:30:00.000000 -21.246648688 858.263928275 6647.589268162 7.05806300807 -3.07426245381 0.42162815597
2024-03-22T21:31:00.000000 401.952761644 671.921573695 6657.079849921 7.04301460326 -3.13469630113 -0.10539180752
2024-03-22T21:32:00.000000 823.247994679 482.397373764 6634.953168283 6.99461620094 -3.18028256327 -0.63186586592
2024-03-22T21:33:00.000000 1240.644284281 290.588914566 6581.316549031 6.91310177936 -3.21080868909 -1.15531027890
2024-03-22T21:34:00.000000 1652.165541053 97.404423412 6496.425879127 6.79885892014 -3.22613248058 -1.67325841420
2024-03-22T21:35:00.000000 2055.863436825 -96.241437956 6380.684302731 6.65242529551 -3.22618142772 -2.18326965633
2024-03-22T21:36:00.000000 2449.826397375 -289.431756111 6234.640345799 6.47448721486 -3.21095305432 -2.68294093184
2024-03-22T21:37:00.000000 2832.188282376 -481.251569947 6058.985460258 6.26587331059 -3.18051548413 -3.16991053175
2024-03-22T21:38:00.000000 3201.137136843 -670.792225162 5854.551336535 6.02756113993 -3.13501082605 -3.64186977020
2024-03-22T21:39:00.000000 3554.923937116 -857.155741232 5622.306107765 5.76066936267 -3.07465201160 -4.09658055937
2024-03-22T21:40:00.000000 3891.870875200 -1039.458958248 5363.349924852 5.46645291428 -2.99972011730 -4.53188156729
2024-03-22T21:41:00.000000 4210.379476829 -1216.837666330 5078.910012242 5.14629983768 -2.91056609805 -4.94570123787
2024-03-22T21:42:00.000000 4508.938257200 -1388.450803533 4770.334932617 4.80172111296 -2.80760993895 -5.33606681747
2024-03-22T21:43:00.000000 4786.130073427 -1553.484486155 4439.088414370 4.43434908332 -2.69133727127 -5.70111531942
2024-03-22T21:44:00.000000 5040.639037064 -1711.155895219 4086.742370110 4.04592489277 -2.56229758972 -6.03910424090
2024-03-22T21:45:00.000000 5271.256816681 -1860.717038352 3714.969511948 3.63829166820 -2.42110196854 -6.34841745814
2024-03-22T21:46:00.000000 5476.888538016 -2001.458379910 3325.535492821 3.21338632867 -2.26842062004 -6.62757447466
2024-03-22T21:47:00.000000 5656.558106285 -2132.712272744 2920.290578701 2.77323012264 -2.10497905183 -6.87523608563
2024-03-22T21:48:00.000000 5809.413106792 -2253.856215243 2501.161022567 2.31992397924 -1.93155671884 -7.09021020084
2024-03-22T21:49:00.000000 5934.729356743 -2364.316064095 2070.139828969 1.85563819882 -1.74898502897 -7.27146611158
2024-03-22T21:50:00.000000 6031.914537925 -2463.568903431 1629.276854795 1.38259620512 -1.55813895286 -7.41813942009
2024-03-22T21:51:00.000000 6100.511066347 -2551.145524800 1180.668780470 0.90306357817 -1.35993340273 -7.52953425814
2024-03-22T21:52:00.000000 6140.198295374 -2626.632731095 726.448914807 0.41933790260 -1.15531986252 -7.60512652668
2024-03-22T21:53:00.000000 6150.794071895 -2689.675381455 268.776715074 -0.06626457714 -0.94528078725 -7.64456868405
2024-03-22T21:54:00.000000 6132.255508194 -2739.978050192 -190.172768635 -0.55141911684 -0.73082364766 -7.64768895190
2024-03-22T21:55:00.000000 6084.679170200 -2777.306417438 -648.219550646 -1.03380459567 -0.51297698796 -7.61449480034
2024-03-22T21:56:00.000000 6008.300406529 -2801.488371411 -1103.189469330 -1.51111868271 -0.29278469048 -7.54517252271
2024-03-22T21:57:00.000000 5903.491813267 -2812.414718685 -1552.924755195 -1.98108979019 -0.07129946825 -7.44008113232
2024-03-22T21:58:00.000000 5770.761196860 -2810.039580003 -1995.294313727 -2.44148411571 0.15042219485 -7.29975078989
2024-03-22T21:59:00.000000 5610.749039139 -2794.380441259 -2428.203967002 -2.89011454350 0.37132460742 -7.12488203935
2024-03-22T22:00:00.000000 5424.225286225 -2765.518056307 -2849.606702530 -3.32485587179 0.59035617187 -6.91634581762
2024-03-22T22:01:00.000000 5212.085143875 -2723.595865281 -3257.512628723 -3.74365939527 0.80647994917 -6.67517283709
2024-03-22T22:02:00.000000 4975.344298773 -2668.819041796 -3649.998258423 -4.14455896321 1.01867558271 -6.40254546205
2024-03-22T22:03:00.000000 4715.133713255 -2601.453321206 -4025.215486801 -4.52567979550 1.22594587324 -6.09979283068
2024-03-22T22:04:00.000000 4432.693832097 -2521.823456973 -4381.400133313 -4.88524864119 1.42732104816 -5.76838131460
2024-03-22T22:05:00.000000 4129.368328460 -2430.311560097 -4716.879896890 -5.22159861792 1.62185904877 -5.40990653138
2024-03-22T22:06:00.000000 3806.597517778 -2327.355309339 -5030.081973807 -5.53317679014 1.80865167109 -5.02608822889
2024-03-22T22:07:00.000000 3465.911254291 -2213.445617997 -5319.540175221 -5.81855206639 1.98683274682 -4.61875802318
2024-03-22T22:08:00.000000 3108.921531147 -2089.124100781 -5583.901329803 -6.07641868225 2.15557935618 -4.18985053412
2024-03-22T22:09:00.000000 2737.314737727 -1954.980330014 -5821.931177927 -6.30560356930 2.31411581465 -3.74139253290
2024-03-22T22:10:00.000000 2352.843602924 -1811.649004797 -6032.519490667 -6.50506774424 2.46171383693 -3.27548997770
2024-03-22T22:11:00.000000 1957.319242231 -1659.807033337 -6214.684694285 -6.67390519541 2.59769558724 -2.79432569354
2024-03-22T22:12:00.000000 1552.602842274 -1500.170326821 -6367.578315190 -6.81135420181 2.72143956835 -2.30015007082
2024-03-22T22:13:00.000000 1140.596969833 -1333.490390117 -6490.488475226 -6.91679651875 2.83238021876 -1.79526463963
2024-03-22T22:14:00.000000 723.236954402 -1160.550971248 -6582.842769165 -6.98975890798 2.93000931528 -1.28201515010
2024-03-22T22:15:00.000000 302.482141560 -982.164499452 -6644.210569929 -7.02991414149 3.01387911950 -0.76278013277
2024-03-22T22:16:00.000000 -119.692858955 -799.168444864 -6674.304687338 -7.03708003440 3.08360259509 -0.23996093476
2024-03-22T22:17:00.000000 -541.306812862 -612.421649703 -6672.982580060 -7.01121819091 3.13885518616 0.28402288845
2024-03-22T22:18:00.000000 -960.380557782 -422.800442580 -6640.247294040 -6.95243747097 3.17937908661 0.80673930937
2024-03-22T22:19:00.000000 -1374.946090337 -231.194585774 -6576.247760648 -6.86100057543 3.20498374388 1.32576142118
2024-03-22T22:20:00.000000 -1783.055576479 -38.503337674 -6481.277995175 -6.73731578453 3.21554352616 1.83868073872
2024-03-22T22:21:00.000000 -2182.789928845 154.368546129 -6355.775885077 -6.58193342728 3.21100094841 2.34311033391
2024-03-22T22:22:00.000000 -2572.267549544 346.514880261 -6200.321676198 -6.39555372787 3.19136586872 2.83669571358
2024-03-22T22:23:00.000000 -2949.653158520 537.032112746 -6015.635396400 -6.17901758659 3.15671613387 3.31713286671
2024-03-22T22:24:00.000000 -3313.165947522 725.023386176 -5802.573805777 -5.93330057887 3.10719728547 3.78216832857
2024-03-22T22:25:00.000000 -3661.087818909 909.602684299 -5562.127113564 -5.65951730769 3.04302548503 4.22961077418
2024-03-22T22:26:00.000000 -3991.771480979 1089.898988214 -5295.414704151 -5.35891131397 2.96448310797 4.65734593844
2024-03-22T22:27:00.000000 -4303.648118077 1265.060177684 -5003.680536249 -5.03285651437 2.87191898871 5.06333780688
2024-03-22T22:28:00.000000 -4595.235201341 1434.257119954 -4688.287873140 -4.68285249757 2.76574970842 5.44564779854
2024-03-22T22:29:00.000000 -4865.143656082 1596.687628131 -4350.713212331 -4.31051418228 2.64645683119 5.80244095498
2024-03-22T22:30:00.000000 -5112.084679236 1751.580330870 -3992.539806251 -3.91756802503 2.51458554219 6.13199583400
2024-03-22T22:31:00.000000 -5334.876177425 1898.198412056 -3615.450529537 -3.50584294710 2.37074212074 6.43271417487
2024-03-22T22:32:00.000000 -5532.448683849 2035.843197203 -3221.220311182 -3.07726352121 2.21559124053 6.70312680909
2024-03-22T22:33:00.000000 -5703.850964721 2163.857620844 -2811.708143107 -2.63384494974 2.04985519727 6.94190290591
2024-03-22T22:34:00.000000 -5848.255138351 2281.629631466 -2388.848417521 -2.17768162434 1.87431132265 7.14786150420
2024-03-22T22:35:00.000000 -5964.961062566 2388.595329875 -1954.641704715 -1.71093539487 1.68978648176 7.31997836298
2024-03-22T22:36:00.000000 -6053.400090204 2484.241810190 -1511.145221024 -1.23582598481 1.49715308703 7.45739047042
2024-03-22T22:37:00.000000 -6113.138229236 2568.109783517 -1060.462958527 -0.75462007495 1.29732502728 7.55940278575
2024-03-22T22:38:00.000000 -6143.878569191 2639.795898759 -604.735479285 -0.26961860148 1.09125242163 7.62549120478
2024-03-22T22:39:00.000000 -6145.463076473 2698.954857167 -146.129620893 0.21685176759 0.87991988979 7.65530534809
2024-03-22T22:40:00.000000 -6117.873754657 2745.301333512 313.172171279 0.70245244816 0.66434044000 7.64867612137
2024-03-22T22:41:00.000000 -6061.232850985 2778.611425152 770.982765619 1.18484999567 0.44554737449 7.60561495262
2024-03-22T22:42:00.000000 -5975.802303038 2798.723767355 1225.120905444 1.66172091540 0.22459212815 7.52630730259
2024-03-22T22:43:00.000000 -5861.982915743 2805.540501417 1673.422025779 2.13076447049 0.00253809058 7.41112458785
2024-03-22T22:44:00.000000 -5720.312339338 2799.027728641 2113.749229124 2.58972131603 -0.21954641583 7.26061646405
2024-03-22T22:45:00.000000 -5551.462242227 2779.215696176 2544.003851821 3.03638580174 -0.44059290603 7.07550642477
2024-03-22T22:46:00.000000 -5356.234835148 2746.198568909 2962.135676429 3.46861304170 -0.65954041636 6.85668562653
2024-03-22T22:47:00.000000 -5135.558966086 2700.133796800 3366.152924359 3.88432862637 -0.87534084903 6.60520983121
2024-03-22T22:48:00.000000 -4890.485574269 2641.241349779 3754.131931186 4.28153891927 -1.08695772377 6.32229356109
2024-03-22T22:49:00.000000 -4622.182355561 2569.802855900 4124.226682231 4.65834907254 -1.29337635677 6.00930789603
2024-03-22T22:50:00.000000 -4331.927680566 2486.159864360 4474.677596517 5.01296377713 -1.49361217935 5.66776284457
2024-03-22T22:51:00.000000 -4021.104325607 2390.712178521 4803.819896488 5.34370092152 -1.68671005540 5.29930579479
2024-03-22T22:52:00.000000 -3691.192538731 2283.915759152 5110.091449060 5.64899379287 -1.87175419985 4.90571044043
2024-03-22T22:53:00.000000 -3343.762880113 2166.280281544 5392.040143266 5.92740067402 -2.04786940030 4.48886837262
2024-03-22T22:54:00.000000 -2980.468428872 2038.366699386 5648.330634457 6.17761354804 -2.21422287670 4.05077852256
2024-03-22T22:55:00.000000 -2603.036652230 1900.784471351 5877.750459530 6.39846131564 -2.37003136975 3.59353613102
2024-03-22T22:56:00.000000 -2213.261091279 1754.188489227 6079.215447282 6.58891260886 -2.51456375984 3.11932039283
2024-03-22T22:57:00.000000 -1812.992944776 1599.275973529 6251.774582833 6.74807886002 -2.64714050858 2.63039051219
2024-03-22T22:58:00.000000 -1404.132152750 1436.783209969 6394.614499437 6.87522391621 -2.76714021875 2.12907203499
2024-03-22T22:59:00.000000 -988.618290240 1267.481929993 6507.063003699 6.96976337926 -2.87400286891 1.61774378068
2024-03-22T23:00:00.000000 -568.421368488 1092.175595187 6588.591936854 7.03126660099 -2.96723106897 1.09882583323
2024-03-22T23:01:00.000000 -145.532702601 911.695619205 6638.819384806 7.05945529855 -3.04639080280 0.57477231135
2024-03-22T23:02:00.000000 278.044478818 726.897462399 6657.511307334 7.05420925871 -3.11111434826 0.04805429356
2024-03-22T23:03:00.000000 700.304214375 538.656723288 6644.582312403 7.01555884023 -3.16109898435 -0.47884337636
2024-03-22T23:04:00.000000 1119.247114215 347.865062041 6600.096219971 6.94369235602 -3.19611208110 -1.00343562139
2024-03-22T23:05:00.000000 1532.889705805 155.426015886 6524.265580738 6.83895123851 -3.21599035754 -1.52325131055
2024-03-22T23:06:00.000000 1939.273498928 -37.749157757 6417.450628750 6.70182700618 -3.22063982416 -2.03583973750
2024-03-22T23:07:00.000000 2336.474041520 -230.745676606 6280.157785065 6.53296243936 -3.21003740548 -2.53878094308
2024-03-22T23:08:00.000000 2722.609910296 -422.649544093 6113.037427654 6.33314856435 -3.18423213686 -3.02969843647
2024-03-22T23:09:00.000000 3095.851492765 -612.551799980 5916.880945106 6.10332076883 -3.14334262625 -3.50626932050
2024-03-22T23:10:00.000000 3454.429615120 -799.552720963 5692.617304990 5.84455822490 -3.08755869790 -3.96623301815
2024-03-22T23:11:00.000000 3796.644037169 -982.766155774 5441.308820033 5.55807766466 -3.01714240638 -4.40740762706
2024-03-22T23:12:00.000000 4120.871420635 -1161.323694958 5164.146198525 5.24522592611 -2.93242282209 -4.82769515186
2024-03-22T23:13:00.000000 4425.573175956 -1334.378732970 4862.443267571 4.90747960217 -2.83379736507 -5.22509263935
2024-03-22T23:14:00.000000 4709.302969673 -1501.110512786 4537.630913875 4.54643678320 -2.72173076207 -5.59770271245
2024-03-22T23:15:00.000000 4970.713800958 -1660.728159116 4191.250335643 4.16380805739 -2.59675296118 -5.94374713978
2024-03-22T23:16:00.000000 5208.564443242 -1812.474428075 3824.945753403 3.76140785353 -2.45945513279 -6.26157111340
2024-03-22T23:17:00.000000 5421.725492105 -1955.629362576 3440.456773563 3.34114813379 -2.31048868301 -6.54965128035
2024-03-22T23:18:00.000000 5609.185016082 -2089.513861781 3039.610208584 2.90503087950 -2.15056355923 -6.80660602153
2024-03-22T23:19:00.000000 5770.053609001 -2213.493040777 2624.311285686 2.45513642084 -1.98044261802 -7.03120415879
2024-03-22T23:20:00.000000 5903.568769492 -2326.979266659 2196.534476304 1.99361308610 -1.80093777375 -7.22236930917
2024-03-22T23:21:00.000000 6009.098731213 -2429.435043669 1758.314064638 1.52266907417 -1.61290790036 -7.37918536658
2024-03-22T23:22:00.000000 6086.145763536 -2520.375722604 1311.734262102 1.04456139114 -1.41725463033 -7.50090554092
2024-03-22T23:23:00.000000 6134.348640135 -2599.371892894 858.918938253 0.56158155989 -1.21491717856 -7.58695480304
2024-03-22T23:24:00.000000 6153.484379928 -2666.051527653 402.021192809 0.07604354615 -1.00686769674 -7.63693448387
2024-03-22T23:25:00.000000 6143.469196908 -2720.101709978 -56.787223410 -0.40972782839 -0.79410373441 -7.65062137269
2024-03-22T23:26:00.000000 6104.358879458 -2761.270088780 -515.326517831 -0.89340790487 -0.57764586563 -7.62797137412
2024-03-22T23:27:00.000000 6036.348276792 -2789.366043738 -971.419571325 -1.37268713125 -0.35852993786 -7.56911638320
2024-03-22T23:28:00.000000 5939.770226465 -2804.261484824 -1422.902413052 -1.84527761302 -0.13780436205 -7.47436374116
2024-03-22T23:29:00.000000 5815.093785315 -2805.891466397 -1867.634809170 -2.30892837056 0.08347612385 -7.34419637973
2024-03-22T23:30:00.000000 5662.921732424 -2794.254375984 -2303.510701649 -2.76143583158 0.30425556062 -7.17927055711
2024-03-22T23:31:00.000000 5483.987224146 -2769.411842857 -2728.468448031 -3.20065865692 0.52348318636 -6.98040887076
2024-03-22T23:32:00.000000 5279.149883878 -2731.488235890 -3140.500638970 -3.62452467662 0.74011916467 -6.74859601724
2024-03-22T23:33:00.000000 5049.391269450 -2680.669873430 -3537.663641575 -4.03104323545 0.95313933626 -6.48497154447
2024-03-22T23:34:00.000000 4795.809759107 -2617.203916616 -3918.086633055 -4.41831201989 1.16154032865 -6.19082225979
2024-03-22T23:35:00.000000 4519.614969681 -2541.396995272 -4279.980292523 -4.78452714443 1.36434425781 -5.86757638664
2024-03-22T23:36:00.000000 4222.121619985 -2453.613524244 -4621.644988496 -5.12799012713 1.56060337630 -5.51679408784
2024-03-22T23:37:00.000000 3904.742987952 -2354.273789825 -4941.478447293 -5.44711536237 1.74940374398 -5.14015875270
2024-03-22T23:38:00.000000 3568.983959633 -2243.851806792 -5237.982846468 -5.74043554627 1.92986893092 -4.73946729597
2024-03-22T23:39:00.000000 3216.433799082 -2122.872955587 -5509.771384242 -6.00660620183 2.10116371359 -4.31662220583
2024-03-22T23:40:00.000000 2848.758620333 -1991.911410757 -5755.574381066 -6.24441097501 2.26249763895 -3.87362357823
2024-03-22T23:41:00.000000 2467.693563114 -1851.587335401 -5974.244873123 -6.45276647677 2.41312839458 -3.41256056323
2024-03-22T23:42:00.000000 2075.034551621 -1702.563937983 -6164.763656517 -6.63073132219 2.55236427181 -2.93559979727
2024-03-22T23:43:00.000000 1672.629719320 -1545.544307158 -6326.243393283 -6.77750483956 2.67956775545 -2.44496840869
2024-03-22T23:44:00.000000 1262.371163846 -1381.268131292 -6457.932157909 -6.89242372208 2.79415703311 -1.94295315000
2024-03-22T23:45:00.000000 846.186387142 -1210.508242348 -6559.216767356 -6.97497181370 2.89560929827 -1.43188883751
2024-03-22T23:46:00.000000 426.029452333 -1034.067078911 -6629.625185723 -7.02477918924 2.98346038632 -0.91414379567
2024-03-22T23:47:00.000000 3.872358898 -852.773150144 -6668.828305899 -7.04161771600 3.05730579996 -0.39211366789
2024-03-22T23:48:00.000000 -418.303540600 -667.477384935 -6676.641509816 -7.02540478482 3.11680340397 0.13178171533
2024-03-22T23:49:00.000000 -838.516496071 -479.049258799 -6653.025846048 -6.97621085031 3.16167725369 0.65511014577
2024-03-22T23:50:00.000000 -1254.793530408 -288.372855008 -6598.088158536 -6.89425617466 3.19171633490 1.17544555085
2024-03-22T23:51:00.000000 -1665.179253409 -96.342919070 -6512.080524480 -6.77990694812 3.20677656389 1.69037474365
2024-03-22T23:52:00.000000 -2067.744523162 96.139139124 -6395.399139835 -6.63367073094 3.20677939040 2.19750681580
2024-03-22T23:53:00.000000 -2460.595018481 288.169196662 -6248.583039331 -6.45620323778 3.19171395007 2.69447406941
2024-03-22T23:54:00.000000 -2841.880239922 478.844568933 -6072.311988756 -6.24830659924 3.16163857343 3.17895622838
2024-03-22T23:55:00.000000 -3209.801876647 667.268101108 -5867.403359066 -6.01091778239 3.11667916066 3.64868698550
2024-03-22T23:56:00.000000 -3562.621870411 852.552176291 -5634.808783068 -5.74510837228 3.05702740415 4.10145822787
2024-03-22T23:57:00.000000 -3898.670535130 1033.822690681 -5375.610440684 -5.45208595487 2.98294304215 4.53512886727
2024-03-22T23:58:00.000000 -4216.354610880 1210.223232206 -5091.016568267 -5.13318901494 2.89475545774 4.94764012410
2024-03-22T23:59:00.000000 -4514.164897020 1380.919157720 -4782.356218982 -4.78988006027 2.79286064569 5.33702498120
2024-03-23T00:00:00.000000 -4790.683534525 1545.101548783 -4451.073512348 -4.42374067381 2.67771990017 5.70141644209
2024-03-23T00:01:00.000000 -5044.591001425 1701.991087033 -4098.721329469 -4.03646601483 2.54985830344 6.03905775800
2024-03-23T00:02:00.000000 -5274.672715346 1850.841830356 -3726.954407717 -3.62985766837 2.40986295476 6.34831202814
2024-03-23T00:03:00.000000 -5479.825208265 1990.944865195 -3337.521875875 -3.20581663275 2.25838069853 6.62767143084
2024-03-23T00:04:00.000000 -5659.061825079 2121.631823705 -2932.259218262 -2.76633398502 2.09611572670 6.87576655738
2024-03-23T00:05:00.000000 -5811.517854291 2242.278238383 -2513.079752649 -2.31348211781 1.92382678165 7.09137372011
2024-03-23T00:06:00.000000 -5936.455119242 2352.306722541 -2081.965619387 -1.84940420742 1.74232359570 7.27342372897
2024-03-23T00:07:00.000000 -6033.265858166 2451.189873827 -1640.958377284 -1.37630301720 1.55246208330 7.42100563014
2024-03-23T00:08:00.000000 -6101.476087248 2538.452968557 -1192.149345304 -0.89643344842 1.35514168089 7.53337320243
2024-03-23T00:09:00.000000 -6140.748374571 2613.676449190 -737.669478858 -0.41208980129 1.15130107690 7.60995230743
2024-03-23T00:10:00.000000 -6150.883764863 2676.498125473 -279.678945857 0.07440826155 0.94191280138 7.65034346158
2024-03-23T00:11:00.000000 -6131.822977129 2726.615034174 179.643385013 0.56072631995 0.72797787317 7.65432281885
2024-03-23T00:12:00.000000 -6083.647041148 2763.785060404 638.110514262 1.04452303211 0.51052300516 7.62184454409
2024-03-23T00:13:00.000000 -6006.577313243 2787.828292932 1093.538234145 1.52346553257 0.29059350000 7.55304762361
2024-03-23T00:14:00.000000 -5900.974427607 2798.627929960 1543.756173773 1.99524686234 0.06924663786 7.44825365461
2024-03-23T00:15:00.000000 -5767.336306922 2796.130810673 1986.618537066 2.45759875321 -0.15245399960 7.30795858583
2024-03-23T00:16:00.000000 -5606.295705458 2780.347729563 2420.014424437 2.90829606458 -0.37344077283 7.13283055280
2024-03-23T00:17:00.000000 -5418.617302755 2751.353482125 2841.878333285 3.34516978922 -0.59264981783 6.92371459905
2024-03-23T00:18:00.000000 -5205.193733222 2709.286334853 3250.200544451 3.76612592877 -0.80903013586 6.68162207278
2024-03-23T00:19:00.000000 -4967.040906330 2654.347177656 3643.036675871 4.16914927950 -1.02154556382 6.40771949233
2024-03-23T00:20:00.000000 -4705.293113920 2586.798504852 4018.517012255 4.55231103548 -1.22917987559 6.10332833181
2024-03-23T00:21:00.000000 -4421.197522497 2506.963089705 4374.855639041 4.91377974584 -1.43094028883 5.76992008934
2024-03-23T00:22:00.000000 -4116.107833380 2415.222444576 4710.359235400 5.25183774709 -1.62586320227 5.40910662473
2024-03-23T00:23:00.000000 -3791.477309370 2312.014829930 5023.435023515 5.56488414040 -1.81302127501 5.02262661413
2024-03-23T00:24:00.000000 -3448.851604515 2197.832947745 5312.598184110 5.85144138199 -1.99152794778 4.61233802750
2024-03-23T00:25:00.000000 -3089.861200292 2073.221410341 5576.478697634 6.11016023648 -2.16053942338 4.18020841571
2024-03-23T00:26:00.000000 -2716.213514843 1938.774113242 5813.827710442 6.33982705451 -2.31925786991 3.72830745374
2024-03-23T00:27:00.000000 -2329.684514711 1795.131281315 6023.523249502 6.53937036678 -2.46693724958 3.25879209193
2024-03-23T00:28:00.000000 -1932.110267508 1642.976336752 6204.575168707 6.70785894649 -2.60288381688 2.77389961573
2024-03-23T00:29:00.000000 -1525.378220751 1483.032664253 6356.129800867 6.84451351779 -2.72646037752 2.27593835360
2024-03-23T00:30:00.000000 -1111.418007702 1316.060081967 6477.473557334 6.94870521870 -2.83708947798 1.76726832810
2024-03-23T00:31:00.000000 -692.192511235 1142.851248738 6568.035982928 7.01995601773 -2.93425449950 1.25029882158
2024-03-23T00:32:00.000000 -269.688648864 964.227914731 6627.392338141 7.05794380407 -3.01750318675 0.72747555376
2024-03-23T00:33:00.000000 154.092002570 781.036975133 6655.265260962 7.06249977314 -3.08644855517 0.20126393267
2024-03-23T00:34:00.000000 577.142292562 594.146644183 6651.525933253 7.03360926737 -3.14076840927 -0.32585158324
2024-03-23T00:35:00.000000 997.458930983 404.442382807 6616.194719565 6.97141472569 -3.18020973192 -0.85138503503
2024-03-23T00:36:00.000000 1413.051796848 212.822776567 6549.440920949 6.87621209652 -3.20458842990 -1.37285940231
2024-03-23T00:37:00.000000 1821.953075009 20.195332648 6451.581984883 6.74844917582 -3.21379133830 -1.88781513638
2024-03-23T00:38:00.000000 2222.226392264 -172.527751633 6323.082103723 6.58872599509 -3.20777505227 -2.39382227361
2024-03-23T00:39:00.000000 2611.975871418 -364.433791331 6164.550091540 6.39779139466 -3.18656694425 -2.88849201072
2024-03-23T00:40:00.000000 2989.354902135 -554.613860143 5976.736640489 6.17653872344 -3.15026500072 -3.36948493028
2024-03-23T00:41:00.000000 3352.574805326 -742.167047958 5760.531064179 5.92600510557 -3.09903812569 -3.83452205647
2024-03-23T00:42:00.000000 3699.913339581 -926.204637579 5516.957296421 5.64736715235 -3.03312377155 -4.28139675413
2024-03-23T00:43:00.000000 4029.722892484 -1105.854266419 5247.169266744 5.34193503980 -2.95283007924 -4.70798379864
2024-03-23T00:44:00.000000 4340.438385657 -1280.264189679 4952.445727959 5.01114898532 -2.85853562498 -5.11224988128
2024-03-23T00:45:00.000000 4630.584905469 -1448.607372464 4634.184395699 4.65657376573 -2.75068491234 -5.49226446958
2024-03-23T00:46:00.000000 4898.784994104 -1610.085366685 4293.895311134 4.27988953194 -2.62978569715 -5.84621668325
2024-03-23T00:47:00.000000 5143.765051166 -1763.932075119 3933.193597436 3.88287914603 -2.49640943057 -6.17241326979
2024-03-23T00:48:00.000000 5364.361674671 -1909.417571726 3553.792171660 3.46743071018 -2.35118873578 -6.46929174535
2024-03-23T00:49:00.000000 5559.527465227 -2045.851585469 3157.493501057 3.03552140249 -2.19481298568 -6.73542959443
2024-03-23T00:50:00.000000 5728.336143528 -2172.586879757 2746.181089182 2.58920998435 -2.02802659192 -6.96954891078
2024-03-23T00:51:00.000000 5869.987278576 -2289.022507548 2321.810583165 2.13063070772 -1.85162813836 -7.17052623427
2024-03-23T00:52:00.000000 5983.810230097 -2394.606854335 1886.400095994 1.66197369727 -1.66646105216 -7.33740112915
2024-03-23T00:53:00.000000 6069.267497902 -2488.840163902 1442.020605342 1.18548699010 -1.47341196889 -7.46937431512
2024-03-23T00:54:00.000000 6125.957795356 -2571.277186301 990.785699742 0.70345650906 -1.27340843500 -7.56582660636
2024-03-23T00:55:00.000000 6153.617419075 -2641.529214256 534.841021577 0.21818444666 -1.06740810596 -7.62630474240
2024-03-23T00:56:00.000000 6152.121654950 -2699.266009482 76.354262649 -0.26800149877 -0.85640089812 -7.65053202517
2024-03-23T00:57:00.000000 6121.485514710 -2744.217398751 -382.495757212 -0.75277410955 -0.64139818097 -7.63841190641
2024-03-23T00:58:00.000000 6061.863418124 -2776.174490028 -839.529653701 -1.23381427861 -0.42343099967 -7.59002248686
2024-03-23T00:59:00.000000 5973.548481252 -2794.990754871 -1292.578164662 -1.70882181235 -0.20354575922 -7.50562409082
2024-03-23T01:00:00.000000 5856.970748813 -2800.582672669 -1739.492959585 -2.17553352228 0.01720489480 -7.38565239896
2024-03-23T01:01:00.000000 5712.694756418 -2792.929910816 -2178.157041909 -2.63173211588 0.23776846813 -7.23071564468
2024-03-23T01:02:00.000000 5541.416416685 -2772.075189410 -2606.494915585 -3.07525680259 0.45709563952 -7.04158823061
2024-03-23T01:03:00.000000 5343.959376782 -2738.124018907 -3022.482490907 -3.50401256850 0.67414415439 -6.81920932902
2024-03-23T01:04:00.000000 5121.270613059 -2691.243990633 -3424.156848983 -3.91598569501 0.88788827101 -6.56467585895
2024-03-23T01:05:00.000000 4874.415401469 -2631.663665559 -3809.625256865 -4.30924655585 1.09732110224 -6.27923044626
2024-03-23T01:06:00.000000 4604.572041275 -2559.671424145 -4177.073967333 -4.68196058530 1.30145678376 -5.96426266971
2024-03-23T01:07:00.000000 4313.025653313 -2475.613906159 -4524.776676328 -5.03240173131 1.49934075121 -5.62129397588
2024-03-23T01:08:00.000000 4001.161800946 -2379.894027271 -4851.102032207 -5.35894841280 1.69005125741 -5.25196867484
2024-03-23T01:09:00.000000 3670.459941362 -2272.968981829 -5154.521006538 -5.66009431269 1.87270172790 -4.85805147717
2024-03-23T01:10:00.000000 3322.486253552 -2155.347991535 -5433.613797066 -5.93445603539 2.04644511060 -4.44141700132
2024-03-23T01:11:00.000000 2958.886077980 -2027.589804095 -5687.076137358 -6.18077920150 2.21047831790 -4.00404005125
2024-03-23T01:12:00.000000 2581.376027358 -1890.299935683 -5913.724981078 -6.39794299500 2.36404609387 -3.54798473546
2024-03-23T01:13:00.000000 2191.735859026 -1744.127692135 -6112.503563190 -6.58496437197 2.50644467622 -3.07539423074
2024-03-23T01:14:00.000000 1791.800152328 -1589.763028142 -6282.485709951 -6.74099788443 2.63702231175 -2.58847708623
2024-03-23T01:15:00.000000 1383.450104478 -1427.933459049 -6422.879713688 -6.86533699985 2.75517969206 -2.08950680771
2024-03-23T01:16:00.000000 968.604801515 -1259.400710954 -6533.031919356 -6.95742602100 2.86037679796 -1.58080686277
2024-03-23T01:17:00.000000 549.212408665 -1084.957087885 -6612.429047002 -7.01684881346 2.95213367667 -1.06473387022
2024-03-23T01:18:00.000000 127.241802147 -905.421935914 -6660.700376011 -7.04333343747 3.03002920794 -0.54368144945
2024-03-23T01:19:00.000000 -295.326285917 -721.638047023 -6677.619619581 -7.03675741913 3.09370375700 -0.02006904940
2024-03-23T01:20:00.000000 -716.508388209 -534.467843208 -6663.106025028 -6.99715124924 3.14286258851 0.50367516383
2024-03-23T01:21:00.000000 -1134.327279588 -344.789479440 -6617.224495061 -6.92469217372 3.17727642301 1.02512501763
2024-03-23T01:22:00.000000 -1546.820763685 -153.492898328 -6540.185227764 -6.81970350503 3.19678116435 1.54186516771
2024-03-23T01:23:00.000000 -1952.050330887 38.524069423 -6432.342868942 -6.68265138932 3.20127862406 2.05149631061
2024-03-23T01:24:00.000000 -2348.109859913 230.359750048 -6294.195372545 -6.51415050812 3.19073905270 2.55164408445
2024-03-23T01:25:00.000000 -2733.134477771 421.112721682 -6126.381877044 -6.31495852141 3.16519990469 3.03997827513
2024-03-23T01:26:00.000000 -3105.308863307 609.885754211 -5929.679976820 -6.08597008516 3.12476379425 3.51421444008
2024-03-23T01:27:00.000000 -3462.875519703 795.789798195 -5705.002761165 -5.82821794332 3.06960113426 3.97212190769
2024-03-23T01:28:00.000000 -3804.143084681 977.948135454 -5453.395284532 -5.54287368713 2.99995294070 4.41153527078
2024-03-23T01:29:00.000000 -4127.494552123 1155.500579612 -5176.030156639 -5.23124301213 2.91612854379 4.83037040068
2024-03-23T01:30:00.000000 -4431.395027334 1327.607531533 -4874.202301098 -4.89475546609 2.81850476082 5.22663546996
2024-03-23T01:31:00.000000 -4714.398962971 1493.453948015 -4549.323237418 -4.53495925808 2.70752289772 5.59843723382
2024-03-23T01:32:00.000000 -4975.157106577 1652.253160706 -4202.914916103 -4.15351515802 2.58368725548 5.94398876007
2024-03-23T01:33:00.000000 -5212.423150414 1803.250640157 -3836.603111338 -3.75219295711 2.44756471511 6.26161816408
2024-03-23T01:34:00.000000 -5425.060079693 1945.727704439 -3452.110197533 -3.33286476171 2.29978299541 6.54977901004
2024-03-23T01:35:00.000000 -5612.046057581 2079.005099113 -3051.247314337 -2.89749613178 2.14102804796 6.80706049944
2024-03-23T01:36:00.000000 -5772.479742269 2202.446355732 -2635.905948218 -2.44813627661 1.97203896522 7.03219634876
2024-03-23T01:37:00.000000 -5905.585033593 2315.460858060 -2208.049146015 -1.98691000300 1.79360606836 7.22406793971
2024-03-23T01:38:00.000000 -6010.715424341 2417.507072012 -1769.702357785 -1.51600928976 1.60657375021 7.38171686995
2024-03-23T01:39:00.000000 -6087.357459136 2508.095395946 -1322.943544345 -1.03767569826 1.41182724576 7.50435025554
2024-03-23T01:40:00.000000 -6135.133547534 2586.790549698 -869.893252088 -0.55419496769 1.21029234928 7.59134332456
2024-03-23T01:41:00.000000 -6153.804197479 2653.213916924 -412.704248542 -0.06788201634 1.00293032053 7.64224703230
2024-03-23T01:42:00.000000 -6143.269407478 2707.045429861 46.449002729 0.41892976832 0.79073132960 7.65678718117
2024-03-23T01:43:00.000000 -6103.569491574 2748.025277966 505.380893633 0.90389840529 0.57471315235 7.63486757086
2024-03-23T01:44:00.000000 -6034.885200793 2775.955391488 961.905547537 1.38468761378 0.35591442781 7.57657578845
2024-03-23T01:45:00.000000 -5937.536890378 2790.700383754 1413.847814293 1.85898249648 0.13538475354 7.48218112007
2024-03-23T01:46:00.000000 -5811.982832769 2792.188112186 1859.054000636 2.32450205690 -0.08581721053 7.35212832192
2024-03-23T01:47:00.000000 -5658.816976601 2780.410157029 2295.402321478 2.77900668517 -0.30662729063 7.18703661031
2024-03-23T01:48:00.000000 -5478.766110404 2755.421926936 2720.813351701 3.22030965676 -0.52598319971 6.98769853648
2024-03-23T01:49:00.000000 -5272.686289713 2717.342345929 3133.260370730 3.64629168425 -0.74283091171 6.75507706669
2024-03-23T01:50:00.000000 -5041.558384955 2666.353204871 3530.779302535 4.05491267803 -0.95612986959 6.49029588334
2024-03-23T01:51:00.000000 -4786.483145486 2602.698184866 3911.478154085 4.44421804086 -1.16485849014 6.19463359430
2024-03-23T01:52:00.000000 -4508.675774804 2526.681562416 4273.546196438 4.81234923920 -1.36801923140 5.86951922965
2024-03-23T01:53:00.000000 -4209.459807717 2438.666627885 4615.262751887 5.15755575564 -1.56464359626 5.51652343363
2024-03-23T01:54:00.000000 -3890.260405590 2339.073781933 4935.005257222 5.47820001738 -1.75379655982 5.13734460161
2024-03-23T01:55:00.000000 -3552.597511441 2228.378472525 5231.256897717 5.77276356106 -1.93457943157 4.73380898883
2024-03-23T01:56:00.000000 -3198.078193711 2107.108784218 5502.613899509 6.03986073084 -2.10613718843 4.30785507241
2024-03-23T01:57:00.000000 -2828.388693909 1975.842698332 5747.791877667 6.27823891905 -2.26766205024 3.86152270174
2024-03-23T01:58:00.000000 -2445.286295396 1835.205242088 5965.631634932 6.48678337703 -2.41839347407 3.39694365533
2024-03-23T01:59:00.000000 -2050.590884714 1685.865564493 6155.104430996 6.66452300614 -2.55762263473 2.91633279889
2024-03-23T02:00:00.000000 -1646.176170447 1528.533654643 6315.316603174 6.81063574621 -2.68469725259 2.42197524766
2024-03-23T02:01:00.000000 -1233.960726159 1363.956937115 6445.513313443 6.92444680237 -2.79902160833 1.91621239284
2024-03-23T02:02:00.000000 -815.899217707 1192.916853895 6545.081919183 7.00543015244 -2.90005871876 1.40144222822
2024-03-23T02:03:00.000000 -393.973107378 1016.225065737 6613.554950647 7.05321838402 -2.98733910565 0.88010127010
2024-03-23T02:04:00.000000 29.818657412 834.719459845 6650.611860937 7.06759543186 -3.06045683044 0.35465054042
2024-03-23T02:05:00.000000 453.468823587 649.260356276 6656.080434108 7.04850158695 -3.11907119904 -0.17242907198
2024-03-23T02:06:00.000000 874.971257483 460.726500451 6629.937529221 6.99603336762 -3.16290869455 -0.69865099633
2024-03-23T02:07:00.000000 1292.330269760 270.010971847 6572.309111348 6.91044232027 -3.19176560158 -1.22153379926
2024-03-23T02:08:00.000000 1703.569843220 78.016965033 6483.469556677 6.79213180788 -3.20550795556 -1.73861302567
2024-03-23T02:09:00.000000 2106.742723240 -114.346342850 6363.840463151 6.64165809054 -3.20407065125 -2.24744788750
2024-03-23T02:10:00.000000 2499.939594443 -306.167985545 6213.988761349 6.45972818678 -3.18745931790 -2.74563684745
2024-03-23T02:11:00.000000 2881.297916385 -496.539452200 6034.624071217 6.24719374537 -3.15574989764 -3.23082604465
2024-03-23T02:12:00.000000 3249.010609093 -684.558908663 5826.595635977 6.00505207692 -3.10908975067 -3.70071789292
2024-03-23T02:13:00.000000 3601.334619404 -869.335548274 5590.888417771 5.73443766197 -3.04769796568 -4.15308728978
2024-03-23T02:14:00.000000 3936.598988877 -1049.993683488 5328.618690301 5.43662076861 -2.97185955406 -4.58578338562
2024-03-23T02:15:00.000000 4253.213064381 -1225.676824234 5041.029141005 5.11300549907 -2.88192981024 -4.99674631808
2024-03-23T02:16:00.000000 4549.674134370 -1395.551838926 4729.483050919 4.76511846849 -2.77833118950 -5.38401707084
2024-03-23T02:17:00.000000 4824.574655051 -1558.812904864 4395.458003638 4.39460397044 -2.66155160912 -5.74574608561
2024-03-23T02:18:00.000000 5076.609121152 -1714.685410265 4040.539077096 4.00321841267 -2.53214296090 -6.08020161443
2024-03-23T02:19:00.000000 5304.580580696 -1862.429706425 3666.411413933 3.59282171150 -2.39071862239 -6.38578150902
2024-03-23T02:20:00.000000 5507.406507466 -2001.344755890 3274.852198491 3.16536682644 -2.23795165924 -6.66102123715
2024-03-23T02:21:00.000000 5684.124118796 -2130.771585322 2867.722162624 2.72289062806 -2.07457055558 -6.90460104469
2024-03-23T02:22:00.000000 5833.895199953 -2250.096536332 2446.956731291 2.26750720702 -1.90135648424 -7.11535346029
2024-03-23T02:23:00.000000 5956.010300036 -2358.754194494 2014.556509723 1.80139130955 -1.71913553025 -7.29227286337
2024-03-23T02:24:00.000000 6049.892036415 -2456.230050234 1572.577711314 1.32677102656 -1.52877845029 -7.43451195649
2024-03-23T02:25:00.000000 6115.098205250 -2542.063103017 1123.122348669 0.84592085010 -1.33119741796 -7.54139296806
2024-03-23T02:26:00.000000 6151.324013038 -2615.848242396 668.327938344 0.36114496536 -1.12734242080 -7.61241074898
2024-03-23T02:27:00.000000 6158.403554992 -2677.238308209 210.357012481 -0.12523286891 -0.91819400493 -7.64723697551
2024-03-23T02:28:00.000000 6136.310650659 -2725.945713720 -248.613589040 -0.61088186146 -0.70475572059 -7.64572328975
2024-03-23T02:29:00.000000 6085.158826014 -2761.743652446 -706.403405501 -1.09347678683 -0.48805086920 -7.60789700599
2024-03-23T02:30:00.000000 6005.200735462 -2784.467286660 -1160.839005674 -1.57070745646 -0.26911985670 -7.53396583733
2024-03-23T02:31:00.000000 5896.826799648 -2794.014476347 -1609.764933482 -2.04029673170 -0.04901078754 -7.42432105881
2024-03-23T02:32:00.000000 5760.562528749 -2790.346003015 -2051.054293226 -2.50001759461 0.17122722831 -7.27952032962
2024-03-23T02:33:00.000000 5597.065628574 -2773.485587294 -2482.618654972 -2.94769343463 0.39054645868 -7.10028894812
2024-03-23T02:34:00.000000 5407.122545325 -2743.519654081 -2902.417993309 -3.38121018702 0.60790476124 -6.88751425545
2024-03-23T02:35:00.000000 5191.644517025 -2700.596868654 -3308.470365538 -3.79852429893 0.82227102101 -6.64224485716
2024-03-23T02:36:00.000000 4951.662877047 -2644.927240119 -3698.861475533 -4.19767925631 1.03263274874 -6.36568489022
2024-03-23T02:37:00.000000 4688.323485389 -2576.780808216 -4071.753543919 -4.57681364326 1.23800190984 -6.05917927103
2024-03-23T02:38:00.000000 4402.880965288 -2496.486092504 -4425.393613859 -4.93416508246 1.43741791897 -5.72420916389
2024-03-23T02:39:00.000000 4096.692549589 -2404.428355266 -4758.121461270 -5.26807672195 1.62995027402 -5.36238390971
2024-03-23T02:40:00.000000 3771.211480515 -2301.047675577 -5068.377120742 -5.57700630538 1.81470311892 -4.97543431909
2024-03-23T02:41:00.000000 3427.979957705 -2186.836745388 -5354.707890713 -5.85953192021 1.99081915578 -4.56520378392
2024-03-23T02:42:00.000000 3068.621710121 -2062.338439357 -5615.774832016 -6.11435890012 2.15748361601 -4.13363923085
2024-03-23T02:43:00.000000 2694.834201254 -1928.143140624 -5850.358663403 -6.34032485506 2.31392825760 -3.68278067065
2024-03-23T02:44:00.000000 2308.380536219 -1784.885848694 -6057.365031846 -6.53640505140 2.45943467189 -3.21475018137
2024-03-23T02:45:00.000000 1911.081137725 -1633.243116744 -6235.829011552 -6.70171277403 2.59333591331 -2.73173836987
2024-03-23T02:46:00.000000 1504.805501372 -1473.929976192 -6384.919083002 -6.83550025870 2.71501732308 -2.23600069792
2024-03-23T02:47:00.000000 1091.463709550 -1307.696590177 -6503.940760404 -6.93716254007 2.82392303380 -1.72984774734
2024-03-23T02:48:00.000000 672.997752607 -1135.324708858 -6592.339573525 -7.00624191251 2.91955586116 -1.21563369239
2024-03-23T02:49:00.000000 251.372672909 -957.624181830 -6649.703264333 -7.04242661732 3.00147592274 -0.69574392513
2024-03-23T02:50:00.000000 -171.432182965 -775.429476170 -6675.763602975 -7.04555331871 3.06930433660 -0.17259227230
2024-03-23T02:51:00.000000 -593.432200347 -589.595775981 -6670.397601749 -7.01560877322 3.12272924676 0.35139612403
2024-03-23T02:52:00.000000 -1012.646392562 -400.995023150 -6633.627852349 -6.95272687369 3.16150328152 0.87379537765
2024-03-23T02:53:00.000000 -1427.106187598 -210.512137510 -6565.622361517 -6.85718798049 3.18544194103 1.39218510726
2024-03-23T02:54:00.000000 -1834.864227349 -19.041068410 -6466.693909165 -6.72941767638 3.19442884176 1.90416194885
2024-03-23T02:55:00.000000 -2234.002961816 172.519227133 -6337.298840717 -6.56998504330 3.18841308984 2.40734431878
2024-03-23T02:56:00.000000 -2622.643419037 363.268702597 -6178.035440367 -6.37960620673 3.16740964762 2.89938586187
2024-03-23T02:57:00.000000 -2998.953771355 552.310238609 -5989.641373332 -6.15913527437 3.13150106147 3.37798710290
2024-03-23T02:58:00.000000 -3361.157601671 738.753687027 -5772.990865731 -5.90956665732 3.08083788541 3.84089683224
2024-03-23T02:59:00.000000 -3707.542422849 921.720097156 -5529.091323887 -5.63203507025 3.01564249506 4.28593037503
2024-03-23T03:00:00.000000 -4036.467823250 1100.345898125 -5259.078935646 -5.32780807288 2.93620475974 4.71098144661
2024-03-23T03:01:00.000000 -4346.373228034 1273.786862958 -4964.213609766 -4.99827723646 2.84287909220 5.11403246920
2024-03-23T03:02:00.000000 -4635.785223725 1441.221991179 -4645.873616659 -4.64495674134 2.73608553343 5.49315813970
2024-03-23T03:03:00.000000 -4903.324768587 1601.857387652 -4305.549618818 -4.26947658872 2.61630713663 5.84653824939
2024-03-23T03:04:00.000000 -5147.713978428 1754.930039297 -3944.838164678 -3.87357798030 2.48409039344 6.17246567993
2024-03-23T03:05:00.000000 -5367.782567247 1899.711592726 -3565.434534647 -3.45910471996 2.34004353041 6.46935761228
2024-03-23T03:06:00.000000 -5562.473790047 2035.511967010 -3169.125062396 -3.02799645910 2.18483356345 6.73576377134
2024-03-23T03:07:00.000000 -5730.849893808 2161.682710865 -2757.778895964 -2.58227883006 2.01918007195 6.97037383468
2024-03-23T03:08:00.000000 -5872.097219371 2277.620190604 -2333.339526280 -2.12406147240 1.84385904330 7.17202334342
2024-03-23T03:09:00.000000 -5985.530655189 2382.769012573 -1897.815462243 -1.65551504157 1.65970050538 7.33970959865
2024-03-23T03:10:00.000000 -6070.596897739 2476.624986672 -1453.270699340 -1.17886491050 1.46757979402 7.47258527761
2024-03-23T03:11:00.000000 -6126.878079348 2558.737538114 -1001.815051545 -0.69639657162 1.26840778164 7.56997591685
2024-03-23T03:12:00.000000 -6154.094251826 2628.711810911 -545.593306005 -0.21041754543 1.06313158663 7.63138640669
2024-03-23T03:13:00.000000 -6152.104527293 2686.210872628 -86.774897903 0.27674405797 0.85273336983 7.65649189480
2024-03-23T03:14:00.000000 -6120.908098805 2730.957530255 372.456519464 0.76274903186 0.63822163994 7.64514338859
2024-03-23T03:15:00.000000 -6060.644573293 2762.735775222 829.913714836 1.24525748174 0.42062577514 7.59737123709
2024-03-23T03:16:00.000000 -5971.593799802 2781.391855563 1283.416778448 1.72193760050 0.20099188166 7.51339094477
2024-03-23T03:17:00.000000 -5854.174529284 2786.835185436 1730.804364030 2.19049567881 -0.01962283907 7.39360293505
2024-03-23T03:18:00.000000 -5708.941814732 2779.038659962 2169.944238070 2.64868026248 -0.24016003944 7.23857625616
2024-03-23T03:19:00.000000 -5536.584515182 2758.038753067 2598.743517486 3.09428633096 -0.45955903404 7.04905519759
2024-03-23T03:20:00.000000 -5337.921882190 2723.935423024 3015.159151850 3.52517351229 -0.67676599866 6.82595437994
2024-03-23T03:21:00.000000 -5113.899445332 2676.891512037 3417.207935469 3.93927590936 -0.89073963482 6.57035323921
2024-03-23T03:22:00.000000 -4865.584129786 2617.131810035 3802.976129161 4.33461355576 -1.10045686146 6.28348647331
2024-03-23T03:23:00.000000 -4594.158953008 2544.941870796 4170.628587646 4.70929786749 -1.30491575066 5.96673844479
2024-03-23T03:24:00.000000 -4300.917251803 2460.666657939 4518.417637059 5.06154277415 -1.50313879995 5.62163959752
2024-03-23T03:25:00.000000 -3987.256108162 2364.708868136 4844.691548398 5.38967722921 -1.69418050054 5.24985533828
2024-03-23T03:26:00.000000 -3654.669319608 2257.526805320 5147.902281201 5.69214903344 -1.87713312699 4.85317525083
2024-03-23T03:27:00.000000 -3304.740100711 2139.632040979 5426.612745827 5.96753157410 -2.05112997502 4.43350696032
2024-03-23T03:28:00.000000 -2939.133244949 2011.586747969 5679.503546459 6.21453302039 -2.21535144661 3.99286328896
2024-03-23T03:29:00.000000 -2559.586931932 1874.000835570 5905.378891420 6.43199951246 -2.36902616094 3.53334999340
2024-03-23T03:30:00.000000 -2167.904336244 1727.529006511 6103.171882867 6.61891903157 -2.51143272227 3.05715596955
2024-03-23T03:31:00.000000 -1765.945066555 1572.867675231 6271.949223048 6.77442275997 -2.64190299423 2.56654488173
2024-03-23T03:32:00.000000 -1355.616417516 1410.751611944 6410.915448703 6.89779068996 -2.75982682295 2.06384460857
2024-03-23T03:33:00.000000 -938.864410094 1241.950487911 6519.416398793 6.98845266615 -2.86465128114 1.55143684713
2024-03-23T03:34:00.000000 -517.664615904 1067.265279454 6596.942185953 7.04599364976 -2.95588679060 1.03174608087
2024-03-23T03:35:00.000000 -94.012931651 887.524397866 6643.129407492 7.07015203781 -3.03310821752 0.50722975423
2024-03-23T03:36:00.000000 330.083793687 703.579832010 6657.762773530 7.06082380352 -3.09595492098 -0.01963528352
2024-03-23T03:37:00.000000 752.617102218 516.303223409 6640.775940144 7.01805969714 -3.14413318295 -0.54636204757
2024-03-23T03:38:00.000000 1171.586288000 326.581745232 6592.251799589 6.94206712561 -3.17741895640 -1.07046577911
2024-03-23T03:39:00.000000 1585.007675521 135.313948490 6512.421929495 6.83320558524 -3.19565708125 -1.58947599271
2024-03-23T03:40:00.000000 1990.923721234 -56.594402114 6401.665571996 6.69198735602 -3.19876245323 -2.10094287610
2024-03-23T03:41:00.000000 2387.412211731 -248.234554307 6260.507954767 6.51907649186 -3.18672052989 -2.60245262120
2024-03-23T03:42:00.000000 2772.595142839 -438.698969254 6089.617841018 6.31528277943 -3.15958612345 -3.09163504884
2024-03-23T03:43:00.000000 3144.647555118 -627.085492265 5889.804665523 6.08156435452 -3.11748430687 -3.56617404681
2024-03-23T03:44:00.000000 3501.806258921 -812.501614016 5662.014785642 5.81901983943 -3.06061109276 -4.02382387475
2024-03-23T03:45:00.000000 3842.377938623 -994.068647974 5407.327074757 5.52888005754 -2.98923155021 -4.46241284896
2024-03-23T03:46:00.000000 4164.747190420 -1170.925944992 5126.948268744 5.21251064686 -2.90368135104 -4.87985392885
2024-03-23T03:47:00.000000 4467.384384548 -1342.234976422 4822.207408545 4.87140382588 -2.80436181443 -5.27415829071
2024-03-23T03:48:00.000000 4748.853097424 -1507.183297002 4494.549716534 4.50717312137 -2.69174107584 -5.64344436761
2024-03-23T03:49:00.000000 5007.817129414 -1664.988510562 4145.529795434 4.12154409557 -2.56635270607 -5.98594928576
2024-03-23T03:50:00.000000 5243.046854284 -1814.902136584 3776.804234243 3.71634166644 -2.42879186449 -6.30003673484
2024-03-23T03:51:00.000000 5453.425058035 -1956.213063077 3390.124012361 3.29348900020 -2.27970943151 -6.58419775331
2024-03-23T03:52:00.000000 5637.952859979 -2088.250943527 2987.326455639 2.85500521368 -2.11981248781 -6.83706624224
2024-03-23T03:53:00.000000 5795.754972828 -2210.389470935 2570.326256509 2.40298778942 -1.94986283333 -7.05743046942
2024-03-23T03:54:00.000000 5926.083870271 -2322.049685455 2141.106051135 1.93959616069 -1.77067466808 -7.24423741105
2024-03-23T03:55:00.000000 6028.323329517 -2422.702776045 1701.706872190 1.46704695110 -1.58310513996 -7.39659477621
2024-03-23T03:56:00.000000 6101.991580959 -2511.872620474 1254.218253560 0.98760261511 -1.38805274768 -7.51377900515
2024-03-23T03:57:00.000000 6146.743623168 -2589.138128104 800.768031001 0.50355807268 -1.18645253967 -7.59523698442
2024-03-23T03:58:00.000000 6162.372920989 -2654.135307554 343.512071467 0.01723249997 -0.97927248049 -7.64058819408
2024-03-23T03:59:00.000000 6148.812513795 -2706.559162416 -115.376262047 -0.46904367337 -0.76750989302 -7.64963086197
2024-03-23T04:00:00.000000 6106.135230972 -2746.165189906 -573.716900800 -0.95294266782 -0.55218265062 -7.62234301299