CCSDS_OEM_VERS = 2.0
CREATION_DATE  = 2024-06-13T05:51:59.377000
ORIGINATOR     = BTAS3_OFEI

META_START
OBJECT_NAME    = Satellite
OBJECT_ID      = QK-1
CENTER_NAME    = EARTH
REF_FRAME      = J2000
TIME_SYSTEM    = UTC
START_TIME     = 2024-06-13T04:00:00.000000
STOP_TIME      = 2024-06-16T04:00:00.000000
META_STOP

COMMENT OEM data, unit is km and km/s.

2024-06-13T04:00:00.000000 2912.919919204 4818.346664445 3636.817818836 3.03837826689 3.02510361648 -6.41548499851
2024-06-13T04:01:00.000000 3088.145362587 4988.241714881 3243.514163245 2.80014913550 2.63581304265 -6.68942040144
2024-06-13T04:02:00.000000 3248.671027108 5134.393059275 2834.726152448 2.54858277940 2.23396576104 -6.93142296127
2024-06-13T04:03:00.000000 3393.732724726 5256.105126283 2412.405344850 2.28488980520 1.82149624279 -7.14033309582
2024-06-13T04:04:00.000000 3522.640611763 5352.799824982 1978.568292823 2.01033913451 1.40038907565 -7.31514363022
2024-06-13T04:05:00.000000 3634.782762268 5424.019681548 1535.286953942 1.72625702908 0.97267622013 -7.45501765904
2024-06-13T04:06:00.000000 3729.628240810 5469.430086338 1084.678291927 1.43401554851 0.54041980744 -7.55929165683
2024-06-13T04:07:00.000000 3806.729642979 5488.820839555 628.893842025 1.13502587586 0.10570291930 -7.62747713925
2024-06-13T04:08:00.000000 3865.725245748 5482.107154645 170.109160331 0.83073222543 -0.32937792507 -7.65926250447
2024-06-13T04:09:00.000000 3906.340882344 5449.330196841 -289.486971140 0.52260768036 -0.76272403082 -7.65451964755
2024-06-13T04:10:00.000000 3928.391333675 5390.656635472 -747.703622222 0.21214166519 -1.19225259524 -7.61330403597
2024-06-13T04:11:00.000000 3931.780965437 5306.377451564 -1202.358582246 -0.09917022207 -1.61590398586 -7.53585066858
2024-06-13T04:12:00.000000 3916.503882474 5196.906245912 -1651.289080304 -0.40983360224 -2.03165241975 -7.42257192643
2024-06-13T04:13:00.000000 3882.643644298 5062.776900056 -2092.362300865 -0.71836190927 -2.43751565386 -7.27405328412
2024-06-13T04:14:00.000000 3830.372618825 4904.640703196 -2523.485681180 -1.02328263235 -2.83156420019 -7.09105048637
2024-06-13T04:15:00.000000 3759.950919840 4723.262867699 -2942.616997473 -1.32314478831 -3.21193157469 -6.87448496279
2024-06-13T04:16:00.000000 3671.724862433 4519.518472085 -3347.774157132 -1.61652728317 -3.57682380396 -6.62543850136
2024-06-13T04:17:00.000000 3566.124957970 4294.387822530 -3737.044578094 -1.90204554926 -3.92452840743 -6.34514497128
2024-06-13T04:18:00.000000 3443.663556067 4048.951356523 -4108.594114062 -2.17835753295 -4.25342156099 -6.03498399890
2024-06-13T04:19:00.000000 3304.932056052 3784.384078296 -4460.675550423 -2.44417120558 -4.56197596065 -5.69647186357
2024-06-13T04:20:00.000000 3150.597780166 3501.949591608 -4791.636510220 -2.69824844521 -4.84876651229 -5.33125238144
2024-06-13T04:21:00.000000 2981.400581989 3202.993779367 -5099.926880849 -2.93941086243 -5.11247665947 -4.94108877448
2024-06-13T04:22:00.000000 2798.149087998 2888.938154045 -5384.105660224 -3.16654504319 -5.35190257555 -4.52785337034
2024-06-13T04:23:00.000000 2601.716652819 2561.272980118 -5642.847261861 -3.37860801597 -5.56595717347 -4.09351974553
2024-06-13T04:24:00.000000 2393.036963276 2221.550101393 -5874.947270051 -3.57463150941 -5.75367548702 -3.64015092724
2024-06-13T04:25:00.000000 2173.099577926 1871.375522223 -6079.327483994 -3.75372250246 -5.91421800614 -3.16988973478
2024-06-13T04:26:00.000000 1942.945195703 1512.401794086 -6255.040342346 -3.91506948061 -6.04687205087 -2.68494574141
2024-06-13T04:27:00.000000 1703.660804909 1146.320479877 -6401.272666962 -4.05794117271 -6.15105025473 -2.18758841446
2024-06-13T04:28:00.000000 1456.374695158 774.854496593 -6517.349125057 -4.18169380022 -6.22629619131 -1.68014070884
2024-06-13T04:29:00.000000 1202.251100387 399.750173129 -6602.734904912 -4.28577169264 -6.27228466994 -1.16496188604
2024-06-13T04:30:00.000000 942.485043200 22.769465955 -6657.037749459 -4.36970506834 -6.28882109975 -0.64444368365
2024-06-13T04:31:00.000000 678.297000322 -354.318018047 -6680.009638087 -4.43311633303 -6.27584503410 -0.12100018319
2024-06-13T04:32:00.000000 410.927238284 -729.743043449 -6671.547667649 -4.47572266463 -6.23342830323 0.40294836630
2024-06-13T04:33:00.000000 141.630307081 -1101.744509445 -6631.694163092 -4.49733091391 -6.16177085780 0.92498092113
2024-06-13T04:34:00.000000 -128.330470929 -1468.577278341 -6560.636517082 -4.49784221189 -6.06120415902 1.44268617231
2024-06-13T04:35:00.000000 -397.688607919 -1828.519865284 -6458.706192007 -4.47724891698 -5.93218441214 1.95367340046
2024-06-13T04:36:00.000000 -665.179868033 -2179.881914663 -6326.377519512 -4.43563539237 -5.77529440794 2.45557150953
2024-06-13T04:37:00.000000 -929.548059648 -2521.011955186 -6164.266119307 -4.37318529498 -5.59124661703 2.94604587248
2024-06-13T04:38:00.000000 -1189.550882675 -2850.304991946 -5973.126190277 -4.29017713640 -5.38087687805 3.42281333164
2024-06-13T04:39:00.000000 -1443.965489189 -3166.209759080 -5753.847207550 -4.18698065859 -5.14513996921 3.88364864683
2024-06-13T04:40:00.000000 -1691.593947924 -3467.235805668 -5507.450235607 -4.06405657356 -4.88510776829 4.32639230072
2024-06-13T04:41:00.000000 -1931.268704493 -3751.960431480 -5235.083706601 -3.92195679729 -4.60196622205 4.74896008433
2024-06-13T04:42:00.000000 -2161.858023777 -4019.035399380 -4938.018563452 -3.76132293177 -4.29701050229 5.14935408899
2024-06-13T04:43:00.000000 -2382.271299158 -4267.193340101 -4617.642828379 -3.58288408804 -3.97164054957 5.52567101779
2024-06-13T04:44:00.000000 -2591.464257121 -4495.253918411 -4275.455616306 -3.38745508563 -3.62735636131 5.87611300788
2024-06-13T04:45:00.000000 -2788.443985318 -4702.129631489 -3913.060514596 -3.17593251772 -3.26575150735 6.19899678939
2024-06-13T04:46:00.000000 -2972.273738562 -4886.831248977 -3532.158441541 -2.94929139595 -2.88850672922 6.49276295144
2024-06-13T04:47:00.000000 -3142.077522936 -5048.472772860 -3134.539959757 -2.70858111510 -2.49738105191 6.75598371618
2024-06-13T04:48:00.000000 -3297.044447733 -5186.275940066 -2722.077200123 -2.45492184789 -2.09420582708 6.98736919348
2024-06-13T04:49:00.000000 -3436.432864622 -5299.574388717 -2296.715313096 -2.18950060553 -1.68087828009 7.18577709525
2024-06-13T04:50:00.000000 -3559.574193033 -5387.817306952 -1860.463322323 -1.91356476748 -1.25935087608 7.35022165143
2024-06-13T04:51:00.000000 -3665.876332715 -5450.572417407 -1415.384594719 -1.62841536732 -0.83162091237 7.47987774648
2024-06-13T04:52:00.000000 -3754.826731975 -5487.528425335 -963.587051207 -1.33540205829 -0.39972215019 7.57408665869
2024-06-13T04:53:00.000000 -3825.995094105 -5498.496854019 -507.213001771 -1.03591561197 0.03428716397 7.63236103629
2024-06-13T04:54:00.000000 -3879.035622015 -5483.413218125 -48.428823331 -0.73138095855 0.46833366480 7.65438648511
2024-06-13T04:55:00.000000 -3913.688893798 -5442.337638783 410.585520163 -0.42325121990 0.90033916479 7.64002503431
2024-06-13T04:56:00.000000 -3929.783332277 -5375.454778851 867.647125890 -0.11300009182 1.32823223312 7.58931676609
2024-06-13T04:57:00.000000 -3927.236203608 -5283.073125180 1320.580844925 0.19788597539 1.74995853338 7.50248012465
2024-06-13T04:58:00.000000 -3906.054139300 -5165.623645847 1767.229983492 0.50791586132 2.16349150885 7.37991155606
2024-06-13T04:59:00.000000 -3866.333185674 -5023.657795757 2205.466947400 0.81560196062 2.56684364204 7.22218434861
2024-06-13T05:00:00.000000 -3808.258312946 -4857.844804262 2633.203705404 1.11946809429 2.95807799111 7.03004290249
2024-06-13T05:01:00.000000 -3732.102628191 -4668.968391526 3048.401977083 1.41805450766 3.33531683292 6.80440097096
2024-06-13T05:02:00.000000 -3638.226019148 -4457.922940842 3449.083268983 1.70992975312 3.69675054150 6.54633666546
2024-06-13T05:03:00.000000 -3527.073223806 -4225.709091767 3833.338531767 1.99369805118 4.04064881757 6.25708494771
2024-06-13T05:04:00.000000 -3399.171532350 -3973.428744028 4199.337267864 2.26800386641 4.36536711412 5.93802832935
2024-06-13T05:05:00.000000 -3255.128257969 -3702.279742746 4545.336267665 2.53153652454 4.66935360326 5.59069300470
2024-06-13T05:06:00.000000 -3095.627818773 -3413.550035757 4869.688000863 2.78303767302 4.95115736960 5.21674076396
2024-06-13T05:07:00.000000 -2921.428388397 -3108.611450340 5170.848592758 3.02130851784 5.20943564851 4.81796391261
2024-06-13T05:08:00.000000 -2733.358095186 -2788.912823237 5447.385258349 3.24521682351 5.44296456579 4.39627003290
2024-06-13T05:09:00.000000 -2532.310890789 -2455.972871268 5697.982837946 3.45370150329 5.65063914478 3.95367142150
2024-06-13T05:10:00.000000 -2319.242164410 -2111.372919488 5921.449854308 3.64577645081 5.83147833146 3.49227680201
2024-06-13T05:11:00.000000 -2095.164088460 -1756.749350693 6116.723936060 3.82053545997 5.98462781888 3.01427892819
2024-06-13T05:12:00.000000 -1861.140785811 -1393.785973545 6282.876612167 3.97715350481 6.10936218334 2.52194766551
2024-06-13T05:13:00.000000 -1618.283330185 -1024.206082252 6419.117714968 4.11489146517 6.20509151269 2.01762106550
2024-06-13T05:14:00.000000 -1367.744462430 -649.764218978 6524.799038275 4.23309976315 6.27136421379 1.50369084046
2024-06-13T05:15:00.000000 -1110.713204090 -272.237840916 6599.417190355 4.33121891255 6.30786812644 0.98259036151
2024-06-13T05:16:00.000000 -848.409362758 106.580973184 6642.615768192 4.40878275304 6.31442759508 0.45678505665
2024-06-13T05:17:00.000000 -582.077855610 484.893768578 6654.187104055 4.46542083108 6.29100677125 -0.07123448017
2024-06-13T05:18:00.000000 -312.982873050 860.904221529 6634.073387633 4.50086168232 6.23771231992 -0.59896630001
2024-06-13T05:19:00.000000 -42.401911404 1232.826593217 6582.366900120 4.51493295614 6.15478979064 -1.12391082969
2024-06-13T05:20:00.000000 228.380162074 1598.894022531 6499.309642155 4.50756175796 6.04262326732 -1.64357836599
2024-06-13T05:21:00.000000 498.077186862 1957.366881225 6385.292393010 4.47877812289 5.90173588764 -2.15550241290
2024-06-13T05:22:00.000000 765.407799849 2306.540935045 6240.852842183 4.42871102410 5.73278322134 -2.65725324434
2024-06-13T05:23:00.000000 1029.101349861 2644.755229388 6066.673281500 4.35758926473 5.53655313249 -3.14644211600
2024-06-13T05:24:00.000000 1287.903925006 2970.400088733 5863.577723830 4.26574148025 5.31396608217 -3.62073636541
2024-06-13T05:25:00.000000 1540.584297761 3281.924871574 5632.528164112 4.15359534679 5.06606864357 -4.07787107953
2024-06-13T05:26:00.000000 1785.939806918 3577.845378819 5374.620162576 4.02167451952 4.79402783659 -4.51566006473
2024-06-13T05:27:00.000000 2022.802084471 3856.750968372 5091.077951150 3.87059893422 4.49912849680 -4.93200281008
2024-06-13T05:28:00.000000 2250.042781732 4117.311508822 4783.248826981 3.70108169988 4.18276854893 -5.32489926066
2024-06-13T05:29:00.000000 2466.579069166 4358.283997013 4452.596761378 3.51392601035 3.84645138392 -5.69246301831
2024-06-13T05:30:00.000000 2671.378832246 4578.518426515 4100.695476468 3.31001940233 3.49177514059 -6.03292136185
2024-06-13T05:31:00.000000 2863.465603170 4776.963618984 3729.221301931 3.09032652570 3.12043268539 -6.34462747224
2024-06-13T05:32:00.000000 3041.923402459 4952.672684559 3339.945733284 2.85590510068 2.73420850538 -6.62606265642
2024-06-13T05:33:00.000000 3205.902217557 5104.807974482 2934.726273055 2.60788572429 2.33495371721 -6.87587749271
2024-06-13T05:34:00.000000 3354.621430674 5232.644848406 2515.497116639 2.34745582484 1.92458691843 -7.09286373175
2024-06-13T05:35:00.000000 3487.373804002 5335.575759717 2084.260257322 2.07587214858 1.50508924600 -7.27597409747
2024-06-13T05:36:00.000000 3603.529236591 5413.113413129 1643.075352498 1.79444737734 1.07848533483 -7.42433386923
2024-06-13T05:37:00.000000 3702.537817386 5464.892974800 1194.049370106 1.50454037894 0.64683108389 -7.53724050607
2024-06-13T05:38:00.000000 3783.932403535 5490.673742870 739.326254395 1.20755056287 0.21220715630 -7.61416500858
2024-06-13T05:39:00.000000 3847.330874712 5490.340306424 281.076350986 0.90491115095 -0.22329294104 -7.65475635240
2024-06-13T05:40:00.000000 3892.437930006 5463.903016098 -178.514281704 0.59808177222 -0.65757201187 -7.65884246155
2024-06-13T05:41:00.000000 3919.046452338 5411.497879925 -637.254708334 0.28854103915 -1.08854103640 -7.62643273499
2024-06-13T05:42:00.000000 3927.038429660 5333.385677929 -1092.959954461 -0.02222088209 -1.51413180348 -7.55771616450
2024-06-13T05:43:00.000000 3916.385381469 5229.950401916 -1543.461725197 -0.33271120221 -1.93230696148 -7.45305930672
2024-06-13T05:44:00.000000 3887.148289608 5101.697139843 -1986.618989718 -0.64144168010 -2.34106895345 -7.31300416452
2024-06-13T05:45:00.000000 3839.477120193 4949.249361723 -2420.328444601 -0.94693578791 -2.73847123859 -7.13826555668
2024-06-13T05:46:00.000000 3773.609881280 4773.345543098 -2842.534739643 -1.24773659837 -3.12262842595 -6.92972658728
2024-06-13T05:47:00.000000 3689.871179405 4574.835157245 -3251.240438129 -1.54241596411 -3.49172793485 -6.68843280904
2024-06-13T05:48:00.000000 3588.670292238 4354.674055082 -3644.515441240 -1.82958043869 -3.84403705656 -6.41558219376
2024-06-13T05:49:00.000000 3470.498884195 4113.919525765 -4020.505974278 -2.10787858265 -4.17790858263 -6.11251989054
2024-06-13T05:50:00.000000 3335.928298234 3853.724883611 -4377.443208912 -2.37600681932 -4.49179066558 -5.78073086116
2024-06-13T05:51:00.000000 3185.606482169 3575.333492727 -4713.651328700 -2.63271616089 -4.78423384781 -5.42182841747
2024-06-13T05:52:00.000000 3020.254593803 3280.072578347 -5027.554942549 -2.87681582421 -5.05389289027 -5.03754598811
2024-06-13T05:53:00.000000 2840.663381346 2969.346783793 -5317.686131355 -3.10717790717 -5.29953403871 -4.62973111662
2024-06-13T05:54:00.000000 2647.689228138 2644.631244468 -5582.690960326 -3.32274326566 -5.52004161172 -4.20033356876
2024-06-13T05:55:00.000000 2442.249894232 2307.464452492 -5821.335295054 -3.52252594381 -5.71442026716 -3.75139544546
2024-06-13T05:56:00.000000 2225.320002525 1959.440885372 -6032.510014957 -3.70561692853 -5.88179947983 -3.28503967732
2024-06-13T05:57:00.000000 1997.926347299 1602.203500008 -6215.235507581 -3.87118622436 -6.02143355749 -2.80345868213
2024-06-13T05:58:00.000000 1761.143176914 1237.436231464 -6368.665647862 -4.01848230278 -6.13270347322 -2.30890897370
2024-06-13T05:59:00.000000 1516.087332846 866.856197438 -6492.091383824 -4.14683822696 -6.21512188669 -1.80370064136
2024-06-13T06:00:00.000000 1263.913024936 492.205902241 -6584.943590703 -4.25567548571 -6.26832995040 -1.29018673348
2024-06-13T06:01:00.000000 1005.806476939 115.245424775 -6646.795377959 -4.34450544261 -6.29210133712 -0.77075297563
2024-06-13T06:02:00.000000 742.980563452 -262.255593023 -6677.363708201 -4.41292902813 -6.28634383306 -0.24780726674
2024-06-13T06:03:00.000000 476.669313117 -638.525935387 -6676.510344124 -4.46063962969 -6.25109571506 0.27623326377
2024-06-13T06:04:00.000000 208.122438898 -1011.800549091 -6644.242285450 -4.48742181722 -6.18652543861 0.79894588273
2024-06-13T06:05:00.000000 -61.400219551 -1380.328427288 -6580.711651408 -4.49315263663 -6.09293124132 1.31791810733
2024-06-13T06:06:00.000000 -330.634144653 -1742.380217803 -6486.214952454 -4.47780020126 -5.97073743162 1.83074918107
2024-06-13T06:07:00.000000 -598.315826495 -2096.255920470 -6361.192160736 -4.44143001071 -5.82049801014 2.33506077384
2024-06-13T06:08:00.000000 -863.188533692 -2440.292647985 -6206.224928375 -4.38420230378 -5.64289608088 2.82851075973
2024-06-13T06:09:00.000000 -1124.007949259 -2772.872233691 -6022.033990435 -4.30636996532 -5.43873733765 3.30880628735
2024-06-13T06:10:00.000000 -1379.547669628 -3092.428413549 -5809.476119864 -4.20827772927 -5.20894677434 3.77370670577
2024-06-13T06:11:00.000000 -1628.604767757 -3397.454000595 -5569.540671345 -4.09036305299 -4.95456767836 4.22103525858
2024-06-13T06:12:00.000000 -1870.005288128 -3686.507837369 -5303.345471318 -3.95315402112 -4.67675756703 4.64868743281
2024-06-13T06:13:00.000000 -2102.609671053 -3958.221631214 -5012.132203072 -3.79726894667 -4.37678707037 5.05464155270
2024-06-13T06:14:00.000000 -2325.318114986 -4211.306548862 -4697.261067357 -3.62341442639 -4.05603311288 5.43697000143
2024-06-13T06:15:00.000000 -2537.075815721 -4444.559432222 -4360.204880645 -3.43238333391 -3.71597367167 5.79384834693
2024-06-13T06:16:00.000000 -2736.878041685 -4656.868667684 -4002.542575027 -3.22505120633 -3.35818106207 6.12356524888
2024-06-13T06:17:00.000000 -2923.774979224 -4847.219644185 -3625.952175663 -3.00237252368 -2.98431542305 6.42453021773
2024-06-13T06:18:00.000000 -3096.876361290 -5014.699850442 -3232.203306048 -2.76537708533 -2.59611888047 6.69528192904
2024-06-13T06:19:00.000000 -3255.355876828 -5158.503576652 -2823.149173856 -2.51516622191 -2.19540785429 6.93449693740
2024-06-13T06:20:00.000000 -3398.455326936 -5277.936116502 -2400.718086963 -2.25290841522 -1.78406494846 7.14099644023
2024-06-13T06:21:00.000000 -3525.488532085 -5372.417515040 -1966.904532451 -1.97983477670 -1.36403090749 7.31375467707
2024-06-13T06:22:00.000000 -3635.844901661 -5441.485758950 -1523.759782601 -1.69723288143 -0.93729481795 7.45190559455
2024-06-13T06:23:00.000000 -3728.992635926 -5484.799382370 -1073.382126893 -1.40644030532 -0.50588414619 7.55474889788
2024-06-13T06:24:00.000000 -3804.481507606 -5502.139468934 -617.906778555 -1.10883737039 -0.07185459393 7.62175479265
2024-06-13T06:25:00.000000 -3861.945217124 -5493.411004037 -159.495556131 -0.80584031031 0.36272109240 7.65256637667
2024-06-13T06:26:00.000000 -3901.103368531 -5458.643634236 299.673569360 -0.49889512500 0.79576212137 7.64700301885
2024-06-13T06:27:00.000000 -3921.763009141 -5397.991785967 757.417141771 -0.18946930003 1.22519178201 7.60506238887
2024-06-13T06:28:00.000000 -3923.819713101 -5311.734115327 1211.556924024 0.12095492243 1.64894764099 7.52692118108
2024-06-13T06:29:00.000000 -3907.258212499 -5200.272277746 1659.930671429 0.43088951903 2.06499429015 7.41293518388
2024-06-13T06:30:00.000000 -3872.152483837 -5064.128979781 2100.402746044 0.73884873448 2.47133349608 7.26363494111
2024-06-13T06:31:00.000000 -3818.665425518 -4903.945484708 2530.874531087 1.04335546187 2.86601327921 7.07972367401
2024-06-13T06:32:00.000000 -3747.048104432 -4720.478530495 2949.294709688 1.34294917956 3.24713804990 6.86207408820
2024-06-13T06:33:00.000000 -3657.638529783 -4514.596655052 3353.669309871 1.63619369300 3.61287853180 6.61172415211
2024-06-13T06:34:00.000000 -3550.859960484 -4287.275924881 3742.071433672 1.92168451493 3.96148094837 6.32987071994
2024-06-13T06:35:00.000000 -3427.218811345 -4039.595135738 4112.650648537 2.19805574393 4.29127682513 6.01786466468
2024-06-13T06:36:00.000000 -3287.302081268 -3772.730375712 4463.641934060 2.46398809347 4.60069242148 5.67720008059
2024-06-13T06:37:00.000000 -3131.774439552 -3487.949229927 4793.373988949 2.71821245386 4.88825244359 5.30950642202
2024-06-13T06:38:00.000000 -2961.375017050 -3186.604625263 5100.277228982 2.95951744308 5.15258906864 4.91654289074
2024-06-13T06:39:00.000000 -2776.913718119 -2870.128189121 5382.891199937 3.18675609825 5.39244718670 4.50018619904
2024-06-13T06:40:00.000000 -2579.267229885 -2540.023384538 5639.871359257 3.39884999209 5.60668834350 4.06242216705
2024-06-13T06:41:00.000000 -2369.374776134 -2197.858313254 5869.995365929 3.59479347817 5.79429737042 3.60533636077
2024-06-13T06:42:00.000000 -2148.233686792 -1845.258239793 6072.168770026 3.77365617930 5.95438396312 3.13110600351
2024-06-13T06:43:00.000000 -1916.894614349 -1483.897903470 6245.430385227 3.93459266634 6.08619168135 2.64199255654
2024-06-13T06:44:00.000000 -1676.456318884 -1115.493293486 6388.956710592 4.07684479449 6.18910153133 2.14032249096
2024-06-13T06:45:00.000000 -1428.060323109 -741.793368185 6502.065457056 4.19974540207 6.26263304497 1.62847254298
2024-06-13T06:46:00.000000 -1172.885580803 -364.571979602 6584.218191142 4.30271367113 6.30643672566 1.10886275754
2024-06-13T06:47:00.000000 -912.143154373 14.380176936 6635.023000125 4.38526152748 6.32030203052 0.58395436618
2024-06-13T06:48:00.000000 -647.070519447 393.264025617 6654.236450953 4.44699654734 6.30416014782 0.05623319303
2024-06-13T06:49:00.000000 -378.925797783 770.280602738 6641.764695161 4.48762338204 6.25808326461 -0.47180227656
2024-06-13T06:50:00.000000 -108.981884511 1143.639441483 6597.663924021 4.50694497275 6.18228225450 -0.99765054751
2024-06-13T06:51:00.000000 161.479492639 1511.566939577 6522.140294535 4.50486470917 6.07710926661 -1.51881661465
2024-06-13T06:52:00.000000 431.173877552 1872.314844399 6415.548992795 4.48138751801 5.94305519988 -2.03283041000
2024-06-13T06:53:00.000000 698.820059127 2224.168325507 6278.392514259 4.43661701716 5.78074371515 -2.53725222039
2024-06-13T06:54:00.000000 963.146088603 2565.453992879 6111.318551439 4.37075810821 5.59093164104 -3.02968439984
2024-06-13T06:55:00.000000 1222.895251349 2894.547766291 5915.117156147 4.28411353976 5.37450612754 -3.50778030576
2024-06-13T06:56:00.000000 1476.831973161 3209.882705653 5690.717342747 4.17708512081 5.13248353545 -3.96925726314
2024-06-13T06:57:00.000000 1723.747687086 3509.956553528 5439.182891605 4.05017111514 4.86600315715 -4.41190667954
2024-06-13T06:58:00.000000 1962.466655302 3793.339047294 5161.707638145 3.90396765236 4.57632482264 -4.83360453639
2024-06-13T06:59:00.000000 2191.851787504 4058.678994027 4859.609931488 3.73916631612 4.26482281965 -5.23232690980
2024-06-13T07:00:00.000000 2410.810217662 4304.710779769 4534.326270413 3.55654780794 3.93297389953 -5.60615986742
2024-06-13T07:01:00.000000 2618.298405711 4530.260430391 4187.404677779 3.35697655337 3.58235674810 -5.95330097219
2024-06-13T07:02:00.000000 2813.327291702 4734.251576109 3820.497508963 3.14140174797 3.21464148086 -6.27207772661
2024-06-13T07:03:00.000000 2994.966957167 4915.710540460 3435.353751127 2.91084738670 2.83158621172 -6.56093991792
2024-06-13T07:04:00.000000 3162.351653532 5073.772068404 3033.811108095 2.66642890573 2.43503976461 -6.81848835395
2024-06-13T07:05:00.000000 3314.684712102 5207.683489177 2617.786197146 2.40932636979 2.02690439987 -7.04348898298
2024-06-13T07:06:00.000000 3451.241730661 5316.808039741 2189.265150417 2.14077143428 1.60914267157 -7.23485941694
2024-06-13T07:07:00.000000 3571.374004340 5400.628256507 1750.294141807 1.86205440674 1.18376470599 -7.39168113152
2024-06-13T07:08:00.000000 3674.511912349 5458.748507977 1302.969633997 1.57452158773 0.75282294732 -7.51319846562
2024-06-13T07:09:00.000000 3760.168121248 5490.897399701 849.427977824 1.27956629321 0.31840129687 -7.59883899344
2024-06-13T07:10:00.000000 3827.939941306 5496.929015890 391.834438895 0.97861538858 -0.11740294288 -7.64821121641
2024-06-13T07:11:00.000000 3877.511087566 5476.823382105 -67.627627047 0.67312116752 -0.55249046275 -7.66110261779
2024-06-13T07:12:00.000000 3908.653043062 5430.686368369 -526.767500532 0.36455550672 -0.98476826230 -7.63748105186
2024-06-13T07:13:00.000000 3921.226015770 5358.748878272 -983.397891920 0.05440337290 -1.41216260115 -7.57749246869
2024-06-13T07:14:00.000000 3915.179532357 5261.365476207 -1435.345625354 -0.25584453518 -1.83262707668 -7.48146108235
2024-06-13T07:15:00.000000 3890.552543625 5139.012458511 -1880.462264946 -0.56469939994 -2.24415194067 -7.34988775424
2024-06-13T07:16:00.000000 3847.473005597 4992.285253189 -2316.634697481 -0.87068458453 -2.64477815925 -7.18344711230
2024-06-13T07:17:00.000000 3786.157007701 4821.895096828 -2741.795294517 -1.17233994396 -3.03260570250 -6.98298060301
2024-06-13T07:18:00.000000 3706.907519791 4628.665256145 -3153.931855543 -1.46823125652 -3.40580161769 -6.74949369848
2024-06-13T07:19:00.000000 3610.112527410 4413.526687406 -3551.097278387 -1.75696024630 -3.76261108878 -6.48414866467
2024-06-13T07:20:00.000000 3496.242752377 4177.513110106 -3931.418610817 -2.03716766772 -4.10136436237 -6.18825419751
2024-06-13T07:21:00.000000 3365.849140721 3921.755701831 -4293.105726601 -2.30754014567 -4.42048413704 -5.86326124655
2024-06-13T07:22:00.000000 3219.559906787 3647.477290917 -4634.459552595 -2.56681589634 -4.71849352559 -5.51075203062
2024-06-13T07:23:00.000000 3058.077340360 3355.986213006 -4953.879681079 -2.81378834459 -4.99401988188 -5.13243237370
2024-06-13T07:24:00.000000 2882.174287675 3048.669882210 -5249.871624509 -3.04731404604 -5.24580129469 -4.73012537772
2024-06-13T07:25:00.000000 2692.690118938 2726.987939069 -5521.053425645 -3.26631884135 -5.47269259784 -4.30575655010
2024-06-13T07:26:00.000000 2490.526569879 2392.465163209 -5766.161518364 -3.46979906587 -5.67366842085 -3.86134587676
2024-06-13T07:27:00.000000 2276.643326219 2046.684160027 -5984.056126630 -3.65682709776 -5.84782679768 -3.39899751594
2024-06-13T07:28:00.000000 2052.053401127 1691.277925146 -6173.725997709 -3.82655378358 -5.99439062221 -2.92089007433
2024-06-13T07:29:00.000000 1817.818293230 1327.922234141 -6334.292537654 -3.97821209317 -6.11271124278 -2.42926448361
2024-06-13T07:30:00.000000 1575.043095226 958.327955568 -6465.013204311 -4.11111576022 -6.20226699699 -1.92641405814
2024-06-13T07:31:00.000000 1324.871626969 584.233464614 -6565.284606648 -4.22466157828 -6.26266403143 -1.41468397679
2024-06-13T07:32:00.000000 1068.481102735 207.396669150 -6634.645314266 -4.31834034708 -6.29364553220 -0.89645617062
2024-06-13T07:33:00.000000 807.076581765 -170.413114091 -6672.777399647 -4.39173229722 -6.29508701701 -0.37413142914
2024-06-13T07:34:00.000000 541.885635854 -547.422984746 -6679.507465892 -4.44450697714 -6.26699363071 0.14987402273
2024-06-13T07:35:00.000000 274.152912216 -921.864315898 -6654.807344002 -4.47642612607 -6.20950268358 0.67313839338
2024-06-13T07:36:00.000000 5.134633732 -1291.980566348 -6598.794030421 -4.48734202008 -6.12287919193 1.19324435137
2024-06-13T07:37:00.000000 -263.906982781 -1656.034997093 -6511.729358668 -4.47720349616 -6.00751874807 1.70778438593
2024-06-13T07:38:00.000000 -531.709466406 -2012.318468679 -6394.018909048 -4.44605227533 -5.86394540296 2.21437523107
2024-06-13T07:39:00.000000 -797.015671176 -2359.157173656 -6246.210344033 -4.39402483140 -5.69281239167 2.71066696860
2024-06-13T07:40:00.000000 -1058.579441420 -2694.920176046 -6068.990991629 -4.32135028550 -5.49489454033 3.19435438362
2024-06-13T07:41:00.000000 -1315.171136143 -3018.026672282 -5863.185038421 -4.22835026901 -5.27108822830 3.66318288154
2024-06-13T07:42:00.000000 -1565.583160220 -3326.953200857 -5629.750134490 -4.11543767814 -5.02240771342 4.11495919005
2024-06-13T07:43:00.000000 -1808.635441420 -3620.240655075 -5369.773538922 -3.98311735982 -4.74998396535 4.54755800387
2024-06-13T07:44:00.000000 -2043.180966344 -3896.501267489 -5084.467659039 -3.83198609158 -4.45506320542 4.95893579338
2024-06-13T07:45:00.000000 -2268.111192567 -4154.425279045 -4775.164717735 -3.66272870925 -4.13899783206 5.34714316897
2024-06-13T07:46:00.000000 -2482.361242098 -4392.787123113 -4443.310954408 -3.47611562481 -3.80324146868 5.71033040843
2024-06-13T07:47:00.000000 -2684.914969862 -4610.451382147 -4090.460356889 -3.27300032646 -3.44934447057 6.04675718381
2024-06-13T07:48:00.000000 -2874.809860702 -4806.378411902 -3718.267826828 -3.05431659566 -3.07894791991 6.35480149422
2024-06-13T07:49:00.000000 -3051.141766753 -4979.629596790 -3328.481797255 -2.82107551922 -2.69377703969 6.63296938015
2024-06-13T07:50:00.000000 -3213.069396732 -5129.372141376 -2922.936284690 -2.57436042900 -2.29563284006 6.87990290142
2024-06-13T07:51:00.000000 -3359.818523713 -5254.883453086 -2503.542504687 -2.31532268255 -1.88638623217 7.09438873242
2024-06-13T07:52:00.000000 -3490.685906915 -5355.554970872 -2072.279912730 -2.04517625078 -1.46796537560 7.27536596921
2024-06-13T07:53:00.000000 -3605.042888099 -5430.895344689 -1631.186971196 -1.76519230789 -1.04234838118 7.42192951335
2024-06-13T07:54:00.000000 -3702.338667854 -5480.533260929 -1182.351574276 -1.47669396814 -0.61155641497 7.53333858718
2024-06-13T07:55:00.000000 -3782.103192181 -5504.219589977 -727.900973325 -1.18104838716 -0.17763899246 7.60902169367
2024-06-13T07:56:00.000000 -3843.949636385 -5501.828832450 -269.991632725 -0.87966194254 0.25733339915 7.64857758175
2024-06-13T07:57:00.000000 -3887.576553311 -5473.360133380 189.201168437 -0.57397274452 0.69127822456 7.65178105337
2024-06-13T07:58:00.000000 -3912.769551195 -5418.937654845 647.494014663 -0.26544327845 1.12211307372 7.61858661050
2024-06-13T07:59:00.000000 -3919.402488138 -5338.810156917 1102.706177101 0.04444882865 1.54776906424 7.54912886883
2024-06-13T08:00:00.000000 -3907.438147605 -5233.349869400 1552.670348985 0.35421813249 1.96620113565 7.44372052079
2024-06-13T08:01:00.000000 -3876.928489298 -5103.050725789 1995.243295811 0.66237883175 2.37539943939 7.30285072126
2024-06-13T08:02:00.000000 -3828.014441312 -4948.525956737 2428.316326521 0.96745235178 2.77339845688 7.12718117584
2024-06-13T08:03:00.000000 -3760.925236632 -4770.505195909 2849.825575021 1.26797514334 3.15828536003 6.91754407984
2024-06-13T08:04:00.000000 -3675.977277142 -4569.830989730 3257.762147303 1.56250630050 3.52821102566 6.67493897762
2024-06-13T08:05:00.000000 -3573.572564210 -4347.454627147 3650.182013233 1.84963446913 3.88140169544 6.40052710119
2024-06-13T08:06:00.000000 -3454.196716543 -4104.431349679 4025.215481707 2.12798540403 4.21616731632 6.09562412983
2024-06-13T08:07:00.000000 -3318.416465161 -3841.915071174 4381.076207920 2.39623050115 4.53091004211 5.76169063610
2024-06-13T08:08:00.000000 -3166.876792070 -3561.152684688 4716.069605890 2.65309072216 4.82412931045 5.40032389638
2024-06-13T08:09:00.000000 -3000.297779249 -3263.478017144 5028.600872760 2.89734292519 5.09442905485 5.01325104691
2024-06-13T08:10:00.000000 -2819.471088702 -2950.305405854 5317.182489728 3.12782486866 5.34052221912 4.60232009909
2024-06-13T08:11:00.000000 -2625.256177473 -2623.122957984 5580.441336948 3.34344018727 5.56123919775 4.16949486486
2024-06-13T08:12:00.000000 -2418.576121134 -2283.485240958 5817.125224590 3.54316534872 5.75553355550 3.71684059345
2024-06-13T08:13:00.000000 -2200.413116773 -1933.005847168 6026.108774643 3.72605415614 5.92248652393 3.24651717208
2024-06-13T08:14:00.000000 -1971.803697450 -1573.349482118 6206.398625327 3.89124205887 6.06131276196 2.76076307702
2024-06-13T08:15:00.000000 -1733.833727385 -1206.223971055 6357.137825469 4.03794999384 6.17136058605 2.26188489832
2024-06-13T08:16:00.000000 -1487.633181442 -833.372252061 6477.609589718 4.16548678966 6.25211102993 1.75224726742
2024-06-13T08:17:00.000000 -1234.370829038 -456.564335548 6567.240585984 4.27325081727 6.30318174143 1.23426537151
2024-06-13T08:18:00.000000 -975.248791899 -77.588983876 6625.603602298 4.36073264106 6.32433003530 0.71039279306
2024-06-13T08:19:00.000000 -711.496893135 301.754673777 6652.419499479 4.42751850701 6.31545325039 0.18310956596
2024-06-13T08:20:00.000000 -444.366930314 679.665559517 6647.558439979 4.47328973808 6.27658877296 -0.34508894765
2024-06-13T08:21:00.000000 -175.126898197 1054.349008576 6611.040571940 4.49782561882 6.20791320353 -0.87170020654
2024-06-13T08:22:00.000000 94.944950920 1424.025213585 6543.036124404 4.50100511238 6.10974570733 -1.39422686731
2024-06-13T08:23:00.000000 364.566082343 1786.937714122 6443.864578559 4.48280638250 5.98254371436 -1.91019273881
2024-06-13T08:24:00.000000 632.455672133 2141.361524439 6313.993222756 4.44330869338 5.82689944687 -2.41714877291
2024-06-13T08:25:00.000000 897.340652431 2485.611228793 6154.035110448 4.38269060217 5.64353854119 -2.91268704601
2024-06-13T08:26:00.000000 1157.961605955 2818.048852865 5964.746395899 4.30122902600 5.43331726567 -3.39444642499
2024-06-13T08:27:00.000000 1413.078768249 3137.091761758 5747.023178763 4.19930238459 5.19722309774 -3.86012638520
2024-06-13T08:28:00.000000 1661.478071382 3441.220294883 5501.897382601 4.07738786762 4.93636646658 -4.30750134547
2024-06-13T08:29:00.000000 1901.976946797 3728.985020491 5230.532042646 3.93605814915 4.65197775510 -4.73442835356
2024-06-13T08:30:00.000000 2133.429981067 3999.013797797 4934.215953380 3.77597808076 4.34540144489 -5.13886007854
2024-06-13T08:31:00.000000 2354.734411024 4250.018540498 4614.357656968 3.59790467402 4.01809469740 -5.51885329549
2024-06-13T08:32:00.000000 2564.835403534 4480.801563777 4272.479054140 3.40267698181 3.67161097563 -5.87257507516
2024-06-13T08:33:00.000000 2762.731047339 4690.261280597 3910.208532957 3.19122274094 3.30760258524 -6.19830747979
2024-06-13T08:34:00.000000 2947.477990617 4877.398470132 3529.273462978 2.96456285440 2.92782455997 -6.49448010410
2024-06-13T08:35:00.000000 3118.196063100 5041.320946849 3131.490589043 2.72377961463 2.53408638689 -6.75967331401
2024-06-13T08:36:00.000000 3274.072141672 5181.247425379 2718.758097532 2.47002811157 2.12827913158 -6.99260038403
2024-06-13T08:37:00.000000 3414.364439618 5296.512086115 2293.046442423 2.20452888101 1.71235595369 -7.19213798392
2024-06-13T08:38:00.000000 3538.406239016 5386.567906198 1856.388647085 1.92856289784 1.28832230861 -7.35732590731
2024-06-13T08:39:00.000000 3645.609275708 5450.989436075 1410.870249768 1.64346296608 0.85822355962 -7.48737387872
2024-06-13T08:40:00.000000 3735.466667134 5489.474966786 958.618994730 1.35060778067 0.42413689209 -7.58166708211
2024-06-13T08:41:00.000000 3807.555382772 5501.847974329 501.794150119 1.05141231105 -0.01184379034 -7.63976872175
2024-06-13T08:42:00.000000 3861.538247109 5488.057911164 42.575850267 0.74732275221 -0.44761486088 -7.66142157082
2024-06-13T08:43:00.000000 3897.165587150 5448.180303258 -416.845905003 0.43980715347 -0.88108099580 -7.64655352396
2024-06-13T08:44:00.000000 3914.276144404 5382.415825472 -874.282104455 0.13034382408 -1.31016600420 -7.59526781131
2024-06-13T08:45:00.000000 3912.797626977 5291.089160608 -1327.555109685 -0.17958032630 -1.73281321489 -7.50784154600
2024-06-13T08:46:00.000000 3892.747079364 5174.647522441 -1774.509312350 -0.48847616633 -2.14699782115 -7.38473239540
2024-06-13T08:47:00.000000 3854.230639454 5033.658248761 -2213.021956255 -0.79486503988 -2.55074330474 -7.22657664518
2024-06-13T08:48:00.000000 3797.442643578 4868.805468820 -2641.013516129 -1.09728609286 -2.94213354144 -7.03417679650
2024-06-13T08:49:00.000000 3722.664464589 4680.886451775 -3056.457516288 -1.39430043490 -3.31931498430 -6.80849941534
2024-06-13T08:50:00.000000 3630.262897778 4470.807453024 -3457.390316940 -1.68450068990 -3.68051014726 -6.55067065457
2024-06-13T08:51:00.000000 3520.688132936 4239.578944879 -3841.920295501 -1.96651545164 -4.02402406141 -6.26196370051
2024-06-13T08:52:00.000000 3394.471239428 3988.310163904 -4208.236812630 -2.23902212107 -4.34826113085 -5.94380336113
2024-06-13T08:53:00.000000 3252.221104438 3718.203233118 -4554.618571307 -2.50074924705 -4.65172037883 -5.59774089659
2024-06-13T08:54:00.000000 3094.621310604 3430.547335924 -4879.441145443 -2.75047943639 -4.93300249681 -5.22545362960
2024-06-13T08:55:00.000000 2922.426664600 3126.712316716 -5181.184329525 -2.98705717482 -5.19081923645 -4.82873591725
2024-06-13T08:56:00.000000 2736.459352948 2808.141899452 -5458.438756998 -3.20939194687 -5.42399625439 -4.40948667580
2024-06-13T08:57:00.000000 2537.604972280 2476.346780994 -5709.912027687 -3.41646247369 -5.63147677774 -3.96970512833
2024-06-13T08:58:00.000000 2326.808036143 2132.897346857 -5934.434382482 -3.60732634561 -5.81232835069 -3.51147656168
2024-06-13T08:59:00.000000 2105.067356463 1779.416206847 -6130.963419020 -3.78111562369 -5.96574274496 -3.03696055872
2024-06-13T09:00:00.000000 1873.431464066 1417.570665329 -6298.588440609 -3.93704262540 -6.09103909911 -2.54838575158
2024-06-13T09:01:00.000000 1632.993624207 1049.065016565 -6436.534141734 -4.07440304746 -6.18766451532 -2.04803442518
2024-06-13T09:02:00.000000 1384.886960495 675.632927623 -6544.163698803 -4.19257355013 -6.25519441339 -1.53824076957
2024-06-13T09:03:00.000000 1130.279287769 299.029453007 -6620.981653627 -4.29102261980 -6.29334035055 -1.02137881528
2024-06-13T09:04:00.000000 870.367530408 -78.977012932 -6666.635698493 -4.36931027982 -6.30194547072 -0.49984449718
2024-06-13T09:05:00.000000 606.372396206 -456.612570624 -6680.917794941 -4.42708401221 -6.28098344751 0.02394958865
2024-06-13T09:06:00.000000 339.533020118 -832.105687060 -6663.764954345 -4.46408215289 -6.23055869790 0.54758300711
2024-06-13T09:07:00.000000 71.101497989 -1203.694970033 -6615.259522546 -4.48013556728 -6.15090620550 1.06863271134
2024-06-13T09:08:00.000000 -197.662825150 -1569.637128636 -6535.628891079 -4.47517082837 -6.04239265207 1.58468976283
2024-06-13T09:09:00.000000 -465.498953574 -1928.214653063 -6425.244443982 -4.44920705463 -5.90551193592 2.09336342176
2024-06-13T09:10:00.000000 -731.149941749 -2277.743635583 -6284.620096853 -4.40235963210 -5.74088871517 2.59229767092
2024-06-13T09:11:00.000000 -993.368474298 -2616.581243277 -6114.409797562 -4.33483357606 -5.54926685795 3.07917971890
2024-06-13T09:12:00.000000 -1250.922273700 -2943.132922598 -5915.404964777 -4.24692572995 -5.33151225524 3.55174194127
2024-06-13T09:13:00.000000 -1502.599656401 -3255.859727408 -5688.531421451 -4.13902576639 -5.08861228349 4.00777362436
2024-06-13T09:14:00.000000 -1747.215128519 -3553.285525465 -5434.845629885 -4.01161696944 -4.82167251386 4.44513297646
2024-06-13T09:15:00.000000 -1983.614944308 -3834.003934226 -5155.530200815 -3.86527365305 -4.53191159716 4.86175852409
2024-06-13T09:16:00.000000 -2210.682453262 -4096.684956195 -4851.888781583 -3.70065752722 -4.22065605037 5.25567856078
2024-06-13T09:17:00.000000 -2427.343290539 -4340.081287084 -4525.340447312 -3.51851638157 -3.88933515611 5.62501847382
2024-06-13T09:18:00.000000 -2632.570505834 -4563.034362605 -4177.413602862 -3.31968225717 -3.53947673394 5.96801030529
2024-06-13T09:19:00.000000 -2825.389512159 -4764.480105499 -3809.739295685 -3.10506827199 -3.17270172115 6.28300217002
2024-06-13T09:20:00.000000 -3004.882872557 -4943.454330661 -3424.043930797 -2.87566543773 -2.79071733933 6.56846909547
2024-06-13T09:21:00.000000 -3170.194823307 -5099.097642745 -3022.141405865 -2.63253781760 -2.39530817012 6.82302068838
2024-06-13T09:22:00.000000 -3320.535522918 -5230.659873378 -2605.924817631 -2.37681796265 -1.98832914205 7.04540873874
2024-06-13T09:23:00.000000 -3455.185038579 -5337.504030699 -2177.357716294 -2.10970305470 -1.57169638998 7.23453407959
2024-06-13T09:24:00.000000 -3573.497074483 -5419.109711715 -1738.464945134 -1.83244911912 -1.14737869588 7.38945401861
2024-06-13T09:25:00.000000 -3674.902272944 -5475.076004530 -1291.323054259 -1.54636375408 -0.71738865575 7.50938849574
2024-06-13T09:26:00.000000 -3758.911156755 -5505.123810235 -838.050405852 -1.25280134480 -0.28377235376 7.59372470405
2024-06-13T09:27:00.000000 -3825.116781477 -5509.097526972 -380.796986095 -0.95315742342 0.15140159103 7.64202192162
2024-06-13T09:28:00.000000 -3873.196980714 -5486.966071112 78.266009852 -0.64886095888 0.58605287655 7.65401433899
2024-06-13T09:29:00.000000 -3902.916106866 -5438.823280019 536.956749462 -0.34136561790 1.01809952961 7.62961344571
2024-06-13T09:30:00.000000 -3914.126295337 -5364.887688666 993.093439058 -0.03214262798 1.44546886965 7.56890927267
2024-06-13T09:31:00.000000 -3906.768295764 -5265.501612010 1444.505038979 0.27732655802 1.86610936438 7.47216980771
2024-06-13T09:32:00.000000 -3880.871878710 -5141.129597895 1889.041891177 0.58555750258 2.27799968377 7.33984000257
2024-06-13T09:33:00.000000 -3836.555728579 -4992.356271876 2324.586318436 0.89107209873 2.67916049023 7.17253983877
2024-06-13T09:34:00.000000 -3774.026897895 -4819.883543593 2749.062981545 1.19240386559 3.06766328029 6.97106075972
2024-06-13T09:35:00.000000 -3693.579872150 -4624.527189247 3160.449117875 1.48810616910 3.44164288114 6.73636258699
2024-06-13T09:36:00.000000 -3595.595133921 -4407.212779323 3556.784464966 1.77676094749 3.79930615542 6.46956823159
2024-06-13T09:37:00.000000 -3480.537138546 -4168.971061715 3936.180847403 2.05698813275 4.13894174367 6.17195577759
2024-06-13T09:38:00.000000 -3348.951898222 -3910.932862262 4296.831197510 2.32744996726 4.45892609402 5.84495002958
2024-06-13T09:39:00.000000 -3201.464270660 -3634.323545074 4637.018198073 2.58685712153 4.75773310126 5.49011603546
2024-06-13T09:40:00.000000 -3038.774894054 -3340.456967698 4955.122377450 2.83397352496 5.03393962540 5.10914890965
2024-06-13T09:41:00.000000 -2861.656892552 -3030.729194805 5249.629760094 3.06762036560 5.28623022322 4.70387023874
2024-06-13T09:42:00.000000 -2670.952058902 -2706.611665279 5519.139218999 3.28668870303 5.51340832096 4.27621591747
2024-06-13T09:43:00.000000 -2467.566682013 -2369.644078943 5762.368924137 3.49013818051 5.71439676944 3.82822718189
2024-06-13T09:44:00.000000 -2252.467141141 -2021.426878710 5978.162389166 3.67700693723 5.88824788623 3.36203659256
2024-06-13T09:45:00.000000 -2026.675206115 -1663.613640680 6165.493530663 3.84641075270 6.03413821016 2.87985945577
2024-06-13T09:46:00.000000 -1791.263209523 -1297.903398115 6323.471631333 3.99754955638 6.15137793671 2.38398977398
2024-06-13T09:47:00.000000 -1547.348859178 -926.032409795 6451.345511856 4.12971127672 6.23941606839 1.87678202501
2024-06-13T09:48:00.000000 -1296.089929377 -549.765880729 6548.506729392 4.24227234836 6.29783818075 1.36063842873
2024-06-13T09:49:00.000000 -1038.678911881 -170.889795647 6614.492287178 4.33470005567 6.32636680047 0.83800401609
2024-06-13T09:50:00.000000 -776.337377136 208.797453747 6648.986859387 4.40655802129 6.32486581153 0.31135263608
2024-06-13T09:51:00.000000 -510.310255610 587.493454434 6651.824082860 4.45750396816 6.29333713307 -0.21682448597
2024-06-13T09:52:00.000000 -241.860101803 963.400108016 6622.987438003 4.48729321033 6.23192313102 -0.74402591804
2024-06-13T09:53:00.000000 27.738807823 1334.732095278 6562.610454124 4.49577964871 6.14090704450 -1.26775365821
2024-06-13T09:54:00.000000 297.206398128 1699.725271857 6470.976152225 4.48291647659 6.02071130615 -1.78552471280
2024-06-13T09:55:00.000000 565.262784091 2056.644930244 6348.515775183 4.44875659480 5.87189405732 -2.29488267222
2024-06-13T09:56:00.000000 830.634227825 2403.793891793 6195.806939314 4.39345204500 5.69514788737 -2.79340654031
2024-06-13T09:57:00.000000 1092.059149004 2739.520547038 6013.571244026 4.31725681244 5.49129960625 -3.27872002771
2024-06-13T09:58:00.000000 1348.294251785 3062.226863616 5802.671056744 4.22052502270 5.26130645218 -3.74850972673
2024-06-13T09:59:00.000000 1598.120329929 3370.375974439 5564.105457961 4.10370534990 5.00624988419 -4.20053301554
2024-06-13T10:00:00.000000 1840.347970062 3662.499539385 5299.005752435 3.96734286475 4.72733183449 -4.63262670024
2024-06-13T10:01:00.000000 2073.823439729 3937.204897628 5008.630284184 3.81208057290 4.42587123563 -5.04272050850
2024-06-13T10:02:00.000000 2297.434206698 4193.181649733 4694.358961269 3.63864970738 4.10329237138 -5.42883488105
2024-06-13T10:03:00.000000 2510.114450606 4429.208268361 4357.686985122 3.44787393891 3.76113102237 -5.78910888147
2024-06-13T10:04:00.000000 2710.850286839 4644.158303725 4000.217556290 3.24066124481 3.40101915267 -6.12180417883
2024-06-13T10:05:00.000000 2898.684827262 4837.005947842 3623.654333162 3.01800258945 3.02467938860 -6.42531198598
2024-06-13T10:06:00.000000 3072.722968140 5006.831374589 3229.793222437 2.78096455847 2.63391889601 -6.69816942549
2024-06-13T10:07:00.000000 3232.135611113 5152.825232080 2820.513376449 2.53068068800 2.23061120151 -6.93906304974
2024-06-13T10:08:00.000000 3376.163763154 5274.292443810 2397.768374304 2.26835477113 1.81669205113 -7.14682631127
2024-06-13T10:09:00.000000 3504.122681062 5370.655961457 1963.576998312 1.99525525467 1.39415838885 -7.32045638626
2024-06-13T10:10:00.000000 3615.405250247 5441.459930696 1520.012953206 1.71270002371 0.96504958878 -7.45912492312
2024-06-13T10:11:00.000000 3709.484789497 5486.371750150 1069.194501266 1.42205149299 0.53143350929 -7.56217451667
2024-06-13T10:12:00.000000 3785.917622613 5505.183614648 613.274219594 1.12471392065 0.09540127443 -7.62911975253
2024-06-13T10:13:00.000000 3844.345456135 5497.813719066 154.428372919 0.82212656546 -0.34094071793 -7.65965911059
2024-06-13T10:14:00.000000 3884.496974555 5464.306527623 -305.154269031 0.51574824973 -0.77549286599 -7.65367401800
2024-06-13T10:15:00.000000 3906.188985065 5404.832174248 -763.283039188 0.20705714555 -1.20616579162 -7.61122154567
2024-06-13T10:16:00.000000 3909.327324532 5319.685613369 -1217.776195643 -0.10245941905 -1.63089092516 -7.53254214782
2024-06-13T10:17:00.000000 3893.907066428 5209.284895732 -1666.471834590 -0.41131564228 -2.04763593243 -7.41805528390
2024-06-13T10:18:00.000000 3860.012235673 5074.168688722 -2107.238391839 -0.71803286439 -2.45441335479 -7.26835233349
2024-06-13T10:19:00.000000 3807.815224526 4914.993364066 -2537.984939118 -1.02114576285 -2.84928938036 -7.08419609361
2024-06-13T10:20:00.000000 3737.575703115 4732.529418583 -2956.671317432 -1.31921168614 -3.23039507649 -6.86651482752
2024-06-13T10:21:00.000000 3649.639088114 4527.657406529 -3361.317720945 -1.61081593364 -3.59593189827 -6.61639094211
2024-06-13T10:22:00.000000 3544.434579609 4301.363268603 -3750.014200152 -1.89458217494 -3.94418775038 -6.33507007589
2024-06-13T10:23:00.000000 3422.472675406 4054.733021737 -4120.929803643 -2.16917767138 -4.27353951684 -6.02393731807
2024-06-13T10:24:00.000000 3284.342377519 3788.947239894 -4472.320737319 -2.43331901227 -4.58245895055 -5.68451189809
2024-06-13T10:25:00.000000 3130.708105958 3505.275205846 -4802.538267369 -2.68577679245 -4.86951916175 -5.31844211909
2024-06-13T10:26:00.000000 2962.306262562 3205.068558458 -5110.036156744 -2.92538166091 -5.13340221206 -4.92749436209
2024-06-13T10:27:00.000000 2779.941526386 2889.754660486 -5393.377503965 -3.15102783306 -5.37290328698 -4.51354553717
2024-06-13T10:28:00.000000 2584.482885951 2560.829581418 -5651.241064898 -3.36167832533 -5.58693756723 -4.07857182586
2024-06-13T10:29:00.000000 2376.859358878 2219.850833482 -5882.426855236 -3.55636975419 -5.77454180646 -3.62463745727
2024-06-13T10:30:00.000000 2158.055476700 1868.430060531 -6085.861202632 -3.73421593387 -5.93487559500 -3.15388743154
2024-06-13T10:31:00.000000 1929.106490377 1508.225512431 -6260.601255661 -3.89441258225 -6.06722609451 -2.66853482091
2024-06-13T10:32:00.000000 1691.093480154 1140.934379927 -6405.838722414 -4.03623636520 -6.17100845817 -2.17085093153
2024-06-13T10:33:00.000000 1445.138451987 768.285021268 -6520.903127253 -4.15904659934 -6.24576887702 -1.66315643602
2024-06-13T10:34:00.000000 1192.399322269 392.029109132 -6605.264528039 -4.26228846598 -6.29118420679 -1.14781452830
2024-06-13T10:35:00.000000 934.064487730 13.933689272 -6658.535751621 -4.34550052107 -6.30706519680 -0.62721730474
2024-06-13T10:36:00.000000 671.347395797 -364.226778570 -6680.473658573 -4.40830875065 -6.29335355715 -0.10377307336
2024-06-13T10:37:00.000000 405.481272005 -740.678198674 -6670.979997503 -4.45042844355 -6.25011968588 0.42009699773
2024-06-13T10:38:00.000000 137.713629411 -1113.654728723 -6630.102024490 -4.47166893337 -6.17756941417 0.94196739522
2024-06-13T10:39:00.000000 -130.699428965 -1481.406826608 -6558.032150881 -4.47193398469 -6.07603837032 1.45942621183
2024-06-13T10:40:00.000000 -398.498817670 -1842.208921160 -6455.107018890 -4.45122054838 -5.94599107527 1.97007918941
2024-06-13T10:41:00.000000 -664.428049217 -2194.367215068 -6321.806040662 -4.40961788935 -5.78802072560 2.47156376922
2024-06-13T10:42:00.000000 -927.238743055 -2536.227159693 -6158.749253198 -4.34730726712 -5.60284199483 2.96155553189
2024-06-13T10:43:00.000000 -1185.696179980 -2866.180726009 -5966.694879812 -4.26456272992 -5.39129106539 3.43777381964
2024-06-13T10:44:00.000000 -1438.584892774 -3182.673775872 -5746.536447956 -4.16175241650 -5.15432848662 3.89799192508
2024-06-13T10:45:00.000000 -1684.714322339 -3484.213421042 -5499.299012631 -4.03933763390 -4.89303337411 4.34005439093
2024-06-13T10:46:00.000000 -1922.924261096 -3769.374855789 -5226.134652612 -3.89786840780 -4.60859566041 4.76188318881
2024-06-13T10:47:00.000000 -2152.090125315 -4036.807946337 -4928.317628893 -3.73798176674 -4.30231391892 5.16148499335
2024-06-13T10:48:00.000000 -2371.128136123 -4285.243692977 -4607.239071351 -3.56040110354 -3.97559370147 5.53695936579
2024-06-13T10:49:00.000000 -2579.000529058 -4513.500478281 -4264.401062081 -3.36593691672 -3.62994110989 5.88651009084
2024-06-13T10:50:00.000000 -2774.720711960 -4720.489901327 -3901.409951906 -3.15548232565 -3.26695511695 6.20845991541
2024-06-13T10:51:00.000000 -2957.357904366 -4905.222088827 -3519.969151069 -2.93000538056 -2.88832172873 6.50125041186
2024-06-13T10:52:00.000000 -3126.041806530 -5066.810878399 -3121.871682261 -2.69055296804 -2.49580911139 6.76345658916
2024-06-13T10:53:00.000000 -3279.967001678 -5204.478323824 -2708.991811119 -2.43823990886 -2.09125578830 6.99379528337
2024-06-13T10:54:00.000000 -3418.396930325 -5317.558763025 -2283.276381835 -2.17424540284 -1.67656359540 7.19113212124
2024-06-13T10:55:00.000000 -3540.667549766 -5405.502252082 -1846.735797418 -1.89980799904 -1.25368810222 7.35448246403
2024-06-13T10:56:00.000000 -3646.190950274 -5467.877782043 -1401.434792278 -1.61622516063 -0.82463612877 7.48302310360
2024-06-13T10:57:00.000000 -3734.458539371 -5504.375901780 -949.482380853 -1.32484205857 -0.39145060672 7.57610184577
2024-06-13T10:58:00.000000 -3805.043629172 -5514.810482702 -493.021479251 -1.02704159270 0.04380321739 7.63324075065
2024-06-13T10:59:00.000000 -3857.603464382 -5499.119683880 -34.218556616 -0.72423884955 0.47904838937 7.65413230960
2024-06-13T11:00:00.000000 -3891.881117263 -5457.366502726 424.746679313 -0.41787812732 0.91220232686 7.63864380865
2024-06-13T11:01:00.000000 -3907.706966486 -5389.738785199 881.691892491 -0.10942405933 1.34118795559 7.58682085792
2024-06-13T11:02:00.000000 -3904.999662683 -5296.548500316 1334.442856401 0.19964685201 1.76394687659 7.49888750993
2024-06-13T11:03:00.000000 -3883.766659414 -5178.230338042 1780.844086002 0.50785215178 2.17844821179 7.37524476673
2024-06-13T11:04:00.000000 -3844.104297349 -5035.339734741 2218.769481404 0.81371309789 2.58270012648 7.21647034024
2024-06-13T11:05:00.000000 -3786.197352508 -4868.550204688 2646.132780795 1.11576152095 2.97475999924 7.02331430602
2024-06-13T11:06:00.000000 -3710.318147268 -4678.650063811 3060.897860160 1.41254925167 3.35274579701 6.79669671828
2024-06-13T11:07:00.000000 -3616.825099514 -4466.538480634 3461.088686763 1.70265516075 3.71484568317 6.53769942088
2024-06-13T11:08:00.000000 -3506.160960105 -4233.221016333 3844.798864224 1.98469087667 4.05932661880 6.24756079305
2024-06-13T11:09:00.000000 -3378.850567303 -3979.804666592 4210.200824216 2.25730943317 4.38454173833 5.92766897806
2024-06-13T11:10:00.000000 -3235.498229908 -3707.492423779 4555.554597680 2.51920977058 4.68893951148 5.57955433030
2024-06-13T11:11:00.000000 -3076.784745285 -3417.577355574 4879.216056893 2.76914435110 4.97106925349 5.20487977115
2024-06-13T11:12:00.000000 -2903.464083076 -3111.436410172 5179.644716679 3.00592260253 5.22958808469 4.80543610952
2024-06-13T11:13:00.000000 -2716.359667052 -2790.523662800 5455.411019404 3.22842111084 5.46326667759 4.38312796765
2024-06-13T11:14:00.000000 -2516.360359181 -2456.363561497 5705.203093366 3.43558182106 5.67099238114 3.93997381230
2024-06-13T11:15:00.000000 -2304.416305669 -2110.543311266 5927.833167475 3.62642225404 5.85178532835 3.47808711214
2024-06-13T11:16:00.000000 -2081.534204863 -1754.705152950 6122.242809652 3.80003973155 6.00479133325 2.99966602591
2024-06-13T11:17:00.000000 -1848.772440222 -1390.538589442 6287.507841724 3.95561492858 6.12928988940 2.50698469326
2024-06-13T11:18:00.000000 -1607.235983240 -1019.772317220 6422.842483135 4.09241453433 6.22469541174 2.00238055246
2024-06-13T11:19:00.000000 -1358.071188048 -644.166081886 6527.602816828 4.20979249698 6.29055840487 1.48824337059
2024-06-13T11:20:00.000000 -1102.460502513 -265.502490141 6601.289699156 4.30719281282 6.32656704920 0.96700775051
2024-06-13T11:21:00.000000 -841.616874748 114.421338208 6643.551087018 4.38415502321 6.33254902563 0.44113996458
2024-06-13T11:22:00.000000 -576.778042390 493.802100402 6654.183605269 4.44031328147 6.30847105687 -0.08687191824
2024-06-13T11:23:00.000000 -309.200815873 870.838731376 6633.133560434 4.47539806707 6.25444100878 -0.61452872913
2024-06-13T11:24:00.000000 -40.155234481 1243.740833365 6580.497235191 4.48923820635 6.17070627834 -1.13933209273
2024-06-13T11:25:00.000000 229.081361271 1610.737029025 6496.520520517 4.48176120183 6.05765332224 -1.65879550856
2024-06-13T11:26:00.000000 497.230227482 1970.083241335 6381.597906656 4.45299353620 5.91580528595 -2.17045332778
2024-06-13T11:27:00.000000 763.017280441 2320.070850664 6236.270949744 4.40306390764 5.74582123571 -2.67187132564
2024-06-13T11:28:00.000000 1025.179159964 2659.034887258 6061.225924057 4.33220069632 5.54849624378 -3.16066247203
2024-06-13T11:29:00.000000 1282.469143459 2985.361966917 5857.290628168 4.24072977259 5.32475402008 -3.63449699306
2024-06-13T11:30:00.000000 1533.662998349 3297.497987008 5625.430756597 4.12907556541 5.07564685935 -4.09111071106
2024-06-13T11:31:00.000000 1777.565011819 3593.955778539 5366.745433693 3.99776324456 4.80235136172 -4.52832155727
2024-06-13T11:32:00.000000 2013.013635150 3873.322011731 5082.462309755 3.84740648735 4.50615286737 -4.94402863342
2024-06-13T11:33:00.000000 2238.887063426 4134.264077917 4773.932148701 3.67871618209 4.18845560680 -5.33623209183
2024-06-13T11:34:00.000000 2454.108792472 4375.536834438 4442.622360497 3.49248973718 3.85076930077 -5.70304413960
2024-06-13T11:35:00.000000 2657.652748145 4595.988759616 4090.110170735 3.28961163563 3.49470413891 -6.04269472139
2024-06-13T11:36:00.000000 2848.548438853 4794.567711215 3718.075104943 3.07104883722 3.12196093571 -6.35354430355
2024-06-13T11:37:00.000000 3025.885797819 4970.326188604 3328.291033187 2.83784790360 2.73432603327 -6.63408989274
2024-06-13T11:38:00.000000 3188.819769458 5122.426173842 2922.617599753 2.59112829977 2.33366026597 -6.88297644010
2024-06-13T11:39:00.000000 3336.574512870 5250.143300942 2502.991184176 2.33207676424 1.92189037487 -7.09900225476
2024-06-13T11:40:00.000000 3468.447282791 5352.870549396 2071.415446964 2.06194199623 1.50099842266 -7.28112760552
2024-06-13T11:41:00.000000 3583.811896251 5430.121193006 1629.951516203 1.78202624530 1.07301214210 -7.42847654522
2024-06-13T11:42:00.000000 3682.121847851 5481.531481538 1180.707945275 1.49368252083 0.63999998062 -7.54034730004
2024-06-13T11:43:00.000000 3762.913079842 5506.862399461 725.829984679 1.19830405138 0.20404891615 -7.61621650870
2024-06-13T11:44:00.000000 3825.806183048 5506.000623365 267.489102770 0.89731888059 -0.23273849748 -7.65573505296
2024-06-13T11:45:00.000000 3870.508284884 5478.959186133 -192.127760442 0.59218136947 -0.66825573494 -7.65873651345
2024-06-13T11:46:00.000000 3896.814353152 5425.877319599 -650.829137795 0.28436440568 -1.10040469779 -7.62523700046
2024-06-13T11:47:00.000000 3904.608084891 5347.019495914 -1106.430020571 -0.02464888836 -1.52711102266 -7.55543443597
2024-06-13T11:48:00.000000 3893.862271600 5242.773714919 -1556.762588825 -0.33337309399 -1.94633278885 -7.44970359136
2024-06-13T11:49:00.000000 3864.638706949 5113.649307437 -1999.686757869 -0.64032807043 -2.35606894938 -7.30859384360
2024-06-13T11:50:00.000000 3817.087639517 4960.274191702 -2433.100599594 -0.94404696657 -2.75436963416 -7.13282711843
2024-06-13T11:51:00.000000 3751.446738634 4783.391524668 -2854.950404612 -1.24308369914 -3.13934496579 -6.92328749229
2024-06-13T11:52:00.000000 3668.039606403 4583.855625826 -3263.240610600 -1.53602091683 -3.50918123582 -6.68102829313
2024-06-13T11:53:00.000000 3567.273945179 4362.627370120 -3656.043344793 -1.82147370135 -3.86214068065 -6.40725139035
2024-06-13T11:54:00.000000 3449.639354851 4120.769369822 -4031.507355610 -2.09809842094 -4.19657210521 -6.10330797772
2024-06-13T11:55:00.000000 3315.704656249 3859.440427759 -4387.866692503 -2.36459888350 -4.51092147312 -5.77068839830
2024-06-13T11:56:00.000000 3166.114860664 3579.889530921 -4723.448752589 -2.61973273826 -4.80373754732 -5.41101230976
2024-06-13T11:57:00.000000 3001.587758549 3283.449521318 -5036.681757335 -2.86231721737 -5.07367744693 -5.02601919877
2024-06-13T11:58:00.000000 2822.910196084 2971.530442911 -5326.101602375 -3.09123374125 -5.31951079721 -4.61755677113
2024-06-13T11:59:00.000000 2630.934163242 2645.612760583 -5590.358098263 -3.30543002890 -5.54012129829 -4.18757376437
2024-06-13T12:00:00.000000 2426.572677213 2307.240405189 -5828.220835164 -3.50392458075 -5.73451026384 -3.73811279443
2024-06-13T12:01:00.000000 2210.795431866 1958.013501727 -6038.584579650 -3.68581089525 -5.90180466779 -3.27130160996
2024-06-13T12:02:00.000000 1984.624090344 1599.580732240 -6220.473999917 -3.85026394951 -6.04125908689 -2.78934087494
2024-06-13T12:03:00.000000 1749.127312199 1233.631593060 -6373.047677326 -3.99654219420 -6.15225883840 -2.29449125480
2024-06-13T12:04:00.000000 1505.415745666 861.888572399 -6495.601301515 -4.12398712682 -6.23431776763 -1.78906108229
2024-06-13T12:05:00.000000 1254.637073935 486.099486479 -6587.570485826 -4.23202439691 -6.28707996785 -1.27540552919
2024-06-13T12:06:00.000000 997.970684781 108.029410346 -6648.533117505 -4.32017119117 -6.31032474687 -0.75590826288
2024-06-13T12:07:00.000000 736.622313484 -270.547194742 -6678.210700269 -4.38803182065 -6.30395943773 -0.23297288838
2024-06-13T12:08:00.000000 471.818780965 -647.854205316 -6676.469537509 -4.43529985815 -6.26802291864 0.29097882179
2024-06-13T12:09:00.000000 204.802505924 -1022.121936314 -6643.321391133 -4.46176220327 -6.20269018528 0.81352343640
2024-06-13T12:10:00.000000 -63.174104651 -1391.595098363 -6578.923141949 -4.46729870952 -6.10826531094 1.33224768851
2024-06-13T12:11:00.000000 -330.854210439 -1754.540504303 -6483.576052503 -4.45188188989 -5.98518129211 1.84475368865
2024-06-13T12:12:00.000000 -596.982107798 -2109.254802767 -6357.724500347 -4.41557694400 -5.83399882169 2.34867063050
2024-06-13T12:13:00.000000 -860.308787326 -2454.072023636 -6201.954128658 -4.35854232689 -5.65540349194 2.84166173919
2024-06-13T12:14:00.000000 -1119.597570553 -2787.371049847 -6016.989443886 -4.28102995012 -5.45020359153 3.32143683793
2024-06-13T12:15:00.000000 -1373.629636391 -3107.582855322 -5803.690843265 -4.18338340109 -5.21932786616 3.78575727318
2024-06-13T12:16:00.000000 -1621.209544633 -3413.197819742 -5563.051210103 -4.06603806397 -4.96382712497 4.23244835333
2024-06-13T12:17:00.000000 -1861.170661021 -3702.772824645 -5296.191665266 -3.92951866167 -4.68486582189 4.65941086496
2024-06-13T12:18:00.000000 -2092.380568270 -3974.937939739 -5004.356899316 -3.77444148418 -4.38371919297 5.06462703513
2024-06-13T12:19:00.000000 -2313.746533229 -4228.402996408 -4688.909842198 -3.60151175185 -4.06176931084 5.44617552754
2024-06-13T12:20:00.000000 -2524.220640849 -4461.963762540 -4351.325613408 -3.41151784197 -3.72049781684 5.80223885347
2024-06-13T12:21:00.000000 -2722.804743911 -4674.507760901 -3993.185087619 -3.20533006497 -3.36148053206 6.13111088575
2024-06-13T12:22:00.000000 -2908.555294499 -4865.019720146 -3616.167920031 -2.98389694632 -2.98638075434 6.43120651229
2024-06-13T12:23:00.000000 -3080.587848874 -5032.586689671 -3222.045079523 -2.74824000735 -2.59694555426 6.70106804687
2024-06-13T12:24:00.000000 -3238.081500625 -5176.402908986 -2812.670920997 -2.49945545034 -2.19499839674 6.93937613490
2024-06-13T12:25:00.000000 -3380.283161910 -5295.773943932 -2389.974572314 -2.23870591714 -1.78242563382 7.14495781905
2024-06-13T12:26:00.000000 -3506.511346349 -5390.120356076 -1955.951045225 -1.96721496300 -1.36117299983 7.31679180455
2024-06-13T12:27:00.000000 -3616.159674486 -5458.980964846 -1512.651827179 -1.68626155241 -0.93323474339 7.45401787594
2024-06-13T12:28:00.000000 -3708.699992559 -5502.015406145 -1062.175037775 -1.39717260518 -0.50064135920 7.55594215546
2024-06-13T12:29:00.000000 -3783.685084963 -5519.005995004 -606.655509782 -1.10131954357 -0.06545191247 7.62203571425
2024-06-13T12:30:00.000000 -3840.751172051 -5509.859279008 -148.254545929 -0.80010966433 0.37025474929 7.65194525625
2024-06-13T12:31:00.000000 -3879.619895931 -5474.606853987 310.850610434 -0.49498257998 0.80439054948 7.64549533406
2024-06-13T12:32:00.000000 -3900.099857323 -5413.405424863 768.477699021 -0.18739483779 1.23487620609 7.60269136275
2024-06-13T12:33:00.000000 -3902.087492272 -5326.536041301 1222.449919775 0.12118161582 1.65964587128 7.52371121285
2024-06-13T12:34:00.000000 -3885.567871725 -5214.403043188 1670.606691960 0.42926831659 2.07666108732 7.40891825719
2024-06-13T12:35:00.000000 -3850.614522749 -5077.531799340 2110.814295043 0.73539329423 2.48392307380 7.25884110678
2024-06-13T12:36:00.000000 -3797.389355623 -4916.566549920 2540.975945724 1.03808498692 2.87947316423 7.07418546957
2024-06-13T12:37:00.000000 -3726.142042403 -4732.267278207 2959.042423726 1.33589173429 3.26141264856 6.85582872589
2024-06-13T12:38:00.000000 -3637.208598927 -4525.505937372 3363.022061129 1.62738690377 3.62790950208 6.60481095490
2024-06-13T12:39:00.000000 -3531.009785793 -4297.262142199 3750.990423614 1.91117488780 3.97720893702 6.32233237920
2024-06-13T12:40:00.000000 -3408.048850740 -4048.618294166 4121.099616062 2.18590221502 4.30763958790 6.00974203667
2024-06-13T12:41:00.000000 -3268.909042997 -3780.754508892 4471.587045483 2.45025521219 4.61761835222 5.66853535797
2024-06-13T12:42:00.000000 -3114.250995038 -3494.942699047 4800.784141771 2.70297162995 4.90566995915 5.30034682866
2024-06-13T12:43:00.000000 -2944.809274844 -3192.540161646 5107.124117611 2.94284880132 5.17042309951 4.90693505941
2024-06-13T12:44:00.000000 -2761.388768486 -2874.983129892 5389.149408872 3.16874676772 5.41061997762 4.49017986674
2024-06-13T12:45:00.000000 -2564.860735868 -2543.779755787 5645.518525195 3.37959342393 5.62512138679 4.05206916142
2024-06-13T12:46:00.000000 -2356.158652797 -2200.502893888 5875.012314363 3.57438802767 5.81291072904 3.59469200580
2024-06-13T12:47:00.000000 -2136.273669896 -1846.782486078 6076.539789610 3.75221044556 5.97310353651 3.12022806154
2024-06-13T12:48:00.000000 -1906.249691772 -1484.297536781 6249.142887435 3.91222097727 6.10494733570 2.63092684752
2024-06-13T12:49:00.000000 -1667.178605677 -1114.768336928 6392.000599139 4.05366189522 6.20781904994 2.12910712882
2024-06-13T12:50:00.000000 -1420.195058386 -739.948538492 6504.432927144 4.17586603317 6.28123105896 1.61714796899
2024-06-13T12:51:00.000000 -1166.471035502 -361.616857816 6585.904017491 4.27825562604 6.32483531270 1.09747321166
2024-06-13T12:52:00.000000 -907.210442737 18.431281085 6636.024585562 4.36034535935 6.33842334142 0.57254280630
2024-06-13T12:53:00.000000 -643.643474580 398.392156802 6654.553698097 4.42174420480 6.32192675925 0.04484010607
2024-06-13T12:54:00.000000 -377.020918151 776.462136470 6641.399896004 4.46215731410 6.27541701941 -0.48313758167
2024-06-13T12:55:00.000000 -108.608319719 1150.846069934 6596.621695334 4.48138746498 6.19910539433 -1.00889013786
2024-06-13T12:56:00.000000 160.319878291 1519.765675438 6520.427483298 4.47933635410 6.09334320093 -1.52992340779
2024-06-13T12:57:00.000000 428.486468204 1881.467959689 6413.174690115 4.45600943821 5.95862049643 -2.04376734453
2024-06-13T12:58:00.000000 694.617433660 2234.233284004 6275.368017046 4.41150713564 5.79555994163 -2.54798186718
2024-06-13T12:59:00.000000 957.447762525 2576.383514984 6107.657530000 4.34603003086 5.60492190199 -3.04016494006
2024-06-13T13:00:00.000000 1215.727501116 2906.290133536 5910.835863178 4.25987963968 5.38759936267 -3.51796848563
2024-06-13T13:01:00.000000 1468.227893271 3222.382172761 5685.834515895 4.15345985300 5.14461602398 -3.97911321278
2024-06-13T13:02:00.000000 1713.747102382 3523.153546503 5433.719698356 4.02726411108 4.87711122777 -4.42138973008
2024-06-13T13:03:00.000000 1951.115814157 3807.170286793 5155.687617441 3.88188292583 4.58634854977 -4.84267600402
2024-06-13T13:04:00.000000 2179.202987340 4073.077693238 4853.058960758 3.71800144417 4.27370543723 -5.24094680833
2024-06-13T13:05:00.000000 2396.921436615 4319.606940454 4527.272729521 3.53639534709 3.94066581808 -5.61428493421
2024-06-13T13:06:00.000000 2603.233138563 4545.581319775 4179.879537657 3.33792751449 3.58881576512 -5.96088897044
2024-06-13T13:07:00.000000 2797.154382480 4749.922165329 3812.534289850 3.12354452240 3.21983518916 -6.27908551692
2024-06-13T13:08:00.000000 2977.760648650 4931.654193433 3426.988318953 2.89427243726 2.83548988171 -6.56733478851
2024-06-13T13:09:00.000000 3144.191276213 5089.910542922 3025.081054124 2.65121264518 2.43762642481 -6.82424234261
2024-06-13T13:10:00.000000 3295.653745886 5223.937256220 2608.730963688 2.39553393379 2.02815948868 -7.04856888178
2024-06-13T13:11:00.000000 3431.427551768 5333.097017314 2179.926118130 2.12846729861 1.60906094745 -7.23923439690
2024-06-13T13:12:00.000000 3550.867790866 5416.872315737 1740.714468723 1.85130074576 1.18235090084 -7.39532400775
2024-06-13T13:13:00.000000 3653.408365543 5474.868036354 1293.193762287 1.56537193448 0.75008745434 -7.51609316372
2024-06-13T13:14:00.000000 3738.564805514 5506.813470011 839.501215169 1.27206347924 0.31435735919 -7.60097209032
2024-06-13T13:15:00.000000 3805.936752154 5512.563579385 381.802833191 0.97279434426 -0.12273954708 -7.64957074193
2024-06-13T13:16:00.000000 3855.209803729 5492.099484941 -77.717291494 0.66900971696 -0.55909847004 -7.66167627187
2024-06-13T13:17:00.000000 3886.156932738 5445.528596794 -536.867691857 0.36217631851 -0.99261636385 -7.63725681875
2024-06-13T13:18:00.000000 3898.639571228 5373.084042765 -993.460567471 0.05377341836 -1.42120918898 -7.57646592529
2024-06-13T13:19:00.000000 3892.607994314 5275.123085313 -1445.322647293 -0.25471688922 -1.84282372794 -7.47963319456
2024-06-13T13:20:00.000000 3868.101436886 5152.125101326 -1890.305716008 -0.56181302954 -2.25544460144 -7.34726453642
2024-06-13T13:21:00.000000 3825.247725065 5004.689033820 -2326.297014701 -0.86604524140 -2.65710309878 -7.18003495265
2024-06-13T13:22:00.000000 3764.262292913 4833.530110790 -2751.229686937 -1.16596407416 -3.04589494334 -6.97879908336
2024-06-13T13:23:00.000000 3685.446812115 4639.475715213 -3163.092845509 -1.46014507017 -3.41998538021 -6.74456566553
2024-06-13T13:24:00.000000 3589.187539160 4423.461173032 -3559.940848364 -1.74719477706 -3.77761340179 -6.47850122159
2024-06-13T13:25:00.000000 3475.953145332 4186.524905899 -3939.902599861 -2.02576065261 -4.11710453696 -6.18192202149
2024-06-13T13:26:00.000000 3346.292090846 3929.803053009 -4301.190284729 -2.29453686180 -4.43687791562 -5.85628675261
2024-06-13T13:27:00.000000 3200.829598698 3654.523551795 -4642.107592777 -2.55227111973 -4.73545509153 -5.50318475814
2024-06-13T13:28:00.000000 3040.264335984 3361.999856358 -4961.057268609 -2.79776857327 -5.01146528880 -5.12432698107
2024-06-13T13:29:00.000000 2865.364789653 3053.624333937 -5256.548046470 -3.02989700085 -5.26364819768 -4.72153366453
2024-06-13T13:30:00.000000 2676.965486181 2730.861670415 -5527.201081786 -3.24758851771 -5.49085550858 -4.29673191747
2024-06-13T13:31:00.000000 2475.962883139 2395.241792788 -5771.756044850 -3.44984646519 -5.69206073964 -3.85194176835
2024-06-13T13:32:00.000000 2263.311134037 2048.352603961 -5989.076426338 -3.63574597942 -5.86635916680 -3.38927051267
2024-06-13T13:33:00.000000 2040.017487813 1691.832444294 -6178.154479574 -3.80444208108 -6.01297435578 -2.91090017645
2024-06-13T13:34:00.000000 1807.137485113 1327.362384132 -6338.115364440 -3.95517095257 -6.13125867043 -2.41907745207
2024-06-13T13:35:00.000000 1565.769961478 956.658467670 -6468.220700390 -4.08725325049 -6.22069422749 -1.91610245278
2024-06-13T13:36:00.000000 1317.051966881 581.463859282 -6567.871454032 -4.20009501475 -6.28089504468 -1.40431833816
2024-06-13T13:37:00.000000 1062.153516217 203.540948663 -6636.610219512 -4.29319180532 -6.31160577813 -0.88610098066
2024-06-13T13:38:00.000000 802.272240482 -175.336426088 -6674.122912685 -4.36612709646 -6.31270063824 -0.36385121719
2024-06-13T13:39:00.000000 538.628096355 -553.390888000 -6680.240057789 -4.41857386178 -6.28418795473 0.16001388391
2024-06-13T13:40:00.000000 272.457929107 -928.849566741 -6654.937336863 -4.45029599728 -6.22620887222 0.68307455434
2024-06-13T13:41:00.000000 5.010042604 -1299.951961497 -6598.335523976 -4.46114797079 -6.13903455819 1.20291501853
2024-06-13T13:42:00.000000 -262.461329833 -1664.957746871 -6510.700028666 -4.45107834717 -6.02306623740 1.71713163582
2024-06-13T13:43:00.000000 -528.701757302 -2022.154534483 -6392.439784294 -4.42013157070 -5.87883318926 2.22334663672
2024-06-13T13:44:00.000000 -792.462205216 -2369.865408533 -6244.105335761 -4.36844210114 -5.70698825405 2.71921766010
2024-06-13T13:45:00.000000 -1052.504384698 -2706.456369673 -6066.386676609 -4.29623469421 -5.50830986445 3.20243991987
2024-06-13T13:46:00.000000 -1307.606359160 -3030.343917516 -5860.110591638 -4.20382982639 -5.28370140442 3.67076199467
2024-06-13T13:47:00.000000 -1556.568202280 -3340.002220422 -5626.237043216 -4.09163989897 -5.03418102635 4.12199600132
2024-06-13T13:48:00.000000 -1798.217444171 -3633.970024532 -5365.855278909 -3.96016782039 -4.76088362349 4.55402240636
2024-06-13T13:49:00.000000 -2031.414489743 -3910.857615229 -5080.179322890 -3.81000613562 -4.46505782574 4.96480339606
2024-06-13T13:50:00.000000 -2255.057943942 -4169.353465242 -4770.542780880 -3.64183549501 -4.14806053681 5.35239236297
2024-06-13T13:51:00.000000 -2468.089843212 -4408.230574179 -4438.393041784 -3.45642230242 -3.81135119333 5.71494487366
2024-06-13T13:52:00.000000 -2669.500691652 -4626.352416751 -4085.284874752 -3.25461532338 -3.45648528473 6.05072743063
2024-06-13T13:53:00.000000 -2858.334320084 -4822.678528440 -3712.873485601 -3.03734264695 -3.08510776211 6.35812757643
2024-06-13T13:54:00.000000 -3033.692484864 -4996.269520398 -3322.907028076 -2.80560635620 -2.69894185841 6.63565894042
2024-06-13T13:55:00.000000 -3194.739268725 -5146.291796092 -2917.218942736 -2.56048136346 -2.29979019131 6.88196850981
2024-06-13T13:56:00.000000 -3340.705245975 -5272.021994860 -2497.719531250 -2.30310845732 -1.88952317437 7.09584704199
2024-06-13T13:57:00.000000 -3470.891371377 -5372.850851210 -2066.387203074 -2.03469185770 -1.47007156876 7.27623540094
2024-06-13T13:58:00.000000 -3584.672597683 -5448.286489019 -1625.259262663 -1.75649345315 -1.04341676474 7.42223022444
2024-06-13T13:59:00.000000 -3681.501232615 -5497.957298826 -1176.422351145 -1.46982904836 -0.61158466448 7.53309236468
2024-06-13T14:00:00.000000 -3760.909944827 -5521.614132395 -722.002211955 -1.17605841025 -0.17662715158 7.60825788889
2024-06-13T14:01:00.000000 -3822.513928121 -5519.131431323 -264.153493608 -0.87657369166 0.25938580244 7.64732525332
2024-06-13T14:02:00.000000 -3866.013057843 -5490.508511567 194.950276409 -0.57280282973 0.69436520291 7.65007140751
2024-06-13T14:03:00.000000 -3891.193475201 -5435.869975226 653.127676789 -0.26619319950 1.12622656864 7.61645338243
2024-06-13T14:04:00.000000 -3897.928832986 -5355.465156789 1108.199920994 0.04178662554 1.55289707916 7.54660350424
2024-06-13T14:05:00.000000 -3886.181222876 -5249.667165624 1558.001629172 0.34965930608 1.97232671725 7.44083614030
2024-06-13T14:06:00.000000 -3856.001390932 -5118.971077162 2000.391634526 0.65594856771 2.38250154760 7.29964319955
2024-06-13T14:07:00.000000 -3807.528447305 -4963.991497317 2433.263472631 0.95918579626 2.78145254627 7.12368914091
2024-06-13T14:08:00.000000 -3740.989184319 -4785.459534868 2854.555684443 1.25791911509 3.16726714909 6.91380801363
2024-06-13T14:09:00.000000 -3656.696870995 -4584.219241243 3262.261729712 1.55071767694 3.53809436699 6.67099700941
2024-06-13T14:10:00.000000 -3555.049820507 -4361.223529933 3654.439801809 1.83617959668 3.89215843024 6.39641502017
2024-06-13T14:11:00.000000 -3436.529373367 -4117.529398533 4029.222244522 2.11294019315 4.22776697221 6.09137347303
2024-06-13T14:12:00.000000 -3301.697488811 -3854.292724917 4384.824459579 2.37967785015 4.54331700358 5.75732859663
2024-06-13T14:13:00.000000 -3151.193987393 -3572.762763301 4719.553464886 2.63511955909 4.83730057390 5.39587766972
2024-06-13T14:14:00.000000 -2985.733457778 -3274.276031395 5031.816181137 2.87804757728 5.10831905920 5.00875063398
2024-06-13T14:15:00.000000 -2806.101698890 -2960.249588657 5320.126897561 3.10730678903 5.35508582877 4.59779526566
2024-06-13T14:16:00.000000 -2613.151828812 -2632.174256345 5583.114169048 3.32180901627 5.57643036386 4.16497107212
2024-06-13T14:17:00.000000 -2407.800154628 -2291.607434870 5819.527225029 3.52053702444 5.77130475189 3.71233982642
2024-06-13T14:18:00.000000 -2191.021704763 -1940.165580621 6028.241814541 3.70255174517 5.93878869031 3.24205446236
2024-06-13T14:19:00.000000 -1963.845463266 -1579.516530917 6208.265246607 3.86699320774 6.07809001699 2.75634591358
2024-06-13T14:20:00.000000 -1727.349634185 -1211.371742359 6358.740901610 4.01308190325 6.18854779377 2.25751843250
2024-06-13T14:21:00.000000 -1482.656563116 -837.478208621 6478.952406633 4.14012725168 6.26963951973 1.74793969997
2024-06-13T14:22:00.000000 -1230.927280197 -459.610086591 6568.326879079 4.24752985193 6.32098163398 1.23002293015
2024-06-13T14:23:00.000000 -973.356070668 -79.560389939 6626.437368629 4.33478094963 6.34232942595 0.70621761136
2024-06-13T14:24:00.000000 -711.165002511 300.867342025 6653.004754156 4.40146349634 6.33357677231 0.17900103648
2024-06-13T14:25:00.000000 -445.598297153 679.867400182 6647.899195423 4.44725697753 6.29475769308 -0.34913026390
2024-06-13T14:26:00.000000 -177.916454064 1055.640329727 6611.140888088 4.47193951409 6.22604658922 -0.87567336458
2024-06-13T14:27:00.000000 90.609747179 1426.401391842 6542.900095875 4.47539011282 6.12776005467 -1.39813217585
2024-06-13T14:28:00.000000 358.705116991 1790.389018965 6443.496248639 4.45758223901 6.00035232434 -1.91403049636
2024-06-13T14:29:00.000000 625.095895533 2145.872967171 6313.396728447 4.41859155801 5.84441390021 -2.42091544451
2024-06-13T14:30:00.000000 888.515921107 2491.162532422 6153.214959159 4.35859518378 5.66067221319 -2.91637437776
2024-06-13T14:31:00.000000 1147.712720852 2824.614737856 5963.707504997 4.27787111316 5.44998864428 -3.39804892609
2024-06-13T14:32:00.000000 1401.453284699 3144.641946725 5745.770933680 4.17679167518 5.21334798075 -3.86363397588
2024-06-13T14:33:00.000000 1648.529996183 3449.719555486 5500.437789042 4.05582917188 4.95186435657 -4.31090362521
2024-06-13T14:34:00.000000 1887.766406508 3738.393403869 5228.871732223 3.91555080171 4.66677116530 -4.73771473948
2024-06-13T14:35:00.000000 2118.022931931 4009.286768713 4932.362258178 3.75661751827 4.35941533062 -5.14201741816
2024-06-13T14:36:00.000000 2338.202399269 4261.107047396 4612.318826342 3.57978164166 4.03125329065 -5.52186457261
2024-06-13T14:37:00.000000 2547.255415247 4492.652247734 4270.264360942 3.38588280985 3.68384860503 -5.87542366923
2024-06-13T14:38:00.000000 2744.185462299 4702.817150167 3907.827908656 3.17584302497 3.31886034051 -6.20099079429
2024-06-13T14:39:00.000000 2928.053765180 4890.598664601 3526.736874292 2.95066510601 2.93803358090 -6.49699217897
2024-06-13T14:40:00.000000 3097.984066789 5055.100909013 3128.808920268 2.71142917113 2.54319569263 -6.76199510611
2024-06-13T14:41:00.000000 3253.167081818 5195.539873848 2715.943120084 2.45928603583 2.13624599471 -6.99472042089
2024-06-13T14:42:00.000000 3392.864469566 5311.247330472 2290.110562048 2.19544909036 1.71914342911 -7.19404678353
2024-06-13T14:43:00.000000 3516.412513742 5401.674177556 1853.344654469 1.92119034196 1.29389624357 -7.35902051571
2024-06-13T14:44:00.000000 3623.225248573 5466.392891303 1407.731144960 1.63783041825 0.86255094352 -7.48884887303
2024-06-13T14:45:00.000000 3712.797490987 5505.099926743 955.398094871 1.34673803629 0.42718847709 -7.58291696875
2024-06-13T14:46:00.000000 3784.707255224 5517.617233292 498.505298675 1.04931888286 -0.01008784202 -7.64078210687
2024-06-13T14:47:00.000000 3838.617991067 5503.893308837 39.233560396 0.74701204735 -0.44716796793 -7.66218712393
2024-06-13T14:48:00.000000 3874.280125940 5464.003163853 -420.226284622 0.44127697148 -0.88194428869 -7.64705498185
2024-06-13T14:49:00.000000 3891.532131061 5398.147943102 -877.684338562 0.13358728524 -1.31232405943 -7.59549359531
2024-06-13T14:50:00.000000 3890.301126290 5306.653533373 -1330.962515865 -0.17457607556 -1.73624254474 -7.50778836693
2024-06-13T14:51:00.000000 3870.603106841 5189.968613889 -1777.905004251 -0.48173440371 -2.15167299868 -7.38439349510
2024-06-13T14:52:00.000000 3832.542637824 5048.662486580 -2216.388586547 -0.78641134408 -2.55662149022 -7.22594807533
2024-06-13T14:53:00.000000 3776.312576669 4883.422047996 -2644.334062092 -1.08714769434 -2.94917065047 -7.03327147725
2024-06-13T14:54:00.000000 3702.192282773 4695.047067392 -3059.715772410 -1.38251664970 -3.32746949335 -6.80733067169
2024-06-13T14:55:00.000000 3610.545920599 4484.446390003 -3460.570897979 -1.67111974147 -3.68973714160 -6.54925278136
2024-06-13T14:56:00.000000 3501.820480948 4252.633219943 -3845.008855942 -1.95159605028 -4.03427735555 -6.26031712897
2024-06-13T14:57:00.000000 3376.543266408 4000.719808734 -4211.220135607 -2.22263035846 -4.35948576491 -5.94194505544
2024-06-13T14:58:00.000000 3235.319024802 3729.911749890 -4557.484546533 -2.48295718831 -4.66385653279 -5.59569126202
2024-06-13T14:59:00.000000 3078.826797003 3441.501893567 -4882.178962394 -2.73136638270 -4.94598751804 -5.22323520789
2024-06-13T15:00:00.000000 2907.816446308 3136.863969569 -5183.784600812 -2.96670846204 -5.20458635846 -4.82637411659
2024-06-13T15:01:00.000000 2723.104827574 2817.445771856 -5460.893750575 -3.18790053015 -5.43847705144 -4.40701100722
2024-06-13T15:02:00.000000 2525.571694563 2484.762114008 -5712.215811076 -3.39392945152 -5.64660227998 -3.96714520368
2024-06-13T15:03:00.000000 2316.155398746 2140.387586639 -5936.582784914 -3.58385572375 -5.82802729730 -3.50886242277
2024-06-13T15:04:00.000000 2095.848357134 1785.949111891 -6132.954154826 -3.75681715570 -5.98194289699 -3.03432453127
2024-06-13T15:05:00.000000 1865.692340655 1423.118344503 -6300.421160862 -3.91203133704 -6.10766761184 -2.54576012083
2024-06-13T15:06:00.000000 1626.773595420 1053.603923248 -6438.210488321 -4.04879828304 -6.20465025320 -2.04545319415
2024-06-13T15:07:00.000000 1380.217887771 679.143698089 -6545.687300728 -4.16650125030 -6.27246826935 -1.53573543652
2024-06-13T15:08:00.000000 1127.185335996 301.496903679 -6622.357918591 -4.26461259262 -6.31083195000 -1.01897744580
2024-06-13T15:09:00.000000 868.865036974 -77.563805176 -6667.871706792 -4.34269394987 -6.31958359424 -0.49757557661
2024-06-13T15:10:00.000000 606.469688062 -456.260313136 -6682.022342733 -4.40039693036 -6.29869880200 0.02605842660
2024-06-13T15:11:00.000000 341.230239603 -832.816953870 -6664.748401345 -4.43746120842 -6.24828302428 0.54950694096
2024-06-13T15:12:00.000000 74.390565110 -1205.468299380 -6616.133634985 -4.45371771290 -6.16857290515 1.07034965235
2024-06-13T15:13:00.000000 -192.798223161 -1572.467122079 -6536.406697426 -4.44909386098 -6.05993780731 1.58618061963
2024-06-13T15:14:00.000000 -459.083351311 -1932.092153135 -6425.939830941 -4.42360593939 -5.92287287015 2.09461895031
2024-06-13T15:15:00.000000 -723.215780276 -2282.655595233 -6285.247373612 -4.37736324714 -5.75799849581 2.59331081694
2024-06-13T15:16:00.000000 -983.955837416 -2622.510624488 -6114.983856704 -4.31056856189 -5.56606098306 3.07993830502
2024-06-13T15:17:00.000000 -1240.078846529 -2950.059039167 -5915.941433542 -4.22351883609 -5.34793366174 3.55223518054
2024-06-13T15:18:00.000000 -1490.380691943 -3263.758601539 -5689.046344756 -4.11660182892 -5.10460705613 4.00799861146
2024-06-13T15:19:00.000000 -1733.683223014 -3562.129933399 -5435.355065242 -3.99029569866 -4.83718666066 4.44509147074
2024-06-13T15:20:00.000000 -1968.839706764 -3843.763458286 -5156.050012537 -3.84516905572 -4.54689277168 4.86145504724
2024-06-13T15:21:00.000000 -2194.740179364 -4107.326119528 -4852.434513072 -3.68187876931 -4.23505506416 5.25511930139
2024-06-13T15:22:00.000000 -2410.316690592 -4351.567804514 -4525.927166161 -3.50116782242 -3.90310754678 5.62421366404
2024-06-13T15:23:00.000000 -2614.548363742 -4575.327401695 -4178.055587444 -3.30386181562 -3.55258186810 5.96697617680
2024-06-13T15:24:00.000000 -2806.466269110 -4777.538475521 -3810.449656401 -3.09086638968 -3.18510138804 6.28176144132
2024-06-13T15:25:00.000000 -2985.158133640 -4957.234570560 -3424.834214813 -2.86316352122 -2.80237347595 6.56705103294
2024-06-13T15:26:00.000000 -3149.772769567 -5113.553948955 -3023.021272355 -2.62180683876 -2.40618091607 6.82145822310
2024-06-13T15:27:00.000000 -3299.524284570 -5245.744070834 -2606.901922790 -2.36791882682 -1.99837986822 7.04373573289
2024-06-13T15:28:00.000000 -3433.696117652 -5353.165702559 -2178.437620256 -2.10268726418 -1.58088906845 7.23278681433
2024-06-13T15:29:00.000000 -3551.644775792 -5435.296334365 -1739.650904569 -1.82735823222 -1.15567834040 7.38767319275
2024-06-13T15:30:00.000000 -3652.803016738 -5491.732883664 -1292.615812087 -1.54322643640 -0.72475783600 7.50761612004
2024-06-13T15:31:00.000000 -3736.682742671 -5522.193988172 -839.448284049 -1.25163569008 -0.29017384971 7.59199937054
2024-06-13T15:32:00.000000 -3802.877778861 -5526.521891545 -382.296036963 -0.95397004484 0.14600245941 7.64038073157
2024-06-13T15:33:00.000000 -3851.065985245 -5504.683501960 76.671849772 -0.65164722943 0.58168821434 7.65249044429
2024-06-13T15:34:00.000000 -3881.011223717 -5456.770847780 535.275446240 -0.34611383147 1.01479712095 7.62823771443
2024-06-13T15:35:00.000000 -3892.564687107 -5383.000959087 991.334818075 -0.03883280519 1.44325117214 7.56771307276
2024-06-13T15:36:00.000000 -3885.665630892 -5283.714947278 1442.680859779 0.26872467882 1.86499439058 7.47118651831
2024-06-13T15:37:00.000000 -3860.341645328 -5159.376319859 1887.165959084 0.57508637380 2.27800466315 7.33910362843
2024-06-13T15:38:00.000000 -3816.708527418 -5010.568676119 2322.674390319 0.87878531672 2.68030211535 7.17208119868
2024-06-13T15:39:00.000000 -3754.969792735 -4837.992969407 2747.132539454 1.17836561861 3.06995637125 6.97090631460
2024-06-13T15:40:00.000000 -3675.415744361 -4642.464162107 3158.519140954 1.47239263789 3.44510093317 6.73653574806
2024-06-13T15:41:00.000000 -3578.421855224 -4424.906995016 3554.874946972 1.75946129705 3.80394033231 6.47007706583
2024-06-13T15:42:00.000000 -3464.447151686 -4186.352060806 3934.311969021 2.03819337955 4.14474620484 6.17280234648
2024-06-13T15:43:00.000000 -3334.032077623 -3927.930843657 4295.023418003 2.30725602900 4.46588607763 5.84614193151
2024-06-13T15:44:00.000000 -3187.795403686 -3650.869630209 4635.292580078 2.56537164676 4.76583436127 5.49166410663
2024-06-13T15:45:00.000000 -3026.430952769 -3356.483070456 4953.500403155 2.81131527122 5.04316866124 5.11105516393
2024-06-13T15:46:00.000000 -2850.704512331 -3046.168150078 5248.132687748 3.04391400603 5.29656848515 4.70612496268
2024-06-13T15:47:00.000000 -2661.450378745 -2721.397780728 5517.787596953 3.26205990390 5.52482636594 4.27880783915
2024-06-13T15:48:00.000000 -2459.567111914 -2383.713514489 5761.182585409 3.46471901458 5.72686197479 3.83114172677
2024-06-13T15:49:00.000000 -2246.013042304 -2034.717983882 5977.160139434 3.65093327547 5.90171977341 3.36525515819
2024-06-13T15:50:00.000000 -2021.801708496 -1676.067343660 6164.692985464 3.81982084666 6.04857189161 2.88336015820
2024-06-13T15:51:00.000000 -1787.997123434 -1309.463464265 6322.888899884 3.97058218016 6.16672320293 2.38774430384
2024-06-13T15:52:00.000000 -1545.708686477 -936.645841320 6450.994866591 4.10250452762 6.25561513478 1.88075838029
2024-06-13T15:53:00.000000 -1296.085887575 -559.383321406 6548.400498346 4.21496455098 6.31482785485 1.36480348399
2024-06-13T15:54:00.000000 -1040.312885443 -179.465826812 6614.640698180 4.30743025328 6.34407880637 0.84232006738
2024-06-13T15:55:00.000000 -779.603048733 201.303918745 6649.397727057 4.37945967367 6.34322368252 0.31577867537
2024-06-13T15:56:00.000000 -515.193436719 581.118724204 6652.502867411 4.43070677851 6.31225870247 -0.21232604110
2024-06-13T15:57:00.000000 -248.338871428 958.175449276 6623.937389738 4.46092519387 6.25132274722 -0.73949167263
2024-06-13T15:58:00.000000 19.693939444 1330.683538432 6563.832613701 4.46996479537 6.16069561099 -1.26322029879
2024-06-13T15:59:00.000000 287.632285536 1696.873352576 6472.469421195 4.45777671314 6.04079464973 -1.78102639524
2024-06-13T16:00:00.000000 554.203525455 2055.004444829 6350.277107590 4.42441088820 5.89217576198 -2.29045055741
2024-06-13T16:01:00.000000 818.140997435 2403.373973419 6197.831519603 4.37001787544 5.71553632853 -2.78906760658
2024-06-13T16:02:00.000000 1078.190099201 2740.324822741 6015.852703965 4.29484929983 5.51170175042 -3.27450137467
2024-06-13T16:03:00.000000 1333.114333224 3064.253245848 5805.201262672 4.19925484051 5.28162460734 -3.74444172656
2024-06-13T16:04:00.000000 1581.700977139 3373.616440152 5566.874545980 4.08367855720 5.02638479709 -4.19664249672
2024-06-13T16:05:00.000000 1822.766887336 3666.940142361 5302.002291368 3.94866163724 4.74718476965 -4.62893982006
2024-06-13T16:06:00.000000 2055.164153996 3942.825652311 5011.841362074 3.79483670265 4.44534045985 -5.03926064814
2024-06-13T16:07:00.000000 2277.785528969 4199.956613230 4697.770140332 3.62292680205 4.12228067481 -5.42562893981
2024-06-13T16:08:00.000000 2489.569900273 4437.105706937 4361.282298275 3.43374618064 3.77954279665 -5.78618078432
2024-06-13T16:09:00.000000 2689.507598796 4653.140828959 4003.979674542 3.22819464228 3.41876180681 -6.11917566175
2024-06-13T16:10:00.000000 2876.645401598 4847.030694022 3627.564642490 3.00725290935 3.04166224594 -6.42300399195
2024-06-13T16:11:00.000000 3050.091244649 5017.850060907 3233.832034775 2.77197844867 2.65005324706 -6.69619538787
2024-06-13T16:12:00.000000 3209.018713415 5164.784503752 2824.660438929 2.52350107968 2.24581733285 -6.93742993434
2024-06-13T16:13:00.000000 3352.671179325 5287.134428048 2402.002920742 2.26301584291 1.83089742218 -7.14554555533
2024-06-13T16:14:00.000000 3480.365506020 5384.318427787 1967.877571144 1.99177692326 1.40729074621 -7.31953727971
2024-06-13T16:15:00.000000 3591.495443671 5455.876441865 1524.357780132 1.71109172163 0.97704184747 -7.45856783376
2024-06-13T16:16:00.000000 3685.534759043 5501.472206944 1073.562037399 1.42231973555 0.54223103228 -7.56197405740
2024-06-13T16:17:00.000000 3762.040001395 5520.894904284 617.643162227 1.12685852600 0.10495767870 -7.62927310755
2024-06-13T16:18:00.000000 3820.652589588 5514.060090418 158.777571402 0.82613840598 -0.33266758823 -7.66016266650
2024-06-13T16:19:00.000000 3861.100490513 5481.009945799 -300.845613773 0.52161289637 -0.76853568334 -7.65452116408
2024-06-13T16:20:00.000000 3883.199427885 5421.912902999 -759.035445952 0.21475208476 -1.20054991979 -7.61240949138
2024-06-13T16:21:00.000000 3886.853564734 5337.062515858 -1213.609878026 -0.09296742114 -1.62663759746 -7.53406223964
2024-06-13T16:22:00.000000 3872.055722882 5226.875709199 -1662.406510583 -0.40006782717 -2.04476072218 -7.41990036307
2024-06-13T16:23:00.000000 3838.887251900 5091.890476194 -2103.293341575 -0.70507740833 -2.45292335693 -7.27051522019
2024-06-13T16:24:00.000000 3787.517404003 4932.762977757 -2534.179017012 -1.00653923203 -2.84918455855 -7.08666953686
2024-06-13T16:25:00.000000 3718.202220457 4750.263942864 -2953.022919749 -1.30301815889 -3.23166748987 -6.86929094207
2024-06-13T16:26:00.000000 3631.283042641 4545.274581038 -3357.844942442 -1.59310745842 -3.59856813290 -6.61946810604
2024-06-13T16:27:00.000000 3527.184534770 4318.781877035 -3746.734960599 -1.87543778606 -3.94816633238 -6.33844340508
2024-06-13T16:28:00.000000 3406.412226437 4071.873319728 -4117.861721139 -2.14868374116 -4.27883271367 -6.02760175948
2024-06-13T16:29:00.000000 3269.549767214 3805.731334539 -4469.481164767 -2.41156749334 -4.58903346191 -5.68846399555
2024-06-13T16:30:00.000000 3117.255876267 3521.627288739 -4799.944367119 -2.66286573246 -4.87733856718 -5.32267850744
2024-06-13T16:31:00.000000 2950.260916232 3220.915133468 -5107.704892469 -2.90141432392 -5.14242615125 -4.93201202621
2024-06-13T16:32:00.000000 2769.363181759 2905.024734089 -5391.325646165 -3.12611396726 -5.38308848167 -4.51834060927
2024-06-13T16:33:00.000000 2575.424879254 2575.454901957 -5649.485097861 -3.33593406043 -5.59823549954 -4.08363884782
2024-06-13T16:34:00.000000 2369.367896888 2233.766237091 -5880.982954424 -3.52991664808 -5.78689866406 -3.62997199434
2024-06-13T16:35:00.000000 2152.169299991 1881.573661821 -6084.745265753 -3.70718092741 -5.94823605259 -3.15948383562
2024-06-13T16:36:00.000000 1924.856646225 1520.538818700 -6259.828780841 -3.86692491497 -6.08153234906 -2.67438602991
2024-06-13T16:37:00.000000 1688.503167356 1152.362414515 -6405.424784165 -4.00842879064 -6.18620121096 -2.17694948047
2024-06-13T16:38:00.000000 1444.222785273 778.776432735 -6520.862293019 -4.13105579370 -6.26178651260 -1.66949300648
2024-06-13T16:39:00.000000 1193.165115018 401.536294146 -6605.610730255 -4.23425373318 -6.30796328794 -1.15437699749
2024-06-13T16:40:00.000000 936.510206056 22.412907365 -6659.282162888 -4.31756117908 -6.32454094257 -0.63399281597
2024-06-13T16:41:00.000000 675.463073133 -356.815369306 -6681.632600751 -4.38060653740 -6.31146032446 -0.11074562630
2024-06-13T16:42:00.000000 411.248411213 -734.370453782 -6672.562707517 -4.42310560573 -6.26879038645 0.41294777074
2024-06-13T16:43:00.000000 145.105194265 -1108.482409136 -6632.118382283 -4.44486800099 -6.19673445168 0.93466620635
2024-06-13T16:44:00.000000 -121.718974778 -1477.397447278 -6560.490390225 -4.44579465753 -6.09562564023 1.45200355858
2024-06-13T16:45:00.000000 -387.973197808 -1839.385542041 -6458.013419028 -4.42587612527 -5.96592403597 1.96256873052
2024-06-13T16:46:00.000000 -652.408837309 -2192.748198859 -6325.164883257 -4.38519700999 -5.80821988295 2.46399817325
2024-06-13T16:47:00.000000 -913.785093265 -2535.826083905 -6162.562904835 -4.32393382869 -5.62322781461 2.95396561826
2024-06-13T16:48:00.000000 -1170.874591636 -2867.006511359 -5970.963927478 -4.24235852412 -5.41178847293 3.43018932083
2024-06-13T16:49:00.000000 -1422.469125075 -3184.730907284 -5751.259497061 -4.14083649597 -5.17486319141 3.89044971316
2024-06-13T16:50:00.000000 -1667.385034215 -3487.501803913 -5504.472337002 -4.01982074869 -4.91352733036 4.33259376005
2024-06-13T16:51:00.000000 -1904.468562226 -3773.889712090 -5231.752220203 -3.87985526128 -4.62897136186 4.75454196631
2024-06-13T16:52:00.000000 -2132.601255829 -4042.539914423 -4934.371145652 -3.72157216348 -4.32249629482 5.15430114432
2024-06-13T16:53:00.000000 -2350.705179790 -4292.178957490 -4613.717883371 -3.54568979148 -3.99550904189 5.52997382252
2024-06-13T16:54:00.000000 -2557.748046614 -4521.620824788 -4271.291935187 -3.35301091942 -3.64951622269 5.87976790355
2024-06-13T16:55:00.000000 -2752.748186031 -4729.772745611 -3908.696932254 -3.14441937306 -3.28611829313 6.20200625261
2024-06-13T16:56:00.000000 -2934.779275889 -4915.640593849 -3527.633461946 -2.92087553550 -2.90700177254 6.49513506768
2024-06-13T16:57:00.000000 -3102.974844890 -5078.333877939 -3129.891477162 -2.68341375364 -2.51393365249 6.75773093859
2024-06-13T16:58:00.000000 -3256.532608097 -5217.070350079 -2717.342170674 -2.43313822798 -2.10875357663 6.98851061674
2024-06-13T16:59:00.000000 -3394.718498700 -5331.180108775 -2291.929353611 -2.17121802898 -1.69336541278 7.18633795282
2024-06-13T17:00:00.000000 -3516.870419612 -5420.109186390 -1855.660396539 -1.89888196148 -1.26972812707 7.35023160484
2024-06-13T17:01:00.000000 -3622.401624300 -5483.422581728 -1410.596773710 -1.61741211555 -0.83984696537 7.47937018765
2024-06-13T17:02:00.000000 -3710.803798564 -5520.806758445 -958.844287845 -1.32813986303 -0.40576338123 7.57309877835
2024-06-13T17:03:00.000000 -3781.649787498 -5532.071436362 -502.542910068 -1.03243771316 0.03045728007 7.63093367784
2024-06-13T17:04:00.000000 -3834.595829759 -5517.150731317 -43.856439852 -0.73171169438 0.46673548645 7.65256477694
2024-06-13T17:05:00.000000 -3869.383337385 -5476.103697706 415.037974368 -0.42739369643 0.90098787916 7.63785725638
2024-06-13T17:06:00.000000 -3885.840256735 -5409.114271935 871.960363344 -0.12093521458 1.33113655451 7.58685229624
2024-06-13T17:07:00.000000 -3883.882025469 -5316.490625668 1324.738550274 0.18619988615 1.75512042601 7.49976826720
2024-06-13T17:08:00.000000 -3863.512145298 -5198.663798961 1771.218750435 0.49254129348 2.17090663815 7.37699980318
2024-06-13T17:09:00.000000 -3824.822303659 -5056.185703593 2209.276118161 0.79662148941 2.57650079201 7.21911648872
2024-06-13T17:10:00.000000 -3767.991936381 -4889.726508976 2636.825107099 1.09698369983 2.96995657314 7.02685781946
2024-06-13T17:11:00.000000 -3693.287452456 -4700.071540457 3051.829610345 1.39218696889 3.34938321171 6.80113256646
2024-06-13T17:12:00.000000 -3601.061039933 -4488.117595701 3452.313134065 1.68081460544 3.71295922843 6.54301820317
2024-06-13T17:13:00.000000 -3491.748817396 -4254.868274874 3836.368521896 1.96148771395 4.05894547461 6.25374506735
2024-06-13T17:14:00.000000 -3365.868441592 -4001.429235437 4202.166861359 2.23286565563 4.38568068291 5.93469340746
2024-06-13T17:15:00.000000 -3224.016869354 -3729.002821690 4547.966737786 2.49364914774 4.69160770089 5.58739601500
2024-06-13T17:16:00.000000 -3066.867279851 -3438.881597817 4872.122581044 2.74259779131 4.97527394907 5.21351262726
2024-06-13T17:17:00.000000 -2895.165504696 -3132.442207749 5173.092096011 2.97852987643 5.23533092779 4.81482529805
2024-06-13T17:18:00.000000 -2709.726511070 -2811.138875915 5449.443444448 3.20032345661 5.47054247197 4.39323303092
2024-06-13T17:19:00.000000 -2511.430578391 -2476.496429093 5699.862058287 3.40692509890 5.67979220358 3.95074396577
2024-06-13T17:20:00.000000 -2301.218959406 -2130.102986517 5923.156849777 3.59735632436 5.86208748577 3.48946425848
2024-06-13T17:21:00.000000 -2080.089299392 -1773.602381488 6118.265769852 3.77071619670 6.01656465477 3.01158713072
2024-06-13T17:22:00.000000 -1849.090915311 -1408.686287806 6284.260715946 3.92618403236 6.14249347129 2.51938265548
2024-06-13T17:23:00.000000 -1609.319797275 -1037.086094780 6420.351795267 4.06302569270 6.23928031011 2.01518528903
2024-06-13T17:24:00.000000 -1361.913346715 -660.564727747 6525.890798260 4.18059460161 6.30646787694 1.50138175403
2024-06-13T17:25:00.000000 -1108.045104610 -280.908426797 6600.374043922 4.27833347439 6.34373600111 0.98040122465
2024-06-13T17:26:00.000000 -848.919329078 100.081424469 6643.444680083 4.35577572061 6.35090058949 0.45470841092
2024-06-13T17:27:00.000000 -585.765412486 480.596655563 6654.894641166 4.41255144392 6.32792064348 -0.07320477369
2024-06-13T17:28:00.000000 -319.832012484 858.830968795 6634.665716585 4.44838760705 6.27489855510 -0.60083727859
2024-06-13T17:29:00.000000 -52.381252162 1232.988386630 6582.849831872 4.46310942565 6.19207644080 -1.12568728768
2024-06-13T17:30:00.000000 215.317249776 1601.291703327 6499.688646420 4.45664110593 6.07983687597 -1.64526761339
2024-06-13T17:31:00.000000 481.992285432 1961.990736653 6385.572500772 4.42900655415 5.93869837077 -2.15710990602
2024-06-13T17:32:00.000000 746.377171866 2313.370630216 6241.038946009 4.38033188600 5.76932043720 -2.65877954309
2024-06-13T17:33:00.000000 1007.215690859 2653.760186554 6066.770121714 4.31083948299 5.57249648307 -3.14789260227
2024-06-13T17:34:00.000000 1263.267907489 2981.539601688 5863.589594244 4.22085015352 5.34914655358 -3.62212008596
2024-06-13T17:35:00.000000 1513.316030269 3295.148113245 5632.458671395 4.11077990297 5.10031754330 -4.07920190490
2024-06-13T17:36:00.000000 1756.169988398 3593.091385773 5374.472080288 3.98113764199 4.82717661603 -4.51695080016
2024-06-13T17:37:00.000000 1990.673170307 3873.948748661 5090.853360300 3.83252953633 4.53101147426 -4.93326366307
2024-06-13T17:38:00.000000 2215.708145440 4136.380237053 4782.949341909 3.66565517235 4.21322369450 -5.32613521958
2024-06-13T17:39:00.000000 2430.202219203 4379.133276705 4452.223949302 3.48130499913 3.87532358044 -5.69366996306
2024-06-13T17:40:00.000000 2633.132678361 4601.049006007 4100.251280689 3.28035430916 3.51892355999 -6.03409232632
2024-06-13T17:41:00.000000 2823.531920237 4801.068238538 3728.707998703 3.06376442856 3.14573197732 -6.34576111438
2024-06-13T17:42:00.000000 3000.492273022 4978.236692356 3339.365317621 2.83257019670 2.75753542153 -6.62716646705
2024-06-13T17:43:00.000000 3163.170389670 5131.709606152 2934.080600131 2.58788063020 2.35619698553 -6.87694800642
2024-06-13T17:44:00.000000 3310.791570349 5260.756053284 2514.788280961 2.33087411089 1.94364650624 -7.09389882815
2024-06-13T17:45:00.000000 3442.653685715 5364.762632789 2083.490354748 2.06278958068 1.52186995671 -7.27697441660
2024-06-13T17:46:00.000000 3558.130601074 5443.236574857 1642.246551479 1.78492075794 1.09290094454 -7.42529575140
2024-06-13T17:47:00.000000 3656.675324254 5495.808278949 1193.164196468 1.49861066105 0.65880936332 -7.53815636674
2024-06-13T17:48:00.000000 3737.822713960 5522.233121977 738.387729458 1.20524339154 0.22168945906 -7.61502583651
2024-06-13T17:49:00.000000 3801.191730232 5522.392616587 280.088079014 0.90623693132 -0.21635022180 -7.65555216989
2024-06-13T17:50:00.000000 3846.487234567 5496.294940449 -179.548117898 0.60303556574 -0.65319793094 -7.65956393993
2024-06-13T17:51:00.000000 3873.501359519 5444.074780075 -638.329386683 0.29710262652 -1.08675053671 -7.62707134575
2024-06-13T17:52:00.000000 3882.114396827 5365.992462546 -1094.070289387 -0.01008788263 -1.51492488968 -7.55826523811
2024-06-13T17:53:00.000000 3872.295204950 5262.432422511 -1544.602220997 -0.31705893135 -1.93566913869 -7.45351526572
2024-06-13T17:54:00.000000 3844.101184932 5133.901016369 -1987.784035129 -0.62233740285 -2.34697258324 -7.31336678922
2024-06-13T17:55:00.000000 3797.677797634 4981.023750134 -2421.512529029 -0.92446249921 -2.74687624486 -7.13853857076
2024-06-13T17:56:00.000000 3733.257578289 4804.541834156 -2843.732694685 -1.22199387206 -3.13348395679 -6.92991725497
2024-06-13T17:57:00.000000 3651.158681870 4605.308133439 -3252.447589386 -1.51351898644 -3.50497147785 -6.68855061561
2024-06-13T17:58:00.000000 3551.782999041 4384.282586822 -3645.727801419 -1.79766049496 -3.85959538396 -6.41564042886
2024-06-13T17:59:00.000000 3435.613849334 4142.527141321 -4021.720420536 -2.07308223419 -4.19569975392 -6.11253386570
2024-06-13T18:00:00.000000 3303.213343372 3881.200300458 -4378.657572613 -2.33849515454 -4.51172333839 -5.78071696980
2024-06-13T18:01:00.000000 3155.219410916 3601.551311816 -4714.864363358 -2.59266166006 -4.80620327517 -5.42180118091
2024-06-13T18:02:00.000000 2992.342454694 3304.913844788 -5028.766470118 -2.83440463731 -5.07778993275 -5.03752669366
2024-06-13T18:03:00.000000 2815.361690210 2992.699258467 -5318.897290623 -3.06260807307 -5.32524359071 -4.62974180512
2024-06-13T18:04:00.000000 2625.121303811 2666.389803263 -5583.904218042 -3.27622297215 -5.54744178565 -4.20039656199
2024-06-13T18:05:00.000000 2422.526306960 2327.531474306 -5822.554471373 -3.47427181445 -5.74338266284 -3.75153377708
2024-06-13T18:06:00.000000 2208.538066457 1977.726651703 -6033.740389445 -3.65585428692 -5.91218942092 -3.28527921666
2024-06-13T18:07:00.000000 1984.169593741 1618.626490659 -6216.484011624 -3.82014931681 -6.05311304973 -2.80382839112
2024-06-13T18:08:00.000000 1750.480773189 1251.923256469 -6369.940967431 -3.96641597379 -6.16553257934 -2.30943785755
2024-06-13T18:09:00.000000 1508.573433307 879.342538912 -6493.403892371 -4.09399754778 -6.24895855260 -1.80441543450
2024-06-13T18:10:00.000000 1259.586301248 502.635360973 -6586.305099971 -4.20232033106 -6.30303243035 -1.29110827704
2024-06-13T18:11:00.000000 1004.689968706 123.570311228 -6648.218798403 -4.29089742319 -6.32752740742 -0.77189743643
2024-06-13T18:12:00.000000 745.081493053 -256.074331554 -6678.862759456 -4.35933326422 -6.32234686481 -0.24918538510
2024-06-13T18:13:00.000000 481.979006722 -634.518403983 -6678.099354658 -4.40732084848 -6.28752562872 0.27461105757
2024-06-13T18:14:00.000000 216.616302252 -1009.987915810 -6645.936117771 -4.43464570220 -6.22323379005 0.79707363864
2024-06-13T18:15:00.000000 -49.762632395 -1380.722861176 -6582.525380595 -4.44118127694 -6.12976655214 1.31579321147
2024-06-13T18:16:00.000000 -315.908874483 -1744.984849283 -6488.163824994 -4.42689137270 -6.00755104952 1.82836920903
2024-06-13T18:17:00.000000 -580.574247536 -2101.065093601 -6363.291442899 -4.39183710395 -5.85714496310 2.33242790087
2024-06-13T18:18:00.000000 -842.517094973 -2447.291988119 -6208.489629666 -4.33617430373 -5.67923032049 2.82563059209
2024-06-13T18:19:00.000000 -1100.507879924 -2782.038652515 -6024.478756129 -4.26015026447 -5.47461571507 3.30568591797
2024-06-13T18:20:00.000000 -1353.334582084 -3103.730392418 -5812.115014640 -4.16410207660 -5.24423091298 3.77035857589
2024-06-13T18:21:00.000000 -1599.808167003 -3410.851811082 -5572.386876568 -4.04845876912 -4.98912239044 4.21747617804
2024-06-13T18:22:00.000000 -1838.768058636 -3701.953762793 -5306.411026731 -3.91373969245 -4.71045180242 4.64493899368
2024-06-13T18:23:00.000000 -2069.087515752 -3975.660166997 -5015.427657711 -3.76055274191 -4.40949168725 5.05073162763
2024-06-13T18:24:00.000000 -2289.678876485 -4230.674491685 -4700.795205740 -3.58959309794 -4.08762139379 5.43292928951
2024-06-13T18:25:00.000000 -2499.498777824 -4465.786118824 -4363.984489650 -3.40164060210 -3.74632342670 5.78971321938
2024-06-13T18:26:00.000000 -2697.553024284 -4679.876212532 -4006.572109929 -3.19755449876 -3.38717384505 6.11937665452
2024-06-13T18:27:00.000000 -2882.901358236 -4871.923173749 -3630.233535779 -2.97827294525 -3.01183674961 6.42033212983
2024-06-13T18:28:00.000000 -3054.662079698 -5041.007770701 -3236.735694280 -2.74480891022 -2.62205969921 6.69112017359
2024-06-13T18:29:00.000000 -3212.016436508 -5186.317983152 -2827.928971970 -2.49824747180 -2.21966685889 6.93042037995
2024-06-13T18:30:00.000000 -3354.212801392 -5307.153168546 -2405.738571362 -2.23973932923 -1.80654481400 7.13705932643
2024-06-13T18:31:00.000000 -3480.570407307 -5402.927651392 -1972.155666898 -1.97049562887 -1.38463889636 7.31001300473
2024-06-13T18:32:00.000000 -3590.482880983 -5473.174019884 -1529.228100263 -1.69178377227 -0.95594349794 7.44841767790
2024-06-13T18:33:00.000000 -3683.421387922 -5517.545717084 -1079.050612097 -1.40491968009 -0.52249129238 7.55157460870
2024-06-13T18:34:00.000000 -3758.937331746 -5535.819043941 -623.754819334 -1.11126126656 -0.08634312027 7.61895369745
2024-06-13T18:35:00.000000 -3816.664732922 -5527.894553904 -165.499007671 -0.81220356300 0.35042158917 7.65019679626
2024-06-13T18:36:00.000000 -3856.322253284 -5493.797870142 293.542338634 -0.50917119432 0.78571567286 7.64512278458
2024-06-13T18:37:00.000000 -3877.714686322 -5433.679736892 751.189166893 -0.20360990697 1.21745711594 7.60372684395
2024-06-13T18:38:00.000000 -3880.734070692 -5347.815379715 1205.266470219 0.10302004933 1.64358133468 7.52618194740
2024-06-13T18:39:00.000000 -3865.360153429 -5236.603138534 1653.614767746 0.40925601369 2.06204814103 7.41283132989
2024-06-13T18:40:00.000000 -3831.660605092 -5100.563089258 2094.100372436 0.71362926704 2.47084215880 7.26419418601
2024-06-13T18:41:00.000000 -3779.791184601 -4940.334913367 2524.626326839 1.01467638813 2.86799705801 7.08097517549
2024-06-13T18:42:00.000000 -3709.994760207 -4756.674242956 2943.143030396 1.31095808561 3.25161361704 6.86404339377
2024-06-13T18:43:00.000000 -3622.599845237 -4550.448899712 3347.657740884 1.60105927176 3.61985181477 6.61442736752
2024-06-13T18:44:00.000000 -3518.018986422 -4322.634896065 3736.244314878 1.88359458400 3.97094948358 6.33331598699
2024-06-13T18:45:00.000000 -3396.746942963 -4074.311345373 4107.052335462 2.15720865013 4.30323061054 6.02204387253
2024-06-13T18:46:00.000000 -3259.358700020 -3806.655463476 4458.316048966 2.42058741164 4.61510291809 5.68209981284
2024-06-13T18:47:00.000000 -3106.506251851 -3520.937117970 4788.363434132 2.67247816499 4.90507323376 5.31511607456
2024-06-13T18:48:00.000000 -2938.915006530 -3218.512314382 5095.624249454 2.91168661860 5.17176522100 4.92284939842
2024-06-13T18:49:00.000000 -2757.380224526 -2900.816227955 5378.636951463 3.13707875090 5.41391416014 4.50716613349
2024-06-13T18:50:00.000000 -2562.763351519 -2569.356565756 5636.055363081 3.34758355312 5.63036970430 4.07004503586
2024-06-13T18:51:00.000000 -2355.987984760 -2225.706336330 5866.655153234 3.54220164272 5.82010599369 3.61356687004
2024-06-13T18:52:00.000000 -2138.035378279 -1871.496246454 6069.339611630 3.72001118363 5.98222660492 3.13990242011
2024-06-13T18:53:00.000000 -1909.939709992 -1508.406857918 6243.144630749 3.88017011852 6.11596603200 2.65129970576
2024-06-13T18:54:00.000000 -1672.783204360 -1138.160666868 6387.243119680 4.02192009518 6.22069273146 2.15007600953
2024-06-13T18:55:00.000000 -1427.690917417 -762.513993925 6500.948753199 4.14459198608 6.29591063689 1.63860386172
2024-06-13T18:56:00.000000 -1175.825403078 -383.248897723 6583.718976218 4.24760509789 6.34125791950 1.11930277993
2024-06-13T18:57:00.000000 -918.381330186 -2.164985216 6635.157715658 4.33047021957 6.35651312695 0.59463403995
2024-06-13T18:58:00.000000 -656.579896409 378.929242193 6655.017413157 4.39279242000 6.34160095483 0.06708328737
2024-06-13T18:59:00.000000 -391.663140310 758.224947627 6643.200030611 4.43427299786 6.29658457684 -0.46085144448
2024-06-13T19:00:00.000000 -124.888037148 1133.921309757 6599.757577369 4.45471168624 6.22166876716 -0.98666939962
2024-06-13T19:01:00.000000 142.479283466 1504.234036915 6524.891923723 4.45400491150 6.11719945876 -1.50787709782
2024-06-13T19:02:00.000000 409.169548388 1867.403786123 6418.954002431 4.43215124102 5.98366179221 -2.02200209784
2024-06-13T19:03:00.000000 673.916372842 2221.704418069 6282.442118594 4.38924772696 5.82167680927 -2.52660613507
2024-06-13T19:04:00.000000 935.462050882 2565.451035670 6115.999652388 4.32548619513 5.63199781352 -3.01929236233
2024-06-13T19:05:00.000000 1192.563283294 2897.007883999 5920.412410815 4.24115631453 5.41550949695 -3.49771211274
2024-06-13T19:06:00.000000 1443.997130171 3214.796174166 5696.605277390 4.13664575644 5.17322541002 -3.95958026683
2024-06-13T19:07:00.000000 1688.566768074 3517.301722080 5445.638119632 4.01243810341 4.90628480991 -4.40268410012
2024-06-13T19:08:00.000000 1925.107319896 3803.082356188 5168.701109944 3.86911452238 4.61594818610 -4.82489497275
2024-06-13T19:09:00.000000 2152.491680499 4070.775023750 4867.109290737 3.70735248134 4.30359120474 -5.22418126599
2024-06-13T19:10:00.000000 2369.636141793 4319.102493576 4542.296352077 3.52791942545 3.97069718254 -5.59862154393
2024-06-13T19:11:00.000000 2575.505653780 4546.879636855 4195.807724585 3.33167031266 3.61885283778 -5.94641351493
2024-06-13T19:12:00.000000 2769.118894879 4753.019326401 3829.293430665 3.11953957189 3.24973594979 -6.26587517889
2024-06-13T19:13:00.000000 2949.552981914 4936.537738885 3444.500260268 2.89254030136 2.86511113516 -6.55546368209
2024-06-13T19:14:00.000000 3115.948058849 5096.559337958 3043.263391074 2.65175977324 2.46682253246 -6.81377719186
2024-06-13T19:15:00.000000 3267.511624272 5232.321441440 2627.497588922 2.39835480921 2.05678583088 -7.03956639158
2024-06-13T19:16:00.000000 3403.522514775 5343.178151627 2199.187813293 2.13354572784 1.63697644267 -7.23174173449
2024-06-13T19:17:00.000000 3523.334550618 5428.603618408 1760.379429736 1.85861020705 1.20941849776 -7.38938025741
2024-06-13T19:18:00.000000 3626.379722856 5488.194628488 1313.168104288 1.57487535663 0.77617444822 -7.51172853971
2024-06-13T19:19:00.000000 3712.171007912 5521.672656264 859.689500047 1.28371242004 0.33933610751 -7.59820801590
2024-06-13T19:20:00.000000 3780.304781021 5528.885231569 402.108638010 0.98652884817 -0.09898852588 -7.64841867360
2024-06-13T19:21:00.000000 3830.462774811 5509.806592730 -57.390829714 0.68476125260 -0.53668531294 -7.66213988469
2024-06-13T19:22:00.000000 3862.413604401 5464.537755389 -516.617470202 0.37986774107 -0.97164461037 -7.63933329286
2024-06-13T19:23:00.000000 3876.013800030 5393.305851655 -973.383030524 0.07331920335 -1.40177424652 -7.58014291612
2024-06-13T19:24:00.000000 3871.208335430 5296.462749903 -1425.513298552 -0.23340805126 -1.82501003054 -7.48489255806
2024-06-13T19:25:00.000000 3848.030740342 5174.483025275 -1870.858885520 -0.53884045916 -2.23932867128 -7.35408514529
2024-06-13T19:26:00.000000 3806.602608979 5027.961142347 -2307.305728820 -0.84151698700 -2.64275757821 -7.18839412061
2024-06-13T19:27:00.000000 3747.132705040 4857.608243168 -2732.785248381 -1.13999421469 -3.03338249481 -6.98866189401
2024-06-13T19:28:00.000000 3669.915661398 4664.248246885 -3145.284316909 -1.43285463176 -3.40935967316 -6.75589276307
2024-06-13T19:29:00.000000 3575.330223921 4448.813473019 -3542.854720310 -1.71871257970 -3.76892028790 -6.49124587357
2024-06-13T19:30:00.000000 3463.837172007 4212.339851099 -3923.622387040 -1.99622105018 -4.11038200226 -6.19603179628
2024-06-13T19:31:00.000000 3335.976781598 3955.961534550 -4285.795984964 -2.26407766289 -4.43215326210 -5.87169648325
2024-06-13T19:32:00.000000 3192.365894487 3680.905048254 -4627.675207863 -2.52103400795 -4.73274846789 -5.51982717561
2024-06-13T19:33:00.000000 3033.694596500 3388.482955382 -4947.658609753 -2.76589761411 -5.01078553819 -5.14212986523
2024-06-13T19:34:00.000000 2860.722695055 3080.087446631 -5244.250557216 -2.99753770765 -5.26499331279 -4.74042433228
2024-06-13T19:35:00.000000 2674.275886060 2757.183521298 -5516.067790875 -3.21488939471 -5.49421697117 -4.31663495477
2024-06-13T19:36:00.000000 2475.241690164 2421.301856704 -5761.845385843 -3.41695742808 -5.69742239589 -3.87278017729
2024-06-13T19:37:00.000000 2264.565143610 2074.031496915 -5980.442135296 -3.60282062788 -5.87369890822 -3.41096402132
2024-06-13T19:38:00.000000 2043.244225498 1717.012324115 -6170.845372573 -3.77163602884 -6.02226293047 -2.93336520550
2024-06-13T19:39:00.000000 1812.325055740 1351.927369062 -6332.175113442 -3.92264241945 -6.14246007923 -2.44222581944
2024-06-13T19:40:00.000000 1572.896925458 980.495015860 -6463.687524433 -4.05516214086 -6.23376657401 -1.93984039618
2024-06-13T19:41:00.000000 1326.087259881 604.461145683 -6564.777715163 -4.16860153033 -6.29578898024 -1.42854391790
2024-06-13T19:42:00.000000 1073.056605004 225.591414444 -6634.981972626 -4.26245082627 -6.32826208461 -0.91070730908
2024-06-13T19:43:00.000000 814.993420574 -154.336587590 -6673.979762326 -4.33629002553 -6.33105379037 -0.38872967800
2024-06-13T19:44:00.000000 553.108691927 -533.541375445 -6681.594979947 -4.38978782033 -6.30416670589 0.13497569277
2024-06-13T19:45:00.000000 288.630588593 -910.245606419 -6657.796414893 -4.42270312829 -6.24773430549 0.65799426835
2024-06-13T19:46:00.000000 22.799084688 -1282.683642258 -6602.697703708 -4.43488327824 -6.16201408382 1.17791094063
2024-06-13T19:47:00.000000 -243.139501082 -1649.109335326 -6516.557378189 -4.42627149002 -6.04740018907 1.69231525665
2024-06-13T19:48:00.000000 -507.938371304 -2007.804230470 -6399.777676102 -4.39690634111 -5.90441859648 2.19883044447
2024-06-13T19:49:00.000000 -770.355639751 -2357.085077843 -6252.902401420 -4.34691332650 -5.73371680015 2.69511275603
2024-06-13T19:50:00.000000 -1029.159769487 -2695.311255113 -6076.615026709 -4.27651346878 -5.53606966915 3.17885309544
2024-06-13T19:51:00.000000 -1283.135388565 -3020.892467096 -5871.735940300 -4.18602307722 -5.31237773534 3.64780012777
2024-06-13T19:52:00.000000 -1531.088741458 -3332.295918291 -5639.218641504 -4.07584584715 -5.06365645033 4.09976788898
2024-06-13T19:53:00.000000 -1771.852941218 -3628.053176861 -5380.145781594 -3.94647408406 -4.79103564043 4.53263870932
2024-06-13T19:54:00.000000 -2004.293314451 -3906.766993013 -5095.724825034 -3.79848953634 -4.49575859457 4.94437127781
2024-06-13T19:55:00.000000 -2227.312804490 -4167.118114333 -4787.283020211 -3.63256356117 -4.17917988808 5.33301766422
2024-06-13T19:56:00.000000 -2439.857124088 -4407.871533976 -4456.261441518 -3.44944960682 -3.84275252232 5.69673069862
2024-06-13T19:57:00.000000 -2640.919700310 -4627.882466236 -4104.208907602 -3.24998554639 -3.48803050232 6.03376928299
2024-06-13T19:58:00.000000 -2829.546730715 -4826.102111982 -3732.775069299 -3.03509085756 -3.11665700156 6.34251501011
2024-06-13T19:59:00.000000 -3004.841780155 -5001.582715279 -3343.702881562 -2.80575742981 -2.73035666119 6.62147649325
2024-06-13T20:00:00.000000 -3165.970051025 -5153.482390651 -2938.820811660 -2.56304761732 -2.33093253146 6.86929660751
2024-06-13T20:01:00.000000 -3312.162502211 -5281.069541620 -2520.034518414 -2.30809045867 -1.92025666041 7.08476028401
2024-06-13T20:02:00.000000 -3442.719798909 -5383.726787981 -2089.318079650 -2.04207964605 -1.50026221071 7.26680412338
2024-06-13T20:03:00.000000 -3557.015924287 -5460.954253200 -1648.704638976 -1.76626388824 -1.07293154384 7.41452267284
2024-06-13T20:04:00.000000 -3654.501336200 -5512.372296254 -1200.276826945 -1.48194298514 -0.64028793974 7.52717325851
2024-06-13T20:05:00.000000 -3734.705815565 -5537.723604777 -746.156872948 -1.19046024549 -0.20438518985 7.60417841805
2024-06-13T20:06:00.000000 -3797.240990409 -5536.874872413 -288.496541755 -0.89319959353 0.23269974777 7.64513306029
2024-06-13T20:07:00.000000 -3841.802461128 -5509.817700212 170.533344333 -0.59157459485 0.66888122690 7.64980616455
2024-06-13T20:08:00.000000 -3868.171424522 -5456.668959618 628.753368793 -0.28702426440 1.10207152998 7.61814375995
2024-06-13T20:09:00.000000 -3876.215973638 -5377.670431650 1083.986267232 0.01899581987 1.53019684949 7.55027078664
2024-06-13T20:10:00.000000 -3865.891785916 -5273.187674226 1534.067538523 0.32502279838 1.95120635858 7.44648740199
2024-06-13T20:11:00.000000 -3837.242408744 -5143.708410650 1976.855927114 0.62959141074 2.36308008817 7.30726849821
2024-06-13T20:12:00.000000 -3790.399187230 -4989.840384247 2410.243952109 0.93124198760 2.76383969748 7.13326492401
2024-06-13T20:13:00.000000 -3725.580657047 -4812.308444948 2832.168347115 1.22852886303 3.15156148250 6.92529843145
2024-06-13T20:14:00.000000 -3643.091518832 -4611.951003168 3240.620176645 1.52002713328 3.52438606045 6.68435773509
2024-06-13T20:15:00.000000 -3543.321106137 -4389.715827011 3633.654613691 1.80434113317 3.88052763275 6.41158981837
2024-06-13T20:16:00.000000 -3426.741405682 -4146.655461125 4009.400488098 2.08011592704 4.21828381460 6.10830194826
2024-06-13T20:17:00.000000 -3293.904230288 -3883.921751455 4366.069096058 2.34603968797 4.53604398408 5.77593225434
2024-06-13T20:18:00.000000 -3145.439275645 -3602.760557746 4701.962343661 2.60083403422 4.83228871065 5.41606618644
2024-06-13T20:19:00.000000 -2982.051082405 -3304.505770141 5015.481484065 2.84328367141 5.10560413553 5.03042627104
2024-06-13T20:20:00.000000 -2804.515223409 -2990.572732766 5305.134810405 3.07223617832 5.35468998729 4.62085592138
2024-06-13T20:21:00.000000 -2613.674435338 -2662.451263308 5569.544623862 3.28660627512 5.57836544196 4.18931021954
2024-06-13T20:22:00.000000 -2410.434464634 -2321.698302541 5807.453535089 3.48537921193 5.77557393557 3.73784250248
2024-06-13T20:23:00.000000 -2195.759715332 -1969.930452911 6017.730080639 3.66761539763 5.94538333121 3.26859537333
2024-06-13T20:24:00.000000 -1970.668640577 -1608.816505456 6199.373862418 3.83245314419 6.08698728693 2.78379471395
2024-06-13T20:25:00.000000 -1736.228972709 -1240.069596149 6351.520306015 3.97911201847 6.19971476856 2.28573910509
2024-06-13T20:26:00.000000 -1493.552750572 -865.439095029 6473.444623846 4.10689625049 6.28302883295 1.77678886320
2024-06-13T20:27:00.000000 -1243.791090859 -486.702460788 6564.565348625 4.21520020307 6.33653146749 1.25935885846
2024-06-13T20:28:00.000000 -988.128633546 -105.656701190 6624.447113410 4.30351176283 6.35996950384 0.73590055446
2024-06-13T20:29:00.000000 -727.778016459 275.890170717 6652.802312569 4.37140992561 6.35322696969 0.20888833739
2024-06-13T20:30:00.000000 -463.974225902 656.127335679 6649.492575817 4.41857178637 6.31632897684 -0.31918096274
2024-06-13T20:31:00.000000 -197.968777389 1033.249779398 6614.529454617 4.44476841564 6.24944245489 -0.84580742677
2024-06-13T20:32:00.000000 68.976023591 1405.466745166 6548.074474126 4.44987019700 6.15287624633 -1.36849504795
2024-06-13T20:33:00.000000 335.593059625 1771.010200587 6450.438376702 4.43384592528 6.02707812948 -1.88476729307
2024-06-13T20:34:00.000000 600.616284584 2128.143059717 6322.079692270 4.39676254359 5.87263143990 -2.39217614018
2024-06-13T20:35:00.000000 862.786635575 2475.167230163 6163.602717131 4.33878567255 5.69025181053 -2.88831254525
2024-06-13T20:36:00.000000 1120.857841003 2810.431452577 5975.754963690 4.26017604770 5.48078541700 -3.37081213455
2024-06-13T20:37:00.000000 1373.602252488 3132.339224215 5759.424231343 4.16129454944 5.24521086111 -3.83736528758
2024-06-13T20:38:00.000000 1619.816969038 3439.356733538 5515.634862759 4.04260491763 4.98463873996 -4.28573506042
2024-06-13T20:39:00.000000 1858.329716921 3730.020397780 5245.542696756 3.90466230303 4.70029700444 -4.71377398877
2024-06-13T20:40:00.000000 2088.004294937 4002.943829737 4950.429860091 3.74811521090 4.39353177839 -5.11942277060
2024-06-13T20:41:00.000000 2307.746279338 4256.824921589 4631.698775162 3.57370673047 4.06580413754 -5.50073328837
2024-06-13T20:42:00.000000 2516.508309538 4490.452143469 4290.865509048 3.38226151386 3.71867067978 -5.85586585502
2024-06-13T20:43:00.000000 2713.295089494 4702.710336265 3929.552800749 3.17469037543 3.35378683447 -6.18310654366
2024-06-13T20:44:00.000000 2897.168396335 4892.586384853 3549.482267059 2.95198382875 2.97289674659 -6.48087465986
2024-06-13T20:45:00.000000 3067.251715652 5059.174266682 3152.466219118 2.71520808831 2.57782512219 -6.74772899922
2024-06-13T20:46:00.000000 3222.734691358 5201.679656352 2740.398982688 2.46550060865 2.17046847408 -6.98237857512
2024-06-13T20:47:00.000000 3362.877129561 5319.423952093 2315.247712751 2.20406211765 1.75278707169 -7.18368748961
2024-06-13T20:48:00.000000 3487.012715125 5411.847931790 1879.042873310 1.93215414159 1.32679856717 -7.35068303352
2024-06-13T20:49:00.000000 3594.552538756 5478.514812499 1433.868047027 1.65109294841 0.89456232507 -7.48256923568
2024-06-13T20:50:00.000000 3684.987910312 5519.112105405 981.849332266 1.36223519267 0.45816162158 -7.57872288206
2024-06-13T20:51:00.000000 3757.892722793 5533.453024565 525.145074965 1.06697657640 0.01970221184 -7.63869386484
2024-06-13T20:52:00.000000 3812.925642744 5521.477549405 65.935230391 0.76674594803 -0.41869842266 -7.66221293873
2024-06-13T20:53:00.000000 3849.831848589 5483.252677582 -393.589618985 0.46299635689 -0.85492643994 -7.64919513949
2024-06-13T20:54:00.000000 3868.444154517 5418.971796478 -851.239263032 0.15719442561 -1.28688422654 -7.59973716266
2024-06-13T20:55:00.000000 3868.683583147 5328.953453011 -1304.834683770 -0.14918738493 -1.71249911316 -7.51411528435
2024-06-13T20:56:00.000000 3850.559510532 5213.639534101 -1752.218768645 -0.45467735153 -2.12973403500 -7.39278293942
2024-06-13T20:57:00.000000 3814.169413907 5073.592798149 -2191.266886966 -0.75781221629 -2.53659936908 -7.23636862750
2024-06-13T20:58:00.000000 3759.698100291 4909.493694832 -2619.897185730 -1.05714505894 -2.93116266979 -7.04566896424
2024-06-13T20:59:00.000000 3687.416548209 4722.136698632 -3036.080587106 -1.35125189590 -3.31155745789 -6.82164579207
2024-06-13T21:00:00.000000 3597.680267381 4512.426043248 -3437.850503990 -1.63874020875 -3.67599277442 -6.56541878342
2024-06-13T21:01:00.000000 3490.927269233 4281.371062093 -3823.311949852 -1.91825320198 -4.02275753279 -6.27825395036
2024-06-13T21:02:00.000000 3367.675645787 4030.080894186 -4190.650503368 -2.18847958444 -4.35023761325 -5.96156973968
2024-06-13T21:03:00.000000 3228.520760021 3759.758677460 -4538.140850936 -2.44815578503 -4.65691484821 -5.61691630627
2024-06-13T21:04:00.000000 3074.132148461 3471.695479656 -4864.154517768 -2.69607428421 -4.94137735267 -5.24596963449
2024-06-13T21:05:00.000000 2905.249944337 3167.263800021 -5167.167106964 -2.93108992371 -5.20232350250 -4.85052146001
2024-06-13T21:06:00.000000 2722.681088534 2847.910785255 -5445.764955852 -3.15212136292 -5.43856736032 -4.43246971179
2024-06-13T21:07:00.000000 2527.295354919 2515.151163643 -5698.651245103 -3.35815656146 -5.64904298750 -3.99380942387
2024-06-13T21:08:00.000000 2320.021045328 2170.559926776 -5924.651469893 -3.54825701736 -5.83280774915 -3.53662080435
2024-06-13T21:09:00.000000 2101.840535581 1815.764904037 -6122.718252613 -3.72155893838 -5.98904321289 -3.06306011338
2024-06-13T21:10:00.000000 1873.785691308 1452.439230272 -6291.935729225 -3.87727792829 -6.11705873609 -2.57535346779
2024-06-13T21:11:00.000000 1636.932865011 1082.293520244 -6431.523323754 -4.01471549084 -6.21629510756 -2.07578112666
2024-06-13T21:12:00.000000 1392.397841508 707.068132772 -6540.838652565 -4.13325552782 -6.28632027076 -1.56666946445
2024-06-13T21:13:00.000000 1141.330827583 328.525378199 -6619.380157985 -4.23236711886 -6.32683533964 -1.05038369967
2024-06-13T21:14:00.000000 884.911298704 -51.558520333 -6666.789035654 -4.31160602579 -6.33767539736 -0.52931522475
2024-06-13T21:15:00.000000 624.342751656 -431.401415465 -6682.850440709 -4.37061565809 -6.31880705554 -0.00586987084
2024-06-13T21:16:00.000000 360.847400689 -809.222996827 -6667.494180491 -4.40912920038 -6.27032440700 0.51753710883
2024-06-13T21:17:00.000000 95.660726554 -1183.252442101 -6620.795203334 -4.42697211181 -6.19245141503 1.03848378928
2024-06-13T21:18:00.000000 -169.974196689 -1551.736510333 -6542.973544659 -4.42406510482 -6.08554974546 1.55456045293
2024-06-13T21:19:00.000000 -434.812227333 -1912.947527981 -6434.393043023 -4.40041820277 -5.95010807756 2.06338311975
2024-06-13T21:20:00.000000 -697.611559862 -2265.190903371 -6295.559857978 -4.35613353999 -5.78674207053 2.56259295507
2024-06-13T21:21:00.000000 -957.139391557 -2606.812923411 -6127.120497476 -4.29140885119 -5.59619735183 3.04987408881
2024-06-13T21:22:00.000000 -1212.177535619 -2936.208240529 -5929.858813473 -4.20653268995 -5.37933920934 3.52296475286
2024-06-13T21:23:00.000000 -1461.527761285 -3251.826939464 -5704.692695023 -4.10188203391 -5.13715069994 3.97965935218
2024-06-13T21:24:00.000000 -1704.017202581 -3552.181683538 -5452.670416130 -3.97792541399 -4.87073373409 4.41782029277
2024-06-13T21:25:00.000000 -1938.503769960 -3835.854599287 -5174.966199542 -3.83521979393 -4.58130128023 4.83538699486
2024-06-13T21:26:00.000000 -2163.881467455 -4101.503979689 -4872.875414585 -3.67441138752 -4.27017923416 5.23038532863
2024-06-13T21:27:00.000000 -2379.085641476 -4347.870823551 -4547.808846521 -3.49623102665 -3.93879628352 5.60094279100
2024-06-13T21:28:00.000000 -2583.097962937 -4573.784773766 -4201.286523205 -3.30149191908 -3.58867849416 5.94529198998
2024-06-13T21:29:00.000000 -2774.951297456 -4778.169882040 -3834.931071354 -3.09108662868 -3.22144542933 6.26178216685
2024-06-13T21:30:00.000000 -2953.734353498 -4960.049936667 -3450.460454577 -2.86598352675 -2.83880055179 6.54888708215
2024-06-13T21:31:00.000000 -3118.596145453 -5118.553301010 -3049.680333638 -2.62722397010 -2.44252577535 6.80521107582
2024-06-13T21:32:00.000000 -3268.750275251 -5252.917494490 -2634.475947362 -2.37591884225 -2.03447628531 7.02949903138
2024-06-13T21:33:00.000000 -3403.478957967 -5362.493273742 -2206.803374084 -2.11324315517 -1.61656952315 7.22064594720
2024-06-13T21:34:00.000000 -3522.136645067 -5446.748085762 -1768.680353170 -1.84042885395 -1.19077668275 7.37770230457
2024-06-13T21:35:00.000000 -3624.153318683 -5505.269027189 -1322.176780137 -1.55876100811 -0.75911252122 7.49987991210
2024-06-13T21:36:00.000000 -3709.037518722 -5537.765117072 -869.404911195 -1.26957212491 -0.32362555806 7.58655605782
2024-06-13T21:37:00.000000 -3776.378980163 -5544.069078472 -412.509175293 -0.97423450462 0.11361190828 7.63728196200
2024-06-13T21:38:00.000000 -3825.850685942 -5524.138313484 46.344285400 -0.67414914915 0.55051771988 7.65178143986
2024-06-13T21:39:00.000000 -3857.210448173 -5478.055359642 504.977853496 -0.37074294486 0.98500354428 7.62994974682
2024-06-13T21:40:00.000000 -3870.302384373 -5406.027915476 961.212989527 -0.06546447339 1.41498859304 7.57186068044
2024-06-13T21:41:00.000000 -3865.057971950 -5308.388023669 1412.880895812 0.24022455023 1.83840982773 7.47776582696
2024-06-13T21:42:00.000000 -3841.496513501 -5185.590690329 1857.833322223 0.54486012732 2.25323498993 7.34809827321
2024-06-13T21:43:00.000000 -3799.724969071 -5038.211507400 2293.953214513 0.84698540890 2.65747755579 7.18346259704
2024-06-13T21:44:00.000000 -3739.937387337 -4866.943851682 2719.164786869 1.14515499300 3.04919842023 6.98463014406
2024-06-13T21:45:00.000000 -3662.414133168 -4672.595853183 3131.443636636 1.43793745113 3.42651453010 6.75254381110
2024-06-13T21:46:00.000000 -3567.520706786 -4456.086291243 3528.827063551 1.72393053733 3.78762387343 6.48831296306
2024-06-13T21:47:00.000000 -3455.705541712 -4218.439681212 3909.423258094 2.00177104867 4.13080098337 6.19319065896
2024-06-13T21:48:00.000000 -3327.497821211 -3960.781818109 4271.420157532 2.27013120913 4.45439956259 5.86858381165
2024-06-13T21:49:00.000000 -3183.505070364 -3684.334279563 4613.094557298 2.52772938166 4.75687404914 5.51604369863
2024-06-13T21:50:00.000000 -3024.410143105 -3390.408338490 4932.820372864 2.77333720131 5.03678230417 5.13725606902
2024-06-13T21:51:00.000000 -2850.967828207 -3080.398334681 5229.076392733 3.00578609457 5.29279746891 4.73402763627
2024-06-13T21:52:00.000000 -2664.001102110 -2755.774905633 5500.453188987 3.22397273323 5.52370342828 4.30827769672
2024-06-13T21:53:00.000000 -2464.397081022 -2418.078141506 5745.659760676 3.42686283576 5.72840288932 3.86203318261
2024-06-13T21:54:00.000000 -2253.102762797 -2068.910157489 5963.529668654 3.61349542515 5.90592665572 3.39741630300
2024-06-13T21:55:00.000000 -2031.120523941 -1709.927357735 6153.026307266 3.78298603593 6.05543394053 2.91663155952
2024-06-13T21:56:00.000000 -1799.503379119 -1342.832720198 6313.247683474 3.93453242568 6.17621400282 2.42196028255
2024-06-13T21:57:00.000000 -1559.349931869 -969.367803257 6443.430715763 4.06741680232 6.26769259204 1.91574959937
2024-06-13T21:58:00.000000 -1311.799265331 -591.304378511 6542.954842853 4.18100931587 6.32943738850 1.40040050022
2024-06-13T21:59:00.000000 -1058.025419185 -210.435950562 6611.344740605 4.27477429646 6.36115476577 0.87835086517
2024-06-13T22:00:00.000000 -799.231889405 171.430413145 6648.272369196 4.34826576034 6.36268838450 0.35207263384
2024-06-13T22:01:00.000000 -536.646073501 552.482680597 6653.558644902 4.40113290351 6.33402758314 -0.17594540351
2024-06-13T22:02:00.000000 -271.513626910 930.912273541 6627.174134850 4.43311907424 6.27529910787 -0.70320307482
2024-06-13T22:03:00.000000 -5.092613772 1304.922521286 6569.239448831 4.44406715170 6.18677269153 -1.22720265825
2024-06-13T22:04:00.000000 261.352424902 1672.737106230 6480.024624006 4.43391809701 6.06885629290 -1.74546245584
2024-06-13T22:05:00.000000 526.556310271 2032.608284905 6359.947947778 4.40270989720 5.92209485729 -2.25552386230
2024-06-13T22:06:00.000000 789.259079564 2382.825112764 6209.574221540 4.35057842208 5.74716897303 -2.75496357077
2024-06-13T22:07:00.000000 1048.211918114 2721.721439487 6029.612392057 4.27776014233 5.54489140521 -3.24140162856
2024-06-13T22:08:00.000000 1302.183217379 3047.683859346 5820.912554830 4.18459107910 5.31620698392 -3.71251552772
2024-06-13T22:09:00.000000 1549.964397257 3359.159505009 5584.462148878 4.07150271236 5.06218810292 -4.16605097120
2024-06-13T22:10:00.000000 1790.375661427 3654.663586274 5321.381609237 3.93902354462 4.78403104327 -4.59983081219
2024-06-13T22:11:00.000000 2022.271921718 3932.786839387 5032.919232262 3.78778096591 4.48305628502 -5.01177398116
2024-06-13T22:12:00.000000 2244.548247982 4192.202326154 4720.445219393 3.61848523171 4.16068514001 -5.39989628632
2024-06-13T22:13:00.000000 2456.145093099 4431.671779555 4385.445650186 3.43193941287 3.81845310425 -5.76232422687
2024-06-13T22:14:00.000000 2656.053679142 4650.052075433 4029.515227132 3.22903131351 3.45799289273 -6.09731081013
2024-06-13T22:15:00.000000 2843.320895689 4846.300733333 3654.349626048 3.01072802216 3.08102594078 -6.40323822932
2024-06-13T22:16:00.000000 3017.053955876 5019.481130569 3261.737535846 2.77807284783 2.68935848088 -6.67862579584
2024-06-13T22:17:00.000000 3176.424872573 5168.767308211 2853.552102761 2.53218178848 2.28487123904 -6.92213987162
2024-06-13T22:18:00.000000 3320.674717110 5293.448202095 2431.741891991 2.27423994946 1.86951176307 -7.13260245434
2024-06-13T22:19:00.000000 3449.117499613 5392.931264711 1998.321233566 2.00549165369 1.44528123700 -7.30899932781
2024-06-13T22:20:00.000000 3561.143520881 5466.745463545 1555.360336862 1.72723513520 1.01422741658 -7.45048376628
2024-06-13T22:21:00.000000 3656.222432070 5514.543702485 1104.975003015 1.44081575833 0.57843175520 -7.55638305682
2024-06-13T22:22:00.000000 3733.905835508 5536.104527403 649.316115083 1.14761871256 0.13999919006 -7.62620112911
2024-06-13T22:23:00.000000 3793.829473373 5531.333202551 190.558925508 0.84906223347 -0.29895355632 -7.65962230705
2024-06-13T22:24:00.000000 3835.714962484 5500.262026267 -269.107811620 0.54658931233 -0.73631036525 -7.65651208556
2024-06-13T22:25:00.000000 3859.371062396 5443.049991596 -727.492732699 0.24166020557 -1.16996639709 -7.61691823467
2024-06-13T22:26:00.000000 3864.694425955 5359.981713941 -1182.412761288 -0.06425695405 -1.59784078691 -7.54106840895
2024-06-13T22:27:00.000000 3851.669838467 5251.465692694 -1631.703768874 -0.36969364394 -2.01788655713 -7.42936546739
2024-06-13T22:28:00.000000 3820.370117787 5118.032107210 -2073.230944398 -0.67318437448 -2.42809527409 -7.28238495579
2024-06-13T22:29:00.000000 3770.955707372 4960.330169376 -2504.899349171 -0.97327598009 -2.82651045949 -7.10087956661
2024-06-13T22:30:00.000000 3703.673631851 4779.124580384 -2924.664383502 -1.26853728626 -3.21124211607 -6.88577359798
2024-06-13T22:31:00.000000 3618.855864593 4575.291123415 -3330.541510957 -1.55756839677 -3.58047684843 -6.63814149879
2024-06-13T22:32:00.000000 3516.917347215 4349.811966625 -3720.615474374 -1.83900471905 -3.93248406231 -6.35921953311
2024-06-13T22:33:00.000000 3398.353698475 4103.770490001 -4093.049532497 -2.11152264830 -4.26562188980 -6.05038595056
2024-06-13T22:34:00.000000 3263.738535369 3838.345680192 -4446.093758350 -2.37384716548 -4.57834607108 -5.71315522568
2024-06-13T22:35:00.000000 3113.720341835 3554.806133630 -4778.092999894 -2.62475837539 -4.86921539087 -5.34917029803
2024-06-13T22:36:00.000000 2949.019093145 3254.503625508 -5087.494228183 -2.86309362889 -5.13689884924 -4.96019082634
2024-06-13T22:37:00.000000 2770.422648004 2938.866435430 -5372.853329213 -3.08775400009 -5.38017797606 -4.54808624732
2024-06-13T22:38:00.000000 2578.782769555 2609.392445744 -5632.841431945 -3.29770915172 -5.59795247626 -4.11482724223
2024-06-13T22:39:00.000000 2375.010803509 2267.641837522 -5866.250621165 -3.49200404806 -5.78924595586 -3.66247184685
2024-06-13T22:40:00.000000 2160.073169188 1915.229757121 -6071.998772457 -3.66975720925 -5.95320246291 -3.19315514000
2024-06-13T22:41:00.000000 1934.986924503 1553.818913066 -6249.134189073 -3.83016383199 -6.08909487822 -2.70908777094
2024-06-13T22:42:00.000000 1700.814936073 1185.111610309 -6396.839612874 -3.97250188349 -6.19632961204 -2.21253728027
2024-06-13T22:43:00.000000 1458.660904693 810.841898205 -6514.435246102 -4.09613251627 -6.27444180905 -1.70581734398
2024-06-13T22:44:00.000000 1209.664303827 432.767816702 -6601.381361036 -4.20050255607 -6.32309729149 -1.19128171077
2024-06-13T22:45:00.000000 954.995198267 52.663480981 -6657.280360005 -4.28514536528 -6.34209407902 -0.67131214857
2024-06-13T22:46:00.000000 695.849085388 -327.688750761 -6681.878169183 -4.34967992999 -6.33135911280 -0.14831061277
2024-06-13T22:47:00.000000 433.441656021 -706.506025139 -6675.065358427 -4.39381522908 -6.29094939310 0.37530438000
2024-06-13T22:48:00.000000 169.003238857 -1082.012956204 -6636.877849385 -4.41735446420 -6.22105796847 0.89710967401
2024-06-13T22:49:00.000000 -96.226783687 -1452.449784641 -6567.496603769 -4.42019198959 -6.12201106352 1.41469523742
2024-06-13T22:50:00.000000 -361.005430376 -1816.080176632 -6467.246632374 -4.40231403002 -5.99426273019 1.92567112709
2024-06-13T22:51:00.000000 -624.091637835 -2171.198771516 -6336.595579613 -4.36379772379 -5.83839211799 2.42767256339
2024-06-13T22:52:00.000000 -884.251721864 -2516.138963467 -6176.152032101 -4.30481272488 -5.65511198812 2.91837054712
2024-06-13T22:53:00.000000 -1140.264971356 -2849.280605855 -5986.662734868 -4.22562109710 -5.44525563425 3.39548907929
2024-06-13T22:54:00.000000 -1390.929137932 -3169.057080525 -5769.009421899 -4.12657667844 -5.20977521676 3.85680618652
2024-06-13T22:55:00.000000 -1635.065915757 -3473.962453183 -5524.205128852 -4.00812226189 -4.94973965165 4.30016862226
2024-06-13T22:56:00.000000 -1871.526143578 -3762.558309216 -5253.389998588 -3.87078766563 -4.66633146965 4.72349334265
2024-06-13T22:57:00.000000 -2099.195196175 -4033.480645151 -4957.826717768 -3.71519389755 -4.36084753282 5.12478190957
2024-06-13T22:58:00.000000 -2316.998296454 -4285.446470305 -4638.894960580 -3.54204713998 -4.03468974867 5.50213434077
2024-06-13T22:59:00.000000 -2523.905511420 -4517.259885791 -4298.085315981 -3.35213599047 -3.68935864948 5.85375458338
2024-06-13T23:00:00.000000 -2718.936655352 -4727.817883446 -3936.992804516 -3.14632942753 -3.32644929654 6.17795920518
2024-06-13T23:01:00.000000 -2901.166012269 -4916.115850225 -3557.309829581 -2.92557379791 -2.94764495677 6.47318728765
2024-06-13T23:02:00.000000 -3069.726886729 -5081.252570735 -3160.818554073 -2.69088926004 -2.55470771518 6.73800873995
2024-06-13T23:03:00.000000 -3223.815894414 -5222.434786049 -2749.382862973 -2.44336547299 -2.14947318844 6.97113101120
2024-06-13T23:04:00.000000 -3362.697016761 -5338.981397407 -2324.939828142 -2.18415729418 -1.73384270305 7.17140859444
2024-06-13T23:05:00.000000 -3485.705327264 -5430.327101382 -1889.490677697 -1.91447884166 -1.30977333319 7.33784920935
2024-06-13T23:06:00.000000 -3592.250415701 -5496.025469533 -1445.091424596 -1.63559882701 -0.87926874244 7.46962028763
2024-06-13T23:07:00.000000 -3681.819435862 -5535.751414481 -993.843091795 -1.34883264402 -0.44436827747 7.56605445231
2024-06-13T23:08:00.000000 -3753.979719012 -5549.303071353 -537.881750924 -1.05553702465 -0.00713884071 7.62665141464
2024-06-13T23:09:00.000000 -3808.381142462 -5536.603181961 -79.368325679 -0.75710554614 0.43033503612 7.65108403659
2024-06-13T23:10:00.000000 -3844.758096489 -5497.699801440 379.521927534 -0.45496021243 0.86596250790 7.63920243574
2024-06-13T23:11:00.000000 -3862.930879670 -5432.766282063 836.610141195 -0.15054088772 1.29766044662 7.59103521157
2024-06-13T23:12:00.000000 -3862.806572183 -5342.100491140 1289.724350039 0.15469954316 1.72336199319 7.50678387009
2024-06-13T23:13:00.000000 -3844.379769482 -5226.123638958 1736.710015206 0.45929846834 2.14102511690 7.38682885496
2024-06-13T23:14:00.000000 -3807.732773098 -5085.378347408 2175.440754462 0.76179684441 2.54864619375 7.23172674305
2024-06-13T23:15:00.000000 -3753.035133361 -4920.526109941 2603.828753272 1.06074653136 2.94426868709 7.04220663086
2024-06-13T23:16:00.000000 -3680.542793481 -4732.344025618 3019.835018508 1.35471684110 3.32599729095 6.81916529648
2024-06-13T23:17:00.000000 -3590.596860029 -4521.720941922 3421.479235864 1.64230081431 3.69200324667 6.56366167637
2024-06-13T23:18:00.000000 -3483.621958244 -4289.653159568 3806.849415123 1.92212289211 4.04053587164 6.27691277680
2024-06-13T23:19:00.000000 -3360.124120411 -4037.239437601 4174.111077391 2.19284619909 4.36993139735 5.96028388415
2024-06-13T23:20:00.000000 -3220.688242311 -3765.675694980 4521.515936831 2.45317980160 4.67861522417 5.61528253088
2024-06-13T23:21:00.000000 -3065.975185956 -3476.249415885 4847.410370154 2.70188310046 4.96511232129 5.24355496059
2024-06-13T23:22:00.000000 -2896.718617839 -3170.333347986 5150.243432242 2.93777117324 5.22805674249 4.84687627213
2024-06-13T23:23:00.000000 -2713.721419443 -2849.378727630 5428.574294521 3.15972286695 5.46619921766 4.42713964257
2024-06-13T23:24:00.000000 -2517.851692508 -2514.908128102 5681.078923952 3.36668602434 5.67841138413 3.98634292361
2024-06-13T23:25:00.000000 -2310.038521050 -2168.508202747 5906.556061187 3.55768039263 5.86368572922 3.52658019539
2024-06-13T23:26:00.000000 -2091.267589242 -1811.822267832 6103.932896208 3.73180030469 6.02114330444 3.05003724445
2024-06-13T23:27:00.000000 -1862.576533565 -1446.542316396 6272.270085696 3.88822049292 6.15003962586 2.55897447870
2024-06-13T23:28:00.000000 -1625.050013998 -1074.401069251 6410.765995132 4.02619946814 6.24976295851 2.05572152856
2024-06-13T23:29:00.000000 -1379.814543306 -697.163738776 6518.760544675 4.14508422094 6.31984198380 1.54266376995
2024-06-13T23:30:00.000000 -1128.033119775 -316.619699604 6595.738082823 4.24431133365 6.35994228594 1.02222932276
2024-06-13T23:31:00.000000 -870.899810268 65.425828240 6641.329808967 4.32341016758 6.36987170012 0.49688216617
2024-06-13T23:32:00.000000 -609.634089565 447.160311221 6655.315303202 4.38200281320 6.34957643022 -0.03089597394
2024-06-13T23:33:00.000000 -345.475320811 826.772161766 6637.623674021 4.41980623266 6.29914386836 -0.55860509343
2024-06-13T23:34:00.000000 -79.676887620 1202.459335122 6588.334052675 4.43663560385 6.21880388017 -1.08374666916
2024-06-13T23:35:00.000000 186.499654675 1572.437748727 6507.675176234 4.43240339238 6.10892456090 -1.60383364986
2024-06-13T23:36:00.000000 451.790439770 1934.949519799 6396.024505533 4.40712058180 5.97001174013 -2.11639725526
2024-06-13T23:37:00.000000 714.935267014 2288.271270776 6253.906718281 4.36089815131 5.80270902128 -2.61900163869
2024-06-13T23:38:00.000000 974.683539835 2630.722257625 6081.991379694 4.29394507193 5.60779346642 -3.10925420010
2024-06-13T23:39:00.000000 1229.800136191 2960.672321951 5881.090099142 4.20656830044 5.38617401955 -3.58481462769
2024-06-13T23:40:00.000000 1479.071301150 3276.549773621 5652.153027844 4.09917286658 5.13889035696 -4.04340763855
2024-06-13T23:41:00.000000 1721.310508314 3576.849186409 5396.264452763 3.97226094595 4.86711038416 -4.48283879297
2024-06-13T23:42:00.000000 1955.364064779 3860.138614448 5114.637916441 3.82642465860 4.57211387776 -4.90099598142
2024-06-13T23:43:00.000000 2180.116675858 4125.066358649 4808.610762298 3.66235182514 4.25529658172 -5.29586564735
2024-06-13T23:44:00.000000 2394.497039140 4370.367875257 4479.637937844 3.48081958692 3.91816613037 -5.66554426716
2024-06-13T23:45:00.000000 2597.483025080 4594.872116061 4129.285023302 3.28269002249 3.56232979211 -6.00824851329
2024-06-13T23:46:00.000000 2788.106741004 4797.507263298 3759.220808788 3.06890803558 3.18948698723 -6.32232275769
2024-06-13T23:47:00.000000 2965.459337198 4977.306069474 3371.209365086 2.84049585429 2.80142259727 -6.60624806682
2024-06-13T23:48:00.000000 3128.695492655 5133.410767402 2967.101612801 2.59854842031 2.39999998665 -6.85865000165
2024-06-13T23:49:00.000000 3277.037670990 5265.077468165 2548.826340872 2.34422915972 1.98714935441 -7.07830835261
2024-06-13T23:50:00.000000 3409.780020592 5371.679872251 2118.380835798 2.07876330586 1.56485954042 -7.26416110013
2024-06-13T23:51:00.000000 3526.291948776 5452.712591825 1677.821122012 1.80343316570 1.13516991724 -7.41531400844
2024-06-13T23:52:00.000000 3626.021320385 5507.793768590 1229.251662450 1.51957035397 0.70015638595 -7.53104739659
2024-06-13T23:53:00.000000 3708.497164438 5536.666855375 774.814813690 1.22854731273 0.26191821479 -7.61081750739
2024-06-13T23:54:00.000000 3773.331922360 5539.201778911 316.680323171 0.93177152891 -0.17742860192 -7.65425595153
2024-06-13T23:55:00.000000 3820.223410835 5515.395665626 -142.965468151 0.63067951639 -0.61576358782 -7.66117876102
2024-06-13T23:56:00.000000 3848.956227674 5465.372590882 -601.930620685 0.32672602834 -1.05097676136 -7.63158204019
2024-06-13T23:57:00.000000 3859.402593255 5389.382795646 -1058.028348951 0.02137541250 -1.48097445638 -7.56564290854
2024-06-13T23:58:00.000000 3851.522716174 5287.801246738 -1509.087872733 -0.28390296654 -1.90369342939 -7.46371576698
2024-06-13T23:59:00.000000 3825.365068641 5161.125671051 -1952.965161698 -0.58764045753 -2.31711010336 -7.32633951183
2024-06-14T00:00:00.000000 3781.065733856 5009.973444381 -2387.553639787 -0.88838495501 -2.71925832041 -7.15422042067
2024-06-14T00:01:00.000000 3718.847453869 4835.078311621 -2810.793988115 -1.18470159077 -3.10822764920 -6.94822775885
2024-06-14T00:02:00.000000 3639.018263976 4637.286482369 -3220.684263558 -1.47518329020 -3.48218197079 -6.70940467360
2024-06-14T00:03:00.000000 3541.969649154 4417.551911280 -3615.289706282 -1.75845675551 -3.83936725520 -6.43894417233
2024-06-14T00:04:00.000000 3428.174324932 4176.931200693 -3992.751469746 -2.03318821323 -4.17811629121 -6.13818364010
2024-06-14T00:05:00.000000 3298.183685776 3916.578220476 -4351.295225763 -2.29809047467 -4.49685558458 -5.80860168402
2024-06-14T00:06:00.000000 3152.624743210 3637.738211622 -4689.239352925 -2.55193072077 -4.79411446157 -5.45180777863
2024-06-14T00:07:00.000000 2992.196808847 3341.741387048 -5005.002411747 -2.79353264228 -5.06853185257 -5.06952998796
2024-06-14T00:08:00.000000 2817.667910704 3029.996315175 -5297.109942286 -3.02178252840 -5.31885681786 -4.66360529160
2024-06-14T00:09:00.000000 2629.870957639 2703.983229411 -5564.200879692 -3.23563209661 -5.54395284115 -4.23597547413
2024-06-14T00:10:00.000000 2429.699684003 2365.246918674 -5805.033584321 -3.43410297067 -5.74280585947 -3.78867762832
2024-06-14T00:11:00.000000 2218.104277734 2015.389210902 -6018.491179909 -3.61629273223 -5.91452903151 -3.32383131934
2024-06-14T00:12:00.000000 1996.086677021 1656.061274459 -6203.586088574 -3.78137893338 -6.05836419783 -2.84362421531
2024-06-14T00:13:00.000000 1764.695836573 1288.956037286 -6359.463790027 -3.92861641374 -6.17367735139 -2.35030430406
2024-06-14T00:14:00.000000 1525.022984854 915.800590875 -6485.406422843 -4.05734300767 -6.25996507637 -1.84617673006
2024-06-14T00:15:00.000000 1278.196431705 538.348189114 -6580.835731395 -4.16698445131 -6.31685891084 -1.33358650743
2024-06-14T00:16:00.000000 1025.376428606 158.370291878 -6645.314976800 -4.25705000805 -6.34411863983 -0.81490596269
2024-06-14T00:17:00.000000 767.750086102 -222.351044365 -6678.550628647 -4.32713574859 -6.34163258884 -0.29253530263
2024-06-14T00:18:00.000000 506.526071317 -602.031070677 -6680.393804096 -4.37692793439 -6.30942380765 0.23110595448
2024-06-14T00:19:00.000000 242.929102517 -978.890564795 -6650.840914349 -4.40620474862 -6.24765245842 0.75359744752
2024-06-14T00:20:00.000000 -21.805520746 -1351.163829368 -6590.033346829 -4.41483574793 -6.15660869083 1.27252776357
2024-06-14T00:21:00.000000 -286.437424843 -1717.106454865 -6498.256681882 -4.40278152546 -6.03671126656 1.78550375341
2024-06-14T00:22:00.000000 -549.726544156 -2075.002898909 -6375.939446773 -4.37009257375 -5.88850431881 2.29015332536
2024-06-14T00:23:00.000000 -810.438690301 -2423.174228483 -6223.651631264 -4.31691449649 -5.71266418437 2.78413724154
2024-06-14T00:24:00.000000 -1067.351179064 -2759.985855534 -6042.102099682 -4.24348406026 -5.50999070807 3.26516680700
2024-06-14T00:25:00.000000 -1319.258149553 -3083.854725354 -5832.135449412 -4.15012521405 -5.28140178724 3.73100643820
2024-06-14T00:26:00.000000 -1564.975864938 -3393.256437104 -5594.728740636 -4.03725251967 -5.02793530858 4.17947803090
2024-06-14T00:27:00.000000 -1803.348255040 -3686.732475890 -5330.987548018 -3.90537288385 -4.75074794133 4.60847926517
2024-06-14T00:28:00.000000 -2033.252308313 -3962.896997346 -5042.141072722 -3.75508102044 -4.45110475869 5.01599135931
2024-06-14T00:29:00.000000 -2253.603304768 -4220.443340008 -4729.536975580 -3.58705829655 -4.13037939849 5.40008730904
2024-06-14T00:30:00.000000 -2463.359936827 -4458.150275963 -4394.635481098 -3.40206990518 -3.79004479807 5.75894268245
2024-06-14T00:31:00.000000 -2661.529246380 -4674.887841016 -4039.003039731 -3.20096178928 -3.43166946398 6.09084272325
2024-06-14T00:32:00.000000 -2847.171389007 -4869.622908251 -3664.305458572 -2.98465803814 -3.05691174856 6.39419183913
2024-06-14T00:33:00.000000 -3019.404219488 -5041.424377916 -3272.300475082 -2.75415702472 -2.66751296299 6.66752257246
2024-06-14T00:34:00.000000 -3177.407620180 -5189.467971352 -2864.829851913 -2.51052766793 -2.26529175615 6.90950328378
2024-06-14T00:35:00.000000 -3320.427632614 -5313.040607428 -2443.810856564 -2.25490486159 -1.85213331021 7.11895012502
2024-06-14T00:36:00.000000 -3447.780168373 -5411.544006028 -2011.227318590 -1.98848228502 -1.42997859331 7.29482804688
2024-06-14T00:37:00.000000 -3558.854502455 -5484.497953496 -1569.120557984 -1.71251112619 -1.00082082335 7.43625819628
2024-06-14T00:38:00.000000 -3653.116527292 -5531.543057796 -1119.579653405 -1.42829248683 -0.56669157149 7.54252801596
2024-06-14T00:39:00.000000 -3730.111466968 -5552.442683696 -664.731443514 -1.13716850674 -0.12965037430 7.61309098942
2024-06-14T00:40:00.000000 -3789.466241239 -5547.084545430 -206.730529892 -0.84052016717 0.30821853894 7.64757038770
2024-06-14T00:41:00.000000 -3830.891610042 -5515.481727324 252.251281763 -0.53975871239 0.74482425890 7.64576932578
2024-06-14T00:42:00.000000 -3854.183685062 -5457.772619196 710.035586320 -0.23631777730 1.17808104651 7.60766422105
2024-06-14T00:43:00.000000 -3859.225163740 -5374.220479481 1164.447889619 0.06835190098 1.60591474976 7.53340999757
2024-06-14T00:44:00.000000 -3845.986035508 -5265.212339564 1613.328343809 0.37279282009 2.02627520255 7.42333960104
2024-06-14T00:45:00.000000 -3814.523704325 -5131.257239610 2054.542369470 0.67554991595 2.43714788797 7.27796126785
2024-06-14T00:46:00.000000 -3764.982699310 -4972.983762089 2485.991003628 0.97517486684 2.83656394100 7.09795392062
2024-06-14T00:47:00.000000 -3697.594042543 -4791.137028296 2905.621107189 1.27023446991 3.22260906844 6.88416540546
2024-06-14T00:48:00.000000 -3612.674104403 -4586.575156022 3311.435360396 1.55931791132 3.59343248037 6.63760764230
2024-06-14T00:49:00.000000 -3510.623108753 -4360.265184072 3701.501971340 1.84104168609 3.94725607346 6.35945245186
2024-06-14T00:50:00.000000 -3391.923300058 -4113.278346978 4073.964147797 2.11405708258 4.28238678917 6.05102673237
2024-06-14T00:51:00.000000 -3257.136534880 -3846.784677642 4427.049128104 2.37706043522 4.59722549381 5.71380292918
2024-06-14T00:52:00.000000 -3106.901375843 -3562.047182233 4759.076588089 2.62879911201 4.89027273092 5.34938782790
2024-06-14T00:53:00.000000 -2941.929963052 -3260.415824378 5068.466472678 2.86807372970 5.16013012085 4.95951729116
2024-06-14T00:54:00.000000 -2763.004621243 -2943.321138650 5353.746702783 3.09374603875 5.40551293417 4.54605223501
2024-06-14T00:55:00.000000 -2570.973933525 -2612.267136156 5613.560164135 3.30474583047 5.62525668006 4.11096172748
2024-06-14T00:56:00.000000 -2366.748640929 -2268.824028813 5846.670926528 3.50007222664 5.81832007898 3.65631499448
2024-06-14T00:57:00.000000 -2151.297293530 -1914.620707121 6051.969958619 3.67879981503 5.98378876582 3.18427072854
2024-06-14T00:58:00.000000 -1925.641646614 -1551.337042270 6228.480207950 3.84008109833 6.12087875558 2.69706854086
2024-06-14T00:59:00.000000 -1690.851815110 -1180.695898071 6375.361193999 3.98315242852 6.22894118233 2.19701885358
2024-06-14T01:00:00.000000 -1448.041190954 -804.454990351 6491.912863149 4.10733502590 6.30746354469 1.68649032084
2024-06-14T01:01:00.000000 -1198.361238315 -424.398685372 6577.578790066 4.21203952416 6.35607040272 1.16790097386
2024-06-14T01:02:00.000000 -942.995974873 -42.329576704 6631.948813690 4.29677046589 6.37452969042 0.64370411932
2024-06-14T01:03:00.000000 -683.156431529 339.939912922 6654.760690069 4.36112234606 6.36274573062 0.11637809161
2024-06-14T01:04:00.000000 -420.075128484 720.595906148 6645.901533318 4.40478560863 6.32076626071 -0.41158032220
2024-06-14T01:05:00.000000 -155.000255274 1097.831650603 6605.408407349 4.42754730940 6.24878071516 -0.93767118607
2024-06-14T01:06:00.000000 110.810164134 1469.855957021 6533.468208506 4.42929309298 6.14711800514 -1.45940184160
2024-06-14T01:07:00.000000 376.094206973 1834.901517420 6430.416903696 4.41000670579 6.01624534352 -1.97429747410
2024-06-14T01:08:00.000000 639.591897039 2191.233243699 6296.738169436 4.36976997061 5.85676935872 -2.47991166828
2024-06-14T01:09:00.000000 900.051144928 2537.156503383 6133.061262480 4.30876363420 5.66943092725 -2.97383959208
2024-06-14T01:10:00.000000 1156.233650175 2871.025070309 5940.158271357 4.22726632405 5.45510256677 -3.45372687907
2024-06-14T01:11:00.000000 1406.920806656 3191.249077049 5718.940709457 4.12565624181 5.21479019624 -3.91728187711
2024-06-14T01:12:00.000000 1650.919493986 3496.302646802 5470.455629419 4.00440415119 4.94961960507 -4.36228067640
2024-06-14T01:13:00.000000 1887.067773506 3784.731189633 5195.880929293 3.86407852536 4.66084079509 -4.78658775908
2024-06-14T01:14:00.000000 2114.240578724 4055.158609056 4896.519794269 3.70533899435 4.34981917479 -5.18816354905
2024-06-14T01:15:00.000000 2331.355082572 4306.294077001 4573.794702253 3.52893401016 4.01803031580 -5.56507295452
2024-06-14T01:16:00.000000 2537.376054107 4536.938435955 4229.240856308 3.33570115288 3.66705386115 -5.91549592863
2024-06-14T01:17:00.000000 2731.320987216 4745.990225546 3864.498917753 3.12655967579 3.29856503504 -6.23773704798
2024-06-14T01:18:00.000000 2912.265006852 4932.451296322 3481.307363776 2.90250996917 2.91433154621 -6.53023528862
2024-06-14T01:19:00.000000 3079.345416844 5095.431993630 3081.493936549 2.66462444725 2.51619940416 -6.79157585078
2024-06-14T01:20:00.000000 3231.766091488 5234.155489323 2666.966817176 2.41404852405 2.10608253745 -7.02049401245
2024-06-14T01:21:00.000000 3368.801561034 5347.961674633 2239.705312612 2.15199060714 1.68595617276 -7.21588487794
2024-06-14T01:22:00.000000 3489.800597912 5436.310518500 1801.750070242 1.87971603968 1.25784562171 -7.37680940468
2024-06-14T01:23:00.000000 3594.189434199 5498.784758953 1355.193016403 1.59854030889 0.82381650331 -7.50249813557
2024-06-14T01:24:00.000000 3681.474564560 5535.092019527 902.167031347 1.30982227404 0.38596399566 -7.59235593073
2024-06-14T01:25:00.000000 3751.245143692 5545.066241621 444.835409973 1.01495716094 -0.05359792033 -7.64596447116
2024-06-14T01:26:00.000000 3803.174990706 5528.668549797 -14.618835814 0.71537107262 -0.49274591973 -7.66308538505
2024-06-14T01:27:00.000000 3837.024269032 5485.987482012 -474.003801754 0.41251564950 -0.92935688845 -7.64366147524
2024-06-14T01:28:00.000000 3852.640815094 5417.238572534 -931.129948343 0.10785682379 -1.36132692169 -7.58782980856
2024-06-14T01:29:00.000000 3849.960187357 5322.762374984 -1383.821296900 -0.19714625491 -1.78659149443 -7.49589956880
2024-06-14T01:30:00.000000 3829.005776620 5203.022454556 -1829.925382928 -0.50102437227 -2.20311479774 -7.36835008478
2024-06-14T01:31:00.000000 3789.888943419 5058.603275224 -2267.323915171 -0.80231909937 -2.60890678189 -7.20583867940
2024-06-14T01:32:00.000000 3732.807938053 4890.206850156 -2693.943407191 -1.09959210220 -3.00204077451 -7.00920162175
2024-06-14T01:33:00.000000 3658.046606125 4698.648710887 -3107.765388956 -1.39143031609 -3.38066079751 -6.77943369666
2024-06-14T01:34:00.000000 3565.972637382 4484.853466237 -3506.835728843 -1.67645312052 -3.74298814702 -6.51768445512
2024-06-14T01:35:00.000000 3457.035401329 4249.849935021 -3889.273746806 -1.95331886561 -4.08732855933 -6.22525155313
2024-06-14T01:36:00.000000 3331.763472104 3994.765825216 -4253.280995915 -2.22073133356 -4.41208294564 -5.90357647693
2024-06-14T01:37:00.000000 3190.761663843 3720.821756070 -4597.149340207 -2.47744450360 -4.71575205927 -5.55422661055
2024-06-14T01:38:00.000000 3034.708019068 3429.325299254 -4919.268487766 -2.72226531373 -4.99693882537 -5.17889554828
2024-06-14T01:39:00.000000 2864.350356513 3121.664529923 -5218.133308350 -2.95406178284 -5.25435782092 -4.77939307471
2024-06-14T01:40:00.000000 2680.502466153 2799.301183261 -5492.350468706 -3.17176756851 -5.48683972782 -4.35763444300
2024-06-14T01:41:00.000000 2484.040032190 2463.763559245 -5740.644488785 -3.37438660131 -5.69333591743 -3.91563099115
2024-06-14T01:42:00.000000 2275.896305503 2116.639159400 -5961.863173007 -3.56099673000 -5.87292209656 -3.45547930621
2024-06-14T01:43:00.000000 2057.057526981 1759.567124468 -6154.982405859 -3.73075422394 -6.02480160204 -2.97934958621
2024-06-14T01:44:00.000000 1828.558249035 1394.230599857 -6319.110178556 -3.88289194686 -6.14830391398 -2.48947483705
2024-06-14T01:45:00.000000 1591.476644873 1022.349050661 -6453.490297122 -4.01672510268 -6.24289074929 -1.98814662807
2024-06-14T01:46:00.000000 1346.929330411 645.670278643 -6557.505294819 -4.13165626406 -6.30815345408 -1.47769608257
2024-06-14T01:47:00.000000 1096.066265312 265.962792253 -6630.678771997 -4.22717165040 -6.34381272597 -0.96049341414
2024-06-14T01:48:00.000000 840.065680329 -114.992169614 -6672.677395125 -4.30284276428 -6.34972277176 -0.43893611862
2024-06-14T01:49:00.000000 580.128834222 -495.408676316 -6683.312337913 -4.35833180954 -6.32587391141 0.08455963683
2024-06-14T01:50:00.000000 317.474486307 -873.504234700 -6662.539826033 -4.39339279927 -6.27238921887 0.60757624736
2024-06-14T01:51:00.000000 53.333426358 -1247.507651314 -6610.461014379 -4.40787028918 -6.18952229592 1.12770196089
2024-06-14T01:52:00.000000 -211.056897797 -1615.666837074 -6527.321388027 -4.40169840202 -6.07765583550 1.64253852348
2024-06-14T01:53:00.000000 -474.457872262 -1976.256454848 -6413.509758415 -4.37490407408 -5.93729909377 2.14970772255
2024-06-14T01:54:00.000000 -735.635236311 -2327.585656273 -6269.556756719 -4.32760516424 -5.76909265221 2.64686378526
2024-06-14T01:55:00.000000 -993.364486753 -2668.005749933 -6096.132417895 -4.26000906024 -5.57379920388 3.13170560096
2024-06-14T01:56:00.000000 -1246.436287994 -2995.917417317 -5894.043501375 -4.17241419663 -5.35230252123 3.60197847190
2024-06-14T01:57:00.000000 -1493.661955594 -3309.778017066 -5664.230372491 -4.06521069690 -5.10560815060 4.05548533565
2024-06-14T01:58:00.000000 -1733.878974143 -3608.108867667 -5407.763142970 -3.93888038559 -4.83484131603 4.49010067706
2024-06-14T01:59:00.000000 -1965.956448416 -3889.502245393 -5125.837031501 -3.79399509320 -4.54124122959 4.90378215684
2024-06-14T02:00:00.000000 -2188.800360728 -4152.627957996 -4819.767015138 -3.63121135631 -4.22615178042 5.29458058579
2024-06-14T02:01:00.000000 -2401.358560124 -4396.239499181 -4490.982089103 -3.45126787919 -3.89101758641 5.66064588272
2024-06-14T02:02:00.000000 -2602.625678514 -4619.179932644 -4141.019160256 -3.25498553717 -3.53737960874 6.00023263073
2024-06-14T02:03:00.000000 -2791.647963038 -4820.387573435 -3771.516388721 -3.04326256027 -3.16687055796 6.31171262540
2024-06-14T02:04:00.000000 -2967.527778508 -4998.901309733 -3384.205996885 -2.81707184399 -2.78120980200 6.59357955883
2024-06-14T02:05:00.000000 -3129.428163305 -5153.865673646 -2980.906632798 -2.57746229693 -2.38219736285 6.84446181197
2024-06-14T02:06:00.000000 -3276.577165104 -5284.535252377 -2563.514895654 -2.32555028134 -1.97169994766 7.06313329557
2024-06-14T02:07:00.000000 -3408.271617321 -5390.278463702 -2133.996481113 -2.06251114050 -1.55164416020 7.24851748559
2024-06-14T02:08:00.000000 -3523.880567130 -5470.580966971 -1694.377136738 -1.78957704985 -1.12401050421 7.39969026850
2024-06-14T02:09:00.000000 -3622.848650923 -5525.048628880 -1246.733213144 -1.50803383059 -0.69082324901 7.51589053384
2024-06-14T02:10:00.000000 -3704.699020631 -5553.409805438 -793.181678610 -1.21921160505 -0.25413913171 7.59652613803
2024-06-14T02:11:00.000000 -3769.035811520 -5555.516932215 -335.869901923 -0.92447885631 0.18396436877 7.64117627041
2024-06-14T02:12:00.000000 -3815.546267732 -5531.347419405 123.034695383 -0.62523603984 0.62140084570 7.64959316086
2024-06-14T02:13:00.000000 -3844.002411260 -5481.003953067 581.354990959 -0.32290765253 1.05608146274 7.62170168976
2024-06-14T02:14:00.000000 -3854.262352359 -5404.714449427 1036.914655494 -0.01893810045 1.48592235721 7.55760451750
2024-06-14T02:15:00.000000 -3846.271249619 -5302.831310955 1487.549074016 0.28521856083 1.90886270032 7.45758967242
2024-06-14T02:16:00.000000 -3820.061391885 -5175.829419554 1931.116089734 0.58811163263 2.32287921184 7.32211446245
2024-06-14T02:17:00.000000 -3775.752142296 -5024.304112160 2365.506137054 0.88829103920 2.72598290585 7.15181148155
2024-06-14T02:18:00.000000 -3713.549436199 -4848.968292759 2788.652870657 1.18432236513 3.11624697397 6.94748389917
2024-06-14T02:19:00.000000 -3633.744767573 -4650.648689545 3198.542875991 1.47478931301 3.49180286789 6.71009520862
2024-06-14T02:20:00.000000 -3536.713795022 -4430.282152967 3593.225498748 1.75830343902 3.85085124486 6.44077197813
2024-06-14T02:21:00.000000 -3422.914580739 -4188.911111876 3970.822372738 2.03350770588 4.19167408435 6.14079670309
2024-06-14T02:22:00.000000 -3292.885382734 -3927.678359266 4329.536584231 2.29908805813 4.51264532384 5.81159982084
2024-06-14T02:23:00.000000 -3147.241822861 -3647.821399054 4667.661130658 2.55377948508 4.81223337468 5.45474664950
2024-06-14T02:24:00.000000 -2986.673966184 -3350.666750716 4983.587024794 2.79636697836 5.08900563246 5.07193970852
2024-06-14T02:25:00.000000 -2811.942981326 -3037.623449216 5275.811309305 3.02569683988 5.34164550018 4.66500712151
2024-06-14T02:26:00.000000 -2623.877316003 -2710.175992668 5542.944070904 3.24068048763 5.56895437570 4.23588762110
2024-06-14T02:27:00.000000 -2423.368670084 -2369.877143649 5783.714846099 3.44029921262 5.76985635811 3.78662212433
2024-06-14T02:28:00.000000 -2211.367674061 -2018.340490610 5996.978384931 3.62360727831 5.94339966811 3.31934262588
2024-06-14T02:29:00.000000 -1988.879441762 -1657.232870779 6181.720002670 3.78973598480 6.08876311824 2.83626731365
2024-06-14T02:30:00.000000 -1756.958688811 -1288.266345563 6337.060232373 3.93790070725 6.20525948284 2.33968258310
2024-06-14T02:31:00.000000 -1516.704763171 -913.190272286 6462.258641879 4.06739791514 6.29233345386 1.83193632544
2024-06-14T02:32:00.000000 -1269.256704824 -533.783208691 6556.717448943 4.17761012659 6.34956842880 1.31543416826
2024-06-14T02:33:00.000000 -1015.787766745 -151.844417828 6619.984500310 4.26801431532 6.37668997802 0.79262096847
2024-06-14T02:34:00.000000 -757.499840664 230.814498591 6651.755213401 4.33817904389 6.37356191520 0.26597070800
2024-06-14T02:35:00.000000 -495.617874219 612.378069913 6651.874100080 4.38776731979 6.34019145916 -0.26202348691
2024-06-14T02:36:00.000000 -231.384178933 991.035503843 6620.335536876 4.41653808606 6.27672727498 -0.78886073478
2024-06-14T02:37:00.000000 33.947436048 1364.989180069 6557.283871522 4.42434902165 6.18345936782 -1.31204553858
2024-06-14T02:38:00.000000 299.117533665 1732.463000700 6463.012750961 4.41115475382 6.06081490065 -1.82909716279
2024-06-14T02:39:00.000000 562.866897040 2091.710701835 6337.964049412 4.37700836516 5.90936165427 -2.33755831641
2024-06-14T02:40:00.000000 823.942467149 2441.024213548 6182.725941272 4.32206161530 5.72980349616 -2.83501148952
2024-06-14T02:41:00.000000 1081.103204163 2778.741663596 5998.030302479 4.24656401347 5.52297700393 -3.31908520957
2024-06-14T02:42:00.000000 1333.126055226 3103.255389913 5784.749527058 4.15086464157 5.28985113413 -3.78747066285
2024-06-14T02:43:00.000000 1578.811708797 3413.019537163 5543.892433541 4.03540601642 5.03151642526 -4.23792817911
2024-06-14T02:44:00.000000 1816.990319104 3706.557412372 5276.600028889 3.90072756654 4.74918834484 -4.66829468622
2024-06-14T02:45:00.000000 2046.527204250 3982.468903564 4984.140340097 3.74746157749 4.44420214438 -5.07650107697
2024-06-14T02:46:00.000000 2266.328380894 4239.437347280 4667.902504433 3.57633203770 4.11800328978 -5.46058099627
2024-06-14T02:47:00.000000 2475.345946014 4476.235998665 4329.390319608 3.38815024921 3.77214281643 -5.81868006717
2024-06-14T02:48:00.000000 2672.583237084 4691.734214309 3970.215245047 3.18381243126 3.40827186787 -6.14906623626
2024-06-14T02:49:00.000000 2857.099791103 4884.903200276 3592.088671962 2.96429485415 3.02813249230 -6.45014206276
2024-06-14T02:50:00.000000 3028.016016078 5054.821149308 3196.813608217 2.73064934903 2.63354725421 -6.72045223852
2024-06-14T02:51:00.000000 3184.517534868 5200.677806151 2786.275972060 2.48399713257 2.22641101315 -6.95868921301
2024-06-14T02:52:00.000000 3325.859235967 5321.778624385 2362.435508349 2.22552511762 1.80868420567 -7.16370141639
2024-06-14T02:53:00.000000 3451.369049096 5417.548353348 1927.316160330 1.95647990094 1.38238100085 -7.33450135598
2024-06-14T02:54:00.000000 3560.451317269 5487.533929509 1482.996075103 1.67816084787 0.94955810933 -7.47027048502
2024-06-14T02:55:00.000000 3652.589750788 5531.406701972 1031.597361873 1.39191314163 0.51230474536 -7.57036258895
2024-06-14T02:56:00.000000 3727.350004180 5548.964116673 575.275589878 1.09912190861 0.07273253038 -7.63430942491
2024-06-14T02:57:00.000000 3784.381815377 5540.130646048 116.209034087 0.80120329308 -0.36703761753 -7.66182207318
2024-06-14T02:58:00.000000 3823.420665482 5504.958092780 -343.412063542 0.49959868099 -0.80488360212 -7.65279126889
2024-06-14T02:59:00.000000 3844.289099122 5443.625331016 -801.396431934 0.19576656099 -1.23869410295 -7.60729193475
2024-06-14T03:00:00.000000 3846.897511316 5356.437360067 -1255.562816343 -0.10882319252 -1.66637892736 -7.52558508605
2024-06-14T03:01:00.000000 3831.244435084 5243.823264378 -1703.751228399 -0.41270680951 -2.08589425290 -7.40811321638
2024-06-14T03:02:00.000000 3797.415936524 5106.333502208 -2143.833240387 -0.71442913380 -2.49523926020 -7.25548862045
2024-06-14T03:03:00.000000 3745.584950858 4944.636811333 -2573.722315970 -1.01255148016 -2.89247337826 -7.06849213887
2024-06-14T03:04:00.000000 3676.010149274 4759.516536122 -2991.383606087 -1.30565529969 -3.27571806517 -6.84806656621
2024-06-14T03:05:00.000000 3589.034498064 4551.866581458 -3394.843689027 -1.59235112228 -3.64316851889 -6.59531536888
2024-06-14T03:06:00.000000 3485.083250446 4322.686688162 -3782.199973444 -1.87128675449 -3.99310340585 -6.31149497568
2024-06-14T03:07:00.000000 3364.661463848 4073.077127307 -4151.629581771 -2.14115508295 -4.32389375896 -5.99800381861
2024-06-14T03:08:00.000000 3228.351223489 3804.233053621 -4501.397569952 -2.40069605335 -4.63400673841 -5.65637386374
2024-06-14T03:09:00.000000 3076.808664671 3517.438530735 -4829.864781976 -2.64870263603 -4.92201275793 -5.28826467361
2024-06-14T03:10:00.000000 2910.760597827 3214.060143994 -5135.495231292 -2.88402679013 -5.18659156348 -4.89545419259
2024-06-14T03:11:00.000000 2731.000827837 2895.540263364 -5416.862941051 -3.10558434255 -5.42653834948 -4.47982975019
2024-06-14T03:12:00.000000 2538.386165073 2563.389954361 -5672.658173320 -3.31235990323 -5.64076863557 -4.04337681541
2024-06-14T03:13:00.000000 2333.832188375 2219.181663140 -5901.693013041 -3.50341066693 -5.82832146161 -3.58816919083
2024-06-14T03:14:00.000000 2118.308732777 1864.541686231 -6102.906338502 -3.67787156419 -5.98836303015 -3.11635683039
2024-06-14T03:15:00.000000 1892.835198973 1501.142562070 -6275.367992273 -3.83495514168 -6.12018570160 -2.63015437695
2024-06-14T03:16:00.000000 1658.475903102 1130.695470668 -6418.282522472 -3.97395223114 -6.22320941584 -2.13183670281
2024-06-14T03:17:00.000000 1416.335206808 754.942448095 -6530.992616554 -4.09423848957 -6.29698693179 -1.62373111053
2024-06-14T03:18:00.000000 1167.552296893 375.648294629 -6612.981693805 -4.19527675360 -6.34120573813 -1.10819833738
2024-06-14T03:19:00.000000 913.296097483 -5.407304656 -6663.875639026 -4.27661312585 -6.35568245108 -0.58762742986
2024-06-14T03:20:00.000000 654.760078743 -386.437709069 -6683.444447137 -4.33788472546 -6.34036904111 -0.06442985847
2024-06-14T03:21:00.000000 393.156686307 -765.657404719 -6671.603032875 -4.37882138282 -6.29535063306 0.45897744711
2024-06-14T03:22:00.000000 129.711924107 -1141.289896840 -6628.411230133 -4.39924061002 -6.22084236757 0.98018110791
2024-06-14T03:23:00.000000 -134.339946491 -1511.575546608 -6554.073460968 -4.39905077169 -6.11719108447 1.49677748795
2024-06-14T03:24:00.000000 -397.761920261 -1874.779346370 -6448.937731183 -4.37825155407 -5.98486994065 2.00638477809
2024-06-14T03:25:00.000000 -659.319678042 -2229.198442447 -6313.494208193 -4.33693258891 -5.82447839599 2.50664727866
2024-06-14T03:26:00.000000 -917.786958603 -2573.169837940 -6148.373351696 -4.27527301831 -5.63674504786 2.99524656195
2024-06-14T03:27:00.000000 -1171.950995556 -2905.077966000 -5954.343376938 -4.19354455479 -5.42252175074 3.46991002710
2024-06-14T03:28:00.000000 -1420.618220875 -3223.362053290 -5732.307183970 -4.09211469598 -5.18278252647 3.92842403310
2024-06-14T03:29:00.000000 -1662.619795976 -3526.523293073 -5483.298401043 -3.97143965810 -4.91861832037 4.36864538402
2024-06-14T03:30:00.000000 -1896.816890195 -3813.131762818 -5208.476932333 -3.83206295727 -4.63123332624 4.78850981183
2024-06-14T03:31:00.000000 -2122.105811280 -4081.833062291 -4909.123980729 -3.67461201473 -4.32194029130 5.18603939271
2024-06-14T03:32:00.000000 -2337.423026444 -4331.354736159 -4586.636678036 -3.49979869279 -3.99215753121 5.55934896555
2024-06-14T03:33:00.000000 -2541.750302397 -4560.512483593 -4242.522177230 -3.30842048335 -3.64340378389 5.90665880902
2024-06-14T03:34:00.000000 -2734.119694775 -4768.215936284 -3878.390957145 -3.10135529915 -3.27729015496 6.22630592411
2024-06-14T03:35:00.000000 -2913.618214205 -4953.473982279 -3495.949587153 -2.87955622339 -2.89551319290 6.51675135485
2024-06-14T03:36:00.000000 -3079.392205730 -5115.399739743 -3096.993087589 -2.64404770112 -2.49984966632 6.77658682783
2024-06-14T03:37:00.000000 -3230.651583319 -5253.215151475 -2683.396850486 -2.39592364005 -2.09214879648 7.00454306393
2024-06-14T03:38:00.000000 -3366.673854140 -5366.255082157 -2257.108028584 -2.13634191510 -1.67432400181 7.19949900674
2024-06-14T03:39:00.000000 -3486.807712367 -5453.970875710 -1820.136424097 -1.86651710585 -1.24834302194 7.36048755305
2024-06-14T03:40:00.000000 -3590.476416526 -5515.933380807 -1374.545133580 -1.58771931038 -0.81621993800 7.48670115871
2024-06-14T03:41:00.000000 -3677.180871994 -5551.835360423 -922.440689794 -1.30126491057 -0.38000222198 7.57750008364
2024-06-14T03:42:00.000000 -3746.502167776 -5561.493170151 -465.962958478 -1.00850976462 0.05823879665 7.63241306971
2024-06-14T03:43:00.000000 -3798.103811239 -5544.847987275 -7.274945865 -0.71084398049 0.49641547672 7.65114061899
2024-06-14T03:44:00.000000 -3831.733579626 -5501.966455061 451.447609142 -0.40968541242 0.93243537974 7.63355880174
2024-06-14T03:45:00.000000 -3847.224915121 -5433.040583483 908.026877694 -0.10647009469 1.36421370803 7.57972114303
2024-06-14T03:46:00.000000 -3844.497848899 -5338.387043944 1360.293492413 0.19735220538 1.78968121094 7.48985695207
2024-06-14T03:47:00.000000 -3823.559601357 -5218.445915243 1806.097246241 0.50032695118 2.20679606294 7.36437505131
2024-06-14T03:48:00.000000 -3784.504620371 -5073.778681408 2243.317710391 0.80100213282 2.61355479854 7.20385978922
2024-06-14T03:49:00.000000 -3727.514078465 -4905.065474675 2669.874792226 1.09794100702 3.00800824294 7.00906854173
2024-06-14T03:50:00.000000 -3652.854837273 -4713.101674767 3083.738770886 1.38972395618 3.38826543156 6.78092422996
2024-06-14T03:51:00.000000 -3560.878239953 -4498.793938538 3482.940183938 1.67495612173 3.75250912065 6.52050945924
2024-06-14T03:52:00.000000 -3452.018410471 -4263.155769902 3865.579139607 1.95227413202 4.09899616630 6.22906136650
2024-06-14T03:53:00.000000 -3326.790164402 -4007.302749265 4229.834571954 2.22035267934 4.42606900931 5.90796934497
2024-06-14T03:54:00.000000 -3185.786497615 -3732.447033156 4573.973159772 2.47791258945 4.73216806221 5.55876646243
2024-06-14T03:55:00.000000 -3029.675588208 -3439.891273886 4896.357493919 2.72372757584 5.01583588463 5.18311522736
2024-06-14T03:56:00.000000 -2859.197544100 -3131.022491351 5195.453745357 2.95662695765 5.27571950602 4.78280589577
2024-06-14T03:57:00.000000 -2675.160850324 -2807.305410525 5469.839162942 3.17550377283 5.51058333312 4.35974816926
2024-06-14T03:58:00.000000 -2478.438340742 -2470.275234269 5718.208798674 3.37932060719 5.71931415460 3.91595726394
2024-06-14T03:59:00.000000 -2269.962892007 -2121.530207756 5939.381516527 3.56711429182 5.90092454128 3.45354309384
2024-06-14T04:00:00.000000 -2050.722879566 -1762.723957226 6132.305288336 3.73799778548 6.05455582215 2.97469745787
2024-06-14T04:01:00.000000 -1821.757607553 -1395.557753356 6296.061897281 3.89116169679 6.17947944752 2.48168822264
2024-06-14T04:02:00.000000 -1584.152430131 -1021.772544103 6429.871224447 4.02588068105 6.27510155402 1.97684847400
2024-06-14T04:03:00.000000 -1339.033674547 -643.140827543 6533.094866236 4.14151523630 6.34096522467 1.46256767733
2024-06-14T04:04:00.000000 -1087.563347384 -261.458329587 6605.239196346 4.23751559674 6.37675323465 0.94128060241
2024-06-14T04:05:00.000000 -830.933715085 121.464480586 6645.957756024 4.31342342354 6.38229175273 0.41545505251
2024-06-14T04:06:00.000000 -570.361754371 503.810915429 6655.052787584 4.36887360472 6.35754681017 -0.11242076823
2024-06-14T04:07:00.000000 -307.083466165 883.766504358 6632.476286131 4.40359786220 6.30262694981 -0.63984563806
2024-06-14T04:08:00.000000 -42.348005700 1259.527565744 6578.330302945 4.41742560731 6.21778247295 -1.16432126319
2024-06-14T04:09:00.000000 222.588141192 1629.309591796 6492.866465267 4.41028336853 6.10340221456 -1.68336104350
2024-06-14T04:10:00.000000 486.467041432 1991.355608486 6376.485025069 4.38219661375 5.96001540577 -2.19449982801
2024-06-14T04:11:00.000000 748.035258369 2343.944522750 6229.733100492 4.33328921565 5.78828710547 -2.69530899039
2024-06-14T04:12:00.000000 1006.049692583 2685.399114964 6053.302334916 4.26378241825 5.58901601804 -3.18340077408
2024-06-14T04:13:00.000000 1259.283511224 3014.094186779 5848.025999345 4.17399691576 5.36313616201 -3.65644543220
2024-06-14T04:14:00.000000 1506.532003395 3328.464386007 5614.875067873 4.06434875194 5.11170717110 -4.11218329271
2024-06-14T04:15:00.000000 1746.618282513 3627.011638425 5354.953834268 3.93534949947 4.83591134135 -4.54843249747
2024-06-14T04:16:00.000000 1978.398919223 3908.312310800 5069.494940295 3.78760239414 4.53704793608 -4.96309642129
2024-06-14T04:17:00.000000 2200.769507890 4171.024335707 4759.854017031 3.62180502931 4.21653526562 -5.35417632444
2024-06-14T04:18:00.000000 2412.670199304 4413.894033634 4427.503248001 3.43874437846 3.87590041429 -5.71978747581
2024-06-14T04:19:00.000000 2613.090941942 4635.762341701 4074.024118366 3.23929174421 3.51676601421 -6.05817259005
2024-06-14T04:20:00.000000 2801.076272831 4835.570006321 3701.099845069 3.02439472818 3.14083749742 -6.36769634282
2024-06-14T04:21:00.000000 2975.729853463 5012.362905686 3310.508035486 2.79507757150 2.74991462585 -6.64685135897
2024-06-14T04:22:00.000000 3136.219174837 5165.297510482 2904.112356810 2.55244263700 2.34588238167 -6.89427854816
2024-06-14T04:23:00.000000 3281.780020850 5293.645715157 2483.853041055 2.29766175848 1.93069680378 -7.10878888163
2024-06-14T04:24:00.000000 3411.720169816 5396.797938571 2051.736776185 2.03196213308 1.50635403666 -7.28935094288
2024-06-14T04:25:00.000000 3525.422730840 5474.266018270 1609.827315677 1.75662676962 1.07490317379 -7.43509919726
2024-06-14T04:26:00.000000 3622.349256014 5525.685776177 1160.235109044 1.47298643473 0.63842600618 -7.54534148765
2024-06-14T04:27:00.000000 3702.042421707 5550.818743364 705.106932505 1.18241328979 0.19902955899 -7.61955997724
2024-06-14T04:28:00.000000 3764.128330098 5549.553357394 246.615268863 0.88631493107 -0.24116526261 -7.65741674057
2024-06-14T04:29:00.000000 3808.318367444 5521.905363060 -213.052622603 0.58612480494 -0.68003786597 -7.65875687041
2024-06-14T04:30:00.000000 3834.410462043 5468.017471731 -671.705619657 0.28329277687 -1.11547818098 -7.62360620311
2024-06-14T04:31:00.000000 3842.289840376 5388.158443495 -1127.159544982 -0.02072216271 -1.54539644442 -7.55217029764
2024-06-14T04:32:00.000000 3831.929382110 5282.721543269 -1577.247903384 -0.32445837363 -1.96773388837 -7.44483271094
2024-06-14T04:33:00.000000 3803.389536085 5152.222369453 -2019.832513580 -0.62645995896 -2.38047347108 -7.30215307130
2024-06-14T04:34:00.000000 3756.817742680 4997.295997906 -2452.813947308 -0.92528441892 -2.78165153570 -7.12486264096
2024-06-14T04:35:00.000000 3692.447421286 4818.693490658 -2874.141646342 -1.21950901678 -3.16936676087 -6.91385842362
2024-06-14T04:36:00.000000 3610.596601326 4617.277888577 -3281.823752608 -1.50773773755 -3.54178960272 -6.67019908207
2024-06-14T04:37:00.000000 3511.666062109 4394.019612739 -3673.936588963 -1.78860934951 -3.89717164244 -6.39509725203
2024-06-14T04:38:00.000000 3396.137061277 4149.991369767 -4048.633661777 -2.06080342731 -4.23385301886 -6.08991198661
2024-06-14T04:39:00.000000 3264.568710531 3886.362595170 -4404.154224541 -2.32304627109 -4.55027062575 -5.75614088095
2024-06-14T04:40:00.000000 3117.594995276 3604.393427991 -4738.831295568 -2.57411672324 -4.84496517981 -5.39541011357
2024-06-14T04:41:00.000000 2955.921461462 3305.428323839 -5051.099069242 -2.81285138225 -5.11658598995 -5.00946456896
2024-06-14T04:42:00.000000 2780.321602117 2990.889435319 -5339.499779927 -3.03814959150 -5.36389431062 -4.60015934190
2024-06-14T04:43:00.000000 2591.632973326 2662.269772086 -5602.690119580 -3.24897711507 -5.58576864595 -4.16945356718
2024-06-14T04:44:00.000000 2390.753056729 2321.125884416 -5839.447141416 -3.44437167065 -5.78121278772 -3.71939710230
2024-06-14T04:45:00.000000 2178.634828425 1969.070343522 -6048.673273927 -3.62344607912 -5.94935584010 -3.25211803040
2024-06-14T04:46:00.000000 1956.282167830 1607.764167195 -6229.400759031 -3.78539103648 -6.08945399304 -2.76981353443
2024-06-14T04:47:00.000000 1724.745179500 1238.909192812 -6380.795487169 -3.92947501010 -6.20089001672 -2.27474066904
2024-06-14T04:48:00.000000 1485.115392993 864.240424099 -6502.160529393 -4.05505059175 -6.28317763006 -1.76921322557
2024-06-14T04:49:00.000000 1238.520550690 485.517975873 -6592.938966828 -4.16155682523 -6.33596465276 -1.25558165737
2024-06-14T04:50:00.000000 986.119567163 104.519189248 -6652.715877000 -4.24851628956 -6.35902995725 -0.73622825739
2024-06-14T04:51:00.000000 729.097373581 -276.969366504 -6681.220031469 -4.31554010325 -6.35228725575 -0.21355877682
2024-06-14T04:52:00.000000 468.659455221 -657.159993548 -6678.324879617 -4.36233164573 -6.31578423638 0.31001310498
2024-06-14T04:53:00.000000 206.026467321 -1034.271706720 -6644.048720303 -4.38868176894 -6.24969740135 0.83207228301
2024-06-14T04:54:00.000000 -57.571114839 -1406.538106374 -6578.554609366 -4.39447273293 -6.15433596464 1.35021195928
2024-06-14T04:55:00.000000 -320.898432272 -1772.215150281 -6482.149431150 -4.37967521182 -6.03013507911 1.86204475721
2024-06-14T04:56:00.000000 -582.721527549 -2129.588690464 -6355.282780024 -4.34435031473 -5.87765737738 2.36520184813
2024-06-14T04:57:00.000000 -841.813001392 -2476.982289539 -6198.545414728 -4.28865508729 -5.69759654453 2.85735030188
2024-06-14T04:58:00.000000 -1096.957650310 -2812.764895988 -6012.666616606 -4.21283836770 -5.49077067078 3.33620692902
2024-06-14T04:59:00.000000 -1346.957866670 -3135.358151863 -5798.511008733 -4.11723767241 -5.25811781950 3.79954444233
2024-06-14T05:00:00.000000 -1590.638961126 -3443.243543044 -5557.074989314 -4.00227947679 -5.00069430441 4.24519911114
2024-06-14T05:01:00.000000 -1826.854504973 -3734.969420820 -5289.482629753 -3.86847923552 -4.71967209387 4.67108087009
2024-06-14T05:02:00.000000 -2054.491624288 -4009.157808855 -4996.980919810 -3.71643959776 -4.41633414218 5.07518399387
2024-06-14T05:03:00.000000 -2272.476178955 -4264.510914357 -4680.934442923 -3.54684884661 -4.09206942157 5.45559588923
2024-06-14T05:04:00.000000 -2479.777845427 -4499.817356177 -4342.819516467 -3.36047878012 -3.74836870055 5.81050642177
2024-06-14T05:05:00.000000 -2675.415044771 -4713.958096785 -3984.217723045 -3.15818189165 -3.38681784792 6.13821840078
2024-06-14T05:06:00.000000 -2858.459681707 -4905.911927421 -3606.808898178 -2.94088790237 -3.00909121271 6.43715526901
2024-06-14T05:07:00.000000 -3028.041659348 -5074.760600403 -3212.363613775 -2.70959953282 -2.61694489898 6.70587050252
2024-06-14T05:08:00.000000 -3183.353131062 -5219.693463900 -2802.735173705 -2.46538866323 -2.21220832086 6.94305370722
2024-06-14T05:09:00.000000 -3323.652577989 -5340.011703210 -2379.851239487 -2.20939373828 -1.79677884335 7.14753859808
2024-06-14T05:10:00.000000 -3448.268632203 -5435.132134840 -1945.704856369 -1.94281323587 -1.37261147809 7.31831300961
2024-06-14T05:11:00.000000 -3556.603466899 -5504.590359284 -1502.345077685 -1.66689942753 -0.94170935997 7.45452294724
2024-06-14T05:12:00.000000 -3648.135895773 -5548.043383640 -1051.867290315 -1.38295357718 -0.50611442485 7.55547913695
2024-06-14T05:13:00.000000 -3722.424087408 -5565.271617456 -596.403175299 -1.09231849995 -0.06789645966 7.62066136161
2024-06-14T05:14:00.000000 -3779.107887513 -5556.180250563 -138.110488844 -0.79637299796 0.37085670253 7.64972136494
2024-06-14T05:15:00.000000 -3817.910783070 -5520.800001645 320.837369164 -0.49652500755 0.80805054993 7.64248626237
2024-06-14T05:16:00.000000 -3838.641420291 -5459.287194399 778.261913005 -0.19420409029 1.24159440152 7.59895960604
2024-06-14T05:17:00.000000 -3841.194690598 -5371.923208794 1231.990192282 0.10914576062 1.66941232448 7.51932233409
2024-06-14T05:18:00.000000 -3825.552372492 -5259.113274436 1679.865416963 0.41207345723 2.08945355543 7.40393216749
2024-06-14T05:19:00.000000 -3791.783334905 -5121.384627762 2119.757551103 0.71312847977 2.49970403828 7.25332268671
2024-06-14T05:20:00.000000 -3740.043248693 -4959.383982986 2549.573761300 1.01086938623 2.89819675898 7.06819990063
2024-06-14T05:21:00.000000 -3670.573802829 -4773.874415658 2967.268653662 1.30387133326 3.28302181162 6.84943825893
2024-06-14T05:22:00.000000 -3583.701531751 -4565.731624371 3370.854218592 1.59073213561 3.65233641246 6.59807525315
2024-06-14T05:23:00.000000 -3479.836228285 -4335.939660186 3758.409476795 1.87008014831 4.00437318053 6.31530689005
2024-06-14T05:24:00.000000 -3359.468873407 -4085.586109872 4128.089769445 2.14058153978 4.33744955981 6.00247952968
2024-06-14T05:25:00.000000 -3223.169237699 -3815.856820108 4478.135555470 2.40094495176 4.64997391465 5.66108345595
2024-06-14T05:26:00.000000 -3071.583114607 -3528.030211809 4806.880877701 2.64992829174 4.94045329645 5.29274659855
2024-06-14T05:27:00.000000 -2905.429243973 -3223.471071484 5112.761453840 2.88634381226 5.20750432746 4.89922874078
2024-06-14T05:28:00.000000 -2725.495738083 -2903.623675771 5394.322138140 3.10906744221 5.44985996566 4.48240531827
2024-06-14T05:29:00.000000 -2532.636183498 -2570.004875871 5650.223622594 3.31704185529 5.66636979336 4.04426154541
2024-06-14T05:30:00.000000 -2327.765447442 -2224.196809188 5879.248717633 3.50928224446 5.85600841919 3.58688038367
2024-06-14T05:31:00.000000 -2111.855228245 -1867.839368777 6080.307878205 3.68487954856 6.01787616496 3.11243250173
2024-06-14T05:32:00.000000 -1885.929414325 -1502.622577613 6252.444273098 3.84300395633 6.15120310099 2.62316964458
2024-06-14T05:33:00.000000 -1651.059210751 -1130.278557773 6394.838309678 3.98290839280 6.25535658389 2.12141235418
2024-06-14T05:34:00.000000 -1408.358093253 -752.573224433 6506.811377677 4.10393140070 6.32984299713 1.60953761074
2024-06-14T05:35:00.000000 -1158.976618483 -371.297902024 6587.828861807 4.20549863736 6.37430863540 1.08996602952
2024-06-14T05:36:00.000000 -904.097116140 11.738959070 6637.502475441 4.28712600151 6.38853640521 0.56515406965
2024-06-14T05:37:00.000000 -644.928185737 394.720101365 6655.592219459 4.34842218280 6.37245076381 0.03758611295
2024-06-14T05:38:00.000000 -382.699057097 775.828061473 6642.007667599 4.38909143412 6.32612031265 -0.49023894874
2024-06-14T05:39:00.000000 -118.653797629 1153.253740599 6596.808402889 4.40893470148 6.24975461424 -1.01582136721
2024-06-14T05:40:00.000000 145.954474061 1525.204814641 6520.203826476 4.40784975819 6.14370370529 -1.53666825267
2024-06-14T05:41:00.000000 409.869517510 1889.914225711 6412.552397662 4.38583515054 6.00845922445 -2.05030710271
2024-06-14T05:42:00.000000 671.837942845 2245.648493093 6274.359931251 4.34298637160 5.84464781170 -2.55429936318
2024-06-14T05:43:00.000000 930.614988782 2590.715753801 6106.277429903 4.27949622580 5.65303046959 -3.04624556137
2024-06-14T05:44:00.000000 1184.970424527 2923.473855251 5909.098377565 4.19565604093 5.43450272581 -3.52379824374
2024-06-14T05:45:00.000000 1433.694417802 3242.338295633 5683.755199390 4.09185418509 5.19008982400 -3.98467556965
2024-06-14T05:46:00.000000 1675.603292040 3545.789832487 5431.314990593 3.96857378278 4.92094086015 -4.42667161875
2024-06-14T05:47:00.000000 1909.545183497 3832.381782488 5152.974718453 3.82639193308 4.62832496111 -4.84766516467
2024-06-14T05:48:00.000000 2134.405609360 4100.747142641 4850.055816751 3.66597757427 4.31362863031 -5.24563020977
2024-06-14T05:49:00.000000 2349.112978153 4349.605487500 4523.998023952 3.48809001013 3.97834878783 -5.61865246599
2024-06-14T05:50:00.000000 2552.643720411 4577.769132453 4176.352424460 3.29357081232 3.62407896610 -5.96493371810
2024-06-14T05:51:00.000000 2744.027338197 4784.148865113 3808.774435035 3.08334785721 3.25250709074 -6.28279653548
2024-06-14T05:52:00.000000 2922.351556196 4967.759407789 3423.016150225 2.85843129573 2.86540962843 -6.57069868815
2024-06-14T05:53:00.000000 3086.766693195 5127.724766937 3020.917795017 2.61989721284 2.46465138119 -6.82724611292
2024-06-14T05:54:00.000000 3236.489747674 5263.282930856 2604.398589601 2.36889175689 2.05216311873 -7.05120005844
2024-06-14T05:55:00.000000 3370.808494655 5373.789473327 2175.447370380 2.10662758797 1.62993301494 -7.24148049745
2024-06-14T05:56:00.000000 3489.085223023 5458.720764601 1736.112750577 1.83437320031 1.19999779960 -7.39717564504
2024-06-14T05:57:00.000000 3590.759745622 5517.676599126 1288.492922250 1.55344361095 0.76443296753 -7.51754516461
2024-06-14T05:58:00.000000 3675.352077614 5550.382162836 834.725271551 1.26519622222 0.32534076677 -7.60202358595
2024-06-14T05:59:00.000000 3742.464753904 5556.689299897 376.975793236 0.97102289026 -0.11516069073 -7.65022283508
2024-06-14T06:00:00.000000 3791.784718146 5536.577210366 -82.571589833 0.67234497438 -0.55494601332 -7.66193441761
2024-06-14T06:01:00.000000 3823.084903248 5490.152443522 -541.725971480 0.37060502541 -0.99189864705 -7.63713356458
2024-06-14T06:02:00.000000 3836.225141945 5417.647999246 -998.300316700 0.06725624123 -1.42392086934 -7.57597360537
2024-06-14T06:03:00.000000 3831.152642558 5319.422003652 -1450.122127190 -0.23624297587 -1.84894110203 -7.47878585802
2024-06-14T06:04:00.000000 3807.902133165 5195.955795022 -1895.044151142 -0.53843518580 -2.26492667781 -7.34608030059
2024-06-14T06:05:00.000000 3766.595510709 5047.851167022 -2330.954941207 -0.83787343592 -2.66989604743 -7.17853938868
2024-06-14T06:06:00.000000 3707.441005020 4875.827072207 -2755.789099640 -1.13312835547 -3.06192755096 -6.97701501750
2024-06-14T06:07:00.000000 3630.731854414 4680.715694660 -3167.537283342 -1.42279714739 -3.43917017378 -6.74252275957
2024-06-14T06:08:00.000000 3536.844472056 4463.457884359 -3564.255758614 -1.70551083056 -3.79985385405 -6.47623173597
2024-06-14T06:09:00.000000 3426.236341405 4225.098198751 -3944.075332670 -1.97993674106 -4.14229233141 -6.17945762844
2024-06-14T06:10:00.000000 3299.443588695 3966.779640810 -4305.210117708 -2.24478823425 -4.46489245616 -5.85366003270
2024-06-14T06:11:00.000000 3157.077930430 3689.737753195 -4645.965788915 -2.49883262205 -4.76616362912 -5.50042906880
2024-06-14T06:12:00.000000 2999.823424114 3395.294352525 -4964.747083255 -2.74089149801 -5.04472113163 -5.12147587937
2024-06-14T06:13:00.000000 2828.433073700 3084.851024444 -5260.064923168 -2.96984649155 -5.29929236582 -4.71862746336
2024-06-14T06:14:00.000000 2643.725007406 2759.882147136 -5530.542995848 -3.18464565693 -5.52872352335 -4.29381316281
2024-06-14T06:15:00.000000 2446.578396103 2421.927775310 -5774.923614478 -3.38430731069 -5.73198031249 -3.84905709911
2024-06-14T06:16:00.000000 2237.929062863 2072.586237505 -5992.073095935 -3.56792488089 -5.90815487604 -3.38646586993
2024-06-14T06:17:00.000000 2018.764951402 1713.506565154 -6180.986334906 -3.73466791760 -6.05646496034 -2.90821760356
2024-06-14T06:18:00.000000 1790.121523697 1346.380886934 -6340.790868953 -3.88378310370 -6.17625719110 -2.41655406900
2024-06-14T06:19:00.000000 1553.077050628 972.936593954 -6470.750390679 -4.01459750660 -6.26700915158 -1.91377045324
2024-06-14T06:20:00.000000 1308.747673509 594.928541444 -6570.267728238 -4.12652244908 -6.32832799398 -1.40220837406
2024-06-14T06:21:00.000000 1058.282193309 214.131165313 -6638.887349565 -4.21905827248 -6.35995471174 -0.88424469444
2024-06-14T06:22:00.000000 802.856783670 -167.669615452 -6676.297032151 -4.29179210799 -6.36176548256 -0.36227823482
2024-06-14T06:23:00.000000 543.669704486 -548.684450328 -6682.328874022 -4.34440059938 -6.33376849139 0.16128093344
2024-06-14T06:24:00.000000 281.935975851 -927.128373883 -6656.959810123 -4.37664894983 -6.27610287915 0.68401607145
2024-06-14T06:25:00.000000 18.881987930 -1301.228748749 -6600.311597148 -4.38839225806 -6.18903904830 1.20351885193
2024-06-14T06:26:00.000000 -244.259803593 -1669.232959512 -6512.650167499 -4.37957428198 -6.07297467656 1.71739146543
2024-06-14T06:27:00.000000 -506.256407176 -2029.416183282 -6394.384770375 -4.35023335245 -5.92843824085 2.22325762738
2024-06-14T06:28:00.000000 -765.879885059 -2380.089179647 -6246.066265762 -4.30049944151 -5.75608757881 2.71877485118
2024-06-14T06:29:00.000000 -1021.912832957 -2719.605987972 -6068.384709126 -4.23059311343 -5.55670564994 3.20164756030
2024-06-14T06:30:00.000000 -1273.153747569 -3046.371212968 -5862.166383364 -4.14082424443 -5.33119546752 3.66963117682
2024-06-14T06:31:00.000000 -1518.422432059 -3358.847257398 -5628.370451424 -4.03159279029 -5.08057979084 4.12054298843
2024-06-14T06:32:00.000000 -1756.565328937 -3655.561361407 -5368.084961047 -3.90338663394 -4.80599667498 4.55227052303
2024-06-14T06:33:00.000000 -1986.460802397 -3935.112492910 -5082.522409581 -3.75678207793 -4.50869888277 4.96278013582
2024-06-14T06:34:00.000000 -2207.024421982 -4196.178101238 -4773.014597245 -3.59244251904 -4.19004818495 5.35013050252
2024-06-14T06:35:00.000000 -2417.214101605 -4437.520428282 -4441.006808379 -3.41111550102 -3.85150837828 5.71248158735
2024-06-14T06:36:00.000000 -2616.035047651 -4657.992472853 -4088.051468110 -3.21362932711 -3.49463986488 6.04810356902
2024-06-14T06:37:00.000000 -2802.544497809 -4856.543587131 -3715.801275859 -3.00088949987 -3.12109294962 6.35538492677
2024-06-14T06:38:00.000000 -2975.856268722 -5032.224703480 -3326.001892865 -2.77387609688 -2.73260244053 6.63284001165
2024-06-14T06:39:00.000000 -3135.145139067 -5184.193201795 -2920.484096975 -2.53364038623 -2.33098025028 6.87911873798
2024-06-14T06:40:00.000000 -3279.650984085 -5311.717257781 -2501.155418966 -2.28130021224 -1.91810634467 7.09301374739
2024-06-14T06:41:00.000000 -3408.682635492 -5414.179706463 -2069.991368267 -2.01803544679 -1.49592125003 7.27346794977
2024-06-14T06:42:00.000000 -3521.621432852 -5491.081375776 -1629.026190414 -1.74508215203 -1.06641599488 7.41958129472
2024-06-14T06:43:00.000000 -3617.924427834 -5542.043862129 -1180.343292699 -1.46372701420 -0.63162359649 7.53061623161
2024-06-14T06:44:00.000000 -3697.127226576 -5566.811742980 -726.065313293 -1.17530068604 -0.19360861258 7.60600339118
2024-06-14T06:45:00.000000 -3758.846418880 -5565.254134446 -268.343916651 -0.88117086580 0.24554400563 7.64534481072
2024-06-14T06:46:00.000000 -3802.781619923 -5537.365633694 190.650551889 -0.58273632129 0.68373804767 7.64841653523
2024-06-14T06:47:00.000000 -3828.717125594 -5483.266670748 648.739625785 -0.28141972288 1.11887739833 7.61517207519
2024-06-14T06:48:00.000000 -3836.523125483 -5403.203140660 1103.747390956 0.02133967648 1.54887783750 7.54574310992
2024-06-14T06:49:00.000000 -3826.156456593 -5297.545340377 1553.511183224 0.32409442983 1.97167885820 7.44043915804
2024-06-14T06:50:00.000000 -3797.660851269 -5166.786235808 1995.892157538 0.62539652787 2.38525342114 7.29974438121
2024-06-14T06:51:00.000000 -3751.166765633 -5011.539159367 2428.785726946 0.92380445926 2.78761832686 7.12431608373
2024-06-14T06:52:00.000000 -3686.890779347 -4832.534854917 2850.131827425 1.21788989489 3.17684441603 6.91498034094
2024-06-14T06:53:00.000000 -3605.134608133 -4630.617978329 3257.924949595 1.50624481201 3.55106550589 6.67272902634
2024-06-14T06:54:00.000000 -3506.283626696 -4406.743012867 3650.223942619 1.78748962360 3.90848840032 6.39871454074
2024-06-14T06:55:00.000000 -3390.804972583 -4161.969601123 4025.161488651 2.06027994424 4.24740287623 6.09424459266
2024-06-14T06:56:00.000000 -3259.245175255 -3897.457243779 4380.953161283 2.32331474484 4.56619184838 5.76077245860
2024-06-14T06:57:00.000000 -3112.227430424 -3614.459542124 4715.905824576 2.57533995495 4.86333610113 5.39988692204
2024-06-14T06:58:00.000000 -2950.448621019 -3314.318181077 5028.425660125 2.81515516349 5.13742065911 5.01330863843
2024-06-14T06:59:00.000000 -2774.675857501 -2998.456393583 5317.025732668 3.04162017822 5.38714250530 4.60287774728
2024-06-14T07:00:00.000000 -2585.742774361 -2668.372182498 5580.332926832 3.25365880604 5.61131330706 4.17054727960
2024-06-14T07:01:00.000000 -2384.545481753 -2325.631209105 5817.094506903 3.45026580998 5.80886778085 3.71837458422
2024-06-14T07:02:00.000000 -2172.038235270 -1971.859233923 6026.183918930 3.63050742147 5.97886738611 3.24850736243
2024-06-14T07:03:00.000000 -1949.229083898 -1608.734436053 6206.606198061 3.79352727550 6.12050585795 2.76318248181
2024-06-14T07:04:00.000000 -1717.174865199 -1237.979214818 6357.502736570 3.93855504424 6.23311500131 2.26470559975
2024-06-14T07:05:00.000000 -1476.976021009 -861.351892853 6478.155015115 4.06490836665 6.31616543620 1.75543738083
2024-06-14T07:06:00.000000 -1229.771359964 -480.638575163 6567.987478733 4.17198974172 6.36925999340 1.23778351959
2024-06-14T07:07:00.000000 -976.732937941 -97.645059679 6626.570304963 4.25928993182 6.39214103249 0.71419393195
2024-06-14T07:08:00.000000 -719.060582198 285.811690812 6653.621586158 4.32639255094 6.38469394226 0.18714667347
2024-06-14T07:09:00.000000 -457.976297215 667.912112589 6649.008629198 4.37297508422 6.34694647137 -0.34086418550
2024-06-14T07:10:00.000000 -194.718577017 1046.842533727 6612.748623967 4.39881057382 6.27906700694 -0.86733808374
2024-06-14T07:11:00.000000 69.463371850 1420.803634826 6545.008770798 4.40376946425 6.18136651497 -1.38977723239
2024-06-14T07:12:00.000000 333.315557502 1788.019074305 6446.105607441 4.38782143800 6.05429831189 -1.90570462914
2024-06-14T07:13:00.000000 595.585064180 2146.743748494 6316.503458720 4.35103279353 5.89845059101 -2.41267122800
2024-06-14T07:14:00.000000 855.025919137 2495.271960950 6156.812503530 4.29356857287 5.71454792522 -2.90826717114
2024-06-14T07:15:00.000000 1110.404944838 2831.945431477 5967.786090692 4.21569025889 5.50344634397 -3.39013053190
2024-06-14T07:16:00.000000 1360.507585215 3155.161227039 5750.317587244 4.11775684144 5.26613414473 -3.85595889081
2024-06-14T07:17:00.000000 1604.143690519 3463.379528203 5505.436406390 4.00022295810 5.00372613347 -4.30352093800
2024-06-14T07:18:00.000000 1840.153283056 3755.131128376 5234.303433968 3.86363932143 4.71746043772 -4.73066790379
2024-06-14T07:19:00.000000 2067.412256110 4029.024721865 4938.205697352 3.70865082951 4.40869501847 -5.13534701571
2024-06-14T07:20:00.000000 2284.837870309 4283.753720416 4618.550064934 3.53598980397 4.07889271039 -5.51561587912
2024-06-14T07:21:00.000000 2491.393910617 4518.102326782 4276.856757292 3.34647510368 3.72961764036 -5.86964069267
2024-06-14T07:22:00.000000 2686.095636408 4730.951589900 3914.752370905 3.14100077205 3.36253359834 -6.19570959062
2024-06-14T07:23:00.000000 2868.014356098 4921.285423681 3533.962638165 2.92054753545 2.97940537439 -6.49223314634
2024-06-14T07:24:00.000000 3036.283120930 5088.196135021 3136.303914318 2.68618451093 2.58207406926 -6.75778506880
2024-06-14T07:25:00.000000 3190.100664376 5230.888253639 2723.673552442 2.43903238790 2.17244242929 -6.99108587340
2024-06-14T07:26:00.000000 3328.734961407 5348.682679814 2298.041350885 2.18027986146 1.75248515663 -7.19100536261
2024-06-14T07:27:00.000000 3451.527160165 5441.020494303 1861.439874308 1.91117470138 1.32423029139 -7.35658206985
2024-06-14T07:28:00.000000 3557.894861817 5507.465692884 1415.954344323 1.63301798218 0.88974531885 -7.48702268242
2024-06-14T07:29:00.000000 3647.335224263 5547.707264899 963.712339288 1.34715779232 0.45112774243 -7.58170978691
2024-06-14T07:30:00.000000 3719.427392954 5561.560750497 506.873126730 1.05497820006 0.01049673958 -7.64020528764
2024-06-14T07:31:00.000000 3773.834437815 5548.969117114 47.616768241 0.75789102019 -0.43002223768 -7.66225347595
2024-06-14T07:32:00.000000 3810.304853291 5510.002737926 -411.866676467 0.45733105179 -0.86830879260 -7.64777696620
2024-06-14T07:33:00.000000 3828.673667074 5444.858893970 -869.387919943 0.15474653865 -1.30225468728 -7.59687919172
2024-06-14T07:34:00.000000 3828.863058356 5353.860651144 -1322.769320285 -0.14840693882 -1.72977800499 -7.50984426990
2024-06-14T07:35:00.000000 3810.882578333 5237.454895587 -1769.855580115 -0.45067350281 -2.14883483962 -7.38713254670
2024-06-14T07:36:00.000000 3774.828949499 5096.209766939 -2208.524262935 -0.75060504018 -2.55742874250 -7.22937837615
2024-06-14T07:37:00.000000 3720.885309958 4930.811530655 -2636.696104146 -1.04677054110 -2.95362066604 -7.03738546700
2024-06-14T07:38:00.000000 3649.319989477 4742.060828877 -3052.344955617 -1.33776175774 -3.33553793595 -6.81211980269
2024-06-14T07:39:00.000000 3560.484980834 4530.868507815 -3453.507437039 -1.62220023622 -3.70138153323 -6.55470698143
2024-06-14T07:40:00.000000 3454.813832189 4298.250876757 -3838.292297394 -1.89874648257 -4.04943670881 -6.26642415576
2024-06-14T07:41:00.000000 3332.819242537 4045.324348984 -4204.889255711 -2.16610244257 -4.37808290899 -5.94869174968
2024-06-14T07:42:00.000000 3195.090353580 3773.299590687 -4551.577301928 -2.42301951134 -4.68579940754 -5.60306325404
2024-06-14T07:43:00.000000 3042.289584931 3483.475408774 -4876.732409968 -2.66830431277 -4.97117024376 -5.23121673882
2024-06-14T07:44:00.000000 2875.149229934 3177.232234903 -5178.834750803 -2.90082158417 -5.23289126182 -4.83494586358
2024-06-14T07:45:00.000000 2694.467813369 2856.025315998 -5456.475375479 -3.11950024459 -5.46977321372 -4.41615135751
2024-06-14T07:46:00.000000 2501.106038734 2521.377724485 -5708.362358106 -3.32333948679 -5.68074570705 -3.97683187383
2024-06-14T07:47:00.000000 2295.982461699 2174.872991878 -5933.326330860 -3.51141181128 -5.86486428510 -3.51907141321
2024-06-14T07:48:00.000000 2080.069079797 1818.147558750 -6130.325248616 -3.68286396551 -6.02130979001 -3.04502928320
2024-06-14T07:49:00.000000 1854.386699623 1452.883167794 -6298.448687884 -3.83692305356 -6.14939202772 -2.55693099451
2024-06-14T07:50:00.000000 1620.000091507 1080.799093479 -6436.921376378 -3.97289575569 -6.24854953835 -2.05705477712
2024-06-14T07:51:00.000000 1378.013300093 703.644481219 -6545.106263254 -4.09016707426 -6.31834890268 -1.54773027682
2024-06-14T07:52:00.000000 1129.564623414 323.190394491 -6622.507466711 -4.18821218320 -6.35849418584 -1.03132912202
2024-06-14T07:53:00.000000 875.821141393 -58.778422991 -6668.772041961 -4.26659504880 -6.36882390683 -0.51024268996
2024-06-14T07:54:00.000000 617.973524509 -440.471456903 -6683.691028669 -4.32496556939 -6.34930728086 0.01312136858
2024-06-14T07:55:00.000000 357.230795421 -820.100331615 -6667.200246269 -4.36306279445 -6.30004659224 0.53634728117
2024-06-14T07:56:00.000000 94.814973406 -1195.886707167 -6619.380374882 -4.38071407794 -6.22127337538 1.05702227072
2024-06-14T07:57:00.000000 -168.044334874 -1566.070069352 -6540.456706495 -4.37784031602 -6.11335095752 1.57274154379
2024-06-14T07:58:00.000000 -430.115529138 -1928.915595400 -6430.798167382 -4.35445290863 -5.97677175413 2.08112279024
2024-06-14T07:59:00.000000 -690.170411460 -2282.721933680 -6290.915809639 -4.31065488372 -5.81215920737 2.57981372023
2024-06-14T08:00:00.000000 -946.989728093 -2625.828882191 -6121.460524822 -4.24664050782 -5.62025987453 3.06650596891
2024-06-14T08:01:00.000000 -1199.368560086 -2956.624671847 -5923.220313047 -4.16269342956 -5.40194218123 3.53893926456
2024-06-14T08:02:00.000000 -1446.121669866 -3273.553272468 -5697.117067072 -4.05918589247 -5.15819487704 3.99491204052
2024-06-14T08:03:00.000000 -1686.088835513 -3575.121515444 -5444.202835976 -3.93657976085 -4.89012435638 4.43228892045
2024-06-14T08:04:00.000000 -1918.140245881 -3859.906109823 -5165.655539332 -3.79542673656 -4.59895323152 4.84901183250
2024-06-14T08:05:00.000000 -2141.181815108 -4126.560476229 -4862.773894105 -3.63636506514 -4.28601416876 5.24311406199
2024-06-14T08:06:00.000000 -2354.160256917 -4373.821087734 -4536.971712123 -3.46011626311 -3.95274229270 5.61272680306
2024-06-14T08:07:00.000000 -2556.068032877 -4600.513511452 -4189.771802463 -3.26748343475 -3.60067152759 5.95608716322
2024-06-14T08:08:00.000000 -2745.948189706 -4805.558175291 -3822.799328967 -3.05934915555 -3.23142883659 6.27154785441
2024-06-14T08:09:00.000000 -2922.899021337 -4987.975745475 -3437.774595262 -2.83667174118 -2.84672749178 6.55758625906
2024-06-14T08:10:00.000000 -3086.078484230 -5146.892102196 -3036.505302630 -2.60048091002 -2.44835991325 6.81281303225
2024-06-14T08:11:00.000000 -3234.708387256 -5281.542850584 -2620.878344908 -2.35187501269 -2.03819021210 7.03597926603
2024-06-14T08:12:00.000000 -3368.078369662 -5391.277376176 -2192.851061674 -2.09201513081 -1.61814458247 7.22598700646
2024-06-14T08:13:00.000000 -3485.549420413 -5475.562199681 -1754.442081465 -1.82211798290 -1.19020063995 7.38189115135
2024-06-14T08:14:00.000000 -3586.557166120 -5533.983974799 -1307.722003832 -1.54345419014 -0.75638367436 7.50290703226
2024-06-14T08:15:00.000000 -3670.614881025 -5566.251901887 -854.803433519 -1.25733965423 -0.31875069080 7.58841868017
2024-06-14T08:16:00.000000 -3737.315987820 -5572.199346520 -397.830923432 -0.96512940870 0.12061738387 7.63797797661
2024-06-14T08:17:00.000000 -3786.336262165 -5551.785027091 61.029254122 -0.66821264745 0.55962476274 7.65130976778
2024-06-14T08:18:00.000000 -3817.435684000 -5505.093587898 519.599631299 -0.36800541784 0.99617181057 7.62831666591
2024-06-14T08:19:00.000000 -3830.459773763 -5432.335446269 975.702267533 -0.06594160606 1.42816766427 7.56908017285
2024-06-14T08:20:00.000000 -3825.340428314 -5333.845934946 1427.169462061 0.23653454965 1.85354128896 7.47386009892
2024-06-14T08:21:00.000000 -3802.096320500 -5210.083734411 1871.854425740 0.53797625157 2.27025425053 7.34309306265
2024-06-14T08:22:00.000000 -3760.832804326 -5061.628575236 2307.641726711 0.83694192298 2.67631108933 7.17738634606
2024-06-14T08:23:00.000000 -3701.741464371 -4889.178575218 2732.457394821 1.13199952432 3.06976145212 6.97751594869
2024-06-14T08:24:00.000000 -3625.099318170 -4693.547183363 3144.279233380 1.42173515847 3.44871514131 6.74443059766
2024-06-14T08:25:00.000000 -3531.267434956 -4475.659052942 3541.146893871 1.70476248990 3.81135689678 6.47924165033
2024-06-14T08:26:00.000000 -3420.689048084 -4236.545310537 3921.171352181 1.97972970329 4.15595381756 6.18321371571
2024-06-14T08:27:00.000000 -3293.887345861 -3977.338449706 4282.543903755 2.24532469477 4.48086115857 5.85775857224
2024-06-14T08:28:00.000000 -3151.462880727 -3699.266819368 4623.544774719 2.50028163591 4.78452959377 5.50442752874
2024-06-14T08:29:00.000000 -2994.090625874 -3403.648682405 4942.551267933 2.74338666019 5.06551241392 5.12490364914
2024-06-14T08:30:00.000000 -2822.516705491 -3091.885907835 5238.045410209 2.97348249253 5.32247008757 4.72099381790
2024-06-14T08:31:00.000000 -2637.554849527 -2765.457310533 5508.621266997 3.18947452345 5.55417996955 4.29462402967
2024-06-14T08:32:00.000000 -2440.082418011 -2425.911366035 5752.991595917 3.39033623174 5.75954148260 3.84782304721
2024-06-14T08:33:00.000000 -2231.036235815 -2074.858859603 5969.993922245 3.57511386034 5.93758096380 3.38271916058
2024-06-14T08:34:00.000000 -2011.407982133 -1713.964994832 6158.595986950 3.74293279445 6.08745764735 2.90152226884
2024-06-14T08:35:00.000000 -1782.239394913 -1344.941442605 6317.900333348 3.89299985567 6.20846375582 2.40651427196
2024-06-14T08:36:00.000000 -1544.617268920 -969.538327130 6447.148319264 4.02460634761 6.30002538626 1.90003917096
2024-06-14T08:37:00.000000 -1299.668354387 -589.536098311 6545.723629533 4.13712970330 6.36170657392 1.38449524151
2024-06-14T08:38:00.000000 -1048.554104701 -206.737154560 6613.155148527 4.23003615868 6.39321159227 0.86232242190
2024-06-14T08:39:00.000000 -792.465235410 177.042580861 6649.119154818 4.30288464362 6.39438576500 0.33599179911
2024-06-14T08:40:00.000000 -532.616145375 559.982167393 6653.440786440 4.35532645637 6.36521615213 -0.19200730345
2024-06-14T08:41:00.000000 -270.239339558 940.264101338 6626.094911349 4.38710752887 6.30583043591 -0.71917468583
2024-06-14T08:42:00.000000 -6.579664788 1316.082826393 6567.206465282 4.39807064917 6.21649980259 -1.24301067233
2024-06-14T08:43:00.000000 257.111501472 1685.653351129 6477.049941625 4.38815528509 6.09763736050 -1.76103186520
2024-06-14T08:44:00.000000 519.582101581 2047.219582373 6356.048133837 4.35739971597 5.94979317390 -2.27077970032
2024-06-14T08:45:00.000000 779.585306907 2399.062542457 6204.770313828 4.30593931974 5.77365382917 -2.76983218825
2024-06-14T08:46:00.000000 1035.885292463 2739.508434959 6023.929774798 4.23400596025 5.57003875678 -3.25581130793
2024-06-14T08:47:00.000000 1287.263140638 3066.936676153 5814.380918083 4.14193172990 5.33990201084 -3.72639487268
2024-06-14T08:48:00.000000 1532.522802649 3379.787780518 5577.115340573 4.03014578431 5.08432450612 -4.17933350121
2024-06-14T08:49:00.000000 1770.496802082 3676.570767273 5313.257249746 3.89917118859 4.80450850785 -4.61245759787
2024-06-14T08:50:00.000000 2000.051789632 3955.870369012 5024.058363669 3.74962178746 4.50177450050 -5.02368815942
2024-06-14T08:51:00.000000 2220.093935565 4216.353930469 4710.892248418 3.58220135068 4.17755546217 -5.41104375056
2024-06-14T08:52:00.000000 2429.574298605 4456.778096675 4375.248077967 3.39770095876 3.83339335076 -5.77265481345
2024-06-14T08:53:00.000000 2627.493894577 4675.995053828 4018.723698225 3.19699608414 3.47093069106 -6.10676868012
2024-06-14T08:54:00.000000 2812.909092047 4872.958574913 3643.018243375 2.98105610441 3.09190969254 -6.41176846854
2024-06-14T08:55:00.000000 2984.936500184 5046.729215376 3249.923073788 2.75091252133 2.69814189115 -6.68619183454
2024-06-14T08:56:00.000000 3142.756502039 5196.478428432 2841.313547195 2.50766639790 2.29151726752 -6.92870484266
2024-06-14T08:57:00.000000 3285.617827956 5321.493291601 2419.140238877 2.25249025293 1.87399476637 -7.13813595490
2024-06-14T08:58:00.000000 3412.841295350 5421.180095207 1985.419163781 1.98661411620 1.44758854271 -7.31347628615
2024-06-14T08:59:00.000000 3523.823181485 5495.067380175 1542.221789258 1.71132264027 1.01435658126 -7.45388691075
2024-06-14T09:00:00.000000 3618.038352497 5542.808169311 1091.664796561 1.42794934070 0.57638959823 -7.55870046946
2024-06-14T09:01:00.000000 3695.042868677 5564.181713560 635.899576446 1.13786545292 0.13580207989 -7.62742774696
2024-06-14T09:02:00.000000 3754.476042303 5559.094553445 177.101522845 0.84247416784 -0.30527860546 -7.65975863855
2024-06-14T09:03:00.000000 3796.062146857 5527.580965102 -282.540943424 0.54320209933 -0.74472576036 -7.65556944376
2024-06-14T09:04:00.000000 3819.611446315 5469.802348993 -740.837366327 0.24148811947 -1.18042920529 -7.61491388905
2024-06-14T09:05:00.000000 3825.020903514 5386.046153566 -1195.605734748 -0.06121662258 -1.61029900286 -7.53802051266
2024-06-14T09:06:00.000000 3812.274771256 5276.724375232 -1644.683082216 -0.36345539267 -2.03227479305 -7.42529599741
2024-06-14T09:07:00.000000 3781.444635790 5142.371450835 -2085.936280877 -0.66377596720 -2.44433905953 -7.27732839866
2024-06-14T09:08:00.000000 3732.688714713 4983.641134864 -2517.272695500 -0.96074413259 -2.84453304310 -7.09487654993
2024-06-14T09:09:00.000000 3666.250695429 4801.302845337 -2936.650121520 -1.25294545513 -3.23096157221 -6.87886282820
2024-06-14T09:10:00.000000 3582.458359664 4596.237518078 -3342.086555951 -1.53899299625 -3.60180418564 -6.63037024308
2024-06-14T09:11:00.000000 3481.721654817 4369.432892535 -3731.669599950 -1.81753604747 -3.95532239975 -6.35063497556
2024-06-14T09:12:00.000000 3364.530307946 4121.978332985 -4103.565440670 -2.08726699900 -4.28986871934 -6.04103855449
2024-06-14T09:13:00.000000 3231.451089032 3855.059154365 -4456.027243623 -2.34692596469 -4.60389309633 -5.70309724175
2024-06-14T09:14:00.000000 3083.124834269 3569.950608633 -4787.402994768 -2.59530473655 -4.89594871207 -5.33845421278
2024-06-14T09:15:00.000000 2920.263171966 3268.011510840 -5096.142894501 -2.83125308865 -5.16469807867 -4.94887197043
2024-06-14T09:16:00.000000 2743.644846714 2950.677499436 -5380.806182411 -3.05368445467 -5.40891829578 -4.53622056567
2024-06-14T09:17:00.000000 2554.111845014 2619.454112438 -5640.067313989 -3.26157792293 -5.62750282623 -4.10247001787
2024-06-14T09:18:00.000000 2352.565255684 2275.909614713 -5872.721821493 -3.45398594906 -5.81946889044 -3.64968373495
2024-06-14T09:19:00.000000 2139.960718031 1921.667397304 -6077.691376935 -3.63003703580 -5.98396153428 -3.18000045245
2024-06-14T09:20:00.000000 1917.303940518 1558.398345752 -6254.028035934 -3.78893449604 -6.12025286012 -2.69562710315
2024-06-14T09:21:00.000000 1685.646017774 1187.813137503 -6400.918100108 -3.92996251542 -6.22774415763 -2.19882905457
2024-06-14T09:22:00.000000 1446.078621012 811.654541066 -6517.685337213 -4.05248431955 -6.30596539630 -1.69192321567
2024-06-14T09:23:00.000000 1199.729100235 431.689460995 -6603.793921164 -4.15594915346 -6.35458251964 -1.17727001647
2024-06-14T09:24:00.000000 947.755121377 49.700807183 -6658.850514316 -4.23989681340 -6.37339552035 -0.65725602632
2024-06-14T09:25:00.000000 691.339380436 -332.520455528 -6682.605487800 -4.30395261162 -6.36233580645 -0.13428459003
2024-06-14T09:26:00.000000 431.684446919 -713.183223203 -6674.953787684 -4.34782929176 -6.32146693705 0.38923042081
2024-06-14T09:27:00.000000 170.007474091 -1090.504102236 -6635.935346062 -4.37132878586 -6.25098343575 0.91087051436
2024-06-14T09:28:00.000000 -92.465312633 -1462.715440772 -6565.734993114 -4.37434644259 -6.15121427471 1.42822778618
2024-06-14T09:29:00.000000 -354.504107308 -1828.073136253 -6464.681488352 -4.35686775028 -6.02261581054 1.93891217057
2024-06-14T09:30:00.000000 -614.881035383 -2184.864452040 -6333.246224242 -4.31897149500 -5.86577689350 2.44056349424
2024-06-14T09:31:00.000000 -872.375604213 -2531.415683023 -6172.040914042 -4.26082413699 -5.68140813196 2.93086392194
2024-06-14T09:32:00.000000 -1125.779958168 -2866.099408916 -5981.815114264 -4.18268109246 -5.47034248848 3.40753808713
2024-06-14T09:33:00.000000 -1373.904279756 -3187.341879617 -5763.453349734 -4.08488835159 -5.23353581404 3.86836416170
2024-06-14T09:34:00.000000 -1615.582256266 -3493.630339870 -5517.971540854 -3.96788335359 -4.97206456751 4.31118652598
2024-06-14T09:35:00.000000 -1849.676505180 -3783.520076481 -5246.512661900 -3.83219236570 -4.68711944468 4.73392699140
2024-06-14T09:36:00.000000 -2075.083806411 -4055.641141403 -4950.341855367 -3.67842749816 -4.38000128116 5.13459290826
2024-06-14T09:37:00.000000 -2290.740199443 -4308.704839964 -4630.841035033 -3.50728511070 -4.05211689974 5.51128623036
2024-06-14T09:38:00.000000 -2495.625990630 -4541.509910223 -4289.502911868 -3.31954393370 -3.70497276963 5.86221301985
2024-06-14T09:39:00.000000 -2688.770617826 -4752.948354753 -3927.924527940 -3.11606263300 -3.34017074282 6.18569113938
2024-06-14T09:40:00.000000 -2869.257372287 -4942.011023958 -3547.800231144 -2.89777707605 -2.95940265060 6.48016093264
2024-06-14T09:41:00.000000 -3036.227913417 -5107.792753582 -3150.914022412 -2.66569612561 -2.56444103047 6.74419494313
2024-06-14T09:42:00.000000 -3188.886500042 -5249.496941055 -2739.131434655 -2.42089689539 -2.15713130171 6.97650403889
2024-06-14T09:43:00.000000 -3326.503951714 -5366.439742972 -2314.390983152 -2.16452023976 -1.73938500419 7.17594596848
2024-06-14T09:44:00.000000 -3448.421356488 -5458.053705497 -1878.695158521 -1.89776666985 -1.31316856131 7.34153119702
2024-06-14T09:45:00.000000 -3554.053437723 -5523.890835949 -1434.101098985 -1.62188907760 -0.88049673623 7.47242897905
2024-06-14T09:46:00.000000 -3642.891579345 -5563.625267445 -982.710832532 -1.33818956266 -0.44342340821 7.56797491917
2024-06-14T09:47:00.000000 -3714.506616000 -5577.055183873 -526.661110666 -1.04801264765 -0.00402735600 7.62767651823
2024-06-14T09:48:00.000000 -3768.551085725 -5564.103917549 -68.113069294 -0.75273616976 0.43559997361 7.65121292657
2024-06-14T09:49:00.000000 -3804.761070609 -5524.820540240 390.758065287 -0.45376606274 0.87335979433 7.63843648367
2024-06-14T09:50:00.000000 -3822.957664454 -5459.380006151 847.773536930 -0.15252895105 1.30715697131 7.58937747007
2024-06-14T09:51:00.000000 -3823.047986591 -5368.082542996 1300.761777611 0.14953593581 1.73491315272 7.50424502158
2024-06-14T09:52:00.000000 -3805.025684042 -5251.352282353 1747.569037305 0.45098421657 2.15457779353 7.38342340796
2024-06-14T09:53:00.000000 -3768.971088748 -5109.735344798 2186.069885711 0.75037238622 2.56413720572 7.22747240627
2024-06-14T09:54:00.000000 -3715.050901431 -4943.897266057 2614.177663670 1.04626600622 2.96162618689 7.03712401503
2024-06-14T09:55:00.000000 -3643.517406763 -4754.619772688 3029.854739558 1.33724842811 3.34513896618 6.81327953813
2024-06-14T09:56:00.000000 -3554.707200539 -4542.796904169 3431.122443326 1.62192640638 3.71283859617 6.55700220768
2024-06-14T09:57:00.000000 -3449.039580914 -4309.430655368 3816.070683834 1.89893853253 4.06296537973 6.26951369761
2024-06-14T09:58:00.000000 -3327.014375289 -4055.626058758 4182.867185682 2.16696223166 4.39384533972 5.95218507810
2024-06-14T09:59:00.000000 -3189.209471573 -3782.585798846 4529.766309683 2.42471967907 4.70389946753 5.60653157433
2024-06-14T10:00:00.000000 -3036.277916752 -3491.604247749 4855.117338949 2.67098377075 4.99165093854 5.23420046091
2024-06-14T10:01:00.000000 -2868.944799338 -3184.061215784 5157.372191412 2.90458092661 5.25572967493 4.83696482430
2024-06-14T10:02:00.000000 -2688.003819049 -2861.415352399 5435.092833439 3.12439965366 5.49487922237 4.41671840734
2024-06-14T10:03:00.000000 -2494.313334139 -2525.197072623 5686.958135240 3.32939616425 5.70796480109 3.97546209466
2024-06-14T10:04:00.000000 -2288.792189980 -2177.001126769 5911.769988404 3.51859965695 5.89397692374 3.51529367876
2024-06-14T10:05:00.000000 -2072.415195705 -1818.479084328 6108.458765167 3.69111474208 6.05203152039 3.03839756589
2024-06-14T10:06:00.000000 -1846.208594173 -1451.331578938 6276.088424909 3.84612396409 6.18137899821 2.54704005548
2024-06-14T10:07:00.000000 -1611.245146567 -1077.300049741 6413.860938284 3.98289476128 6.28140876208 2.04355249259
2024-06-14T10:08:00.000000 -1368.638973159 -698.158438506 6521.119748989 4.10078090985 6.35164753659 1.53031767979
2024-06-14T10:09:00.000000 -1119.540387657 -315.704983024 6597.352659565 4.19922270034 6.39175930061 1.00976418434
2024-06-14T10:10:00.000000 -865.130535073 68.246178341 6642.194341455 4.27775315400 6.40155060849 0.48435575150
2024-06-14T10:11:00.000000 -606.615794968 451.873511210 6655.427919016 4.33599752908 6.38096774829 -0.04342373963
2024-06-14T10:12:00.000000 -345.222232853 833.356484209 6636.986035529 4.37367506548 6.33009852113 -0.57107602893
2024-06-14T10:13:00.000000 -82.189882630 1210.884123627 6586.951332310 4.39060099039 6.24917342755 -1.09610172963
2024-06-14T10:14:00.000000 181.233026604 1582.663517783 6505.556162307 4.38668720723 6.13856406143 -1.61601161888
2024-06-14T10:15:00.000000 443.795911723 1946.928240807 6393.181600778 4.36194311741 5.99878078989 -2.12833934966
2024-06-14T10:16:00.000000 704.251640274 2301.946593023 6250.355821484 4.31647433566 5.83047109227 -2.63064934742
2024-06-14T10:17:00.000000 961.362377803 2646.029844274 6077.751955886 4.25048619579 5.63441953201 -3.12054752778
2024-06-14T10:18:00.000000 1213.905625700 2977.540368083 5876.185112646 4.16428314039 5.41154363623 -3.59569803760
2024-06-14T10:19:00.000000 1460.679938248 3294.899408373 5646.608626175 4.05826253597 5.16288846723 -4.05382944579
2024-06-14T10:20:00.000000 1700.510587593 3596.594760772 5390.109922891 3.93291799228 4.88962601503 -4.49274669739
2024-06-14T10:21:00.000000 1932.255308922 3881.188080536 5107.905468949 3.78883700722 4.59304485331 -4.91034461336
2024-06-14T10:22:00.000000 2154.809817617 4147.321737273 4801.335232002 3.62669846373 4.27454697422 -5.30461315093
2024-06-14T10:23:00.000000 2367.113293268 4393.725546904 4471.856601805 3.44727130779 3.93564416417 -5.67365007771
2024-06-14T10:24:00.000000 2568.153634877 4619.223196274 4121.037603619 3.25140970205 3.57795242516 -6.01567229765
2024-06-14T10:25:00.000000 2756.972385535 4822.738194372 3750.549365497 3.04004717843 3.20318129851 -6.32902698020
2024-06-14T10:26:00.000000 2932.669473068 5003.299241647 3362.158181616 2.81419588451 2.81312759192 -6.61219596718
2024-06-14T10:27:00.000000 3094.407751068 5160.045389415 2957.717024576 2.57493967441 2.40966992279 -6.86381145418
2024-06-14T10:28:00.000000 3241.417060482 5292.230299831 2539.156203574 2.32342694507 1.99474755801 -7.08266216623
2024-06-14T10:29:00.000000 3372.998061394 5399.225680833 2108.474106382 2.06087003425 1.57035615100 -7.26769141166
2024-06-14T10:30:00.000000 3488.525957449 5480.524570270 1667.727570603 1.78853921926 1.13854261960 -7.41800967322
2024-06-14T10:31:00.000000 3587.453577013 5535.744035259 1219.021597927 1.50775028482 0.70139196650 -7.53290110474
2024-06-14T10:32:00.000000 3669.313942313 5564.627066929 764.498920411 1.21986007069 0.26101488441 -7.61182423685
2024-06-14T10:33:00.000000 3733.722612364 5567.043854916 306.329448416 0.92626212873 -0.18046037399 -7.65441600748
2024-06-14T10:34:00.000000 3780.379629351 5542.992471332 -153.300754055 0.62837628905 -0.62090367301 -7.66050097888
2024-06-14T10:35:00.000000 3809.070742163 5492.598424470 -612.200414891 0.32763969309 -1.05819691595 -7.63007946597
2024-06-14T10:36:00.000000 3819.668389972 5416.113910847 -1068.183670141 0.02550305307 -1.49023772941 -7.56333298649
2024-06-14T10:37:00.000000 3812.132178520 5313.916395365 -1519.081015240 -0.27658026078 -1.91495510279 -7.46062443088
2024-06-14T10:38:00.000000 3786.508807829 5186.506358186 -1962.750008149 -0.57716146578 -2.33032118231 -7.32249189896
2024-06-14T10:39:00.000000 3742.931612876 5034.504450116 -2397.085635875 -0.87480279927 -2.73435947464 -7.14964461864
2024-06-14T10:40:00.000000 3681.619658867 4858.648128673 -2820.030503034 -1.16808568018 -3.12515479535 -6.94295974114
2024-06-14T10:41:00.000000 3602.876366101 4659.787658355 -3229.584715635 -1.45561788548 -3.50086357732 -6.70347556452
2024-06-14T10:42:00.000000 3507.087742652 4438.881562332 -3623.815347279 -1.73603997444 -3.85972218414 -6.43238511300
2024-06-14T10:43:00.000000 3394.720174476 4196.991568729 -4000.865514259 -2.00803335913 -4.20005534491 -6.13102849591
2024-06-14T10:44:00.000000 3266.317794400 3935.277108231 -4358.962906551 -2.27032561330 -4.52028243793 -5.80088327367
2024-06-14T10:45:00.000000 3122.499608616 3654.989470503 -4696.427830518 -2.52169443827 -4.81892345757 -5.44355825349
2024-06-14T10:46:00.000000 2963.956277895 3357.465523836 -5011.680845293 -2.76097443593 -5.09460675803 -5.06078442480
2024-06-14T10:47:00.000000 2791.446593134 3044.121041056 -5303.249786589 -2.98706085504 -5.34607503343 -4.65440517209
2024-06-14T10:48:00.000000 2605.793656721 2716.443659847 -5569.776171634 -3.19891552702 -5.57219022421 -4.22636435846
2024-06-14T10:49:00.000000 2407.880774948 2375.985709221 -5810.020942496 -3.39557029551 -5.77193484182 -3.77869776531
2024-06-14T10:50:00.000000 2198.647191387 2024.356839701 -6022.869686748 -3.57612929938 -5.94441565021 -3.31352291933
2024-06-14T10:51:00.000000 1979.083557241 1663.216528564 -6207.337321762 -3.73977602591 -6.08886595912 -2.83303149853
2024-06-14T10:52:00.000000 1750.227097064 1294.266347943 -6362.572147670 -3.88577400506 -6.20464946448 -2.33947592164
2024-06-14T10:53:00.000000 1513.156826075 919.242103393 -6487.859189061 -4.01346710178 -6.29126171952 -1.83515937971
2024-06-14T10:54:00.000000 1268.988707415 539.905941058 -6582.622942585 -4.12228025888 -6.34832870647 -1.32242773471
2024-06-14T10:55:00.000000 1018.870558799 158.038421972 -6646.429837435 -4.21172796401 -6.37561181757 -0.80366258794
2024-06-14T10:56:00.000000 763.976698323 -224.569602586 -6678.989751270 -4.28141124008 -6.37300550285 -0.28126270030
2024-06-14T10:57:00.000000 505.502817856 -606.124833883 -6680.156914835 -4.33101712978 -6.34053356369 0.24235900642
2024-06-14T10:58:00.000000 244.660708433 -984.839413952 -6649.930677935 -4.36032284461 -6.27835523750 0.76478089270
2024-06-14T10:59:00.000000 -17.327251421 -1358.939102522 -6588.455427829 -4.36919794925 -6.18676316504 1.28359219162
2024-06-14T11:00:00.000000 -279.233573746 -1726.671056865 -6496.019745165 -4.35760247029 -6.06617867961 1.79639790406
2024-06-14T11:01:00.000000 -539.831078902 -2086.311656343 -6373.055180566 -4.32558652582 -5.91715388328 2.30082980188
2024-06-14T11:02:00.000000 -797.898282195 -2436.174164521 -6220.134305950 -4.27328987438 -5.74036529912 2.79455628389
2024-06-14T11:03:00.000000 -1052.224788320 -2774.616113370 -6037.968349595 -4.20094246764 -5.53661186535 3.27528812169
2024-06-14T11:04:00.000000 -1301.616726177 -3100.046666817 -5827.404467620 -4.10886552887 -5.30681651688 3.74078548765
2024-06-14T11:05:00.000000 -1544.902251795 -3410.934098744 -5589.422291198 -3.99747146809 -5.05202502524 4.18887537915
2024-06-14T11:06:00.000000 -1780.936894026 -3705.812837645 -5325.129567658 -3.86725979963 -4.77339559844 4.61746067330
2024-06-14T11:07:00.000000 -2008.608690428 -3983.290105909 -5035.757506335 -3.71881417366 -4.47219671355 5.02452399159
2024-06-14T11:08:00.000000 -2226.843261300 -4242.052568640 -4722.655766280 -3.55280461221 -4.14980735496 5.40813698453
2024-06-14T11:09:00.000000 -2434.609008090 -4480.872736674 -4387.286663821 -3.36998613346 -3.80770882386 5.76647396172
2024-06-14T11:10:00.000000 -2630.922098464 -4698.614960780 -4031.218758309 -3.17119511064 -3.44747979800 6.09782139414
2024-06-14T11:11:00.000000 -2814.851170676 -4894.240988553 -3656.119866575 -2.95734412467 -3.07078738317 6.40058475187
2024-06-14T11:12:00.000000 -2985.521905919 -5066.815143390 -3263.749673865 -2.72942109766 -2.67938235303 6.67329834913
2024-06-14T11:13:00.000000 -3142.121363472 -5215.509098861 -2855.951726367 -2.48848324364 -2.27509095618 6.91463362274
2024-06-14T11:14:00.000000 -3283.901999343 -5339.606169768 -2434.645006075 -2.23565262674 -1.85980712506 7.12340559453
2024-06-14T11:15:00.000000 -3410.185437498 -5438.505148799 -2001.815112016 -1.97211180770 -1.43548471782 7.29858002137
2024-06-14T11:16:00.000000 -3520.365950116 -5511.723615183 -1559.504991179 -1.69909949877 -1.00412769644 7.43928055866
2024-06-14T11:17:00.000000 -3613.913717548 -5558.900641413 -1109.805243918 -1.41790536373 -0.56777993237 7.54479670771
2024-06-14T11:18:00.000000 -3690.377531000 -5579.798832278 -654.844034406 -1.12985944276 -0.12851425991 7.61458634876
2024-06-14T11:19:00.000000 -3749.387135707 -5574.305878500 -196.776909749 -0.83632866887 0.31157493297 7.64828041505
2024-06-14T11:20:00.000000 -3790.655153052 -5542.435376499 262.223714703 -0.53870776932 0.75038745799 7.64568515126
2024-06-14T11:21:00.000000 -3813.978622006 -5484.326871046 719.978997995 -0.23841512664 1.18582590542 7.60678040965
2024-06-14T11:22:00.000000 -3819.240217435 -5400.245501232 1174.314228310 0.06311486824 1.61580355657 7.53172479575
2024-06-14T11:23:00.000000 -3806.408920601 -5290.580914357 1623.069570508 0.36444064460 2.03825895632 7.42085489517
2024-06-14T11:24:00.000000 -3775.540287277 -5155.845401661 2064.110639710 0.66411927091 2.45116700719 7.27468193401
2024-06-14T11:25:00.000000 -3726.776277958 -4996.671468880 2495.338902550 0.96071493814 2.85254713840 7.09388960078
2024-06-14T11:26:00.000000 -3660.344582492 -4813.808862105 2914.701972074 1.25280701039 3.24047363993 6.87933189079
2024-06-14T11:27:00.000000 -3576.557474892 -4608.120938151 3320.203723570 1.53899818929 3.61308746489 6.63202904386
2024-06-14T11:28:00.000000 -3475.810190509 -4380.580327490 3709.913985852 1.81792089646 3.96860591886 6.35315783356
2024-06-14T11:29:00.000000 -3358.579027455 -4132.264193565 4081.977795326 2.08824212044 4.30532918008 6.04404799162
2024-06-14T11:30:00.000000 -3225.418972052 -3864.348920587 4434.624364940 2.34867317895 4.62165086278 5.70617344403
2024-06-14T11:31:00.000000 -3076.960897880 -3578.104411028 4766.175420908 2.59797345650 4.91606053120 5.34114422702
2024-06-14T11:32:00.000000 -2913.908538873 -3274.887962838 5075.053301013 2.83495655468 5.18715784747 4.95070020061
2024-06-14T11:33:00.000000 -2737.035047214 -2956.137698989 5359.788254651 3.05849499789 5.43364826993 4.53670060461
2024-06-14T11:34:00.000000 -2547.179354107 -2623.365790756 5619.025704671 3.26752516006 5.65436164755 4.10112073750
2024-06-14T11:35:00.000000 -2345.242069986 -2278.150841541 5851.532518260 3.46105564374 5.84825231255 3.64603268301
2024-06-14T11:36:00.000000 -2132.181067424 -1922.130429958 6056.202677397 3.63816929951 6.01440156799 3.17359992228
2024-06-14T11:37:00.000000 -1909.006903039 -1556.993284984 6232.062452663 3.79802818933 6.15202373873 2.68606659452
2024-06-14T11:38:00.000000 -1676.777946126 -1184.471212617 6378.274863802 3.93987688096 6.26046893634 2.18574481786
2024-06-14T11:39:00.000000 -1436.595349396 -806.330900839 6494.143387046 4.06304479525 6.33922427890 1.67500245027
2024-06-14T11:40:00.000000 -1189.597944447 -424.365700695 6579.115037613 4.16694714955 6.38791432429 1.15625540171
2024-06-14T11:41:00.000000 -936.956924844 -40.387273307 6632.783005300 4.25109085274 6.40630441374 0.63195773244
2024-06-14T11:42:00.000000 -679.870292365 343.782855808 6654.888537629 4.31507512973 6.39430057835 0.10458915537
2024-06-14T11:43:00.000000 -419.557318523 726.321791339 6645.322190210 4.35859215164 6.35195125244 -0.42335505136
2024-06-14T11:44:00.000000 -157.252893266 1105.413802029 6604.124403445 4.38142948140 6.27944648764 -0.94937583960
2024-06-14T11:45:00.000000 105.798238907 1479.258789223 6531.485407516 4.38347090653 6.17711729727 -1.47098119323
2024-06-14T11:46:00.000000 368.347239153 1846.080712720 6427.744502908 4.36469695017 6.04543438252 -1.98569546720
2024-06-14T11:47:00.000000 629.147117407 2204.135908454 6293.388742735 4.32518840368 5.88500582267 -2.49107145042
2024-06-14T11:48:00.000000 886.958644464 2551.721339630 6129.050868590 4.26512290723 5.69657809232 -2.98470237852
2024-06-14T11:49:00.000000 1140.556126252 2887.182802799 5935.506460084 4.18477361782 5.48103098501 -3.46423491838
2024-06-14T11:50:00.000000 1388.733141668 3208.922821151 5713.670573998 4.08451080956 5.23937612999 -3.92737544720
2024-06-14T11:51:00.000000 1630.308456710 3515.408442259 5464.593621343 3.96480262319 4.97275046562 -4.37190797329
2024-06-14T11:52:00.000000 1864.131684343 3805.178503635 5189.456489593 3.82620908240 4.68241006102 -4.79570002140
2024-06-14T11:53:00.000000 2089.088848855 4076.850735603 4889.565255764 3.66938341224 4.36972760024 -5.19671371899
2024-06-14T11:54:00.000000 2304.107792382 4329.128568760 4566.345147643 3.49506567396 4.03618639107 -5.57301598621
2024-06-14T11:55:00.000000 2508.163381437 4560.807660900 4221.334022770 3.30408324784 3.68337628395 -5.92278829578
2024-06-14T11:56:00.000000 2700.282635764 4770.782020490 3856.175059204 3.09734610018 3.31298412204 -6.24433977469
2024-06-14T11:57:00.000000 2879.549536166 4958.049580090 3472.608851774 2.87584262378 2.92678564576 -6.53611600877
2024-06-14T11:58:00.000000 3045.109641284 5121.717178054 3072.464929691 2.64063589043 2.52663355536 -6.79670766403
2024-06-14T11:59:00.000000 3196.174349072 5261.004954375 2657.652912104 2.39285661235 2.11445094484 -7.02485566334
2024-06-14T12:00:00.000000 3332.024819214 5375.250336394 2230.153223638 2.13369828755 1.69222212437 -7.21946035352
2024-06-14T12:01:00.000000 3452.015497286 5463.911340987 1792.007414105 1.86440966942 1.26198165573 -7.37958341778
2024-06-14T12:02:00.000000 3555.577438107 5526.569513355 1345.308321099 1.58629525217 0.82581074865 -7.50445738833
2024-06-14T12:03:00.000000 3642.221313076 5562.932128443 892.189324250 1.30070124260 0.38581521376 -7.59349712655
2024-06-14T12:04:00.000000 3711.539570990 5572.833249619 434.813728224 1.00900750294 -0.05588430330 -7.64628977312
2024-06-14T12:05:00.000000 3763.208418902 5556.234576648 -24.635706317 0.71262481827 -0.49715565641 -7.66260138222
2024-06-14T12:06:00.000000 3796.989447301 5513.225741378 -483.967716479 0.41298735756 -0.93586935979 -7.64238322634
2024-06-14T12:07:00.000000 3812.730720528 5444.023595998 -940.993687869 0.11154103706 -1.36991672567 -7.58577065532
2024-06-14T12:08:00.000000 3810.367191129 5348.970688524 -1393.538439090 -0.19026442699 -1.79721773291 -7.49307605220
2024-06-14T12:09:00.000000 3789.920767798 5228.533262038 -1839.450806061 -0.49098120171 -2.21573056035 -7.36478689963
2024-06-14T12:10:00.000000 3751.500027074 5083.298725032 -2276.614087350 -0.78916953420 -2.62346015455 -7.20156437555
2024-06-14T12:11:00.000000 3695.299471871 4913.972489147 -2702.956379375 -1.08340635497 -3.01846988634 -7.00423985195
2024-06-14T12:12:00.000000 3621.598256478 4721.374103007 -3116.460638080 -1.37229459289 -3.39889394051 -6.77380876172
2024-06-14T12:13:00.000000 3530.758442553 4506.432754804 -3515.174164954 -1.65446780695 -3.76294376018 -6.51141945964
2024-06-14T12:14:00.000000 3423.223090676 4270.182511777 -3897.217721259 -1.92859412547 -4.10891395497 -6.21837235799
2024-06-14T12:15:00.000000 3299.513830452 4013.756907967 -4260.794477054 -2.19338794414 -4.43519604983 -5.89611104562
2024-06-14T12:16:00.000000 3160.227924984 3738.382975816 -4604.198161377 -2.44761421753 -4.74028221222 -5.54620965364
2024-06-14T12:17:00.000000 3006.035103465 3445.375054170 -4925.820726152 -2.69009361638 -5.02277158899 -5.17036645278
2024-06-14T12:18:00.000000 2837.674035745 3136.128163480 -5224.159421398 -2.91970783505 -5.28137572734 -4.77039105551
2024-06-14T12:19:00.000000 2655.948613171 2812.111245729 -5497.823226768 -3.13540181379 -5.51492003737 -4.34819736382
2024-06-14T12:20:00.000000 2461.724046907 2474.860142388 -5745.538851178 -3.33618676257 -5.72234927133 -3.90579422531
2024-06-14T12:21:00.000000 2255.922767959 2125.970355796 -5966.156257790 -3.52114584837 -5.90273151048 -3.44527969085
2024-06-14T12:22:00.000000 2039.519916709 1767.089469729 -6158.653637138 -3.68943920098 -6.05526284544 -2.96882843103
2024-06-14T12:23:00.000000 1813.538601397 1399.909356649 -6322.141689462 -3.84030841942 -6.17927150197 -2.47867986091
2024-06-14T12:24:00.000000 1579.044978151 1026.158248290 -6455.867028734 -3.97307653851 -6.27421631541 -1.97712338465
2024-06-14T12:25:00.000000 1337.143438249 647.593005770 -6559.215059170 -4.08714670620 -6.33968550305 -1.46649616030
2024-06-14T12:26:00.000000 1088.971558988 265.991085837 -6631.712580513 -4.18201038041 -6.37540412881 -0.94917020898
2024-06-14T12:27:00.000000 835.694838408 -116.857502678 -6673.029349012 -4.25724461117 -6.38122768329 -0.42753827087
2024-06-14T12:28:00.000000 578.501599392 -499.157970891 -6682.979304038 -4.31251215736 -6.35714265013 0.09598690260
2024-06-14T12:29:00.000000 318.597723612 -879.118837369 -6661.521454168 -4.34756552069 -6.30327279768 0.61898573554
2024-06-14T12:30:00.000000 57.201222371 -1254.960036512 -6608.759791107 -4.36224761559 -6.21987378118 1.13904617152
2024-06-14T12:31:00.000000 -204.463162605 -1624.920728527 -6524.942684441 -4.35649133998 -6.10733100009 1.65376880334
2024-06-14T12:32:00.000000 -465.169377988 -1987.267103746 -6410.461844328 -4.33032004952 -5.96615968076 2.16077701759
2024-06-14T12:33:00.000000 -723.695496769 -2340.300063118 -6265.850658118 -4.28384826583 -5.79700130599 2.65772596642
2024-06-14T12:34:00.000000 -978.829211888 -2682.362775233 -6091.781981146 -4.21728149847 -5.60062265860 3.14231383968
2024-06-14T12:35:00.000000 -1229.373201087 -3011.848056718 -5889.065296198 -4.13091397937 -5.37791178735 3.61228868052
2024-06-14T12:36:00.000000 -1474.150505644 -3327.205666076 -5658.643533973 -4.02513019680 -5.12987874255 4.06545622493
2024-06-14T12:37:00.000000 -1712.009897878 -3626.949570392 -5401.589217358 -3.90040304067 -4.85765268082 4.49969301558
2024-06-14T12:38:00.000000 -1941.831170300 -3909.664898015 -5119.099905785 -3.75729378406 -4.56247578053 4.91295618346
2024-06-14T12:39:00.000000 -2162.530412666 -4174.014601022 -4812.493047816 -3.59645032297 -4.24569919017 5.30329404155
2024-06-14T12:40:00.000000 -2373.065093501 -4418.745827798 -4483.200220786 -3.41860371280 -3.90877706258 5.66885551110
2024-06-14T12:41:00.000000 -2572.438963196 -4642.695883750 -4132.760852918 -3.22456491989 -3.55325981457 6.00789760493
2024-06-14T12:42:00.000000 -2759.706738036 -4844.797897692 -3762.815533334 -3.01522146448 -3.18079021367 6.31879237992
2024-06-14T12:43:00.000000 -2933.978700946 -5024.086220386 -3375.098894928 -2.79153850237 -2.79309855421 6.60003546390
2024-06-14T12:44:00.000000 -3094.425271845 -5179.701375401 -2971.431739396 -2.55455333268 -2.39199185535 6.85026024080
2024-06-14T12:45:00.000000 -3240.281053453 -5310.894424610 -2553.712608359 -2.30536786677 -1.97934615324 7.06824279721
2024-06-14T12:46:00.000000 -3370.848643334 -5417.030809876 -2123.909090524 -2.04514574780 -1.55709724776 7.25290612139
2024-06-14T12:47:00.000000 -3485.502203144 -5497.593845490 -1684.048803292 -1.77510828220 -1.12723721254 7.40332853938
2024-06-14T12:48:00.000000 -3583.690747692 -5552.187714569 -1236.209732342 -1.49652775597 -0.69180021664 7.51875311566
2024-06-14T12:49:00.000000 -3664.940955836 -5580.539642029 -782.510333755 -1.21071972498 -0.25285256038 7.59858819380
2024-06-14T12:50:00.000000 -3728.859656863 -5582.501596947 -325.099484636 -0.91903996312 0.18751578911 7.64241223228
2024-06-14T12:51:00.000000 -3775.136097119 -5558.051422368 133.853886803 -0.62287808177 0.62720067182 7.64998008607
2024-06-14T12:52:00.000000 -3803.543592508 -5507.293222654 592.171576757 -0.32364512679 1.06410038625 7.62122626573
2024-06-14T12:53:00.000000 -3813.940633346 -5430.456922535 1047.676666044 -0.02276867634 1.49612348359 7.55625965463
2024-06-14T12:54:00.000000 -3806.271740152 -5327.897382457 1498.204113774 0.27831275000 1.92119890916 7.45536791986
2024-06-14T12:55:00.000000 -3780.567749675 -5200.092796865 1941.611464948 0.57816165647 2.33728846342 7.31901439129
2024-06-14T12:56:00.000000 -3736.945718582 -5047.642441377 2375.789200225 0.87534221112 2.74239610283 7.14783449386
2024-06-14T12:57:00.000000 -3675.608535280 -4871.263781172 2798.671100135 1.16843090094 3.13458003352 6.94263488233
2024-06-14T12:58:00.000000 -3596.843926291 -4671.788938694 3208.244320164 1.45602470407 3.51196124295 6.70438737948
2024-06-14T12:59:00.000000 -3501.023009071 -4450.160692662 3602.559194744 1.73674781373 3.87273234996 6.43422541000
2024-06-14T13:00:00.000000 -3388.598450925 -4207.427809892 3979.738682798 2.00925890102 4.21516832371 6.13343415705
2024-06-14T13:01:00.000000 -3260.102280728 -3944.740057744 4337.987320270 2.27225485729 4.53762980810 5.80344883855
2024-06-14T13:02:00.000000 -3116.143266190 -3663.342529689 4675.600087554 2.52448253716 4.83857965675 5.44584504231
2024-06-14T13:03:00.000000 -2957.403805548 -3364.569520779 4990.970377179 2.76474074432 5.11658235965 5.06232805912
2024-06-14T13:04:00.000000 -2784.636670522 -3049.838113095 5282.597711444 2.99188637459 5.37031549777 4.65472771121
2024-06-14T13:05:00.000000 -2598.661311553 -2720.641232929 5549.094811955 3.20484071976 5.59857413425 4.22498607394
2024-06-14T13:06:00.000000 -2400.359883597 -2378.540453880 5789.194043176 3.40259249764 5.80027528468 3.77514798578
2024-06-14T13:07:00.000000 -2190.673078377 -2025.158511334 6001.753426179 3.58420377938 5.97446534846 3.30735515769
2024-06-14T13:08:00.000000 -1970.595432555 -1662.171312141 6185.761880488 3.74881738545 6.12032450553 2.82382554470
2024-06-14T13:09:00.000000 -1741.170595821 -1291.300128219 6340.343457378 3.89565361640 6.23716032851 2.32684660301
2024-06-14T13:10:00.000000 -1503.486514876 -914.303770128 6464.761577019 4.02401708296 6.32441611582 1.81877437686
2024-06-14T13:11:00.000000 -1258.670199004 -532.970182651 6558.422588102 4.13330073559 6.38167705645 1.30201387194
2024-06-14T13:12:00.000000 -1007.882471999 -149.108017048 6620.878352971 4.22298519458 6.40866809002 0.77900978191
2024-06-14T13:13:00.000000 -752.312579786 235.461828785 6651.828342745 4.29264252814 6.40525585019 0.25223544783
2024-06-14T13:14:00.000000 -493.172678091 618.914678995 6651.121042716 4.34193757728 6.37144799005 -0.27581684720
2024-06-14T13:15:00.000000 -231.692178270 999.430566866 6618.754765954 4.37063036506 6.30739379741 -0.80264702302
2024-06-14T13:16:00.000000 30.887965433 1375.202726236 6554.877824816 4.37857670088 6.21338416823 -1.32575639173
2024-06-14T13:17:00.000000 293.321181464 1744.446156271 6459.788056624 4.36573368295 6.08985313257 -1.84266401369
2024-06-14T13:18:00.000000 554.361153337 2105.405934350 6333.931235435 4.33215139394 5.93736861913 -2.35091793600
2024-06-14T13:19:00.000000 812.767457148 2456.365383900 6177.899438129 4.27797772184 5.75663819522 -2.84809675282
2024-06-14T13:20:00.000000 1067.311521573 2795.654386704 5992.428631386 4.20345948486 5.54850568626 -3.33182746287
2024-06-14T13:21:00.000000 1316.782538552 3121.657458764 5778.395350629 4.10894147351 5.31394693576 -3.79980010969
2024-06-14T13:22:00.000000 1559.993210891 3432.821428615 5536.812600278 3.99486227358 5.05406277640 -4.24977622979
2024-06-14T13:23:00.000000 1795.785389435 3727.662890265 5268.825396381 3.86175508072 4.77007758142 -4.67959579246
2024-06-14T13:24:00.000000 2023.035736639 4004.775525912 4975.705646218 3.71024665779 4.46333534075 -5.08719185242
2024-06-14T13:25:00.000000 2240.661219046 4262.837005709 4658.846169461 3.54105263118 4.13529051368 -5.47060182594
2024-06-14T13:26:00.000000 2447.624314552 4500.615508121 4319.754245376 3.35497460697 3.78750501273 -5.82797506782
2024-06-14T13:27:00.000000 2642.938175284 4716.975946441 3960.044491969 3.15289929314 3.42163933996 -6.15758612566
2024-06-14T13:28:00.000000 2825.671543211 4910.885555753 3581.431127517 2.93579221349 3.03944286219 -6.45784105747
2024-06-14T13:29:00.000000 2994.953383379 5081.419094148 3185.719860752 2.70469464670 2.64274908866 -6.72728624059
2024-06-14T13:30:00.000000 3149.977284446 5227.763612882 2774.799136191 2.46071838112 2.23346579619 -6.96461877434
2024-06-14T13:31:00.000000 3290.005490118 5349.222598904 2350.630872754 2.20503907530 1.81356471879 -7.16869348950
2024-06-14T13:32:00.000000 3414.372553620 5445.219498395 1915.240818696 1.93889049328 1.38507100255 -7.33852881372
2024-06-14T13:33:00.000000 3522.488652173 5515.300612625 1470.708574114 1.66355870838 0.95005310721 -7.47331207386
2024-06-14T13:34:00.000000 3613.842567210 5559.137388350 1019.157270719 1.38037650273 0.51061160225 -7.57240623765
2024-06-14T13:35:00.000000 3688.004176733 5576.527881354 562.742905359 1.09071239873 0.06886429871 -7.63535211211
2024-06-14T13:36:00.000000 3744.626347507 5567.397574570 103.643799965 0.79596395173 -0.37305937577 -7.66186499788
2024-06-14T13:37:00.000000 3783.446659102 5531.799882731 -355.950054026 0.49755641097 -0.81302712385 -7.65184207779
2024-06-14T13:38:00.000000 3804.288761180 5469.915839572 -813.848070263 0.19693128421 -1.24891994810 -7.60536619597
2024-06-14T13:39:00.000000 3807.063019035 5382.052824222 -1267.870071934 -0.10446350725 -1.67864699758 -7.52269991193
2024-06-14T13:40:00.000000 3791.766713333 5268.642678282 -1715.856910200 -0.40517990334 -2.10015172154 -7.40428185479
2024-06-14T13:41:00.000000 3758.483835938 5130.239328097 -2155.680995210 -0.70377649773 -2.51142278847 -7.25072469616
2024-06-14T13:42:00.000000 3707.384480013 4967.515780560 -2585.256687626 -0.99882667581 -2.91050420069 -7.06281378604
2024-06-14T13:43:00.000000 3638.723609909 4781.260447860 -3002.550484684 -1.28892892626 -3.29550691953 -6.84149973897
2024-06-14T13:44:00.000000 3552.839472237 4572.372855597 -3405.590634532 -1.57270923535 -3.66461720534 -6.58788975158
2024-06-14T13:45:00.000000 3450.151756381 4341.858891784 -3792.476437005 -1.84882810686 -4.01610511662 -6.30324367840
2024-06-14T13:46:00.000000 3331.159333851 4090.825513478 -4161.387148957 -2.11598699583 -4.34833274597 -5.98896580800
2024-06-14T13:47:00.000000 3196.437522885 3820.475013232 -4510.590424095 -2.37293737596 -4.65976139283 -5.64659665142
2024-06-14T13:48:00.000000 3046.634924659 3532.098846171 -4838.450162356 -2.61848601684 -4.94895868409 -5.27780201622
2024-06-14T13:49:00.000000 2882.469931185 3227.071126063 -5143.433681274 -2.85150011934 -5.21460197666 -4.88436166980
2024-06-14T13:50:00.000000 2704.727093196 2906.841954243 -5424.118323039 -3.07090740552 -5.45548216773 -4.46816273710
2024-06-14T13:51:00.000000 2514.253314129 2572.930367479 -5679.197693948 -3.27570333510 -5.67051119870 -4.03119081899
2024-06-14T13:52:00.000000 2311.953670541 2226.917051969 -5907.487158456 -3.46495295534 -5.85872247788 -3.57551854026
2024-06-14T13:53:00.000000 2098.787145527 1870.436887349 -6107.928940147 -3.63779583745 -6.01927722091 -3.10329947526
2024-06-14T13:54:00.000000 1875.762002194 1505.171180695 -6279.596518351 -3.79344979565 -6.15146655226 -2.61675349838
2024-06-14T13:55:00.000000 1643.931042657 1132.839865184 -6421.698344311 -3.93121293741 -6.25471210397 -2.11815830371
2024-06-14T13:56:00.000000 1404.386692966 755.193617597 -6533.580997187 -4.05046673971 -6.32856756191 -1.60983850478
2024-06-14T13:57:00.000000 1158.255933066 374.005935233 -6614.731691048 -4.15067847887 -6.37271850923 -1.09415585969
2024-06-14T13:58:00.000000 906.695099949 -8.934767379 -6664.780218352 -4.23140188373 -6.38698215376 -0.57349981421
2024-06-14T13:59:00.000000 650.884729616 -391.833112440 -6683.500370498 -4.29227711263 -6.37130977091 -0.05027906063
2024-06-14T14:00:00.000000 392.024301044 -772.894848458 -6670.810717081 -4.33303247018 -6.32578713290 0.47309117009
2024-06-14T14:01:00.000000 131.326980128 -1150.334817981 -6626.774727867 -4.35348351893 -6.25063140544 0.99419677956
2024-06-14T14:02:00.000000 -129.985699425 -1522.384848883 -6551.600530482 -4.35353670829 -6.14619165437 1.51063172878
2024-06-14T14:03:00.000000 -390.689424459 -1887.301642095 -6445.640035154 -4.33319270102 -6.01294728832 2.02001214610
2024-06-14T14:04:00.000000 -649.562584303 -2243.374441812 -6309.387200649 -4.29253964464 -5.85150302517 2.51998723512
2024-06-14T14:05:00.000000 -905.391454764 -2588.932528599 -6143.476052265 -4.23175343539 -5.66258931216 3.00823954124
2024-06-14T14:06:00.000000 -1156.975663510 -2922.352870508 -5948.678369681 -4.15110354109 -5.44706508314 3.48249842615
2024-06-14T14:07:00.000000 -1403.133738053 -3242.067614873 -5725.900291868 -4.05094945954 -5.20590849842 3.94055676932
2024-06-14T14:08:00.000000 -1642.708399297 -3546.571041296 -5476.178475733 -3.93173838577 -4.94021337128 4.38027180989
2024-06-14T14:09:00.000000 -1874.571860480 -3834.426586053 -5200.675934679 -3.79400602475 -4.65119031170 4.79957675893
2024-06-14T14:10:00.000000 -2097.631089837 -4104.273686702 -4900.677118910 -3.63837486287 -4.34016120460 5.19649223335
2024-06-14T14:11:00.000000 -2310.832952445 -4354.834297605 -4577.582358233 -3.46555181608 -4.00855372272 5.56913665762
2024-06-14T14:12:00.000000 -2513.169186601 -4584.919049595 -4232.901716401 -3.27632533992 -3.65789516123 5.91573516313
2024-06-14T14:13:00.000000 -2703.681227822 -4793.433062104 -3868.248311773 -3.07156308635 -3.28980666821 6.23462942391
2024-06-14T14:14:00.000000 -2881.464811873 -4979.381275631 -3485.330993987 -2.85220594088 -2.90599214592 6.52428704857
2024-06-14T14:15:00.000000 -3045.674239873 -5141.873227731 -3085.946842087 -2.61926599566 -2.50823545352 6.78330084450
2024-06-14T14:16:00.000000 -3195.526649191 -5280.127819140 -2671.973180679 -2.37382406942 -2.09839541852 7.01040506871
2024-06-14T14:17:00.000000 -3330.305920835 -5393.477433693 -2245.358912839 -2.11702376219 -1.67839501877 7.20448047070
2024-06-14T14:18:00.000000 -3449.366358213 -5481.371562924 -1808.115511138 -1.85006820498 -1.25021320219 7.36456193790
2024-06-14T14:19:00.000000 -3552.136141210 -5543.379838757 -1362.307538244 -1.57421595825 -0.81587357463 7.48984617341
2024-06-14T14:20:00.000000 -3638.120377784 -5579.194339348 -910.042713642 -1.29076994539 -0.37743188509 7.57969842221
2024-06-14T14:21:00.000000 -3706.903405619 -5588.631226048 -453.461952278 -1.00106891454 0.06303067773 7.63364555105
2024-06-14T14:22:00.000000 -3758.151071934 -5571.632331788 5.270553528 -0.70649008072 0.50340953069 7.65138863404
2024-06-14T14:23:00.000000 -3791.612730742 -5528.265900270 463.978124242 -0.40843744476 0.94159763194 7.63280949025
2024-06-14T14:24:00.000000 -3807.122526508 -5458.726485424 920.482315618 -0.10833342313 1.37549323760 7.57796778699
2024-06-14T14:25:00.000000 -3804.600448116 -5363.334160150 1372.613687228 0.19238512810 1.80301719450 7.48710330090
2024-06-14T14:26:00.000000 -3784.052817221 -5242.532864277 1818.222444108 0.49227853209 2.22212041188 7.36063116831
2024-06-14T14:27:00.000000 -3745.572247820 -5096.888341550 2255.188954583 0.78991118867 2.63079387276 7.19914108935
2024-06-14T14:28:00.000000 -3689.337182762 -4927.085396567 2681.434100316 1.08385897844 3.02707942846 7.00339285161
2024-06-14T14:29:00.000000 -3615.611019758 -4733.924586529 3094.929339002 1.37271513236 3.40907845888 6.77431212587
2024-06-14T14:30:00.000000 -3524.740857408 -4518.318351531 3493.706558940 1.65509786668 3.77496161388 6.51298681459
2024-06-14T14:31:00.000000 -3417.155747358 -4281.286582592 3875.867656684 1.92965833046 4.12297820909 6.22066139102
2024-06-14T14:32:00.000000 -3293.364529745 -4023.951635318 4239.593675474 2.19508657307 4.45146444641 5.89872825775
2024-06-14T14:33:00.000000 -3153.953388912 -3747.532908319 4583.153523554 2.45011503476 4.75885137388 5.54872344155
2024-06-14T14:34:00.000000 -2999.583085599 -3453.340781480 4904.912392540 2.69352747893 5.04367633862 5.17231785288
2024-06-14T14:35:00.000000 -2830.985609125 -3142.770143453 5203.339428253 2.92416600803 5.30458527133 4.77130435384
2024-06-14T14:36:00.000000 -2648.960617479 -2817.293759547 5477.014878640 3.14093422805 5.54033764757 4.34759254117
2024-06-14T14:37:00.000000 -2454.371509692 -2478.455235232 5724.636846433 3.34280446443 5.74981399556 3.90319954123
2024-06-14T14:38:00.000000 -2248.141216696 -2127.861506246 5945.027382853 3.52882049213 5.93202321933 3.44023741030
2024-06-14T14:39:00.000000 -2031.247785639 -1767.175142067 6137.137826314 3.69810231336 6.08610211253 2.96090223639
2024-06-14T14:40:00.000000 -1804.719721681 -1398.106596137 6300.053575195 3.84984774134 6.21131840265 2.46746563563
2024-06-14T14:41:00.000000 -1569.631244320 -1022.406182606 6432.998457486 3.98333683385 6.30707704001 1.96226843478
2024-06-14T14:42:00.000000 -1327.097109030 -641.855679207 6535.338408336 4.09793845506 6.37292391748 1.44770373813
2024-06-14T14:43:00.000000 -1078.267295449 -258.259930704 6606.584208924 4.19310973120 6.40854448898 0.92620512710
2024-06-14T14:44:00.000000 -824.321695966 126.561543485 6646.393618649 4.26839630224 6.41376398454 0.40023715853
2024-06-14T14:45:00.000000 -566.464753809 510.782956270 6654.573063953 4.32343537996 6.38854869959 -0.12771066588
2024-06-14T14:46:00.000000 -305.919797578 892.580771409 6631.078767174 4.35796042235 6.33300735022 -0.65513698405
2024-06-14T14:47:00.000000 -43.923214328 1270.142264056 6576.017077968 4.37180289719 6.24739206328 -1.17954143095
2024-06-14T14:48:00.000000 218.281325053 1641.674117007 6489.643949200 4.36488751214 6.13209630014 -1.69843854477
2024-06-14T14:49:00.000000 479.448525288 2005.410761586 6372.363950910 4.33723726017 5.98765208668 -2.20936202181
2024-06-14T14:50:00.000000 738.337488614 2359.622711950 6224.728644152 4.28897488735 5.81472981746 -2.70988037050
2024-06-14T14:51:00.000000 993.717578729 2702.624823509 6047.434119636 4.22031915440 5.61413606204 -3.19760956429
2024-06-14T14:52:00.000000 1244.374193173 3032.784289128 5841.317931504 4.13158689245 5.38680910834 -3.67021951952
2024-06-14T14:53:00.000000 1489.114684545 3348.528531617 5607.355427710 4.02319176755 5.13381710424 -4.12544948619
2024-06-14T14:54:00.000000 1726.774053050 3648.352809438 5346.655278888 3.89564203629 4.85635224920 -4.56111835166
2024-06-14T14:55:00.000000 1956.220567531 3930.827432677 5060.454303790 3.74953724444 4.55572289184 -4.97513649248
2024-06-14T14:56:00.000000 2176.361125074 4194.604643110 4750.111819943 3.58556542571 4.23335137028 -5.36551216053
2024-06-14T14:57:00.000000 2386.146528411 4438.425302818 4417.103468907 3.40450201907 3.89076880762 -5.73036064672
2024-06-14T14:58:00.000000 2584.576706716 4661.125371799 4063.014457664 3.20720825367 3.52961280955 -6.06791794714
2024-06-14T14:59:00.000000 2770.705687386 4861.641886308 3689.531810359 2.99462540493 3.15161183450 -6.37655490021
2024-06-14T15:00:00.000000 2943.646285532 5039.018054203 3298.436235091 2.76777158118 2.75857654852 -6.65477866614
2024-06-14T15:01:00.000000 3102.574638716 5192.408091165 2891.593635675 2.52773798268 2.35239451884 -6.90124430279
2024-06-14T15:02:00.000000 3246.734321634 5321.081505416 2470.945969853 2.27568030704 1.93501973019 -7.11476277210
2024-06-14T15:03:00.000000 3375.440044451 5424.426752298 2038.501673777 2.01281239960 1.50846104131 -7.29430801700
2024-06-14T15:04:00.000000 3488.080841012 5501.954273024 1596.325891090 1.74039830688 1.07477608767 -7.43901541494
2024-06-14T15:05:00.000000 3584.123234350 5553.299261744 1146.530434643 1.45975489390 0.63606053113 -7.54819751451
2024-06-14T15:06:00.000000 3663.113934682 5578.223195761 691.263116926 1.17223797955 0.19442847346 -7.62133936297
2024-06-14T15:07:00.000000 3724.682116473 5576.615014933 232.697399279 0.87923820735 -0.24798626946 -7.65810305174
2024-06-14T15:08:00.000000 3768.541184064 5548.492041871 -226.978519367 0.58217234814 -0.68904168167 -7.65833641382
2024-06-14T15:09:00.000000 3794.490216913 5493.999762406 -685.572936484 0.28247772247 -1.12661072609 -7.62207422723
2024-06-14T15:10:00.000000 3802.414831312 5413.410432014 -1140.901715306 -0.01840121373 -1.55859679433 -7.54953187529
2024-06-14T15:11:00.000000 3792.287223433 5307.121218195 -1590.798716234 -0.31902172463 -1.98293029454 -7.44109349220
2024-06-14T15:12:00.000000 3764.166463543 5175.652535754 -2033.126242192 -0.61793155971 -2.39757950217 -7.29732637002
2024-06-14T15:13:00.000000 3718.198254903 5019.644730409 -2465.786043279 -0.91370089380 -2.80057765630 -7.11897280276
2024-06-14T15:14:00.000000 3654.613301208 4839.854458665 -2886.729211984 -1.20492397658 -3.19001618319 -6.90693604351
2024-06-14T15:15:00.000000 3573.725936820 4637.150765415 -3293.965858915 -1.49022020504 -3.56405866356 -6.66227910253
2024-06-14T15:16:00.000000 3475.932391200 4412.510504374 -3685.574572184 -1.76824204586 -3.92094989976 -6.38622042482
2024-06-14T15:17:00.000000 3361.708541605 4167.013159898 -4059.711462469 -2.03768290528 -4.25902516168 -6.08012397097
2024-06-14T15:18:00.000000 3231.607300573 3901.835233933 -4414.618633200 -2.29728261763 -4.57671645048 -5.74549090385
2024-06-14T15:19:00.000000 3086.255654584 3618.244237840 -4748.632129225 -2.54583284378 -4.87255871569 -5.38394983359
2024-06-14T15:20:00.000000 2926.351429306 3317.592390037 -5060.189369476 -2.78218168331 -5.14519476299 -4.99725026765
2024-06-14T15:21:00.000000 2752.659707916 3001.309910815 -5347.836133170 -3.00523995746 -5.39338254819 -4.58725264484
2024-06-14T15:22:00.000000 2566.008946023 2670.897986805 -5610.232870603 -3.21398499486 -5.61599925677 -4.15591717000
2024-06-14T15:23:00.000000 2367.286873182 2327.921517970 -5846.160379871 -3.40746425613 -5.81204423782 -3.70529371543
2024-06-14T15:24:00.000000 2157.436176863 1974.001709467 -6054.524927167 -3.58479901233 -5.98064197930 -3.23751311069
2024-06-14T15:25:00.000000 1937.449974252 1610.808451444 -6234.362790795 -3.74518729462 -6.12104554722 -2.75477646309
2024-06-14T15:26:00.000000 1708.367131093 1240.052530106 -6384.844164415 -3.88790675398 -6.23263906243 -2.25934436890
2024-06-14T15:27:00.000000 1471.267441688 863.477781030 -6505.276364323 -4.01231512487 -6.31493623269 -1.75352641440
2024-06-14T15:28:00.000000 1227.266764784 482.853263186 -6595.106685099 -4.11785396260 -6.36758372946 -1.23967688907
2024-06-14T15:29:00.000000 977.511831264 99.965210329 -6653.924628890 -4.20405251105 -6.39036194818 -0.72017994225
2024-06-14T15:30:00.000000 723.174989432 -283.390998670 -6681.463399052 -4.27052763021 -6.38318595005 -0.19743925214
2024-06-14T15:31:00.000000 465.448982905 -665.418868842 -6677.600694994 -4.31698220225 -6.34610253773 0.32613337441
2024-06-14T15:32:00.000000 205.541804412 -1044.328621194 -6642.359109961 -4.34320603898 -6.27928957023 0.84812039417
2024-06-14T15:33:00.000000 -55.328741080 -1418.345198414 -6575.906183482 -4.34908268784 -6.18305989446 1.36611164761
2024-06-14T15:34:00.000000 -315.940536328 -1785.716217693 -6478.553382190 -4.33458329246 -6.05785507793 1.87771995224
2024-06-14T15:35:00.000000 -575.072363230 -2144.719613164 -6350.754737985 -4.29976822932 -5.90424450054 2.38058201812
2024-06-14T15:36:00.000000 -831.509396049 -2493.671244996 -6193.105083429 -4.24478989414 -5.72292269183 2.87236837610
2024-06-14T15:37:00.000000 -1084.048702566 -2830.932490875 -6006.337806061 -4.16989213943 -5.51471280922 3.35079309859
2024-06-14T15:38:00.000000 -1331.504669817 -3154.917882520 -5791.321704154 -4.07540812917 -5.28056163438 3.81363028005
2024-06-14T15:39:00.000000 -1572.714321292 -3464.102223561 -5549.057207139 -3.96175927818 -5.02153127303 4.25871819600
2024-06-14T15:40:00.000000 -1806.542629576 -3757.027553896 -5280.672346899 -3.82945563426 -4.73880061202 4.68396757042
2024-06-14T15:41:00.000000 -2031.887782917 -4032.310050618 -4987.418028394 -3.67909409205 -4.43366117119 5.08737360769
2024-06-14T15:42:00.000000 -2247.686343507 -4288.646629321 -4670.662657636 -3.51135642921 -4.10751188694 5.46702597562
2024-06-14T15:43:00.000000 -2452.918256913 -4524.821233486 -4331.886181862 -3.32700655103 -3.76185361754 5.82111857441
2024-06-14T15:44:00.000000 -2646.611702563 -4739.710746258 -3972.673565801 -3.12688787410 -3.39828244825 6.14795837444
2024-06-14T15:45:00.000000 -2827.847769598 -4932.290508489 -3594.707736843 -2.91191992792 -3.01848299048 6.44597450450
2024-06-14T15:46:00.000000 -2995.764878733 -5101.639395638 -3199.762024354 -2.68309354680 -2.62422058787 6.71372515838
2024-06-14T15:47:00.000000 -3149.562990269 -5246.944488208 -2789.692258167 -2.44146920359 -2.21733595231 6.94990371108
2024-06-14T15:48:00.000000 -3288.507733584 -5367.505397500 -2366.428317087 -2.18817425683 -1.79973748198 7.15335054504
2024-06-14T15:49:00.000000 -3411.934151349 -5462.737955615 -1931.965033424 -1.92439355952 -1.37338912371 7.32306056212
2024-06-14T15:50:00.000000 -3519.249950548 -5532.177299992 -1488.352856625 -1.65136401301 -0.94030244443 7.45818556289
2024-06-14T15:51:00.000000 -3609.938559757 -5575.480487120 -1037.688309646 -1.37037227725 -0.50252864937 7.55803914424
2024-06-14T15:52:00.000000 -3683.561963018 -5592.428581504 -582.104028803 -1.08274868533 -0.06214754515 7.62210492375
2024-06-14T15:53:00.000000 -3739.763064642 -5582.927967037 -123.758491571 -0.78985925683 0.37874440530 7.65003788339
2024-06-14T15:54:00.000000 -3778.267671312 -5547.011175712 335.174347291 -0.49310042081 0.81804041823 7.64166839081
2024-06-14T15:55:00.000000 -3798.886083420 -5484.837099058 792.515753838 -0.19389041875 1.25363784624 7.59700679053
2024-06-14T15:56:00.000000 -3801.514111699 -5396.690345796 1246.092990307 0.10633996024 1.68345067502 7.51624252216
2024-06-14T15:57:00.000000 -3786.133579220 -5282.979886021 1693.750010825 0.40615583185 2.10542127335 7.39974166356
2024-06-14T15:58:00.000000 -3752.812369087 -5144.237099873 2133.357913382 0.70412409613 2.51752812104 7.24804274441
2024-06-14T15:59:00.000000 -3701.704160212 -4981.113317324 2562.825257569 0.99881916221 2.91779639095 7.06185520989
2024-06-14T16:00:00.000000 -3633.047759358 -4794.376740771 2980.108240096 1.28883097907 3.30430714791 6.84205831486
2024-06-14T16:01:00.000000 -3547.165788200 -4584.908571182 3383.220717286 1.57277543261 3.67521354176 6.58968942030
2024-06-14T16:02:00.000000 -3444.463424510 -4353.699005277 3770.243319096 1.84928616890 4.02872926142 6.30594353112
2024-06-14T16:03:00.000000 -3325.426609298 -4101.842874072 4139.333487818 2.11703992275 4.36315696738 5.99218065071
2024-06-14T16:04:00.000000 -3190.619335622 -3830.533911708 4488.734829881 2.37476070386 4.67690186133 5.64991215930
2024-06-14T16:05:00.000000 -3040.680437167 -3541.058048311 4816.785271690 2.62122756638 4.96847973549 5.28076504336
2024-06-14T16:06:00.000000 -2876.320540399 -3234.787562269 5121.924064688 2.85527031722 5.23650022877 4.88649310562
2024-06-14T16:07:00.000000 -2698.318849758 -2913.174797281 5402.699407278 3.07577307450 5.47968637168 4.46897307073
2024-06-14T16:08:00.000000 -2507.519588214 -2577.745032912 5657.775586376 3.28168730048 5.69688474287 4.03019410603
2024-06-14T16:09:00.000000 -2304.827709262 -2230.089063668 5885.939202184 3.47203726981 5.88706561269 3.57224303024
2024-06-14T16:10:00.000000 -2091.204471567 -1871.855620630 6086.104726571 3.64592198316 6.04932778619 3.09729346002
2024-06-14T16:11:00.000000 -1867.662914684 -1504.743591880 6257.319460014 3.80251732464 6.18290138319 2.60759830402
2024-06-14T16:12:00.000000 -1635.263062448 -1130.493995600 6398.768018562 3.94108203197 6.28715270837 2.10547984159
2024-06-14T16:13:00.000000 -1395.106853901 -750.881668792 6509.776103852 4.06096045740 6.36158836081 1.59331599341
2024-06-14T16:14:00.000000 -1148.332955948 -367.706911700 6589.813465423 4.16158451251 6.40585288656 1.07352952613
2024-06-14T16:15:00.000000 -896.111447531 17.212855988 6638.496302942 4.24247470773 6.41973090074 0.54857705434
2024-06-14T16:16:00.000000 -639.638522993 402.051462219 6655.589091683 4.30324158151 6.40314699883 0.02094394100
2024-06-14T16:17:00.000000 -380.130831953 784.982544983 6641.005971415 4.34359291101 6.35617043442 -0.50686947554
2024-06-14T16:18:00.000000 -118.819709148 1164.188224715 6594.811167559 4.36333073744 6.27901408535 -1.03236233889
2024-06-14T16:19:00.000000 143.054511592 1537.867616106 6517.218771468 4.36235456634 6.17203133337 -1.55304191537
2024-06-14T16:20:00.000000 404.248447772 1904.245212889 6408.591857674 4.34066182651 6.03571459583 -2.06643645107
2024-06-14T16:21:00.000000 663.521354757 2261.579238434 6269.441033097 4.29834408706 5.87069639758 -2.57010057363
2024-06-14T16:22:00.000000 919.641111047 2608.170162213 6100.422452808 4.23559793426 5.67775131595 -3.06163378467
2024-06-14T16:23:00.000000 1171.390285342 2942.368808739 5902.334366085 4.15271373995 5.45778110289 -3.53869942782
2024-06-14T16:24:00.000000 1417.571584629 3262.583885775 5676.113486706 4.05007415116 5.21181479138 -3.99901944843
2024-06-14T16:25:00.000000 1657.013609241 3567.289713924 5422.831043855 3.92815873849 4.94100884020 -4.44039175264
2024-06-14T16:26:00.000000 1888.576437475 3855.033564501 5143.687801300 3.78753652630 4.64663767481 -4.86070089651
2024-06-14T16:27:00.000000 2111.156967458 4124.442665565 4840.008737340 3.62886617057 4.33009192405 -5.25792344420
2024-06-14T16:28:00.000000 2323.694346215 4374.231126672 4513.237151579 3.45289703865 3.99287611692 -5.63014187593
2024-06-14T16:29:00.000000 2525.175293642 4603.206495696 4164.927813708 3.26046468464 3.63659821235 -5.97555955694
2024-06-14T16:30:00.000000 2714.639128118 4810.275638346 3796.739489850 3.05248595936 3.26295958959 -6.29250736523
2024-06-14T16:31:00.000000 2891.182530547 4994.450174684 3410.427133454 2.82995578194 2.87375010182 -6.57944997729
2024-06-14T16:32:00.000000 3053.964107635 5154.851592061 3007.833468795 2.59394215881 2.47084010260 -6.83499874230
2024-06-14T16:33:00.000000 3202.208601009 5290.715758856 2590.879943018 2.34558089572 2.05617017094 -7.05792023866
2024-06-14T16:34:00.000000 3335.210710612 5401.396632450 2161.557137132 2.08606649741 1.63173314329 -7.24714198129
2024-06-14T16:35:00.000000 3452.338505843 5486.369253350 1721.915319305 1.81665010597 1.19957367132 -7.40174877641
2024-06-14T16:36:00.000000 3553.036736499 5545.232836605 1274.054514563 1.53863563288 0.76178294154 -7.52100011398
2024-06-14T16:37:00.000000 3636.829722367 5577.712883624 820.113751632 1.25336951653 0.32047672305 -7.60433517429
2024-06-14T16:38:00.000000 3703.323664828 5583.662359652 362.260381353 0.96223357476 -0.12221355211 -7.65137181437
2024-06-14T16:39:00.000000 3752.208514517 5563.062285145 -97.320758621 0.66663641976 -0.56415269991 -7.66190914638
2024-06-14T16:40:00.000000 3783.259365741 5516.021630577 -556.438221972 0.36800617456 -1.00321272409 -7.63592782085
2024-06-14T16:41:00.000000 3796.337377700 5442.776549070 -1012.904832800 0.06778217888 -1.43728417705 -7.57358918848
2024-06-14T16:42:00.000000 3791.390223254 5343.688930788 -1464.548447853 -0.23259209485 -1.86428690010 -7.47523258784
2024-06-14T16:43:00.000000 3768.452152421 5219.244341807 -1909.222567713 -0.53167536197 -2.28218016903 -7.34137301656
2024-06-14T16:44:00.000000 3727.643643085 5070.049370606 -2344.816813032 -0.82803610892 -2.68897253002 -7.17269920996
2024-06-14T16:45:00.000000 3669.170546000 4896.828304263 -2769.267227320 -1.12026133707 -3.08273390991 -6.97006851795
2024-06-14T16:46:00.000000 3593.322786505 4700.419177527 -3180.566180467 -1.40696241104 -3.46160412492 -6.73450038962
2024-06-14T16:47:00.000000 3500.472702009 4481.769303455 -3576.771965367 -1.68678260176 -3.82380263745 -6.46717169651
2024-06-14T16:48:00.000000 3391.072850269 4241.930189387 -3956.017958570 -1.95840542730 -4.16763782792 -6.16940636305
2024-06-14T16:49:00.000000 3265.653478755 3982.052047878 -4316.521163557 -2.22055856049 -4.49151224538 -5.84266712521
2024-06-14T16:50:00.000000 3124.819692507 3703.377923439 -4656.590331460 -2.47202005959 -4.79393006138 -5.48854783938
2024-06-14T16:51:00.000000 2969.248277689 3407.237424292 -4974.633541222 -2.71162325448 -5.07350243851 -5.10876422551
2024-06-14T16:52:00.000000 2799.684236473 3095.040142067 -5269.165269159 -2.93826192192 -5.32895315245 -4.70514554240
2024-06-14T16:53:00.000000 2616.936999408 2768.268738965 -5538.812886038 -3.15089523042 -5.55912323141 -4.27962397322
2024-06-14T16:54:00.000000 2421.876412666 2428.471816007 -5782.322564876 -3.34855086794 -5.76297452713 -3.83422620328
2024-06-14T16:55:00.000000 2215.428465031 2077.256481920 -5998.564669723 -3.53033051147 -5.93959570195 -3.37106274890
2024-06-14T16:56:00.000000 1998.570771589 1716.280696389 -6186.538374267 -3.69541171217 -6.08820296560 -2.89231536929
2024-06-14T16:57:00.000000 1772.327973856 1347.245582683 -6345.375700640 -3.84304998141 -6.20814176910 -2.40022906498
2024-06-14T16:58:00.000000 1537.766945710 971.887610199 -6474.345008489 -3.97258233252 -6.29888871796 -1.89710147842
2024-06-14T16:59:00.000000 1295.991909675 591.970687918 -6572.853834886 -4.08342666590 -6.36005250238 -1.38527313750
2024-06-14T17:00:00.000000 1048.139511026 209.278206244 -6640.451315288 -4.17508579919 -6.39137602440 -0.86712176611
2024-06-14T17:01:00.000000 795.373529084 -174.395097719 -6676.829919119 -4.24715202189 -6.39273693853 -0.34504443875
2024-06-14T17:02:00.000000 538.879627926 -557.251016215 -6681.826307788 -4.29930312665 -6.36414181665 0.17854941016
2024-06-14T17:03:00.000000 279.860194475 -937.495718505 -6655.422051771 -4.33130538003 -6.30573137827 0.70124066625
2024-06-14T17:04:00.000000 19.528863663 -1313.347885692 -6597.743677987 -4.34301628995 -6.21778023982 1.22061979940
2024-06-14T17:05:00.000000 -240.894732690 -1683.046477782 -6509.061840601 -4.33437892952 -6.10069014054 1.73429138987
2024-06-14T17:06:00.000000 -500.190269053 -2044.858513734 -6389.790381149 -4.30542763839 -5.95499483551 2.23988065589
2024-06-14T17:07:00.000000 -757.142207693 -2397.086898176 -6240.484656003 -4.25628731206 -5.78135574303 2.73504640656
2024-06-14T17:08:00.000000 -1010.545243995 -2738.078014606 -6061.839343288 -4.18717502025 -5.58056143565 3.21748771265
2024-06-14T17:09:00.000000 -1259.209908478 -3066.229348577 -5854.685522806 -4.09840042914 -5.35352486608 3.68496145547
2024-06-14T17:10:00.000000 -1501.967898397 -3379.996665344 -5619.986966240 -3.99035896144 -5.10127562872 4.13528756863
2024-06-14T17:11:00.000000 -1737.677260356 -3677.901042798 -5358.836232584 -3.86353421313 -4.82496097754 4.56635558366
2024-06-14T17:12:00.000000 -1965.227697829 -3958.535787948 -5072.450093821 -3.71849700502 -4.52584035744 4.97613665542
2024-06-14T17:13:00.000000 -2183.545715570 -4220.573091572 -4762.164424755 -3.55590332562 -4.20528346622 5.36269162003
2024-06-14T17:14:00.000000 -2391.599708899 -4462.770483711 -4429.428434417 -3.37649293253 -3.86476377351 5.72418350401
2024-06-14T17:15:00.000000 -2588.404886832 -4683.976827978 -4075.798274535 -3.18108604500 -3.50585128747 6.05888584924
2024-06-14T17:16:00.000000 -2773.027993567 -4883.137941700 -3702.930164579 -2.97057960955 -3.13020680220 6.36519080448
2024-06-14T17:17:00.000000 -2944.591819950 -5059.301856948 -3312.573040016 -2.74594451566 -2.73957553578 6.64161716699
2024-06-14T17:18:00.000000 -3102.279542437 -5211.623675928 -2906.560684806 -2.50822193284 -2.33578006137 6.88681933056
2024-06-14T17:19:00.000000 -3245.338791015 -5339.369973277 -2486.803341196 -2.25851836603 -1.92071206923 7.09959546611
2024-06-14T17:20:00.000000 -3373.085441578 -5441.922685704 -2055.278877737 -1.99800141326 -1.49632385586 7.27889440325
2024-06-14T17:21:00.000000 -3484.907132975 -5518.782475362 -1614.023537685 -1.72789477003 -1.06461894802 7.42382261046
2024-06-14T17:22:00.000000 -3580.266469067 -5569.571481771 -1165.122278167 -1.44947229769 -0.62764118352 7.53365072194
2024-06-14T17:23:00.000000 -3658.703795730 -5594.035428723 -710.698794196 -1.16405039650 -0.18746469060 7.60781734380
2024-06-14T17:24:00.000000 -3719.839570978 -5592.045169664 -252.905346798 -0.87298220162 0.25381528483 7.64593236921
2024-06-14T17:25:00.000000 -3763.376382388 -5563.597610493 206.087635433 -0.57765092230 0.69409447745 7.64778046581
2024-06-14T17:26:00.000000 -3789.100537084 -5508.815912657 664.102042220 -0.27946297893 1.13127000913 7.61332110336
2024-06-14T17:27:00.000000 -3796.883260561 -5427.949133947 1118.962631550 0.02015869222 1.56325015971 7.54269085168
2024-06-14T17:28:00.000000 -3786.681440004 -5321.371185128 1568.507675400 0.31978297652 1.98796674056 7.43620295249
2024-06-14T17:29:00.000000 -3758.537906790 -5189.579140151 2010.599474131 0.61797736760 2.40338410018 7.29434520599
2024-06-14T17:30:00.000000 -3712.581281539 -5033.190950416 2443.134788388 0.91331578091 2.80751027244 7.11777754198
2024-06-14T17:31:00.000000 -3649.025453939 -4852.942564714 2864.055065238 1.20438275922 3.19840588636 6.90732980857
2024-06-14T17:32:00.000000 -3568.168717497 -4649.684362091 3271.356598957 1.48978257072 3.57419783079 6.66399899129
2024-06-14T17:33:00.000000 -3470.392188350 -4424.376999042 3663.100290257 1.76815108481 3.93308376235 6.38894045800
2024-06-14T17:34:00.000000 -3356.157955050 -4178.086982506 4037.421011104 2.03815276184 4.27333948928 6.08346563723
2024-06-14T17:35:00.000000 -3226.007027648 -3911.981405906 4392.537129009 2.29849765737 4.59334127579 5.74904243226
2024-06-14T17:36:00.000000 -3080.556148819 -3627.321592221 4726.758912946 2.54794868337 4.89156838570 5.38726444372
2024-06-14T17:37:00.000000 -2920.494821829 -3325.457152771 5038.496175405 2.78531979730 5.16660154380 4.99985598200
2024-06-14T17:38:00.000000 -2746.581964719 -3007.819510505 5326.265815812 3.00948338269 5.41713341488 4.58866055268
2024-06-14T17:39:00.000000 -2559.642329318 -2675.915070557 5588.698755038 3.21937361847 5.64197298217 4.15563428960
2024-06-14T17:40:00.000000 -2360.562585713 -2331.318047914 5824.546456352 3.41399355536 5.84005203777 3.70283739895
2024-06-14T17:41:00.000000 -2150.287010800 -1975.662922497 6032.686842946 3.59242070053 6.01043076739 3.23242315040
2024-06-14T17:42:00.000000 -1929.812906406 -1610.636586190 6212.129520976 3.75381032869 6.15230252295 2.74662562210
2024-06-14T17:43:00.000000 -1700.185847016 -1237.970269999 6362.020295936 3.89739900164 6.26499634744 2.24774900400
2024-06-14T17:44:00.000000 -1462.494674245 -859.431332605 6481.645037059 4.02250807191 6.34797930718 1.73815563670
2024-06-14T17:45:00.000000 -1217.866391224 -476.814966891 6570.432792487 4.12854450163 6.40085618159 1.22025452348
2024-06-14T17:46:00.000000 -967.460949422 -91.935968869 6627.958369544 4.21500316368 6.42336890905 0.69649416080
2024-06-14T17:47:00.000000 -712.465905125 293.379604057 6653.944532628 4.28147036347 6.41540169660 0.16935631654
2024-06-14T17:48:00.000000 -454.090772128 677.303164103 6648.263527529 4.32762734178 6.37698546487 -0.35866133032
2024-06-14T17:49:00.000000 -193.561375318 1058.012217074 6610.937640568 4.35325003867 6.30829205751 -0.88505596192
2024-06-14T17:50:00.000000 67.885936435 1433.698884787 6542.139184592 4.35821109723 6.20963691341 -1.40733245595
2024-06-14T17:51:00.000000 329.010034777 1802.578410472 6442.189691803 4.34247947785 6.08147463135 -1.92301249198
2024-06-14T17:52:00.000000 588.570933175 2162.897502241 6311.558683769 4.30612396765 5.92440013854 -2.42964405453
2024-06-14T17:53:00.000000 845.335667763 2512.942788646 6150.861597837 4.24930951160 5.73914797894 -2.92481789603
2024-06-14T17:54:00.000000 1098.084037383 2851.048909799 5960.856827466 4.17229626388 5.52658272413 -3.40617909862
2024-06-14T17:55:00.000000 1345.614236936 3175.606256453 5742.442301331 4.07543700472 5.28769867413 -3.87143290413
2024-06-14T17:56:00.000000 1586.748420233 3485.068698568 5496.651575480 3.95917806755 5.02361610846 -4.31835447837
2024-06-14T17:57:00.000000 1820.338381980 3777.960987877 5224.649376001 3.82406104272 4.73557738828 -4.74479858200
2024-06-14T17:58:00.000000 2045.271212069 4052.886003466 4927.726406505 3.67072035593 4.42494334410 -5.14871319511
2024-06-14T17:59:00.000000 2260.474766923 4308.531667832 4607.293409956 3.49987965055 4.09318684946 -5.52815050343
2024-06-14T18:00:00.000000 2464.922926594 4543.677537142 4264.874702200 3.31234966725 3.74188928238 -5.88127449194
2024-06-14T18:01:00.000000 2657.640801769 4757.201114784 3902.100959845 3.10902593266 3.37273126299 -6.20637840838
2024-06-14T18:02:00.000000 2837.709574321 4948.083392927 3520.701219154 2.89088146870 2.98748108160 -6.50189095708
2024-06-14T18:03:00.000000 3004.271046078 5115.413913897 3122.494521901 2.65896268543 2.58798684555 -6.76638453493
2024-06-14T18:04:00.000000 3156.531861584 5258.395296465 2709.381127286 2.41438428709 2.17616873911 -6.99858082156
2024-06-14T18:05:00.000000 3293.767500647 5376.347299727 2283.333274891 2.15832475847 1.75400924447 -7.19735999100
2024-06-14T18:06:00.000000 3415.325878007 5468.710245247 1846.385504228 1.89201925734 1.32354316043 -7.36176601951
2024-06-14T18:07:00.000000 3520.630600977 5535.047874540 1400.624656246 1.61675467615 0.88684784147 -7.49101273768
2024-06-14T18:08:00.000000 3609.183847341 5575.049537985 948.179499238 1.33386172379 0.44603075678 -7.58448912886
2024-06-14T18:09:00.000000 3680.568770528 5588.531665021 491.210182679 1.04470795668 0.00321902984 -7.64176044827
2024-06-14T18:10:00.000000 3734.451535386 5575.438672998 31.897556603 0.75069156255 -0.43945028397 -7.66257228749
2024-06-14T18:11:00.000000 3770.582900611 5535.843158289 -427.567736891 0.45323278989 -0.87984371421 -7.64685241155
2024-06-14T18:12:00.000000 3788.799318499 5469.945341951 -884.996152290 0.15376668902 -1.31584226393 -7.59470959393
2024-06-14T18:13:00.000000 3789.023599591 5378.071864084 -1338.210105434 -0.14626463209 -1.74535318189 -7.50643346093
2024-06-14T18:14:00.000000 3771.265092827 5260.673856461 -1785.054714525 -0.44541969893 -2.16632089641 -7.38249055140
2024-06-14T18:15:00.000000 3735.619446996 5118.324419846 -2223.408350652 -0.74226473588 -2.57673737676 -7.22352228456
2024-06-14T18:16:00.000000 3682.267897249 4951.715428410 -2651.193007511 -1.03538192444 -2.97465331748 -7.03034040252
2024-06-14T18:17:00.000000 3611.476077806 4761.653696962 -3066.384328300 -1.32337704118 -3.35818800966 -6.80392025599
2024-06-14T18:18:00.000000 3523.592388043 4549.056632266 -3467.021230146 -1.60488662421 -3.72553735457 -6.54539463463
2024-06-14T18:19:00.000000 3419.045951821 4314.947352777 -3851.215115823 -1.87858417123 -4.07498279714 -6.25604535077
2024-06-14T18:20:00.000000 3298.344239685 4060.449384737 -4217.158590357 -2.14318575678 -4.40489718794 -5.93729647405
2024-06-14T18:21:00.000000 3162.070311256 3786.780925015 -4563.133788636 -2.39745661706 -4.71375336982 -5.59070651987
2024-06-14T18:22:00.000000 3010.879715120 3495.248636197 -4887.520129913 -2.64021596687 -5.00013047643 -5.21795825382
2024-06-14T18:23:00.000000 2845.497112407 3187.241118975 -5188.801504397 -2.87034156657 -5.26271893153 -4.82084983756
2024-06-14T18:24:00.000000 2666.712624975 2864.222070017 -5465.572931448 -3.08677452320 -5.50032610050 -4.40128555000
2024-06-14T18:25:00.000000 2475.377902281 2527.723160741 -5716.546581355 -3.28852324493 -5.71187867218 -3.96126495761
2024-06-14T18:26:00.000000 2272.401962798 2179.336798756 -5940.557339746 -3.47466815348 -5.89642711411 -3.50287742974
2024-06-14T18:27:00.000000 2058.746712483 1820.708477821 -6136.567774813 -3.64436624199 -6.05315127969 -3.02828712225
2024-06-14T18:28:00.000000 1835.422306995 1453.529054955 -6303.672272651 -3.79685233426 -6.18135938410 -2.53972267342
2024-06-14T18:29:00.000000 1603.482427745 1079.526958706 -6441.100682344 -3.93144144165 -6.28049156365 -2.03946893151
2024-06-14T18:30:00.000000 1364.019382500 700.460217747 -6548.221284433 -4.04753072543 -6.35012058002 -1.52985341666
2024-06-14T18:31:00.000000 1118.159231424 318.108554000 -6624.543111802 -4.14459846245 -6.38995076474 -1.01323981901
2024-06-14T18:32:00.000000 867.056739017 -65.734542417 -6669.717931590 -4.22221054660 -6.39981876024 -0.49202015578
2024-06-14T18:33:00.000000 611.890066033 -449.269734781 -6683.541580407 -4.28002050978 -6.37969329650 0.03139654515
2024-06-14T18:34:00.000000 353.855549033 -830.699894926 -6665.954755316 -4.31776988402 -6.32967986183 0.55459329081
2024-06-14T18:35:00.000000 94.162355293 -1208.238161025 -6617.042974299 -4.33528824726 -6.25001282997 1.07516058711
2024-06-14T18:36:00.000000 -165.972651692 -1580.115538300 -6537.036190435 -4.33249040994 -6.14105573130 1.59069325214
2024-06-14T18:37:00.000000 -425.330292711 -1944.588967115 -6426.308222030 -4.30938563555 -6.00330859262 2.09880520175
2024-06-14T18:38:00.000000 -682.694803229 -2299.949199017 -6285.375030165 -4.26607754550 -5.83739712571 2.59714534278
2024-06-14T18:39:00.000000 -936.859300321 -2644.528284150 -6114.892460348 -4.20275748413 -5.64407313714 3.08340311218
2024-06-14T18:40:00.000000 -1186.630992186 -2976.707235377 -5915.653557021 -4.11970500980 -5.42421597983 3.55531794426
2024-06-14T18:41:00.000000 -1430.836603578 -3294.923422226 -5688.585203297 -4.01729058798 -5.17882378656 4.01069024090
2024-06-14T18:42:00.000000 -1668.327742308 -3597.677609842 -5434.744258380 -3.89597307458 -4.90901143071 4.44738862425
2024-06-14T18:43:00.000000 -1897.986172598 -3883.540901997 -5155.313158612 -3.75629834374 -4.61600810483 4.86336042462
2024-06-14T18:44:00.000000 -2118.728957578 -4151.161470558 -4851.594895830 -3.59889714512 -4.30115272899 5.25664106688
2024-06-14T18:45:00.000000 -2329.513542052 -4399.271021476 -4525.007468945 -3.42448423422 -3.96589032164 5.62536341321
2024-06-14T18:46:00.000000 -2529.342689295 -4626.691014685 -4177.077706595 -3.23385511929 -3.61176622653 5.96776868255
2024-06-14T18:47:00.000000 -2717.269242708 -4832.338407502 -3809.434478429 -3.02788269797 -3.24041695381 6.28221534405
2024-06-14T18:48:00.000000 -2892.400634468 -5015.230967599 -3423.801527349 -2.80751400084 -2.85356640606 6.56718347163
2024-06-14T18:49:00.000000 -3053.903406190 -5174.492420803 -3021.989818992 -2.57377153368 -2.45302026452 6.82128862437
2024-06-14T18:50:00.000000 -3201.007446964 -5309.356905940 -2605.889042112 -2.32774254350 -2.04065152690 7.04329102899
2024-06-14T18:51:00.000000 -3333.009713572 -5419.172816734 -2177.458951263 -2.07057567542 -1.61839528418 7.23209596384
2024-06-14T18:52:00.000000 -3449.277871101 -5503.406349820 -1738.720349528 -1.80347750920 -1.18824100706 7.38676495842
2024-06-14T18:53:00.000000 -3549.253476650 -5561.644451479 -1291.745553694 -1.52770406015 -0.75222369589 7.50651981842
2024-06-14T18:54:00.000000 -3632.454886327 -5593.597344539 -838.648558117 -1.24455833735 -0.31241453252 7.59075097761
2024-06-14T18:55:00.000000 -3698.479869563 -5599.100177606 -381.574803692 -0.95538331617 0.12909505168 7.63901959872
2024-06-14T18:56:00.000000 -3747.007787038 -5578.114011599 77.309121739 -0.66155427988 0.57020093925 7.65106054721
2024-06-14T18:57:00.000000 -3777.801279741 -5530.726226834 535.826026120 -0.36447046764 1.00879906481 7.62678538110
2024-06-14T18:58:00.000000 -3790.707409585 -5457.150194337 991.798636091 -0.06554535108 1.44279422491 7.56627945092
2024-06-14T18:59:00.000000 -3785.658406294 -5357.724607919 1443.060001025 0.23379512783 1.87010584062 7.46980173304
2024-06-14T19:00:00.000000 -3762.672381598 -5232.912225972 1887.464046396 0.53211625635 2.28868209568 7.33778978087
2024-06-14T19:01:00.000000 -3721.853505354 -5083.297710390 2322.896285078 0.82798576796 2.69651284131 7.17085929287
2024-06-14T19:02:00.000000 -3663.391409378 -4909.584718077 2747.284446602 1.11998964343 3.09164359855 6.96979834212
2024-06-14T19:03:00.000000 -3587.560022437 -4712.592465153 3158.608359463 1.40673060750 3.47217750821 6.73555672291
2024-06-14T19:04:00.000000 -3494.716489465 -4493.251891870 3554.909868473 1.68683526019 3.83629060191 6.46925088454
2024-06-14T19:05:00.000000 -3385.299255069 -4252.600841943 3934.302450941 1.95896793882 4.18224403534 6.17214893584
2024-06-14T19:06:00.000000 -3259.825788123 -3991.778935406 4294.979906141 2.22182912579 4.50838388057 5.84566022445
2024-06-14T19:07:00.000000 -3118.890468647 -3712.022431344 4635.225038795 2.47415709803 4.81314516182 5.49134465665
2024-06-14T19:08:00.000000 -2963.161677438 -3414.658137051 4953.418686125 2.71474996794 5.09507885878 5.11090335880
2024-06-14T19:09:00.000000 -2793.378027727 -3101.096354409 5248.047063987 2.94246708419 5.35284705479 4.70614726709
2024-06-14T19:10:00.000000 -2610.344790913 -2772.824401641 5517.708528201 3.15622823367 5.58522376798 4.27900307515
2024-06-14T19:11:00.000000 -2414.930094906 -2431.399480354 5761.120242782 3.35501898895 5.79110588763 3.83150269514
2024-06-14T19:12:00.000000 -2208.060831043 -2078.441170163 5977.124241340 3.53789638722 5.96951861793 3.36577442000
2024-06-14T19:13:00.000000 -1990.718173715 -1715.623592388 6164.692770212 3.70399411913 6.11961857356 2.88402849981
2024-06-14T19:14:00.000000 -1763.932944976 -1344.667478428 6322.932925562 3.85252423970 6.24069601288 2.38854798111
2024-06-14T19:15:00.000000 -1528.780740938 -967.332114856 6451.090743438 3.98278349443 6.33217586888 1.88167972276
2024-06-14T19:16:00.000000 -1286.376721758 -585.407195110 6548.554676547 4.09415589872 6.39361941525 1.36582240127
2024-06-14T19:17:00.000000 -1037.870401239 -200.704578435 6614.858520211 4.18611289390 6.42472816598 0.84342066589
2024-06-14T19:18:00.000000 -784.440301813 184.950372297 6649.683778173 4.25821647252 6.42535092362 0.31695026336
2024-06-14T19:19:00.000000 -527.288478345 569.727519815 6652.861005957 4.31012083574 6.39547792308 -0.21109693864
2024-06-14T19:20:00.000000 -267.634818830 951.800359151 6624.370642458 4.34157719372 6.33524140256 -0.73821940212
2024-06-14T19:21:00.000000 -6.711366430 1329.354633837 6564.343156717 4.35242945330 6.24491698984 -1.26191841923
2024-06-14T19:22:00.000000 254.243436328 1700.596909035 6473.058609110 4.34262091983 6.12492276174 -1.77970952522
2024-06-14T19:23:00.000000 513.990660332 2063.763023823 6350.945305785 4.31219132808 5.97581591329 -2.28913733106
2024-06-14T19:24:00.000000 771.296583491 2417.126314197 6198.577786048 4.26127428468 5.79828830218 -2.78778361888
2024-06-14T19:25:00.000000 1024.938350185 2759.005624940 6016.674449328 4.19009925605 5.59316530181 -3.27327314350
2024-06-14T19:26:00.000000 1273.709764138 3087.773294006 5806.094538180 4.09899090736 5.36140399602 -3.74328815681
2024-06-14T19:27:00.000000 1516.426916112 3401.863024131 5567.834458271 3.98836853219 5.10409271224 -4.19557644721
2024-06-14T19:28:00.000000 1751.933970445 3699.777623712 5303.023416583 3.85874856190 4.82244566609 -4.62796544310
2024-06-14T19:29:00.000000 1979.108972064 3980.096383591 5012.918223953 3.71074297279 4.51779634577 -5.03837694352
2024-06-14T19:30:00.000000 2196.869362156 4241.481962676 4698.897280564 3.54505196368 4.19158945166 -5.42483718143
2024-06-14T19:31:00.000000 2404.177163388 4482.686921864 4362.454125158 3.36246150162 3.84537604835 -5.78548334967
2024-06-14T19:32:00.000000 2600.044095505 4702.559925629 4005.190468551 3.16384135218 3.48080756559 -6.11857457833
2024-06-14T19:33:00.000000 2783.536446943 4900.051525297 3628.808522596 2.95013970570 3.09962662414 -6.42250294287
2024-06-14T19:34:00.000000 2953.779620478 5074.219325672 3235.102888584 2.72237850184 2.70365856983 -6.69579754304
2024-06-14T19:35:00.000000 3109.962506835 5224.232828005 2825.952072634 2.48165142828 2.29480640197 -6.93713464685
2024-06-14T19:36:00.000000 3251.341615571 5349.377761676 2403.309315690 2.22911751326 1.87503948607 -7.14534800975
2024-06-14T19:37:00.000000 3377.244797899 5449.059738061 1969.192941598 1.96599481900 1.44638256770 -7.31943553153
2024-06-14T19:38:00.000000 3487.074592432 5522.807200235 1525.676351622 1.69355363466 1.01090337900 -7.45856368396
2024-06-14T19:39:00.000000 3580.311180521 5570.273736297 1074.877850148 1.41311106818 0.57070459336 -7.56207033693
2024-06-14T19:40:00.000000 3656.515004320 5591.239874408 618.950129050 1.12602372471 0.12791227051 -7.62947203444
2024-06-14T19:41:00.000000 3715.328876582 5585.614067442 160.069520228 0.83367972726 -0.31533703361 -7.66046405592
2024-06-14T19:42:00.000000 3756.479701701 5553.433058934 -299.574761849 0.53749279085 -0.75690525577 -7.65492240071
2024-06-14T19:43:00.000000 3779.779763758 5494.861620935 -757.791556868 0.23889376987 -1.19466506787 -7.61290625445
2024-06-14T19:44:00.000000 3785.127516042 5410.191516166 -1212.398728172 -0.06067709319 -1.62651285627 -7.53465693376
2024-06-14T19:45:00.000000 3772.507900235 5299.839685682 -1661.234030339 -0.35977892756 -2.05038184328 -7.42059536369
2024-06-14T19:46:00.000000 3741.992087342 5164.345723558 -2102.165668692 -0.65697893739 -2.46425102389 -7.27131439925
2024-06-14T19:47:00.000000 3693.736890078 5004.368979594 -2533.102547262 -0.95085666961 -2.86615172983 -7.08757843337
2024-06-14T19:48:00.000000 3627.983700906 4820.684954327 -2952.004491236 -1.24001459982 -3.25418292747 -6.87031813440
2024-06-14T19:49:00.000000 3545.056966173 4614.181027790 -3356.891871549 -1.52308222286 -3.62651688905 -6.62062049112
2024-06-14T19:50:00.000000 3445.362405954 4385.851852655 -3745.854930240 -1.79872265121 -3.98140759977 -6.33972662672
2024-06-14T19:51:00.000000 3329.384726901 4136.794145965 -4117.062774190 -2.06564074109 -4.31720015302 -6.02902267226
2024-06-14T19:52:00.000000 3197.684950758 3868.200988995 -4468.771801808 -2.32258889869 -4.63233835755 -5.69003048440
2024-06-14T19:53:00.000000 3050.897391729 3581.355766454 -4799.333568823 -2.56837235563 -4.92536913532 -5.32439911630
2024-06-14T19:54:00.000000 2889.726345981 3277.625770094 -5107.202199840 -2.80185395022 -5.19494984491 -4.93389660309
2024-06-14T19:55:00.000000 2714.942505701 2958.455403504 -5390.941212480 -3.02195841010 -5.43985369894 -4.52039983112
2024-06-14T19:56:00.000000 2527.379097525 2625.359075652 -5649.229721245 -3.22767711850 -5.65897412787 -4.08588320129
2024-06-14T19:57:00.000000 2327.927796923 2279.913943162 -5880.868028742 -3.41807103270 -5.85132707847 -3.63241077212
2024-06-14T19:58:00.000000 2117.534425657 1923.752398518 -6084.782714998 -3.59227492983 -6.01605568591 -3.16212573498
2024-06-14T19:59:00.000000 1897.194408001 1558.554400717 -6260.031073312 -3.74950141940 -6.15243168427 -2.67724044490
2024-06-14T20:00:00.000000 1667.947982748 1186.039668457 -6405.804940250 -3.88904426466 -6.25985856464 -2.18002522358
2024-06-14T20:01:00.000000 1430.875313811 807.959719166 -6521.433777469 -4.01027892127 -6.33787231852 -1.67279507352
2024-06-14T20:02:00.000000 1187.091596317 426.090053911 -6606.387078163 -4.11266218615 -6.38613738958 -1.15790259448
2024-06-14T20:03:00.000000 937.742109616 42.222341312 -6660.276557633 -4.19573550339 -6.40445152477 -0.63773415460
2024-06-14T20:04:00.000000 683.997021842 -341.843693861 -6682.857765869 -4.25912733591 -6.39274847526 -0.11469541252
2024-06-14T20:05:00.000000 427.046221687 -724.308412685 -6674.030845798 -4.30255250393 -6.35109632881 0.40880150442
2024-06-14T20:06:00.000000 168.094067230 -1103.380059202 -6633.840670278 -4.32581332587 -6.27968891205 0.93034386486
2024-06-14T20:07:00.000000 -91.645877497 -1477.282425012 -6562.476987438 -4.32880247010 -6.17885344166 1.44751697299
2024-06-14T20:08:00.000000 -350.956489193 -1844.263137357 -6460.273843607 -4.31150729225 -6.04905523754 1.95793061240
2024-06-14T20:09:00.000000 -608.622455297 -2202.601518405 -6327.707672443 -4.27400030531 -5.89088446177 2.45922732219
2024-06-14T20:10:00.000000 -863.435497419 -2550.616072752 -6165.395457872 -4.21644518001 -5.70505812558 2.94908110320
2024-06-14T20:11:00.000000 -1114.200029052 -2886.672218164 -5974.092363300 -4.13910042617 -5.49242191035 3.42521580207
2024-06-14T20:12:00.000000 -1359.738588483 -3209.189725255 -5754.688278701 -4.04231059117 -5.25394081249 3.88541671707
2024-06-14T20:13:00.000000 -1598.896961310 -3516.649792813 -5508.204086791 -3.92650668860 -4.99069731051 4.32753366433
2024-06-14T20:14:00.000000 -1830.549420198 -3807.602014594 -5235.787507701 -3.79220730370 -4.70388833606 4.74948991744
2024-06-14T20:15:00.000000 -2053.604025272 -4080.671236666 -4938.708414407 -3.64001987741 -4.39482492377 5.14929373558
2024-06-14T20:16:00.000000 -2267.007758922 -4334.564169894 -4618.353250983 -3.47063309047 -4.06492332103 5.52505112364
2024-06-14T20:17:00.000000 -2469.751426543 -4568.075594097 -4276.219135736 -3.28482037533 -3.71570262723 5.87496983892
2024-06-14T20:18:00.000000 -2660.874685368 -4780.094288440 -3913.907190397 -3.08343411608 -3.34877507648 6.19737652548
2024-06-14T20:19:00.000000 -2839.470503901 -4969.608411243 -3533.115326468 -2.86739960882 -2.96584057054 6.49071893095
2024-06-14T20:20:00.000000 -3004.689601287 -5135.710561469 -3135.630737577 -2.63771526371 -2.56867887783 6.75357476816
2024-06-14T20:21:00.000000 -3155.744570821 -5277.602425321 -2723.321921721 -2.39544508924 -2.15914700962 6.98465740349
2024-06-14T20:22:00.000000 -3291.913880384 -5394.599277632 -2298.130121416 -2.14172006638 -1.73917038514 7.18283148285
2024-06-14T20:23:00.000000 -3412.545605846 -5486.133470745 -1862.060053956 -1.87772834665 -1.31072548893 7.34711546424
2024-06-14T20:24:00.000000 -3517.060752787 -5551.757437405 -1417.170619305 -1.60471151439 -0.87583679002 7.47668712922
2024-06-14T20:25:00.000000 -3604.956178426 -5591.146212352 -965.565128660 -1.32395577411 -0.43656550153 7.57088799059
2024-06-14T20:26:00.000000 -3675.807229639 -5604.099446845 -509.381354980 -1.03679023632 0.00499800025 7.62922996478
2024-06-14T20:27:00.000000 -3729.270044689 -5590.542673383 -50.781099049 -0.74457771926 0.44675030055 7.65139943789
2024-06-14T20:28:00.000000 -3765.083463874 -5550.527766382 408.060215249 -0.44871115083 0.88658501213 7.63725661651
2024-06-14T20:29:00.000000 -3783.070526972 -5484.232858968 864.964044538 -0.15060216585 1.32240075385 7.58683719589
2024-06-14T20:30:00.000000 -3783.139325420 -5391.961843558 1317.759282788 0.14832651378 1.75210906247 7.50035391505
2024-06-14T20:31:00.000000 -3765.283528313 -5274.143163375 1764.292918636 0.44664601977 2.17364895279 7.37819655173
2024-06-14T20:32:00.000000 -3729.582584360 -5131.327862818 2202.440561042 0.74292677531 2.58499597426 7.22092982649
2024-06-14T20:33:00.000000 -3676.201518121 -4964.187004074 2630.116997552 1.03574801336 2.98417704055 7.02929348743
2024-06-14T20:34:00.000000 -3605.390058642 -4773.508247546 3045.286374846 1.32370825147 3.36927877241 6.80419240602
2024-06-14T20:35:00.000000 -3517.481312244 -4560.192138519 3445.972067419 1.60543022468 3.73845387026 6.54669554628
2024-06-14T20:36:00.000000 -3412.890212929 -4325.247749016 3830.266368310 1.87956452340 4.08993364794 6.25803050635
2024-06-14T20:37:00.000000 -3292.111514483 -4069.787641449 4196.339888264 2.14480315122 4.42203961939 5.93957745233
2024-06-14T20:38:00.000000 -3155.717017954 -3795.022216119 4542.450033416 2.39988386258 4.73318746425 5.59284795242
2024-06-14T20:39:00.000000 -3004.353050445 -3502.254158700 4866.949099669 2.64358664686 5.02188873246 5.21949547774
2024-06-14T20:40:00.000000 -2838.737481750 -3192.872064094 5168.292621080 2.87474840587 5.28676886923 4.82130359628
2024-06-14T20:41:00.000000 -2659.656102707 -2868.343596054 5445.046712354 3.09226953387 5.52656823397 4.40017419551
2024-06-14T20:42:00.000000 -2467.958590061 -2530.208265298 5695.894839485 3.29512026805 5.74015219070 3.95811366129
2024-06-14T20:43:00.000000 -2264.554329651 -2180.069939515 5919.643647007 3.48234050984 5.92650987350 3.49722073133
2024-06-14T20:44:00.000000 -2050.408127382 -1819.589417640 6115.228373068 3.65304353333 6.08475546918 3.01968280657
2024-06-14T20:45:00.000000 -1826.535660744 -1450.476613561 6281.717957060 3.80642143077 6.21413888692 2.52776567488
2024-06-14T20:46:00.000000 -1593.998657630 -1074.482399850 6418.319232830 3.94174700263 6.31404445020 2.02379949746
2024-06-14T20:47:00.000000 -1353.899986641 -693.390492012 6524.380692838 4.05837736396 6.38399424635 1.51017473927
2024-06-14T20:48:00.000000 -1107.378374803 -309.008948753 6599.395749588 4.15576069467 6.42365600862 0.98932788610
2024-06-14T20:49:00.000000 -855.602953986 76.838566056 6643.004792686 4.23343447027 6.43283901976 0.46372021123
2024-06-14T20:50:00.000000 -599.767902260 462.321021935 6654.996774725 4.29102820339 6.41149143140 -0.06415773908
2024-06-14T20:51:00.000000 -341.086771801 845.608715604 6635.310420810 4.32826501959 6.35970749797 -0.59180738354
2024-06-14T20:52:00.000000 -80.786956739 1224.881826923 6584.034491883 4.34496213727 6.27772353188 -1.11672747540
2024-06-14T20:53:00.000000 179.896110397 1598.339027901 6501.407484691 4.34103381375 6.16591862246 -1.63643033456
2024-06-14T20:54:00.000000 439.724731720 1964.205901622 6387.816499630 4.31649024691 6.02481033330 -2.14845182948
2024-06-14T20:55:00.000000 697.464708705 2320.743199830 6243.795517238 4.27143814783 5.85505279469 -2.65036228544
2024-06-14T20:56:00.000000 951.891081793 2666.254854228 6070.023037611 4.20607802310 5.65743094721 -3.13977358737
2024-06-14T20:57:00.000000 1201.793800120 2999.095971530 5867.319522206 4.12070766767 5.43286624501 -3.61434518444
2024-06-14T20:58:00.000000 1445.983703575 3317.680943450 5636.643951743 4.01572536498 5.18241277072 -4.07180307117
2024-06-14T20:59:00.000000 1683.298345174 3620.491254467 5379.089300988 3.89162127045 4.90725082601 -4.50995626109
2024-06-14T21:00:00.000000 1912.607388561 3906.082783048 5095.877473438 3.74897687434 4.60867988113 -4.92669902774
2024-06-14T21:01:00.000000 2132.818183122 4173.092939783 4788.353841389 3.58846596814 4.28811744535 -5.32002447592
2024-06-14T21:02:00.000000 2342.881126217 4420.247494939 4457.980839888 3.41084894371 3.94708929503 -5.68803871874
2024-06-14T21:03:00.000000 2541.794762861 4646.366791806 4106.330996825 3.21696995258 3.58722111439 -6.02896712342
2024-06-14T21:04:00.000000 2728.610724841 4850.371559328 3735.079522783 3.00775370529 3.21023228203 -6.34116324545
2024-06-14T21:05:00.000000 2902.438431480 5031.288291912 3345.996330177 2.78420103640 2.81792736728 -6.62311808622
2024-06-14T21:06:00.000000 3062.449509071 5188.254105899 2940.937553571 2.54738351745 2.41218786561 -6.87346779661
2024-06-14T21:07:00.000000 3207.881867747 5320.521128056 2521.836674339 2.29843884512 1.99496507349 -7.09099891771
2024-06-14T21:08:00.000000 3338.043622018 5427.460496607 2090.695226706 2.03856872953 1.56827302941 -7.27465876677
2024-06-14T21:09:00.000000 3452.316737956 5508.565721827 1649.572747470 1.76903110572 1.13417354349 -7.42356802468
2024-06-14T21:10:00.000000 3550.160014261 5563.455049119 1200.576326238 1.49112783406 0.69476133370 -7.53701985734
2024-06-14T21:11:00.000000 3631.111597732 5591.873257600 745.850324827 1.20620182159 0.25215845747 -7.61447976721
2024-06-14T21:12:00.000000 3694.791356242 5593.693009154 287.565796818 0.91563285283 -0.19149712849 -7.65559361858
2024-06-14T21:13:00.000000 3740.902800280 5568.915342015 -172.090432551 0.62082746889 -0.63406602815 -7.66018970440
2024-06-14T21:14:00.000000 3769.234395014 5517.669436966 -630.926687644 0.32320962056 -1.07341795798 -7.62827773651
2024-06-14T21:15:00.000000 3779.660414423 5440.211773467 -1086.757279041 0.02421485140 -1.50744168155 -7.56004770397
2024-06-14T21:16:00.000000 3772.141427738 5336.924613796 -1537.413328937 -0.27471757082 -1.93405791428 -7.45586934426
2024-06-14T21:17:00.000000 3746.724235635 5208.313747397 -1980.753410965 -0.57215391730 -2.35122957861 -7.31628727704
2024-06-14T21:18:00.000000 3703.541320068 5055.005730394 -2414.673949277 -0.86667271991 -2.75697002860 -7.14201814316
2024-06-14T21:19:00.000000 3642.809944205 4877.744496096 -2837.119434361 -1.15687070862 -3.14935538386 -6.93394665472
2024-06-14T21:20:00.000000 3564.830805798 4677.387261392 -3246.092299957 -1.44137120515 -3.52653442334 -6.69311796850
2024-06-14T21:21:00.000000 3469.986266237 4454.899999940 -3639.662347319 -1.71882967911 -3.88673479317 -6.42073203318
2024-06-14T21:22:00.000000 3358.738227084 4211.352373205 -4015.975857411 -1.98794048026 -4.22827398487 -6.11813639080
2024-06-14T21:23:00.000000 3231.625613989 3947.912135688 -4373.264158902 -2.24744281093 -4.54956603548 -5.78681728653
2024-06-14T21:24:00.000000 3089.261469704 3665.839104987 -4709.851679576 -2.49612789439 -4.84912859940 -5.42838967046
2024-06-14T21:25:00.000000 2932.329718845 3366.478906234 -5024.163437687 -2.73284259615 -5.12558525561 -5.04459162457
2024-06-14T21:26:00.000000 2761.581614766 3051.256235049 -5314.732180900 -2.95649655122 -5.37767764465 -4.63727234206
2024-06-14T21:27:00.000000 2577.831902858 2721.667762030 -5580.204609399 -3.16606431234 -5.60426548396 -4.20838051508
2024-06-14T21:28:00.000000 2381.954790689 2379.274899749 -5819.347128420 -3.36058984871 -5.80433142518 -3.75995564096
2024-06-14T21:29:00.000000 2174.879693602 2025.696353835 -6031.050963653 -3.53918916611 -5.97698336449 -3.29411702942
2024-06-14T21:30:00.000000 1957.586872181 1662.600588867 -6214.336683225 -3.70105218812 -6.12145509841 -2.81305623234
2024-06-14T21:31:00.000000 1731.102777425 1291.698126145 -6368.358345895 -3.84545057666 -6.23711192104 -2.31902857511
2024-06-14T21:32:00.000000 1496.495093919 914.733629845 -6492.406820055 -3.97173714912 -6.32344965983 -1.81433794999
2024-06-14T21:33:00.000000 1254.867927537 533.478062664 -6585.912573596 -4.07934606028 -6.38009703104 -1.30133191798
2024-06-14T21:34:00.000000 1007.356815385 149.720616768 -6648.447882238 -4.16779546361 -6.40681740549 -0.78238808256
2024-06-14T21:35:00.000000 755.123652752 -234.739333481 -6679.728317533 -4.23668863730 -6.40350746571 -0.25990348594
2024-06-14T21:36:00.000000 499.351577380 -618.100120557 -6679.613683038 -4.28571481236 -6.37019379058 0.26371174576
2024-06-14T21:37:00.000000 241.239712479 -998.565544490 -6648.108682998 -4.31465234867 -6.30703270038 0.78603823285
2024-06-14T21:38:00.000000 -18.002296583 -1374.352898644 -6585.363211749 -4.32337232075 -6.21431869316 1.30465974897
2024-06-14T21:39:00.000000 -277.159741734 -1743.701190185 -6491.671506037 -4.31183407644 -6.09247890220 1.81718239032
2024-06-14T21:40:00.000000 -535.018123721 -2104.878820656 -6367.470735586 -4.28008582293 -5.94206642041 2.32123548537
2024-06-14T21:41:00.000000 -790.368584582 -2456.191349780 -6213.339419068 -4.22826778752 -5.76376745816 2.81448185275
2024-06-14T21:42:00.000000 -1042.013419737 -2795.989334430 -6029.994792385 -4.15661063781 -5.55839333629 3.29463606673
2024-06-14T21:43:00.000000 -1288.771356897 -3122.675558440 -5818.289616546 -4.06543132635 -5.32687380298 3.75946591299
2024-06-14T21:44:00.000000 -1529.482803225 -3434.712243213 -5579.208862875 -3.95513619782 -5.07026072622 4.20679941246
2024-06-14T21:45:00.000000 -1763.015223132 -3730.628241934 -5313.865580441 -3.82621996311 -4.78972110137 4.63454067508
2024-06-14T21:46:00.000000 -1988.268328295 -4009.025749150 -5023.496234588 -3.67926315764 -4.48653399980 5.04067270918
2024-06-14T21:47:00.000000 -2204.179267600 -4268.587117519 -4709.455527843 -3.51493225595 -4.16208990851 5.42327447498
2024-06-14T21:48:00.000000 -2409.727596329 -4508.081129029 -4373.210340417 -3.33397392952 -3.81787870997 5.78052770595
2024-06-14T21:49:00.000000 -2603.940080259 -4726.368921362 -4016.333428899 -3.13721519835 -3.45548837896 6.11072375044
2024-06-14T21:50:00.000000 -2785.895436017 -4922.409648789 -3640.496460891 -2.92555966542 -3.07659650155 6.41227551115
2024-06-14T21:51:00.000000 -2954.728774230 -5095.265614140 -3247.462534780 -2.69998317455 -2.68296282365 6.68372340930
2024-06-14T21:52:00.000000 -3109.635869582 -5244.107032516 -2839.078309176 -2.46153148261 -2.27642369103 6.92374331295
2024-06-14T21:53:00.000000 -3249.877216440 -5368.216416449 -2417.265578987 -2.21131499544 -1.85888458262 7.13115614411
2024-06-14T21:54:00.000000 -3374.781749901 -5466.992474166 -1984.012362875 -1.95050446581 -1.43231164471 7.30493485985
2024-06-14T21:55:00.000000 -3483.750366634 -5539.953394742 -1541.363512178 -1.68032613682 -0.99871900656 7.44421306499
2024-06-14T21:56:00.000000 -3576.258973122 -5586.739388805 -1091.411002919 -1.40205367177 -0.56015908185 7.54828661969
2024-06-14T21:57:00.000000 -3651.861247560 -5607.114775297 -636.284020336 -1.11700429152 -0.11871424322 7.61662079005
2024-06-14T21:58:00.000000 -3710.190928419 -5600.969390709 -178.138677551 -0.82652793123 0.32351545819 7.64885203516
2024-06-14T21:59:00.000000 -3750.963649782 -5568.319478731 280.852196293 -0.53200500420 0.76441732809 7.64478816803
2024-06-14T22:00:00.000000 -3773.978702162 -5509.308065315 738.509684279 -0.23484098525 1.20188227833 7.60441889181
2024-06-14T22:01:00.000000 -3779.120100839 -5424.204213636 1192.659464200 0.06354577451 1.63381715193 7.52790600706
2024-06-14T22:02:00.000000 -3766.357349664 -5313.402119253 1641.142281456 0.36172578961 2.05814787260 7.41559264059
2024-06-14T22:03:00.000000 -3735.745656819 -5177.419262718 2081.824858441 0.65827354895 2.47284042462 7.26799872711
2024-06-14T22:04:00.000000 -3687.425539991 -5016.893865406 2512.610168455 0.95177065744 2.87590484158 7.08581268286
2024-06-14T22:05:00.000000 -3621.622394746 -4832.581984946 2931.447656567 1.24080792694 3.26540671359 6.86989594655
2024-06-14T22:06:00.000000 -3538.645458326 -4625.353583919 3336.343491921 1.52400281347 3.63948474602 6.62127461744
2024-06-14T22:07:00.000000 -3438.885933049 -4396.188156206 3725.369929027 1.80000468593 3.99634776783 6.34112467010
2024-06-14T22:08:00.000000 -3322.815221358 -4146.170538693 4096.674522358 2.06749196546 4.33428066796 6.03078284584
2024-06-14T22:09:00.000000 -3190.982787151 -3876.485351624 4448.489563176 2.32518612591 4.65167236131 5.69173045664
2024-06-14T22:10:00.000000 -3044.013422695 -3588.411119557 4779.140260733 2.57185560555 4.94700498532 5.32558671402
2024-06-14T22:11:00.000000 -2882.604081364 -3283.314046079 5087.053066375 2.80632848373 5.21887639147 4.93410112809
2024-06-14T22:12:00.000000 -2707.520271075 -2962.641114023 5370.762678909 3.02749031656 5.46599374372 4.51913385233
2024-06-14T22:13:00.000000 -2519.592532572 -2627.913500589 5628.918985185 3.23428999954 5.68718027397 4.08266277033
2024-06-14T22:14:00.000000 -2319.712368695 -2280.719134640 5860.293624941 3.42574723391 5.88138827665 3.62676518848
2024-06-14T22:15:00.000000 -2108.827899236 -1922.704959682 6063.785488440 3.60095519514 6.04769786624 3.15360424730
2024-06-14T22:16:00.000000 -1887.939415610 -1555.569292608 6238.425721040 3.75908252122 6.18531712146 2.66542520815
2024-06-14T22:17:00.000000 -1658.094644210 -1181.053888355 6383.382491303 3.89938016590 6.29359185449 2.16454695447
2024-06-14T22:18:00.000000 -1420.383754509 -800.935515613 6497.964851428 4.02118286872 6.37200902436 1.65334505699
2024-06-14T22:19:00.000000 -1175.934173637 -417.017482857 6581.625834819 4.12391482192 6.42019679699 1.13424095744
2024-06-14T22:20:00.000000 -925.905203045 -31.121269407 6633.964843833 4.20708861558 6.43792133417 0.60969189599
2024-06-14T22:21:00.000000 -671.482674867 354.921989272 6654.729615608 4.27030839748 6.42509568260 0.08218076285
2024-06-14T22:22:00.000000 -413.873451036 739.280148492 6643.817198822 4.31326881476 6.38177191457 -0.44579702835
2024-06-14T22:23:00.000000 -154.299848858 1120.128491644 6601.274689609 4.33576084349 6.30814651569 -0.97173921665
2024-06-14T22:24:00.000000 106.006162545 1495.658378256 6527.299041319 4.33767156614 6.20455799756 -1.49315461421
2024-06-14T22:25:00.000000 365.808685627 1864.085630135 6422.236138732 4.31898284075 6.07148314445 -2.00757085244
2024-06-14T22:26:00.000000 623.873603787 2223.658861051 6286.579430755 4.27977236731 5.90953805485 -2.51254379224
2024-06-14T22:27:00.000000 878.974372530 2572.667746949 6120.967874884 4.22021536771 5.71947496452 -3.00566900515
2024-06-14T22:28:00.000000 1129.897914067 2909.451127668 5926.183184483 4.14058477208 5.50217986802 -3.48459447273
2024-06-14T22:29:00.000000 1375.450352400 3232.404955047 5703.146381705 4.04124769571 5.25867016569 -3.94703006790
2024-06-14T22:30:00.000000 1614.462710079 3539.990092028 5452.913790697 3.92266743520 4.99009161337 -4.39075812168
2024-06-14T22:31:00.000000 1845.796672672 3830.739831941 5176.672234477 3.78540161770 4.69771157222 -4.81364799914
2024-06-14T22:32:00.000000 2068.350064041 4103.267098628 4875.733504929 3.63009655954 4.38291561438 -5.21366731146
2024-06-14T22:33:00.000000 2281.062097370 4356.271196393 4551.528250965 3.45748640411 4.04719804593 -5.58888634960
2024-06-14T22:34:00.000000 2482.918709266 4588.544420572 4205.599415581 3.26839271212 3.69216133616 -5.93749580585
2024-06-14T22:35:00.000000 2672.957509338 4798.978005957 3839.594673600 3.06371584904 3.31949998294 -6.25781363061
2024-06-14T22:36:00.000000 2850.272445571 4986.567539223 3455.258720677 2.84443323469 2.93099745881 -6.54828938023
2024-06-14T22:37:00.000000 3014.018367565 5150.418139289 3054.425009442 2.61159645119 2.52851925410 -6.80751699108
2024-06-14T22:38:00.000000 3163.415312483 5289.749027831 2639.006822057 2.36632625557 2.11400179020 -7.03424307825
2024-06-14T22:39:00.000000 3297.752445477 5403.897439590 2210.987844516 2.10980442682 1.68944051387 -7.22737427355
2024-06-14T22:40:00.000000 3416.391552108 5492.321957132 1772.412528025 1.84326961900 1.25688393031 -7.38598032262
2024-06-14T22:41:00.000000 3518.770286379 5554.605375135 1325.375970149 1.56801056036 0.81842142965 -7.50930401905
2024-06-14T22:42:00.000000 3604.404936855 5590.456749603 872.013457936 1.28535864922 0.37617072229 -7.59676306604
2024-06-14T22:43:00.000000 3672.892809182 5599.712836579 414.489882822 0.99668190708 -0.06773114998 -7.64795414447
2024-06-14T22:44:00.000000 3723.914184651 5582.338830519 -45.011130790 0.70337680087 -0.51114224720 -7.66265583309
2024-06-14T22:45:00.000000 3757.233793897 5538.428309632 -504.298106733 0.40686050419 -0.95192682470 -7.64082802984
2024-06-14T22:46:00.000000 3772.701802460 5468.202529929 -961.182601952 0.10856224387 -1.38796650929 -7.58261163894
2024-06-14T22:47:00.000000 3770.254284065 5372.009027251 -1413.489988833 -0.19008503382 -1.81717222785 -7.48832509346
2024-06-14T22:48:00.000000 3749.913280115 5250.319681628 -1859.069919767 -0.48764826613 -2.23748866113 -7.35845994605
2024-06-14T22:49:00.000000 3711.786781282 5103.728378172 -2295.806904387 -0.78269768047 -2.64690784312 -7.19368674085
2024-06-14T22:50:00.000000 3656.068061383 4932.947583049 -2721.630917934 -1.07382298263 -3.04348703156 -6.99484822828
2024-06-14T22:51:00.000000 3583.034168719 4738.804268857 -3134.527350062 -1.35964190713 -3.42535223799 -6.76294791590
2024-06-14T22:52:00.000000 3493.044245520 4522.235553152 -3532.546538688 -1.63880149546 -3.79070843457 -6.49914605591
2024-06-14T22:53:00.000000 3386.537496746 4284.283640638 -3913.812907944 -1.90998716522 -4.13784846762 -6.20475043985
2024-06-14T22:54:00.000000 3264.030717358 4026.090418136 -4276.533602349 -2.17192785192 -4.46515794341 -5.88120983868
2024-06-14T22:55:00.000000 3126.115538404 3748.891602098 -4619.006749395 -2.42340127834 -4.77112527026 -5.53010632323
2024-06-14T22:56:00.000000 2973.455266498 3454.010372954 -4939.629096332 -2.66324148918 -5.05434695344 -5.15314328906
2024-06-14T22:57:00.000000 2806.781409261 3142.850795491 -5236.902993146 -2.89034128345 -5.31353108605 -4.75213620728
2024-06-14T22:58:00.000000 2626.890066889 2816.890992293 -5509.442916167 -3.10365576110 -5.54750187629 -4.32900610172
2024-06-14T22:59:00.000000 2434.637964300 2477.675992097 -5755.981538821 -3.30221035345 -5.75520564157 -3.88576935732
2024-06-14T23:00:00.000000 2230.938104461 2126.810361109 -5975.375026962 -3.48510327615 -5.93571129426 -3.42452469803
2024-06-14T23:01:00.000000 2016.755443896 1765.950759591 -6166.607838137 -3.65150526001 -6.08821544714 -2.94744882488
2024-06-14T23:02:00.000000 1793.102360210 1396.797988028 -6328.797012088 -3.80066557137 -6.21204977182 -2.45678091205
2024-06-14T23:03:00.000000 1561.033864929 1021.089068265 -6461.195466513 -3.93191416066 -6.30667443487 -1.95481054120
2024-06-14T23:04:00.000000 1321.642698060 640.589512696 -6563.194909270 -4.04466367349 -6.37168073608 -1.44387288982
2024-06-14T23:05:00.000000 1076.054336671 257.085319288 -6634.328220636 -4.13841033094 -6.40679438575 -0.92633625713
2024-06-14T23:06:00.000000 825.421982807 -127.625000576 -6674.271087969 -4.21273359647 -6.41187179398 -0.40459171675
2024-06-14T23:07:00.000000 570.921538555 -511.738221711 -6682.843276593 -4.26729825883 -6.38689995214 0.11894979210
2024-06-14T23:08:00.000000 313.746308254 -893.454372197 -6660.009634991 -4.30186007742 -6.33200164237 0.64186562365
2024-06-14T23:09:00.000000 55.101532245 -1270.985001436 -6605.880224774 -4.31626468822 -6.24743674831 1.16174069136
2024-06-14T23:10:00.000000 -203.800942049 -1642.561174961 -6520.709579539 -4.31044672515 -6.13359572648 1.67617544024
2024-06-14T23:11:00.000000 -461.748043221 -2006.441219975 -6404.895483935 -4.28443005248 -5.99099567315 2.18279509019
2024-06-14T23:12:00.000000 -717.530761009 -2360.918358176 -6258.977493725 -4.23832715748 -5.82028515304 2.67925036657
2024-06-14T23:13:00.000000 -969.949609238 -2704.328735950 -6083.634783906 -4.17234253337 -5.62224333564 3.16324011999
2024-06-14T23:14:00.000000 -1217.820041340 -3035.058800829 -5879.682987382 -4.08676971485 -5.39776778496 3.63251659053
2024-06-14T23:15:00.000000 -1459.977780213 -3351.552478042 -5648.070824458 -3.98198988608 -5.14787636936 4.08489365283
2024-06-14T23:16:00.000000 -1695.283949460 -3652.318245811 -5389.876164429 -3.85846924062 -4.87370296865 4.51825257047
2024-06-14T23:17:00.000000 -1922.630339230 -3935.936132804 -5106.301755424 -3.71676391464 -4.57649812333 4.93055263085
2024-06-14T23:18:00.000000 -2140.944699217 -4201.064525529 -4798.670058215 -3.55751530657 -4.25762199943 5.31984550072
2024-06-14T23:19:00.000000 -2349.195718697 -4446.446568334 -4468.417485389 -3.38144649825 -3.91853890759 5.68428255468
2024-06-14T23:20:00.000000 -2546.397882495 -4670.916235250 -4117.088137409 -3.18936047985 -3.56081097406 6.02212413658
2024-06-14T23:21:00.000000 -2731.616201702 -4873.404030674 -3746.327039887 -2.98213815516 -3.18609312094 6.33174753193
2024-06-14T23:22:00.000000 -2903.970773505 -5052.942359582 -3357.872783200 -2.76073380268 -2.79612539028 6.61165783118
2024-06-14T23:23:00.000000 -3062.641059910 -5208.670390676 -2953.549686106 -2.52617177741 -2.39272563992 6.86049359226
2024-06-14T23:24:00.000000 -3206.870018924 -5339.838521989 -2535.259523194 -2.27954341563 -1.97778224379 7.07703586561
2024-06-14T23:25:00.000000 -3335.967960983 -5445.812342685 -2104.972714202 -2.02200143154 -1.55324463211 7.26021670166
2024-06-14T23:26:00.000000 -3449.316043045 -5526.075973324 -1664.719103552 -1.75475377561 -1.12111332272 7.40912373718
2024-06-14T23:27:00.000000 -3546.369436525 -5580.234930707 -1216.578460459 -1.47905866741 -0.68343249775 7.52300654892
2024-06-14T23:28:00.000000 -3626.660149598 -5608.018396337 -762.670598207 -1.19621822507 -0.24227865458 7.60128106025
2024-06-14T23:29:00.000000 -3689.799522751 -5609.280898927 -305.145275296 -0.90757377604 0.20024839166 7.64353431663
2024-06-14T23:30:00.000000 -3735.480365403 -5584.003331770 153.828212004 -0.61449828482 0.64203819918 7.64952806190
2024-06-14T23:31:00.000000 -3763.478612298 -5532.293304141 612.071552973 -0.31838800461 1.08097896306 7.61920067466
2024-06-14T23:32:00.000000 -3773.654466873 -5454.384896442 1067.408043738 -0.02065528026 1.51496828965 7.55266693406
2024-06-14T23:33:00.000000 -3765.953288112 -5350.637796417 1517.673236240 0.27727540405 1.94192466835 7.45022156268
2024-06-14T23:34:00.000000 -3740.405953551 -5221.535498785 1960.725670119 0.57397937236 2.35980398053 7.31233362948
2024-06-14T23:35:00.000000 -3697.128746053 -5067.683047663 2394.457089309 0.86803466148 2.76659874076 7.13964280158
2024-06-14T23:36:00.000000 -3636.322964249 -4889.804452372 2816.802996243 1.15803217978 3.16035568702 6.93296666995
2024-06-14T23:37:00.000000 -3558.273804153 -4688.738859620 3225.752862813 1.44258456049 3.53919024767 6.69328455430
2024-06-14T23:38:00.000000 -3463.348969063 -4465.436385054 3619.359684436 1.72033053553 3.90128946497 6.42173462826
2024-06-14T23:39:00.000000 -3351.996809744 -4220.953514572 3995.749389834 1.98994433601 4.24492197485 6.11960803078
2024-06-14T23:40:00.000000 -3224.744066088 -3956.448054272 4353.129744787 2.25013868363 4.56844238419 5.78834129019
2024-06-14T23:41:00.000000 -3082.193455284 -3673.173720862 4689.799094999 2.49967044324 4.87030183080 5.42951638678
2024-06-14T23:42:00.000000 -2925.020701065 -3372.473924664 5004.154755111 2.73734973217 5.14906059214 5.04484772580
2024-06-14T23:43:00.000000 -2753.971221783 -3055.775048283 5294.700584564 2.96204448679 5.40339340260 4.63617088515
2024-06-14T23:44:00.000000 -2569.856439150 -2724.579458273 5560.053957629 3.17268770046 5.63209306629 4.20543224138
2024-06-14T23:45:00.000000 -2373.549749256 -2380.458376969 5798.952128995 3.36828064658 5.83407222072 3.75468069207
2024-06-14T23:46:00.000000 -2165.982381256 -2025.044449812 6010.258224113 3.54789522704 6.00837294686 3.28606080156
2024-06-14T23:47:00.000000 -1948.138957166 -1660.023777609 6192.966479025 3.71068066897 6.15417021094 2.80179612785
2024-06-14T23:48:00.000000 -1721.052767185 -1287.128057955 6346.206786528 3.85586560410 6.27077082405 2.30418486333
2024-06-14T23:49:00.000000 -1485.800925832 -908.126317158 6469.248897080 3.98276140500 6.35762392743 1.79558708199
2024-06-14T23:50:00.000000 -1243.499263456 -524.816489876 6561.505653225 4.09076671502 6.41431643441 1.27841141660
2024-06-14T23:51:00.000000 -995.297058466 -139.017094590 6622.535698112 4.17936851801 6.44057659665 0.75510783539
2024-06-14T23:52:00.000000 -742.371575860 247.441400141 6652.045481230 4.24814631053 6.43627612305 0.22814985526
2024-06-14T23:53:00.000000 -485.922678086 632.724950230 6649.890499641 4.29676852932 6.40142596874 -0.29996725886
2024-06-14T23:54:00.000000 -227.167235059 1015.004558633 6616.076265513 4.32499979312 6.33618275538 -0.82674182562
2024-06-14T23:55:00.000000 32.666603962 1392.464896440 6550.758240588 4.33269957613 6.24084489060 -1.34967881612
2024-06-14T23:56:00.000000 292.345126956 1763.312705552 6454.241192622 4.31982330731 6.11584978017 -1.86629742824
2024-06-14T23:57:00.000000 550.634874041 2125.785196704 6326.978034532 4.28642385435 5.96177556916 -2.37414306132
2024-06-14T23:58:00.000000 806.308442159 2478.158411526 6169.567825779 4.23265022951 5.77933762150 -2.87080026564
2024-06-14T23:59:00.000000 1058.150253326 2818.755326272 5982.753169916 4.15874740050 5.56938491588 -3.35390106775
2024-06-15T00:00:00.000000 1304.962300960 3145.953867924 5767.417066724 4.06505632027 5.33289987382 -3.82113587953
2024-06-15T00:01:00.000000 1545.569905974 3458.194796543 5524.578986292 3.95201302879 5.07099322148 -4.27026707466
2024-06-15T00:02:00.000000 1778.827333253 3753.989256192 5255.390301188 3.82014607826 4.78490064741 -4.69913747360
2024-06-15T00:03:00.000000 2003.623269176 4031.926199085 4961.128999280 3.67007396736 4.47597797605 -5.10568584593
2024-06-15T00:04:00.000000 2218.886234347 4290.679255292 4643.193662960 3.50250599916 4.14569103609 -5.48795470352
2024-06-15T00:05:00.000000 2423.589950176 4529.013230216 4303.097012029 3.31823872853 3.79561274606 -5.84409892128
2024-06-15T00:06:00.000000 2616.758394908 4745.790354618 3942.458764921 3.11814975741 3.42741581404 -6.17239903687
2024-06-15T00:07:00.000000 2797.470543679 4939.975919184 3562.997818380 2.90319439652 3.04286131094 -6.47126920485
2024-06-15T00:08:00.000000 2964.864949222 5110.643388689 3166.524085092 2.67440269535 2.64379309458 -6.73926316433
2024-06-15T00:09:00.000000 3118.144080217 5256.979131560 2754.929780060 2.43287367459 2.23212898444 -6.97508519931
2024-06-15T00:10:00.000000 3256.578242144 5378.286550577 2330.180221208 2.17976930984 1.80985100955 -7.17759480697
2024-06-15T00:11:00.000000 3379.509291133 5473.989707750 1894.304296218 1.91631144422 1.37899731254 -7.34581538983
2024-06-15T00:12:00.000000 3486.354013751 5543.636344630 1449.384376838 1.64377494256 0.94165044919 -7.47894176375
2024-06-15T00:13:00.000000 3576.607074625 5586.900143596 997.545841818 1.36347898715 0.49992303918 -7.57634604310
2024-06-15T00:14:00.000000 3649.843372059 5603.582094190 540.946505983 1.07677837753 0.05594561469 -7.63757382953
2024-06-15T00:15:00.000000 3705.720138013 5593.611512287 81.766093308 0.78506128231 -0.38813728998 -7.66235215661
2024-06-15T00:16:00.000000 3743.978531666 5557.046275446 -377.804867571 0.48973489633 -0.83018777198 -7.65059139236
2024-06-15T00:17:00.000000 3764.444655298 5494.072252731 -835.575609176 0.19222541687 -1.26807558269 -7.60237477415
2024-06-15T00:18:00.000000 3767.030641390 5405.002588096 -1289.366101961 -0.10603082202 -1.69969502428 -7.51797647955
2024-06-15T00:19:00.000000 3751.734734316 5290.275603810 -1737.018045156 -0.40359898199 -2.12297889962 -7.39784690029
2024-06-15T00:20:00.000000 3718.641012483 5150.452217234 -2176.405486517 -0.69905490580 -2.53590957705 -7.24261094882
2024-06-15T00:21:00.000000 3667.918643854 4986.212849837 -2605.444979269 -0.99098655031 -2.93652268279 -7.05306168216
2024-06-15T00:22:00.000000 3599.820955010 4798.353820461 -3022.105756041 -1.27800293775 -3.32292229847 -6.83016092682
2024-06-15T00:23:00.000000 3514.683794126 4587.782798480 -3424.419528512 -1.55874528989 -3.69329336374 -6.57502690473
2024-06-15T00:24:00.000000 3412.923511260 4355.513914959 -3810.489545320 -1.83188963019 -4.04590270074 -6.28892583446
2024-06-15T00:25:00.000000 3295.034654031 4102.662617947 -4178.499402431 -2.09615455372 -4.37910801983 -5.97326815663
2024-06-15T00:26:00.000000 3161.587298987 3830.439938969 -4526.721471944 -2.35030475877 -4.69136786072 -5.62960169133
2024-06-15T00:27:00.000000 3013.224004991 3540.146091620 -4853.524726956 -2.59316074144 -4.98125022180 -5.25959520115
2024-06-15T00:28:00.000000 2850.656374851 3233.164074084 -5157.381687658 -2.82360052750 -5.24742839893 -4.86503194125
2024-06-15T00:29:00.000000 2674.661529761 2910.953084435 -5436.875219173 -3.04056311221 -5.48869060873 -4.44780499402
2024-06-15T00:30:00.000000 2486.078282061 2575.041403002 -5690.704794771 -3.24305404296 -5.70394687105 -4.00990631750
2024-06-15T00:31:00.000000 2285.802991230 2227.018952594 -5917.692078187 -3.43015019384 -5.89223282247 -3.55341524801
2024-06-15T00:32:00.000000 2074.785143671 1868.529664838 -6116.785839613 -3.60100466228 -6.05271300759 -3.08048685892
2024-06-15T00:33:00.000000 1854.022734184 1501.263757762 -6287.066061206 -3.75484652384 -6.18467915593 -2.59333864822
2024-06-15T00:34:00.000000 1624.557754034 1126.950140872 -6427.747610341 -3.89098155451 -6.28755101960 -2.09424885810
2024-06-15T00:35:00.000000 1387.471328202 747.348494816 -6538.183641980 -4.00880035828 -6.36088447522 -1.58554550620
2024-06-15T00:36:00.000000 1143.878616338 364.241083937 -6617.867903108 -4.10777667654 -6.40436812318 -1.06958517876
2024-06-15T00:37:00.000000 894.923904376 -20.574917721 -6666.436473099 -4.18746688484 -6.41781803120 -0.54875600962
2024-06-15T00:38:00.000000 641.775524058 -405.295325298 -6683.669481577 -4.24751351347 -6.40118504355 -0.02546998086
2024-06-15T00:39:00.000000 385.620568765 -788.117180156 -6669.492151087 -4.28764873336 -6.35455927080 0.49785221224
2024-06-15T00:40:00.000000 127.659549635 -1167.246958461 -6623.974803083 -4.30769330065 -6.27816392925 1.01879546298
2024-06-15T00:41:00.000000 -130.898962116 -1540.908461279 -6547.332330181 -4.30755743857 -6.17235322919 1.53495774049
2024-06-15T00:42:00.000000 -388.843620156 -1907.350579014 -6439.923150736 -4.28723852829 -6.03760864002 2.04395686164
2024-06-15T00:43:00.000000 -644.965638638 -2264.854995950 -6302.247949496 -4.24682536700 -5.87454328783 2.54343548879
2024-06-15T00:44:00.000000 -898.064320043 -2611.744126782 -6134.947582065 -4.18649776134 -5.68389956337 3.03108123531
2024-06-15T00:45:00.000000 -1146.952329499 -2946.388553939 -5938.800137473 -4.10652107653 -5.46654035354 3.50463194771
2024-06-15T00:46:00.000000 -1390.460875541 -3267.214249807 -5714.717860224 -4.00724870415 -5.22344928914 3.96187922856
2024-06-15T00:47:00.000000 -1627.445057821 -3572.709887116 -5463.743616414 -3.88912350078 -4.95573317632 4.40068009776
2024-06-15T00:48:00.000000 -1856.789192456 -3861.434129486 -5187.046429166 -3.75267593735 -4.66461542558 4.81897453860
2024-06-15T00:49:00.000000 -2077.412000440 -4132.022254738 -4885.916348193 -3.59852271465 -4.35142704165 5.21478874282
2024-06-15T00:50:00.000000 -2288.271770030 -4383.192623430 -4561.758940035 -3.42736474158 -4.01760437936 5.58624833770
2024-06-15T00:51:00.000000 -2488.371226095 -4613.752708021 -4216.089103231 -3.23998218523 -3.66468129532 5.93158393220
2024-06-15T00:52:00.000000 -2676.762248225 -4822.604892124 -3850.524543404 -3.03723291883 -3.29428679118 6.24913992562
2024-06-15T00:53:00.000000 -2852.550441931 -5008.751976400 -3466.778619701 -2.82004926735 -2.90813761637 6.53738483421
2024-06-15T00:54:00.000000 -3014.899507279 -5171.302222115 -3066.652703888 -2.58943534744 -2.50803179494 6.79491761787
2024-06-15T00:55:00.000000 -3163.035494317 -5309.474053198 -2652.027999298 -2.34646390311 -2.09584100642 7.02048057375
2024-06-15T00:56:00.000000 -3296.250631083 -5422.600056213 -2224.856729659 -2.09226710026 -1.67349780908 7.21296378745
2024-06-15T00:57:00.000000 -3413.906789662 -5510.130502707 -1787.153218009 -1.82803431618 -1.24299181505 7.37140886713
2024-06-15T00:58:00.000000 -3515.438863754 -5571.636533861 -1340.984451260 -1.55500872625 -0.80635994529 7.49502019820
2024-06-15T00:59:00.000000 -3600.357710470 -5606.812580592 -888.460169361 -1.27447818700 -0.36567315294 7.58316831125
2024-06-15T01:00:00.000000 -3668.252702026 -5615.478132485 -431.722857310 -0.98777168168 0.07697218499 7.63539220258
2024-06-15T01:01:00.000000 -3718.794067935 -5597.578948509 27.062583822 -0.69625364901 0.51946586078 7.65140634811
2024-06-15T01:02:00.000000 -3751.734647650 -5553.187545871 485.719395328 -0.40131170194 0.95969394800 7.63110094757
2024-06-15T01:03:00.000000 -3766.911119737 -5482.503141730 942.069541468 -0.10435248341 1.39554937945 7.57454373631
2024-06-15T01:04:00.000000 -3764.244968834 -5385.850825954 1393.944404536 0.19320537761 1.82494550584 7.48198033162
2024-06-15T01:05:00.000000 -3743.742972114 -5263.680036720 1839.195340751 0.48993847228 2.24582509622 7.35383074421
2024-06-15T01:06:00.000000 -3705.497253325 -5116.562560419 2275.704148071 0.78442691324 2.65616909346 7.19068955207
2024-06-15T01:07:00.000000 -3649.684825071 -4945.189874579 2701.393453270 1.07526174646 3.05400862202 6.99332229098
2024-06-15T01:08:00.000000 -3576.566782284 -4750.369835413 3114.236851056 1.36105042751 3.43743503157 6.76266181768
2024-06-15T01:09:00.000000 -3486.487094512 -4533.022744445 3512.268809384 1.64042416808 3.80461047632 6.49980347874
2024-06-15T01:10:00.000000 -3379.870946043 -4294.176800300 3893.594243956 1.91204597678 4.15377771445 6.20599887944
2024-06-15T01:11:00.000000 -3257.222609441 -4034.963036278 4256.397673331 2.17461776932 4.48326732353 5.88264897570
2024-06-15T01:12:00.000000 -3119.122874665 -3756.609792400 4598.951982516 2.42688813140 4.79150679432 5.53129636671
2024-06-15T01:13:00.000000 -2966.226154442 -3460.436705925 4919.626560732 2.66765424523 5.07702564780 5.15361437538
2024-06-15T01:14:00.000000 -2799.257454792 -3147.848436415 5216.895081018 2.89576804764 5.33846231784 4.75140490556
2024-06-15T01:15:00.000000 -2619.008756566 -2820.327821706 5489.342911190 3.11014571686 5.57457350106 4.32658695600
2024-06-15T01:16:00.000000 -2426.335073317 -2479.428589067 5735.673733663 3.30977047154 5.78424021020 3.88118299136
2024-06-15T01:17:00.000000 -2222.150338069 -2126.767847092 5954.715405599 3.49369584459 5.96646865274 3.41730877495
2024-06-15T01:18:00.000000 -2007.423040478 -1764.018502621 6145.425393926 3.66105039104 6.12039405790 2.93716741499
2024-06-15T01:19:00.000000 -1783.171624116 -1392.901286226 6306.895684525 3.81104098690 6.24528781048 2.44303757493
2024-06-15T01:20:00.000000 -1550.459701921 -1015.176498401 6438.356917548 3.94295542968 6.34055932420 1.93726026025
2024-06-15T01:21:00.000000 -1310.391101386 -632.635813842 6539.181856401 4.05616645848 6.40575348281 1.42223167192
2024-06-15T01:22:00.000000 -1064.104575692 -247.093930329 6608.888498735 4.15013806345 6.44055962241 0.90039265908
2024-06-15T01:23:00.000000 -812.768313653 139.620065160 6647.142080186 4.22442367130 6.44480690066 0.37420996821
2024-06-15T01:24:00.000000 -557.574646816 525.671061425 6653.756654581 4.27866679990 6.41846709764 -0.15382450900
2024-06-15T01:25:00.000000 -299.734452133 909.226606370 6628.696123388 4.31260539770 6.36165651680 -0.68120986083
2024-06-15T01:26:00.000000 -40.471491932 1288.465508938 6572.074445627 4.32607266209 6.27463393290 -1.20544699118
2024-06-15T01:27:00.000000 218.983377483 1661.586325672 6484.155168615 4.31899847634 6.15779839249 -1.72405047777
2024-06-15T01:28:00.000000 477.397921710 2026.815764020 6365.350361827 4.29140738685 6.01168987927 -2.23455666761
2024-06-15T01:29:00.000000 733.544294312 2382.417146737 6216.218884067 4.24342106233 5.83698762124 -2.73453860611
2024-06-15T01:30:00.000000 986.204833668 2726.698574350 6037.463863879 4.17525707735 5.63450460129 -3.22161556448
2024-06-15T01:31:00.000000 1234.177778651 3058.020911974 5829.929679600 4.08722813499 5.40518652638 -3.69346157957
2024-06-15T01:32:00.000000 1476.283045679 3374.805684088 5594.598325440 3.97974400335 5.15010894696 -4.14781779578
2024-06-15T01:33:00.000000 1711.367938765 3675.542733398 5332.584970581 3.85330690403 4.87047285874 -4.58250572903
2024-06-15T01:34:00.000000 1938.312600351 3958.797614095 5045.132824954 3.70850914835 4.56759987214 -4.99543751636
2024-06-15T01:35:00.000000 2156.035416158 4223.218616053 4733.607439180 3.54603321834 4.24292538424 -5.38462446432
2024-06-15T01:36:00.000000 2363.498363465 4467.543451857 4399.490443785 3.36664894788 3.89799395957 -5.74818785781
2024-06-15T01:37:00.000000 2559.712135507 4690.605622192 4044.372567594 3.17120959214 3.53445198560 -6.08437201375
2024-06-15T01:38:00.000000 2743.741010268 4891.340151488 3669.946005187 2.96064771227 3.15403625199 -6.39155041307
2024-06-15T01:39:00.000000 2914.707576507 5068.788989785 3277.996518774 2.73597375006 2.75857375870 -6.66823409009
2024-06-15T01:40:00.000000 3071.797156371 5222.106063642 2870.394617661 2.49826682863 2.34996640792 -6.91308768575
2024-06-15T01:41:00.000000 3214.261776985 5350.561317024 2449.086344534 2.24867105965 1.93017904672 -7.12492919857
2024-06-15T01:42:00.000000 3341.423975538 5453.544393753 2016.083883161 1.98839149145 1.50123530989 -7.30273791516
2024-06-15T01:43:00.000000 3452.680171364 5530.567779185 1573.455607613 1.71868433040 1.06520412886 -7.44566165258
2024-06-15T01:44:00.000000 3547.503587221 5581.269232927 1123.315922521 1.44085306635 0.62419081932 -7.55301935270
2024-06-15T01:45:00.000000 3625.446915835 5605.413632256 667.814849686 1.15624185812 0.18032598654 -7.62430507601
2024-06-15T01:46:00.000000 3686.144532051 5602.894233597 209.127333210 0.86622743485 -0.26424480569 -7.65919541630
2024-06-15T01:47:00.000000 3729.314196429 5573.733083855 -250.557700993 0.57221318774 -0.70737495512 -7.65754758675
2024-06-15T01:48:00.000000 3754.758558510 5518.080675607 -709.048353461 0.27562149599 -1.14693317883 -7.61940394126
2024-06-15T01:49:00.000000 3762.365841521 5436.214923562 -1164.160544577 -0.02211724085 -1.58080218981 -7.54498541328
2024-06-15T01:50:00.000000 3752.110127285 5328.539769982 -1613.729113583 -0.31957389076 -2.00690462707 -7.43469764526
2024-06-15T01:51:00.000000 3724.051187290 5195.582387857 -2055.618192442 -0.61532029584 -2.42320777627 -7.28911256953
2024-06-15T01:52:00.000000 3678.334264399 5037.990499309 -2487.731557733 -0.90793892254 -2.82773007704 -7.10897966869
2024-06-15T01:53:00.000000 3615.188964702 4856.528732968 -2908.022995624 -1.19603606848 -3.21855710439 -6.89521423579
2024-06-15T01:54:00.000000 3534.927703005 4652.074434447 -3314.505992848 -1.47824600868 -3.59384750499 -6.64889027519
2024-06-15T01:55:00.000000 3437.943846204 4425.613002115 -3705.263092654 -1.75323706252 -3.95184234248 -6.37123431925
2024-06-15T01:56:00.000000 3324.709510005 4178.232717160 -4078.454837205 -2.01971721859 -4.29087253546 -6.06361927457
2024-06-15T01:57:00.000000 3195.772883526 3911.119015658 -4432.328295604 -2.27644359628 -4.60936994326 -5.72755274595
2024-06-15T01:58:00.000000 3051.755290945 3625.548417844 -4765.224685274 -2.52222130944 -4.90586643206 -5.36466623860
2024-06-15T01:59:00.000000 2893.348123730 3322.882327607 -5075.586846993 -2.75591121150 -5.17900253618 -4.97671358254
2024-06-15T02:00:00.000000 2721.309299143 3004.560299072 -5361.966206294 -2.97643559050 -5.42753330761 -4.56555889984
2024-06-15T02:01:00.000000 2536.459448349 2672.093030678 -5623.029126051 -3.18278256039 -5.65033321127 -4.13316771929
2024-06-15T02:02:00.000000 2339.677820035 2327.055046750 -5857.562663968 -3.37401056371 -5.84640071745 -3.68159580153
2024-06-15T02:03:00.000000 2131.897968710 1971.077160393 -6064.479682566 -3.54925178317 -6.01486184314 -3.21297902768
2024-06-15T02:04:00.000000 1914.103228442 1605.838736598 -6242.823244835 -3.70771426687 -6.15497154527 -2.72951937941
2024-06-15T02:05:00.000000 1687.322210084 1233.060017768 -6391.770404233 -3.84868205832 -6.26611366897 -2.23348095607
2024-06-15T02:06:00.000000 1452.623950077 854.494201206 -6510.635602402 -3.97152402602 -6.34780476838 -1.72717619633
2024-06-15T02:07:00.000000 1211.112888925 471.919618703 -6598.873281461 -4.07569075800 -6.39969185538 -1.21295894745
2024-06-15T02:08:00.000000 963.923957934 87.131701835 -6656.080086742 -4.16071526449 -6.42155720287 -0.69321335567
2024-06-15T02:09:00.000000 712.217602898 -298.065064660 -6681.996500797 -4.22621557062 -6.41331804644 -0.17034860514
2024-06-15T02:10:00.000000 457.174458154 -681.865355551 -6676.507874110 -4.27190045590 -6.37502793320 0.35321836868
2024-06-15T02:11:00.000000 199.989961496 -1062.471026989 -6639.644563803 -4.29756742739 -6.30687268843 0.87507230453
2024-06-15T02:12:00.000000 -58.130889277 -1438.099038735 -6571.581588250 -4.30310034945 -6.20916980627 1.39280733766
2024-06-15T02:13:00.000000 -315.978831215 -1806.989297107 -6472.637842523 -4.28847371074 -6.08236585305 1.90403510802
2024-06-15T02:14:00.000000 -572.345746492 -2167.412355942 -6343.274823165 -4.25375057246 -5.92703711799 2.40639192418
2024-06-15T02:15:00.000000 -826.029923104 -2517.677311615 -6184.094745860 -4.19908159651 -5.74389028767 2.89755345932
2024-06-15T02:16:00.000000 -1075.841365267 -2856.139300371 -5995.837931481 -4.12470692298 -5.53375310277 3.37524064698
2024-06-15T02:17:00.000000 -1320.607158220 -3181.206812599 -5779.379938175 -4.03095555645 -5.29757662350 3.83722635142
2024-06-15T02:18:00.000000 -1559.176828027 -3491.349135744 -5535.728111473 -3.91824686655 -5.03643594502 4.28134749232
2024-06-15T02:19:00.000000 -1790.427751974 -3785.103627030 -5266.017292697 -3.78708953446 -4.75152394088 4.70551927847
2024-06-15T02:20:00.000000 -2013.270405815 -4061.082544734 -4971.504737360 -3.63807661990 -4.44414249253 5.10774687304
2024-06-15T02:21:00.000000 -2226.653268871 -4317.979447813 -4653.564670065 -3.47188246512 -4.11570022144 5.48612800656
2024-06-15T02:22:00.000000 -2429.567717935 -4554.575435371 -4313.682315458 -3.28926167736 -3.76770438921 5.83886574300
2024-06-15T02:23:00.000000 -2621.052725445 -4769.744901781 -3953.447512205 -3.09104631716 -3.40175805519 6.16427092510
2024-06-15T02:24:00.000000 -2800.199543197 -4962.461250040 -3574.547939366 -2.87814685307 -3.01955688759 6.46077374704
2024-06-15T02:25:00.000000 -2966.156327583 -5131.802143705 -3178.761551039 -2.65154848497 -2.62287885542 6.72693684855
2024-06-15T02:26:00.000000 -3118.132361772 -5276.954150866 -2767.948363103 -2.41230232574 -2.21357508370 6.96146239693
2024-06-15T02:27:00.000000 -3255.401907504 -5397.216990300 -2344.041995463 -2.16152311795 -1.79356495684 7.16319652650
2024-06-15T02:28:00.000000 -3377.307899080 -5492.007313142 -1909.040726825 -1.90038382482 -1.36482499978 7.33113858429
2024-06-15T02:29:00.000000 -3483.265256394 -5560.861894831 -1464.998148001 -1.63011078094 -0.92938135518 7.46444693982
2024-06-15T02:30:00.000000 -3572.764027579 -5603.440267657 -1014.013435204 -1.35198080623 -0.48929853557 7.56244410618
2024-06-15T02:31:00.000000 -3645.372152662 -5619.526821189 -558.221290251 -1.06731192332 -0.04667107108 7.62462524102
2024-06-15T02:32:00.000000 -3700.737667622 -5609.032031224 -99.781463560 -0.77745428388 0.39639440730 7.65065911857
2024-06-15T02:33:00.000000 -3738.590412171 -5571.993014644 359.131513615 -0.48378481692 0.83778373999 7.64038453914
2024-06-15T02:34:00.000000 -3758.743633293 -5508.573773519 816.338717625 -0.18770532458 1.27538406419 7.59381773935
2024-06-15T02:35:00.000000 -3761.095185230 -5419.064666374 1269.667597914 0.10936737481 1.70709803202 7.51115459672
2024-06-15T02:36:00.000000 -3745.628117882 -5303.881238968 1716.962749943 0.40601187726 2.13085249816 7.39277134433
2024-06-15T02:37:00.000000 -3712.410701824 -5163.562158863 2156.096614829 0.70080920430 2.54461831727 7.23921686670
2024-06-15T02:38:00.000000 -3661.596182912 -4998.766552066 2584.979680291 0.99234894607 2.94641077907 7.05121276922
2024-06-15T02:39:00.000000 -3593.421821675 -4810.270879088 3001.570776521 1.27923954918 3.33430482974 6.82964584856
2024-06-15T02:40:00.000000 -3508.207922417 -4598.965159751 3403.886818067 1.56010683460 3.70644200295 6.57556604999
2024-06-15T02:41:00.000000 -3406.356371012 -4365.848656836 3790.012531911 1.83360692962 4.06104126900 6.29018262072
2024-06-15T02:42:00.000000 -3288.348591296 -4112.024896249 4158.109732416 2.09843347871 4.39640903276 5.97485395294
2024-06-15T02:43:00.000000 -3154.743115509 -3838.696344307 4506.426024831 2.35332337981 4.71094147677 5.63108084300
2024-06-15T02:44:00.000000 -3006.172907514 -3547.158800146 4833.303266278 2.59705905698 5.00313374886 5.26050380582
2024-06-15T02:45:00.000000 -2843.342414476 -3238.795015221 5137.185757458 2.82847757383 5.27159381213 4.86489441091
2024-06-15T02:46:00.000000 -2667.023975216 -2915.067775102 5416.627630177 3.04647942588 5.51504632001 4.44614029292
2024-06-15T02:47:00.000000 -2478.053933208 -2577.512769112 5670.299515660 3.25003115820 5.73233736619 4.00623551411
2024-06-15T02:48:00.000000 -2277.328564844 -2227.731187486 5896.994626415 3.43816876875 5.92243788476 3.54727043548
2024-06-15T02:49:00.000000 -2065.799867036 -1867.382121944 6095.634290187 3.60999979354 6.08444795095 3.07142404240
2024-06-15T02:50:00.000000 -1844.471034300 -1498.174667349 6265.272971946 3.76471130115 6.21760076775 2.58095288879
2024-06-15T02:51:00.000000 -1614.391589009 -1121.859917383 6405.102543697 3.90157147856 6.32126370534 2.07817897166
2024-06-15T02:52:00.000000 -1376.652580894 -740.222826441 6514.455975961 4.01992850575 6.39494141640 1.56548318022
2024-06-15T02:53:00.000000 -1132.381550213 -355.073767952 6592.810658924 4.11921940028 6.43828256527 1.04529499712
2024-06-15T02:54:00.000000 -882.737086904 31.760018978 6639.790753937 4.19897170429 6.45107560444 0.52007666539
2024-06-15T02:55:00.000000 -628.903403561 418.442906754 6655.169001964 4.25880411244 6.43325343627 -0.00768408511
2024-06-15T02:56:00.000000 -372.084837464 803.139556869 6638.867813717 4.29842757142 6.38489233745 -0.53548725108
2024-06-15T02:57:00.000000 -113.500195550 1184.023516381 6590.959727028 4.31764914987 6.30621238124 -1.06083120436
2024-06-15T02:58:00.000000 145.623002948 1559.285783517 6511.667053825 4.31637105310 6.19757416024 -1.58122638219
2024-06-15T02:59:00.000000 404.054228866 1927.143173454 6401.361001160 4.29459112161 6.05947861238 -2.09420069107
2024-06-15T03:00:00.000000 660.565735310 2285.846825470 6260.560194475 4.25240416625 5.89256782764 -2.59731524725
2024-06-15T03:01:00.000000 913.938321212 2633.690449227 6089.928323154 4.19000016017 5.69761852490 -3.08817403718
2024-06-15T03:02:00.000000 1162.967084281 2969.018456372 5890.271304816 4.10766568138 5.47554390676 -3.56443542333
2024-06-15T03:03:00.000000 1406.467140863 3290.233960045 5662.533530752 4.00578126687 5.22738534749 -4.02382623172
2024-06-15T03:04:00.000000 1643.279263992 3595.806207862 5407.793656811 3.88482138286 4.95430665580 -4.46414482768
2024-06-15T03:05:00.000000 1872.275491595 3884.278084989 5127.259999294 3.74535369586 4.65759802102 -4.88327444197
2024-06-15T03:06:00.000000 2092.364647689 4154.273416602 4822.264897797 3.58803589488 4.33866539339 -5.27919896673
2024-06-15T03:07:00.000000 2302.497629534 4404.503689588 4494.258461832 3.41361249581 3.99902400472 -5.65001051043
2024-06-15T03:08:00.000000 2501.672569476 4633.774402625 4144.801789612 3.22291297392 3.64029122292 -5.99391849484
2024-06-15T03:09:00.000000 2688.939850050 4840.991058244 3775.559693167 3.01684909087 3.26418237775 -6.30925876795
2024-06-15T03:10:00.000000 2863.406851342 5025.164765322 3388.292658106 2.79640705281 2.87250006888 -6.59450776484
2024-06-15T03:11:00.000000 3024.242208384 5185.417161242 2984.848263227 2.56264293177 2.46712469558 -6.84828669631
2024-06-15T03:12:00.000000 3170.680008348 5320.984822655 2567.152316557 2.31668109607 2.05000620963 -7.06936804816
2024-06-15T03:13:00.000000 3302.023647113 5431.223243596 2137.199462179 2.05970644278 1.62315612580 -7.25668660625
2024-06-15T03:14:00.000000 3417.649285713 5515.610082686 1697.043263454 1.79295861265 1.18863347692 -7.40934388110
2024-06-15T03:15:00.000000 3517.008969777 5573.747726940 1248.786111905 1.51772674306 0.74853516575 -7.52661129662
2024-06-15T03:16:00.000000 3599.633442155 5605.365279342 794.568875877 1.23534330034 0.30498611930 -7.60793624862
2024-06-15T03:17:00.000000 3665.134422331 5610.319836371 336.560213828 0.94717362226 -0.13987386425 -7.65294450562
2024-06-15T03:18:00.000000 3713.206402295 5588.597145586 -123.054097234 0.65461088589 -0.58389757708 -7.66144052922
2024-06-15T03:19:00.000000 3743.628164256 5540.311729844 -582.082015893 0.35907080878 -1.02494152216 -7.63341118611
2024-06-15T03:20:00.000000 3756.264026761 5465.706282104 -1038.336330512 0.06198647257 -1.46088116282 -7.56903230438
2024-06-15T03:21:00.000000 3751.064216704 5365.149828571 -1489.645886021 -0.23521367408 -1.88962987920 -7.46865902804
2024-06-15T03:22:00.000000 3728.064632391 5239.135524636 -1933.865998496 -0.53110219873 -2.30913907735 -7.33282064291
2024-06-15T03:23:00.000000 3687.386467927 5088.277855976 -2368.888993599 -0.82426555434 -2.71741453018 -7.16221924797
2024-06-15T03:24:00.000000 3629.235182116 4913.309155888 -2792.654257047 -1.11330885779 -3.11252354174 -6.95772065109
2024-06-15T03:25:00.000000 3553.899257573 4715.075680350 -3203.157943906 -1.39686051715 -3.49260268491 -6.72035091166
2024-06-15T03:26:00.000000 3461.748599629 4494.533190424 -3598.462494798 -1.67357955727 -3.85586687302 -6.45129254468
2024-06-15T03:27:00.000000 3353.232418193 4252.741965379 -3976.705813127 -1.94216475876 -4.20061886559 -6.15187690492
2024-06-15T03:28:00.000000 3228.876660207 3990.861258456 -4336.109870447 -2.20135995716 -4.52525760213 -5.82357302124
2024-06-15T03:29:00.000000 3089.281212947 3710.143395962 -4674.988713020 -2.44995748313 -4.82828272587 -5.46798010082
2024-06-15T03:30:00.000000 2935.116823734 3411.927542276 -4991.756072860 -2.68680393160 -5.10830115497 -5.08682045704
2024-06-15T03:31:00.000000 2767.121681109 3097.633045109 -5284.932480604 -2.91080554090 -5.36403416744 -4.68192990393
2024-06-15T03:32:00.000000 2586.097683748 2768.752426901 -5553.151759647 -3.12093321241 -5.59432203776 -4.25524735620
2024-06-15T03:33:00.000000 2392.906429873 2426.844120256 -5795.166901356 -3.31622655654 -5.79812818580 -3.80880444442
2024-06-15T03:34:00.000000 2188.464989343 2073.524966628 -6009.855305360 -3.49579787814 -5.97454238168 -3.34471452795
2024-06-15T03:35:00.000000 1973.741397249 1710.462629108 -6196.223359356 -3.65883606677 -6.12278122798 -2.86516232478
2024-06-15T03:36:00.000000 1749.750095683 1339.367891127 -6353.410424502 -3.80460507462 -6.24219080374 -2.37239411370
2024-06-15T03:37:00.000000 1517.547391466 961.986864705 -6480.692363745 -3.93244685425 -6.33224843559 -1.86871287325
2024-06-15T03:38:00.000000 1278.226520248 580.092919028 -6577.484593794 -4.04178900098 -6.39256826474 -1.35646363576
2024-06-15T03:39:00.000000 1032.912558889 195.478631633 -6643.344097400 -4.13214156335 -6.42289478513 -0.83802042561
2024-06-15T03:40:00.000000 782.757496943 -190.052087099 -6677.971214446 -4.20309895179 -6.42310736091 -0.31578608093
2024-06-15T03:41:00.000000 528.934944331 -574.692198050 -6681.210918556 -4.25434632419 -6.39322173358 0.20782388683
2024-06-15T03:42:00.000000 272.634743031 -956.639606398 -6653.053123778 -4.28565624422 -6.33338606579 0.73039495014
2024-06-15T03:43:00.000000 15.057829339 -1334.105048324 -6593.632525843 -4.29688745564 -6.24388084477 1.24951673785
2024-06-15T03:44:00.000000 -242.589090893 -1705.320061108 -6503.227967267 -4.28798861652 -6.12511751692 1.76279673999
2024-06-15T03:45:00.000000 -499.098870273 -2068.544654273 -6382.261137772 -4.25899587246 -5.97763377683 2.26786650188
2024-06-15T03:46:00.000000 -753.269115605 -2422.074983255 -6231.295014970 -4.21003217198 -5.80209770077 2.76238634609
2024-06-15T03:47:00.000000 -1003.907539288 -2764.251181176 -6051.031772620 -4.14131211119 -5.59930596501 3.24405821267
2024-06-15T03:48:00.000000 -1249.837540999 -3093.464923899 -5842.309890231 -4.05314345732 -5.37017943739 3.71063923804
2024-06-15T03:49:00.000000 -1489.903623189 -3408.166753101 -5606.100471952 -3.94592117421 -5.11575881509 4.15995231002
2024-06-15T03:50:00.000000 -1722.976568225 -3706.873177355 -5343.503100275 -3.82012593840 -4.83720165611 4.58989369884
2024-06-15T03:51:00.000000 -1947.958505303 -3988.173546560 -5055.741182179 -3.67632207909 -4.53577794709 4.99844038169
2024-06-15T03:52:00.000000 -2163.787990461 -4250.736716593 -4744.156878861 -3.51515958851 -4.21286691524 5.38365922065
2024-06-15T03:53:00.000000 -2369.445081015 -4493.317413998 -4410.205344203 -3.33737102159 -3.86995110579 5.74371833309
2024-06-15T03:54:00.000000 -2563.956181184 -4714.762328838 -4055.448373310 -3.14376839860 -3.50861227019 6.07689676398
2024-06-15T03:55:00.000000 -2746.398727281 -4914.015810255 -3681.547445731 -2.93524015310 -3.13052244918 6.38159370173
2024-06-15T03:56:00.000000 -2915.905674570 -5090.125072228 -3290.256326757 -2.71274790724 -2.73743759328 6.65633533325
2024-06-15T03:57:00.000000 -3071.669756754 -5242.245025732 -2883.413172130 -2.47732191222 -2.33119037900 6.89978339374
2024-06-15T03:58:00.000000 -3212.947499864 -5369.642695139 -2462.932202616 -2.23005773071 -1.91368405304 7.11074234719
2024-06-15T03:59:00.000000 -3339.063010631 -5471.701177802 -2030.794852143 -1.97211169383 -1.48688270443 7.28816849660
2024-06-15T04:00:00.000000 -3449.411465380 -5547.922990443 -1589.040450535 -1.70469535904 -1.05280117203 7.43117677635
2024-06-15T04:01:00.000000 -3543.462213417 -5597.932784307 -1139.756536680 -1.42906848653 -0.61349404789 7.53904572299
2024-06-15T04:02:00.000000 -3620.761508597 -5621.479468580 -685.068948820 -1.14653406913 -0.17104718511 7.61122113930
2024-06-15T04:03:00.000000 -3680.934928469 -5618.437762414 -227.131634184 -0.85843199539 0.27243361777 7.64732061270
2024-06-15T04:04:00.000000 -3723.689382102 -5588.809055995 231.883704910 -0.56613237919 0.71483328384 7.64713502430
2024-06-15T04:05:00.000000 -3748.814711294 -5532.721710629 689.798094432 -0.27102821831 1.15403620076 7.61063163194
2024-06-15T04:06:00.000000 -3756.184869782 -5450.430742761 1144.435922635 0.02547051104 1.58793832245 7.53795519300
2024-06-15T04:07:00.000000 -3745.758753827 -5342.316784557 1593.635597315 0.32194421383 2.01445812945 7.42942870756
2024-06-15T04:08:00.000000 -3717.580451255 -5208.884370236 2035.260225283 0.61697348109 2.43154891980 7.28555098915
2024-06-15T04:09:00.000000 -3671.779141132 -5050.759640621 2467.208058492 0.90914307963 2.83720541897 7.10699603626
2024-06-15T04:10:00.000000 -3608.568494035 -4868.687383232 2887.423051237 1.19705309134 3.22948143153 6.89461165017
2024-06-15T04:11:00.000000 -3528.245461622 -4663.526998624 3293.904919754 1.47932909133 3.60650286213 6.64940548187
2024-06-15T04:12:00.000000 -3431.188706632 -4436.248321973 3684.718411422 1.75462114347 3.96646309358 6.37253972081
2024-06-15T04:13:00.000000 -3317.856979609 -4187.927191016 4058.002800413 2.02161177410 4.30763831191 6.06533464720
2024-06-15T04:14:00.000000 -3188.786861394 -3919.740064351 4411.981033928 2.27902572663 4.62839982573 5.72925711917
2024-06-15T04:15:00.000000 -3044.589986139 -3632.958161679 4744.968137486 2.52563662840 4.92721732892 5.36590827836
2024-06-15T04:16:00.000000 -2885.950079504 -3328.941457566 5055.379174148 2.76026879105 5.20266493492 4.97702078846
2024-06-15T04:17:00.000000 -2713.619699497 -3009.132097571 5341.736899198 2.98180478537 5.45343029581 4.56445050462
2024-06-15T04:18:00.000000 -2528.416503662 -2675.047358541 5602.678887631 3.18919309283 5.67832291373 4.13016610742
2024-06-15T04:19:00.000000 -2331.219186479 -2328.272193538 5836.963848281 3.38145104170 5.87627767570 3.67623549473
2024-06-15T04:20:00.000000 -2122.963208459 -1970.451587426 6043.477302310 3.55766993380 6.04635920228 3.20481517134
2024-06-15T04:21:00.000000 -1904.636306017 -1603.282763025 6221.236506813 3.71701596571 6.18776155716 2.71813928702
2024-06-15T04:22:00.000000 -1677.273877769 -1228.507308311 6369.394989940 3.85873541279 6.29981298899 2.21851396885
2024-06-15T04:23:00.000000 -1441.954070415 -847.903005242 6487.246484910 3.98215709822 6.38197919633 1.70830535973
2024-06-15T04:24:00.000000 -1199.792754868 -463.275467599 6574.228270795 4.08669521722 6.43386710219 1.18993009641
2024-06-15T04:25:00.000000 -951.938341836 -76.449592137 6629.923854081 4.17185147885 6.45522766666 0.66584340192
2024-06-15T04:26:00.000000 -699.566433121 310.739063506 6654.064837623 4.23721802367 6.44595359759 0.13852532815
2024-06-15T04:27:00.000000 -443.874339806 696.452765100 6646.532240459 4.28247977375 6.40608067634 -0.38952528571
2024-06-15T04:28:00.000000 -186.075406613 1078.860289309 6607.357210653 4.30741731901 6.33578964041 -0.91580583111
2024-06-15T04:29:00.000000 72.606691767 1456.145500831 6536.720841299 4.31190573014 6.23540228297 -1.43782186380
2024-06-15T04:30:00.000000 330.943652199 1826.515809541 6434.953468181 4.29591599875 6.10538204663 -1.95309481010
2024-06-15T04:31:00.000000 587.708354346 2188.210691175 6302.533313273 4.25951646896 5.94633326530 -2.45917665163
2024-06-15T04:32:00.000000 841.680631304 2539.509891869 6140.084298132 4.20287036285 5.75899381151 -2.95365870176
2024-06-15T04:33:00.000000 1091.653001275 2878.741576905 5948.373511200 4.12623762937 5.54424014624 -3.43418093981
2024-06-15T04:34:00.000000 1336.436443072 3204.290495886 5728.307703821 4.02997278085 5.30308005720 -3.89844941107
2024-06-15T04:35:00.000000 1574.865994338 3514.605671655 5480.929146190 3.91452382878 5.03664814247 -4.34424277372
2024-06-15T04:36:00.000000 1805.806339649 3808.207835142 5207.410876896 3.78043004945 4.74619855290 -4.76942370165
2024-06-15T04:37:00.000000 2028.157274465 4083.696549214 4909.051569835 3.62832268951 4.43310542963 -5.17194462803
2024-06-15T04:38:00.000000 2240.859144366 4339.757383360 4587.269633051 3.45892262341 4.09886040775 -5.54986449135
2024-06-15T04:39:00.000000 2442.898247822 4575.168562545 4243.596246300 3.27303775287 3.74505682151 -5.90136772697
2024-06-15T04:40:00.000000 2633.311536409 4788.806599247 3879.667686129 3.07154833576 3.37337549015 -6.22476521121
2024-06-15T04:41:00.000000 2811.191053714 4979.651399707 3497.218159900 2.85541202309 2.98558661727 -6.51848153880
2024-06-15T04:42:00.000000 2975.688686585 5146.792131948 3098.072270926 2.62566412826 2.58355841410 -6.78108374471
2024-06-15T04:43:00.000000 3126.020812417 5289.432659471 2684.135872136 2.38342017633 2.16924201830 -7.01130428079
2024-06-15T04:44:00.000000 3261.472451968 5406.895043969 2257.385467958 2.12984612579 1.74462264014 -7.20804395692
2024-06-15T04:45:00.000000 3381.400194642 5498.622326634 1819.859387844 1.86616590605 1.31175195413 -7.37035025184
2024-06-15T04:46:00.000000 3485.235714914 5564.182115684 1373.647603393 1.59365475671 0.87272367331 -7.49745382156
2024-06-15T04:47:00.000000 3572.488462233 5603.268316680 920.881050873 1.31362964797 0.42965355127 -7.58875717511
2024-06-15T04:48:00.000000 3642.748066196 5615.702452296 463.721342674 1.02744539185 -0.01532059693 -7.64383696463
2024-06-15T04:49:00.000000 3695.686414764 5601.434690761 4.349965381 0.73648695497 -0.46005272727 -7.66245485606
2024-06-15T04:50:00.000000 3731.059092519 5560.543751742 -455.042681225 0.44215860333 -0.90240408651 -7.64455092938
2024-06-15T04:51:00.000000 3748.706426530 5493.236322071 -912.267992358 0.14587943451 -1.34025016201 -7.59024529476
2024-06-15T04:52:00.000000 3748.554121495 5399.845841420 -1365.149947515 -0.15092490329 -1.77149204414 -7.49983712530
2024-06-15T04:53:00.000000 3730.613437397 5280.830625333 -1811.535806404 -0.44682954657 -2.19406804672 -7.37380267338
2024-06-15T04:54:00.000000 3694.980915049 5136.771321817 -2249.306626194 -0.74041776295 -2.60596369448 -7.21279180507
2024-06-15T04:55:00.000000 3641.837666790 4968.367760953 -2676.387584318 -1.03028873154 -3.00522268221 -7.01762442142
2024-06-15T04:56:00.000000 3571.448179441 4776.435144609 -3090.757987685 -1.31506507852 -3.38995702178 -6.78928386141
2024-06-15T04:57:00.000000 3484.158729408 4561.899688425 -3490.460901467 -1.59339899340 -3.75835570982 -6.52891103580
2024-06-15T04:58:00.000000 3380.395418257 4325.793730963 -3873.612405038 -1.86397845183 -4.10869399847 -6.23779756855
2024-06-15T04:59:00.000000 3260.661821941 4069.250278918 -4238.410375246 -2.12553421062 -4.43934215808 -5.91737679186
2024-06-15T05:00:00.000000 3125.536224746 3793.497117547 -4583.142703857 -2.37684617678 -4.74877157096 -5.56921431589
2024-06-15T05:01:00.000000 2975.668520413 3499.850580938 -4906.194960070 -2.61674808797 -5.03556019500 -5.19499890875
2024-06-15T05:02:00.000000 2811.776877747 3189.709024047 -5206.057489792 -2.84413083075 -5.29839605608 -4.79653320201
2024-06-15T05:03:00.000000 2634.644191411 2864.546112873 -5481.332137800 -3.05794739882 -5.53608334879 -4.37573008794
2024-06-15T05:04:00.000000 2445.114122806 2525.903471591 -5730.738416238 -3.25721966851 -5.74755217942 -3.93459571192
2024-06-15T05:05:00.000000 2244.086905583 2175.383240895 -5953.118762434 -3.44104070446 -5.93185581268 -3.47522071731
2024-06-15T05:06:00.000000 2032.514962302 1814.640540291 -6147.443352808 -3.60857812426 -6.08817551136 -2.99977031266
2024-06-15T05:07:00.000000 1811.398383930 1445.375748920 -6312.814206069 -3.75907527870 -6.21582079803 -2.51047234670
2024-06-15T05:08:00.000000 1581.780395342 1069.326869618 -6448.468833451 -3.89185215723 -6.31422969160 -2.00961576207
2024-06-15T05:09:00.000000 1344.742475503 688.261483291 -6553.783591514 -4.00631410326 -6.38297789090 -1.49953503412
2024-06-15T05:10:00.000000 1101.399311555 303.968691930 -6628.275884795 -4.10194845676 -6.42177220952 -0.98259749461
2024-06-15T05:11:00.000000 852.893847087 -81.748851362 -6671.606044314 -4.17832650149 -6.43045463334 -0.46119835212
2024-06-15T05:12:00.000000 600.392112912 -467.083118923 -6683.578679716 -4.23510827441 -6.40900399509 0.06225129798
2024-06-15T05:13:00.000000 345.077904803 -850.228769596 -6664.143154229 -4.27204049894 -6.35752993797 0.58533752870
2024-06-15T05:14:00.000000 88.147615619 -1229.391027303 -6613.393715645 -4.28895753753 -6.27627592279 1.10564744253
2024-06-15T05:15:00.000000 -169.195079335 -1602.793663678 -6531.568925355 -4.28578131262 -6.16561525068 1.62078461927
2024-06-15T05:16:00.000000 -425.744382440 -1968.686650292 -6419.050638254 -4.26252035500 -6.02604876444 2.12836890663
2024-06-15T05:17:00.000000 -680.297800795 -2325.353989899 -6276.362788866 -4.21927634106 -5.85821032875 2.62604806304
2024-06-15T05:18:00.000000 -931.661668604 -2671.121630037 -6104.169150448 -4.15624145522 -5.66286286667 3.11151500627
2024-06-15T05:19:00.000000 -1178.656493132 -3004.364967798 -5903.270366678 -4.07369538426 -5.44089122063 3.58251498706
2024-06-15T05:20:00.000000 -1420.122167829 -3323.516137178 -5674.600654804 -3.97200488277 -5.19330151733 4.03685207754
2024-06-15T05:21:00.000000 -1654.923213328 -3627.071200034 -5419.223975795 -3.85162395178 -4.92121819934 4.47239891263
2024-06-15T05:22:00.000000 -1881.953977284 -3913.597175282 -5138.329615074 -3.71309263816 -4.62588126992 4.88710720701
2024-06-15T05:23:00.000000 -2100.143769237 -4181.738815038 -4833.227130924 -3.55703602295 -4.30864093249 5.27901777994
2024-06-15T05:24:00.000000 -2308.461896715 -4430.225052776 -4505.340728346 -3.38416195659 -3.97095225041 5.64626963721
2024-06-15T05:25:00.000000 -2505.922572703 -4657.875159837 -4156.203085200 -3.19525888852 -3.61437039884 5.98710984525
2024-06-15T05:26:00.000000 -2691.589643442 -4863.604541218 -3787.448578452 -2.99119227945 -3.24054344567 6.29990263058
2024-06-15T05:27:00.000000 -2864.581116634 -5046.430107586 -3400.806023236 -2.77290153817 -2.85120584424 6.58313723297
2024-06-15T05:28:00.000000 -3024.073491209 -5205.475249114 -2998.090907377 -2.54139616021 -2.44817095336 6.83543660683
2024-06-15T05:29:00.000000 -3169.305838825 -5339.974332899 -2581.197173704 -2.29775203178 -2.03332375704 7.05556386353
2024-06-15T05:30:00.000000 -3299.583686675 -5449.276793224 -2152.088531770 -2.04310731121 -1.60861299298 7.24243187667
2024-06-15T05:31:00.000000 -3414.282545421 -5532.850639908 -1712.789272822 -1.77865579666 -1.17604115231 7.39510908039
2024-06-15T05:32:00.000000 -3512.851121194 -5590.285441532 -1265.374765115 -1.50564271585 -0.73765594521 7.51282572533
2024-06-15T05:33:00.000000 -3594.814218902 -5621.294707768 -811.961552617 -1.22535830180 -0.29553922979 7.59497974979
2024-06-15T05:34:00.000000 -3659.775247570 -5625.717610839 -354.697176614 -0.93913146321 0.14820400324 7.64114052390
2024-06-15T05:35:00.000000 -3707.418343892 -5603.520036002 104.250199919 -0.64832293040 0.59145672978 7.65105162718
2024-06-15T05:36:00.000000 -3737.510065799 -5554.794999494 562.702295214 -0.35431832424 1.03209993568 7.62463249305
2024-06-15T05:37:00.000000 -3749.900688458 -5479.762449772 1018.481318130 -0.05852135101 1.46802353616 7.56198022308
2024-06-15T05:38:00.000000 -3744.525066562 -5378.768380171 1469.420634193 0.23765357547 1.89713794341 7.46336948277
2024-06-15T05:39:00.000000 -3721.403056424 -5252.283267699 1913.375394924 0.53278877464 2.31738518583 7.32925144667
2024-06-15T05:40:00.000000 -3680.639489544 -5100.899855486 2348.233041447 0.82547056866 2.72674928097 7.16025081888
2024-06-15T05:41:00.000000 -3622.423708662 -4925.330332083 2771.923648820 1.11429700881 3.12326658785 6.95716348615
2024-06-15T05:42:00.000000 -3547.028622460 -4726.402863084 3182.430055447 1.39788560377 3.50503640981 6.72095129907
2024-06-15T05:43:00.000000 -3454.809350010 -4505.057540945 3577.797647454 1.67487956684 3.87022997130 6.45273645915
2024-06-15T05:44:00.000000 -3346.201478371 -4262.341815110 3956.143830611 1.94395467787 4.21709912812 6.15379646429
2024-06-15T05:45:00.000000 -3221.718898006 -3999.405369396 4315.667113394 2.20382571902 4.54398525278 5.82555572168
2024-06-15T05:46:00.000000 -3081.951350559 -3717.494573436 4654.655730284 2.45325055156 4.84932548678 5.46958016127
2024-06-15T05:47:00.000000 -2927.561611601 -3417.946437851 4971.495984343 2.69103845663 5.13166336684 5.08757125834
2024-06-15T05:48:00.000000 -2759.282135988 -3102.181904536 5264.679989517 2.91605823397 5.38965809580 4.68135144386
2024-06-15T05:49:00.000000 -2577.911445284 -2771.698935903 5532.812561139 3.12723932491 5.62208365414 4.25285528684
2024-06-15T05:50:00.000000 -2384.310283532 -2428.065384838 5774.617830416 3.32357949473 5.82783739597 3.80412266554
2024-06-15T05:51:00.000000 -2179.397365853 -2072.911510205 5988.945160300 3.50414906964 6.00594233164 3.33728677102
2024-06-15T05:52:00.000000 -1964.144965437 -1707.922315946 6174.774498365 3.66809292153 6.15555136377 2.85456625092
2024-06-15T05:53:00.000000 -1739.574268405 -1334.829552876 6331.221262273 3.81463684604 6.27595469701 2.35825523962
2024-06-15T05:54:00.000000 -1506.750425114 -955.403355038 6457.540361368 3.94308949534 6.36658275739 1.85070755142
2024-06-15T05:55:00.000000 -1266.777572855 -571.443773092 6553.129440654 4.05284279481 6.42700765133 1.33432481165
2024-06-15T05:56:00.000000 -1020.793779656 -184.772419118 6617.531451382 4.14337462936 6.45693824922 0.81154883027
2024-06-15T05:57:00.000000 -769.965747551 202.775851314 6650.436927314 4.21425296452 6.45622541766 0.28485489338
2024-06-15T05:58:00.000000 -515.483367450 589.361594528 6651.685581967 4.26513731132 6.42486557354 -0.24326172246
2024-06-15T05:59:00.000000 -258.554138781 973.149495077 6621.267102736 4.29578134962 6.36299918830 -0.77029931285
2024-06-15T06:00:00.000000 -0.397523314 1352.316913959 6559.321231053 4.30603272402 6.27090850252 -1.29375888885
2024-06-15T06:01:00.000000 257.760770408 1725.062471154 6466.137331420 4.29583644791 6.14902017179 -1.81115490823
2024-06-15T06:02:00.000000 514.694666762 2089.614602138 6342.153040474 4.26523412845 5.99789979016 -2.32003208251
2024-06-15T06:03:00.000000 769.183394041 2444.239745439 6187.952294712 4.21436145559 5.81824896146 -2.81797010560
2024-06-15T06:04:00.000000 1020.017218240 2787.250546392 6004.262930002 4.14345076737 5.61090598182 -3.30259503799
2024-06-15T06:05:00.000000 1266.003212321 3117.013965177 5791.953482041 4.05282951952 5.37684242853 -3.77159278853
2024-06-15T06:06:00.000000 1505.970906113 3431.959151498 5552.029246152 3.94291860952 5.11715862720 -4.22272064406
2024-06-15T06:07:00.000000 1738.777848654 3730.584985334 5285.627714463 3.81423090078 4.83307809787 -4.65381600891
2024-06-15T06:08:00.000000 1963.315107644 4011.467393269 4994.013503907 3.66737096601 4.52594501488 -5.06280591110
2024-06-15T06:09:00.000000 2178.512771065 4273.266465036 4678.572560274 3.50303409250 4.19721922941 -5.44772191003
2024-06-15T06:10:00.000000 2383.345194446 4514.733056945 4340.805491011 3.32199969514 3.84846446357 -5.80671103779
2024-06-15T06:11:00.000000 2576.835953252 4734.714798696 3982.320508481 3.12512884675 3.48134254327 -6.13804134511
2024-06-15T06:12:00.000000 2758.062618277 4932.161749997 3604.825789060 2.91335877479 3.09760329647 -6.44011219994
2024-06-15T06:13:00.000000 2926.161296575 5106.131638448 3210.121774881 2.68770538218 2.69908854756 -6.71145251539
2024-06-15T06:14:00.000000 3080.331285892 5255.795242382 2800.092441633 2.44925552027 2.28771968035 -6.95075027309
2024-06-15T06:15:00.000000 3219.839018447 5380.440598147 2376.695734024 2.19916022946 1.86548199826 -7.15685375478
2024-06-15T06:16:00.000000 3344.021698221 5479.476352882 1941.953763131 1.93862604520 1.43440956009 -7.32877435305
2024-06-15T06:17:00.000000 3452.290510492 5552.434630359 1497.943011406 1.66891159151 0.99658244549 -7.46569066022
2024-06-15T06:18:00.000000 3544.133501784 5598.973409096 1046.784044368 1.39131905333 0.55411422180 -7.56695490546
2024-06-15T06:19:00.000000 3619.118033077 5618.878244506 590.631005501 1.10718957664 0.10914183951 -7.63209601120
2024-06-15T06:20:00.000000 3676.893010305 5612.063302639 131.660911773 0.81789866237 -0.33618716552 -7.66082371235
2024-06-15T06:21:00.000000 3717.190575926 5578.571530895 -327.937278120 0.52484344483 -0.77972927279 -7.65302934006
2024-06-15T06:22:00.000000 3739.827169868 5518.574171037 -785.973439673 0.22943595302 -1.21935282774 -7.60878244236
2024-06-15T06:23:00.000000 3744.704301584 5432.369815272 -1240.266986801 -0.06690095391 -1.65294655490 -7.52833230978
2024-06-15T06:24:00.000000 3731.808964796 5320.382709277 -1688.657717650 -0.36274264037 -2.07843554370 -7.41210801849
2024-06-15T06:25:00.000000 3701.213452812 5183.160272087 -2129.016408830 -0.65667136494 -2.49379026624 -7.26071250148
2024-06-15T06:26:00.000000 3653.074753650 5021.370078641 -2559.255164991 -0.94728309898 -2.89703709369 -7.07491975093
2024-06-15T06:27:00.000000 3587.633515138 4835.796188696 -2977.337512381 -1.23319415085 -3.28626813049 -6.85566910441
2024-06-15T06:28:00.000000 3505.212577939 4627.334899544 -3381.288185472 -1.51305026397 -3.65965210128 -6.60405968770
2024-06-15T06:29:00.000000 3406.214987742 4396.989895265 -3769.202348371 -1.78553244106 -4.01544116184 -6.32133880072
2024-06-15T06:30:00.000000 3291.121800169 4145.867089534 -4139.254342023 -2.04936035525 -4.35197688259 -6.00889758126
2024-06-15T06:31:00.000000 3160.489553838 3875.169046826 -4489.706165936 -2.30329972100 -4.66769737375 -5.66826601792
2024-06-15T06:32:00.000000 3014.947240175 3586.188880462 -4818.915534336 -2.54617054366 -4.96114771624 -5.30110175403
2024-06-15T06:33:00.000000 2855.192987790 3280.303678105 -5125.343124758 -2.77684856906 -5.23098427457 -4.90917858701
2024-06-15T06:34:00.000000 2681.990548266 2958.967636866 -5407.559348125 -2.99427184128 -5.47598104439 -4.49437778386
2024-06-15T06:35:00.000000 2496.165451125 2623.705023548 -5664.250435915 -3.19744339501 -5.69502866924 -4.05867897071
2024-06-15T06:36:00.000000 2298.600926539 2276.102915059 -5894.224229413 -3.38543803121 -5.88714453154 -3.60415277921
2024-06-15T06:37:00.000000 2090.233520303 1917.803511409 -6096.415076251 -3.55740354606 -6.05147312298 -3.13294425870
2024-06-15T06:38:00.000000 1872.048680081 1550.496505689 -6269.888118446 -3.71256269394 -6.18728782228 -2.64726645544
2024-06-15T06:39:00.000000 1645.076176822 1175.911249583 -6413.843022215 -3.85021545498 -6.29399306688 -2.14938888730
2024-06-15T06:40:00.000000 1410.385439717 795.808917426 -6527.617143012 -3.96974030331 -6.37112365952 -1.64163084896
2024-06-15T06:41:00.000000 1169.080688321 411.974633726 -6610.688364181 -4.07060068280 -6.41834772127 -1.12635542608
2024-06-15T06:42:00.000000 922.295705143 26.209301111 -6662.677214715 -4.15234660380 -6.43547088325 -0.60595170100
2024-06-15T06:43:00.000000 671.188729465 -359.678577195 -6683.348097765 -4.21461358632 -6.42243349709 -0.08282480428
2024-06-15T06:44:00.000000 416.937283616 -743.880851698 -6672.610028320 -4.25712318502 -6.37930737890 0.44061035613
2024-06-15T06:45:00.000000 160.732958966 -1124.597728450 -6630.516959083 -4.27968491544 -6.30629871710 0.96194065908
2024-06-15T06:46:00.000000 -96.223788763 -1500.045655109 -6557.267333308 -4.28219398382 -6.20374248231 1.47876216735
2024-06-15T06:47:00.000000 -352.728948489 -1868.465140869 -6453.203470906 -4.26463739036 -6.07210620509 1.98868610968
2024-06-15T06:48:00.000000 -607.580429077 -2228.128672061 -6318.810161703 -4.22709154259 -5.91198801671 2.48935332234
2024-06-15T06:49:00.000000 -859.583409887 -2577.348544851 -6154.712614757 -4.16972232430 -5.72411584263 2.97844503236
2024-06-15T06:50:00.000000 -1107.555640388 -2914.484412595 -5961.673701537 -4.09278272951 -5.50933982275 3.45369147669
2024-06-15T06:51:00.000000 -1350.332696818 -3237.950620865 -5740.590856964 -3.99661397418 -5.26863261848 3.91287912090
2024-06-15T06:52:00.000000 -1586.773229537 -3546.223453393 -5492.492379652 -3.88164369853 -5.00308560052 4.35386054585
2024-06-15T06:53:00.000000 -1815.764139535 -3837.848183995 -5218.533246890 -3.74838630039 -4.71390697380 4.77456215584
2024-06-15T06:54:00.000000 -2036.225816273 -4111.446027826 -4919.990314216 -3.59744319691 -4.40241874084 5.17299734988
2024-06-15T06:55:00.000000 -2247.117246741 -4365.720736518 -4598.256746120 -3.42949896351 -4.07004906223 5.54727700809
2024-06-15T06:56:00.000000 -2447.440916549 -4599.464800061 -4254.835928619 -3.24531853049 -3.71832678344 5.89561768847
2024-06-15T06:57:00.000000 -2636.247540961 -4811.565312407 -3891.334872495 -3.04574411329 -3.34887554246 6.21634997735
2024-06-15T06:58:00.000000 -2812.640621090 -5001.009480862 -3509.457136695 -2.83169266460 -2.96340787712 6.50792638926
2024-06-15T06:59:00.000000 -2975.780859214 -5166.889783730 -3110.995231548 -2.60415336852 -2.56371889341 6.76893124512
2024-06-15T07:00:00.000000 -3124.890353386 -5308.408628496 -2697.822418484 -2.36418259644 -2.15167613850 6.99808934922
2024-06-15T07:01:00.000000 -3259.256489544 -5424.882466934 -2271.884136701 -2.11289969188 -1.72921262628 7.19427129389
2024-06-15T07:02:00.000000 -3378.235585267 -5515.745495576 -1835.188984989 -1.85148195682 -1.29831821956 7.35650244307
2024-06-15T07:03:00.000000 -3481.256189254 -5580.552733333 -1389.799268800 -1.58115905659 -0.86102906148 7.48396787477
2024-06-15T07:04:00.000000 -3567.822077374 -5618.982538425 -937.821261905 -1.30320774319 -0.41941861273 7.57601788516
2024-06-15T07:05:00.000000 -3637.514857263 -5630.838542642 -481.395139560 -1.01894450714 0.02441251208 7.63217279492
2024-06-15T07:06:00.000000 -3689.996169899 -5616.050959804 -22.684676208 -0.72971977643 0.46834730070 7.65212610435
2024-06-15T07:07:00.000000 -3725.009551921 -5574.677253740 436.133239741 -0.43691178880 0.91026294722 7.63574773715
2024-06-15T07:08:00.000000 -3742.381875439 -5506.902131836 892.879272406 -0.14191874287 1.34804290957 7.58308633062
2024-06-15T07:09:00.000000 -3742.024298063 -5413.036803913 1345.382358618 0.15384930192 1.77958887290 7.49436872515
2024-06-15T07:10:00.000000 -3723.932757043 -5293.517566028 1791.490329463 0.44897748779 2.20283111458 7.36999744801
2024-06-15T07:11:00.000000 -3688.188067331 -5148.903812385 2229.080414760 0.74205265119 2.61573802072 7.21055004563
2024-06-15T07:12:00.000000 -3634.955574862 -4979.875361319 2656.069688519 1.03167153420 3.01632895399 7.01677585435
2024-06-15T07:13:00.000000 -3564.484366333 -4787.229137788 3070.425184246 1.31644702603 3.40268216473 6.78959047951
2024-06-15T07:14:00.000000 -3477.106098433 -4571.875376746 3470.173806982 1.59501521936 3.77294429365 6.53007342323
2024-06-15T07:15:00.000000 -3373.233375064 -4334.833179702 3853.412017531 1.86604293318 4.12534154790 6.23946256549
2024-06-15T07:16:00.000000 -3253.357684458 -4077.225436624 4218.315118809 2.12823528347 4.45818978092 5.91914651515
2024-06-15T07:17:00.000000 -3118.046874554 -3800.273196783 4563.145966825 2.38034249455 4.76990179346 5.57065325283
2024-06-15T07:18:00.000000 -2967.942363419 -3505.289741414 4886.263103047 2.62116271870 5.05899154581 5.19564395424
2024-06-15T07:19:00.000000 -2803.756050591 -3193.674253553 5186.128592460 2.84954976694 5.32408292516 4.79590602194
2024-06-15T07:20:00.000000 -2626.266828360 -2866.905085107 5461.315238181 3.06441712052 5.56391354527 4.37334242723
2024-06-15T07:21:00.000000 -2436.316870670 -2526.532772730 5710.513382378 3.26474326526 5.77734136357 3.92996701404
2024-06-15T07:22:00.000000 -2234.807493041 -2174.172521324 5932.537195451 3.44957875052 5.96335336905 3.46789023687
2024-06-15T07:23:00.000000 -2022.694863516 -1811.496433919 6126.330082236 3.61804495668 6.12106684345 2.98930965392
2024-06-15T07:24:00.000000 -1800.985505567 -1440.225460981 6290.969759971 3.76934350779 6.24973692352 2.49650159553
2024-06-15T07:25:00.000000 -1570.731332167 -1062.121064300 6425.672466446 3.90276046303 6.34875834409 1.99180454798
2024-06-15T07:26:00.000000 -1333.024513742 -678.976925006 6529.796230752 4.01766698441 6.41766117529 1.47760545042
2024-06-15T07:27:00.000000 -1088.992466377 -292.610823990 6602.843737666 4.11351790625 6.45611381865 0.95633836230
2024-06-15T07:28:00.000000 -839.792652827 95.143889601 6644.464828851 4.18985745717 6.46392904362 0.43047169301
2024-06-15T07:29:00.000000 -586.607156176 482.446950074 6654.458123464 4.24632083353 6.44106346825 -0.09750548593
2024-06-15T07:30:00.000000 -330.637189827 867.459787234 6632.771962792 4.28263549358 6.38761668837 -0.62509301776
2024-06-15T07:31:00.000000 -73.097504449 1248.354078222 6579.504805922 4.29862304811 6.30383122281 -1.14978866395
2024-06-15T07:32:00.000000 184.789333576 1623.320449019 6494.904969463 4.29420160026 6.19009592929 -1.66910298273
2024-06-15T07:33:00.000000 441.798701989 1990.577032782 6379.369359174 4.26938412073 6.04693757655 -2.18057268344
2024-06-15T07:34:00.000000 696.709625558 2348.377727564 6233.441793655 4.22427960563 5.87502203654 -2.68176668333
2024-06-15T07:35:00.000000 948.310529176 2695.020448297 6057.810614462 4.15909204864 5.67514956404 -3.17029959383
2024-06-15T07:36:00.000000 1195.404931380 3028.855126337 5853.305749246 4.07412064065 5.44825405943 -3.64383939448
2024-06-15T07:37:00.000000 1436.817140083 3348.291689848 5620.895111267 3.96975910117 5.19540050423 -4.10012045907
2024-06-15T07:38:00.000000 1671.397922749 3651.807780047 5361.680297486 3.84649557965 4.91778056509 -4.53695436411
2024-06-15T07:39:00.000000 1898.030140989 3937.956222308 5076.891573090 3.70491157830 4.61670784685 -4.95224268894
2024-06-15T07:40:00.000000 2115.634227019 4205.372175645 4767.882010938 3.54567606198 4.29361114773 -5.34399284535
2024-06-15T07:41:00.000000 2323.173181267 4452.779630401 4436.120902494 3.36953877266 3.95002129594 -5.71032291099
2024-06-15T07:42:00.000000 2519.657415781 4678.997455188 4083.187263464 3.17733148541 3.58757148057 -6.04945690510
2024-06-15T07:43:00.000000 2704.149967577 4882.945767724 3710.763093603 2.96997701815 3.20800213408 -6.35974563243
2024-06-15T07:44:00.000000 2875.771605332 5063.651726683 3320.624632549 2.74847197691 2.81313610624 -6.63969658144
2024-06-15T07:45:00.000000 3033.704733544 5220.254018965 2914.633361110 2.51387566660 2.40486830453 -6.88795952117
2024-06-15T07:46:00.000000 3177.197387560 5352.007148755 2494.727401351 2.26731665456 1.98516374913 -7.10333255207
2024-06-15T07:47:00.000000 3305.567280852 5458.285387708 2062.912111033 2.00998674338 1.55604666306 -7.28477834403
2024-06-15T07:48:00.000000 3418.205204948 5538.585870431 1621.250029689 1.74312874721 1.11958692676 -7.43142834881
2024-06-15T07:49:00.000000 3514.577928041 5592.531092418 1171.850689264 1.46803211907 0.67789171838 -7.54258527842
2024-06-15T07:50:00.000000 3594.230905634 5619.870821612 716.860194539 1.18602895533 0.23309432102 -7.61772832398
2024-06-15T07:51:00.000000 3656.790570486 5620.483314997 258.450467802 0.89848477808 -0.21265807647 -7.65651852055
2024-06-15T07:52:00.000000 3701.965997455 5594.375690653 -201.191662701 0.60678740826 -0.65721853274 -7.65879640683
2024-06-15T07:53:00.000000 3729.550171858 5541.683769098 -659.875142009 0.31234582572 -1.09844609699 -7.62458250646
2024-06-15T07:54:00.000000 3739.420977464 5462.671171530 -1115.415668732 0.01657853169 -1.53422386265 -7.55407966793
2024-06-15T07:55:00.000000 3731.541532032 5357.727684491 -1565.646395580 -0.27909220139 -1.96246423181 -7.44766754136
2024-06-15T07:56:00.000000 3705.960186216 5227.367109551 -2008.428625319 -0.57324970517 -2.38112415373 -7.30590344469
2024-06-15T07:57:00.000000 3662.809931542 5072.224220015 -2441.662147979 -0.86448951324 -2.78821423447 -7.12951207988
2024-06-15T07:58:00.000000 3602.307556030 4893.051435038 -2863.295296817 -1.15142473441 -3.18180529978 -6.91938691118
2024-06-15T07:59:00.000000 3524.752284552 4690.714717172 -3271.334820013 -1.43269475746 -3.56004202272 -6.67657919256
2024-06-15T08:00:00.000000 3430.524149440 4466.189152541 -3663.855209421 -1.70696805005 -3.92114391433 -6.40229715614
2024-06-15T08:01:00.000000 3320.081864036 4220.553942107 -4039.008125469 -1.97295564124 -4.26342462045 -6.09790158867
2024-06-15T08:02:00.000000 3193.960067570 3954.986366073 -4395.030863199 -2.22941495244 -4.58530002314 -5.76488358766
2024-06-15T08:03:00.000000 3052.766593523 3670.755841883 -4730.254033467 -2.47515007350 -4.88528411081 -5.40486358425
2024-06-15T08:04:00.000000 2897.179352075 3369.217678460 -5043.109243097 -2.70902251783 -5.16200172898 -5.01958462084
2024-06-15T08:05:00.000000 2727.942744295 3051.806240665 -5332.135950801 -2.92995433544 -5.41419282359 -4.61089715696
2024-06-15T08:06:00.000000 2545.864006880 2720.028039300 -5595.987731644 -3.13692987959 -5.64071324308 -4.18075447519
2024-06-15T08:07:00.000000 2351.809221516 2375.454512686 -5833.438287486 -3.32900461911 -5.84054480324 -3.73120415578
2024-06-15T08:08:00.000000 2146.698972321 2019.714350444 -6043.386500705 -3.50530585104 -6.01279618300 -3.26436990837
2024-06-15T08:09:00.000000 1931.504001137 1654.485949700 -6224.860887198 -3.66503569453 -6.15670303822 -2.78244807368
2024-06-15T08:10:00.000000 1707.240541720 1281.489619017 -6377.023587799 -3.80747538938 -6.27163252147 -2.28769374479
2024-06-15T08:11:00.000000 1474.965679061 902.479765764 -6499.173554535 -3.93198148519 -6.35708051267 -1.78241224371
2024-06-15T08:12:00.000000 1235.772732351 519.237070722 -6590.749607299 -4.03799226685 -6.41267754896 -1.26895891884
2024-06-15T08:13:00.000000 990.786008796 133.560179539 -6651.332829019 -4.12503572168 -6.43819299881 -0.74971645793
2024-06-15T08:14:00.000000 741.155617036 -252.742402117 -6680.647791513 -4.19272335537 -6.43352851973 -0.22708500859
2024-06-15T08:15:00.000000 488.052452677 -637.860264861 -6678.563526668 -4.24075163165 -6.39871957395 0.29652180728
2024-06-15T08:16:00.000000 232.663001675 -1019.989128256 -6645.093951793 -4.26890383510 -6.33393391211 0.81868959089
2024-06-15T08:17:00.000000 -23.815872609 -1397.338718759 -6580.397803397 -4.27705233183 -6.23947187625 1.33700687742
2024-06-15T08:18:00.000000 -280.182400738 -1768.140783854 -6484.777999366 -4.26515982241 -6.11576574547 1.84908104396
2024-06-15T08:19:00.000000 -535.235177942 -2130.656919586 -6358.680357375 -4.23327675227 -5.96337951831 2.35254282774
2024-06-15T08:20:00.000000 -787.778571003 -2483.186504781 -6202.691708216 -4.18154453385 -5.78300622516 2.84506359961
2024-06-15T08:21:00.000000 -1036.628045343 -2824.074135146 -6017.537249517 -4.11019136182 -5.57546054402 3.32435995433
2024-06-15T08:22:00.000000 -1280.615351628 -3151.717016902 -5804.077657240 -4.01953199616 -5.34168121251 3.78820118585
2024-06-15T08:23:00.000000 -1518.593752422 -3464.572320309 -5563.305624211 -3.90996892173 -5.08272780809 4.23441898377
2024-06-15T08:24:00.000000 -1749.443301175 -3761.164355210 -5296.341818312 -3.78199272088 -4.79977831176 4.66091769263
2024-06-15T08:25:00.000000 -1972.076107772 -4040.091569059 -5004.430157599 -3.63618068708 -4.49412493599 5.06568672268
2024-06-15T08:26:00.000000 -2185.441406200 -4300.033192275 -4688.932395984 -3.47319248872 -4.16716722504 5.44680991338
2024-06-15T08:27:00.000000 -2388.530443308 -4539.755525112 -4351.322243601 -3.29376875279 -3.82040720890 5.80247304464
2024-06-15T08:28:00.000000 -2580.381281989 -4758.117938569 -3993.178967139 -3.09872882256 -3.45544429476 6.13097338982
2024-06-15T08:29:00.000000 -2760.083432019 -4954.078533163 -3616.180417224 -2.88896781908 -3.07396879670 6.43072898425
2024-06-15T08:30:00.000000 -2926.782312278 -5126.699374598 -3222.095542020 -2.66545373161 -2.67775489399 6.70028655835
2024-06-15T08:31:00.000000 -3079.683519198 -5275.151320683 -2812.776390702 -2.42922374648 -2.26865322432 6.93833097879
2024-06-15T08:32:00.000000 -3218.056821322 -5398.718318856 -2390.149569705 -2.18137862510 -1.84858138898 7.14369318965
2024-06-15T08:33:00.000000 -3341.239781270 -5496.801176258 -1956.207307578 -1.92307670834 -1.41951564367 7.31535560040
2024-06-15T08:34:00.000000 -3448.641131344 -5568.920822385 -1512.998220105 -1.65553170230 -0.98348261511 7.45245756190
2024-06-15T08:35:00.000000 -3539.743946675 -5614.721065366 -1062.617598458 -1.38000606429 -0.54254921782 7.55430512199
2024-06-15T08:36:00.000000 -3614.108278762 -5633.970594548 -607.197331792 -1.09780265558 -0.09880981288 7.62037207921
2024-06-15T08:37:00.000000 -3671.373482007 -5626.564400823 -148.895781978 -0.81026107920 0.34562140765 7.65030324150
2024-06-15T08:38:00.000000 -3711.260222146 -5592.524655439 310.112631311 -0.51875093137 0.78862120849 7.64391905411
2024-06-15T08:39:00.000000 -3733.572053361 -5532.000917802 767.648044728 -0.22466428038 1.22806834950 7.60121788398
2024-06-15T08:40:00.000000 -3738.196535126 -5445.269674210 1221.535876173 0.07059221168 1.66185534629 7.52237759573
2024-06-15T08:41:00.000000 -3725.105845118 -5332.733117747 1669.617583958 0.36560594313 2.08790156433 7.40775450320
2024-06-15T08:42:00.000000 -3694.356890334 -5194.917184103 2109.761254958 0.65896648417 2.50416444093 7.25787889511
2024-06-15T08:43:00.000000 -3646.091025948 -5032.469024712 2539.871861362 0.94926932636 2.90864704957 7.07344953961
2024-06-15T08:44:00.000000 -3580.533620376 -4846.154060512 2957.901411032 1.23512057812 3.29940581778 6.85533641543
2024-06-15T08:45:00.000000 -3497.993009206 -4636.852375367 3361.859231919 1.51515025333 3.67456481834 6.60457862249
2024-06-15T08:46:00.000000 -3398.858817841 -4405.554257343 3749.821805979 1.78801969328 4.03232795449 6.32237378175
2024-06-15T08:47:00.000000 -3283.599931680 -4153.355181575 4119.941988467 2.05242626701 4.37098617548 6.01006876462
2024-06-15T08:48:00.000000 -3152.762180119 -3881.450405669 4470.457742795 2.30710873506 4.68892329857 5.66915263180
2024-06-15T08:49:00.000000 -3006.965672726 -3591.129203820 4799.700501326 2.55085345490 4.98462303150 5.30125062313
2024-06-15T08:50:00.000000 -2846.901779987 -3283.768664505 5106.103070836 2.78249926159 5.25667517150 4.90811538334
2024-06-15T08:51:00.000000 -2673.329858837 -2960.827163446 5388.207145341 3.00094264074 5.50378285601 4.49162335607
2024-06-15T08:52:00.000000 -2487.073508497 -2623.837147357 5644.670332712 3.20514578951 5.72477320831 4.05375817811
2024-06-15T08:53:00.000000 -2289.016647405 -2274.397792132 5874.272330648 3.39413728227 5.91859717931 3.59660592748
2024-06-15T08:54:00.000000 -2080.099239642 -1914.167234258 6075.920752580 3.56702115975 6.08433827017 3.12234154567
2024-06-15T08:55:00.000000 -1861.312671880 -1544.854617540 6248.656056758 3.72297964318 6.22121300040 2.63321653976
2024-06-15T08:56:00.000000 -1633.694971223 -1168.212069631 6391.655871992 3.86127638838 6.32857257629 2.13155029540
2024-06-15T08:57:00.000000 -1398.325867737 -786.026498311 6504.238790383 3.98125784164 6.40590734250 1.61972043855
2024-06-15T08:58:00.000000 -1156.321762737 -400.111143161 6585.867500775 4.08235560432 6.45284904515 1.10015061589
2024-06-15T08:59:00.000000 -908.830523316 -12.297106352 6636.151259816 4.16409007723 6.46917099369 0.57530123926
2024-06-15T09:00:00.000000 -657.026053773 375.575232546 6654.847712039 4.22607250263 6.45479045423 0.04765560517
2024-06-15T09:01:00.000000 -402.102891543 761.664787019 6641.863960362 4.26800461747 6.40976661054 -0.48028848145
2024-06-15T09:02:00.000000 -145.270652829 1144.138326277 6597.257190005 4.28968225011 6.33430268338 -1.00602816022
2024-06-15T09:03:00.000000 112.251625559 1521.179178083 6521.234549722 4.29099542964 6.22874689545 -1.52707007488
2024-06-15T09:04:00.000000 369.241160481 1890.995800319 6414.152196995 4.27192984254 6.09358802087 -2.04094222897
2024-06-15T09:05:00.000000 624.477190288 2251.830134061 6276.513724561 4.23256660591 5.92945335153 -2.54520370767
2024-06-15T09:06:00.000000 876.746641228 2601.965864175 6108.968006099 4.17308103713 5.73710641887 -3.03745396641
2024-06-15T09:07:00.000000 1124.849866116 2939.736578215 5912.306531195 4.09374624047 5.51744746816 -3.51534248852
2024-06-15T09:08:00.000000 1367.606535410 3263.533869927 5687.459845262 3.99493180442 5.27150819400 -3.97658669528
2024-06-15T09:09:00.000000 1603.861258239 3571.814999893 5435.493184004 3.87709908932 5.00044486169 -4.41898078476
2024-06-15T09:10:00.000000 1832.489030624 3863.110246641 5157.601662186 3.74079959198 4.70553507212 -4.84040266925
2024-06-15T09:11:00.000000 2052.400616787 4136.030083152 4855.104903947 3.58667339104 4.38817286350 -5.23882581442
2024-06-15T09:12:00.000000 2262.547780803 4389.272013119 4529.441084421 3.41544719808 4.04986527125 -5.61232674591
2024-06-15T09:13:00.000000 2461.928522200 4621.627241658 4182.160417531 3.22793617574 3.69222746574 -5.95909611965
2024-06-15T09:14:00.000000 2649.592424114 4831.986938506 3814.917739581 3.02504213250 3.31697354031 -6.27746107453
2024-06-15T09:15:00.000000 2824.645185882 5019.347564425 3429.463859071 2.80773127105 2.92589751828 -6.56589145559
2024-06-15T09:16:00.000000 2986.252607321 5182.815675157 3027.637522511 2.57704399436 2.52087551522 -6.82298927407
2024-06-15T09:17:00.000000 3133.645094613 5321.612649030 2611.356771865 2.33409033103 2.10385659310 -7.04751120529
2024-06-15T09:18:00.000000 3266.121522661 5435.078692003 2182.609495172 2.08004257277 1.67685096026 -7.23837289536
2024-06-15T09:19:00.000000 3383.052898340 5522.676259291 1743.443639889 1.81613077406 1.24192103332 -7.39465953307
2024-06-15T09:20:00.000000 3483.885380542 5583.992652213 1295.956801639 1.54362877662 0.80116391997 -7.51562935234
2024-06-15T09:21:00.000000 3568.142863752 5618.741894288 842.285986523 1.26385353218 0.35670568873 -7.60071168972
2024-06-15T09:22:00.000000 3635.429379091 5626.766233759 384.597136129 0.97815817878 -0.08930715208 -7.64951336669
2024-06-15T09:23:00.000000 3685.431086751 5608.037041383 -74.925726274 0.68792522666 -0.53472026611 -7.66182638167
2024-06-15T09:24:00.000000 3717.917631716 5562.654706518 -534.091601577 0.39455410530 -0.97738873164 -7.63762428230
2024-06-15T09:25:00.000000 3732.743058931 5490.847813819 -990.713291935 0.09945721477 -1.41518702593 -7.57706031125
2024-06-15T09:26:00.000000 3729.846372654 5392.971638807 -1442.618039210 -0.19594591906 -1.84601789449 -7.48046238778
2024-06-15T09:27:00.000000 3709.251840132 5269.506250562 -1887.658119134 -0.49023489428 -2.26782131630 -7.34833750117
2024-06-15T09:28:00.000000 3671.068653682 5121.053819234 -2323.721538593 -0.78200097760 -2.67858977141 -7.18136791771
2024-06-15T09:29:00.000000 3615.490027470 4948.335169135 -2748.742211397 -1.06985266726 -3.07637594629 -6.98040097060
2024-06-15T09:30:00.000000 3542.791989757 4752.186001143 -3160.709827073 -1.35242255417 -3.45929997558 -6.74644786518
2024-06-15T09:31:00.000000 3453.331716502 4533.552485262 -3557.679500079 -1.62837392487 -3.82556134174 -6.48067694583
2024-06-15T09:32:00.000000 3347.545502790 4293.486186396 -3937.780951791 -1.89640759083 -4.17344860256 -6.18440524988
2024-06-15T09:33:00.000000 3225.946292488 4033.138515042 -4299.227155807 -2.15526849849 -4.50134616055 -5.85908919662
2024-06-15T09:34:00.000000 3089.120906057 3753.754781511 -4640.322414951 -2.40375002336 -4.80774049582 -5.50631513452
2024-06-15T09:35:00.000000 2937.726976867 3456.667938086 -4959.469901811 -2.64069923074 -5.09122454442 -5.12779136963
2024-06-15T09:36:00.000000 2772.489553505 3143.291998413 -5255.178752140 -2.86502274326 -5.35050433728 -4.72533965140
2024-06-15T09:37:00.000000 2594.197429311 2815.115144064 -5526.070530711 -3.07568933286 -5.58440182264 -4.30088484075
2024-06-15T09:38:00.000000 2403.699319154 2473.692640758 -5770.885277401 -3.27173416146 -5.79186057781 -3.85645001482
2024-06-15T09:39:00.000000 2201.899629852 2120.639285492 -5988.487026423 -3.45226647456 -5.97195306675 -3.39414207322
2024-06-15T09:40:00.000000 1989.753975651 1757.621674060 -6177.868341231 -3.61646963134 -6.12387986335 -2.91613712853
2024-06-15T09:41:00.000000 1768.264731175 1386.350501968 -6338.154294270 -3.76360248658 -6.24697085793 -2.42467454328
2024-06-15T09:42:00.000000 1538.476413630 1008.572788452 -6468.605975252 -3.89300116526 -6.34068556738 -1.92204802813
2024-06-15T09:43:00.000000 1301.471016041 626.063962283 -6568.623587043 -4.00408154704 -6.40461835674 -1.41059918819
2024-06-15T09:44:00.000000 1058.362990025 240.619704603 -6637.748946008 -4.09634672934 -6.43849969013 -0.89270423881
2024-06-15T09:45:00.000000 810.293987092 -145.952168559 -6675.667075199 -4.16938572805 -6.44219393327 -0.37075893968
2024-06-15T09:46:00.000000 558.427834446 -531.839698651 -6682.207213267 -4.22287093334 -6.41569891870 0.15282650855
2024-06-15T09:47:00.000000 303.945448315 -915.234745519 -6657.343448066 -4.25656061256 -6.35914407141 0.67563427426
2024-06-15T09:48:00.000000 48.039553381 -1294.341041850 -6601.194970421 -4.27030354873 -6.27279611928 1.19524919496
2024-06-15T09:49:00.000000 -208.090731967 -1667.382260817 -6514.025378690 -4.26403726782 -6.15705173924 1.70927297457
2024-06-15T09:50:00.000000 -463.245229559 -2032.609831564 -6396.241587408 -4.23778939019 -6.01244063650 2.21532961702
2024-06-15T09:51:00.000000 -716.228065420 -2388.310869739 -6248.391920546 -4.19167473616 -5.83962023561 2.71108262115
2024-06-15T09:52:00.000000 -965.852826888 -2732.815589407 -6071.163719884 -4.12589446569 -5.63937047360 3.19423493294
2024-06-15T09:53:00.000000 -1210.947817833 -3064.504756410 -5865.380754479 -4.04073802355 -5.41259640320 3.66253791713
2024-06-15T09:54:00.000000 -1450.361388606 -3381.817182601 -5631.999969092 -3.93658447192 -5.16032746543 4.11380349376
2024-06-15T09:55:00.000000 -1682.967299665 -3683.257023412 -5372.107414027 -3.81390098914 -4.88371085578 4.54591777665
2024-06-15T09:56:00.000000 -1907.669887362 -3967.400658699 -5086.913583213 -3.67323928756 -4.58400656989 4.95684767673
2024-06-15T09:57:00.000000 -2123.409103139 -4232.903386136 -4777.748315828 -3.51523479833 -4.26258447544 5.34464983807
2024-06-15T09:58:00.000000 -2329.165493716 -4478.505848372 -4446.055087839 -3.34060437129 -3.92091837628 5.70748119552
2024-06-15T09:59:00.000000 -2523.964957926 -4703.040130024 -4093.384784568 -3.15014312788 -3.56058225496 6.04360603648
2024-06-15T10:00:00.000000 -2706.883472501 -4905.435597945 -3721.388906570 -2.94472446842 -3.18324303462 6.35140788468
2024-06-15T10:01:00.000000 -2877.051630318 -5084.724252209 -3331.812189649 -2.72529501779 -2.79065430679 6.62939672355
2024-06-15T10:02:00.000000 -3033.658965249 -5240.045706999 -2926.484737012 -2.49287224693 -2.38464746377 6.87621842450
2024-06-15T10:03:00.000000 -3175.958040544 -5370.651543386 -2507.313628776 -2.24853826140 -1.96712233137 7.09066276779
2024-06-15T10:04:00.000000 -3303.268043184 -5475.909205308 -2076.274071608 -1.99343075624 -1.54004034554 7.27166865331
2024-06-15T10:05:00.000000 -3414.978186297 -5555.305633323 -1635.400442629 -1.72874771725 -1.10542199266 7.41832768712
2024-06-15T10:06:00.000000 -3510.551250897 -5608.450335070 -1186.776589103 -1.45574009541 -0.66532920430 7.52990039852
2024-06-15T10:07:00.000000 -3589.526312424 -5635.077461717 -732.525611506 -1.17569940048 -0.22185314662 7.60581799983
2024-06-15T10:08:00.000000 -3651.521041058 -5635.047220868 -274.799607615 -0.88995284749 0.22289704798 7.64568230847
2024-06-15T10:09:00.000000 -3696.233679946 -5608.346748963 184.230531304 -0.59985845502 0.66680050636 7.64926579216
2024-06-15T10:10:00.000000 -3723.444762941 -5555.090568277 642.385532909 -0.30679996290 1.10773398531 7.61651756800
2024-06-15T10:11:00.000000 -3733.018395311 -5475.520320763 1097.488447868 -0.01217776989 1.54358564156 7.54756563440
2024-06-15T10:12:00.000000 -3724.903004191 -5370.003756381 1547.375315614 0.28259892690 1.97226514666 7.44271493626
2024-06-15T10:13:00.000000 -3699.131660614 -5239.033127568 1989.905780388 0.57611895901 2.39171490015 7.30244704008
2024-06-15T10:14:00.000000 -3655.821992637 -5083.222870367 2422.973607217 0.86697618761 2.79992132129 7.12741714020
2024-06-15T10:15:00.000000 -3595.175675872 -4903.306680198 2844.517008401 1.15377629644 3.19492445755 6.91845147518
2024-06-15T10:16:00.000000 -3517.477454284 -4700.133915602 3252.528828512 1.43514635386 3.57483101975 6.67654315460
2024-06-15T10:17:00.000000 -3423.093671444 -4474.665325581 3645.066239102 1.70973968518 3.93782193177 6.40284265708
2024-06-15T10:18:00.000000 -3312.470519324 -4227.968411199 4020.260110669 1.97624293382 4.28215952688 6.09865529884
2024-06-15T10:19:00.000000 -3186.131812698 -3961.212224519 4376.324113137 2.23338315157 4.60619839667 5.76543434522
2024-06-15T10:20:00.000000 -3044.676349407 -3675.661544149 4711.563278094 2.47993468156 4.90839373813 5.40477002417
2024-06-15T10:21:00.000000 -2888.774939236 -3372.670714847 5024.381950495 2.71472358662 5.18730589116 5.01838145763
2024-06-15T10:22:00.000000 -2719.167185125 -3053.677135811 5313.291303379 2.93663136513 5.44160692992 4.60810936390
2024-06-15T10:23:00.000000 -2536.657938481 -2720.194385755 5576.916472573 3.14460322606 5.67008727467 4.17591033685
2024-06-15T10:24:00.000000 -2342.113297570 -2373.804824729 5814.003062101 3.33765260276 5.87166347967 3.72384054475
2024-06-15T10:25:00.000000 -2136.456406152 -2016.152118063 6023.422873302 3.51486535040 6.04537678408 3.25405022369
2024-06-15T10:26:00.000000 -1920.663039103 -1648.933429862 6204.179315156 3.67540164259 6.19040377954 2.76877359232
2024-06-15T10:27:00.000000 -1695.756989059 -1273.891175968 6355.412036029 3.81850176069 6.30605980931 2.27031543458
2024-06-15T10:28:00.000000 -1462.805124337 -892.804685505 6476.400744707 3.94348983199 6.39179880172 1.76103773451
2024-06-15T10:29:00.000000 -1222.912348171 -507.481914358 6566.568351883 4.04977379948 6.44721280946 1.24335094602
2024-06-15T10:30:00.000000 -977.216506952 -119.751048143 6625.483702925 4.13684895681 6.47203657705 0.71970699583
2024-06-15T10:31:00.000000 -726.882980799 268.548122678 6652.863567479 4.20430175844 6.46614751413 0.19258258386
2024-06-15T10:32:00.000000 -473.099269190 655.572688082 6648.573895967 4.25180896982 6.42956500370 -0.33552741055
2024-06-15T10:33:00.000000 -217.069482339 1039.485241214 6612.630601500 4.27914038401 6.36245306689 -0.86212147920
2024-06-15T10:34:00.000000 39.991273060 1418.462507420 6545.199571441 4.28615984320 6.26511853562 -1.38470353909
2024-06-15T10:35:00.000000 296.862576638 1790.703900706 6446.596003419 4.27282630300 6.13801033057 -1.90079512526
2024-06-15T10:36:00.000000 552.324358563 2154.439928879 6317.283026778 4.23919241171 5.98171595612 -2.40794427123
2024-06-15T10:37:00.000000 805.162578241 2507.940564115 6157.869907030 4.18540743577 5.79696354365 -2.90373447119
2024-06-15T10:38:00.000000 1054.175105853 2849.523601971 5969.109370021 4.11171819185 5.58461777853 -3.38580278272
2024-06-15T10:39:00.000000 1298.177393243 3177.562629415 5751.894093009 4.01846384584 5.34567305140 -3.85184730857
2024-06-15T10:40:00.000000 1536.008101265 3490.494793328 5507.252881278 3.90607924942 5.08125367749 -4.29963538784
2024-06-15T10:41:00.000000 1766.534770263 3786.828451710 5236.345952629 3.77509086635 4.79260720921 -4.72702112268
2024-06-15T10:42:00.000000 1988.659165726 4065.150333290 4940.459535282 3.62611347834 4.48109828027 -5.13195098221
2024-06-15T10:43:00.000000 2201.322627481 4324.132495948 4621.000022929 3.45985110694 4.14820534250 -5.51247534817
2024-06-15T10:44:00.000000 2403.511354068 4562.538865621 4279.487377216 3.27709402530 3.79551041405 -5.86675927668
2024-06-15T10:45:00.000000 2594.261359597 4779.231334324 3917.548115702 3.07871209398 3.42469813413 -6.19308781268
2024-06-15T10:46:00.000000 2772.663239258 4973.175789445 3536.907541668 2.86565425873 3.03754542337 -6.48988549378
2024-06-15T10:47:00.000000 2937.866763539 5143.447028880 3139.381382585 2.63894351793 2.63590826261 -6.75571249469
2024-06-15T10:48:00.000000 3089.085207374 5289.233838795 2726.867206369 2.39967191406 2.22172539132 -6.98928631113
2024-06-15T10:49:00.000000 3225.599153335 5409.842963376 2301.334646984 2.14899020629 1.79698875675 -7.18948445058
2024-06-15T10:50:00.000000 3346.759950137 5504.702312048 1864.815954555 1.88810622037 1.36374471722 -7.35534428215
2024-06-15T10:51:00.000000 3451.993030051 5573.363942898 1419.396063030 1.61828021215 0.92408247884 -7.48607318682
2024-06-15T10:52:00.000000 3540.800795686 5615.506268803 967.202324751 1.34081637073 0.48012395395 -7.58105037634
2024-06-15T10:53:00.000000 3612.765062397 5630.935822080 510.394049288 1.05705727098 0.03401610427 -7.63983240344
2024-06-15T10:54:00.000000 3667.549279844 5619.588335251 51.151576867 0.76837905705 -0.41208563954 -7.66216326905
2024-06-15T10:55:00.000000 3704.900006060 5581.528569093 -408.334863421 0.47617439250 -0.85603628575 -7.64796602907
2024-06-15T10:56:00.000000 3724.647862528 5516.949737546 -865.875656917 0.18185276918 -1.29570004051 -7.59734047454
2024-06-15T10:57:00.000000 3726.708367100 5426.172542399 -1319.292704273 -0.11316747926 -1.72896614346 -7.51057008011
2024-06-15T10:58:00.000000 3711.082133698 5309.643232770 -1766.430290957 -0.40746957224 -2.15376226309 -7.38811661510
2024-06-15T10:59:00.000000 3677.854562683 5167.930986633 -2205.165604391 -0.69964489838 -2.56806444958 -7.23061412901
2024-06-15T11:00:00.000000 3627.195189943 5001.724762659 -2633.418964967 -0.98829876991 -2.96990579562 -7.03886604629
2024-06-15T11:01:00.000000 3559.356611286 4811.829523147 -3049.163859163 -1.27205853863 -3.35738799205 -6.81383963398
2024-06-15T11:02:00.000000 3474.672948287 4599.161900501 -3450.436538241 -1.54958038401 -3.72868824446 -6.55665911299
2024-06-15T11:03:00.000000 3373.557909963 4364.745389185 -3835.345272796 -1.81955637381 -4.08206877127 -6.26859936086
2024-06-15T11:04:00.000000 3256.502454326 4109.705027295 -4202.079129471 -2.08072035848 -4.41588359957 -5.95107750321
2024-06-15T11:05:00.000000 3124.072131464 3835.261678789 -4548.916290464 -2.33185286320 -4.72858594932 -5.60564568339
2024-06-15T11:06:00.000000 2976.904128528 3542.725830082 -4874.231900639 -2.57178641602 -5.01873628085 -5.23398220200
2024-06-15T11:07:00.000000 2815.703979530 3233.490966064 -5176.505334645 -2.79941115934 -5.28500851105 -4.83788123033
2024-06-15T11:08:00.000000 2641.241955691 2909.026625901 -5454.326807723 -3.01367970552 -5.52619371557 -4.41924153065
2024-06-15T11:09:00.000000 2454.349224764 2570.871318192 -5706.403413610 -3.21361017479 -5.74120339863 -3.98005910192
2024-06-15T11:10:00.000000 2255.913780588 2220.625087840 -5931.564563775 -3.39829076435 -5.92907354571 -3.52241287971
2024-06-15T11:11:00.000000 2046.876150924 1859.942192571 -6128.766854508 -3.56688307960 -6.08896327306 -3.04846357841
2024-06-15T11:12:00.000000 1828.224839901 1490.523322490 -6297.098653228 -3.71862648937 -6.22016590737 -2.56043907874
2024-06-15T11:13:00.000000 1600.991654172 1114.107607502 -6435.783650272 -3.85283851808 -6.32210688901 -2.06062114179
2024-06-15T11:14:00.000000 1366.246973153 732.464676740 -6544.183802530 -3.96891547305 -6.39434322927 -1.55133567618
2024-06-15T11:15:00.000000 1125.094976593 347.386778868 -6621.801945765 -4.06633637109 -6.43656617070 -1.03495134527
2024-06-15T11:16:00.000000 878.668473388 -39.319476034 -6668.283791653 -4.14466681285 -6.44860414007 -0.51385892860
2024-06-15T11:17:00.000000 628.123851986 -425.841109277 -6683.418975974 -4.20355544332 -6.43041607594 0.00953489585
2024-06-15T11:18:00.000000 374.636023872 -810.366656261 -6667.141993726 -4.24273692670 -6.38209528985 0.53280951899
2024-06-15T11:19:00.000000 119.393132628 -1191.094432949 -6619.532552362 -4.26203574574 -6.30387317015 1.05354864758
2024-06-15T11:20:00.000000 -136.408815739 -1566.240549514 -6540.814928021 -4.26136500802 -6.19611116061 1.56934983318
2024-06-15T11:21:00.000000 -391.571239891 -1934.046762201 -6431.356994261 -4.24072579667 -6.05930293043 2.07783107948
2024-06-15T11:22:00.000000 -644.898261739 -2292.788336800 -6291.668607514 -4.20020700003 -5.89407068604 2.57664310855
2024-06-15T11:23:00.000000 -895.201961514 -2640.781636357 -6122.399437163 -4.13998525559 -5.70116205066 3.06347592623
2024-06-15T11:24:00.000000 -1141.307688991 -2976.391596804 -5924.336390411 -4.06032634332 -5.48144846238 3.53606594397
2024-06-15T11:25:00.000000 -1382.059419244 -3298.039232832 -5698.400537008 -3.96158514145 -5.23592785571 3.99220784080
2024-06-15T11:26:00.000000 -1616.325031176 -3604.209053736 -5445.643086734 -3.84420289288 -4.96571655408 4.42977041751
2024-06-15T11:27:00.000000 -1843.001362204 -3893.455869846 -5167.240832929 -3.70870336594 -4.67204173327 4.84669828820
2024-06-15T11:28:00.000000 -2061.019228779 -4164.411564621 -4864.491515984 -3.55569626584 -4.35624555834 5.24101843692
2024-06-15T11:29:00.000000 -2269.348593972 -4415.791839464 -4538.808313179 -3.38587602615 -4.01977790985 5.61085760770
2024-06-15T11:30:00.000000 -2467.003561639 -4646.402400499 -4191.713577243 -3.20001864961 -3.66418761110 5.95445177846
2024-06-15T11:31:00.000000 -2653.047066357 -4855.144667790 -3824.832066417 -2.99897553282 -3.29111603984 6.27015183133
2024-06-15T11:32:00.000000 -2826.595384166 -5041.021257078 -3439.883835394 -2.78367268130 -2.90229379281 6.55643244706
2024-06-15T11:33:00.000000 -2986.822464949 -5203.141091438 -3038.676483970 -2.55510585939 -2.49953233060 6.81190219008
2024-06-15T11:34:00.000000 -3132.963999207 -5340.723973830 -2623.096903034 -2.31433670367 -2.08471493901 7.03531031179
2024-06-15T11:35:00.000000 -3264.321263280 -5453.104691652 -2195.102650946 -2.06248919962 -1.65978973158 7.22555337088
2024-06-15T11:36:00.000000 -3380.264739906 -5539.736624247 -1756.712862563 -1.80074517533 -1.22676007817 7.38168371538
2024-06-15T11:37:00.000000 -3480.237371752 -5600.194743933 -1309.998690501 -1.53033714972 -0.78767397915 7.50291525136
2024-06-15T11:38:00.000000 -3563.757470205 -5634.178071794 -857.073525996 -1.25254389412 -0.34461709593 7.58862788434
2024-06-15T11:39:00.000000 -3630.421239040 -5641.511572314 -400.082784241 -0.96868182337 0.10030048448 7.63837433814
2024-06-15T11:40:00.000000 -3679.904883781 -5622.147271104 58.806493269 -0.68010024219 0.54495512800 7.65188165210
2024-06-15T11:41:00.000000 -3711.966338109 -5576.164729978 517.416179305 -0.38817285761 0.98722136015 7.62905300028
2024-06-15T11:42:00.000000 -3726.446581207 -5503.770845560 973.567579342 -0.09429367437 1.42498124183 7.56996669263
2024-06-15T11:43:00.000000 -3723.270677993 -5405.299136719 1425.092084855 0.20013058480 1.85613460775 7.47488142159
2024-06-15T11:44:00.000000 -3702.448180613 -5281.208171380 1869.841966095 0.49369143567 2.27861531460 7.34423264681
2024-06-15T11:45:00.000000 -3664.073089576 -5132.079304369 2305.700739473 0.78498335174 2.69039726749 7.17862648573
2024-06-15T11:46:00.000000 -3608.323494478 -4958.614072037 2730.593461890 1.07261011037 3.08950275732 6.97884176966
2024-06-15T11:47:00.000000 -3535.460763229 -4761.630855750 3142.497029880 1.35519345384 3.47401662407 6.74582645365
2024-06-15T11:48:00.000000 -3445.828201936 -4542.060804970 3539.450117916 1.63138166743 3.84209673051 6.48069035988
2024-06-15T11:49:00.000000 -3339.849296094 -4300.943202189 3919.562637983 1.89985453909 4.19198212924 6.18469741661
2024-06-15T11:50:00.000000 -3218.025617754 -4039.420327267 4281.024804283 2.15933090395 4.52200161635 5.85925876701
2024-06-15T11:51:00.000000 -3080.934316295 -3758.731970215 4622.115728441 2.40857251278 4.83057717136 5.50592686624
2024-06-15T11:52:00.000000 -2929.225386378 -3460.209376796 4941.211797833 2.64639234628 5.11623987480 5.12638738722
2024-06-15T11:53:00.000000 -2763.618356875 -3145.268847288 5236.794171879 2.87165819404 5.37762422843 4.72244965660
2024-06-15T11:54:00.000000 -2584.898962992 -2815.404928040 5507.456287374 3.08329824313 5.61348950371 4.29604191895
2024-06-15T11:55:00.000000 -2393.915226718 -2472.182959119 5751.910340844 3.28030773846 5.82271646839 3.84919433257
2024-06-15T11:56:00.000000 -2191.573377069 -2117.231645461 5968.993272494 3.46175252903 6.00431308377 3.38403296080
2024-06-15T11:57:00.000000 -1978.833458682 -1752.235273961 6157.672220142 3.62677314530 6.15742005631 2.90277002920
2024-06-15T11:58:00.000000 -1756.704769389 -1378.925573401 6317.049293606 3.77458810649 6.28131492594 2.40769012099
2024-06-15T11:59:00.000000 -1526.241025588 -999.073522405 6446.365585156 3.90449884087 6.37541238110 1.90113938333
2024-06-15T12:00:00.000000 -1288.535353807 -614.481072750 6545.004506464 4.01589014996 6.43926531080 1.38551455434
2024-06-15T12:01:00.000000 -1044.715232147 -226.972785364 6612.494645297 4.10823326534 6.47256793376 0.86325635365
2024-06-15T12:02:00.000000 -795.937157232 161.612717341 6648.512017860 4.18108961161 6.47515728318 0.33683623082
2024-06-15T12:03:00.000000 -543.381250607 549.431339126 6652.881572644 4.23411045937 6.44701399882 -0.19125459701
2024-06-15T12:04:00.000000 -288.245805281 934.642134115 6625.578051217 4.26703928014 6.38826229581 -0.71851617216
2024-06-15T12:05:00.000000 -31.741694477 1315.415893981 6566.726180734 4.27971324300 6.29916922009 -1.24245075357
2024-06-15T12:06:00.000000 224.913238822 1689.943703115 6476.600238320 4.27206341779 6.18014405096 -1.76057234857
2024-06-15T12:07:00.000000 480.499973637 2056.445439222 6355.623006503 4.24411951127 6.03173640095 -2.27041964125
2024-06-15T12:08:00.000000 733.804106725 2413.178086779 6204.363922554 4.19600510787 5.85463424042 -2.76956650866
2024-06-15T12:09:00.000000 983.621462654 2758.444104575 6023.536646187 4.12793759003 5.64966418278 -3.25563405079
2024-06-15T12:10:00.000000 1228.763735024 3090.599542183 5813.995958012 4.04022930632 5.41778641027 -3.72629815548
2024-06-15T12:11:00.000000 1468.064285022 3408.062085333 5576.734002201 3.93328920352 5.16009310362 -4.17930805707
2024-06-15T12:12:00.000000 1700.383732147 3709.318587136 5312.875537259 3.80761686230 4.87779749942 -4.61249376472
2024-06-15T12:13:00.000000 1924.615420702 3992.932330615 5023.672894512 3.66380296680 4.57223291998 -5.02377549223
2024-06-15T12:14:00.000000 2139.690751565 4257.550029600 4710.500241155 3.50252513968 4.24484662084 -5.41117277587
2024-06-15T12:15:00.000000 2344.584390952 4501.908575432 4374.847349651 3.32454784094 3.89719632533 -5.77281481284
2024-06-15T12:16:00.000000 2538.319407218 4724.841446201 4018.312607427 3.13071884124 3.53094203355 -6.10695380391
2024-06-15T12:17:00.000000 2719.972102281 4925.284583422 3642.595397054 2.92196483618 3.14783873120 -6.41197269676
2024-06-15T12:18:00.000000 2888.676655900 5102.281856448 3249.487822086 2.69928651711 2.74972601336 -6.68639946911
2024-06-15T12:19:00.000000 3043.629322368 5254.989726685 2840.865905830 2.46375234870 2.33851666902 -6.92890918302
2024-06-15T12:20:00.000000 3184.092467974 5382.681470392 2418.680547278 2.21649645251 1.91618965690 -7.13833285702
2024-06-15T12:21:00.000000 3309.398241945 5484.750768143 1984.947983528 1.95870983888 1.48477864787 -7.31366103587
2024-06-15T12:22:00.000000 3418.951957899 5560.714903806 1541.740101035 1.69164018644 1.04636843116 -7.45405147431
2024-06-15T12:23:00.000000 3512.235250897 5610.217319293 1091.173917192 1.41658098282 0.60307578069 -7.55884207093
2024-06-15T12:24:00.000000 3588.808424713 5633.029056474 635.400942839 1.13486036921 0.15703672472 -7.62754388899
2024-06-15T12:25:00.000000 3648.312491707 5629.049861338 176.596833274 0.84784057489 -0.28959548861 -7.65984287879
2024-06-15T12:26:00.000000 3690.471117759 5598.308867885 -283.049466282 0.55691241483 -0.73466482719 -7.65561127455
2024-06-15T12:27:00.000000 3715.091909591 5540.964142136 -741.346912333 0.26348093075 -1.17603177957 -7.61490497182
2024-06-15T12:28:00.000000 3722.067013184 5457.301507316 -1196.113080581 -0.03104128340 -1.61157707196 -7.53795578789
2024-06-15T12:29:00.000000 3711.373446258 5347.733119408 -1645.184910457 -0.32523914984 -2.03921282900 -7.42517746044
2024-06-15T12:30:00.000000 3683.073005296 5212.794966921 -2086.429421306 -0.61770294151 -2.45690034892 -7.27715704534
2024-06-15T12:31:00.000000 3637.311740197 5053.143807208 -2517.753920153 -0.90703497870 -2.86265346246 -7.09465059398
2024-06-15T12:32:00.000000 3574.319018681 4869.553740659 -2937.116169493 -1.19185749108 -3.25454969807 -6.87858318286
2024-06-15T12:33:00.000000 3494.406035279 4662.911949963 -3342.534255846 -1.47082133701 -3.63074337248 -6.63003842986
2024-06-15T12:34:00.000000 3397.964012830 4434.213914513 -3732.095817667 -1.74260877246 -3.98947115575 -6.35025052953
2024-06-15T12:35:00.000000 3285.462100097 4184.558247303 -4103.966988460 -2.00594191144 -4.32906037296 -6.04060055016
2024-06-15T12:36:00.000000 3157.444718277 3915.140999760 -4456.400906156 -2.25959004264 -4.64793668426 -5.70260598403
2024-06-15T12:37:00.000000 3014.528616216 3627.249545703 -4787.745632268 -2.50237399798 -4.94463155409 -5.33791163504
2024-06-15T12:38:00.000000 2857.399600026 3322.256083734 -5096.451482173 -2.73317184685 -5.21778681767 -4.94827968453
2024-06-15T12:39:00.000000 2686.809018321 3001.610860242 -5381.077754010 -2.95092075475 -5.46615949789 -4.53557919329
2024-06-15T12:40:00.000000 2503.570105117 2666.835151805 -5640.298909279 -3.15462186393 -5.68862560054 -4.10177791017
2024-06-15T12:41:00.000000 2308.554056095 2319.514070221 -5872.910216614 -3.34334251111 -5.88418201451 -3.64893491168
2024-06-15T12:42:00.000000 2102.685853739 1961.289089476 -6077.833048395 -3.51622319112 -6.05195384773 -3.17919194046
2024-06-15T12:43:00.000000 1886.939779128 1593.850259100 -6254.119473155 -3.67248127574 -6.19119762664 -2.69476195248
2024-06-15T12:44:00.000000 1662.334640918 1218.928223453 -6400.956077659 -3.81141486461 -6.30130312251 -2.19791324695
2024-06-15T12:45:00.000000 1429.929035158 838.286350935 -6517.666992171 -3.93239926730 -6.38179000585 -1.69096253324
2024-06-15T12:46:00.000000 1190.816610704 453.712754409 -6603.716707522 -4.03489243856 -6.43231476380 -1.17626882052
2024-06-15T12:47:00.000000 946.120955942 67.012097986 -6658.712042028 -4.11843764697 -6.45266783358 -0.65621545799
2024-06-15T12:48:00.000000 696.990593468 -320.002282730 -6682.403460257 -4.18266070690 -6.44277044204 -0.13320744569
2024-06-15T12:49:00.000000 444.593937760 -705.516434492 -6674.686209686 -4.22727339884 -6.40268153960 0.39033702450
2024-06-15T12:50:00.000000 190.114058148 -1087.724036786 -6635.600601279 -4.25207534492 -6.33259546767 0.91200254936
2024-06-15T12:51:00.000000 -65.256568401 -1464.834377657 -6565.331616070 -4.25695347727 -6.23283812314 1.42938303569
2024-06-15T12:52:00.000000 -320.321330057 -1835.080253431 -6464.208132117 -4.24188314320 -6.10386720408 1.94008976909
2024-06-15T12:53:00.000000 -573.884812540 -2196.725826330 -6332.701550383 -4.20692916231 -5.94626977473 2.44176239442
2024-06-15T12:54:00.000000 -824.758174414 -2548.074299372 -6171.423797606 -4.15224522255 -5.76076007564 2.93207895638
2024-06-15T12:55:00.000000 -1071.764377126 -2887.475487450 -5981.124734807 -4.07807118730 -5.54817711614 3.40876438751
2024-06-15T12:56:00.000000 -1313.743430051 -3213.333246902 -5762.689156841 -3.98473572773 -5.30948289346 3.86959762292
2024-06-15T12:57:00.000000 -1549.557707900 -3524.112796021 -5517.133253766 -3.87265531342 -5.04576067101 4.31242172617
2024-06-15T12:58:00.000000 -1778.097165179 -3818.347924436 -5245.600408417 -3.74233261430 -4.75821209697 4.73515581496
2024-06-15T12:59:00.000000 -1998.284470299 -4094.647944349 -4949.356294201 -3.59435510556 -4.44815191175 5.13580615084
2024-06-15T13:00:00.000000 -2209.080033474 -4351.704295036 -4629.783368438 -3.42939299287 -4.11700214418 5.51247517380
2024-06-15T13:01:00.000000 -2409.486883446 -4588.296805118 -4288.374817594 -3.24819629033 -3.76628570831 5.86337071496
2024-06-15T13:02:00.000000 -2598.555423722 -4803.299519248 -3926.728031069 -3.05159386325 -3.39761921137 6.18681266807
2024-06-15T13:03:00.000000 -2775.388081173 -4995.686192522 -3546.537675043 -2.84049039771 -3.01270962404 6.48124033471
2024-06-15T13:04:00.000000 -2939.143700703 -5164.535595301 -3149.588140494 -2.61586085688 -2.61334872341 6.74522514623
2024-06-15T13:05:00.000000 -3089.041691842 -5309.036298508 -2737.745358518 -2.37874851448 -2.20140261200 6.97747972068
2024-06-15T13:06:00.000000 -3224.365892573 -5428.490726003 -2312.948140857 -2.13025683820 -1.77879967214 7.17686094208
2024-06-15T13:07:00.000000 -3344.468177630 -5522.318907166 -1877.199478589 -1.87155016785 -1.34753056675 7.34237600770
2024-06-15T13:08:00.000000 -3448.771924534 -5590.061798049 -1432.557045230 -1.60384552155 -0.90963297982 7.47319520680
2024-06-15T13:09:00.000000 -3536.774888847 -5631.383795351 -981.123419371 -1.32840479834 -0.46718301436 7.56865179652
2024-06-15T13:10:00.000000 -3608.051846226 -5646.074835056 -525.036114015 -1.04653254154 -0.02228705526 7.62825004474
2024-06-15T13:11:00.000000 -3662.256972404 -5634.051694653 -66.457136426 -0.75957020215 0.42293580611 7.65166792036
2024-06-15T13:12:00.000000 -3699.125826871 -5595.358560502 392.437346469 -0.46888615754 0.86635770511 7.63875726796
2024-06-15T13:13:00.000000 -3718.476575541 -5530.167308447 849.467673832 -0.17586586690 1.30585324109 7.58954953518
2024-06-15T13:14:00.000000 -3720.211013978 -5438.776885881 1302.461441485 0.11809008000 1.73931406593 7.50425524765
2024-06-15T13:15:00.000000 -3704.315178667 -5321.611921313 1749.264209443 0.41157546002 2.16466113646 7.38326204587
2024-06-15T13:16:00.000000 -3670.859465229 -5179.220661555 2187.750024459 0.70318576159 2.57985420782 7.22713148440
2024-06-15T13:17:00.000000 -3619.998317739 -5012.272360973 2615.831801046 0.99152512078 2.98290200113 7.03659704398
2024-06-15T13:18:00.000000 -3551.969501242 -4821.554034369 3031.471488854 1.27521260683 3.37187157737 6.81255922002
2024-06-15T13:19:00.000000 -3467.093036312 -4607.966636068 3432.690032371 1.55288972766 3.74490037680 6.55608263731
2024-06-15T13:20:00.000000 -3365.769481356 -4372.520595634 3817.576901143 1.82323037813 4.10020165315 6.26838606583
2024-06-15T13:21:00.000000 -3248.478035531 -4116.331089708 4184.299322550 2.08494041713 4.43607370216 5.95084233944
2024-06-15T13:22:00.000000 -3115.774268871 -3840.612481655 4531.111277468 2.33677015258 4.75091249709 5.60496791646
2024-06-15T13:23:00.000000 -2968.287285842 -3546.672396776 4856.361808912 2.57751829214 5.04321485573 5.23241462902
2024-06-15T13:24:00.000000 -2806.716674702 -3235.905310345 5158.502948555 2.80603830002 5.31159022480 4.83496092468
2024-06-15T13:25:00.000000 -2631.829033405 -2909.785724885 5436.096944738 3.02124341778 5.55476213467 4.41450201937
2024-06-15T13:26:00.000000 -2444.454248071 -2569.861079150 5687.823085709 3.22211156411 5.77157692354 3.97304123651
2024-06-15T13:27:00.000000 -2245.481504072 -2217.744270012 5912.483834681 3.40768939683 5.96100753623 3.51268043151
2024-06-15T13:28:00.000000 -2035.854913593 -1855.105782316 6109.010424772 3.57710002284 6.12216182984 3.03560614797
2024-06-15T13:29:00.000000 -1816.568929826 -1483.665755723 6276.467418256 3.72954186298 6.25427548164 2.54407673655
2024-06-15T13:30:00.000000 -1588.663786681 -1105.186223388 6414.057127372 3.86429182388 6.35671902529 2.04042398020
2024-06-15T13:31:00.000000 -1353.220539751 -721.462684344 6521.123556924 3.98071305321 6.42900655712 1.52703554602
2024-06-15T13:32:00.000000 -1111.355892492 -334.315554630 6597.155242218 4.07825368750 6.47079306942 1.00634073137
2024-06-15T13:33:00.000000 -864.217053752 54.418329783 6641.787568681 4.15644942065 6.48187654292 0.48080294186
2024-06-15T13:34:00.000000 -612.976422100 442.894279331 6654.804463176 4.21492526957 6.46219724069 -0.04709105685
2024-06-15T13:35:00.000000 -358.826128806 829.268319277 6636.139513447 4.25339881863 6.41183878523 -0.57484143992
2024-06-15T13:36:00.000000 -102.972462636 1211.705789337 6585.876410398 4.27168076510 6.33102799351 -1.09994590267
2024-06-15T13:37:00.000000 153.369842672 1588.389992099 6504.248793184 4.26967964686 6.22013737324 -1.61991235612
2024-06-15T13:38:00.000000 408.983373776 1957.530798386 6391.638972799 4.24739572506 6.07967777122 -2.13227696777
2024-06-15T13:39:00.000000 662.653508292 2317.372859065 6248.576412380 4.20492389862 5.91029939283 -2.63460044167
2024-06-15T13:40:00.000000 913.174272012 2666.204042325 6075.735695119 4.14245690844 5.71279150138 -3.12448702486
2024-06-15T13:41:00.000000 1159.354143368 3002.363666145 5873.933530125 4.06028311610 5.48807921790 -3.59959780206
2024-06-15T13:42:00.000000 1400.021633045 3324.250486000 5644.124955358 3.95878194992 5.23721805728 -4.05766135707
2024-06-15T13:43:00.000000 1634.030851907 3630.330400101 5387.399068545 3.83842752679 4.96138928372 -4.49648259906
2024-06-15T13:44:00.000000 1860.267141088 3919.143828790 5104.974125497 3.69978628049 4.66189577037 -4.91395334283
2024-06-15T13:45:00.000000 2077.652490192 4189.312888041 4798.191887796 3.54351212493 4.34015577726 -5.30806633606
2024-06-15T13:46:00.000000 2285.150669404 4439.548111402 4468.511456732 3.37034449833 3.99769888255 -5.67691889250
2024-06-15T13:47:00.000000 2481.772407243 4668.655086551 4117.502529435 3.18110831322 3.63616151671 -6.01873044021
2024-06-15T13:48:00.000000 2666.580311336 4875.540374949 3746.837703672 2.97670686662 3.25727125169 -6.33185139879
2024-06-15T13:49:00.000000 2838.693451668 5059.216837441 3358.284573754 2.75811885934 2.86284364302 -6.61476676269
2024-06-15T13:50:00.000000 2997.291807368 5218.808719390 2953.697253961 2.52639470565 2.45477374159 -6.86610913699
2024-06-15T13:51:00.000000 3141.620373881 5353.556075256 2535.007301859 2.28265036425 2.03502519901 -7.08466559357
2024-06-15T13:52:00.000000 3270.992922892 5462.818587255 2104.214265868 2.02806141434 1.60562051474 -7.26938344845
2024-06-15T13:53:00.000000 3384.795419604 5546.078845701 1663.375898087 1.76385791175 1.16863245351 -7.41937677292
2024-06-15T13:54:00.000000 3482.489113446 5602.944979645 1214.597888690 1.49131783887 0.72617024031 -7.53393415559
2024-06-15T13:55:00.000000 3563.613146037 5633.152437636 760.023343596 1.21175796767 0.28036662517 -7.61251971444
2024-06-15T13:56:00.000000 3627.786646916 5636.565152611 301.822365358 0.92652802876 -0.16662788215 -7.65476972468
2024-06-15T13:57:00.000000 3674.710678884 5613.176447227 -157.818607513 0.63700728613 -0.61265477603 -7.66050498682
2024-06-15T13:58:00.000000 3704.169674894 5563.108919952 -616.707913118 0.34459453605 -1.05556542843 -7.62973020804
2024-06-15T13:59:00.000000 3716.032376133 5486.613477670 -1072.659625858 0.05069952896 -1.49323305726 -7.56263095847
2024-06-15T14:00:00.000000 3710.252235421 5384.067766182 -1523.504265846 -0.24326478180 -1.92356137960 -7.45956947591
2024-06-15T14:01:00.000000 3686.867411425 5255.974070016 -1967.099343224 -0.53588886051 -2.34449334675 -7.32108293215
2024-06-15T14:02:00.000000 3646.000399583 5102.956678673 -2401.339849008 -0.82577216679 -2.75402182299 -7.14788348062
2024-06-15T14:03:00.000000 3587.857233165 4925.758412822 -2824.168611782 -1.11153233790 -3.15020467044 -6.94085188062
2024-06-15T14:04:00.000000 3512.726124713 4725.236483339 -3233.586146300 -1.39181321562 -3.53117194893 -6.70102916473
2024-06-15T14:05:00.000000 3420.975758308 4502.357928064 -3627.660125262 -1.66528984283 -3.89513474902 -6.42961192295
2024-06-15T14:06:00.000000 3313.053189967 4258.194454387 -4004.534445991 -1.93067555127 -4.24039371822 -6.12794283051
2024-06-15T14:07:00.000000 3189.481413708 3993.916877532 -4362.437786456 -2.18672693059 -4.56534646067 -5.79750403524
2024-06-15T14:08:00.000000 3050.856531099 3710.789035171 -4699.691662925 -2.43225150535 -4.86849485933 -5.43990597442
2024-06-15T14:09:00.000000 2897.844546709 3410.161490867 -5014.717872318 -2.66611236967 -5.14844727008 -5.05688003550
2024-06-15T14:10:00.000000 2731.177913285 3093.464904888 -5306.045506681 -2.88723204797 -5.40392665581 -4.65026940571
2024-06-15T14:11:00.000000 2551.651852028 2762.202982178 -5572.317318819 -3.09459638130 -5.63377550205 -4.22201786568
2024-06-15T14:12:00.000000 2360.120453745 2417.945255429 -5812.295511639 -3.28725767585 -5.83695806893 -3.77416204573
2024-06-15T14:13:00.000000 2157.492602922 2062.319590484 -6024.867012561 -3.46433793573 -6.01256616050 -3.30882101776
2024-06-15T14:14:00.000000 1944.727630508 1697.004470371 -6209.048108816 -3.62503431716 -6.15982093951 -2.82818583730
2024-06-15T14:15:00.000000 1722.830730040 1323.721182840 -6363.988444730 -3.76862104724 -6.27807483809 -2.33450900087
2024-06-15T14:16:00.000000 1492.848285123 944.225897411 -6488.974417864 -3.89445149519 -6.36681276637 -1.83009495829
2024-06-15T14:17:00.000000 1255.863017195 560.301705539 -6583.432010264 -4.00196150191 -6.42565248685 -1.31729052111
2024-06-15T14:18:00.000000 1012.988963096 173.750617001 -6646.929037408 -4.09067134300 -6.45434575726 -0.79847474137
2024-06-15T14:19:00.000000 765.366433226 -213.614491593 -6679.176779166 -4.16018520073 -6.45277890104 -0.27604932465
2024-06-15T14:20:00.000000 514.156917253 -599.978007843 -6680.031025741 -4.21019294124 -6.42097428258 0.24757262690
2024-06-15T14:21:00.000000 260.537974643 -983.529671270 -6649.492435569 -4.24046886166 -6.35908743785 0.76997603304
2024-06-15T14:22:00.000000 5.698125174 -1362.472547955 -6587.706522844 -4.25087435657 -6.26740744767 1.28874890140
2024-06-15T14:23:00.000000 -249.168557952 -1735.031069666 -6494.963097471 -4.24136315258 -6.14635688977 1.80149643522
2024-06-15T14:24:00.000000 -502.867860900 -2099.458887280 -6371.694769279 -4.21197518652 -5.99648621309 2.30585393651
2024-06-15T14:25:00.000000 -754.210488351 -2454.046473116 -6218.475147503 -4.16283568241 -5.81847276240 2.79948661776
2024-06-15T14:26:00.000000 -1002.017374676 -2797.128817219 -6036.016794765 -4.09416073802 -5.61312352229 3.28010032650
2024-06-15T14:27:00.000000 -1245.125116147 -3127.093172719 -5825.168244850 -4.00625557294 -5.38137182748 3.74545935995
2024-06-15T14:28:00.000000 -1482.391200023 -3442.386299392 -5586.910251385 -3.89951117999 -5.12426741548 4.19339170125
2024-06-15T14:29:00.000000 -1712.699171269 -3741.521513313 -5322.351875525 -3.77440532175 -4.84297933047 4.62179505786
2024-06-15T14:30:00.000000 -1934.963823668 -4023.085749951 -5032.725864502 -3.63150147983 -4.53879144152 5.02865049746
2024-06-15T14:31:00.000000 -2148.136275572 -4285.746294453 -4719.383362372 -3.47144666786 -4.21309740311 5.41203207065
2024-06-15T14:32:00.000000 -2351.208917356 -4528.257201940 -4383.788031957 -3.29496918677 -3.86739482086 5.77011660616
2024-06-15T14:33:00.000000 -2543.220216712 -4749.465351811 -4027.509613967 -3.10287619994 -3.50327928001 6.10119309071
2024-06-15T14:34:00.000000 -2723.259334453 -4948.316099336 -3652.216850579 -2.89604897951 -3.12243543178 6.40367397732
2024-06-15T14:35:00.000000 -2890.470369540 -5123.858305827 -3259.670038058 -2.67543808177 -2.72662950532 6.67609454112
2024-06-15T14:36:00.000000 -3044.056639243 -5275.249290911 -2851.713396353 -2.44206600452 -2.31770841314 6.91712528973
2024-06-15T14:37:00.000000 -3183.284746613 -5401.759286841 -2430.266604115 -2.19701880709 -1.89758802470 7.12558104564
2024-06-15T14:38:00.000000 -3307.488307835 -5502.775398078 -1997.315932801 -1.94144405971 -1.46824633585 7.30042922490
2024-06-15T14:39:00.000000 -3416.071487599 -5577.804883225 -1554.904765610 -1.67654341918 -1.03170776760 7.44079908333
2024-06-15T14:40:00.000000 -3508.511911085 -5626.477664323 -1105.123932843 -1.40356371112 -0.59003675753 7.54598043038
2024-06-15T14:41:00.000000 -3584.363263791 -5648.548490145 -650.101875695 -1.12379221299 -0.14532691262 7.61542869307
2024-06-15T14:42:00.000000 -3643.257707808 -5643.898563023 -191.994848873 -0.83855800340 0.30029958033 7.64876535004
2024-06-15T14:43:00.000000 -3684.908141777 -5612.536856642 267.023699648 -0.54922062681 0.74471005168 7.64579471686
2024-06-15T14:44:00.000000 -3709.109781307 -5554.600307705 724.773931066 -0.25716355633 1.18577366116 7.60650077040
2024-06-15T14:45:00.000000 -3715.741301623 -5470.353235172 1179.080498578 0.03621659923 1.62137722232 7.53104790071
2024-06-15T14:46:00.000000 -3704.765401620 -5360.186016388 1627.783166201 0.32951615557 2.04943316948 7.41977525622
2024-06-15T14:47:00.000000 -3676.229066634 -5224.613301978 2068.747308765 0.62133076950 2.46788832048 7.27319743772
2024-06-15T14:48:00.000000 -3630.263359069 -5064.271600247 2499.874400460 0.91026330768 2.87473622824 7.09200221747
2024-06-15T14:49:00.000000 -3567.082794992 -4879.916129348 2919.112215320 1.19493033055 3.26802755755 6.87704437816
2024-06-15T14:50:00.000000 -3486.984303471 -4672.417200535 3324.464727737 1.47396900411 3.64587607753 6.62934234760
2024-06-15T14:51:00.000000 -3390.345804782 -4442.756085655 3714.001928846 1.74604443600 4.00647301551 6.35007638029
2024-06-15T14:52:00.000000 -3277.624242766 -4192.020067881 4085.869066301 2.00985756955 4.34809160173 6.04057456155
2024-06-15T14:53:00.000000 -3149.353360601 -3921.397434180 4438.295697743 2.26414913075 4.66909680081 5.70231814367
2024-06-15T14:54:00.000000 -3006.141043840 -3632.171320265 4769.604369408 2.50770744902 4.96796201459 5.33692211435
2024-06-15T14:55:00.000000 -2848.666396052 -3325.713300781 5078.218273466 2.73937134904 5.24326552769 4.94612631698
2024-06-15T14:56:00.000000 -2677.676458388 -3003.476991994 5362.668690788 2.95803844938 5.49369618244 4.53179244865
2024-06-15T14:57:00.000000 -2493.982559186 -2666.991145003 5621.602049751 3.16266917911 5.71806206557 4.09589613082
2024-06-15T14:58:00.000000 -2298.456301815 -2317.852152345 5853.786430205 3.35229485162 5.91530160024 3.64051272081
2024-06-15T14:59:00.000000 -2092.025298067 -1957.716259353 6058.117000308 3.52601713667 6.08448027548 3.16780334263
2024-06-15T15:00:00.000000 -1875.668813221 -1588.291888579 6233.621134922 3.68301351065 6.22479497364 2.68001145150
2024-06-15T15:01:00.000000 -1650.413153373 -1211.331569117 6379.462967411 3.82253895815 6.33557919812 2.17945124248
2024-06-15T15:02:00.000000 -1417.326823220 -828.623581673 6494.947364357 3.94393297924 6.41630819024 1.66849657465
2024-06-15T15:03:00.000000 -1177.515369079 -441.983459021 6579.523024067 4.04662127133 6.46659825577 1.14956636029
2024-06-15T15:04:00.000000 -932.116196936 -53.245513198 6632.784864943 4.13011604941 6.48620694408 0.62511397041
2024-06-15T15:05:00.000000 -682.293400286 335.745634273 6654.475876425 4.19401617544 6.47503347545 0.09762101845
2024-06-15T15:06:00.000000 -429.232372750 723.143633650 6644.488566754 4.23801359318 6.43312126811 -0.43041278052
2024-06-15T15:07:00.000000 -174.134141191 1107.109080809 6602.865605642 4.26189546074 6.36065868966 -0.95648393724
2024-06-15T15:08:00.000000 81.790294188 1485.818230831 6529.799620723 4.26554108774 6.25797838938 -1.47809904686
2024-06-15T15:09:00.000000 337.325474724 1857.471500288 6425.632434763 4.24892421281 6.12555350529 -1.99277966535
2024-06-15T15:10:00.000000 591.257312683 2220.301952197 6290.853721102 4.21211613935 5.96399830889 -2.49807854950
2024-06-15T15:11:00.000000 842.378823247 2572.583660493 6126.098805244 4.15528184132 5.77406578177 -2.99158923949
2024-06-15T15:12:00.000000 1089.495765853 2912.640000004 5932.145933778 4.07868237880 5.55664532419 -3.47095610944
2024-06-15T15:13:00.000000 1331.432498939 3238.851664583 5709.912814871 3.98267552935 5.31275735881 -3.93388832000
2024-06-15T15:14:00.000000 1567.037628597 3549.664400341 5460.452386531 3.86771157785 5.04354930439 -4.37817099408
2024-06-15T15:15:00.000000 1795.189462995 3843.596473307 5184.947903222 3.73432929804 4.75028982286 -4.80167619314
2024-06-15T15:16:00.000000 2014.801247988 4119.245803501 4884.707581459 3.58315509726 4.43436525513 -5.20236804047
2024-06-15T15:17:00.000000 2224.826460398 4375.296903962 4561.158706460 3.41490300280 4.09727422555 -5.57831524488
2024-06-15T15:18:00.000000 2424.263978272 4610.527430616 4215.841093326 3.23037226919 3.74062277929 -5.92769976631
2024-06-15T15:19:00.000000 2612.163145649 4823.814537201 3850.399844343 3.03044454343 3.36611905838 -6.24883333917
2024-06-15T15:20:00.000000 2787.628457264 5014.140507030 3466.577200306 2.81607594362 2.97555741091 -6.54016645062
2024-06-15T15:21:00.000000 2949.823947449 5180.597668472 3066.204089074 2.58829401139 2.57081034194 -6.80029348594
2024-06-15T15:22:00.000000 3097.977316632 5322.392888030 2651.191331895 2.34819294509 2.15382227948 -7.02795832651
2024-06-15T15:23:00.000000 3231.383766606 5438.851639197 2223.520405797 2.09692697910 1.72660092882 -7.22206288470
2024-06-15T15:24:00.000000 3349.409422443 5529.421527788 1785.233799212 1.83570640536 1.29120739242 -7.38167239201
2024-06-15T15:25:00.000000 3451.494697963 5593.675124186 1338.425013406 1.56579511342 0.84974471876 -7.50602323651
2024-06-15T15:26:00.000000 3537.157040666 5631.312118837 885.227998219 1.28849511818 0.40434378646 -7.59453007887
2024-06-15T15:27:00.000000 3605.993076893 5642.160632908 427.806729935 1.00514491979 -0.04284382892 -7.64677736249
2024-06-15T15:28:00.000000 3657.680927811 5626.178377732 -31.655428412 0.71712003739 -0.48965593771 -7.66253740931
2024-06-15T15:29:00.000000 3691.981890544 5583.452511427 -490.966978876 0.42581592642 -0.93393900856 -7.64176498310
2024-06-15T15:30:00.000000 3708.741362502 5514.199068670 -947.939250892 0.13263835868 -1.37355442283 -7.58459940868
2024-06-15T15:31:00.000000 3707.889289647 5418.761508123 -1400.397244385 -0.16099966606 -1.80639509741 -7.49135667801
2024-06-15T15:32:00.000000 3689.440387773 5297.608473438 -1846.190241610 -0.45368862356 -2.23039622109 -7.36252911139
2024-06-15T15:33:00.000000 3653.493654980 5151.331186554 -2283.202210312 -0.74402814990 -2.64353820952 -7.19878079377
2024-06-15T15:34:00.000000 3600.231714627 4980.640320501 -2709.362077568 -1.03063315116 -3.04386080585 -7.00094497695
2024-06-15T15:35:00.000000 3529.919628352 4786.362177479 -3122.653681806 -1.31214161677 -3.42947162105 -6.77001810848
2024-06-15T15:36:00.000000 3442.903319322 4569.434302820 -3521.125411097 -1.58722138007 -3.79855659976 -6.50715428416
2024-06-15T15:37:00.000000 3339.607569750 4330.900480309 -3902.899435492 -1.85457716328 -4.14938998762 -6.21365711228
2024-06-15T15:38:00.000000 3220.533630491 4071.905210339 -4266.180379290 -2.11295605168 -4.48034139903 -5.89097000307
2024-06-15T15:39:00.000000 3086.256512242 3793.687822805 -4609.263445493 -2.36115322569 -4.78988084982 -5.54066751547
2024-06-15T15:40:00.000000 2937.421970465 3497.576297994 -4930.542072539 -2.59801600079 -5.07658464692 -5.16444847732
2024-06-15T15:41:00.000000 2774.743215202 3184.980657561 -5228.515146891 -2.82244971844 -5.33914275991 -4.76412715523
2024-06-15T15:42:00.000000 2598.997257164 2857.385988769 -5501.793595141 -3.03342301114 -5.57636380817 -4.34162209316
2024-06-15T15:43:00.000000 2411.021003545 2516.345218463 -5749.106307388 -3.22997115592 -5.78717812770 -3.89894533289
2024-06-15T15:44:00.000000 2211.707168227 2163.471734808 -5969.305498770 -3.41119928558 -5.97064074321 -3.43819429469
2024-06-15T15:45:00.000000 2001.999966178 1800.431763664 -6161.371542398 -3.57628606548 -6.12593595420 -2.96154138338
2024-06-15T15:46:00.000000 1782.890622324 1428.936550995 -6324.417116777 -3.72448644527 -6.25237904112 -2.47122273885
2024-06-15T15:47:00.000000 1555.412702987 1050.734476404 -6457.690698325 -3.85513380316 -6.34941662308 -1.96952715251
2024-06-15T15:48:00.000000 1320.637453867 667.603172211 -6560.579541431 -3.96763966016 -6.41662794491 -1.45879098566
2024-06-15T15:49:00.000000 1079.668908398 281.341448226 -6632.612238330 -4.06150017102 -6.45372756912 -0.94138681453
2024-06-15T15:50:00.000000 833.638756468 -106.238824185 -6673.460531468 -4.13629730847 -6.46056607752 -0.41971156873
2024-06-15T15:51:00.000000 583.701229090 -493.320871527 -6682.940363798 -4.19169727944 -6.43712840331 0.10382656023
2024-06-15T15:52:00.000000 331.028096053 -878.090940638 -6661.012407759 -4.22744967518 -6.38353073783 0.62681140463
2024-06-15T15:53:00.000000 76.803483264 -1258.746323517 -6607.782399148 -4.24339423615 -6.30002571745 1.14682693449
2024-06-15T15:54:00.000000 -177.781539864 -1633.503496566 -6523.500501473 -4.23945794865 -6.18699843657 1.66147652965
2024-06-15T15:55:00.000000 -431.534035468 -2000.605896941 -6408.560097952 -4.21565291463 -6.04496349043 2.16838332577
2024-06-15T15:56:00.000000 -683.264502495 -2358.331748863 -6263.496274901 -4.17208158260 -5.87456447013 2.66520269809
2024-06-15T15:57:00.000000 -931.792279212 -2705.001671521 -6088.983673133 -4.10893580116 -5.67657173513 3.14962874866
2024-06-15T15:58:00.000000 -1175.950836740 -3038.986402997 -5885.833829720 -4.02649484670 -5.45188521948 3.61940688636
2024-06-15T15:59:00.000000 -1414.593037284 -3358.714341326 -5654.991650326 -3.92512562747 -5.20152479959 4.07234697449
2024-06-15T16:00:00.000000 -1646.596359370 -3662.678552943 -5397.531454442 -3.80528159842 -4.92662694966 4.50632664915
2024-06-15T16:01:00.000000 -1870.868052683 -3949.443815721 -5114.652581862 -3.66750155667 -4.62844484649 4.91930291537
2024-06-15T16:02:00.000000 -2086.350226809 -4217.653465152 -4807.674289798 -3.51240828474 -4.30834282232 5.30932318456
2024-06-15T16:03:00.000000 -2292.024820222 -4466.035894072 -4478.030056377 -3.34070630550 -3.96779109231 5.67453429076
2024-06-15T16:04:00.000000 -2486.918429604 -4693.410742622 -4127.261308336 -3.15317917283 -3.60835977916 6.01319267240
2024-06-15T16:05:00.000000 -2670.106962927 -4898.694679222 -3757.010582653 -2.95068655348 -3.23171192310 6.32367293985
2024-06-15T16:06:00.000000 -2840.720099666 -5080.906762439 -3369.014187211 -2.73416042048 -2.83959612242 6.60447595992
2024-06-15T16:07:00.000000 -2997.945531886 -5239.173363618 -2965.094447102 -2.50460248321 -2.43384026449 6.85423490693
2024-06-15T16:08:00.000000 -3141.033086588 -5372.732748641 -2547.151432322 -2.26308092892 -2.01634415049 7.07172704908
2024-06-15T16:09:00.000000 -3269.298483910 -5480.939047297 -2117.154107847 -2.01072324240 -1.58906911717 7.25587908714
2024-06-15T16:10:00.000000 -3382.126777517 -5563.265747365 -1677.131205855 -1.74871237978 -1.15403078027 7.40577337179
2024-06-15T16:11:00.000000 -3478.975551336 -5619.308628872 -1229.161670479 -1.47828205831 -0.71328791176 7.52065483960
2024-06-15T16:12:00.000000 -3559.377765152 -5648.788011196 -775.364759322 -1.20071004790 -0.26893154939 7.59993525888
2024-06-15T16:13:00.000000 -3622.944222499 -5651.550427006 -317.889935714 -0.91731239061 0.17692376626 7.64319668061
2024-06-15T16:14:00.000000 -3669.365691721 -5627.569732520 141.093477067 -0.62943754255 0.62215043831 7.65019580652
2024-06-15T16:15:00.000000 -3698.414643179 -5576.947513525 599.406876445 -0.33845912697 1.06462040795 7.62086660595
2024-06-15T16:16:00.000000 -3709.946547121 -5499.912801613 1054.873019240 -0.04576900192 1.50221519430 7.55532081272
2024-06-15T16:17:00.000000 -3703.900709301 -5396.821162897 1505.326733022 0.24723182824 1.93283750078 7.45384885323
2024-06-15T16:18:00.000000 -3680.300556837 -5268.153054130 1948.625574667 0.53914135736 2.35442377723 7.31691731773
2024-06-15T16:19:00.000000 -3639.253499747 -5114.511417518 2382.660250475 0.82856368412 2.76495603787 7.14516307982
2024-06-15T16:20:00.000000 -3580.950367679 -4936.618914080 2805.364635022 1.11411376001 3.16246101320 6.93938985130
2024-06-15T16:21:00.000000 -3505.664611733 -4735.314849372 3214.726230217 1.39442705971 3.54503191525 6.70058013501
2024-06-15T16:22:00.000000 -3413.750660770 -4511.550297006 3608.795789587 1.66816330800 3.91084319099 6.42985422798
2024-06-15T16:23:00.000000 -3305.643042347 -4266.384269489 3985.696140474 1.93399996762 4.25812777892 6.12850316107
2024-06-15T16:24:00.000000 -3181.854129516 -4000.978862955 4343.632699999 2.19066602276 4.58522237015 5.79798277573
2024-06-15T16:25:00.000000 -3042.970794978 -3716.592373628 4680.902140267 2.43694887557 4.89057917234 5.43987046818
2024-06-15T16:26:00.000000 -2889.651402777 -3414.573405048 4995.899337558 2.67167693877 5.17273847086 5.05587073110
2024-06-15T16:27:00.000000 -2722.623059334 -3096.354587537 5287.125388737 2.89373222119 5.43036001590 4.64781321986
2024-06-15T16:28:00.000000 -2542.678167556 -2763.445534787 5553.194564666 3.10205812551 5.66221910323 4.21764114931
2024-06-15T16:29:00.000000 -2350.670491690 -2417.425632974 5792.840921058 3.29566608132 5.86721557515 3.76740189333
2024-06-15T16:30:00.000000 -2147.510988831 -2059.936436284 6004.924196905 3.47363892732 6.04437789436 3.29923557049
2024-06-15T16:31:00.000000 -1934.163440295 -1692.673862748 6188.435042243 3.63513340242 6.19286587198 2.81536439175
2024-06-15T16:32:00.000000 -1711.639900759 -1317.380211916 6342.499722312 3.77938465473 6.31197465921 2.31808524164
2024-06-15T16:33:00.000000 -1480.995838877 -935.835836415 6466.384236184 3.90571078595 6.40114129053 1.80975581353
2024-06-15T16:34:00.000000 -1243.325139310 -549.850675831 6559.497501909 4.01351325663 6.45994191157 1.29278188538
2024-06-15T16:35:00.000000 -999.755015845 -161.255856156 6621.394055679 4.10228003216 6.48809451024 0.76960863358
2024-06-15T16:36:00.000000 -751.440833121 228.104760200 6651.776052792 4.17158518171 6.48545682346 0.24271180571
2024-06-15T16:37:00.000000 -499.560735980 616.383132561 6650.494954445 4.22109634818 6.45203260419 -0.28541074592
2024-06-15T16:38:00.000000 -245.310004767 1001.735847808 6617.552306780 4.25057385209 6.38797179701 -0.81225608322
2024-06-15T16:39:00.000000 10.104460850 1382.332783302 6553.099768844 4.25987138251 6.29356744788 -1.33532500670
2024-06-15T16:40:00.000000 265.469909371 1756.365666862 6457.438473108 4.24893928621 6.16925402451 -1.85213630180
2024-06-15T16:41:00.000000 519.573356162 2122.056476363 6331.017774630 4.21781981138 6.01560615035 -2.36023047014
2024-06-15T16:42:00.000000 771.207351140 2477.666040167 6174.433656416 4.16665652817 5.83334431366 -2.85718501213
2024-06-15T16:43:00.000000 1019.175935036 2821.502500066 5988.425621759 4.09568592696 5.62332207566 -3.34063877730
2024-06-15T16:44:00.000000 1262.299966796 3151.929044267 5773.873177914 4.00523391966 5.38652197739 -3.80828627998
2024-06-15T16:45:00.000000 1499.422761295 3467.371741087 5531.792140462 3.89572256622 5.12405609910 -4.25789288489
2024-06-15T16:46:00.000000 1729.415637920 3766.327053389 5263.329952769 3.76766226306 4.83715805030 -4.68730630868
2024-06-15T16:47:00.000000 1951.183152740 4047.369052619 4969.760607705 3.62165100813 4.52718118775 -5.09446188916
2024-06-15T16:48:00.000000 2163.668441308 4309.156555307 4652.479050237 3.45837677277 4.19559605167 -5.47739506767
2024-06-15T16:49:00.000000 2365.858550491 4550.439973297 4312.994725048 3.27861446875 3.84398389740 -5.83425626802
2024-06-15T16:50:00.000000 2556.789484513 4770.067626179 3952.924267602 3.08322006370 3.47402479162 -6.16332341182
2024-06-15T16:51:00.000000 2735.550921988 4966.991326492 3573.983693342 2.87312643268 3.08748756619 -6.46300626399
2024-06-15T16:52:00.000000 2901.290791310 5140.271610018 3177.980319796 2.64934181996 2.68622661202 -6.73185399227
2024-06-15T16:53:00.000000 3053.219624274 5289.082585415 2766.803985736 2.41294328386 2.27217091505 -6.96856847501
2024-06-15T16:54:00.000000 3190.614375848 5412.716016436 2342.417677971 2.16506604967 1.84731190431 -7.17200945696
2024-06-15T16:55:00.000000 3312.821739811 5510.584876301 1906.848109356 1.90690066546 1.41369807516 -7.34119309588
2024-06-15T16:56:00.000000 3419.261721657 5582.226660403 1462.176025892 1.63969967921 0.97342842030 -7.47530680529
2024-06-15T16:57:00.000000 3509.430863685 5627.305652650 1010.525464053 1.36475812729 0.52862797499 -7.57371789296
2024-06-15T16:58:00.000000 3582.904477594 5645.614338360 554.053194291 1.08340666212 0.08144396637 -7.63596917269
2024-06-15T16:59:00.000000 3639.338683034 5637.074410032 94.938011939 0.79700690925 -0.36596609911 -7.66178404526
2024-06-15T17:00:00.000000 3678.472011611 5601.736996457 -364.630137237 0.50694289367 -0.81144710763 -7.65106724727
2024-06-15T17:01:00.000000 3700.126524456 5539.782198197 -822.461006449 0.21461387394 -1.25285685634 -7.60390391635
2024-06-15T17:02:00.000000 3704.208523715 5451.517985294 -1276.374857929 -0.07857275880 -1.68807718812 -7.52055902321
2024-06-15T17:03:00.000000 3690.708804219 5337.378412382 -1724.213188787 -0.37120905871 -2.11502521166 -7.40147489292
2024-06-15T17:04:00.000000 3659.702492339 5197.921190082 -2163.849276460 -0.66189301231 -2.53166359694 -7.24726808623
2024-06-15T17:05:00.000000 3611.348478075 5033.824637335 -2593.198556284 -0.94923592450 -2.93601143621 -7.05872663524
2024-06-15T17:06:00.000000 3545.888366046 4845.883941456 -3010.228735875 -1.23187050402 -3.32615560259 -6.83680360972
2024-06-15T17:07:00.000000 3463.645003116 4635.006837446 -3412.969487540 -1.50845701012 -3.70025903414 -6.58261058364
2024-06-15T17:08:00.000000 3365.020601802 4402.208762475 -3799.521775830 -1.77769102265 -4.05657027681 -6.29741075055
2024-06-15T17:09:00.000000 3250.494428852 4148.607491344 -4168.066652887 -2.03830915948 -4.39343048014 -5.98260917530
2024-06-15T17:10:00.000000 3120.620199335 3875.417390364 -4516.873549539 -2.28909417875 -4.70927993535 -5.63974543422
2024-06-15T17:11:00.000000 2976.023143203 3583.943268500 -4844.308090746 -2.52888027587 -5.00266462430 -5.27048486272
2024-06-15T17:12:00.000000 2817.396776277 3275.573866578 -5148.839364578 -2.75655791318 -5.27224161816 -4.87660947675
2024-06-15T17:13:00.000000 2645.499373384 2951.775045349 -5429.046665951 -2.97107875352 -5.51678409148 -4.46000920867
2024-06-15T17:14:00.000000 2461.150172461 2614.082678438 -5683.625668729 -3.17145956809 -5.73518562521 -4.02267199490
2024-06-15T17:15:00.000000 2265.225343011 2264.095285014 -5911.394064848 -3.35678694733 -5.92646568813 -3.56667515490
2024-06-15T17:16:00.000000 2058.653656911 1903.466347256 -6111.296504677 -3.52622092339 -6.08977256371 -3.09417140850
2024-06-15T17:17:00.000000 1842.412061171 1533.896566972 -6282.408836838 -3.67899603181 -6.22438428565 -2.60737979597
2024-06-15T17:18:00.000000 1617.521117188 1157.126040658 -6423.941831930 -3.81442461893 -6.32971014100 -2.10857725988
2024-06-15T17:19:00.000000 1385.040249191 774.926291743 -6535.244322558 -3.93189862052 -6.40529326943 -1.60008679111
2024-06-15T17:20:00.000000 1146.063015490 389.092257649 -6615.805723683 -4.03088901593 -6.45081064428 -1.08427106348
2024-06-15T17:21:00.000000 901.712142304 1.434136389 -6665.258136253 -4.11095345460 -6.46607621985 -0.56352011715
2024-06-15T17:22:00.000000 653.134318958 -386.230667971 -6683.377514201 -4.17173468171 -6.45103513997 -0.04023844829
2024-06-15T17:23:00.000000 401.495173916 -772.085428076 -6670.084481552 -4.21295942093 -6.40576620467 0.48315674554
2024-06-15T17:24:00.000000 147.974045321 -1154.322300441 -6625.444737505 -4.23444393410 -6.33048577899 1.00425079548
2024-06-15T17:25:00.000000 -106.241226417 -1531.150300629 -6549.668447854 -4.23608781765 -6.22553886013 1.52064216696
2024-06-15T17:26:00.000000 -359.959358152 -1900.803110976 -6443.109482115 -4.21787799848 -6.09140365218 2.02994432868
2024-06-15T17:27:00.000000 -611.990993333 -2261.547074890 -6306.264084499 -4.17989145418 -5.92868945054 2.52979987145
2024-06-15T17:28:00.000000 -861.154061116 -2611.688929222 -6139.768878712 -4.12229445916 -5.73813392139 3.01788813265
2024-06-15T17:29:00.000000 -1106.279205642 -2949.583576073 -5944.398264368 -4.04534407035 -5.52060374240 3.49194068356
2024-06-15T17:30:00.000000 -1346.215062966 -3273.641512679 -5721.060891847 -3.94938222862 -5.27708432740 3.94975047137
2024-06-15T17:31:00.000000 -1579.833346253 -3582.335947219 -5470.795988480 -3.83483694293 -5.00868139395 4.38917405583
2024-06-15T17:32:00.000000 -1806.034046437 -3874.209974700 -5194.769069767 -3.70222193935 -4.71661697835 4.80814700350
2024-06-15T17:33:00.000000 -2023.750479805 -4147.883376320 -4894.267034131 -3.55213477636 -4.40222573526 5.20468906466
2024-06-15T17:34:00.000000 -2231.954348255 -4402.059323576 -4570.692702959 -3.38525671714 -4.06695088956 5.57691862605
2024-06-15T17:35:00.000000 -2429.660639209 -4635.530620877 -4225.558614296 -3.20234887987 -3.71233607135 5.92306126813
2024-06-15T17:36:00.000000 -2615.932326206 -4847.185551040 -3860.480355572 -3.00424910960 -3.34001914310 6.24145776341
2024-06-15T17:37:00.000000 -2789.884873666 -5036.013344175 -3477.169416824 -2.79186875725 -2.95172626913 6.53057194052
2024-06-15T17:38:00.000000 -2950.690557724 -5201.109300309 -3077.425551466 -2.56618966797 -2.54926569050 6.78899935058
2024-06-15T17:39:00.000000 -3097.582591697 -5341.679472480 -2663.128617813 -2.32826055034 -2.13451960163 7.01547555773
2024-06-15T17:40:00.000000 -3229.859004969 -5457.044864888 -2236.229941138 -2.07919240846 -1.70943601360 7.20888409011
2024-06-15T17:41:00.000000 -3346.886229833 -5546.645101987 -1798.743212993 -1.82015342214 -1.27601935275 7.36826375090
2024-06-15T17:42:00.000000 -3448.102353458 -5610.041513442 -1352.734962481 -1.55236283693 -0.83632019818 7.49281535865
2024-06-15T17:43:00.000000 -3533.020007142 -5646.919586545 -900.314705937 -1.27708543209 -0.39242491180 7.58190589367
2024-06-15T17:44:00.000000 -3601.228935973 -5657.090793330 -443.624835380 -0.99562563116 0.05355539143 7.63507317286
2024-06-15T17:45:00.000000 -3652.398152200 -5640.493739008 15.169711259 -0.70932016468 0.49949559497 7.65202812385
2024-06-15T17:46:00.000000 -3686.277686022 -5597.194709453 473.891889446 -0.41953188316 0.94326658061 7.63265640725
2024-06-15T17:47:00.000000 -3702.699965382 -5527.387617199 930.363066231 -0.12764331107 1.38274481594 7.57702001779
2024-06-15T17:48:00.000000 -3701.580746496 -5431.393311090 1382.413688486 0.16495192466 1.81582501235 7.48535925288
2024-06-15T17:49:00.000000 -3682.919571321 -5309.658128272 1827.893876816 0.45685537247 2.24043087518 7.35808930840
2024-06-15T17:50:00.000000 -3646.799887605 -5162.751880100 2264.683894646 0.74666979407 2.65452473442 7.19579956925
2024-06-15T17:51:00.000000 -3593.388766206 -4991.365190660 2690.704547548 1.03300633750 3.05611914769 6.99925167128
2024-06-15T17:52:00.000000 -3522.936106823 -4796.306112671 3103.927417229 1.31449453154 3.44328924547 6.76937490157
2024-06-15T17:53:00.000000 -3435.773410926 -4578.496173117 3502.384611062 1.58978438584 3.81417736248 6.50725751679
2024-06-15T17:54:00.000000 -3332.312386792 -4338.966145395 3884.178403140 1.85755496935 4.16700267703 6.21414941283
2024-06-15T17:55:00.000000 -3213.042892157 -4078.850964850 4247.490717585 2.11652371384 4.50007585549 5.89145493614
2024-06-15T17:56:00.000000 -3078.530229773 -3799.383887986 4590.592083755 2.36545930176 4.81180999793 5.54071895465
2024-06-15T17:57:00.000000 -2929.412168147 -3501.890319108 4911.849523119 2.60317729585 5.10072030656 5.16361374233
2024-06-15T17:58:00.000000 -2766.395932932 -3187.781487176 5209.734230448 2.82854822940 5.36543277673 4.76193728034
2024-06-15T17:59:00.000000 -2590.254800863 -2858.547548137 5482.828717811 3.04050019991 5.60469081617 4.33760047042
2024-06-15T18:00:00.000000 -2401.824498676 -2515.750536511 5729.833398155 3.23802510859 5.81735594525 3.89262238856
2024-06-15T18:01:00.000000 -2201.999124532 -2161.016981224 5949.572884454 3.42018570008 6.00241825441 3.42912129517
2024-06-15T18:02:00.000000 -1991.726813667 -1796.030017152 6141.001528019 3.58611886067 6.15900146620 2.94930138125
2024-06-15T18:03:00.000000 -1772.005177591 -1422.521293329 6303.208192333 3.73503894169 6.28636488966 2.45544072760
2024-06-15T18:04:00.000000 -1543.876535878 -1042.262755493 6435.420402323 3.86624204453 6.38390669541 1.94988095230
2024-06-15T18:05:00.000000 -1308.422944599 -657.058270017 6537.007727504 3.97910737762 6.45116416990 1.43501373025
2024-06-15T18:06:00.000000 -1066.761186503 -268.735322126 6607.484576367 4.07309875186 6.48781293413 0.91327411165
2024-06-15T18:07:00.000000 -820.037608352 120.863355219 6646.512596681 4.14776760779 6.49367041680 0.38713405106
2024-06-15T18:08:00.000000 -569.422716124 509.888539019 6653.902539383 4.20275726776 6.46870311750 -0.14091198842
2024-06-15T18:09:00.000000 -316.105686758 896.493328958 6629.615090137 4.23780267044 6.41302075977 -0.66836144549
2024-06-15T18:10:00.000000 -61.288751862 1278.841724018 6573.761123878 4.25273325176 6.32687779832 -1.19271342756
2024-06-15T18:11:00.000000 193.818383629 1655.117311856 6486.601191017 4.24747116826 6.21067188093 -1.71148057334
2024-06-15T18:12:00.000000 448.004264987 2023.531772954 6368.544470645 4.22203607105 6.06494186953 -2.22219812149
2024-06-15T18:13:00.000000 700.061488740 2382.333364902 6220.147014070 4.17654290674 5.89036784568 -2.72243758395
2024-06-15T18:14:00.000000 948.792339296 2729.815255935 6042.109101771 4.11119891467 5.68776514173 -3.20982170843
2024-06-15T18:15:00.000000 1193.014212823 3064.323446144 5835.272017025 4.02630088803 5.45808018410 -3.68202768863
2024-06-15T18:16:00.000000 1431.565128371 3384.264713665 5600.614531263 3.92224000123 5.20239100457 -4.13679858588
2024-06-15T18:17:00.000000 1663.309366874 3688.114230946 5339.248541133 3.79949988946 4.92189920062 -4.57195476835
2024-06-15T18:18:00.000000 1887.142960422 3974.422972524 5052.414149374 3.65865495514 4.61792908097 -4.98540464972
2024-06-15T18:19:00.000000 2101.999069875 4241.824918005 4741.474030461 3.50036843229 4.29192233465 -5.37515592488
2024-06-15T18:20:00.000000 2306.853324733 4489.043851479 4407.907128349 3.32539233072 3.94542910747 -5.73932673682
2024-06-15T18:21:00.000000 2500.729009556 4714.899701837 4053.301728538 3.13456176512 3.58010359951 -6.07615662052
2024-06-15T18:22:00.000000 2682.701848628 4918.314582213 3679.347798449 2.92878929399 3.19769581046 -6.38401804822
2024-06-15T18:23:00.000000 2851.904576345 5098.318182638 3287.828757156 2.70906170405 2.80003969918 -6.66142459398
2024-06-15T18:24:00.000000 3007.531218261 5254.052517738 2880.612844462 2.47643446544 2.38904447339 -6.90703645375
2024-06-15T18:25:00.000000 3148.841061461 5384.776249474 2459.644087022 2.23202669237 1.96668766921 -7.11966848254
2024-06-15T18:26:00.000000 3275.162341286 5489.868481439 2026.932805201 1.97701665666 1.53500460400 -7.29829717002
2024-06-15T18:27:00.000000 3385.895606330 5568.831902362 1584.545726089 1.71263550981 1.09607778365 -7.44206667700
2024-06-15T18:28:00.000000 3480.516711148 5621.295296087 1134.595757743 1.44016106896 0.65202576438 -7.55029433954
2024-06-15T18:29:00.000000 3558.579382812 5647.015331523 679.231500408 1.16091017395 0.20499112151 -7.62247316291
2024-06-15T18:30:00.000000 3619.717393900 5645.877724630 220.626657491 0.87623323047 -0.24286872044 -7.65827416064
2024-06-15T18:31:00.000000 3663.646360922 5617.897793011 -239.030788221 0.58750640107 -0.68939348693 -7.65755065530
2024-06-15T18:32:00.000000 3690.165034969 5563.220228455 -697.549510919 0.29612359870 -1.13243284980 -7.62033767007
2024-06-15T18:33:00.000000 3699.156168322 5482.118162797 -1152.745726955 0.00348961028 -1.56985779798 -7.54685158604
2024-06-15T18:34:00.000000 3690.586912087 5374.991518933 -1602.454024469 -0.28898827154 -1.99957281593 -7.43748753968
2024-06-15T18:35:00.000000 3664.508773319 5242.364704961 -2044.537972492 -0.57990667985 -2.41952567234 -7.29281625060
2024-06-15T18:36:00.000000 3621.057139405 5084.883670570 -2476.900578006 -0.86787433019 -2.82771911855 -7.11358064777
2024-06-15T18:37:00.000000 3560.450315032 4903.312294859 -2897.494425040 -1.15151975819 -3.22222073845 -6.90068914188
2024-06-15T18:38:00.000000 3482.988145188 4698.528266385 -3304.331426024 -1.42949748028 -3.60117096754 -6.65521029177
2024-06-15T18:39:00.000000 3389.050240665 4471.518390079 -3695.492243318 -1.70049530569 -3.96279355675 -6.37836537350
2024-06-15T18:40:00.000000 3279.093811355 4223.373403002 -4069.135166030 -1.96323946632 -4.30540122582 -6.07151989010
2024-06-15T18:41:00.000000 3153.651199312 3955.282414929 -4423.504622342 -2.21650060694 -4.62740381480 -5.73617828428
2024-06-15T18:42:00.000000 3013.327005886 3668.526820017 -4756.939216753 -2.45910021002 -4.92731633649 -5.37397346287
2024-06-15T18:43:00.000000 2858.794914795 3364.473825641 -5067.879132470 -2.68991475898 -5.20376417080 -4.98665703318
2024-06-15T18:44:00.000000 2690.794255396 3044.569670972 -5354.872986551 -2.90788045650 -5.45548842074 -4.57609015463
2024-06-15T18:45:00.000000 2510.126278389 2710.332571461 -5616.584081437 -3.11199735546 -5.68134886101 -4.14423301929
2024-06-15T18:46:00.000000 2317.650269539 2363.345520266 -5851.796170462 -3.30133195290 -5.88032807570 -3.69313953494
2024-06-15T18:47:00.000000 2114.279337679 2005.248667562 -6059.418735284 -3.47502435468 -6.05153832846 -3.22494386127
2024-06-15T18:48:00.000000 1900.975941801 1637.731559314 -6238.491408643 -3.63228955967 -6.19422106392 -2.74184897207
2024-06-15T18:49:00.000000 1678.747349489 1262.525302957 -6388.187855502 -3.77241950097 -6.30775010363 -2.24611782098
2024-06-15T18:50:00.000000 1448.640920579 881.394556682 -6507.819008665 -3.89478611000 -6.39163307155 -1.74006093569
2024-06-15T18:51:00.000000 1211.739322428 496.129541473 -6596.835594866 -3.99884012749 -6.44551011250 -1.22602657583
2024-06-15T18:52:00.000000 969.155766390 108.538090448 -6654.830261019 -4.08411404186 -6.46915429446 -0.70639608632
2024-06-15T18:53:00.000000 722.028913572 -279.562370928 -6681.539258014 -4.15022684908 -6.46247284272 -0.18357273906
2024-06-15T18:54:00.000000 471.517758925 -666.352932419 -6676.843446026 -4.19688195578 -6.42551002205 0.34002809613
2024-06-15T18:55:00.000000 218.796482399 -1050.021424222 -6640.768578733 -4.22386953585 -6.35844383345 0.86199436083
2024-06-15T18:56:00.000000 -34.950630774 -1428.770133301 -6573.484993374 -4.23106241608 -6.26157950209 1.37991724610
2024-06-15T18:57:00.000000 -288.534309790 -1800.823805392 -6475.307380118 -4.21842359050 -6.13536149639 1.89139791312
2024-06-15T18:58:00.000000 -540.765908331 -2164.437871017 -6346.693407779 -4.18600991624 -5.98036550597 2.39407170289
2024-06-15T18:59:00.000000 -790.462781436 -2517.906017139 -6188.241472105 -4.13396313275 -5.79729158584 2.88561176465
2024-06-15T19:00:00.000000 -1036.453313477 -2859.567858544 -6000.688437359 -4.06251086444 -5.58697155514 3.36373203419
2024-06-15T19:01:00.000000 -1277.582277146 -3187.816717876 -5784.906578946 -3.97197111214 -5.35036119949 3.82620681191
2024-06-15T19:02:00.000000 -1512.716137720 -3501.106785157 -5541.899792379 -3.86274869995 -5.08853384266 4.27087545166
2024-06-15T19:03:00.000000 -1740.748202266 -3797.960161189 -5272.799433934 -3.73533311070 -4.80267943109 4.69565137555
2024-06-15T19:04:00.000000 -1960.603652709 -4076.973792263 -4978.859612064 -3.59029740544 -4.49410238174 5.09853125962
2024-06-15T19:05:00.000000 -2171.244560419 -4336.826185195 -4661.451858428 -3.42829787768 -4.16421578117 5.47760572102
2024-06-15T19:06:00.000000 -2371.674816807 -4576.283782430 -4322.059240448 -3.25007187161 -3.81453716445 5.83106834729
2024-06-15T19:07:00.000000 -2560.944890868 -4794.207018611 -3962.269814411 -3.05643360256 -3.44668032614 6.15722686473
2024-06-15T19:08:00.000000 -2738.156343585 -4989.555918092 -3583.769672612 -2.84827262420 -3.06235111831 6.45450722734
2024-06-15T19:09:00.000000 -2902.466383339 -5161.395455080 -3188.335402816 -2.62655265070 -2.66333948786 6.72146937079
2024-06-15T19:10:00.000000 -3053.092020659 -5308.900231365 -2777.825814070 -2.39230266742 -2.25150871225 6.95681306600
2024-06-15T19:11:00.000000 -3189.313871613 -5431.358657332 -2354.173425206 -2.14661300247 -1.82878787412 7.15938223754
2024-06-15T19:12:00.000000 -3310.479707081 -5528.176746240 -1919.375674219 -1.89063164410 -1.39716743149 7.32817022026
2024-06-15T19:13:00.000000 -3416.007920902 -5598.881604674 -1475.485659474 -1.62556441410 -0.95869058357 7.46233091327
2024-06-15T19:14:00.000000 -3505.390763079 -5643.123989259 -1024.602180770 -1.35266478805 -0.51543362249 7.56118637684
2024-06-15T19:15:00.000000 -3578.196858849 -5660.680149263 -568.859709065 -1.07322448516 -0.06950260502 7.62422682791
2024-06-15T19:16:00.000000 -3634.073388873 -5651.453273559 -110.418118258 -0.78856943465 0.37697960261 7.65111531642
2024-06-15T19:17:00.000000 -3672.747921189 -5615.474156771 348.547715193 -0.50005160045 0.82188372981 7.64168872407
2024-06-15T19:18:00.000000 -3694.029797352 -5552.901387452 805.858325768 -0.20904505164 1.26308054036 7.59595819720
2024-06-15T19:19:00.000000 -3697.811330948 -5464.020915846 1259.340293922 0.08306086142 1.69845663258 7.51411316052
2024-06-15T19:20:00.000000 -3684.068477709 -5349.244851620 1706.836801889 0.37486768092 2.12592108493 7.39651895060
2024-06-15T19:21:00.000000 -3652.861172342 -5209.109713622 2146.218366763 0.66497665292 2.54342086889 7.24372041670
2024-06-15T19:22:00.000000 -3604.333048443 -5044.273742666 2575.393388939 0.95199763319 2.94895275504 7.05643437402
2024-06-15T19:23:00.000000 -3538.710738310 -4855.513704806 2992.318325807 1.23455517756 3.34057080785 6.83554550288
2024-06-15T19:24:00.000000 -3456.302803112 -4643.721133614 3395.007672417 1.51129507916 3.71639708082 6.58210313942
2024-06-15T19:25:00.000000 -3357.498147624 -4409.897946883 3781.543692583 1.78089508979 4.07463157603 6.29731520408
2024-06-15T19:26:00.000000 -3242.763980907 -4155.151505746 4150.085631009 2.04206695128 4.41356120004 5.98253834652
2024-06-15T19:27:00.000000 -3112.643764889 -3880.689236978 4498.878358042 2.29355777607 4.73156238914 5.63927054788
2024-06-15T19:28:00.000000 -2967.754748801 -3587.813049553 4826.261198267 2.53416580062 5.02711607695 5.26916081699
2024-06-15T19:29:00.000000 -2808.784368654 -3277.912383220 5130.676009188 2.76275048946 5.29881947872 4.87397319583
2024-06-15T19:30:00.000000 -2636.486933229 -2952.457700608 5410.674041372 2.97822523803 5.54537770876 4.45559208832
2024-06-15T19:31:00.000000 -2451.680024634 -2612.993453364 5664.923006625 3.17956795899 5.76562035661 4.01601162111
2024-06-15T19:32:00.000000 -2255.240569137 -2261.130521275 5892.213226285 3.36582357308 5.95850426075 3.55732353592
2024-06-15T19:33:00.000000 -2048.100644947 -1898.538439131 6091.463205869 3.53610924335 6.12311779302 3.08170679540
2024-06-15T19:34:00.000000 -1831.243051574 -1526.937443029 6261.724517012 3.68961790809 6.25868275124 2.59141603783
2024-06-15T19:35:00.000000 -1605.696650313 -1148.090469329 6402.186080470 3.82562180095 6.36455455692 2.08877464875
2024-06-15T19:36:00.000000 -1372.531457479 -763.794963938 6512.178068718 3.94347737361 6.44022759864 1.57616482547
2024-06-15T19:37:00.000000 -1132.853557057 -375.874523181 6591.175089186 4.04262623653 6.48533718330 1.05601762487
2024-06-15T19:38:00.000000 -887.799922219 13.829795920 6638.798756165 4.12259738354 6.49966659422 0.53079939221
2024-06-15T19:39:00.000000 -638.533140725 403.468319051 6654.819297038 4.18300835881 6.48314329667 0.00299608628
2024-06-15T19:40:00.000000 -386.235939743 791.191238844 6639.156614375 4.22357108187 6.43583712768 -0.52489103954
2024-06-15T19:41:00.000000 -132.105601263 1175.157325516 6591.880731615 4.24408765436 6.35796344958 -1.05036037616
2024-06-15T19:42:00.000000 122.651550000 1553.542613759 6513.211603990 4.24445586102 6.24988248613 -1.57091883246
2024-06-15T19:43:00.000000 376.825918129 1924.549026970 6403.518082081 4.22466796956 6.11209630875 -2.08409793292
2024-06-15T19:44:00.000000 629.210214552 2286.412777252 6263.316166565 4.18480859150 5.94524491863 -2.58746254695
2024-06-15T19:45:00.000000 878.605028420 2637.412521539 6093.266800867 4.12505630607 5.75010320290 -3.07861787085
2024-06-15T19:46:00.000000 1123.824473177 2975.877433998 5894.173092191 4.04568221975 5.52757966335 -3.55522137178
2024-06-15T19:47:00.000000 1363.701676617 3300.195225525 5666.977001752 3.94705033757 5.27871763419 -4.01498928968
2024-06-15T19:48:00.000000 1597.094501343 3608.820185158 5412.755289841 3.82962111103 5.00469147157 -4.45571473022
2024-06-15T19:49:00.000000 1822.891290047 3900.280768966 5132.714460460 3.69394868151 4.70679752006 -4.87528205951
2024-06-15T19:50:00.000000 2040.016222455 4173.186701241 4828.185009711 3.54067312926 4.38644797580 -5.27167464796
2024-06-15T19:51:00.000000 2247.434473695 4426.235806370 4500.615236493 3.37052064188 4.04516578040 -5.64298441764
2024-06-15T19:52:00.000000 2444.157282817 4658.220399092 4151.564447581 3.18430010083 3.68457713936 -5.98742024365
2024-06-15T19:53:00.000000 2629.246850553 4868.033342591 3782.695609670 2.98290018450 3.30640528862 -6.30332033628
2024-06-15T19:54:00.000000 2801.820911666 5054.673498932 3395.767353580 2.76728305027 2.91245944887 -6.58915787074
2024-06-15T19:55:00.000000 2961.057116995 5217.250761584 2992.625698864 2.53848309319 2.50463024404 -6.84354883020
2024-06-15T19:56:00.000000 3106.197198983 5354.990682051 2575.195151862 2.29760105504 2.08488081731 -7.06526238105
2024-06-15T19:57:00.000000 3236.550806855 5467.238510481 2145.469236807 2.04579890639 1.65523551629 -7.25323026543
2024-06-15T19:58:00.000000 3351.498935939 5553.462456242 1705.500576231 1.78429179050 1.21776714303 -7.40655105115
2024-06-15T19:59:00.000000 3450.496963634 5613.256324988 1257.390783807 1.51434322427 0.77458758388 -7.52449401071
2024-06-15T20:00:00.000000 3533.077396761 5646.341528730 803.280074334 1.23725943641 0.32783666052 -7.60650396832
2024-06-15T20:01:00.000000 3598.852177395 5652.568420288 345.336619472 0.95438066527 -0.12032926430 -7.65220436644
2024-06-15T20:02:00.000000 3647.514518970 5631.916961040 -114.254206850 0.66707474571 -0.56774811624 -7.66139867350
2024-06-15T20:03:00.000000 3678.840378158 5584.496736262 -573.300690412 0.37673080948 -1.01226309784 -7.63407254433
2024-06-15T20:04:00.000000 3692.689494868 5510.546255364 -1029.615770419 0.08475085746 -1.45173594092 -7.57039538327
2024-06-15T20:05:00.000000 3689.005860778 5410.431412192 -1481.027988718 -0.20746015187 -1.88406065161 -7.47071671863
2024-06-15T20:06:00.000000 3667.817691931 5284.643252585 -1925.392122484 -0.49850073655 -2.30717326005 -7.33556080434
2024-06-15T20:07:00.000000 3629.237044021 5133.795195359 -2360.599505312 -0.78697828928 -2.71905922835 -7.16562185231
2024-06-15T20:08:00.000000 3573.459087801 4958.619792958 -2784.588290260 -1.07151719970 -3.11776517932 -6.96176535151
2024-06-15T20:09:00.000000 3500.760766889 4759.964648349 -3195.353393105 -1.35076771967 -3.50141007702 -6.72501634113
2024-06-15T20:10:00.000000 3411.499161635 4538.787893846 -3590.955899734 -1.62340946307 -3.86819239885 -6.45655465392
2024-06-15T20:11:00.000000 3306.109509951 4296.153148312 -3969.532155809 -1.88815875364 -4.21639854683 -6.15770790054
2024-06-15T20:12:00.000000 3185.102789283 4033.224016246 -4329.302408692 -2.14377572248 -4.54441058434 -5.82994349565
2024-06-15T20:13:00.000000 3049.062937443 3751.258172103 -4668.578911562 -2.38906882012 -4.85071170252 -5.47486005812
2024-06-15T20:14:00.000000 2898.643798595 3451.601042942 -4985.773599362 -2.62290044188 -5.13389504684 -5.09417957341
2024-06-15T20:15:00.000000 2734.565737494 3135.679033460 -5279.405133181 -2.84419156514 -5.39266902769 -4.68973603441
2024-06-15T20:16:00.000000 2557.611976902 2804.992479633 -5548.105306824 -3.05192655164 -5.62586109261 -4.26346481208
2024-06-15T20:17:00.000000 2368.624715153 2461.108427831 -5790.624874895 -3.24515570654 -5.83242115541 -3.81739455699
2024-06-15T20:18:00.000000 2168.501050582 2105.653122239 -6005.838848683 -3.42299933824 -6.01142637940 -3.35363647336
2024-06-15T20:19:00.000000 1958.188690563 1740.304345459 -6192.751138446 -3.58465080307 -6.16208184929 -2.87437492078
2024-06-15T20:20:00.000000 1738.681421035 1366.783642036 -6350.498712519 -3.72938159581 -6.28372480362 -2.38185859906
2024-06-15T20:21:00.000000 1511.014338981 986.848266286 -6478.354991126 -3.85654302879 -6.37582710998 -1.87838463531
2024-06-15T20:22:00.000000 1276.259088158 602.283267422 -6575.732440454 -3.96556558580 -6.43798997506 -1.36629054972
2024-06-15T20:23:00.000000 1035.519083297 214.893655407 -6642.184930648 -4.05596028645 -6.46994812554 -0.84795097772
2024-06-15T20:24:00.000000 789.924560988 -173.503767944 -6677.409624008 -4.12732229742 -6.47157385639 -0.32576502913
2024-06-15T20:25:00.000000 540.627552730 -561.088642440 -6681.247998920 -4.17933003583 -6.44287562310 0.19785766867
2024-06-15T20:26:00.000000 288.796812447 -946.045029829 -6653.686216470 -4.21174773423 -6.38399102766 0.72050442133
2024-06-15T20:27:00.000000 35.612673085 -1326.569119196 -6594.855342871 -4.22442627027 -6.29518904124 1.23975797643
2024-06-15T20:28:00.000000 -217.738370439 -1700.877490361 -6505.031182485 -4.21730899209 -6.17687993518 1.75321652080
2024-06-15T20:29:00.000000 -470.068983707 -2067.215265883 -6384.632694427 -4.19042351757 -6.02960286113 2.25850926516
2024-06-15T20:30:00.000000 -720.196061739 -2423.863734417 -6234.220255964 -4.14388472242 -5.85402531735 2.75329417965
2024-06-15T20:31:00.000000 -966.946182309 -2769.148187481 -6054.493538590 -4.07790026662 -5.65094591924 3.23527381400
2024-06-15T20:32:00.000000 -1209.160991503 -3101.445547539 -5846.288336665 -3.99276355510 -5.42128566787 3.70220848683
2024-06-15T20:33:00.000000 -1445.702270280 -3419.191591053 -5610.573054000 -3.88885276111 -5.16608556493 4.15191887736
2024-06-15T20:34:00.000000 -1675.457063370 -3720.888130652 -5348.444780687 -3.76663191981 -4.88650506452 4.58229642760
2024-06-15T20:35:00.000000 -1897.342847765 -4005.110006624 -5061.124756237 -3.62665107515 -4.58381864768 4.99131343014
2024-06-15T20:36:00.000000 -2110.312579846 -4270.511891004 -4749.953167430 -3.46954255178 -4.25941192300 5.37703383008
2024-06-15T20:37:00.000000 -2313.359678018 -4515.834777700 -4416.383388185 -3.29602259540 -3.91477530871 5.73762344976
2024-06-15T20:38:00.000000 -2505.522847083 -4739.912012394 -4061.975500919 -3.10688306849 -3.55149625913 6.07135956043
2024-06-15T20:39:00.000000 -2685.890568085 -4941.675079745 -3688.389485158 -2.90299193141 -3.17125725278 6.37663797760
2024-06-15T20:40:00.000000 -2853.605556673 -5120.158878811 -3297.377679236 -2.68528698155 -2.77582097856 6.65198347730
2024-06-15T20:41:00.000000 -3007.868832822 -5274.506519366 -2890.777195515 -2.45477577483 -2.36703318042 6.89604790534
2024-06-15T20:42:00.000000 -3147.944023767 -5403.974169661 -2470.501601224 -2.21253501409 -1.94681272326 7.10763386903
2024-06-15T20:43:00.000000 -3273.161046170 -5507.934876655 -2038.531687294 -1.95969670957 -1.51713556534 7.28569718211
2024-06-15T20:44:00.000000 -3382.919369190 -5585.881825076 -1596.906277635 -1.69744706468 -1.08002915822 7.42934897927
2024-06-15T20:45:00.000000 -3476.691151301 -5637.431157387 -1147.712687765 -1.42702172037 -0.63756300062 7.53786239945
2024-06-15T20:46:00.000000 -3554.024026452 -5662.324255294 -693.076864618 -1.14970018128 -0.19184107515 7.61067806920
2024-06-15T20:47:00.000000 -3614.543565609 -5660.429478572 -235.153047363 -0.86679919833 0.25501112801 7.64741325389
2024-06-15T20:48:00.000000 -3657.955213575 -5631.742908497 223.886870346 -0.57966307763 0.70086401950 7.64786122974
2024-06-15T20:49:00.000000 -3684.045739769 -5576.388316259 681.863703286 -0.28965784672 1.14359101856 7.61198511494
2024-06-15T20:50:00.000000 -3692.684461960 -5494.616946977 1136.601231882 0.00183172273 1.58107073694 7.53992262244
2024-06-15T20:51:00.000000 -3683.824139000 -5386.806807402 1585.936970489 0.29341092479 2.01120259711 7.43199355803
2024-06-15T20:52:00.000000 -3657.501300185 -5253.460931715 2027.732944318 0.58368287922 2.43192135120 7.28869470821
2024-06-15T20:53:00.000000 -3613.836143683 -5095.204871145 2459.886238234 0.87125772985 2.84121033860 7.11069620424
2024-06-15T20:54:00.000000 -3553.031893712 -4912.783665196 2880.339096257 1.15475713690 3.23710298703 6.89883414349
2024-06-15T20:55:00.000000 -3475.374017359 -4707.058497116 3287.089111484 1.43282095302 3.61769882220 6.65411595318
2024-06-15T20:56:00.000000 -3381.228744841 -4479.002273887 3678.199104336 1.70411775309 3.98117436896 6.37770765532
2024-06-15T20:57:00.000000 -3271.041170832 -4229.694772398 4051.806508243 1.96735167020 4.32579274646 6.07092792162
2024-06-15T20:58:00.000000 -3145.332947306 -3960.317319507 4406.132138039 2.22126674312 4.64990554380 5.73523708264
2024-06-15T20:59:00.000000 -3004.699860638 -3672.147321670 4739.488707659 2.46464884170 4.95196163480 5.37223813697
2024-06-15T21:00:00.000000 -2849.808982379 -3366.551892923 5050.289145082 2.69633785171 5.23052269080 4.98366470794
2024-06-15T21:01:00.000000 -2681.395305322 -3044.981125897 5337.053993271 2.91522975172 5.48426169204 4.57137123256
2024-06-15T21:02:00.000000 -2500.258187180 -2708.961068948 5598.418610305 3.12028518250 5.71197590096 4.13732658835
2024-06-15T21:03:00.000000 -2307.257271719 -2360.086147145 5833.139352418 3.31053348542 5.91258768140 3.68359351399
2024-06-15T21:04:00.000000 -2103.308404108 -2000.011754407 6040.099111979 3.48507253336 6.08514377076 3.21232727880
2024-06-15T21:05:00.000000 -1889.379343046 -1630.446457715 6218.312689860 3.64307546574 6.22882611641 2.72576649243
2024-06-15T21:06:00.000000 -1666.485077452 -1253.143837634 6366.931300660 3.78379454150 6.34295216717 2.22621820878
2024-06-15T21:07:00.000000 -1435.683098162 -869.894322016 6485.246478608 3.90656153116 6.42697689523 1.71605202892
2024-06-15T21:08:00.000000 -1198.068429428 -482.516720897 6572.693629389 4.01079479866 6.48050112648 1.19769087918
2024-06-15T21:09:00.000000 -954.768304101 -92.849356877 6628.854491237 4.09600162814 6.50327103751 0.67358636699
2024-06-15T21:10:00.000000 -706.936954186 297.258288786 6653.458779063 4.16177578030 6.49517060509 0.14622129882
2024-06-15T21:11:00.000000 -455.750202292 685.954291921 6646.385774457 4.20780317782 6.45623350104 -0.38190685341
2024-06-15T21:12:00.000000 -202.400055159 1071.392992508 6607.664766767 4.23385964519 6.38663548264 -0.90829499370
2024-06-15T21:13:00.000000 51.910890125 1451.743667642 6537.475096984 4.23981607626 6.28669808945 -1.43044767328
2024-06-15T21:14:00.000000 305.975106758 1825.199133498 6436.145284541 4.22563718370 6.15688385901 -1.94588928061
2024-06-15T21:15:00.000000 558.585746963 2189.984154802 6304.151557799 4.19138112847 5.99779526488 -2.45217380560
2024-06-15T21:16:00.000000 808.542252594 2544.363715894 6142.115694825 4.13719879207 5.81016879268 -2.94689601637
2024-06-15T21:17:00.000000 1054.655930421 2886.651015556 5950.802601555 4.06333611403 5.59487709365 -3.42769224110
2024-06-15T21:18:00.000000 1295.755783912 3215.215756802 5731.117203589 3.97013635165 5.35292924680 -3.89226212331
2024-06-15T21:19:00.000000 1530.694179445 3528.492085097 5484.100233411 3.85803391969 5.08546358663 -4.33838032593
2024-06-15T21:20:00.000000 1758.352222980 3824.986228083 5210.923505542 3.72755299854 4.79374382844 -4.76390475858
2024-06-15T21:21:00.000000 1977.645221325 4103.283819188 4912.884539105 3.57930903290 4.47915176355 -5.16678877281
2024-06-15T21:22:00.000000 2187.528032444 4362.056862225 4591.400567236 3.41400412974 4.14318422090 -5.54509108966
2024-06-15T21:23:00.000000 2387.000151724 4600.070391386 4248.001778971 3.23242363483 3.78744320248 -5.89698907781
2024-06-15T21:24:00.000000 2575.110609766 4816.188484586 3884.324002770 3.03543275967 3.41362718073 -6.22078524885
2024-06-15T21:25:00.000000 2750.962654248 5009.379875891 3502.100950347 2.82397280720 3.02352492212 -6.51491604964
2024-06-15T21:26:00.000000 2913.718174985 5178.723091884 3103.155917477 2.59905648977 2.61900588875 -6.77795976761
2024-06-15T21:27:00.000000 3062.601859999 5323.411061137 2689.393110979 2.36176367711 2.20201316626 -7.00864209075
2024-06-15T21:28:00.000000 3196.905130379 5442.755388850 2262.788549924 2.11323861133 1.77455810328 -7.20584597425
2024-06-15T21:29:00.000000 3315.989865906 5536.190060420 1825.380212370 1.85468360506 1.33870563645 -7.36862457022
2024-06-15T21:30:00.000000 3419.291516274 5603.274184058 1379.257737429 1.58734777485 0.89656012821 -7.49620215050
2024-06-15T21:31:00.000000 3506.321823914 5643.694108813 926.552154350 1.31252446659 0.45025698539 -7.58797575583
2024-06-15T21:32:00.000000 3576.671299568 5657.264971200 469.425320072 1.03154446159 0.00195146113 -7.64352169716
2024-06-15T21:33:00.000000 3630.011194338 5643.931474677 10.059088812 0.74576693497 -0.44619455970 -7.66259675167
2024-06-15T21:34:00.000000 3666.094986270 5603.768009159 -449.355504789 0.45657261822 -0.89202186065 -7.64513857086
2024-06-15T21:35:00.000000 3684.759482259 5536.978125852 -906.629148619 0.16535718860 -1.33338649477 -7.59126693309
2024-06-15T21:36:00.000000 3685.925467430 5443.893200748 -1359.585140566 -0.12647729600 -1.76817367708 -7.50128122636
2024-06-15T21:37:00.000000 3669.597869257 5324.970432657 -1806.069974538 -0.41752890469 -2.19430512388 -7.37565526616
2024-06-15T21:38:00.000000 3635.865552842 5180.790362054 -2243.963800800 -0.70640333952 -2.60974945306 -7.21503639261
2024-06-15T21:39:00.000000 3584.900601849 5012.053833216 -2671.190746817 -0.99172194571 -3.01252953081 -7.02024348636
2024-06-15T21:40:00.000000 3516.957152441 4819.578265896 -3085.729153637 -1.27212973876 -3.40073982029 -6.79226225663
2024-06-15T21:41:00.000000 3432.369823300 4604.293031226 -3485.621140628 -1.54629927874 -3.77255425081 -6.53223233276
2024-06-15T21:42:00.000000 3331.551869337 4367.234522830 -3868.981776621 -1.81293867172 -4.12623343519 -6.24144423485
2024-06-15T21:43:00.000000 3214.992817204 4109.540679510 -4234.007816994 -2.07079786130 -4.46013293865 -5.92132891098
2024-06-15T21:44:00.000000 3083.255846914 3832.445125588 -4578.985886681 -2.31867265862 -4.77270813342 -5.57344983607
2024-06-15T21:45:00.000000 2936.974903760 3537.271060724 -4902.300255537 -2.55540929464 -5.06251951243 -5.19949767753
2024-06-15T21:46:00.000000 2776.851408066 3225.424595391 -5202.440215578 -2.77991402685 -5.32824403243 -4.80127928135
2024-06-15T21:47:00.000000 2603.650532257 2898.387715825 -5478.006581182 -2.99115551707 -5.56867580641 -4.38070455746
2024-06-15T21:48:00.000000 2418.197348552 2557.711093977 -5727.717671572 -3.18816913785 -5.78273206430 -3.93977815204
2024-06-15T21:49:00.000000 2221.372764615 2205.006590243 -5950.414633911 -3.37005863053 -5.96945633260 -3.48058783826
2024-06-15T21:50:00.000000 2014.109363403 1841.939687796 -6145.066117783 -3.53599812678 -6.12801722020 -3.00529530207
2024-06-15T21:51:00.000000 1797.387038169 1470.221912949 -6310.772637084 -3.68523793916 -6.25771320449 -2.51613275625
2024-06-15T21:52:00.000000 1572.228249565 1091.602829726 -6446.770331767 -3.81710827426 -6.35797724676 -2.01538600599
2024-06-15T21:53:00.000000 1339.693337098 707.862051153 -6552.433879016 -3.93101681460 -6.42837542344 -1.50538634265
2024-06-15T21:54:00.000000 1100.875733260 320.801159916 -6627.278930622 -4.02645306859 -6.46860911132 -0.98849943698
2024-06-15T21:55:00.000000 856.897025664 -67.764384520 -6670.963843766 -4.10298913690 -6.47851420820 -0.46711468714
2024-06-15T21:56:00.000000 608.902005730 -456.013238820 -6683.290844226 -4.16027967710 -6.45805835986 0.05636219949
2024-06-15T21:57:00.000000 358.053619532 -842.126056549 -6664.206887570 -4.19806550502 -6.40734063851 0.57951341698
2024-06-15T21:58:00.000000 105.527683729 -1224.293530145 -6613.804169729 -4.21617724212 -6.32659818744 1.09991860246
2024-06-15T21:59:00.000000 -147.492460974 -1600.724735954 -6532.319649981 -4.21453247491 -6.21620485344 1.61517482314
2024-06-15T22:00:00.000000 -399.821108669 -1969.655047640 -6420.133790650 -4.19313539384 -6.07666262882 2.12290175510
2024-06-15T22:01:00.000000 -650.275455506 -2329.353865338 -6277.769130290 -4.15207867587 -5.90860560157 2.62074590551
2024-06-15T22:02:00.000000 -897.680927069 -2678.132670402 -6105.888106450 -4.09154362841 -5.71280003974 3.10640054059
2024-06-15T22:03:00.000000 -1140.876400270 -3014.352549057 -5905.289983351 -4.01179696233 -5.49013252685 3.57761101280
2024-06-15T22:04:00.000000 -1378.719350065 -3336.431441302 -5676.907710584 -3.91319269677 -5.24161252912 4.03217769727
2024-06-15T22:05:00.000000 -1610.091160872 -3642.851533559 -5421.804126691 -3.79617283294 -4.96837008998 4.46797355588
2024-06-15T22:06:00.000000 -1833.902197160 -3932.166166480 -5141.167358514 -3.66126136610 -4.67164748525 4.88294868416
2024-06-15T22:07:00.000000 -2049.096834504 -4203.006729058 -4836.306000606 -3.50906796561 -4.35280312728 5.27514133822
2024-06-15T22:08:00.000000 -2254.658461025 -4454.089299794 -4508.643337413 -3.34028265866 -4.01330002599 5.64269050851
2024-06-15T22:09:00.000000 -2449.614261064 -4684.220762108 -4159.711183064 -3.15567524312 -3.65470153013 5.98384153702
2024-06-15T22:10:00.000000 -2633.039917600 -4892.304659386 -3791.143129825 -2.95609163965 -3.27866475165 6.29695784287
2024-06-15T22:11:00.000000 -2804.064052682 -5077.346584167 -3404.667266640 -2.74245004832 -2.88693324482 6.58052726271
2024-06-15T22:12:00.000000 -2961.872460646 -5238.459195152 -3002.098498982 -2.51573754345 -2.48133155020 6.83316937779
2024-06-15T22:13:00.000000 -3105.712173858 -5374.866903297 -2585.330375687 -2.27700799279 -2.06375865438 7.05364480798
2024-06-15T22:14:00.000000 -3234.895383470 -5485.910030162 -2156.326331543 -2.02737838869 -1.63617732509 7.24086503718
2024-06-15T22:15:00.000000 -3348.802970562 -5571.048298763 -1717.110403448 -1.76801995697 -1.20060334349 7.39389896618
2024-06-15T22:16:00.000000 -3446.887588841 -5629.863770254 -1269.757697866 -1.50015353848 -0.75909739538 7.51197643047
2024-06-15T22:17:00.000000 -3528.676513150 -5662.063211219 -816.384525093 -1.22504418200 -0.31375347357 7.59449480079
2024-06-15T22:18:00.000000 -3593.774042275 -5667.479782256 -359.138313042 -0.94399367552 0.13331002141 7.64101940314
2024-06-15T22:19:00.000000 -3641.863652796 -5646.074321712 99.812591975 -0.65833892582 0.57995788768 7.65128947462
2024-06-15T22:20:00.000000 -3672.709862560 -5597.935858655 558.289612790 -0.36944198678 1.02405517819 7.62522470627
2024-06-15T22:21:00.000000 -3686.159382680 -5523.281194834 1014.114585295 -0.07868035544 1.46347791315 7.56291740632
2024-06-15T22:22:00.000000 -3682.142057367 -5422.454228493 1465.120146357 0.21255376437 1.89611596220 7.46463827603
2024-06-15T22:23:00.000000 -3660.671358206 -5295.924536759 1909.160638901 0.50286659084 2.31989246439 7.33083797670
2024-06-15T22:24:00.000000 -3621.844319580 -5144.285091367 2344.122650774 0.79086708096 2.73277296444 7.16214072808
2024-06-15T22:25:00.000000 -3565.841177365 -4968.249328141 2767.935380848 1.07517489954 3.13277820795 6.95934172591
2024-06-15T22:26:00.000000 -3492.924381357 -4768.647586771 3178.580715426 1.35443112317 3.51799178269 6.72340092092
2024-06-15T22:27:00.000000 -3403.437161123 -4546.423135196 3574.102890957 1.62730180347 3.88656637516 6.45543531803
2024-06-15T22:28:00.000000 -3297.802147912 -4302.627905038 3952.617942398 1.89247548172 4.23673104970 6.15672409082
2024-06-15T22:29:00.000000 -3176.519367594 -4038.417050790 4312.323307814 2.14868679549 4.56681601338 5.82869404518
2024-06-15T22:30:00.000000 -3040.163523828 -3755.043221293 4651.506052986 2.39471033556 4.87524293010 5.47290953906
2024-06-15T22:31:00.000000 -2889.381400731 -3453.850506456 4968.551289687 2.62937246477 5.16054318829 5.09107076790
2024-06-15T22:32:00.000000 -2724.888349223 -3136.267830517 5261.949761987 2.85156017633 5.42135775039 4.68499692204
2024-06-15T22:33:00.000000 -2547.464867211 -2803.802210823 5530.304862222 3.06021579461 5.65644485082 4.25662366689
2024-06-15T22:34:00.000000 -2357.952955129 -2458.031380583 5772.339374266 3.25434873711 5.86468952361 3.80799204756
2024-06-15T22:35:00.000000 -2157.251897174 -2100.596143137 5986.901332571 3.43304015728 6.04510475342 3.34123422060
2024-06-15T22:36:00.000000 -1946.313971577 -1733.192655859 6172.969200938 3.59544235558 6.19683238363 2.85856539311
2024-06-15T22:37:00.000000 -1726.140076330 -1357.564516038 6329.656823563 3.74078419217 6.31915166548 2.36228060437
2024-06-15T22:38:00.000000 -1497.774900576 -975.494306481 6456.217629791 3.86837725106 6.41148319752 1.85473534896
2024-06-15T22:39:00.000000 -1262.301915646 -588.795127404 6552.047960659 3.97761779634 6.47338970903 1.33833602024
2024-06-15T22:40:00.000000 -1020.838224857 -199.302070308 6616.689751586 4.06798823122 6.50457466567 0.81552811527
2024-06-15T22:41:00.000000 -774.529369970 191.136300891 6649.832701160 4.13905941629 6.50488759471 0.28878847857
2024-06-15T22:42:00.000000 -524.543962262 580.666736208 6651.315531277 4.19049048806 6.47432036166 -0.23939229590
2024-06-15T22:43:00.000000 -272.068350442 967.439772324 6621.126885533 4.22203264715 6.41300926924 -0.76651027600
2024-06-15T22:44:00.000000 -18.300980622 1349.618511385 6559.405515845 4.23353107319 6.32123593789 -1.29006801891
2024-06-15T22:45:00.000000 235.553199540 1725.387187714 6466.439573421 4.22492369493 6.19942251892 -1.80758398160
2024-06-15T22:46:00.000000 488.288309086 2092.959581693 6342.665465518 4.19624181960 6.04813212697 -2.31659976981
2024-06-15T22:47:00.000000 738.703197806 2450.587464466 6188.666091094 4.14761215274 5.86806744157 -2.81469271477
2024-06-15T22:48:00.000000 985.607181985 2796.568886918 6005.168308124 4.07925621766 5.66006775951 -3.29948900028
2024-06-15T22:49:00.000000 1227.825633056 3129.256273287 5793.039729765 3.99148788430 5.42510631690 -3.76867176534
2024-06-15T22:50:00.000000 1464.205598117 3447.064425822 5553.284971192 3.88471623801 5.16428813263 -4.21999378034
2024-06-15T22:51:00.000000 1693.621476109 3748.478208523 5287.041008553 3.75944223443 4.87884206159 -4.65129174110
2024-06-15T22:52:00.000000 1914.980343067 4032.059865830 4995.571999781 3.61625476569 4.57011919395 -5.06049157345
2024-06-15T22:53:00.000000 2127.227222607 4296.456212705 4680.263466544 3.45582920939 4.23958531465 -5.44562279397
2024-06-15T22:54:00.000000 2329.350297784 4540.405333282 4342.615863488 3.27892862233 3.88881604711 -5.80482818691
2024-06-15T22:55:00.000000 2520.385946487 4762.742848185 3984.237328920 3.08639506575 3.51948534923 -6.13637569573
2024-06-15T22:56:00.000000 2699.423372425 4962.407608915 3606.836082592 2.87914737476 3.13335925879 -6.43866269653
2024-06-15T22:57:00.000000 2865.609175611 5138.447045295 3212.212380758 2.65817920290 2.73229001531 -6.71022595915
2024-06-15T22:58:00.000000 3018.151682177 5290.022078917 2802.249793492 2.42455331775 2.31820627470 -6.94975321658
2024-06-15T22:59:00.000000 3156.324869777 5416.411323955 2378.905922846 2.17939419650 1.89310071765 -7.15608937878
2024-06-15T23:00:00.000000 3279.471931010 5517.014673717 1944.202895497 1.92388410761 1.45902225261 -7.32823977926
2024-06-15T23:01:00.000000 3387.008618599 5591.356456040 1500.217486680 1.65925825600 1.01806786884 -7.46537924980
2024-06-15T23:02:00.000000 3478.426173668 5639.087886151 1049.070719262 1.38679638065 0.57236780764 -7.56685787538
2024-06-15T23:03:00.000000 3553.293833059 5659.988753592 592.917338078 1.10781795728 0.12407600552 -7.63220281746
2024-06-15T23:04:00.000000 3611.260985596 5653.968429349 133.934990462 0.82367311681 -0.32464463901 -7.66112315571
2024-06-15T23:05:00.000000 3652.058721252 5621.066087955 -325.686595557 0.53573454916 -0.77163117598 -7.65350745445
2024-06-15T23:06:00.000000 3675.501042055 5561.450397081 -783.756488364 0.24539171217 -1.21473311732 -7.60942685754
2024-06-15T23:07:00.000000 3681.485573638 5475.418355300 -1238.093366858 -0.04595843686 -1.65182381413 -7.52912962198
2024-06-15T23:08:00.000000 3669.993929297 5363.393708060 -1686.536139793 -0.33691408265 -2.08080790821 -7.41304298996
2024-06-15T23:09:00.000000 3641.091674915 5225.924527334 -2126.954683262 -0.62608041939 -2.49963774235 -7.26177019675
2024-06-15T23:10:00.000000 3594.927741364 5063.680154947 -2557.260238662 -0.91207427593 -2.90632093576 -7.07608661599
2024-06-15T23:11:00.000000 3531.733490675 4877.447497900 -2975.415584086 -1.19353274277 -3.29893255609 -6.85693360749
2024-06-15T23:12:00.000000 3451.821220534 4668.126714067 -3379.444786425 -1.46912191138 -3.67562379692 -6.60541140600
2024-06-15T23:13:00.000000 3355.582275830 4436.726397935 -3767.442491104 -1.73754162228 -4.03463021836 -6.32277099214
2024-06-15T23:14:00.000000 3243.484867649 4184.358304576 -4137.582758245 -1.99753081772 -4.37427921009 -6.01040768852
2024-06-15T23:15:00.000000 3116.071512771 3912.231544446 -4488.127483834 -2.24787496155 -4.69299910332 -5.66985206802
2024-06-15T23:16:00.000000 2973.956072365 3621.646394024 -4817.434206587 -2.48741096676 -4.98932365396 -5.30276032196
2024-06-15T23:17:00.000000 2817.820554133 3313.987788059 -5123.963381789 -2.71503109648 -5.26189797855 -4.91090514600
2024-06-15T23:18:00.000000 2648.411663237 2990.718499606 -5406.285084492 -2.92968719945 -5.50948309320 -4.49616630633
2024-06-15T23:19:00.000000 2466.537099108 2653.372070051 -5663.085183390 -3.13039521172 -5.73095969441 -4.06052262938
2024-06-15T23:20:00.000000 2273.061543071 2303.545509778 -5893.171010698 -3.31624027550 -5.92533185722 -3.60604224032
2024-06-15T23:21:00.000000 2068.902459908 1942.891774619 -6095.476454522 -3.48637821955 -6.09173230255 -3.13487414709
2024-06-15T23:22:00.000000 1855.025725314 1573.111786461 -6269.066406496 -3.64004023147 -6.22942923082 -2.64923267478
2024-06-15T23:23:00.000000 1632.441045687 1195.946503941 -6413.140245230 -3.77653428030 -6.33781877547 -2.15138652923
2024-06-15T23:24:00.000000 1402.197263226 813.169206459 -6527.035075523 -3.89524844437 -6.41642919241 -1.64365583224
2024-06-15T23:25:00.000000 1165.377500806 426.577378255 -6610.228367122 -3.99565187703 -6.46492517689 -1.12839700130
2024-06-15T23:26:00.000000 923.094308879 37.984618314 -6662.339778891 -4.07729448686 -6.48310388643 -0.60799213415
2024-06-15T23:27:00.000000 676.484798506 -350.787218905 -6683.132578221 -4.13980820369 -6.47089358684 -0.08484566586
2024-06-15T23:28:00.000000 426.705580229 -737.916026210 -6672.514848504 -4.18291207795 -6.42835880540 0.43862150675
2024-06-15T23:29:00.000000 174.927461305 -1121.587789212 -6630.539966329 -4.20641320647 -6.35570400425 0.95999060583
2024-06-15T23:30:00.000000 -77.669763426 -1500.004759241 -6557.406080943 -4.21020526902 -6.25326632670 1.47685526675
2024-06-15T23:31:00.000000 -329.902556863 -1871.393359652 -6453.455120648 -4.19426933262 -6.12151325661 1.98683119874
2024-06-15T23:32:00.000000 -580.588790731 -2234.011868577 -6319.171371181 -4.15867191793 -5.96104091472 2.48755684100
2024-06-15T23:33:00.000000 -828.553040638 -2586.158454395 -6155.179795149 -4.10357002648 -5.77258179121 2.97670952651
2024-06-15T23:34:00.000000 -1072.631928241 -2926.178973418 -5962.243095363 -4.02920773687 -5.55699120565 3.45202069227
2024-06-15T23:35:00.000000 -1311.679297750 -3252.474207148 -5741.258421362 -3.93591458454 -5.31524497971 3.91127852882
2024-06-15T23:36:00.000000 -1544.571265912 -3563.507098270 -5493.253750601 -3.82410385414 -5.04843916462 4.35233492652
2024-06-15T23:37:00.000000 -1770.211378577 -3857.809939159 -5219.383780666 -3.69427680241 -4.75778869777 4.77311671885
2024-06-15T23:38:00.000000 -1987.535816172 -4133.991329997 -4920.925008454 -3.54701916753 -4.44462117062 5.17163849487
2024-06-15T23:39:00.000000 -2195.518359575 -4390.742766207 -4599.270229279 -3.38299824465 -4.11037142953 5.54601039241
2024-06-15T23:40:00.000000 -2393.175222212 -4626.844943607 -4255.922532377 -3.20296070849 -3.75657700232 5.89444751614
2024-06-15T23:41:00.000000 -2579.569734340 -4841.173728725 -3892.488722014 -3.00773012862 -3.38487169018 6.21527901911
2024-06-15T23:42:00.000000 -2753.816880668 -5032.705751152 -3510.672202540 -2.79820404962 -2.99697935048 6.50695729845
2024-06-15T23:43:00.000000 -2915.087625626 -5200.523584660 -3112.265317901 -2.57535045565 -2.59470617234 6.76806667422
2024-06-15T23:44:00.000000 -3062.613036055 -5343.820435719 -2699.141195878 -2.34020400241 -2.17993244012 6.99733123896
2024-06-15T23:45:00.000000 -3195.688151926 -5461.904360529 -2273.245131150 -2.09386168869 -1.75460463862 7.19362288638
2024-06-15T23:46:00.000000 -3313.675550239 -5554.201909973 -1836.585491911 -1.83747672033 -1.32072436797 7.35596762502
2024-06-15T23:47:00.000000 -3416.008580226 -5620.261206277 -1391.224384475 -1.57225435228 -0.88034143449 7.48354953042
2024-06-15T23:48:00.000000 -3502.194326326 -5659.754573980 -939.267916588 -1.29944606427 -0.43554399305 7.57571870545
2024-06-15T23:49:00.000000 -3571.816208739 -5672.480475389 -482.856103959 -1.02034392523 0.01155342241 7.63199542295
2024-06-15T23:50:00.000000 -3624.536209656 -5658.364760931 -24.152566286 -0.73627325325 0.45882079487 7.65207283059
2024-06-15T23:51:00.000000 -3660.096658033 -5617.461324398 434.665855627 -0.44858628131 0.90412092298 7.63581735684
2024-06-15T23:52:00.000000 -3678.321699530 -5549.952305173 891.419660912 -0.15865656437 1.34531891964 7.58327501632
2024-06-15T23:53:00.000000 -3679.118319243 -5456.147446835 1343.937530106 0.13212941261 1.78029844033 7.49467227975
2024-06-15T23:54:00.000000 -3662.476849128 -5336.482573507 1790.067077948 0.42238140833 2.20697512805 7.37041226103
2024-06-15T23:55:00.000000 -3628.471044489 -5191.517447362 2227.685190386 0.71070882653 2.62330249129 7.21106763661
2024-06-15T23:56:00.000000 -3577.257983297 -5021.933311132 2654.708357049 0.99572736169 3.02728019529 7.01738687618
2024-06-15T23:57:00.000000 -3509.077226545 -4828.529605980 3069.103171938 1.27607334303 3.41697120506 6.79028907067
2024-06-15T23:58:00.000000 -3424.249466237 -4612.219864498 3468.896132447 1.55040611181 3.79050981083 6.53085091393
2024-06-15T23:59:00.000000 -3323.175014706 -4374.027327116 3852.183032184 1.81741399152 4.14610635545 6.24030524311
2024-06-16T00:00:00.000000 -3206.331828195 -4115.080095991 4217.138174501 2.07582110336 4.48205627897 5.92003517935
2024-06-16T00:01:00.000000 -3074.273255389 -3836.605765708 4562.023284235 2.32439124086 4.79675038460 5.57157112060
2024-06-16T00:02:00.000000 -2927.625401228 -3539.925247625 4885.196063448 2.56193713070 5.08868820375 5.19657897516
2024-06-16T00:03:00.000000 -2767.083950050 -3226.446173154 5185.117922139 2.78732753378 5.35648034414 4.79684861380
2024-06-16T00:04:00.000000 -2593.410670409 -2897.656061511 5460.361151039 2.99949135654 5.59885370766 4.37428459904
2024-06-16T00:05:00.000000 -2407.429727200 -2555.115250094 5709.615591625 3.19742045801 5.81465534310 3.93089983016
2024-06-16T00:06:00.000000 -2210.023748076 -2200.449400012 5931.694885551 3.38017540943 6.00286233476 3.46880541805
2024-06-16T00:07:00.000000 -2002.129527550 -1835.341593989 6125.541884012 3.54689038701 6.16258247552 2.99019588197
2024-06-16T00:08:00.000000 -1784.733562532 -1461.524530938 6290.233544980 3.69677506505 6.29305629306 2.49734617664
2024-06-16T00:09:00.000000 -1558.867378640 -1080.772158704 6424.985353653 3.82911941273 6.39366835748 1.99259473462
2024-06-16T00:10:00.000000 -1325.602651412 -694.891217308 6529.154683841 3.94329573123 6.46394077659 1.47833306022
2024-06-16T00:11:00.000000 -1086.046156897 -305.712876188 6602.243836295 4.03876196314 6.50353787754 0.95699840337
2024-06-16T00:12:00.000000 -841.334507826 84.915946788 6643.902363560 4.11506612802 6.51227011558 0.43105810048
2024-06-16T00:13:00.000000 -592.628851851 475.141139163 6653.928477085 4.17184207811 6.49008754210 -0.09699852870
2024-06-16T00:14:00.000000 -341.109551255 863.110007554 6632.270263741 4.20881642844 6.43708762548 -0.62466895754
2024-06-16T00:15:00.000000 -87.970592552 1246.980053913 6579.025935018 4.22580827438 6.35351232585 -1.14945313920
2024-06-16T00:16:00.000000 165.585981384 1624.927549346 6494.443399676 4.22273031545 6.23974493979 -1.66886237934
2024-06-16T00:17:00.000000 418.355737602 1995.156021752 6378.919313147 4.19959003300 6.09631099656 -2.18042957266
2024-06-16T00:18:00.000000 669.137500142 2355.904777623 6232.997372613 4.15648864646 5.92387696522 -2.68172230357
2024-06-16T00:19:00.000000 916.738994407 2705.457210040 6057.365906019 4.09362138280 5.72324515010 -3.17035326142
2024-06-16T00:20:00.000000 1159.982469957 3042.148901246 5852.854939715 4.01127740620 5.49535303232 -3.64398855579
2024-06-16T00:21:00.000000 1397.710326944 3364.375682307 5620.432559689 3.90983860114 5.24127044373 -4.10036244148
2024-06-16T00:22:00.000000 1628.790602218 3670.601374076 5361.200496538 3.78977787926 4.96219300195 -4.53728666685
2024-06-16T00:23:00.000000 1852.122469161 3959.365264259 5076.389275254 3.65165998608 4.65944066096 -4.95265862672
2024-06-16T00:24:00.000000 2066.641649360 4229.289457056 4767.352591952 3.49613732030 4.33445229710 -5.34447764462
2024-06-16T00:25:00.000000 2271.325542788 4479.085736280 4435.560834085 3.32394708982 3.98877655381 -5.71085703999
2024-06-16T00:26:00.000000 2465.198286573 4707.561722869 4082.593960599 3.13590889423 3.62405862542 -6.05002994327
2024-06-16T00:27:00.000000 2647.335553519 4913.626807311 3710.134260799 2.93292026830 3.24204501807 -6.36035651931
2024-06-16T00:28:00.000000 2816.869079833 5096.297769806 3319.958179713 2.71595203459 2.84456636855 -6.64033790001
2024-06-16T00:29:00.000000 2972.990982923 5254.703593880 2913.927791199 2.48604512449 2.43353109843 -6.88862036275
2024-06-16T00:30:00.000000 3114.957775728 5388.089911547 2493.981862924 2.24430456588 2.01091846697 -7.10400203609
2024-06-16T00:31:00.000000 3242.094208408 5495.823028976 2062.126442984 1.99189948658 1.57876814231 -7.28544449546
2024-06-16T00:32:00.000000 3353.796800489 5577.392989157 1620.424819394 1.73005024045 1.13916448896 -7.43207785299
2024-06-16T00:33:00.000000 3449.536626621 5632.416228113 1170.987307475 1.46002169665 0.69423400076 -7.54320703132
2024-06-16T00:34:00.000000 3528.861889018 5660.637388013 715.960552518 1.18311884028 0.24612067939 -7.61831286519
2024-06-16T00:35:00.000000 3591.400224144 5661.930360986 257.517268390 0.90068342355 -0.20301039003 -7.65704986485
2024-06-16T00:36:00.000000 3636.860527501 5636.299117642 -202.154773999 0.61407999605 -0.65099287821 -7.65925981148
2024-06-16T00:37:00.000000 3665.034121173 5583.877332503 -660.863605127 0.32469202391 -1.09566996176 -7.62496072717
2024-06-16T00:38:00.000000 3675.795839884 5504.927670421 -1116.423782991 0.03391763248 -1.53490086177 -7.55435384228
2024-06-16T00:39:00.000000 3669.104528856 5399.840321976 -1566.667481841 -0.25684244610 -1.96657851323 -7.44782355468
2024-06-16T00:40:00.000000 3645.002942233 5269.130596331 -2009.455227183 -0.54619310722 -2.38864080269 -7.30592980503
2024-06-16T00:41:00.000000 3603.617229716 5113.435904379 -2442.686270569 -0.83275058811 -2.79908108337 -7.12940227899
2024-06-16T00:42:00.000000 3545.156084524 4933.512271133 -2864.308650352 -1.11514831114 -3.19595354810 -6.91913778842
2024-06-16T00:43:00.000000 3469.909445657 4730.230310285 -3272.329193730 -1.39204662379 -3.57738741467 -6.67619743349
2024-06-16T00:44:00.000000 3378.246614731 4504.570331173 -3664.822905449 -1.66213974305 -3.94159656569 -6.40179026409
2024-06-16T00:45:00.000000 3270.614239765 4257.617302357 -4039.941707791 -1.92415612748 -4.28688009604 -6.09727213227
2024-06-16T00:46:00.000000 3147.533990369 3990.555279809 -4395.923228227 -2.17686884834 -4.61163916909 -5.76414104934
2024-06-16T00:47:00.000000 3009.599568959 3704.661032461 -4731.098676956 -2.41910368496 -4.91438018109 -5.40401636067
2024-06-16T00:48:00.000000 2857.473585792 3401.297881449 -5043.900047874 -2.64973859653 -5.19371386478 -5.01863818116
2024-06-16T00:49:00.000000 2691.884259393 3081.909081856 -5332.867170520 -2.86770950010 -5.44836592645 -4.60985906006
2024-06-16T00:50:00.000000 2513.621793457 2748.010760316 -5596.654158905 -3.07201527401 -5.67718262488 -4.17963416933
2024-06-16T00:51:00.000000 2323.534441818 2401.184531284 -5834.035230882 -3.26172266896 -5.87913535775 -3.73000990937
2024-06-16T00:52:00.000000 2122.524318733 2043.069896413 -6043.909853570 -3.43597038532 -6.05332362338 -3.26311315640
2024-06-16T00:53:00.000000 1911.542967297 1675.356476338 -6225.307196538 -3.59397180317 -6.19897698382 -2.78113785654
2024-06-16T00:54:00.000000 1691.586961933 1299.776310246 -6377.389893305 -3.73501289659 -6.31545223155 -2.28633934886
2024-06-16T00:55:00.000000 1463.693372545 918.096009665 -6499.457675921 -3.85845926848 -6.40224225763 -1.78102952595
2024-06-16T00:56:00.000000 1228.934821413 532.108437604 -6590.950069202 -3.96375956943 -6.45897634210 -1.26755279763
2024-06-16T00:57:00.000000 988.414638685 143.624928958 -6651.448214388 -4.05044188395 -6.48541096023 -0.74828685042
2024-06-16T00:58:00.000000 743.262002277 -245.532641996 -6680.676793861 -4.11811685544 -6.48143862603 -0.22563669311
2024-06-16T00:59:00.000000 494.626873442 -633.540129522 -6678.505326873 -4.16648173702 -6.44709189754 0.29797815622
2024-06-16T01:00:00.000000 243.674782423 -1018.579464471 -6644.948469807 -4.19532015859 -6.38253933850 0.82014055752
2024-06-16T01:01:00.000000 -8.418376558 -1398.846673819 -6580.165679502 -4.20450291183 -6.28808231703 1.33844265081
2024-06-16T01:02:00.000000 -260.471514068 -1772.559797898 -6484.460374644 -4.19398597402 -6.16415236722 1.85049416756
2024-06-16T01:03:00.000000 -511.303518221 -2137.966657863 -6358.278804745 -4.16381332763 -6.01131203349 2.35392579862
2024-06-16T01:04:00.000000 -759.738613132 -2493.352875054 -6202.208310361 -4.11411835843 -5.83025729723 2.84640741651
2024-06-16T01:05:00.000000 -1004.611565512 -2837.049545660 -6016.974597161 -4.04511850313 -5.62180730475 3.32565667516
2024-06-16T01:06:00.000000 -1244.772735316 -3167.440607669 -5803.438817338 -3.95711662570 -5.38690425219 3.78944247661
2024-06-16T01:07:00.000000 -1479.093267951 -3482.970226705 -5562.594246458 -3.85050316635 -5.12661390822 4.23559342822
2024-06-16T01:08:00.000000 -1706.470404279 -3782.150229209 -5295.562284518 -3.72575683097 -4.84212484581 4.66201342124
2024-06-16T01:09:00.000000 -1925.832628236 -4063.567181432 -5003.587480315 -3.58344034142 -4.53473802883 5.06669439513
2024-06-16T01:10:00.000000 -2136.144700188 -4325.888923412 -4688.032069595 -3.42419922655 -4.20586112407 5.44772317753
2024-06-16T01:11:00.000000 -2336.412465886 -4567.870829626 -4350.370023062 -3.24875717737 -3.85700316642 5.80328931490
2024-06-16T01:12:00.000000 -2525.687508535 -4788.361752733 -3992.180715310 -3.05791497897 -3.48977074973 6.13169129165
2024-06-16T01:13:00.000000 -2703.071728727 -4986.309764043 -3615.142074395 -2.85254843528 -3.10586339537 6.43134728086
2024-06-16T01:14:00.000000 -2867.721734711 -5160.767503363 -3221.023106980 -2.63360490292 -2.70706580991 6.70080460190
2024-06-16T01:15:00.000000 -3018.853047464 -5310.897050928 -2811.675871760 -2.40209983757 -2.29523983647 6.93874940872
2024-06-16T01:16:00.000000 -3155.743955448 -5435.974229205 -2389.026896523 -2.15910884000 -1.87231342515 7.14401292567
2024-06-16T01:17:00.000000 -3277.739077887 -5535.392473256 -1955.068486075 -1.90576816742 -1.44027908361 7.31557394605
2024-06-16T01:18:00.000000 -3384.252944909 -5608.666366518 -1511.849319815 -1.64326950296 -1.00117843638 7.45257536687
2024-06-16T01:19:00.000000 -3474.772983772 -5655.434133492 -1061.464649500 -1.37285053999 -0.55709127448 7.55432207727
2024-06-16T01:20:00.000000 -3548.862194325 -5675.459812195 -606.046395411 -1.09579195635 -0.11012922304 7.62028847298
2024-06-16T01:21:00.000000 -3606.161498125 -5668.634689650 -147.752777285 -0.81340825653 0.33757999185 7.65012314935
2024-06-16T01:22:00.000000 -3646.391520223 -5634.978022625 311.242014797 -0.52704215827 0.78389868455 7.64364556356
2024-06-16T01:23:00.000000 -3669.354245631 -5574.637443725 768.758310299 -0.23806093637 1.22668813043 7.60085503404
2024-06-16T01:24:00.000000 -3674.934131165 -5487.888490950 1222.621850189 0.05215521363 1.66382638310 7.52193183100
2024-06-16T01:25:00.000000 -3663.098639828 -5375.133187363 1670.674451683 0.34222027624 2.09322023339 7.40723045032
2024-06-16T01:26:00.000000 -3633.898487962 -5236.898166259 2110.784365496 0.63074598049 2.51281043578 7.25727795561
2024-06-16T01:27:00.000000 -3587.467580042 -5073.832334202 2540.856689425 0.91634933343 2.92058258095 7.07277529227
2024-06-16T01:28:00.000000 -3524.022394997 -4886.703811760 2958.843709667 1.19766200764 3.31457925129 6.85459360510
2024-06-16T01:29:00.000000 -3443.860920523 -4676.396162040 3362.754950700 1.47333651704 3.69291158770 6.60376854172
2024-06-16T01:30:00.000000 -3347.361195543 -4443.904003494 3750.666825236 1.74205309952 4.05376763475 6.32149310211
2024-06-16T01:31:00.000000 -3234.979432299 -4190.328184354 4120.731921895 2.00252680801 4.39541985217 6.00911251075
2024-06-16T01:32:00.000000 -3107.247751557 -3916.870441784 4471.187966547 2.25351354688 4.71623459790 5.66811842224
2024-06-16T01:33:00.000000 -2964.771501499 -3624.827450386 4800.366307586 2.49381711749 5.01468181143 5.30013727337
2024-06-16T01:34:00.000000 -2808.226324881 -3315.584557141 5106.699700266 2.72229130894 5.28933643134 4.90692343682
2024-06-16T01:35:00.000000 -2638.354933744 -2990.609157033 5388.729963811 2.93784819491 5.53889119654 4.49035527629
2024-06-16T01:36:00.000000 -2455.963390995 -2651.443367531 5645.114887789 3.13946490046 5.76216247095 4.05241800768
2024-06-16T01:37:00.000000 -2261.917099677 -2299.696598593 5874.634324436 3.32618614905 5.95809110798 3.59519392795
2024-06-16T01:38:00.000000 -2057.136736454 -1937.037972257 6076.195853584 3.49712579422 6.12574738662 3.12085712436
2024-06-16T01:39:00.000000 -1842.593891457 -1565.188321184 6248.839946137 3.65147372769 6.26433797318 2.63166082256
2024-06-16T01:40:00.000000 -1619.306407394 -1185.911901196 6391.744283841 3.78849833327 6.37320862818 2.12992298868
2024-06-16T01:41:00.000000 -1388.333666607 -801.008166778 6504.227364967 3.90754708979 6.45184014110 1.61802012416
2024-06-16T01:42:00.000000 -1150.771641089 -412.303459146 6585.751968102 4.00805474458 6.49985769617 1.09838144027
2024-06-16T01:43:00.000000 -907.747481218 -21.642239312 6635.927570333 4.08954588845 6.51703015503 0.57346552579
2024-06-16T01:44:00.000000 -660.414322693 369.121379527 6654.511997888 4.15163075246 6.50326850778 0.04575827788
2024-06-16T01:45:00.000000 -409.945942395 758.132358103 6641.412736393 4.19401111124 6.45863053634 -0.48224022929
2024-06-16T01:46:00.000000 -157.531267293 1143.543470681 6596.687402195 4.21648077656 6.38331873536 -1.00802746040
2024-06-16T01:47:00.000000 95.631246433 1523.523950183 6520.543524719 4.21892818367 6.27767868392 -1.52911106048
2024-06-16T01:48:00.000000 348.339217591 1896.267987213 6413.337656734 4.20133394593 6.14219725405 -2.04301673015
2024-06-16T01:49:00.000000 599.391922225 2260.003305895 6275.573966538 4.16377298694 5.97750464417 -2.54730133708
2024-06-16T01:50:00.000000 847.595960515 2612.999570612 6107.901940472 4.10641428604 5.78436776199 -3.03956536279
2024-06-16T01:51:00.000000 1091.770856183 2953.576496531 5911.113556402 4.02951982868 5.56368838034 -3.51745994160
2024-06-16T01:52:00.000000 1330.754720932 3280.111939560 5686.139866214 3.93344736915 5.31650122192 -3.97870105797
2024-06-16T01:53:00.000000 1563.409879794 3591.049610861 5434.046742371 3.81864486085 5.04396681001 -4.42107932590
2024-06-16T01:54:00.000000 1788.628180790 3884.906687738 5156.030173489 3.68564920935 4.74737282048 -4.84246956225
2024-06-16T01:55:00.000000 2005.336399798 4160.281192552 4853.410770259 3.53508712253 4.42812471944 -5.24084460856
2024-06-16T01:56:00.000000 2212.501499658 4415.858825848 4527.627599268 3.36767104095 4.08773872117 -5.61428450796
2024-06-16T01:57:00.000000 2409.135709603 4650.419464909 4180.231496474 3.18419679451 3.72783730094 -5.96098545759
2024-06-16T01:58:00.000000 2594.301384548 4862.843355116 3812.877715951 2.98553861531 3.35014148413 -6.27927227277
2024-06-16T01:59:00.000000 2767.115636792 5052.116690990 3427.318006536 2.77264756792 2.95646086151 -6.56760485149
2024-06-16T02:00:00.000000 2926.754864529 5217.336735617 3025.392200384 2.54654714521 2.54868645324 -6.82458901319
2024-06-16T02:01:00.000000 3072.458824375 5357.716432754 2609.019248691 2.30832533248 2.12878239108 -7.04898277106
2024-06-16T02:02:00.000000 3203.534404827 5472.588453217 2180.187733514 2.05913031554 1.69877142509 -7.23970833377
2024-06-16T02:03:00.000000 3319.359008143 5561.408244631 1740.946065221 1.80016419505 1.26072401892 -7.39584895279
2024-06-16T02:04:00.000000 3419.383662758 5623.756866763 1293.392582726 1.53267712718 0.81675414512 -7.51665901213
2024-06-16T02:05:00.000000 3503.135657624 5659.343178034 839.665181434 1.25796129795 0.36900680009 -7.60156531230
2024-06-16T02:06:00.000000 3570.221087575 5668.005435573 381.930804029 0.97734973765 -0.08035268062 -7.65017472315
2024-06-16T02:07:00.000000 3620.326903361 5649.712021288 -77.625563446 0.69220243320 -0.52915452754 -7.66227916947
2024-06-16T02:08:00.000000 3653.222168337 5604.561270734 -536.811912970 0.40389540404 -0.97523738925 -7.63785046647
2024-06-16T02:09:00.000000 3668.759017707 5532.780945319 -993.439881165 0.11382167680 -1.41645083237 -7.57704090219
2024-06-16T02:10:00.000000 3666.873392558 5434.726993379 -1445.335864670 -0.17662117591 -1.85067506869 -7.48018953375
2024-06-16T02:11:00.000000 3647.584946077 5310.881193299 -1890.351964170 -0.46604058806 -2.27583783998 -7.34781076554
2024-06-16T02:12:00.000000 3610.996722422 5161.848150464 -2326.376153232 -0.75305059968 -2.68991784682 -7.18058723195
2024-06-16T02:13:00.000000 3557.294467684 4988.351976366 -2751.342421087 -1.03628172108 -3.09095380547 -6.97936869090
2024-06-16T02:14:00.000000 3486.745434133 4791.232524427 -3163.240657221 -1.31438797800 -3.47705089044 -6.74516845260
2024-06-16T02:15:00.000000 3399.696735271 4571.441014648 -3560.126327555 -1.58605418783 -3.84639389799 -6.47915779319
2024-06-16T02:16:00.000000 3296.573345083 4330.034865138 -3940.129663694 -1.85000111799 -4.19725951866 -6.18265537088
2024-06-16T02:17:00.000000 3177.875727571 4068.172035751 -4301.464191952 -2.10499340982 -4.52802033407 -5.85711794275
2024-06-16T02:18:00.000000 3044.177000108 3787.105148199 -4642.434724173 -2.34984419048 -4.83714865611 -5.50413022612
2024-06-16T02:19:00.000000 2896.120018795 3488.175339791 -4961.444916672 -2.58341713801 -5.12322354898 -5.12540118801
2024-06-16T02:20:00.000000 2734.414122635 3172.805620391 -5257.004429756 -2.80463317965 -5.38493746073 -4.72275379532
2024-06-16T02:21:00.000000 2559.831566775 2842.493927278 -5527.735508726 -3.01247498034 -5.62110138114 -4.29811635843
2024-06-16T02:22:00.000000 2373.203672189 2498.805843393 -5772.378997139 -3.20599177346 -5.83065013631 -3.85351191991
2024-06-16T02:23:00.000000 2175.416713445 2143.367054452 -5989.799688274 -3.38430310348 -6.01264618636 -3.39104736216
2024-06-16T02:24:00.000000 1967.407593155 1777.855573357 -6178.990987329 -3.54660205007 -6.16628267748 -2.91290022402
2024-06-16T02:25:00.000000 1750.159456743 1403.993988097 -6339.078836720 -3.69215428460 -6.29088099185 -2.42131095685
2024-06-16T02:26:00.000000 1524.697160220 1023.541622303 -6469.325351471 -3.82030512949 -6.38589527508 -1.91857568901
2024-06-16T02:27:00.000000 1292.082399423 638.286585745 -6569.131794400 -3.93048081582 -6.45091271671 -1.40703523797
2024-06-16T02:28:00.000000 1053.408885963 250.037637965 -6638.040923347 -4.02218780170 -6.48565735932 -0.88906294921
2024-06-16T02:29:00.000000 809.797568880 -139.383915012 -6675.738719031 -4.09501262541 -6.48998765426 -0.36705954906
2024-06-16T02:30:00.000000 562.391572899 -528.152443791 -6682.055750288 -4.14863022505 -6.46390056739 0.15655963170
2024-06-16T02:31:00.000000 312.350898531 -914.446174867 -6656.967589919 -4.18280270845 -6.40752744701 0.67937779042
2024-06-16T02:32:00.000000 60.847292395 -1296.455218662 -6600.594652987 -4.19737598451 -6.32113292103 1.19898448195
2024-06-16T02:33:00.000000 -190.940847378 -1672.389559604 -6513.201622515 -4.19228348834 -6.20511426020 1.71298343427
2024-06-16T02:34:00.000000 -441.833761410 -2040.486876920 -6395.196287035 -4.16754559868 -6.05999752081 2.21900104151
2024-06-16T02:35:00.000000 -690.655469327 -2399.020408152 -6247.128011368 -4.12326814277 -5.88644222874 2.71469460713
2024-06-16T02:36:00.000000 -936.238950187 -2746.306804401 -6069.685386545 -4.05964413209 -5.68523403805 3.19776711901
2024-06-16T02:37:00.000000 -1177.431358699 -3080.713523648 -5863.693389013 -3.97695280458 -5.45728172902 3.66596982937
2024-06-16T02:38:00.000000 -1413.099253178 -3400.666372421 -5630.110263476 -3.87556264350 -5.20362127605 4.11711232953
2024-06-16T02:39:00.000000 -1642.133968923 -3704.656962152 -5370.023488695 -3.75593004717 -4.92540912136 4.54907892593
2024-06-16T02:40:00.000000 -1863.456749135 -3991.249774338 -5084.644945985 -3.61859455284 -4.62391580726 4.95984042152
2024-06-16T02:41:00.000000 -2076.023602195 -4259.088731806 -4775.305633084 -3.46417604777 -4.30051965003 5.34745582631
2024-06-16T02:42:00.000000 -2278.830153926 -4506.903693925 -4443.450031065 -3.29337409991 -3.95670488048 5.71008545335
2024-06-16T02:43:00.000000 -2470.916314821 -4733.516534547 -4090.629835589 -3.10696580756 -3.59405410220 6.04599621731
2024-06-16T02:44:00.000000 -2651.370971179 -4937.846932548 -3718.497248332 -2.90580592513 -3.21424352954 6.35357300132
2024-06-16T02:45:00.000000 -2819.336492749 -5118.917771332 -3328.797611641 -2.69082171053 -2.81903629012 6.63132754805
2024-06-16T02:46:00.000000 -2974.012965804 -5275.860145151 -2923.361513137 -2.46300888676 -2.41027410270 6.87790825150
2024-06-16T02:47:00.000000 -3114.662081274 -5407.917751634 -2504.096413213 -2.22342434518 -1.98986874881 7.09210447235
2024-06-16T02:48:00.000000 -3240.610788882 -5514.451059180 -2072.977996061 -1.97318697133 -1.55979830810 7.27285458708
2024-06-16T02:49:00.000000 -3351.255028737 -5594.940858397 -1632.041028819 -1.71347638731 -1.12209479606 7.41925236607
2024-06-16T02:50:00.000000 -3446.062919547 -5648.991264206 -1183.369610989 -1.44551569622 -0.67883371784 7.53056062481
2024-06-16T02:51:00.000000 -3524.577223601 -5676.331819378 -729.087053428 -1.17057166465 -0.23211915125 7.60620961577
2024-06-16T02:52:00.000000 -3586.417925586 -5676.819012286 -271.345729139 -0.88994899196 0.21592267786 7.64580086791
2024-06-16T02:53:00.000000 -3631.284189094 -5650.437275782 187.683262598 -0.60498156886 0.66315528644 7.64910835738
2024-06-16T02:54:00.000000 -3658.956013218 -5597.299384896 645.820448705 -0.31702948570 1.10743813019 7.61608075218
2024-06-16T02:55:00.000000 -3669.295520383 -5517.646304899 1100.888720317 -0.02746749680 1.54664123352 7.54684746445
2024-06-16T02:56:00.000000 -3662.247625842 -5411.846243552 1550.724086307 0.26231879679 1.97865544969 7.44171737827
2024-06-16T02:57:00.000000 -3637.840521023 -5280.392841434 1993.186504909 0.55094250389 2.40141146711 7.30117736819
2024-06-16T02:58:00.000000 -3596.185416135 -5123.902632819 2426.170103605 0.83702199413 2.81288106615 7.12588037927
2024-06-16T02:59:00.000000 -3537.476196211 -4943.112384486 2847.613489557 1.11918650226 3.21108914108 6.91665547806
2024-06-16T03:00:00.000000 -3461.988329873 -4738.875405230 3255.509930943 1.39608712170 3.59412644208 6.67449445760
2024-06-16T03:01:00.000000 -3370.077532611 -4512.157354504 3647.917032635 1.66639934027 3.96015932190 6.40054897038
2024-06-16T03:02:00.000000 -3262.178019106 -4264.031453180 4022.966090095 1.92883224681 4.30743668600 6.09612244600
2024-06-16T03:03:00.000000 -3138.800356807 -3995.673402805 4378.871016217 2.18213187912 4.63429493843 5.76266525938
2024-06-16T03:04:00.000000 -3000.529124619 -3708.355771471 4713.937096142 2.42508673709 4.93917140500 5.40177114002
2024-06-16T03:05:00.000000 -2848.020069712 -3403.441582305 5026.569206385 2.65653737134 5.22061410295 5.01516371835
2024-06-16T03:06:00.000000 -2681.996813762 -3082.377633767 5315.279305719 2.87538153103 5.47728319597 4.60468827969
2024-06-16T03:07:00.000000 -2503.247224836 -2746.687528389 5578.693540660 3.08058093188 5.70795995763 4.17230319201
2024-06-16T03:08:00.000000 -2312.619475132 -2397.964228421 5815.558594032 3.27116398079 5.91155153714 3.72006633126
2024-06-16T03:09:00.000000 -2111.017972633 -2037.862409124 6024.747374422 3.44622817398 6.08709435458 3.25012586934
2024-06-16T03:10:00.000000 -1899.399121027 -1668.090591682 6205.264166478 3.60494367306 6.23375732032 2.76471136161
2024-06-16T03:11:00.000000 -1678.766782697 -1290.403138707 6356.249259863 3.74655922869 6.35084448344 2.26612474402
2024-06-16T03:12:00.000000 -1450.167517399 -906.592019762 6476.982882552 3.87040235787 6.43779818444 1.75672744779
2024-06-16T03:13:00.000000 -1214.685797259 -518.478407436 6566.888609276 3.97588357702 6.49420398855 1.23893396957
2024-06-16T03:14:00.000000 -973.438809985 -127.904044062 6625.536053422 4.06250166220 6.51978963780 0.71519639895
2024-06-16T03:15:00.000000 -727.571180543 263.277316663 6652.642927865 4.12984351981 6.51442838141 0.18799679654
2024-06-16T03:16:00.000000 -478.249655451 653.208694519 6648.076374416 4.17758513977 6.47813864027 -0.34016726968
2024-06-16T03:17:00.000000 -226.657648963 1040.038562848 6611.853660699 4.20549559412 6.41108423154 -0.86679144616
2024-06-16T03:18:00.000000 26.010375067 1421.929572085 6544.142125756 4.21343710902 6.31357294126 -1.38937979325
2024-06-16T03:19:00.000000 278.554467302 1797.067056416 6445.258437132 4.20136494549 6.18605354066 -1.90545143515
2024-06-16T03:20:00.000000 529.774832658 2163.667597853 6315.667389106 4.16932908498 6.02911865686 -2.41255279475
2024-06-16T03:21:00.000000 778.477486403 2519.987489916 6155.979794219 4.11747280690 5.84349823462 -2.90827103315
2024-06-16T03:22:00.000000 1023.479825873 2864.330947387 5966.949869210 4.04603244563 5.63006041351 -3.39024112509
2024-06-16T03:23:00.000000 1263.616239282 3195.058382367 5749.471899599 3.95533807754 5.38980868292 -3.85616186098
2024-06-16T03:24:00.000000 1497.743682514 3510.594165093 5504.576027385 3.84581120484 5.12387008515 -4.30380589718
2024-06-16T03:25:00.000000 1724.747143562 3809.434039981 5233.423797399 3.71796529025 4.83349792636 -4.73102302512
2024-06-16T03:26:00.000000 1943.545134712 4090.152669858 4937.302939263 3.57240303297 4.52006721360 -5.13575970721
2024-06-16T03:27:00.000000 2153.094887862 4351.410641066 4617.621315058 3.40981263082 4.18506678518 -5.51606631766
2024-06-16T03:28:00.000000 2352.397486289 4591.961138700 4275.900330511 3.23096682570 3.83009244937 -5.87010955923
2024-06-16T03:29:00.000000 2540.502838405 4810.656066965 3913.767691313 3.03671997513 3.45683758220 -6.19618103583
2024-06-16T03:30:00.000000 2716.514384948 5006.451636964 3532.949674973 2.82800066296 3.06708532207 -6.49270361460
2024-06-16T03:31:00.000000 2879.593418276 5178.413778682 3135.263060756 2.60580829146 2.66270888131 -6.75824143788
2024-06-16T03:32:00.000000 3028.963138459 5325.723088585 2722.606137038 2.37120643465 2.24565421189 -6.99151255726
2024-06-16T03:33:00.000000 3163.912603767 5447.678920535 2296.949522927 2.12532689407 1.81793285796 -7.19139080291
2024-06-16T03:34:00.000000 3283.800533797 5543.702922002 1860.326400228 1.86935744694 1.38160756405 -7.35691679170
2024-06-16T03:35:00.000000 3388.058400130 5613.341843791 1414.822463964 1.60453460366 0.93878405388 -7.48730069179
2024-06-16T03:36:00.000000 3476.193196642 5656.269767571 962.565604241 1.33213846591 0.49159916037 -7.58192615925
2024-06-16T03:37:00.000000 3547.789866860 5672.289662561 505.715420979 1.05348594996 0.04221073512 -7.64035275038
2024-06-16T03:38:00.000000 3602.513339170 5661.334395072 46.452609687 0.76992579249 -0.40721076965 -7.66231872172
2024-06-16T03:39:00.000000 3640.110303453 5623.467097369 -413.031947409 0.48283306786 -0.85449656940 -7.64774698335
2024-06-16T03:40:00.000000 3660.410409840 5558.880575502 -870.548305139 0.19359573957 -1.29749470817 -7.59674509057
2024-06-16T03:41:00.000000 3663.326790952 5467.896021869 -1323.918403793 -0.09639176533 -1.73407981983 -7.50960133918
2024-06-16T03:42:00.000000 3648.856266676 5350.961004034 -1770.986802943 -0.38573600034 -2.16216606884 -7.38678029178
2024-06-16T03:43:00.000000 3617.079054900 5208.646879831 -2209.631137976 -0.67305166276 -2.57971495888 -7.22891968237
2024-06-16T03:44:00.000000 3568.158031260 5041.645610485 -2637.772365630 -0.95696978837 -2.98474599870 -7.03682457988
2024-06-16T03:45:00.000000 3502.337616777 4850.766054262 -3053.384656071 -1.23614201632 -3.37534493747 -6.81146320790
2024-06-16T03:46:00.000000 3419.942345324 4636.929653598 -3454.505037886 -1.50924750598 -3.74967483331 -6.55396117022
2024-06-16T03:47:00.000000 3321.375024985 4401.165569986 -3839.242606415 -1.77499900635 -4.10598310325 -6.26559442932
2024-06-16T03:48:00.000000 3207.114489606 4144.605362254 -4205.787377866 -2.03215075976 -4.44261070093 -5.94778251803
2024-06-16T03:49:00.000000 3077.712961746 3868.477138914 -4552.418564316 -2.27950276103 -4.75799913658 -5.60207760464
2024-06-16T03:50:00.000000 2933.793189988 3574.099378455 -4877.512309669 -2.51590507445 -5.05069573223 -5.23015755291
2024-06-16T03:51:00.000000 2776.045263199 3262.874356739 -5179.548994378 -2.74026389928 -5.31936098701 -4.83381721822
2024-06-16T03:52:00.000000 2605.223091358 2936.281199693 -5457.119928383 -2.95154643317 -5.56277331965 -4.41495779208
2024-06-16T03:53:00.000000 2422.140608783 2595.868676174 -5708.933457207 -3.14878541312 -5.77983404370 -3.97557744449
2024-06-16T03:54:00.000000 2227.667725375 2243.247685879 -5933.820393647 -3.33108260173 -5.96957031796 -3.51775847291
2024-06-16T03:55:00.000000 2022.726107426 1880.083735979 -6130.738877975 -3.49761174546 -6.13113620984 -3.04366168181
2024-06-16T03:56:00.000000 1808.284767143 1508.089103775 -6298.778688144 -3.64762073409 -6.26381820309 -2.55551146152
2024-06-16T03:57:00.000000 1585.355639541 1129.014991537 -6437.164782636 -3.78043148303 -6.36703283395 -2.05558944464
2024-06-16T03:58:00.000000 1354.988940741 744.643530922 -6545.260575037 -3.89544739599 -6.44033349452 -1.54622597736
2024-06-16T03:59:00.000000 1118.268197946 356.779611040 -6622.570300579 -3.99215360394 -6.48340671250 -1.02978376125
2024-06-16T04:00:00.000000 876.305461900 -32.757053579 -6668.740918651 -4.07011505471 -6.49607347098 -0.50865672420