CCSDS_OEM_VERS = 2.0
CREATION_DATE  = 2024-01-06T06:11:46.189000
ORIGINATOR     = BTAS3_OFEI

META_START
OBJECT_NAME    = Satellite
OBJECT_ID      = QK-1
CENTER_NAME    = EARTH
REF_FRAME      = J2000
TIME_SYSTEM    = UTC
START_TIME     = 2024-01-06T06:48:00.000000
STOP_TIME      = 2024-01-10T00:00:00.000000
META_STOP

COMMENT OEM data, unit is km and km/s.

2024-01-06T06:48:00.000000 179.269170526 -3999.033041648 5427.019863531 -1.24727027202 -6.12925311515 -4.46602069054
2024-01-06T06:49:00.000000 104.072905820 -4357.179679725 5146.579612552 -1.25829780124 -5.80431318125 -4.87836135150
2024-01-06T06:50:00.000000 28.390780686 -4695.007433628 4842.070722713 -1.26345895152 -5.45221800330 -5.26799445804
2024-01-06T06:51:00.000000 -47.424298966 -5010.935212397 4514.911129981 -1.26272752561 -5.07459541111 -5.63308860684
2024-01-06T06:52:00.000000 -123.018666342 -5303.483185333 4166.625368701 -1.25610416810 -4.67319189400 -5.97192257508
2024-01-06T06:53:00.000000 -198.039482112 -5571.279781495 3798.837828397 -1.24361585696 -4.24986888687 -6.28289044637
2024-01-06T06:54:00.000000 -272.136337825 -5813.068463872 3413.265540954 -1.22531694583 -3.80659982505 -6.56451171747
2024-01-06T06:55:00.000000 -344.962949457 -6027.714306775 3011.710287048 -1.20129070264 -3.34546134151 -6.81544458081
2024-01-06T06:56:00.000000 -416.178903156 -6214.209687811 2596.049927172 -1.17164940019 -2.86861848580 -7.03449563736
2024-01-06T06:57:00.000000 -485.451348193 -6371.679186011 2168.229380615 -1.13653252470 -2.37831070768 -7.22062360931
2024-01-06T06:58:00.000000 -552.456569051 -6499.383733226 1730.251402583 -1.09610461585 -1.87684286412 -7.37294156796
2024-01-06T06:59:00.000000 -616.881439228 -6596.724349499 1284.167241339 -1.05055433075 -1.36657769760 -7.49072240811
2024-01-06T07:00:00.000000 -678.424884897 -6663.245277334 832.066770003 -1.00009468044 -0.84992456594 -7.57340614482
2024-01-06T07:01:00.000000 -736.799346013 -6698.636341825 376.068330962 -0.94496303611 -0.32932421279 -7.62060437371
2024-01-06T07:02:00.000000 -791.732208233 -6702.734383602 -81.691598900 -0.88542004761 0.19276590529 -7.63210051747
2024-01-06T07:03:00.000000 -842.967154123 -6675.523891353 -539.068660036 -0.82174786962 0.71388328045 -7.60784872047
2024-01-06T07:04:00.000000 -890.265396322 -6617.136998633 -993.920872122 -0.75424850323 1.23157076383 -7.54797400402
2024-01-06T07:05:00.000000 -933.406828100 -6527.852820984 -1444.118899354 -0.68324233461 1.74338829127 -7.45277285425
2024-01-06T07:06:00.000000 -972.191072122 -6408.096027553 -1887.556316799 -0.60906642226 2.24692609569 -7.32271238924
2024-01-06T07:07:00.000000 -1006.438426469 -6258.434644154 -2322.159786783 -0.53207234335 2.73981792598 -7.15842747765
2024-01-06T07:08:00.000000 -1035.990660474 -6079.577046952 -2745.898983995 -0.45262397904 3.21975344570 -6.96071633245
2024-01-06T07:09:00.000000 -1060.711709440 -5872.368187278 -3156.796405323 -0.37109601520 3.68449243317 -6.73054042472
2024-01-06T07:10:00.000000 -1080.488244202 -5637.785291786 -3552.936481990 -0.28787140444 4.13186741306 -6.46900174285
2024-01-06T07:11:00.000000 -1095.230156360 -5376.933000494 -3932.474320171 -0.20334088033 4.55980058319 -6.17735288837
2024-01-06T07:12:00.000000 -1104.870953298 -5091.037761063 -4293.644361064 -0.11790062852 4.96631037548 -5.85698500846
2024-01-06T07:13:00.000000 -1109.368025696 -4781.441824826 -4634.768512237 -0.03195012668 5.34952038052 -5.50942088296
2024-01-06T07:14:00.000000 -1108.702776680 -4449.596640594 -4954.263793018 0.05410998522 5.70766814210 -5.13630691178
2024-01-06T07:15:00.000000 -1102.880632677 -4097.055790196 -5250.649493044 0.13987994799 6.03911315789 -4.73940393027
2024-01-06T07:16:00.000000 -1091.930928013 -3725.467443903 -5522.553733596 0.22496282002 6.34234359406 -4.32057752573
2024-01-06T07:17:00.000000 -1075.906687550 -3336.566493178 -5768.719482647 0.30896621197 6.61598187672 -3.88178836869
2024-01-06T07:18:00.000000 -1054.884304422 -2932.166326207 -5988.009954070 0.39150374242 6.85878952654 -3.42508258590
2024-01-06T07:19:00.000000 -1028.963142600 -2514.150367439 -6179.413452562 0.47219637761 7.06967122757 -2.95258190295
2024-01-06T07:20:00.000000 -998.265048653 -2084.463380047 -6342.047599455 0.55067389764 7.24767785511 -2.46647392295
2024-01-06T07:21:00.000000 -962.933780111 -1645.102637817 -6475.163035077 0.62657654252 7.39200884017 -1.96900323553
2024-01-06T07:22:00.000000 -923.134322593 -1198.108919298 -6578.146573951 0.69955668498 7.50201504288 -1.46246324556
2024-01-06T07:23:00.000000 -879.052116456 -745.557310402 -6650.523882056 0.76928042000 7.57720258631 -0.94918698639
2024-01-06T07:24:00.000000 -830.892185859 -289.547798492 -6691.961499074 0.83542902856 7.61723589860 -0.43153552286
2024-01-06T07:25:00.000000 -778.878192733 167.804262582 -6702.268169445 0.89770022149 7.62193772487 0.08811443433
2024-01-06T07:26:00.000000 -723.251416727 624.377567446 -6681.395443834 0.95580914736 7.59128667310 0.60738042749
2024-01-06T07:27:00.000000 -664.269682429 1078.054166003 -6629.437837573 1.00948936567 7.52541588296 1.12388090486
2024-01-06T07:28:00.000000 -602.206217682 1526.728762254 -6546.632532105 1.05849404751 7.42461479693 1.63524229942
2024-01-06T07:29:00.000000 -537.348440343 1968.318187376 -6433.358655671 1.10259726909 7.28933130649 2.13910985437
2024-01-06T07:30:00.000000 -469.996670530 2400.770867135 -6290.135711086 1.14159496398 7.12017024806 2.63316064255
2024-01-06T07:31:00.000000 -400.462804562 2822.076106894 -6117.621357161 1.17530544600 6.91788864018 3.11511436769
2024-01-06T07:32:00.000000 -329.068952963 3230.273099306 -5916.608574246 1.20356993863 6.68339173166 3.58274076014
2024-01-06T07:33:00.000000 -256.146047200 3623.459754605 -5688.022509515 1.22625347912 6.41773165955 4.03386703033
2024-01-06T07:34:00.000000 -182.032372771 3999.801499660 -5432.916688172 1.24324600891 6.12210639084 4.46638801926
2024-01-06T07:35:00.000000 -107.072049087 4357.539928924 -5152.468631810 1.25446328051 5.79785601946 4.87827787151
2024-01-06T07:36:00.000000 -31.613458104 4695.001158967 -4847.974754129 1.25984751684 5.44645681642 5.26760063598
2024-01-06T07:37:00.000000 43.992357910 5010.603807537 -4520.844705247 1.25936790990 5.06951478095 5.63251950725
2024-01-06T07:38:00.000000 119.393324371 5302.866584168 -4172.595142259 1.25302086342 4.66875923236 5.97130578840
2024-01-06T07:39:00.000000 194.237965659 5570.415486727 -3804.842984112 1.24082994440 4.24603577563 6.28234766669
2024-01-06T07:40:00.000000 268.177036340 5811.990540848 -3419.298133253 1.22284588279 3.80329883182 6.56415847865
2024-01-06T07:41:00.000000 340.865155104 6026.452120167 -3017.755746544 1.19914690965 3.34260373230 6.81538493398
2024-01-06T07:42:00.000000 411.962469865 6212.786712423 -2602.087956167 1.16983906317 2.86609753407 7.03481560364
2024-01-06T07:43:00.000000 481.136316450 6370.112114280 -2174.235134390 1.13505580254 2.37600807216 7.22138849774
2024-01-06T07:44:00.000000 548.062838173 6497.681922592 -1736.196737691 1.09495699806 1.87463262543 7.37419667279
2024-01-06T07:45:00.000000 612.428536133 6594.889399802 -1290.021884072 1.04972800814 1.36432739986 7.49249275257
2024-01-06T07:46:00.000000 673.931785736 6661.270682599 -837.799620673 0.99957916618 0.84749702473 7.57569382453
2024-01-06T07:47:00.000000 732.284316638 6696.507345504 -381.648913942 0.94474511204 0.32658246528 7.62338619680
2024-01-06T07:48:00.000000 787.212634274 6700.428169006 76.291606673 0.88548352209 -0.19595226750 7.63532854351
2024-01-06T07:49:00.000000 838.459358221 6673.010150174 533.874044270 0.82207356078 -0.71763316708 7.61145337917
2024-01-06T07:50:00.000000 885.784467416 6614.378699692 988.951688278 0.75481453272 -1.23598904225 7.55186786531
2024-01-06T07:51:00.000000 928.966471851 6524.807084291 1439.389499333 0.68402453690 -1.74856503896 7.45685361920
2024-01-06T07:52:00.000000 967.803485155 6404.715018506 1883.074511307 0.61003869256 -2.25293630438 7.32686439339
2024-01-06T07:53:00.000000 1002.114190702 6254.666510565 2317.926054861 0.53320709725 -2.74672011384 7.16252211142
2024-01-06T07:54:00.000000 1031.738679460 6075.366994282 2741.905722479 0.45389304304 -3.22758654368 6.96461316700
2024-01-06T07:55:00.000000 1056.539199960 5867.659843492 3153.027153529 0.37247148852 -3.69326969001 6.73408526463
2024-01-06T07:56:00.000000 1076.400799495 5632.522143674 3549.365565437 0.28932723804 -4.14158022484 6.47204285139
2024-01-06T07:57:00.000000 1091.231857520 5371.059746822 3929.066988885 0.20485264574 -4.57041745582 6.17973991448
2024-01-06T07:58:00.000000 1100.964459218 5084.501629804 4290.356951688 0.11944529303 -4.97777912659 5.85857126251
2024-01-06T07:59:00.000000 1105.554654777 4774.193759915 4631.548689571 0.03350605865 -5.36176929374 5.51006411026
2024-01-06T08:00:00.000000 1104.982597914 4441.592472792 4951.050834628 -0.05256262216 -5.72060564540 5.13587029000
2024-01-06T08:01:00.000000 1099.252593796 4088.257469700 5247.374688563 -0.13835865555 -6.05262678361 4.73775841977
2024-01-06T08:02:00.000000 1088.393010957 3715.844320648 5519.140960680 -0.22348221235 -6.35629929393 4.31760573018
2024-01-06T08:03:00.000000 1072.456101780 3326.096591962 5765.086046015 -0.30753731664 -6.63022472281 3.87738940016
2024-01-06T08:04:00.000000 1051.517721668 2920.837528023 5984.067714031 -0.39013323886 -6.87314640964 3.41917692414
2024-01-06T08:05:00.000000 1025.676975576 2501.961376282 6175.070243181 -0.47088631387 -7.08395542089 2.94511515723
2024-01-06T08:06:00.000000 995.055711263 2071.424375621 6337.208797605 -0.54942243151 -7.26169460928 2.45741853617
2024-01-06T08:07:00.000000 959.797874248 1631.235592582 6469.733154067 -0.62537948496 -7.40556056903 1.95835766499
2024-01-06T08:08:00.000000 920.068736642 1183.447654809 6572.030745578 -0.69840882277 -7.51490438606 1.45024941535
2024-01-06T08:09:00.000000 876.054074309 730.147478763 6643.629208704 -0.76817569082 -7.58923276872 0.93544850791
2024-01-06T08:10:00.000000 827.959322668 273.446842770 6684.198385323 -0.83435963407 -7.62821054271 0.41633922983
2024-01-06T08:11:00.000000 776.008687363 -184.527185155 6693.551821558 -0.89665568999 -7.63166360819 -0.10467459735
2024-01-06T08:12:00.000000 720.444162988 -641.641954706 6671.647580104 -0.95477620924 -7.59958021012 -0.62518131401
2024-01-06T08:13:00.000000 661.524439217 -1095.768968935 6618.588374569 -1.00845254977 -7.53211010775 -1.14277283817
2024-01-06T08:14:00.000000 599.523721611 -1544.793522965 6534.621052307 -1.05743637891 -7.42956301365 -1.65505459787
2024-01-06T08:15:00.000000 534.730479091 -1986.624259058 6420.135471050 -1.10150069216 -7.29240753190 -2.15965521189
2024-01-06T08:16:00.000000 467.446141012 -2419.202671256 6275.662835112 -1.14044063988 -7.12126947652 -2.65423674699
2024-01-06T08:17:00.000000 397.983745421 -2840.512442021 6101.873371916 -1.17407423298 -6.91692887265 -3.13650429358
2024-01-06T08:18:00.000000 326.666539203 -3248.588621578 5899.573514008 -1.20224335140 -6.68031747231 -3.60421425348
2024-01-06T08:19:00.000000 253.826505279 -3641.526674874 5669.702518169 -1.22481523723 -6.41251767574 -4.05518403478
2024-01-06T08:20:00.000000 179.802798569 -4017.491485811 5413.328463240 -1.24168361734 -6.11475982790 -4.48730493975
2024-01-06T08:21:00.000000 104.940189959 -4374.725879381 5131.643516170 -1.25276739658 -5.78841014186 -4.89855112301
2024-01-06T08:22:00.000000 29.587501663 -4711.558929240 4825.958375830 -1.25801251067 -5.43497620887 -5.28699805079
2024-01-06T08:23:00.000000 -45.903925731 -5026.413853674 4497.696393965 -1.25738919915 -5.05608760235 -5.65081650440
2024-01-06T08:24:00.000000 -121.181769352 -5317.815371553 4148.387489986 -1.25089520450 -4.65349930792 -5.98828442055
2024-01-06T08:25:00.000000 -195.894463036 -5584.397199139 3779.661381594 -1.23855788076 -4.22908634165 -6.29780071536
2024-01-06T08:26:00.000000 -269.692962368 -5824.908828842 3393.239882526 -1.22043379613 -3.78483140656 -6.57789754959
2024-01-06T08:27:00.000000 -342.232438909 -6038.221617627 2990.928742484 -1.19660661335 -3.32281166065 -6.82724600366
2024-01-06T08:28:00.000000 -413.173868462 -6223.334145249 2574.609170410 -1.16718596886 -2.84519035597 -7.04465915787
2024-01-06T08:29:00.000000 -482.185593586 -6379.377235540 2146.229214934 -1.13230812134 -2.35421028170 -7.22909876622
2024-01-06T08:30:00.000000 -548.944949418 -6505.618403635 1707.794504728 -1.09213640456 -1.85218329387 -7.37968440292
2024-01-06T08:31:00.000000 -613.139850018 -6601.465603158 1261.358610297 -1.04685993715 -1.34147622994 -7.49569959224
2024-01-06T08:32:00.000000 -674.470291249 -6666.470112355 809.013081446 -0.99669175961 -0.82449823670 -7.57659415435
2024-01-06T08:33:00.000000 -732.649737080 -6700.328771346 352.877467403 -0.94186809877 -0.30368998091 -7.62198649085
2024-01-06T08:34:00.000000 -787.406529069 -6702.885499809 -104.910945977 -0.88264846229 0.21848858533 -7.63166694677
2024-01-06T08:35:00.000000 -838.485255741 -6674.132039162 -562.207483862 -0.81931467005 0.73957260893 -7.60559909897
2024-01-06T08:36:00.000000 -885.648026214 -6614.207826235 -1016.870462910 -0.75216830258 1.25710535015 -7.54391828028
2024-01-06T08:37:00.000000 -928.675560820 -6523.399197798 -1466.771417853 -0.68152785573 1.76864898768 -7.44693006302
2024-01-06T08:38:00.000000 -967.368149531 -6402.137905617 -1909.805318988 -0.60772692113 2.27179615891 -7.31510978916
2024-01-06T08:39:00.000000 -1001.546527264 -6250.998894667 -2343.900697809 -0.53111320543 2.76418347052 -7.14910023107
2024-01-06T08:40:00.000000 -1031.052688482 -6070.697271860 -2767.029554215 -0.45204757163 3.24350389001 -6.94970633493
2024-01-06T08:41:00.000000 -1055.750652747 -5862.084553530 -3177.217067243 -0.37090293755 3.70751924812 -6.71789524385
2024-01-06T08:42:00.000000 -1075.527095162 -5626.144467973 -3572.550724377 -0.28806125446 4.15406230719 -6.45477616239
2024-01-06T08:43:00.000000 -1090.291851902 -5363.988116551 -3951.189210520 -0.20391215626 4.58105669922 -6.16161189305
2024-01-06T08:44:00.000000 -1099.978291777 -5076.848227637 -4311.371195996 -0.11885004069 4.98652649138 -5.83980409244
2024-01-06T08:45:00.000000 -1104.543538065 -4766.072860439 -4651.423345276 -0.03327203502 5.36860394355 -5.49088248960
2024-01-06T08:46:00.000000 -1103.968585889 -4433.118773560 -4969.767732862 0.05242347107 5.72553441304 -5.11649667845
2024-01-06T08:47:00.000000 -1098.258337073 -4079.544462179 -5264.928864854 0.13783828709 6.05568256373 -4.71841019027
2024-01-06T08:48:00.000000 -1087.441528668 -3707.002753530 -5535.540279641 0.22257639919 6.35754085405 -4.29849302724
2024-01-06T08:49:00.000000 -1071.570538148 -3317.232890942 -5780.350674638 0.30624626388 6.62973726890 -3.85871114803
2024-01-06T08:50:00.000000 -1050.721047747 -2912.052248017 -5998.229280345 0.38846284558 6.87104006380 -3.40111494035
2024-01-06T08:51:00.000000 -1024.991610647 -2493.347831719 -6188.170634168 0.46884905763 7.08036036875 -2.92782912257
2024-01-06T08:52:00.000000 -994.503137938 -2063.067625082 -6349.298757729 0.54703675818 7.25675460688 -2.44104431658
2024-01-06T08:53:00.000000 -959.398340594 -1623.211799378 -6480.870908085 0.62266776544 7.39942784045 -1.94300907942
2024-01-06T08:54:00.000000 -919.841083998 -1175.823650995 -6582.280764009 0.69539532880 7.50773798747 -1.43602096800
2024-01-06T08:55:00.000000 -876.015647184 -722.980316050 -6653.061061770 0.76488609395 7.58119960652 -0.92241551836
2024-01-06T08:56:00.000000 -828.125860676 -266.783323569 -6692.885495509 0.83082201073 7.61948515625 -0.40455401246
2024-01-06T08:57:00.000000 -776.394144205 190.650855287 -6701.569944267 0.89290159527 7.62242355806 0.11518710751
2024-01-06T08:58:00.000000 -721.060491534 647.200137185 -6679.073129914 0.95084066846 7.58999892455 0.63442374534
2024-01-06T08:59:00.000000 -662.381406214 1100.746176567 -6625.496889836 1.00437328860 7.52235194117 1.15077113712
2024-01-06T09:00:00.000000 -600.628765225 1549.183810935 -6541.085899657 1.05325319934 7.41978223386 1.66185404431
2024-01-06T09:01:00.000000 -536.088594601 1990.430645399 -6426.226770441 1.09725521574 7.28274786840 2.16531958282
2024-01-06T09:02:00.000000 -469.059779973 2422.436409894 -6281.446305342 1.13617591857 7.11186123560 2.65884862730
2024-01-06T09:03:00.000000 -399.852754302 2843.192102184 -6107.409254090 1.16983390936 6.90788493818 3.14016360935
2024-01-06T09:04:00.000000 -328.788156711 3250.738939248 -5904.915578967 1.19807041603 6.67173044257 3.60703527119
2024-01-06T09:05:00.000000 -256.195448825 3643.177296437 -5674.897362748 1.22075050761 6.40445794411 4.05729191771
2024-01-06T09:06:00.000000 -182.411437714 4018.675573209 -5418.414950895 1.23776435790 6.10727418980 4.48883112370
2024-01-06T09:07:00.000000 -107.778747990 4375.478846923 -5136.652470837 1.24902799827 5.78152729928 4.89963135285
2024-01-06T09:08:00.000000 -32.644256357 4711.917161695 -4830.912655040 1.25448361359 5.42870033948 5.28776163287
2024-01-06T09:09:00.000000 42.642479666 5026.413443454 -4502.611184366 1.25409981277 5.05040532473 5.65138992150
2024-01-06T09:10:00.000000 117.730824226 5317.491070679 -4153.270472220 1.24787207786 4.64837777147 5.98879171263
2024-01-06T09:11:00.000000 192.270687869 5583.781111229 -3784.512943241 1.23582319635 4.22447048226 6.29835954816
2024-01-06T09:12:00.000000 265.914172126 5824.029110136 -3398.053710499 1.21800344541 3.78064555979 6.57861270308
2024-01-06T09:13:00.000000 338.317220192 6037.101400141 -2995.692717269 1.19449055778 3.31896487736 6.82820563711
2024-01-06T09:14:00.000000 409.141259316 6221.990761661 -2579.306406716 1.16538959064 2.84158026049 7.04593485723
2024-01-06T09:15:00.000000 478.054833990 6377.821557392 -2150.839014662 1.13083263370 2.35072408231 7.23074529370
2024-01-06T09:16:00.000000 544.735208417 6503.854241217 -1712.293451755 1.09097817514 1.84869929151 7.38173713602
2024-01-06T09:17:00.000000 608.869927735 6599.489301988 -1265.721803943 1.04601019811 1.33786774548 7.49817217728
2024-01-06T09:18:00.000000 670.158319478 6664.270373350 -813.215484433 0.99613741325 0.82063755075 7.57947809292
2024-01-06T09:19:00.000000 728.312966211 6697.886672392 -356.895208459 0.94159281071 0.29945108933 7.62525101569
2024-01-06T09:20:00.000000 783.061139016 6700.174680283 101.099206721 0.88263304507 -0.22322628953 7.63525826059
2024-01-06T09:21:00.000000 834.146191022 6671.119212363 558.619185903 0.81953696449 -0.74491882310 7.60944144492
2024-01-06T09:22:00.000000 881.328812434 6610.853566023 1013.517930927 0.75260336621 -1.26315468519 7.54791793227
2024-01-06T09:23:00.000000 924.388166745 6519.658880409 1463.660916835 0.68214887392 -1.77548023083 7.45097915058
2024-01-06T09:24:00.000000 963.122911107 6397.962640511 1906.936253526 0.60850658021 -2.27947210023 7.31908723689
2024-01-06T09:25:00.000000 997.352161260 6246.336579706 2341.264814053 0.53202502519 -2.77274798125 7.15287222846
2024-01-06T09:26:00.000000 1026.916370472 6065.493841158 2764.610268239 0.45306667788 -3.25297810158 6.95313005049
2024-01-06T09:27:00.000000 1051.678104211 5856.285460581 3174.988944760 0.37200571026 -3.71789828032 6.72081925825
2024-01-06T09:28:00.000000 1071.522666656 5619.696014453 3570.479412155 0.28922552054 -4.16532315763 6.45705502268
2024-01-06T09:29:00.000000 1086.358585212 5356.838554118 3949.231651493 0.20511642988 -4.59315763236 6.16310070278
2024-01-06T09:30:00.000000 1096.117962454 5068.948897579 4309.475655853 0.12007366995 -4.99940559129 5.84035876487
2024-01-06T09:31:00.000000 1100.756721566 4757.379500089 4649.529543182 0.03449574518 -5.38217662058 5.49036286671
2024-01-06T09:32:00.000000 1100.254758248 4423.592881398 4967.807213450 -0.05121685108 -5.73969285734 5.11477155404
2024-01-06T09:33:00.000000 1094.616028406 4069.154670615 5262.825684021 -0.13666301788 -6.07029761052 4.71536172103
2024-01-06T09:34:00.000000 1083.868521015 3695.726011718 5533.211908268 -0.22144307811 -6.37246473350 4.29401955808
2024-01-06T09:35:00.000000 1068.064098338 3305.055517332 5777.709006968 -0.30516139005 -6.64480601076 3.85272904522
2024-01-06T09:36:00.000000 1047.278178015 2898.970825606 5995.181786650 -0.38742878658 -6.88607543480 3.39356075247
2024-01-06T09:37:00.000000 1021.609286214 2479.370011583 6184.621652195 -0.46786439412 -7.09517238886 2.91866252953
2024-01-06T09:38:00.000000 991.178516884 2048.212712528 6345.150980968 -0.54609706391 -7.27114579451 2.43025080785
2024-01-06T09:39:00.000000 956.128905714 1607.511037054 6476.026943860 -0.62176679829 -7.41319840412 1.93060033553
2024-01-06T09:40:00.000000 916.624719906 1159.320242215 6576.644658117 -0.69452604144 -7.52068935598 1.42203291096
2024-01-06T09:41:00.000000 872.850682688 705.729321733 6646.539704571 -0.76404066098 -7.59313520900 0.90690702820
2024-01-06T09:42:00.000000 825.011137826 248.851521128 6685.390038226 -0.82999095244 -7.63021123773 0.38760861303
2024-01-06T09:43:00.000000 773.329142747 -209.185238600 6693.017356175 -0.89207310836 -7.63175319762 -0.13345875042
2024-01-06T09:44:00.000000 718.045463853 -666.248016357 6669.387823445 -0.95000093199 -7.59775815250 -0.65388457664
2024-01-06T09:45:00.000000 659.417475898 -1120.208525644 6614.612181604 -1.00350714016 -7.52838389080 -1.17126202117
2024-01-06T09:46:00.000000 597.718005290 -1568.952742932 6528.945236900 -1.05234414067 -7.42394786471 -1.68319753704
2024-01-06T09:47:00.000000 533.234118974 -2010.390455360 6412.784753336 -1.09628489963 -7.28492636333 -2.18732045267
2024-01-06T09:48:00.000000 466.265858810 -2442.464771697 6266.669815148 -1.13512434906 -7.11195335981 -2.68129308237
2024-01-06T09:49:00.000000 397.124869863 -2863.161520002 6091.278508901 -1.16868096089 -6.90581859408 -3.16282118381
2024-01-06T09:50:00.000000 326.132956935 -3270.518526078 5887.425009115 -1.19679774572 -6.66746489608 -3.62966470274
2024-01-06T09:51:00.000000 253.620597812 -3662.634672857 5656.055988165 -1.21934250840 -6.39798418392 -4.07964859654
2024-01-06T09:52:00.000000 179.925459057 -4037.678704827 5398.246432180 -1.23620795037 -6.09861198354 -4.51067245213
2024-01-06T09:53:00.000000 105.390912569 -4393.897525641 5115.195028902 -1.24731132676 -5.77071748652 -4.92071431822
2024-01-06T09:54:00.000000 30.364441749 -4729.624548241 4808.218920295 -1.25259853338 -5.41581475970 -5.30784926732
2024-01-06T09:55:00.000000 -44.804019981 -5043.287880840 4478.747879082 -1.25204209081 -5.03554528416 -5.67024984803
2024-01-06T09:56:00.000000 -119.763721155 -5333.417911153 4128.317972368 -1.24564214746 -4.63167596794 -6.00620287560
2024-01-06T09:57:00.000000 -194.164733653 -5598.654547570 3758.564339811 -1.23342589864 -4.20608776134 -6.31412002239
2024-01-06T09:58:00.000000 -267.659564552 -5837.753675943 3371.213537212 -1.21544736007 -3.76076454549 -6.59254321345
2024-01-06T09:59:00.000000 -339.904780965 -6049.593132789 2968.075600203 -1.19178791891 -3.29778603963 -6.84014890355
2024-01-06T10:00:00.000000 -410.562664730 -6233.178231477 2551.035742721 -1.16255687168 -2.81932161503 -7.05575603364
2024-01-06T10:01:00.000000 -479.302889093 -6387.646934166 2122.045524633 -1.12789090551 -2.32762003811 -7.23833597835
2024-01-06T10:02:00.000000 -545.804110785 -6512.274143037 1683.113465809 -1.08795263336 -1.82499564716 -7.38701920089
2024-01-06T10:03:00.000000 -609.755489219 -6606.475280525 1236.295424135 -1.04292934914 -1.31381588477 -7.50109791996
2024-01-06T10:04:00.000000 -670.858147341 -6669.809138797 783.684784078 -0.99303259039 -0.79649162217 -7.58002894673
2024-01-06T10:05:00.000000 -728.826622888 -6701.980238497 327.402489779 -0.93849775240 -0.27546640198 -7.62343860802
2024-01-06T10:06:00.000000 -783.390263170 -6702.840328018 -130.413301992 -0.87958287936 0.24679759375 -7.63112663371
2024-01-06T10:07:00.000000 -834.294532873 -6672.389082181 -587.617620998 -0.81656687401 0.76783434063 -7.60306630586
2024-01-06T10:08:00.000000 -881.302218066 -6610.773914754 -1042.069077319 -0.74974798220 1.28518643156 -7.53940268418
2024-01-06T10:09:00.000000 -924.194550344 -6518.289170648 -1491.640081086 -0.67944263116 1.79641638194 -7.44045145617
2024-01-06T10:10:00.000000 -962.772258572 -6395.374527108 -1934.227093963 -0.60598400921 2.29911885761 -7.30669784090
2024-01-06T10:11:00.000000 -996.856517232 -6242.612709133 -2367.760697842 -0.52972009870 2.79093329160 -7.13879346723
2024-01-06T10:12:00.000000 -1026.289772081 -6060.726430312 -2790.215461087 -0.45101163848 3.26955509866 -6.93755193996
2024-01-06T10:13:00.000000 -1050.936460549 -5850.574676973 -3199.619676817 -0.37023064113 3.73274908847 -6.70395004177
2024-01-06T10:14:00.000000 -1070.683601433 -5613.148395687 -3594.064539800 -0.28775749243 4.17835326508 -6.43910667489
2024-01-06T10:15:00.000000 -1085.441266179 -5349.565535545 -3971.712963046 -0.20397981900 4.60429833759 -6.14429214505
2024-01-06T10:16:00.000000 -1095.142931332 -5061.065240864 -4330.808225805 -0.11928981538 5.00861470999 -5.82091332493
2024-01-06T10:17:00.000000 -1099.745694649 -4749.001681915 -4669.681893284 -0.03408238985 5.38943918832 -5.47050509423
2024-01-06T10:18:00.000000 -1099.230393399 -4414.837461631 -4986.761293549 0.05124626713 5.74502151241 -5.09472353962
2024-01-06T10:19:00.000000 -1093.601639169 -4060.136620964 -5280.576588210 0.13630018166 6.07373213111 -4.69533893625
2024-01-06T10:20:00.000000 -1082.887747026 -3686.557149715 -5549.767355660 0.22068547550 6.37407007880 -4.27422695842
2024-01-06T10:21:00.000000 -1067.140551504 -3295.843074510 -5793.088636371 0.30401248900 6.64466951837 -3.83335853837
2024-01-06T10:22:00.000000 -1046.435087959 -2889.816186327 -6009.416314242 0.38589776468 6.88430476875 -3.37478932660
2024-01-06T10:23:00.000000 -1020.869175953 -2470.367523402 -6197.751898092 0.46596555267 7.09189392178 -2.90064932531
2024-01-06T10:24:00.000000 -990.562917994 -2039.448649549 -6357.226680040 0.54384886634 7.26650139243 -2.41313351613
2024-01-06T10:25:00.000000 -955.658150450 -1599.062820250 -6487.105404141 0.61919061550 7.40734068926 -1.91449358891
2024-01-06T10:26:00.000000 -916.317794093 -1151.255905041 -6586.789396714 0.69164533217 7.51377830289 -1.40702918395
2024-01-06T10:27:00.000000 -872.725096728 -698.107105543 -6655.819131855 0.76088125065 7.58533708720 -0.89307689689
2024-01-06T10:28:00.000000 -825.082760420 -241.719539716 -6693.876094669 0.82658187817 7.62169679452 -0.37499866611
2024-01-06T10:29:00.000000 -773.611997327 215.789132740 -6700.784009307 0.88844677036 7.62269285327 0.14482737780
2024-01-06T10:30:00.000000 -718.551548091 672.296056291 -6676.509597758 0.94619228030 7.58831699530 0.66401398514
2024-01-06T10:31:00.000000 -660.156632280 1125.682646165 -6621.162872612 0.99955300076 7.51872003308 1.18017395177
2024-01-06T10:32:00.000000 -598.697807436 1573.844148833 -6534.996760757 1.04828343043 7.41421262936 1.69093290826
2024-01-06T10:33:00.000000 -534.459734720 2014.699188549 -6418.405952317 1.09215888047 7.27526177452 2.19394151688
2024-01-06T10:34:00.000000 -467.739928989 2446.198967573 -6271.925136114 1.13097569168 7.10248631514 2.68688345671
2024-01-06T10:35:00.000000 -398.847479554 2866.336348627 -6096.226850928 1.16455187093 6.89665582688 3.16748147856
2024-01-06T10:36:00.000000 -328.101709116 3273.154891318 -5892.118859996 1.19272864510 6.65869149374 3.63350654011
2024-01-06T10:37:00.000000 -255.830726835 3664.757973176 -5660.540939074 1.21537204196 6.38966444213 4.08279019927
2024-01-06T10:38:00.000000 -182.369919865 4039.317589755 -5402.560841131 1.23237347278 6.09079030496 4.51323621126
2024-01-06T10:39:00.000000 -108.060434420 4395.082865850 -5119.369716466 1.24364955782 5.76342333153 4.92282927008
2024-01-06T10:40:00.000000 -33.247659817 4730.388219578 -4812.276984029 1.24914219053 5.40905214352 5.30964299793
2024-01-06T10:41:00.000000 41.720299722 5043.661331088 -4482.704772971 1.24881927030 5.02929560056 5.67184938134
2024-01-06T10:42:00.000000 116.494220370 5333.430770268 -4132.181671440 1.24267565821 4.62589691316 6.00772901718
2024-01-06T10:43:00.000000 190.725394912 5598.333248092 -3762.335934912 1.23073377762 4.20071607310 6.31568081261
2024-01-06T10:44:00.000000 264.067290924 5837.120357283 -3374.888100239 1.21304367066 3.75572143001 6.59423083792
2024-01-06T10:45:00.000000 336.177199739 6048.664832059 -2971.643139060 1.18968268270 3.29298055892 6.84204024503
2024-01-06T10:46:00.000000 406.717862735 6231.966194473 -2554.482121166 1.16075508632 2.81465097757 7.05791203551
2024-01-06T10:47:00.000000 475.359080689 6386.155905453 -2125.353525698 1.12639188075 2.32297133120 7.24079757224
2024-01-06T10:48:00.000000 541.779310987 6510.501920594 -1686.264100407 1.08675066881 1.82025191287 7.38980422342
2024-01-06T10:49:00.000000 605.667257828 6604.412697394 -1239.269283694 1.04201515991 1.30886235697 7.50420317093
2024-01-06T10:50:00.000000 666.723402657 6667.440263402 -786.463187001 0.99239406336 0.79121687283 7.58343435270
2024-01-06T10:51:00.000000 724.661466195 6699.282492358 -329.968436642 0.93811974513 0.26976033534 7.62710761728
2024-01-06T10:52:00.000000 779.209791795 6699.784568095 128.074050861 0.87944713236 -0.25304272978 7.63500287583
2024-01-06T10:53:00.000000 830.112672638 6668.939909942 585.515268834 0.81665273672 -0.77471841679 7.60707180152
2024-01-06T10:54:00.000000 877.131608073 6606.890339099 1040.208539377 0.75003335500 -1.29279556639 7.54344014945
2024-01-06T10:55:00.000000 920.046472082 6513.925526358 1490.019963818 0.67990436586 -1.80481964717 7.44440813819
2024-01-06T10:56:00.000000 958.656574457 6390.481558874 1932.838850731 0.60659800782 -2.30836633427 7.31044853841
2024-01-06T10:57:00.000000 992.781625783 6237.138775186 2366.587972349 0.53046174653 -2.80105429059 7.14220363915
2024-01-06T10:58:00.000000 1022.262595714 6054.618777631 2789.233634306 0.45185644530 -3.28055776755 6.94048143737
2024-01-06T10:59:00.000000 1046.962454992 5843.780748753 3198.795465119 0.37115422963 -3.74461871974 6.70625036998
2024-01-06T11:00:00.000000 1066.766786326 5605.617033131 3593.355854849 0.28873641164 -4.19105758499 6.44063303069
2024-01-06T11:01:00.000000 1081.584282754 5341.248167350 3971.069014333 0.20499171045 -4.61778315031 6.14489968731
2024-01-06T11:02:00.000000 1091.347139270 5051.917252003 4330.169629750 0.12031451852 -5.02280242159 5.82046139820
2024-01-06T11:03:00.000000 1096.011334733 4738.983788182 4668.981074954 0.03510285104 -5.40423007939 5.46886183859
2024-01-06T11:04:00.000000 1095.556780332 4403.916953105 4985.923097223 -0.05024389738 -5.76029632003 5.09176845778
2024-01-06T11:05:00.000000 1089.987340971 4048.288496610 5279.519000059 -0.13532702090 -6.08935341844 4.69096422376
2024-01-06T11:06:00.000000 1079.330738261 3673.765193379 5548.402335191 -0.21975024611 -6.38988252766 4.26833988767
2024-01-06T11:07:00.000000 1063.638358505 3282.100900901 5791.323121121 -0.30312132716 -6.66050105739 3.82588514452
2024-01-06T11:08:00.000000 1042.984959602 2875.128170457 6007.153455554 -0.38505362913 -6.89996933243 3.36567808698
2024-01-06T11:09:00.000000 1017.468292389 2454.749523169 6194.892504559 -0.46516773810 -7.10719551403 2.88987397554
2024-01-06T11:10:00.000000 987.208611772 2022.928463597 6353.670784617 -0.54309316317 -7.28123905746 2.40069437923
2024-01-06T11:11:00.000000 952.348090454 1581.680328865 6482.753842277 -0.61847013189 -7.42131320792 1.90041680974
2024-01-06T11:12:00.000000 913.050121347 1133.062994897 6581.545289679 -0.69095129757 -7.52678681098 1.39136479850
2024-01-06T11:13:00.000000 869.498530660 679.167506892 6649.589309445 -0.76020315554 -7.59718590501 0.87589836875
2024-01-06T11:14:00.000000 821.896709680 222.108582963 6686.572532224 -0.82590719011 -7.63219552885 0.35640444800
2024-01-06T11:15:00.000000 770.466684208 -235.984970439 6692.325362236 -0.88776099756 -7.63166120601 -0.16471339960
2024-01-06T11:16:00.000000 715.448108491 -692.979902581 6666.822644126 -0.94547952317 -7.59558925305 -0.68504548167
2024-01-06T11:17:00.000000 657.097187874 -1146.748149499 6610.183746654 -0.99879638571 -7.52414608689 -1.20218579443
2024-01-06T11:18:00.000000 595.685518691 -1595.176423288 6522.672062225 -1.04746513353 -7.41765768375 -1.71374132411
2024-01-06T11:19:00.000000 531.498857905 -2036.175767239 6404.693908307 -1.09126031378 -7.27660930865 -2.21734204791
2024-01-06T11:20:00.000000 464.835839272 -2467.691104989 6256.796862002 -1.12997832814 -7.10164442077 -2.71065186299
2024-01-06T11:21:00.000000 396.006637082 -2887.710647209 6079.667365434 -1.16343819573 -6.89356212539 -3.19137937657
2024-01-06T11:22:00.000000 325.331584796 -3294.275142947 5874.127762630 -1.19148243112 -6.65331387354 -3.65728785607
2024-01-06T11:23:00.000000 253.139733694 -3685.486903912 5641.132702528 -1.21397810473 -6.38200000621 -4.10620491923
2024-01-06T11:24:00.000000 179.767347795 -4059.518641334 5381.765014282 -1.23081787712 -6.08086575446 -4.53603258988
2024-01-06T11:25:00.000000 105.556344900 -4414.621998735 5097.230911130 -1.24192070722 -5.75129624697 -4.94475734817
2024-01-06T11:26:00.000000 30.852737579 -4749.135652821 4788.854770291 -1.24723118195 -5.39480644221 -5.33045553828
2024-01-06T11:27:00.000000 -43.994997759 -5061.493332473 4458.073109591 -1.24672259916 -5.01304881096 -5.69131425689
2024-01-06T11:28:00.000000 -118.637560755 -5350.231478800 4106.428026640 -1.24039424304 -4.60779334890 -6.02562872110
2024-01-06T11:29:00.000000 -192.726426125 -5613.996211090 3735.560311353 -1.22827276918 -4.18092522819 -6.33181515823
2024-01-06T11:30:00.000000 -265.915499420 -5851.550026267 3347.201931574 -1.21041253909 -3.73443645364 -6.60841995662
2024-01-06T11:31:00.000000 -337.862776177 -6061.777893763 2943.167943327 -1.18689545930 -3.27041600489 -6.85412823011
2024-01-06T11:32:00.000000 -408.231974156 -6243.692766522 2525.347958843 -1.15783023768 -2.79103897314 -7.06777087626
2024-01-06T11:33:00.000000 -476.694118648 -6396.440408907 2095.697214650 -1.12335157927 -2.29855600643 -7.24832995145
2024-01-06T11:34:00.000000 -542.929086074 -6519.303658643 1656.227379611 -1.08361988906 -1.79528354820 -7.39494360316
2024-01-06T11:35:00.000000 -606.627150930 -6611.706056730 1208.997004075 -1.03882132267 -1.28359367231 -7.50691175613
2024-01-06T11:36:00.000000 -667.490519731 -6673.214841438 756.101647819 -0.98916730198 -0.76590183336 -7.58370166331
2024-01-06T11:37:00.000000 -725.234807722 -6703.543129178 299.663723737 -0.93489304024 -0.24465312869 -7.62495133333
2024-01-06T11:38:00.000000 -779.590408716 -6702.551307444 -158.177789360 -0.87625566749 0.27769083920 -7.63047061136
2024-01-06T11:39:00.000000 -830.303764953 -6670.247650709 -615.277668622 -0.81353282146 0.79866389835 -7.60024163961
2024-01-06T11:40:00.000000 -877.138569415 -6606.788243032 -1069.494806540 -0.74702167190 1.31580755238 -7.53441939255
2024-01-06T11:41:00.000000 -919.876897999 -6512.476106449 -1518.702560414 -0.67703767237 1.82668429665 -7.43333099365
2024-01-06T11:42:00.000000 -958.320261156 -6387.759563905 -1960.799022060 -0.60391272617 2.32889068487 -7.29747297493
2024-01-06T11:43:00.000000 -992.290523365 -6233.229820340 -2393.717059204 -0.52799312180 2.82006912267 -7.12750748565
2024-01-06T11:44:00.000000 -1021.630710583 -6049.617884559 -2815.434143453 -0.44963759196 3.29791913357 -6.92425832463
2024-01-06T11:45:00.000000 -1046.205696427 -5837.790788008 -3223.981896764 -0.36921543752 3.76020863957 -6.68870606906
2024-01-06T11:46:00.000000 -1065.902793633 -5598.747089700 -3617.455493874 -0.28710491352 4.20478743805 -6.42198715101
2024-01-06T11:47:00.000000 -1080.632207558 -5333.611941537 -3994.022334602 -0.20369066276 4.62958715475 -6.12537194578
2024-01-06T11:48:00.000000 -1090.327404176 -5043.631649138 -4351.930408880 -0.11936305834 5.03263960949 -5.80027505629
2024-01-06T11:49:00.000000 -1094.945387449 -4730.167410306 -4689.516547141 -0.03451613646 5.41208492916 -5.44824239677
2024-01-06T11:50:00.000000 -1094.466867212 -4394.688524276 -5005.214038660 0.05045444060 5.76618100142 -5.07094065124
2024-01-06T11:51:00.000000 -1088.896287041 -4038.765136043 -5297.559503222 0.13515345782 6.09330891580 -4.67014631132
2024-01-06T11:52:00.000000 -1078.261743902 -3664.060753134 -5565.199251852 0.21918806383 6.39197638573 -4.24773773780
2024-01-06T11:53:00.000000 -1062.614782139 -3272.324476573 -5806.895171969 0.30216976389 6.66082324962 -3.80568897669
2024-01-06T11:54:00.000000 -1042.030075553 -2865.382879933 -6021.530294356 0.38371654632 6.89862902852 -3.34606121916
2024-01-06T11:55:00.000000 -1016.604976128 -2445.131412520 -6208.113627704 0.46345463253 7.10431868155 -2.87099115012
2024-01-06T11:56:00.000000 -986.458992195 -2013.525604160 -6365.784372232 0.54101947500 7.27696518683 -2.38267972277
2024-01-06T11:57:00.000000 -951.733203342 -1572.572095018 -6493.815463120 0.61605650858 7.41579165347 -1.88338319174
2024-01-06T11:58:00.000000 -912.589640266 -1124.319577286 -6591.616674137 0.68822247419 7.52017458382 -1.37540398678
2024-01-06T11:59:00.000000 -869.210539415 -670.849473763 -6658.737026708 0.75718726641 7.58964615394 -0.86107997365
2024-01-06T12:00:00.000000 -821.797510259 -214.266617804 -6694.866630257 0.82263552471 7.62389412503 -0.34277428227
2024-01-06T12:01:00.000000 -770.570610908 243.310111992 -6699.837914096 0.88426763478 7.62276201135 0.17713252504
2024-01-06T12:02:00.000000 -715.767386361 699.757152607 -6673.626494008 0.94180069679 7.58625153796 0.69625086419
2024-01-06T12:03:00.000000 -657.641817460 1152.955866813 -6616.351327438 0.99496989418 7.51452473891 1.21219382643
2024-01-06T12:04:00.000000 -596.463196068 1600.802096338 -6528.274192269 1.04352994625 7.40790199719 1.72258986485
2024-01-06T12:05:00.000000 -532.514914560 2041.215574342 -6409.798445842 1.08725619073 7.26685783699 2.22509187663
2024-01-06T12:06:00.000000 -466.093208071 2472.149043939 -6261.467396216 1.12594541733 7.09201898522 2.71738361629
2024-01-06T12:07:00.000000 -397.505838276 2891.597454424 -6083.962191237 1.15941671111 6.88416527687 3.19718811421
2024-01-06T12:08:00.000000 -327.070735581 3297.607122734 -5878.099125731 1.18751215925 6.64422882635 3.66227955433
2024-01-06T12:09:00.000000 -255.114601939 3688.284762524 -5644.826219313 1.21009727786 6.37328961559 4.11049461222
2024-01-06T12:10:00.000000 -181.971494690 4061.806188063 -5385.219200525 1.22706160553 6.07257060657 4.53974088280
2024-01-06T12:11:00.000000 -107.981346234 4416.424809954 -5100.477013934 1.23831999569 5.74343493110 4.94800517103
2024-01-06T12:12:00.000000 -33.488397378 4750.479958436 -4791.916747789 1.24381419748 5.38738259220 5.33336450055
2024-01-06T12:13:00.000000 41.160444936 5062.404906877 -4460.967867026 1.24351366795 5.00604365021 5.69399782807
2024-01-06T12:14:00.000000 115.617267451 5350.734415844 -4109.165808182 1.23741525015 4.60116954353 6.02819500732
2024-01-06T12:15:00.000000 189.534769670 5614.111795959 -3738.145125895 1.22554246629 4.17462594441 6.33436363408
2024-01-06T12:16:00.000000 262.567857784 5851.295553905 -3349.632167395 1.20794530407 3.72838687112 6.61103710188
2024-01-06T12:17:00.000000 334.375235704 6061.165734850 -2945.437292070 1.18470050889 3.26452680095 6.85688422110
2024-01-06T12:18:00.000000 404.621023596 6242.729583867 -2527.446434788 1.15591185412 2.78521011364 7.07071757266
2024-01-06T12:19:00.000000 472.976378739 6395.126643873 -2097.612316662 1.12171010318 2.29268027309 7.25149962356
2024-01-06T12:20:00.000000 539.121104621 6517.633169028 -1657.945253812 1.08225264501 1.78924994582 7.39834845849
2024-01-06T12:21:00.000000 602.745229890 6609.666014643 -1210.503672892 1.03772270736 1.27729024018 7.51054415022
2024-01-06T12:22:00.000000 663.550521206 6670.785725604 -757.384183130 0.98832813023 0.75921808550 7.58753410293
2024-01-06T12:23:00.000000 721.251920603 6700.698920945 -300.711456214 0.93430003880 0.23748319324 7.62893613693
2024-01-06T12:24:00.000000 775.578910045 6699.259856193 157.372083614 0.87589187598 -0.28544413924 7.63454056779
2024-01-06T12:25:00.000000 826.276830981 6666.471338956 614.716642806 0.81337867266 -0.80708572424 7.60431228681
2024-01-06T12:26:00.000000 873.108148431 6602.484735224 1069.175593780 0.74705597858 -1.32496961714 7.53839151369
2024-01-06T12:27:00.000000 915.853634398 6507.599199656 1518.615929683 0.67723814232 -1.83664401669 7.43709176598
2024-01-06T12:28:00.000000 954.313435395 6382.260075354 1960.928585040 0.60425629709 -2.33968879105 7.30089663856
2024-01-06T12:29:00.000000 988.308021452 6227.056729191 2394.038539186 0.52845646245 -2.83172597854 7.13045761271
2024-01-06T12:30:00.000000 1017.679026384 6042.719627307 2815.914865149 0.45019778268 -3.31043196733 6.92659230197
2024-01-06T12:31:00.000000 1042.289979335 5830.116680533 3224.580573666 0.36985059004 -3.77355132990 6.69028007112
2024-01-06T12:32:00.000000 1062.026910579 5590.248759714 3618.122108920 0.28779429453 -4.21890909756 6.42265448308
2024-01-06T12:33:00.000000 1076.798838235 5324.244591758 3994.698345221 0.20441536740 -4.64441992472 6.12499521430
2024-01-06T12:34:00.000000 1086.538134892 5033.355132127 4352.549157024 0.12010558564 -5.04809614066 5.79872155921
2024-01-06T12:35:00.000000 1091.200799404 4718.947441703 4690.003614229 0.03526039200 -5.42805691780 5.44538609978
2024-01-06T12:36:00.000000 1090.766621235 4382.497982000 5005.487729851 -0.04972284628 -5.78253785079 5.06666648775
2024-01-06T12:37:00.000000 1085.239245719 4025.585383421 5297.531699054 -0.13444673575 -6.10989893974 4.66435580700
2024-01-06T12:38:00.000000 1074.646110920 3649.882781074 5564.776523263 -0.21851584948 -6.40863100046 4.24035326364
2024-01-06T12:39:00.000000 1059.038273718 3257.149781141 5805.980124758 -0.30153867621 -6.67736196729 3.79665519673
2024-01-06T12:40:00.000000 1038.490116541 2849.224040314 6020.022852875 -0.38312941856 -6.91486311320 3.33534488432
2024-01-06T12:41:00.000000 1013.098959225 2428.012521205 6205.912397143 -0.46290966037 -7.12005357599 2.85858118175
2024-01-06T12:42:00.000000 982.984560670 1995.482537262 6362.787963100 -0.54051010069 -7.29200279195 2.36858785162
2024-01-06T12:43:00.000000 948.288517829 1553.652678404 6489.923911472 -0.61557243494 -7.42993259889 1.86764449525
2024-01-06T12:44:00.000000 909.173551448 1104.583573511 6586.732808235 -0.68775108586 -7.53322030871 1.35807755306
2024-01-06T12:45:00.000000 865.822704532 650.368473852 6652.767982628 -0.75671436765 -7.60140170356 0.84224989631
2024-01-06T12:46:00.000000 818.438487049 193.123689919 6687.725335370 -0.82214516591 -7.63417236138 0.32254981418
2024-01-06T12:47:00.000000 767.241978399 -265.020996002 6691.444585612 -0.88374185403 -7.63138770516 -0.19861894772
2024-01-06T12:48:00.000000 712.471849719 -721.931932094 6663.909896978 -0.94121993921 -7.59306331923 -0.71884627119
2024-01-06T12:49:00.000000 654.383278926 -1175.481219804 6605.250005075 -0.99431403004 -7.51937555261 -1.23572542868
2024-01-06T12:50:00.000000 593.246759377 -1623.556361210 6515.737677938 -1.04277919194 -7.41066123583 -1.74686388279
2024-01-06T12:51:00.000000 529.346848136 -2064.069847217 6395.788533477 -1.08639146996 -7.26741611901 -2.24989380737
2024-01-06T12:52:00.000000 462.980906351 -2494.968632751 6245.959288284 -1.12494829412 -7.09029304904 -2.74248175512
2024-01-06T12:53:00.000000 394.457781623 -2914.243519910 6066.945382896 -1.15826947661 -6.88010046078 -3.22233851514
2024-01-06T12:54:00.000000 324.096427765 -3319.938432665 5859.578016439 -1.18619855071 -6.63780002871 -3.68723004394
2024-01-06T12:55:00.000000 252.224449814 -3710.159485444 5624.820490451 -1.20860374478 -6.36450246489 -4.13498849121
2024-01-06T12:56:00.000000 179.176634385 -4083.083632263 5363.764055336 -1.22537747465 -6.06145728865 -4.56351843920
2024-01-06T12:57:00.000000 105.293401309 -4436.967284737 5077.622998332 -1.23643967127 -5.73006289137 -4.97081541949
2024-01-06T12:58:00.000000 30.919215617 -4770.154662720 4767.729221928 -1.24173566581 -5.37184687163 -5.35496504723
2024-01-06T12:59:00.000000 -43.598984174 -5081.085533553 4435.526443798 -1.24123783944 -4.98846609315 -5.71415593329
2024-01-06T13:00:00.000000 -117.913423060 -5368.302810272 4082.563729317 -1.23494582830 -4.58170006507 -6.04668988514
2024-01-06T13:01:00.000000 -191.677115640 -5630.459645875 3710.488390457 -1.22288632401 -4.15344283046 -6.35099153971
2024-01-06T13:02:00.000000 -264.545486783 -5866.326052716 3321.038362837 -1.20511294974 -3.70569382499 -6.62561697795
2024-01-06T13:03:00.000000 -336.177987881 -6074.794914470 2916.034074352 -1.18170638852 -3.24054809946 -6.86926124760
2024-01-06T13:04:00.000000 -406.239727801 -6254.887450559 2497.369923985 -1.15277445459 -2.76018628799 -7.08076497485
2024-01-06T13:05:00.000000 -474.403089739 -6405.758024933 2067.005346461 -1.11845175526 -2.26686450563 -7.25912049261
2024-01-06T13:06:00.000000 -540.349319969 -6526.698378462 1626.955540931 -1.07889897033 -1.76290374979 -7.40347763908
2024-01-06T13:07:00.000000 -603.770066809 -6617.141157989 1179.281861923 -1.03430203376 -1.25067846511 -7.51314873104
2024-01-06T13:08:00.000000 -664.368873829 -6676.662801540 726.081956191 -0.98487138157 -0.73260465204 -7.58761231011
2024-01-06T13:09:00.000000 -721.862625211 -6704.985646087 269.479695339 -0.93084111183 -0.21112798845 -7.62651612014
2024-01-06T13:10:00.000000 -775.982931368 -6701.979363979 -188.385060907 -0.87246773169 0.31128846182 -7.62967981113
2024-01-06T13:11:00.000000 -826.477421671 -6667.661585667 -645.366829708 -0.81002840671 0.83217755725 -7.59709664061
2024-01-06T13:12:00.000000 -873.110928977 -6602.197769474 -1099.324934315 -0.74381910798 1.34908165422 -7.52893304988
2024-01-06T13:13:00.000000 -915.666570591 -6505.900220717 -1548.133822625 -0.67415317731 1.85956508684 -7.42552647440
2024-01-06T13:14:00.000000 -953.946761407 -6379.226449967 -1989.693263689 -0.60136027283 2.36122561658 -7.28738298976
2024-01-06T13:15:00.000000 -987.774148198 -6222.776782263 -2421.938384920 -0.52578501670 2.85170641239 -7.11517506533
2024-01-06T13:16:00.000000 -1016.992470103 -6037.291220491 -2842.849747202 -0.44778526511 3.32871128665 -6.90974341660
2024-01-06T13:17:00.000000 -1041.467232054 -5823.645610489 -3250.462742959 -0.36772841789 3.79000956790 -6.67207421508
2024-01-06T13:18:00.000000 -1061.086258748 -5582.847243146 -3642.876647792 -0.28599068432 4.23345244823 -6.40330947419
2024-01-06T13:19:00.000000 -1075.760155831 -5316.029690039 -4018.263605248 -0.20295518787 4.65698009283 -6.10473557219
2024-01-06T13:20:00.000000 -1085.422691964 -5024.447217739 -4374.877135263 -0.11901037009 5.05863192844 -5.77777701730
2024-01-06T13:21:00.000000 -1090.031044556 -4709.468472557 -4711.060153388 -0.03454780631 5.43655685544 -5.42398773284
2024-01-06T13:22:00.000000 -1089.565924103 -4372.569699483 -5025.252433083 0.05004003374 5.78902079056 -5.04504054997
2024-01-06T13:23:00.000000 -1084.031572598 -4015.327530588 -5315.997442807 0.13436133864 6.11441142371 -4.64271794009
2024-01-06T13:24:00.000000 -1073.455697395 -3639.411594850 -5581.948712495 0.21802603163 6.41124302449 -4.21890489337
2024-01-06T13:25:00.000000 -1057.889322575 -3246.576692043 -5821.875773779 0.30064721918 6.67816304446 -3.77558194814
2024-01-06T13:26:00.000000 -1037.406536902 -2838.654605801 -6034.669638077 0.38184337172 6.91395916269 -3.31481606545
2024-01-06T13:27:00.000000 -1012.104102307 -2417.545505330 -6219.347651764 0.46124061733 7.11756465747 -2.83874981023
2024-01-06T13:28:00.000000 -982.100937217 -1985.209111709 -6375.057714744 0.53847450293 7.28806192234 -2.34959038137
2024-01-06T13:29:00.000000 -947.537511524 -1543.655658659 -6501.081829654 0.61319131509 7.42468506285 -1.84959907092
2024-01-06T13:30:00.000000 -908.575161773 -1094.936738869 -6596.839046286 0.68504946249 7.52682165171 -1.34108098407
2024-01-06T13:31:00.000000 -865.395319303 -641.136058034 -6661.887784951 0.75372093756 7.59401357246 -0.82637555838
2024-01-06T13:32:00.000000 -818.198659203 -184.360165924 -6695.927659584 0.81889242601 7.62595790699 -0.30784809291
2024-01-06T13:33:00.000000 -767.204198311 273.270916338 -6698.800760608 0.88026593353 7.62250883351 0.21211888002
2024-01-06T13:34:00.000000 -712.648357398 729.633183963 -6670.492396594 0.93755951452 7.58367954946 0.73113591216
2024-01-06T13:35:00.000000 -654.783957787 1182.608197784 -6611.131160135 0.99050868908 7.50964225548 1.24681802738
2024-01-06T13:36:00.000000 -593.879119051 1630.092573379 -6520.988349526 1.03886834024 7.40072607154 1.75679507309
2024-01-06T13:37:00.000000 -530.216045365 2070.007321997 -6400.476808101 1.08241427532 7.25741484491 2.25872027747
2024-01-06T13:38:00.000000 -464.089745483 2500.307104294 -6250.149283210 1.12094399030 7.08034613696 2.75027855647
2024-01-06T13:39:00.000000 -395.806715233 2918.989418820 -6070.696232615 1.15427705013 6.87031042161 3.22919604843
2024-01-06T13:40:00.000000 -325.683601701 3324.103743164 -5862.943059999 1.18225577664 6.62824911061 3.69325040727
2024-01-06T13:41:00.000000 -254.045801018 3713.760487689 -5627.846709956 1.20474637387 6.35525147856 4.14028076377
2024-01-06T13:42:00.000000 -181.225994795 4086.139779047 -5366.491695914 1.22163992796 6.05255138741 4.56819752025
2024-01-06T13:43:00.000000 -107.562639208 4439.500009949 -5080.085499949 1.23285286425 5.72152352825 4.97499280660
2024-01-06T13:44:00.000000 -33.398441133 4772.186164077 -4769.953363697 1.23832716388 5.36367813612 5.35875121071
2024-01-06T13:45:00.000000 40.921191990 5082.637732050 -4437.532430112 1.23803095122 4.98065415110 5.71765948457
2024-01-06T13:46:00.000000 115.049749447 5369.396222755 -4084.365360301 1.23195949788 4.57421203481 6.05001496406
2024-01-06T13:47:00.000000 188.641272065 5631.112246484 -3712.093452634 1.22013596810 4.14622679862 6.35423388746
2024-01-06T13:48:00.000000 261.352024459 5866.552149051 -3322.449236427 1.20261127223 3.69868033099 6.62886023798
2024-01-06T13:49:00.000000 332.842139330 6074.604192935 -2917.248568626 1.17946319621 3.23365235503 6.87257402470
2024-01-06T13:50:00.000000 402.777200563 6254.284110059 -2498.382248119 1.15079561469 2.75331098120 7.08419801389
2024-01-06T13:51:00.000000 470.829802537 6404.740153509 -2067.807274910 1.11673834483 2.25990384317 7.26270391764
2024-01-06T13:52:00.000000 536.681111291 6525.257573001 -1627.537693353 1.07744741033 1.75574870777 7.40721953242
2024-01-06T13:53:00.000000 600.022443907 6615.262523041 -1179.635022888 1.03310495083 1.24322150583 7.51703605494
2024-01-06T13:54:00.000000 660.556805652 6674.325090430 -726.198271494 0.98391828941 0.72474217246 7.59161297103
2024-01-06T13:55:00.000000 718.000359400 6702.161542213 -269.353785257 0.93011841056 0.20276121292 7.63057982046
2024-01-06T13:56:00.000000 772.083799456 6698.635798931 188.755001484 0.87195846170 -0.32025132951 7.63373722719
2024-01-06T13:57:00.000000 822.553642576 6663.760326752 645.977861336 0.80971256318 -0.84181663375 7.60105933320
2024-01-06T13:58:00.000000 869.173455359 6597.696249118 1100.168302988 0.74367470085 -1.35946028717 7.53269638405
2024-01-06T13:59:00.000000 911.725005231 6500.752643900 1549.194133845 0.67415730124 -1.87072758037 7.42897454080
2024-01-06T14:00:00.000000 950.009312670 6373.384908700 1990.947930390 0.60148944855 -2.37319795534 7.29039242522
2024-01-06T14:01:00.000000 983.847598241 6216.192349642 2423.357238820 0.52601501278 -2.86449713563 7.11761643930
2024-01-06T14:02:00.000000 1013.082113599 6029.915063271 2844.394515955 0.44809093857 -3.34230801315 6.91147640649
2024-01-06T14:03:00.000000 1037.576881023 5815.430191828 3252.086798739 0.36808566723 -3.80438144234 6.67296099016
2024-01-06T14:04:00.000000 1057.218329889 5573.747509353 3644.525072118 0.28637746058 -4.24854690754 6.40321234814
2024-01-06T14:05:00.000000 1071.915834974 5306.004415701 4019.873314909 0.20335240467 -4.67272293514 6.10352018313
2024-01-06T14:06:00.000000 1081.602111842 5013.460258877 4376.377144990 0.11940213075 -5.07492750943 5.77531499143
2024-01-06T14:07:00.000000 1086.233484852 4697.490078483 4712.372032906 0.03492159037 -5.45328790305 5.42015981180
2024-01-06T14:08:00.000000 1085.790025470 4359.577783746 5026.290974090 -0.04969282217 -5.80604879585 5.03974102497
2024-01-06T14:09:00.000000 1080.275592721 4001.308920148 5316.671630659 -0.13404495971 -6.13157913574 4.63585956221
2024-01-06T14:10:00.000000 1069.717758399 3624.362982543 5582.162941225 -0.21774083996 -6.42837936969 4.21042228328
2024-01-06T14:11:00.000000 1054.167614487 3230.505309846 5821.531183016 -0.30039080330 -6.69508867614 3.76543166869
2024-01-06T14:12:00.000000 1033.699454076 2821.578603231 6033.665354375 -0.38161141540 -6.93048972909 3.30297415120
2024-01-06T14:13:00.000000 1008.410353871 2399.494243850 6217.581905055 -0.46102686415 -7.13351067436 2.82521012098
2024-01-06T14:14:00.000000 978.419677544 1966.223502660 6372.428939176 -0.53827031541 -7.30322774783 2.33436660298
2024-01-06T14:15:00.000000 943.868486490 1523.788501461 6497.489989427 -0.61298564876 -7.43887060332 1.83272907634
2024-01-06T14:16:00.000000 904.918844881 1074.252857046 6592.187165168 -0.68482916767 -7.53982741736 1.32262946476
2024-01-06T14:17:00.000000 861.753037332 619.712083934 6656.083569019 -0.75347061354 -7.60564600442 0.80643301324
2024-01-06T14:18:00.000000 814.572746441 162.284085764 6688.884952397 -0.81859380902 -7.63603239320 0.28652842930
2024-01-06T14:19:00.000000 763.598173054 -295.900346724 6690.440919182 -0.87989795263 -7.63085124385 -0.23467925744
2024-01-06T14:20:00.000000 709.067051722 -752.707125044 6660.745634546 -0.93709976326 -7.59012851749 -0.75477770937
2024-01-06T14:21:00.000000 651.233538256 -1206.008599691 6599.937937895 -0.98993537429 -7.51405260176 -1.27135942295
2024-01-06T14:22:00.000000 590.367018373 -1653.693239170 6508.300679832 -1.03816115261 -7.40297214073 -1.78203341634
2024-01-06T14:23:00.000000 526.750873748 -2093.675189645 6386.259416778 -1.08155398504 -7.25739364368 -2.28443421442
2024-01-06T14:24:00.000000 460.681249172 -2523.903685709 6234.380688391 -1.11991206468 -7.07798073346 -2.77623057278
2024-01-06T14:25:00.000000 392.465719406 -2942.372484879 6053.369598438 -1.15305625885 -6.86555325521 -3.25513622568
2024-01-06T14:26:00.000000 322.421897267 -3347.129139831 5844.066797679 -1.18083133913 -6.62108390648 -3.71892142028
2024-01-06T14:27:00.000000 250.875969061 -3736.284035777 5607.444753480 -1.20310675770 -6.34569348169 -4.16542294133
2024-01-06T14:28:00.000000 178.161230935 -4108.018985728 5344.603626570 -1.21977626295 -6.04064161947 -4.59254973147
2024-01-06T14:29:00.000000 104.616524796 -4460.595896396 5056.766325319 -1.23076125870 -5.70733757135 -4.99830266547
2024-01-06T14:30:00.000000 30.584658659 -4792.365131994 4745.272992524 -1.23600820325 -5.34731961498 -5.38077490404
2024-01-06T14:31:00.000000 -43.589133351 -5101.773213802 4411.575067515 -1.23548973430 -4.96225385142 -5.73816446526
2024-01-06T14:32:00.000000 -117.558768743 -5387.370304103 4057.228751518 -1.22920512356 -4.55392742548 -6.06878328741
2024-01-06T14:33:00.000000 -190.978937333 -5647.817230190 3683.887876015 -1.21718087860 -4.12424078627 -6.37106626091
2024-01-06T14:34:00.000000 -263.506742233 -5881.892028204 3293.296291104 -1.19947095505 -3.67519873236 -6.64357940295
2024-01-06T14:35:00.000000 -334.803343577 -6088.495916244 2887.279757058 -1.17615651878 -3.20890142605 -6.88502700523
2024-01-06T14:36:00.000000 -404.535578202 -6266.658772170 2467.737461628 -1.14734564394 -2.72753536200 -7.09425906470
2024-01-06T14:37:00.000000 -472.377568111 -6415.543982110 2036.633014607 -1.11317297687 -2.23336250108 -7.27027908095
2024-01-06T14:38:00.000000 -538.012289871 -6534.452591497 1595.985071416 -1.07379885948 -1.72870724395 -7.41224962365
2024-01-06T14:39:00.000000 -601.133080356 -6622.826676497 1147.857681438 -1.02940798830 -1.21594462000 -7.51949463328
2024-01-06T14:40:00.000000 -661.445059462 -6680.252110278 694.350583830 -0.98020842377 -0.69749132731 -7.59150174980
2024-01-06T14:41:00.000000 -718.666525941 -6706.460789034 237.589210230 -0.92643136066 -0.17579623192 -7.62792777225
2024-01-06T14:42:00.000000 -772.530337426 -6701.332153587 -220.285641031 -0.86833074084 0.34667402633 -7.62860427650
2024-01-06T14:43:00.000000 -822.785234694 -6664.893759049 -677.128336492 -0.80618174021 0.86745197655 -7.59353815148
2024-01-06T14:44:00.000000 -869.197050353 -6597.320875402 -1130.798817580 -0.74027851988 1.38408272767 -7.52290755168
2024-01-06T14:45:00.000000 -911.549788708 -6498.935466725 -1579.172770263 -0.67093243826 1.89413276010 -7.41705904838
2024-01-06T14:46:00.000000 -949.646626932 -6370.204638418 -2020.151747355 -0.59847103685 2.39519958967 -7.27650827962
2024-01-06T14:47:00.000000 -983.310850982 -6211.738365900 -2451.673301627 -0.52323695739 2.88492596079 -7.10193980499
2024-01-06T14:48:00.000000 -1012.386731131 -6024.286240844 -2871.721201772 -0.44558652944 3.36101772055 -6.89420772492
2024-01-06T14:49:00.000000 -1036.740231867 -5808.733505483 -3278.334831367 -0.36588627978 3.82124878736 -6.65431082576
2024-01-06T14:50:00.000000 -1056.259600229 -5566.096514461 -3669.618177860 -0.28451200483 4.26347658522 -6.38340240161
2024-01-06T14:51:00.000000 -1070.855840365 -5297.517498148 -4043.748726611 -0.20184626473 4.68564866536 -6.08277879774
2024-01-06T14:52:00.000000 -1080.463065310 -5004.258915207 -4398.985897927 -0.11827630555 5.08581219881 -5.75387283239
2024-01-06T14:53:00.000000 -1085.038710138 -4687.697170780 -4733.678961268 -0.03419204898 5.46212270206 -5.39824566999
2024-01-06T14:54:00.000000 -1084.563643221 -4349.315908582 -5046.274503103 0.05001565144 5.81285150727 -5.01757835200
2024-01-06T14:55:00.000000 -1079.042170101 -3990.698828001 -5335.323343730 0.13395653224 6.13639280134 -4.61366339368
2024-01-06T14:56:00.000000 -1068.501960804 -3613.522134513 -5599.486993025 0.21724243884 6.43127042578 -4.18839577567
2024-01-06T14:57:00.000000 -1052.993868991 -3219.546556521 -5837.543482749 0.29948893293 6.69614370534 -3.74376329724
2024-01-06T14:58:00.000000 -1032.591663896 -2810.609082616 -6048.392664300 0.38031692731 6.92981221201 -3.28183694836
2024-01-06T14:59:00.000000 -1007.391655593 -2388.614406761 -6231.060892120 0.45935433212 7.13121991054 -2.80476144536
2024-01-06T15:00:00.000000 -977.512229269 -1955.526170609 -6384.705193126 0.53623781270 7.29945872897 -2.31474563973
2024-01-06T15:01:00.000000 -943.093258331 -1513.357984335 -6508.616799430 0.61061469708 7.43377139707 -1.81405294207
2024-01-06T15:02:00.000000 -904.295410066 -1064.164309718 -6602.224156378 0.68214483056 7.53355391376 -1.30499181324
2024-01-06T15:03:00.000000 -861.299348765 -610.031192572 -6665.095305167 0.75050194867 7.59835777851 -0.78990583671
2024-01-06T15:04:00.000000 -814.304880282 -153.066885798 -6696.939713901 0.81537435742 7.62789141686 -0.27116331983
2024-01-06T15:05:00.000000 -763.530065070 304.607582547 -6697.609427770 0.87646533606 7.62202058047 0.24885270905
2024-01-06T15:06:00.000000 -709.210296559 760.867855410 -6667.099693590 0.93349406394 7.58076854337 0.76775375568
2024-01-06T15:07:00.000000 -651.597299418 1213.595701355 -6605.548977757 0.98619733856 7.50431641523 1.28315533806
2024-01-06T15:08:00.000000 -590.958013986 1660.688487930 -6513.238462161 1.03433140266 7.39300265608 1.79268713626
2024-01-06T15:09:00.000000 -527.573392910 2100.068565840 -6390.590864849 1.07767306516 7.24732136646 2.29400273136
2024-01-06T15:10:00.000000 -461.737150181 2529.692563011 -6238.168765106 1.11602026850 7.06792065612 2.78478830998
2024-01-06T15:11:00.000000 -393.754468519 2947.560581563 -6056.672346787 1.14919286701 6.85560179854 3.26277180268
2024-01-06T15:12:00.000000 -323.940654943 3351.725372574 -5846.936622498 1.17703381793 6.61131764138 3.72573358790
2024-01-06T15:13:00.000000 -252.619717643 3740.301308634 -5609.927922527 1.19941021034 6.33616882091 4.17151733308
2024-01-06T15:14:00.000000 -180.122903192 4111.473123509 -5346.739837201 1.21621377432 6.03139919566 4.59803918339
2024-01-06T15:15:00.000000 -106.787203712 4463.504380292 -5058.588575437 1.22736126186 5.69839246594 5.00329650106
2024-01-06T15:16:00.000000 -32.953842172 4794.745790638 -4746.807828926 1.23279509563 5.33866872768 5.38537853400
2024-01-06T15:17:00.000000 41.033292346 5103.643208137 -4412.842869804 1.23248403959 4.95387808396 5.74247831948
2024-01-06T15:18:00.000000 114.829235159 5388.745164584 -4058.244022730 1.22642349786 4.54579135281 6.07290246336
2024-01-06T15:19:00.000000 188.089546428 5648.709835549 -3684.659642994 1.21463558897 4.11629125041 6.37507768343
2024-01-06T15:20:00.000000 260.471922251 5882.311545004 -3293.828711514 1.19716941989 3.66736598086 6.64755690526
2024-01-06T15:21:00.000000 331.637823550 6088.446937556 -2887.573074154 1.17410148784 3.20110307091 6.88902772120
2024-01-06T15:22:00.000000 401.254125256 6266.140666410 -2467.789010317 1.14553566440 2.71968040715 7.09832238985
2024-01-06T15:23:00.000000 468.994738622 6414.550468483 -2036.438307927 1.11160247347 2.22535394543 7.27442634255
2024-01-06T15:24:00.000000 534.542180027 6532.971445765 -1595.538899392 1.07245801121 1.72044457740 7.41648313994
2024-01-06T15:25:00.000000 597.589075387 6620.839620914 -1147.155302930 1.02828313560 1.20732696985 7.52379677822
2024-01-06T15:26:00.000000 657.839639236 6677.734887061 -693.388916758 0.97928323841 0.68842089284 7.59583453024
2024-01-06T15:27:00.000000 715.011146137 6703.383464568 -236.368067544 0.92568818775 0.16618212556 7.63223259594
2024-01-06T15:28:00.000000 768.835375626 6697.659654726 221.762321412 0.86775154255 -0.35691089913 7.63280295349
2024-01-06T15:29:00.000000 819.059990624 6660.586748165 678.851433419 0.80574855392 -0.87837443762 7.59753664361
2024-01-06T15:30:00.000000 865.449751552 6592.336777447 1132.753224466 0.73997361418 -1.39573593229 7.52660132267
2024-01-06T15:31:00.000000 907.787608796 6493.229493655 1581.336893218 0.67073840883 -1.90654599073 7.42033676849
2024-01-06T15:32:00.000000 945.875707025 6363.730644134 2022.497129447 0.59837103414 -2.40838832798 7.27925249604
2024-01-06T15:33:00.000000 979.536349409 6204.449701946 2454.164243310 0.52321495578 -2.89889186581 7.10402614742
2024-01-06T15:34:00.000000 1008.612854949 6016.136697178 2874.314147882 0.44562687970 -3.37574373710 6.89549902127
2024-01-06T15:35:00.000000 1032.970274233 5799.678437599 3280.977980206 0.36597406048 -3.83669947546 6.65466984392
2024-01-06T15:36:00.000000 1052.495956318 5556.094094209 3672.251431573 0.28463219048 -4.27959159014 6.38269086909
2024-01-06T15:37:00.000000 1067.100006649 5286.530345791 4046.303850683 0.20198397991 -4.70234176079 6.08086483891
2024-01-06T15:38:00.000000 1076.715671147 4992.255481497 4401.387091388 0.11841777031 -5.10297573060 5.75063690653
2024-01-06T15:39:00.000000 1081.299623605 4674.652866887 4735.843635704 0.03432583494 -5.47963355566 5.39358099754
2024-01-06T15:40:00.000000 1080.832145832 4335.213916392 5048.114004907 -0.04989737853 -5.83057240496 5.01138868113
2024-01-06T15:41:00.000000 1075.317205739 3975.531093691 5336.743572964 -0.13385727051 -6.15416945088 4.60586450162
2024-01-06T15:42:00.000000 1064.782387625 3597.290384112 5600.389312919 -0.21716162539 -6.44893115605 4.17892186371
2024-01-06T15:43:00.000000 1049.278670900 3202.263221934 5837.825989295 -0.29942319319 -6.71350437475 3.73257185436
2024-01-06T15:44:00.000000 1028.880079876 2792.297880114 6047.951618651 -0.38026121829 -6.94668134556 3.26890852720
2024-01-06T15:45:00.000000 1003.683274475 2369.310726653 6229.792039121 -0.45930202355 -7.14739997859 2.79009853362
2024-01-06T15:46:00.000000 973.807099515 1935.277419988 6382.505133509 -0.53618006559 -7.31474701897 2.29837498699
2024-01-06T15:47:00.000000 939.392034258 1492.223776061 6505.384544115 -0.61054011222 -7.44796463841 1.79602827485
2024-01-06T15:48:00.000000 900.599508640 1042.216331322 6597.862721027 -0.68203947066 -7.54645403764 1.28539236245
2024-01-06T15:49:00.000000 857.611102059 587.352788548 6659.513143750 -0.75034912314 -7.60977397418 0.76883305837
2024-01-06T15:50:00.000000 810.627712634 129.752640233 6690.052021670 -0.81515436109 -7.63763999798 0.24874107261
2024-01-06T15:51:00.000000 759.868659433 -328.452342155 6689.339582444 -0.87615613667 -7.62992781393 -0.27247531414
2024-01-06T15:52:00.000000 705.570686174 -785.127810846 6657.380779079 -0.93307302557 -7.58667648884 -0.79240226953
2024-01-06T15:53:00.000000 647.986854784 -1238.146656805 6594.325232074 -0.98564260754 -7.50808721601 -1.30863348228
2024-01-06T15:54:00.000000 587.385390922 -1685.398614307 6500.466487432 -1.03362204958 -7.39452008201 -1.81877963760
2024-01-06T15:55:00.000000 524.048475891 -2124.799770136 6376.240697361 -1.07678891061 -7.24649346252 -2.32047609416
2024-01-06T15:56:00.000000 458.270996900 -2554.302081226 6222.224964162 -1.11494273473 -7.06468465360 -2.81139333874
2024-01-06T15:57:00.000000 390.359161930 -2971.902863081 6039.134749318 -1.14790662918 -6.84992758464 -3.28924980464
2024-01-06T15:58:00.000000 320.629070839 -3375.654031336 5827.820697154 -1.17552789521 -6.60320736434 -3.75182327863
2024-01-06T15:59:00.000000 249.405256591 -3763.671007434 5589.264754248 -1.19767788524 -6.32565492380 -4.19695950724
2024-01-06T16:00:00.000000 177.019257768 -4134.141341444 5324.575919360 -1.21425200341 -6.01854307247 -4.62258019681
2024-01-06T16:01:00.000000 103.808177196 -4485.332978830 5034.985488359 -1.22516941126 -5.68327822367 -5.02668795031
2024-01-06T16:02:00.000000 30.113143331 -4815.602577893 4721.841612355 -1.23037696222 -5.32141023422 -5.40738679187
2024-01-06T16:03:00.000000 -43.722293066 -5123.403540486 4386.603235820 -1.22984715045 -4.93461286291 -5.76288137853
2024-01-06T16:04:00.000000 -117.353736621 -5407.293374702 4030.833625566 -1.22357932330 -4.52468184493 -6.09149123042
2024-01-06T16:05:00.000000 -190.437554636 -5665.940790532 3656.193184500 -1.21159952297 -4.09352582318 -6.39166064592
2024-01-06T16:06:00.000000 -262.632474818 -5898.132139823 3264.431714455 -1.19396040448 -3.64315633868 -6.66196631943
2024-01-06T16:07:00.000000 -333.601188639 -6102.777333917 2857.380292511 -1.17074143252 -3.17567866067 -6.90112355996
2024-01-06T16:08:00.000000 -403.011958806 -6278.915169827 2436.942748175 -1.14204892824 -2.69328292339 -7.10799286199
2024-01-06T16:09:00.000000 -470.540224433 -6425.718178377 2005.086764787 -1.10801551759 -2.19823417509 -7.28158658627
2024-01-06T16:10:00.000000 -535.870147231 -6542.496756557 1563.834581385 -1.06879927805 -1.69286162182 -7.42107453070
2024-01-06T16:11:00.000000 -598.696127137 -6628.702727638 1115.253404357 -1.02458329738 -1.17954801311 -7.52578890633
2024-01-06T16:12:00.000000 -658.724292738 -6683.932176988 661.445498944 -0.97557560112 -0.66071817903 -7.59522973969
2024-01-06T16:13:00.000000 -715.673996547 -6707.927635396 204.537973011 -0.92200856504 -0.13882529911 -7.62906951579
2024-01-06T16:14:00.000000 -769.279221347 -6700.579281278 -253.327639344 -0.86413725588 0.38366405263 -7.62715485176
2024-01-06T16:15:00.000000 -819.289881348 -6661.925358785 -710.005799792 -0.80223725763 0.90428350863 -7.58950545148
2024-01-06T16:16:00.000000 -865.472991348 -6592.151764009 -1163.357309011 -0.73660277835 1.42057868406 -7.51631252830
2024-01-06T16:17:00.000000 -907.613740333 -6491.591039251 -1611.259547171 -0.66754511165 1.93011871849 -7.40793739456
2024-01-06T16:18:00.000000 -945.516468632 -6360.720561010 -2051.616626292 -0.59539112129 2.43050801042 -7.26490928064
2024-01-06T16:19:00.000000 -979.005558139 -6200.160116254 -2482.369376567 -0.52048168882 2.91939747547 -7.08792228645
2024-01-06T16:20:00.000000 -1007.926223927 -6010.668736569 -2901.505135004 -0.44317023556 3.39449580437 -6.87783223747
2024-01-06T16:21:00.000000 -1032.145236776 -5793.140833717 -3307.067513265 -0.36382144357 3.85358471338 -6.63565796355
2024-01-06T16:22:00.000000 -1051.551504665 -5548.601639648 -3697.165489451 -0.28280826310 4.29452315518 -6.36255837810
2024-01-06T16:23:00.000000 -1066.056540803 -5278.202052599 -4069.982060059 -0.20051085080 4.71526525497 -6.05984030513
2024-01-06T16:24:00.000000 -1075.594821863 -4983.212723620 -4423.782697479 -0.11731429205 5.11386535031 -5.72894505596
2024-01-06T16:25:00.000000 -1080.124038453 -4665.017882394 -4756.923223667 -0.03360693197 5.48848554382 -5.37144170735
2024-01-06T16:26:00.000000 -1079.625234578 -4325.108569600 -5067.857253253 0.05022139248 5.83740422122 -4.98901963016
2024-01-06T16:27:00.000000 -1074.102840349 -3965.075446629 -5355.143146366 0.13378136650 6.15902381733 -4.58347923573
2024-01-06T16:28:00.000000 -1063.584575996 -3586.601136063 -5617.450374418 0.21668622987 6.45187681305 -4.15672254269
2024-01-06T16:29:00.000000 -1048.121245386 -3191.452292281 -5853.565362263 0.29855364957 6.71463123803 -3.71074421656
2024-01-06T16:30:00.000000 -1027.786417117 -2781.471270490 -6062.396751589 0.37900733917 6.94609626264 -3.24762189225
2024-01-06T16:31:00.000000 -1002.676024341 -2358.567540023 -6242.980066066 0.45767834835 7.14522633656 -2.76950542276
2024-01-06T16:32:00.000000 -972.907887142 -1924.708870974 -6394.481730654 0.53420611240 7.31112347057 -2.27860713283
2024-01-06T16:33:00.000000 -938.621181098 -1481.912441972 -6516.202586143 0.60823972265 7.44303972243 -1.77719362863
2024-01-06T16:34:00.000000 -899.975801192 -1032.235707199 -6607.580879088 0.67943972957 7.54038098482 -1.26757694184
2024-01-06T16:35:00.000000 -857.151616588 -577.767077176 -6668.194667643 0.74748009278 7.60270987279 -0.75210340869
2024-01-06T16:36:00.000000 -810.347617981 -120.616483328 -6697.763531444 0.81204959606 7.62974600843 -0.23314247741
2024-01-06T16:37:00.000000 -759.781003757 337.094005522 -6696.149679762 0.87285270401 7.62136541344 0.28692249045
2024-01-06T16:38:00.000000 -705.686212773 793.239590140 -6663.358530862 0.92961042836 7.57760123918 0.80570266740
2024-01-06T16:39:00.000000 -648.313899010 1245.702200830 -6599.538753962 0.98206145150 7.49864465496 1.32081365470
2024-01-06T16:40:00.000000 -587.929837099 1692.379962667 -6504.981685692 1.02996321340 7.38484397532 1.82988578855
2024-01-06T16:41:00.000000 -524.813769051 2131.196569434 -6380.120178023 1.07309288515 7.23670302972 2.33057302951
2024-01-06T16:42:00.000000 -459.258185333 2560.110596489 -6225.526924598 1.11124858509 7.05488076035 2.82056157650
2024-01-06T16:43:00.000000 -391.567023019 2977.124804827 -6041.912215773 1.14425086281 6.84019074875 3.29758061582
2024-01-06T16:44:00.000000 -322.054284082 3380.295335116 -5830.121004226 1.17194381840 6.59359803476 3.75941412498
2024-01-06T16:45:00.000000 -251.042606524 3767.740647776 -5591.129307361 1.19419549355 6.31621401800 4.20391071598
2024-01-06T16:46:00.000000 -178.861823691 4137.650174220 -5326.040087245 1.21089806644 6.00929258438 4.62899159294
2024-01-06T16:47:00.000000 -105.847497860 4488.292798245 -5036.078632547 1.22196852740 5.67422763569 5.03265974403
2024-01-06T16:48:00.000000 -32.339403792 4818.025131279 -4722.587321428 1.22734967405 5.31254887097 5.41301115162
2024-01-06T16:49:00.000000 41.320043911 5125.299475441 -4387.019709138 1.22701073948 4.92591479556 5.76824551068
2024-01-06T16:50:00.000000 114.787381239 5408.671315292 -4030.934039961 1.22094750113 4.51610492994 6.09667488900
2024-01-06T16:51:00.000000 187.719686557 5666.806353736 -3655.986258922 1.20918228056 4.08501272131 6.39673187185
2024-01-06T16:52:00.000000 259.776177867 5898.487125129 -3263.922518674 1.19176410821 3.63463793550 6.66697828628
2024-01-06T16:53:00.000000 330.619820887 6102.619131783 -2856.571184386 1.16876890233 3.16707759019 6.90611344236
2024-01-06T16:54:00.000000 399.918943467 6278.236367432 -2435.834353361 1.14029944858 2.68451641506 7.11298125548
2024-01-06T16:55:00.000000 467.348840265 6424.506298703 -2003.678976155 1.10648513063 2.18921708736 7.28657726789
2024-01-06T16:56:00.000000 532.593354211 6540.734207602 -1562.127545483 1.06748141620 1.68350906020 7.42605554389
2024-01-06T16:57:00.000000 595.346422995 6626.366852995 -1113.248421854 1.02346918621 1.16977604594 7.53073382490
2024-01-06T16:58:00.000000 655.313583107 6680.995331925 -659.145905005 0.97465408842 0.65044400995 7.60009684696
2024-01-06T16:59:00.000000 712.213436347 6704.357282991 -201.950117744 0.92126585614 0.12796970910 7.63379977015
2024-01-06T17:00:00.000000 765.779063007 6696.338339601 256.193331068 0.86355718981 -0.39517236681 7.63167173703
2024-01-06T17:01:00.000000 815.759355056 6656.972794988 713.133838470 0.80180200038 -0.91650465539 7.59371688685
2024-01-06T17:02:00.000000 861.920224048 6586.443342949 1166.726249305 0.73629344594 -1.43355948453 7.52011230848
2024-01-06T17:03:00.000000 904.045705419 6485.080184600 1614.841174078 0.66734222237 -1.94388938178 7.41120634827
2024-01-06T17:04:00.000000 941.938960737 6353.359467337 2055.375264574 0.59527497434 -2.44507832817 7.26751875651
2024-01-06T17:05:00.000000 975.423189774 6191.901038594 2486.261473552 0.52043257725 -2.93475618419 7.08973907464
2024-01-06T17:06:00.000000 1004.342431674 6001.465201450 2905.479073831 0.44316867297 -3.41061247130 6.87872059096
2024-01-06T17:07:00.000000 1028.562304822 5782.948858901 3311.063270161 0.36384873834 -3.87040602055 6.63547356808
2024-01-06T17:08:00.000000 1047.970675920 5537.381061367 3701.114508484 0.28284883462 -4.31197354616 6.36116194294
2024-01-06T17:09:00.000000 1062.478239018 5265.918069871 4073.807612430 0.20055286167 -4.73324228544 6.05710045583
2024-01-06T17:10:00.000000 1072.018858998 4969.837394035 4427.400622688 0.11734893189 -5.13224444305 5.72474614453
2024-01-06T17:11:00.000000 1076.549749446 4650.531218142 4760.242928665 0.03362690034 -5.50712688289 5.36568493065
2024-01-06T17:12:00.000000 1076.051546081 4309.499338652 5070.782673345 -0.05022216025 -5.85615496651 4.98162046873
2024-01-06T17:13:00.000000 1070.528386590 3948.342029036 5357.573554310 -0.13380639185 -6.17771670543 4.57436779777
2024-01-06T17:14:00.000000 1060.007887961 3568.752382700 5619.281390525 -0.21673536334 -6.47033063151 4.14584735275
2024-01-06T17:15:00.000000 1044.540967035 3172.508263529 5854.690144066 -0.29862332146 -6.73265394910 3.69807515391
2024-01-06T17:16:00.000000 1024.201493283 2761.463801201 6062.707331431 -0.37909130498 -6.96348757012 3.23315160171
2024-01-06T17:17:00.000000 999.085848035 2337.540680951 6242.368766424 -0.45776771456 -7.16177987221 2.75325166151
2024-01-06T17:18:00.000000 969.312476778 1902.719134813 6392.842761765 -0.53428900894 -7.32663145373 2.26061500706
2024-01-06T17:19:00.000000 935.021348057 1459.028700249 6513.433657493 -0.60830161944 -7.45729862634 1.75753428447
2024-01-06T17:20:00.000000 896.373291182 1008.538846222 6603.584663470 -0.67946423767 -7.55319366817 1.24634409501
2024-01-06T17:21:00.000000 853.549200715 553.349644704 6662.880115647 -0.74744931909 -7.61388472221 0.72941310423
2024-01-06T17:22:00.000000 806.749191964 95.582328016 6691.047314935 -0.81194397211 -7.63909884644 0.20913655446
2024-01-06T17:23:00.000000 756.191685824 -362.630367294 6687.957802756 -0.87265111078 -7.62872589025 -0.31207485633
2024-01-06T17:24:00.000000 702.112417143 -819.153989968 6653.627898815 -0.92929094321 -7.58281876200 -0.83180810960
2024-01-06T17:25:00.000000 644.763354578 -1271.862094232 6588.218499193 -0.98160232901 -7.50159075009 -1.34765828182
2024-01-06T17:26:00.000000 584.411548134 -1718.645810877 6492.034370451 -1.02934391199 -7.38541445131 -1.85723637959
2024-01-06T17:27:00.000000 521.337904039 -2157.423417054 6365.522865924 -1.07229529469 -7.23482286912 -2.35817929913
2024-01-06T17:28:00.000000 455.835899039 -2586.149989371 6209.272063872 -1.11025809417 -7.05050828985 -2.84816313892
2024-01-06T17:29:00.000000 388.210235859 -3002.826774826 6024.007956982 -1.14305648148 -6.83331675520 -3.32491546378
2024-01-06T17:30:00.000000 318.775487248 -3405.510236822 5810.591148928 -1.17053737265 -6.58424183045 -3.78622326776
2024-01-06T17:31:00.000000 247.854714870 -3792.320788796 5570.013057686 -1.19257089681 -6.30442140182 -4.22993900497
2024-01-06T17:32:00.000000 175.778057227 -4161.451417195 5303.391836179 -1.20905135298 -5.99513630870 -4.65398884945
2024-01-06T17:33:00.000000 102.881270247 -4511.176043205 5011.967677802 -1.21989726579 -5.65780298158 -5.05637960763
2024-01-06T17:34:00.000000 29.504166289 -4839.857943223 4697.097336991 -1.22505502034 -5.29398242433 -5.43522118330
2024-01-06T17:35:00.000000 -44.010990638 -5145.957803686 4360.247943682 -1.22449658985 -4.90535925029 -5.78872631036
2024-01-06T17:36:00.000000 -117.321063245 -5428.041032158 4002.990409393 -1.21822100223 -4.49373866351 -6.11522418384
2024-01-06T17:37:00.000000 -190.083674879 -5684.784755502 3626.992183508 -1.20625452214 -4.06103720539 -6.41316931588
2024-01-06T17:38:00.000000 -261.958834669 -5914.984183944 3234.009502859 -1.18865036758 -3.60927333124 -6.68114844251
2024-01-06T17:39:00.000000 -332.610544448 -6117.558493905 2825.879286720 -1.16548836521 -3.14055907066 -6.91788664693
2024-01-06T17:40:00.000000 -401.708393201 -6291.556164138 2404.510615958 -1.13687499380 -2.65709180678 -7.12225447246
2024-01-06T17:41:00.000000 -468.929165453 -6436.159857957 1971.875786388 -1.10294360340 -2.16114417473 -7.29327576905
2024-01-06T17:42:00.000000 -533.958446318 -6550.690534980 1530.000887140 -1.06385408196 -1.65505179030 -7.43013433638
2024-01-06T17:43:00.000000 -596.492180054 -6634.610871504 1080.956068660 -1.01979159509 -1.14120047359 -7.53217840484
2024-01-06T17:44:00.000000 -656.238137687 -6687.527876306 626.845568653 -0.97096485061 -0.62201417487 -7.59892367675
2024-01-06T17:45:00.000000 -712.917279106 -6709.194866003 169.797604821 -0.91760465286 -0.09994315999 -7.63005576371
2024-01-06T17:46:00.000000 -766.265053884 -6699.512645688 -288.045890504 -0.85996304574 0.42254821782 -7.62543197540
2024-01-06T17:47:00.000000 -816.032654602 -6658.529998016 -744.539595060 -0.79831256872 0.94299417645 -7.58508206074
2024-01-06T17:48:00.000000 -861.988209962 -6586.443362610 -1197.545138224 -0.73294505638 1.45894010764 -7.50920786750
2024-01-06T17:49:00.000000 -903.917898901 -6483.595829281 -1644.941394630 -0.66416996772 1.96795490654 -7.39818209284
2024-01-06T17:50:00.000000 -941.626952279 -6350.475335660 -2084.634677475 -0.59231268951 2.46764313712 -7.25254630114
2024-01-06T17:51:00.000000 -974.940565437 -6187.712174432 -2514.568795862 -0.51771300585 2.95565738783 -7.07300811655
2024-01-06T17:52:00.000000 -1003.704708798 -5996.075714754 -2932.734891376 -0.44072344787 3.42971086684 -6.86043708579
2024-01-06T17:53:00.000000 -1027.786850848 -5776.470337855 -3337.181161165 -0.36170760095 3.88759232654 -6.61586409498
2024-01-06T17:54:00.000000 -1047.076519811 -5529.930808497 -3726.021824685 -0.28103693810 4.32716811691 -6.34045797129
2024-01-06T17:55:00.000000 -1061.485754513 -5257.617132402 -4097.445686698 -0.19908996343 4.74639894600 -6.03553469561
2024-01-06T17:56:00.000000 -1070.949455272 -4960.808689263 -4449.724578025 -0.11625006471 5.14334577834 -5.70254511838
2024-01-06T17:57:00.000000 -1075.425630902 -4640.897996752 -4781.221261643 -0.03290366638 5.51617849942 -5.34306764980
2024-01-06T17:58:00.000000 -1074.895517227 -4299.383895406 -5090.396813493 0.05056162314 5.86318396385 -4.95879979047
2024-01-06T17:59:00.000000 -1069.363604002 -3937.864343240 -5375.817517760 0.13375862020 6.18277276561 -4.55154927205
2024-01-06T18:00:00.000000 -1058.857556037 -3558.028778056 -5636.161201596 0.21630210767 6.47348546915 -4.12322556203
2024-01-06T18:01:00.000000 -1043.428050880 -3161.650162162 -5870.223108901 0.29781077440 6.73399904247 -3.67583090078
2024-01-06T18:02:00.000000 -1023.148467584 -2750.576589442 -6076.921135345 0.37790946531 6.96313258735 -3.21144995424
2024-01-06T18:03:00.000000 -998.114465590 -2326.722652694 -6255.300461510 0.45623095818 7.15985112498 -2.73223886126
2024-01-06T18:04:00.000000 -968.443471549 -1892.060590193 -6404.537515707 0.53241683666 7.32326797316 -2.24041531532
2024-01-06T18:05:00.000000 -934.274143207 -1448.611348300 -6523.943424387 0.60611814295 7.45264722550 -1.73824956928
2024-01-06T18:06:00.000000 -895.765756720 -998.435425702 -6612.966867752 0.67699677426 7.54740649430 -1.22805518870
2024-01-06T18:07:00.000000 -853.097496297 -543.623612821 -6671.196400665 0.74472759948 7.60711883179 -0.71217917565
2024-01-06T18:08:00.000000 -806.467616643 -86.287621124 -6698.362143232 0.80900035793 7.63151368864 -0.19299228776
2024-01-06T18:09:00.000000 -756.092511919 371.449308066 -6694.336953136 0.86952074257 7.62047767305 0.32712044649
2024-01-06T18:10:00.000000 -702.205741938 827.461864324 -6659.136964096 0.92601097760 7.57405509874 0.84576954991
2024-01-06T18:11:00.000000 -645.057019817 1279.632116120 -6592.921575091 0.97821057086 7.49244758103 1.36057083584
2024-01-06T18:12:00.000000 -584.911139766 1725.858934665 -6495.992840908 1.02587751835 7.37601336068 1.86915412269
2024-01-06T18:13:00.000000 -522.046825370 2164.067383319 -6368.794408371 1.06878978694 7.22526755101 2.36917201872
2024-01-06T18:14:00.000000 -456.755486691 2592.218152334 -6211.909810526 1.10674672797 7.04088243374 2.85831082273
2024-01-06T18:15:00.000000 -389.339904069 3008.316929414 -6026.060080991 1.13957014565 6.82368504458 3.33430301163
2024-01-06T18:16:00.000000 -320.112857881 3410.423546315 -5812.100640461 1.16710492761 6.57465197816 3.79493782445
2024-01-06T18:17:00.000000 -249.395733256 3796.660788415 -5571.017666375 1.18921948060 6.29490472838 4.23806876350
2024-01-06T18:18:00.000000 -177.517090552 4165.223025371 -5303.924015116 1.20580634813 5.98570778410 4.66162114676
2024-01-06T18:19:00.000000 -104.811191286 4514.384750476 -5012.054605542 1.21678308394 5.64846674723 5.06360284834
2024-01-06T18:20:00.000000 -31.616472927 4842.508895895 -4696.761100987 1.22209306769 5.28472294448 5.44211661293
2024-01-06T18:21:00.000000 41.726018014 5148.054744389 -4359.505887635 1.22170599072 4.89614523663 5.79537028888
2024-01-06T18:22:00.000000 114.874210571 5429.585345491 -4001.855534854 1.21561802727 4.48452232322 6.12168456537
2024-01-06T18:23:00.000000 187.486599690 5685.774495272 -3625.473788261 1.20385187238 4.05175633979 6.41950083710
2024-01-06T18:24:00.000000 259.223839484 5915.413346451 -3232.114065807 1.18645682619 3.59985565347 6.68739014209
2024-01-06T18:25:00.000000 329.750345797 6117.416527766 -2823.611423121 1.16350904508 3.13092579735 6.92406162803
2024-01-06T18:26:00.000000 398.735918573 6290.827666649 -2401.874037689 1.13511184797 2.64715970803 7.12836983432
2024-01-06T18:27:00.000000 465.857369161 6434.824333036 -1968.874274325 1.10139557440 2.15082763106 7.29932183768
2024-01-06T18:28:00.000000 530.800116572 6548.722348521 -1526.639319309 1.06251657591 1.64426567313 7.43608423738
2024-01-06T18:29:00.000000 593.259704474 6631.979369197 -1077.241442484 1.01865570349 1.12986305901 7.53798836958
2024-01-06T18:30:00.000000 652.943234486 6684.197684068 -622.788010298 0.97001727085 0.61004980785 7.60453340680
2024-01-06T18:31:00.000000 709.570762433 6705.126311485 -165.411338516 0.91682881922 0.08728513553 7.63538899934
2024-01-06T18:32:00.000000 762.876687286 6694.662387933 292.741620341 0.85934082020 -0.43595501839 7.63039795742
2024-01-06T18:33:00.000000 812.611096745 6652.851780256 749.519709547 0.79782529936 -0.95719168572 7.58957733749
2024-01-06T18:34:00.000000 858.540987897 6579.888853438 1202.778000108 0.73257357996 -1.47395567853 7.51311739720
2024-01-06T18:35:00.000000 900.451363562 6476.115544734 1650.388143670 0.66389424122 -1.98379881535 7.40138050613
2024-01-06T18:36:00.000000 938.146225631 6342.019747065 2090.248692774 0.59211185166 -2.48430594269 7.25490090181
2024-01-06T18:37:00.000000 971.449507838 6178.232941093 2520.295371275 0.51756605090 -2.97310932016 7.07438272463
2024-01-06T18:38:00.000000 1000.205945693 5985.526879184 2938.511107981 0.44061035856 -3.44790254734 6.86069415069
2024-01-06T18:39:00.000000 1024.281861329 5764.809594717 3342.935656760 0.36161048119 -3.90645084407 6.61486009438
2024-01-06T18:40:00.000000 1043.565826786 5517.120837584 3731.674843955 0.28094199778 -4.34659918972 6.33805724738
2024-01-06T18:41:00.000000 1057.969174570 5243.627050544 4102.909558187 0.19898734615 -4.76628274851 6.03161064155
2024-01-06T18:42:00.000000 1067.426307105 4945.615511489 4454.904497062 0.11613267821 -5.16353996688 5.69698716248
2024-01-06T18:43:00.000000 1071.894848856 4624.487800861 4786.016347673 0.03276564029 -5.53652403567 5.33578424776
2024-01-06T18:44:00.000000 1071.355703487 4281.752684382 5094.701258481 -0.05072540346 -5.88350940786 4.94971759497
2024-01-06T18:45:00.000000 1065.813097181 3919.018743956 5379.521614807 -0.13395159848 -6.20289540916 4.54061209442
2024-01-06T18:46:00.000000 1055.294575866 3537.986731292 5639.152428323 -0.21652468519 -6.49321120201 4.11039576099
2024-01-06T18:47:00.000000 1039.850907446 3140.441568734 5872.387318046 -0.29805932177 -6.75312335947 3.66109274150
2024-01-06T18:48:00.000000 1019.555824349 2728.243863202 6078.143972469 -0.37817586515 -6.98144377294 3.19481289113
2024-01-06T18:49:00.000000 994.505604451 2303.321003616 6255.468939963 -0.45650270097 -7.17713488741 2.71373896800
2024-01-06T18:50:00.000000 964.818539584 1867.658067389 6403.541602894 -0.53267793551 -7.33931153611 2.22011447567
2024-01-06T18:51:00.000000 930.634309900 1423.288661965 6521.677539156 -0.60635071243 -7.46724132227 1.71623438196
2024-01-06T18:52:00.000000 892.113285298 972.285708491 6609.331375654 -0.67718237372 -7.56034642230 1.20443781357
2024-01-06T18:53:00.000000 849.435764133 516.752077725 6666.099223332 -0.74484753508 -7.61820749100 0.68709953264
2024-01-06T18:54:00.000000 802.801142096 58.810946145 6691.720456725 -0.80903516147 -7.64056715554 0.16661847823
2024-01-06T18:55:00.000000 752.427016042 -399.403947333 6686.078798989 -0.86944981748 -7.62733061709 -0.35459467948
2024-01-06T18:56:00.000000 698.548202689 -855.758022432 6649.202698091 -0.92581318818 -7.57856426688 -0.87412795316
2024-01-06T18:57:00.000000 641.415663066 -1308.125494998 6581.265144065 -0.97786575523 -7.49449510667 -1.38957682077
2024-01-06T18:58:00.000000 581.295329568 -1754.399036527 6482.582926346 -1.02536813858 -7.37551117767 -1.89855442969
2024-01-06T18:59:00.000000 518.466877993 -2192.499389438 6353.615203985 -1.06810162669 -7.22216004671 -2.39870384503
2024-01-06T19:00:00.000000 453.222489492 -2620.384848042 6194.961380364 -1.10586804921 -7.03514440278 -2.88770900107
2024-01-06T19:01:00.000000 385.865616998 -3036.060398137 6007.358395758 -1.13848995868 -6.81531777108 -3.36330236075
2024-01-06T19:02:00.000000 316.709708987 -3437.586721594 5791.677621312 -1.16581192197 -6.56368294024 -3.82327188822
2024-01-06T19:03:00.000000 246.076828885 -3823.089116343 5548.921232484 -1.18770262200 -6.28139120089 -4.26547087161
2024-01-06T19:04:00.000000 174.296174763 -4190.766211846 5280.218075438 -1.20405568108 -5.96973407843 -4.68782637067
2024-01-06T19:05:00.000000 101.702474753 -4538.898616362 4986.818560030 -1.21479325017 -5.63015201502 -5.08836041479
2024-01-06T19:06:00.000000 28.634352495 -4865.857236253 4670.089005013 -1.21986332458 -5.26421315316 -5.46518916262
2024-01-06T19:07:00.000000 -44.567252998 -5170.110884703 4331.505588107 -1.21924073636 -4.87361268169 -5.81653553437
2024-01-06T19:08:00.000000 -117.560697555 -5450.233747887 3972.647671443 -1.21292711445 -4.46016554704 -6.14073946864
2024-01-06T19:09:00.000000 -190.005229366 -5704.912253451 3595.190468698 -1.20095048331 -4.02579702986 -6.43626688931
2024-01-06T19:10:00.000000 -261.562556644 -5932.951430028 3200.897297294 -1.18336476374 -3.57253339301 -6.70171641523
2024-01-06T19:11:00.000000 -331.898396952 -6133.280688314 2791.611403398 -1.16024971708 -3.10249385971 -6.93582569800
2024-01-06T19:12:00.000000 -400.684037909 -6304.959196331 2369.247434320 -1.13171131352 -2.61788208555 -7.13747898056
2024-01-06T19:13:00.000000 -467.597916883 -6447.180595476 1935.782384028 -1.09788188265 -2.12097527425 -7.30571459964
2024-01-06T19:14:00.000000 -532.327189596 -6559.277065688 1493.246187878 -1.05891956964 -1.61411182423 -7.43973045532
2024-01-06T19:15:00.000000 -594.569250030 -6640.722615205 1043.712014461 -1.01500729088 -1.09967960311 -7.53888769494
2024-01-06T19:16:00.000000 -654.033181967 -6691.135747950 589.286392678 -0.96635164244 -0.58010487783 -7.60271413540
2024-01-06T19:17:00.000000 -710.441151863 -6710.281398410 132.099090183 -0.91318196883 -0.05784060541 -7.63090769959
2024-01-06T19:18:00.000000 -763.529747528 -6698.072167755 -325.707165758 -0.85574944032 0.46464637175 -7.62333877873
2024-01-06T19:19:00.000000 -813.051252959 -6654.568742627 -781.987072581 -0.79432595361 0.98488843924 -7.58005112327
2024-01-06T19:20:00.000000 -858.774855568 -6579.979574291 -1234.603149167 -0.72920274921 1.50043031080 -7.50126162442
2024-01-06T19:21:00.000000 -900.487756013 -6474.659726116 -1681.436091506 -0.66068874595 2.00884231961 -7.38735893933
2024-01-06T19:22:00.000000 -937.996175331 -6339.108948026 -2120.394995412 -0.58910871378 2.50773347850 -7.23890040085
2024-01-06T19:23:00.000000 -971.126249590 -6173.968978338 -2549.427347127 -0.51480147046 2.99476333142 -7.05660756067
2024-01-06T19:24:00.000000 -999.724834615 -5980.020133391 -2966.528898600 -0.43811851616 3.46765512409 -6.84136689541
2024-01-06T19:25:00.000000 -1023.660175196 -5758.177379315 -3369.752917555 -0.35942103834 3.92419880736 -6.59420839281
2024-01-06T19:26:00.000000 -1042.822468438 -5509.485818802 -3757.219153951 -0.27907922693 4.36226854572 -6.31631700196
2024-01-06T19:27:00.000000 -1057.124328688 -5235.115370692 -4127.122762223 -0.19746987908 4.77983089423 -6.00902029935
2024-01-06T19:28:00.000000 -1066.501132203 -4936.354962542 -4477.742647604 -0.11497456089 5.17495428693 -5.67378076378
2024-01-06T19:29:00.000000 -1070.911247616 -4614.606136693 -4807.449299623 -0.03197787843 5.54581753557 -5.31218748353
2024-01-06T19:30:00.000000 -1070.336169622 -4271.376211942 -5114.712139298 0.05113423220 5.89071732961 -4.92594745940
2024-01-06T19:31:00.000000 -1064.780544076 -3908.270993498 -5398.106316725 0.13397620569 6.20807470151 -4.51687685108
2024-01-06T19:32:00.000000 -1054.272099850 -3526.987160385 -5656.319023358 0.21616454589 6.49644090645 -4.08689247915
2024-01-06T19:33:00.000000 -1038.861467963 -3129.304253311 -5888.155261596 0.29731960472 6.75450341719 -3.63800327123
2024-01-06T19:34:00.000000 -1018.621895803 -2717.076329073 -6092.543100150 0.37706750151 6.98109191660 -3.17230058370
2024-01-06T19:35:00.000000 -993.648842223 -2292.223270778 -6268.538277028 0.45504198673 7.17518304626 -2.69194712156
2024-01-06T19:36:00.000000 -964.059474644 -1856.721886558 -6415.328160627 0.53088594178 7.33590303597 -2.19916570263
2024-01-06T19:37:00.000000 -929.992085136 -1412.596889206 -6532.235034416 0.60425246212 7.46252895921 -1.69622942411
2024-01-06T19:38:00.000000 -891.605450456 -961.911807937 -6618.718874475 0.67480584768 7.55449020619 -1.18545327812
2024-01-06T19:39:00.000000 -849.078120490 -506.759782253 -6674.379585794 0.74222285544 7.61137079865 -0.66918574442
2024-01-06T19:40:00.000000 -802.607631039 -49.254213981 -6698.958771965 0.80619420053 7.63291155731 -0.14979920834
2024-01-06T19:41:00.000000 -752.409618130 408.480671921 -6692.340826124 0.86642600162 7.61901089746 0.37032034269
2024-01-06T19:42:00.000000 -698.716859007 864.319273530 -6654.553474790 0.92264100465 7.56972448091 0.88878299798
2024-01-06T19:43:00.000000 -641.778236184 1316.144045278 -6585.767717825 0.97457972364 7.48526513484 1.40320363062
2024-01-06T19:44:00.000000 -581.857640762 1761.854941430 -6486.297317393 1.02200166819 7.36600364302 1.91121102944
2024-01-06T19:45:00.000000 -519.232791286 2199.378918797 -6356.597612869 1.06468653865 7.21246918457 2.41045866933
2024-01-06T19:46:00.000000 -454.193995956 2626.679399844 -6197.263707352 1.10243516490 7.02534765205 2.89863645149
2024-01-06T19:47:00.000000 -387.042857585 3041.765574267 -6009.027934833 1.13507026147 6.80547796423 3.37348135651
2024-01-06T19:48:00.000000 -318.090941341 3442.701455623 -5792.756782817 1.16243729347 6.55384814699 3.83278642815
2024-01-06T19:49:00.000000 -247.658375800 3827.614736078 -5549.447252799 1.18440545269 6.27159233959 4.27440947774
2024-01-06T19:50:00.000000 -176.072409964 4194.705468578 -5280.222698106 1.20086829895 5.95998773126 4.69628275203
2024-01-06T19:51:00.000000 -103.665941096 4542.254519924 -4986.328048413 1.21174392744 5.62045035411 5.09642288929
2024-01-06T19:52:00.000000 -30.776041010 4868.631767314 -4669.124474975 1.21697528949 5.25453013037 5.47294024774
2024-01-06T19:53:00.000000 42.257568100 5172.303970844 -4330.083479868 1.21653129708 4.86390579664 5.82404833936
2024-01-06T19:54:00.000000 115.094114018 5451.842329231 -3970.780398826 1.21040819785 4.45037853721 6.14807434703
2024-01-06T19:55:00.000000 187.393430724 5705.929564261 -3592.887262366 1.19862992339 4.01586312631 6.44346955472
2024-01-06T19:56:00.000000 258.817597249 5933.366442256 -3198.165089980 1.18124713282 3.56237779634 6.70881749009
2024-01-06T19:57:00.000000 329.032506680 6133.077696842 -2788.455769052 1.15833624412 3.09203532294 6.94283999820
2024-01-06T19:58:00.000000 397.709415605 6304.117479966 -2365.673564304 1.12999966941 2.60703528483 7.14440388028
2024-01-06T19:59:00.000000 464.526521099 6445.674275809 -1931.796183576 1.09636665082 2.10965452926 7.31252909280
2024-01-06T20:00:00.000000 529.170585697 6557.075202136 -1488.855346767 1.05759310150 1.60223450640 7.44639615079
2024-01-06T20:01:00.000000 591.338485537 6637.789452353 -1038.927012940 1.01385995162 1.08716773300 7.54535038192
2024-01-06T20:02:00.000000 650.738655082 6687.431019470 -584.121424736 0.96537128345 0.56688626109 7.60890408413
2024-01-06T20:03:00.000000 707.092442325 6705.760728799 -126.573010417 0.91235348359 0.04385150782 7.63673921052
2024-01-06T20:04:00.000000 760.135446835 6692.687711673 331.569895085 0.85505510907 -0.47945741121 7.62871090958
2024-01-06T20:05:00.000000 809.618833661 6648.270015415 788.155526510 0.79374632383 -1.00055780658 7.58484980778
2024-01-06T20:06:00.000000 855.310592587 6572.714395818 1241.039214423 0.72871749175 -1.51697807213 7.50536160934
2024-01-06T20:07:00.000000 896.996696371 6466.375225894 1688.093835311 0.66027739688 -2.02627068811 7.39062491738
2024-01-06T20:08:00.000000 934.482152783 6329.752734156 2127.220105752 0.58875142407 -2.52602372885 7.24118889500
2024-01-06T20:09:00.000000 967.591941189 6163.490502506 2556.356758017 0.51447956089 -3.01387251454 7.05777117967
2024-01-06T20:10:00.000000 996.171822935 5968.372256424 2973.490565479 0.43781417979 -3.48751259417 6.84125465694
2024-01-06T20:11:00.000000 1020.089022765 5745.317839875 3376.666085026 0.35911809946 -3.94471312678 6.59268152941
2024-01-06T20:12:00.000000 1039.232814477 5495.378450022 3763.994985488 0.27876327136 -4.38332829901 6.31324502810
2024-01-06T20:13:00.000000 1053.515034481 5219.731266288 4133.664850114 0.19712959948 -4.80130562875 6.00428129209
2024-01-06T20:14:00.000000 1062.870505078 4919.673645131 4483.947573216 0.11460296941 -5.19669312313 5.66726348512
2024-01-06T20:15:00.000000 1067.257310401 4596.616818078 4813.207407699 0.03157232968 -5.56764838174 5.30379666770
2024-01-06T20:16:00.000000 1066.656888396 4252.079006231 5119.908697787 -0.05157317959 -5.91244959070 4.91560992696
2024-01-06T20:17:00.000000 1061.073984657 3887.677871651 5402.622960607 -0.13444594645 -6.22950499714 4.50454468560
2024-01-06T20:18:00.000000 1050.536539719 3505.122538660 5660.035259944 -0.21666059983 -6.51735854040 4.07254233874
2024-01-06T20:19:00.000000 1035.095522788 3106.205320425 5890.949873540 -0.29783494734 -6.77469326981 3.62163425997
2024-01-06T20:20:00.000000 1014.824697389 2692.793298777 6094.295465584 -0.37759195161 -7.00033518087 3.15393342811
2024-01-06T20:21:00.000000 989.820229559 2266.819589029 6269.129700666 -0.45556220094 -7.19325753287 2.67162558019
2024-01-06T20:22:00.000000 960.200173105 1830.274407266 6414.643340940 -0.53138585113 -7.35258446834 2.17695970127
2024-01-06T20:23:00.000000 926.103849513 1385.195900910 6530.163735844 -0.60471382131 -7.47759434498 1.67223874807
2024-01-06T20:24:00.000000 887.691181360 933.660805267 6615.157804956 -0.67520885749 -7.56772356057 1.15980970696
2024-01-06T20:25:00.000000 845.141936606 477.774843618 6669.234309751 -0.74254685508 -7.62256957373 0.64205189295
2024-01-06T20:26:00.000000 798.654902903 19.663049250 6692.145445104 -0.80641819068 -7.64189135444 0.12136496875
2024-01-06T20:27:00.000000 748.446978042 -438.539914949 6683.787731647 -0.86652892795 -7.62560849998 -0.39984088337
2024-01-06T20:28:00.000000 694.752195252 -894.699380305 6644.202406129 -0.92260210929 -7.57380159597 -0.91915376883
2024-01-06T20:29:00.000000 637.820659728 -1346.690368406 6573.575212810 -0.97437920585 -7.48671314416 -1.43417070919
2024-01-06T20:30:00.000000 577.917405425 -1792.407277288 6472.235498326 -1.02162124291 -7.36474590256 -1.94250981452
2024-01-06T20:31:00.000000 515.321202097 -2229.773372408 6340.654632482 -1.06410939435 -7.20845853246 -2.44182029043
2024-01-06T20:32:00.000000 450.323331461 -2656.750024027 6179.443926433 -1.10164560653 -7.01856242846 -2.92978911356
2024-01-06T20:33:00.000000 383.226305016 -3071.345873218 5989.352170756 -1.13405381781 -6.79592190345 -3.40414820395
2024-01-06T20:34:00.000000 314.342501012 -3471.626020060 5771.262624486 -1.16118144779 -6.54155463990 -3.86268548184
2024-01-06T20:35:00.000000 243.992720922 -3855.721159274 5526.189258098 -1.18290042677 -6.25662865766 -4.30325820319
2024-01-06T20:36:00.000000 172.504730800 -4221.836286450 5255.272329096 -1.19910667476 -5.94245120281 -4.72380119416
2024-01-06T20:37:00.000000 100.211731348 -4568.259274781 4959.773131022 -1.20972321107 -5.60047674524 -5.12234664233
2024-01-06T20:38:00.000000 27.450802029 -4893.369086154 4641.068193437 -1.21469778626 -5.23228585521 -5.49702267387
2024-01-06T20:39:00.000000 -45.438623196 -5195.643276492 4300.643155513 -1.21400425003 -4.83958376823 -5.84606535421
2024-01-06T20:40:00.000000 -118.116333785 -5473.665291059 3940.086051833 -1.20764290009 -4.42419308160 -6.16782707367
2024-01-06T20:41:00.000000 -190.242937953 -5726.131251740 3561.080082253 -1.19564078700 -3.98804613271 -6.46078438405
2024-01-06T20:42:00.000000 -261.481473671 -5951.856326567 3165.395937132 -1.17805183077 -3.53317717164 -6.72354583474
2024-01-06T20:43:00.000000 -331.499013326 -6149.780571052 2754.883627713 -1.15495652330 -3.06171388406 -6.95485996272
2024-01-06T20:44:00.000000 -399.968242645 -6318.974287258 2331.463863254 -1.12646138307 -2.57586786777 -7.15362314085
2024-01-06T20:45:00.000000 -466.569008822 -6458.642710582 1897.118946909 -1.09269858052 -2.07792366179 -7.31888686589
2024-01-06T20:46:00.000000 -530.989854620 -6568.130030989 1453.883290455 -1.05382570802 -1.57022619741 -7.44986355667
2024-01-06T20:47:00.000000 -592.929526286 -6646.922616382 1003.833637298 -1.01002524606 -1.05516801686 -7.54592994968
2024-01-06T20:48:00.000000 -652.098444935 -6694.651538798 549.079154393 -0.96150360558 -0.53517806216 -7.60662906016
2024-01-06T20:49:00.000000 -708.220107078 -6711.094443269 91.751368291 -0.90849012436 -0.01271158882 -7.63167311875
2024-01-06T20:50:00.000000 -761.032436415 -6696.176790832 -366.006114399 -0.85123613687 0.50976188557 -7.62094767370
2024-01-06T20:51:00.000000 -810.289061639 -6649.972259506 -822.048067319 -0.79001366508 1.02977380725 -7.57451368130
2024-01-06T20:52:00.000000 -855.760511155 -6572.702231395 -1274.238156065 -0.72511352516 1.54487175594 -7.49260541836
2024-01-06T20:53:00.000000 -897.235273273 -6464.734439358 -1720.459189047 -0.65684334804 2.05263134621 -7.37562635480
2024-01-06T20:54:00.000000 -934.520762740 -6326.581002492 -2158.623193833 -0.58552609888 2.55066605528 -7.22414642020
2024-01-06T20:55:00.000000 -967.444197039 -6158.895799740 -2586.681328303 -0.51149884230 3.03663857481 -7.03890022732
2024-01-06T20:56:00.000000 -995.853418522 -5962.471090328 -3002.633865066 -0.43511149848 3.50827639994 -6.82078871658
2024-01-06T20:57:00.000000 -1019.617559060 -5738.233447077 -3404.539448961 -0.35672355853 3.96337610856 -6.57085592161
2024-01-06T20:58:00.000000 -1038.627595276 -5487.239145612 -3790.524001594 -0.27670329846 4.39981962883 -6.29029902557
2024-01-06T20:59:00.000000 -1052.796804410 -5210.668806384 -4158.789540212 -0.19542566733 4.81558093478 -5.98045698774
2024-01-06T21:00:00.000000 -1062.061125277 -4909.821629324 -4507.622536334 -0.11327066572 5.20873601122 -5.64280411452
2024-01-06T21:01:00.000000 -1066.379399332 -4586.108935999 -4835.401760533 -0.03062146330 5.57747242926 -5.27894153753
2024-01-06T21:02:00.000000 -1065.733504497 -4241.047259989 -5140.605625382 0.05213759298 5.92009704067 -4.89058769476
2024-01-06T21:03:00.000000 -1060.128368521 -3876.250967427 -5421.818926351 0.13462270826 6.23504232159 -4.47956921943
2024-01-06T21:04:00.000000 -1049.591896440 -3493.424574809 -5677.739093430 0.21645207773 6.52087239437 -4.04781192259
2024-01-06T21:05:00.000000 -1034.174803982 -3094.354653755 -5907.181836058 0.29724738665 6.77628844194 -3.59733133132
2024-01-06T21:06:00.000000 -1013.950353962 -2680.901487513 -6109.086257111 0.37663575874 7.00013310961 -3.13022318754
2024-01-06T21:07:00.000000 -989.013961150 -2254.990448048 -6282.519362707 0.45425204850 7.19139444066 -2.64865420692
2024-01-06T21:08:00.000000 -959.482665256 -1818.603176917 -6426.680068075 0.52974084117 7.34920967271 -2.15485233904
2024-01-06T21:09:00.000000 -925.494509215 -1373.768524326 -6540.902530148 0.60275752509 7.47286812773 -1.65109624080
2024-01-06T21:10:00.000000 -887.207882190 -922.553382959 -6624.658896006 0.67296862988 7.56181270356 -1.13970503091
2024-01-06T21:11:00.000000 -844.800829660 -467.053434062 -6677.561429248 0.74005240478 7.61564081023 -0.62302926619
2024-01-06T21:12:00.000000 -798.470319454 -9.383855444 -6699.364175484 0.80370037276 7.63410563483 -0.10344245704
2024-01-06T21:13:00.000000 -748.431372551 448.330077931 -6689.964048669 0.86361951875 7.61711751202 0.41666788420
2024-01-06T21:14:00.000000 -694.916080888 903.962449586 -6649.401403080 0.91953411130 7.56474484884 0.93490981863
2024-01-06T21:15:00.000000 -638.172533218 1355.396203891 -6577.859980228 0.97118664899 7.47721469037 1.44889689447
2024-01-06T21:16:00.000000 -578.463711874 1800.532674518 -6475.666299623 1.01833837569 7.35491291893 1.95625857641
2024-01-06T21:17:00.000000 -516.066342224 2237.301096055 -6343.288355475 1.06077008876 7.19838344719 2.45465120279
2024-01-06T21:18:00.000000 -451.269684385 2663.668025937 -6181.333689183 1.09828337730 7.00832592281 2.94176879825
2024-01-06T21:19:00.000000 -384.374248282 3077.646587771 -5990.546806948 1.13070185800 6.78559238952 3.41535303103
2024-01-06T21:20:00.000000 -315.690443412 3477.305511739 -5771.806067601 1.15787202256 6.53118369152 3.87320225982
2024-01-06T21:21:00.000000 -245.537189848 3860.777959105 -5526.120011574 1.17966378188 6.24624626311 4.31318006972
2024-01-06T21:22:00.000000 -174.240494693 4226.270184953 -5254.623189561 1.19597111013 5.93206951363 4.73322423045
2024-01-06T21:23:00.000000 -102.131984253 4572.070015451 -4958.571392102 1.20671290347 5.59008286881 5.13135729844
2024-01-06T21:24:00.000000 -29.547383685 4896.555129884 -4639.336222542 1.21183369095 5.22185050368 5.50569848311
2024-01-06T21:25:00.000000 43.175029040 5198.200895518 -4298.398957334 1.21130386522 4.82906313077 5.85447416419
2024-01-06T21:26:00.000000 115.695977884 5475.587706213 -3937.343900423 1.20511980099 4.41352940781 6.17602509982
2024-01-06T21:27:00.000000 187.676760048 5727.407838965 -3557.851303156 1.19330438219 3.97716981189 6.46881269915
2024-01-06T21:28:00.000000 258.780859586 5952.472035122 -3161.689912777 1.17590766692 3.52201114878 6.73142805998
2024-01-06T21:29:00.000000 328.675579398 6149.715620102 -2750.708839019 1.15300677541 3.05017757195 6.96260302301
2024-01-06T21:30:00.000000 397.033636135 6318.203977319 -2326.828845004 1.12470490472 2.56387806310 7.16121843843
2024-01-06T21:31:00.000000 463.534702974 6457.137276701 -1892.033245145 1.09113066681 2.06539508226 7.32630844881
2024-01-06T21:32:00.000000 527.866938749 6565.854624079 -1448.358607138 1.05243842354 1.55707581424 7.45706508750
2024-01-06T21:33:00.000000 589.728545067 6643.837651396 -997.885062357 1.00880852219 1.04132172384 7.55284584866
2024-01-06T21:34:00.000000 648.829292655 6690.713331008 -542.726155187 0.96044592770 0.52057338568 7.61317991426
2024-01-06T21:35:00.000000 704.891930905 6706.255847499 -85.018494889 0.90757784088 -0.00270499419 7.63776881145
2024-01-06T21:36:00.000000 757.653469587 6690.387667948 373.088525295 0.85045224650 -0.52603638353 7.62648456284
2024-01-06T21:37:00.000000 806.866413516 6643.180053529 829.442956662 0.78933791986 -1.04693950103 7.57937122042
2024-01-06T21:38:00.000000 852.300017601 6564.852966895 1281.900771590 0.72452410069 -1.56294150867 7.49664876601
2024-01-06T21:39:00.000000 893.741459455 6455.774075728 1728.336431182 0.65631853746 -2.07159458888 7.37871313671
2024-01-06T21:40:00.000000 930.996872445 6316.456796671 2166.653311386 0.58504496915 -2.57049028655 7.22613119919
2024-01-06T21:41:00.000000 963.892251406 6147.557611094 2594.793796295 0.51104162187 -3.05726955844 7.03963584097
2024-01-06T21:42:00.000000 992.274297971 5949.872808229 3010.749169608 0.43466019988 -3.52963334057 6.82012363464
2024-01-06T21:43:00.000000 1016.011169372 5724.334485391 3412.569322213 0.35626374106 -3.98535623548 6.56865089601
2024-01-06T21:44:00.000000 1034.993066647 5472.005721514 3798.372125153 0.27622346569 -4.42229922638 6.28642535320
2024-01-06T21:45:00.000000 1049.132646480 5194.075133178 4166.352214616 0.19491646064 -4.83841779948 5.97479698318
2024-01-06T21:46:00.000000 1058.365349659 4891.851015112 4514.789348489 0.11272494398 -5.23176862173 5.63525209018
2024-01-06T21:47:00.000000 1062.649681634 4566.754982111 4842.056405750 0.03003556496 -5.60051939687 5.26940819350
2024-01-06T21:48:00.000000 1061.967438077 4220.314971371 5146.627072249 -0.05276276291 -5.94296030003 4.87900516987
2024-01-06T21:49:00.000000 1056.323733684 3854.157617008 5427.082776212 -0.13528200970 -6.25751205431 4.46589301941
2024-01-06T21:50:00.000000 1045.746875049 3470.000296246 5682.118975733 -0.21713755190 -6.54272998446 4.03202077602
2024-01-06T21:51:00.000000 1030.288102424 3069.642921541 5910.550806358 -0.29794955716 -6.79730764909 3.57942805538
2024-01-06T21:52:00.000000 1010.021283384 2654.959542235 6111.318319305 -0.37734399888 -7.02008192934 3.11023678404
2024-01-06T21:53:00.000000 985.042517754 2227.889553234 6283.491099570 -0.45495395803 -7.21003808903 2.62664164655
2024-01-06T21:54:00.000000 955.469670919 1790.428683990 6426.272356734 -0.53042115852 -7.36631391014 2.13090005260
2024-01-06T21:55:00.000000 921.441803011 1344.619715846 6539.002348575 -0.60339755143 -7.48820350829 1.62532187915
2024-01-06T21:56:00.000000 883.118513194 892.543022245 6621.161246835 -0.67354694320 -7.57516042756 1.11225811721
2024-01-06T21:57:00.000000 840.679175304 436.306945010 6672.371204053 -0.74054653180 -7.62679859793 0.59408918824
2024-01-06T21:58:00.000000 794.322100616 -21.961802138 6692.397840623 -0.80408810936 -7.64289179564 0.07321493918
2024-01-06T21:59:00.000000 744.263627576 -480.127741236 6681.151110033 -0.86387902103 -7.62337402193 -0.44795396453
2024-01-06T22:00:00.000000 690.737163333 -936.056270800 6638.685710183 -0.91964327405 -7.56834090567 -0.96700595058
2024-01-06T22:01:00.000000 633.992139245 -1387.623377687 6565.200764014 -0.97112295073 -7.47804945445 -1.48154027678
2024-01-06T22:02:00.000000 574.292883333 -1832.725242524 6461.038835605 -1.01807962141 -7.35291517178 -1.98917779339
2024-01-06T22:03:00.000000 511.917414897 -2269.287660859 6326.684378209 -1.06029550116 -7.19350919559 -2.48756907696
2024-01-06T22:04:00.000000 447.156177061 -2695.275333126 6162.761737801 -1.09757442979 -7.00055765812 -2.97440227891
2024-01-06T22:05:00.000000 380.310710485 -3108.701186622 5970.032585732 -1.12974277672 -6.77494154151 -3.44741344348
2024-01-06T22:06:00.000000 311.692278940 -3507.635592781 5749.392696342 -1.15665017116 -6.51769406608 -3.90439840170
2024-01-06T22:07:00.000000 241.620457239 -3890.215363906 5501.868028191 -1.17817001032 -6.22999581755 -4.34322346307
2024-01-06T22:08:00.000000 170.421691780 -4254.652445745 5228.610218864 -1.19419997578 -5.91316996178 -4.76183457034
2024-01-06T22:09:00.000000 98.427849269 -4599.242210559 4930.891635266 -1.20466181956 -5.56867346368 -5.15826312493
2024-01-06T22:10:00.000000 25.974664960 -4922.371744860 4610.099581805 -1.20950495367 -5.19810529272 -5.53064843488
2024-01-06T22:11:00.000000 -46.599845867 -5222.527707998 4267.729841566 -1.20870400523 -4.80318405705 -5.87723686733
2024-01-06T22:12:00.000000 -118.956932240 -5498.303379859 3905.379881663 -1.20225976356 -4.38574380566 -6.19639330669
2024-01-06T22:13:00.000000 -190.758673723 -5748.405349305 3524.741578148 -1.19019921012 -3.94772619079 -6.48660737522
2024-01-06T22:14:00.000000 -261.669563484 -5971.659764338 3127.593514672 -1.17257586986 -3.49117386102 -6.74650021154
2024-01-06T22:15:00.000000 -331.358114228 -6167.018190989 2715.792855172 -1.14947021518 -3.01822311345 -6.97483288776
2024-01-06T22:16:00.000000 -399.498472166 -6333.562925032 2291.266674810 -1.12098956185 -2.53109403621 -7.17051545145
2024-01-06T22:17:00.000000 -465.772011706 -6470.511699515 1856.002780038 -1.08726726019 -2.03207826142 -7.33261445120
2024-01-06T22:18:00.000000 -529.868859661 -6577.221554578 1412.040163933 -1.04846158554 -1.52352605946 -7.46035771428
2024-01-06T22:19:00.000000 -591.489366371 -6653.192021956 961.459241070 -1.00475489294 -1.00783464351 -7.55313727291
2024-01-06T22:20:00.000000 -650.345530028 -6698.067581448 506.371892313 -0.95635311599 -0.48743742557 -7.61051252993
2024-01-06T22:21:00.000000 -706.162401165 -6711.639540268 48.911326380 -0.90348513168 0.03520790113 -7.63221407586
2024-01-06T22:22:00.000000 -758.679420570 -6693.847031140 -408.778292504 -0.84640155500 0.55763341282 -7.61814609881
2024-01-06T22:23:00.000000 -807.651677434 -6644.777218193 -864.552238481 -0.78537306605 1.07737522139 -7.56838553905
2024-01-06T22:24:00.000000 -852.851060264 -6564.664659536 -1316.275530960 -0.72068872602 1.59198520348 -7.48317934118
2024-01-06T22:25:00.000000 -894.067316267 -6453.890103294 -1761.833040332 -0.65265449874 2.09904078794 -7.36294270849
2024-01-06T22:26:00.000000 -931.109022705 -6312.978609342 -2199.139603041 -0.58159188167 2.59615582111 -7.20825902122
2024-01-06T22:27:00.000000 -963.804477734 -6142.596981169 -2626.150078257 -0.50783644496 3.08099421308 -7.01987848607
2024-01-06T22:28:00.000000 -992.002493489 -5943.550322738 -3040.869222504 -0.43173622283 3.55128421235 -6.79871313055
2024-01-06T22:29:00.000000 -1015.573106407 -5716.777721722 -3441.361342853 -0.35365023295 4.00483333048 -6.54583444504
2024-01-06T22:30:00.000000 -1034.408141436 -5463.347453825 -3825.759141790 -0.27394546784 4.43952899541 -6.26244977663
2024-01-06T22:31:00.000000 -1048.421663773 -5184.451701244 -4192.272167573 -0.19299591050 4.85335521405 -5.94991204288
2024-01-06T22:32:00.000000 -1057.550329514 -4881.400558192 -4539.195170784 -0.11118039967 5.24439869347 -5.60970764909
2024-01-06T22:33:00.000000 -1061.753634448 -4555.615627562 -4864.915917115 -0.02888108757 5.61085760938 -5.24344883884
2024-01-06T22:34:00.000000 -1061.014057453 -4208.623063533 -5167.922458106 0.05351839093 5.95104980639 -4.85286498133
2024-01-06T22:35:00.000000 -1055.337081274 -3842.046179795 -5446.809888144 0.13563528054 6.26342004453 -4.43979295705
2024-01-06T22:36:00.000000 -1044.751070198 -3457.597641982 -5700.286477488 0.21708999988 6.54654568487 -4.00616704844
2024-01-06T22:37:00.000000 -1029.307027274 -3057.071400876 -5927.179244609 0.29750760976 6.79914078948 -3.55400940904
2024-01-06T22:38:00.000000 -1009.078293669 -2642.334362947 -6126.438958634 0.37651860075 7.02005998095 -3.08542183078
2024-01-06T22:39:00.000000 -984.160192368 -2215.317818376 -6297.144690355 0.45376001439 7.20830339573 -2.60257745380
2024-01-06T22:40:00.000000 -954.669580314 -1778.008559430 -6438.507768000 0.52887736217 7.36302170857 -2.10771038630
2024-01-06T22:41:00.000000 -920.744278915 -1332.439741115 -6549.875118216 0.60152659454 7.48351877665 -1.60310381925
2024-01-06T22:42:00.000000 -882.542407795 -880.681692832 -6630.731848480 0.67137527387 7.56925159930 -1.09107950042
2024-01-06T22:43:00.000000 -840.241668926 -424.832733698 -6680.703344294 0.73810329487 7.61983037195 -0.57399004906
2024-01-06T22:44:00.000000 -794.038566207 32.990078448 -6699.556871273 0.80140416631 7.63502078419 -0.05421181770
2024-01-06T22:45:00.000000 -744.147540668 490.660372797 -6687.202793340 0.86098699510 7.61474715019 0.46586453910
2024-01-06T22:46:00.000000 -690.799971035 946.052033024 -6643.695039219 0.91657818701 7.55909361198 0.98384545499
2024-01-06T22:47:00.000000 -634.243115710 1397.048763715 -6569.230974237 0.96792217135 7.46830324247 1.49734538169
2024-01-06T22:48:00.000000 -574.739013179 1841.553598383 -6464.150591501 1.01478168266 7.34277695812 2.00399639842
2024-01-06T22:49:00.000000 -512.563378919 2277.498339305 -6328.935216371 1.05693857063 7.18307286791 2.50145799368
2024-01-06T22:50:00.000000 -448.004402967 2702.852960459 -6164.205500460 1.09419527560 6.98990474035 2.98742773261
2024-01-06T22:51:00.000000 -381.361476170 3115.634850937 -5970.718845324 1.12637624303 6.76413870358 3.45965170451
2024-01-06T22:52:00.000000 -312.943838242 3513.917842161 -5749.366183431 1.15332877321 6.50678938831 3.91593357144
2024-01-06T22:53:00.000000 -243.069194421 3895.841017619 -5501.168312654 1.17492353795 6.21901685307 4.35414300637
2024-01-06T22:54:00.000000 -172.062292102 4259.617365916 -5227.271628114 1.19105520991 5.90212409729 4.77222500946
2024-01-06T22:55:00.000000 -100.253459072 4603.542265749 -4928.943305874 1.20164323320 5.55755355534 5.16821058269
2024-01-06T22:56:00.000000 -27.977097277 4926.001681323 -4607.565797188 1.20663245385 5.18688154870 5.54022784357
2024-01-06T22:57:00.000000 44.429854660 5225.479997812 -4264.630699102 1.20599350698 4.79181084626 5.88651215750
2024-01-06T22:58:00.000000 116.629476913 5500.567359097 -3901.732060347 1.19972310739 4.37416256743 6.20541457081
2024-01-06T22:59:00.000000 188.284444550 5749.966527586 -3520.559196465 1.18784445651 3.93586878526 6.49540914120
2024-01-06T23:00:00.000000 259.059631312 5972.499360629 -3122.889112983 1.17040769245 3.47896565848 6.75510080171
2024-01-06T23:01:00.000000 328.623731890 6167.112806569 -2710.578358106 1.14749002133 3.00558540749 6.98323451338
2024-01-06T23:02:00.000000 396.650874603 6332.884370987 -2285.554356365 1.11919525136 2.51794562639 7.17870420260
2024-01-06T23:03:00.000000 462.822194545 6469.026865149 -1849.806252819 1.08565294939 2.01833703721 7.34055929778
2024-01-06T23:04:00.000000 526.827354034 6574.892450575 -1405.375457256 1.04701774093 1.50911195249 7.46800899913
2024-01-06T23:05:00.000000 588.366035644 6649.976011360 -954.345930491 1.00346895329 0.99267384024 7.56042647888
2024-01-06T23:06:00.000000 647.149412729 6693.917898680 -498.834197649 0.95521015304 0.47146592386 7.61735380555
2024-01-06T23:07:00.000000 702.901575180 6706.505910588 -40.979095927 0.90246813598 -0.05204220795 7.63850579653
2024-01-06T23:08:00.000000 755.360884490 6687.676473820 417.068653198 0.84549158629 -0.57536827462 7.62377138826
2024-01-06T23:09:00.000000 804.281249659 6637.515017956 873.156887043 0.78454991613 -1.09602963337 7.57321368434
2024-01-06T23:10:00.000000 849.433341828 6556.255649950 1325.142467160 0.71993220717 -1.61155528390 7.48707033322
2024-01-06T23:11:00.000000 890.605726741 6444.280043538 1770.901742290 0.65194561777 -2.11949934842 7.36575341143
2024-01-06T23:12:00.000000 927.605888602 6302.115524136 2208.340972385 0.58091313044 -2.61745528965 7.20984691645
2024-01-06T23:13:00.000000 960.261108747 6130.432300063 2635.406492952 0.50717140761 -3.10306866027 7.02010192494
2024-01-06T23:14:00.000000 988.419246434 5930.040016590 3050.094589311 0.43106948120 -3.57404798890 6.79743139555
2024-01-06T23:15:00.000000 1011.949446817 5701.883635870 3450.461049545 0.35296786626 -4.02817554162 6.54290529926
2024-01-06T23:16:00.000000 1030.742800128 5447.038701897 3834.630440647 0.27323701487 -4.46331868775 6.25774484229
2024-01-06T23:17:00.000000 1044.712855533 5166.705886993 4200.804951783 0.19225466611 -4.87744052675 5.94331504844
2024-01-06T23:18:00.000000 1053.795970026 4862.204987840 4547.272793585 0.11040286874 -5.26860875108 5.60111681027
2024-01-06T23:19:00.000000 1057.951492644 4534.968385863 4872.416105743 0.02806572829 -5.63500367659 5.23277934380
2024-01-06T23:20:00.000000 1057.161847142 4186.534070567 5174.718445720 -0.05437192594 -5.97492662824 4.84005219363
2024-01-06T23:21:00.000000 1051.432542036 3818.538108178 5452.771712906 -0.13652560744 -6.28680812885 4.42479563355
2024-01-06T23:22:00.000000 1040.792109842 3432.706693929 5705.282480116 -0.21801263579 -6.56921444060 3.98896992183
2024-01-06T23:23:00.000000 1025.291942457 3030.847844445 5931.077668365 -0.29845402027 -6.82085220218 3.53462507994
2024-01-06T23:24:00.000000 1005.006012882 2614.842878248 6129.109672209 -0.37747636870 -7.04057243462 3.06389182014
2024-01-06T23:25:00.000000 980.030487318 2186.637605993 6298.460927390 -0.45471354672 -7.22737508180 2.57897271763
2024-01-06T23:26:00.000000 950.483243901 1748.233251881 6438.347936860 -0.52980825214 -7.38041381489 2.08213216653
2024-01-06T23:27:00.000000 916.503290523 1301.677111496 6548.124628089 -0.60241370315 -7.49899969227 1.57568487095
2024-01-06T23:28:00.000000 878.250085603 849.053052104 6627.285033540 -0.67219529151 -7.58260270692 1.06198418354
2024-01-06T23:29:00.000000 835.902764792 392.471969866 6675.465282001 -0.73883187933 -7.63085189149 0.54341185059
2024-01-06T23:30:00.000000 789.659304870 -65.937760974 6692.445042722 -0.80201675624 -7.64353570605 0.02236913299
2024-01-06T23:31:00.000000 739.735624933 -524.039884909 6678.148405136 -0.86145868708 -7.62060334345 -0.49873245029
2024-01-06T23:32:00.000000 686.364620813 -979.699948828 6632.644199750 -0.91688331785 -7.56216562462 -1.01748185779
2024-01-06T23:33:00.000000 629.795104414 -1430.794975608 6556.145629459 -0.96803472797 -7.46849396743 -1.53147964240
2024-01-06T23:34:00.000000 570.290656431 -1875.223037555 6449.009262275 -1.01467669641 -7.34001823297 -2.03834765006
2024-01-06T23:35:00.000000 508.128416099 -2310.912713955 6311.733497767 -1.05659361296 -7.17732523781 -2.53573762948
2024-01-06T23:36:00.000000 443.597822767 -2735.832479802 6144.956514109 -1.09359125568 -6.98115804661 -3.02134074633
2024-01-06T23:37:00.000000 376.999307811 -3148.000046595 5949.453554411 -1.12549753835 -6.75241423031 -3.49289861625
2024-01-06T23:38:00.000000 308.642947262 -3545.491525281 5726.133573575 -1.15216316115 -6.49214218594 -3.94821432677
2024-01-06T23:39:00.000000 238.847076039 -3926.450344528 5476.035244720 -1.17346221036 -6.20153667579 -4.38516224021
2024-01-06T23:40:00.000000 167.936865763 -4289.095903634 5200.322417991 -1.18929289672 -5.88193463372 -4.80169739781
2024-01-06T23:41:00.000000 96.242876517 -4631.731833293 4900.279080252 -1.19957751285 -5.53480595296 -5.19586163375
2024-01-06T23:42:00.000000 24.099502754 -4952.754209414 4577.303505789 -1.20426607863 -5.16176101339 -5.56580527442
2024-01-06T23:43:00.000000 -48.156622530 -5250.659340050 4232.901806842 -1.20333401174 -4.76452911026 -5.90978498887
2024-01-06T23:44:00.000000 -120.188186593 -5524.050801737 3868.681173431 -1.19678322625 -4.34495573438 -6.22617567501
2024-01-06T23:45:00.000000 -191.658784868 -5771.646210110 3486.342567088 -1.18464207351 -3.90499488927 -6.51347867723
2024-01-06T23:46:00.000000 -262.234502673 -5992.283456698 3087.672862738 -1.16696515300 -3.44670055194 -6.77032981999
2024-01-06T23:47:00.000000 -331.585483334 -6184.926448084 2674.536575484 -1.14383309512 -2.97221738260 -6.99550664783
2024-01-06T23:48:00.000000 -399.387484916 -6348.670236610 2248.867136484 -1.11535243791 -2.48377121006 -7.18793513062
2024-01-06T23:49:00.000000 -465.323433897 -6482.745626429 1812.657811061 -1.08165553908 -1.98365880052 -7.34669635632
2024-01-06T23:50:00.000000 -529.084965505 -6586.523056115 1367.952181893 -1.04290026437 -1.47423618799 -7.47103266178
2024-01-06T23:51:00.000000 -590.373934677 -6659.515797083 916.834342203 -0.99926922277 -0.95790600003 -7.56035211062
2024-01-06T23:52:00.000000 -648.903865330 -6701.382346373 461.418846952 -0.95096857045 -0.43710497694 -7.61423138015
2024-01-06T23:53:00.000000 -704.401322702 -6711.928142569 3.840546427 -0.89822659702 0.08570819598 -7.63241785489
2024-01-06T23:54:00.000000 -756.607198816 -6691.106484570 -453.755715234 -0.84129239128 0.60806528587 -7.61483102974
2024-01-06T23:55:00.000000 -805.277929749 -6639.018747332 -909.225432085 -0.78043479969 1.12750104427 -7.56156268810
2024-01-06T23:56:00.000000 -850.186651571 -6555.913809626 -1360.434762029 -0.71594162463 1.64156531250 -7.47287628233
2024-01-06T23:57:00.000000 -891.124316265 -6442.186820044 -1805.270798637 -0.64811858967 2.14783530878 -7.34920614120
2024-01-06T23:58:00.000000 -927.900713556 -6298.377133419 -2241.651784308 -0.57728758134 2.64392898014 -7.19115573000
2024-01-06T23:59:00.000000 -960.345373056 -6125.165471289 -2667.537140377 -0.50378430548 3.12751848480 -6.99949333083
2024-01-07T00:00:00.000000 -988.308325162 -5923.370295783 -3080.937177354 -0.42795610860 3.59634157871 -6.77514572904
2024-01-07T00:01:00.000000 -1011.660758835 -5693.943522976 -3479.922569925 -0.35016066863 4.04821398713 -6.51919747445
2024-01-07T00:02:00.000000 -1030.295567339 -5437.965800745 -3862.633194353 -0.27076354176 4.48103043259 -6.23286994075
2024-01-07T00:03:00.000000 -1044.127798390 -5156.641195647 -4227.286650287 -0.19013729435 4.89278420970 -5.91753117754
2024-01-07T00:04:00.000000 -1053.094999007 -4851.291037804 -4572.186630102 -0.10865895698 5.28157463863 -5.57468119640
2024-01-07T00:05:00.000000 -1057.157424542 -4523.347342850 -4895.730533805 -0.02670822589 5.64561378816 -5.20594203726
2024-01-07T00:06:00.000000 -1056.298158682 -4174.345895239 -5196.416545563 0.05533387920 5.98323149146 -4.81305011223
2024-01-07T00:07:00.000000 -1050.523149690 -3805.918997579 -5472.850317216 0.13708652753 6.29288190501 -4.39784990493
2024-01-07T00:08:00.000000 -1039.861140295 -3419.787772622 -5723.751196642 0.21817107318 6.57315165654 -3.96228571961
2024-01-07T00:09:00.000000 -1024.363475928 -3017.753990158 -5947.957935854 0.29821305698 6.82276664763 -3.50839086237
2024-01-07T00:10:00.000000 -1004.103803011 -2601.691580795 -6144.433664570 0.37684379561 7.04059621754 -3.03827657423
2024-01-07T00:11:00.000000 -979.177680324 -2173.537934917 -6312.270287512 0.45370185229 7.22565624271 -2.55412222617
2024-01-07T00:12:00.000000 -949.702090623 -1735.285014199 -6450.692256656 0.52843478018 7.37711221577 -2.05816566344
2024-01-07T00:13:00.000000 -915.814852446 -1288.970308125 -6559.059818880 0.60070079721 7.49428131162 -1.55269315719
2024-01-07T00:14:00.000000 -877.673942664 -836.667703691 -6636.871606250 0.67016981761 7.57663319865 -1.04003036506
2024-01-07T00:15:00.000000 -835.456778595 -380.478297381 -6683.766795116 0.73652411019 7.62379163549 -0.52253473685
2024-01-07T00:16:00.000000 -789.359439232 77.478940446 -6699.526725909 0.79945944344 7.63553781082 -0.00258696379
2024-01-07T00:17:00.000000 -739.595814192 535.076714008 -6684.076037299 0.85868686133 7.61181305897 0.51742024125
2024-01-07T00:18:00.000000 -686.396627484 990.189006190 -6637.482968498 0.91393426454 7.55271846149 1.03509407637
2024-01-07T00:19:00.000000 -630.008404027 1440.700602962 -6559.959096150 0.96494724811 7.45851279270 1.54805136904
2024-01-07T00:20:00.000000 -570.692381132 1884.516529785 -6451.858461691 1.01148973205 7.32961182522 2.05392682768
2024-01-07T00:21:00.000000 -508.723391702 2319.571473808 -6313.676284026 1.05334508397 7.16658861609 2.55038297797
2024-01-07T00:22:00.000000 -444.388644510 2743.839191125 -6146.046881086 1.09031745921 6.97017175932 3.03512184206
2024-01-07T00:23:00.000000 -377.986456963 3155.341709050 -5949.741015613 1.12223259577 6.74124109119 3.50589524096
2024-01-07T00:24:00.000000 -309.824940124 3552.158297705 -5725.662622850 1.14893815684 6.48082413753 3.96051240454
2024-01-07T00:25:00.000000 -240.220677241 3932.434262337 -5474.845202630 1.17030452790 6.19009479049 4.39684810796
2024-01-07T00:26:00.000000 -169.497304003 4294.389702098 -5198.447507774 1.18622640016 5.87037151923 4.81285386543
2024-01-07T00:27:00.000000 -97.984007636 4636.328027193 -4897.748594135 1.19662423108 5.52311177405 5.20657021046
2024-01-07T00:28:00.000000 -26.013962065 4956.644072809 -4574.142158912 1.20144463729 5.14990414000 5.57613635046
2024-01-07T00:29:00.000000 46.077231285 5253.831746486 -4229.130407770 1.20066002647 4.75246172824 5.91979751450
2024-01-07T00:30:00.000000 117.953085158 5526.491368122 -3864.317446668 1.19426846838 4.33261730549 6.23591335494
2024-01-07T00:31:00.000000 189.277774749 5773.336632373 -3481.402109460 1.18229415466 3.89231669456 6.52296848409
2024-01-07T00:32:00.000000 259.717726455 5993.201163800 -3082.170148306 1.16478788183 3.43360896797 6.77958237454
2024-01-07T00:33:00.000000 328.943210649 6185.044337964 -2668.485917533 1.14182698058 2.95863557138 7.00451650346
2024-01-07T00:34:00.000000 396.629922695 6347.956558594 -2242.283680650 1.11351485996 2.46962071470 7.19668018937
2024-01-07T00:35:00.000000 462.460533795 6481.163905300 -1805.558536057 1.07998058253 1.96886191015 7.35513722700
2024-01-07T00:36:00.000000 526.126220175 6584.032260149 -1360.356957046 1.04137851477 1.45871858578 7.47911256403
2024-01-07T00:37:00.000000 587.328166735 6656.070589749 -908.766959704 0.99788780960 0.94159930750 7.56799689888
2024-01-07T00:38:00.000000 645.779032681 6696.933559793 -452.908081923 0.94971163134 0.41994979355 7.62134937920
2024-01-07T00:39:00.000000 701.204363653 6706.423390178 5.078819949 0.89707624427 -0.10375809518 7.63890044518
2024-01-07T00:40:00.000000 753.343950580 6684.491132080 463.041929518 0.84022999638 -0.62703857092 7.62055524082
2024-01-07T00:41:00.000000 801.953117600 6631.237026415 918.829043954 0.77944212786 -1.14740624639 7.56639562330
2024-01-07T00:42:00.000000 846.803936201 6546.910064489 1370.298153441 0.71500134537 -1.66239094979 7.47667927816
2024-01-07T00:43:00.000000 887.686341087 6431.906633159 1815.327922824 0.64721418599 -2.16955105187 7.35183690299
2024-01-07T00:44:00.000000 924.409150718 6286.768482682 2251.827960171 0.57640311967 -2.66648551123 7.19246895329
2024-01-07T00:45:00.000000 956.800955176 6112.179900498 2677.748911578 0.50290443764 -3.15084558675 6.99934211952
2024-01-07T00:46:00.000000 984.710886104 5908.964252796 3091.092300291 0.42706622259 -3.62034625071 6.77338476282
2024-01-07T00:47:00.000000 1008.009272005 5678.079810722 3489.920066835 0.34924681123 -4.07277679797 6.51568161676
2024-01-07T00:48:00.000000 1026.588223413 5420.615020189 3872.363793976 0.26981367562 -4.50601124967 6.22746831114
2024-01-07T00:49:00.000000 1040.362140558 5137.783057472 4236.633576936 0.18914210640 -4.91801939595 5.91012521581
2024-01-07T00:50:00.000000 1049.268126335 4830.915766360 4581.026480515 0.10761314884 -5.30687780292 5.56516935587
2024-01-07T00:51:00.000000 1053.266253548 4501.456949387 4903.934446346 0.02561096629 -5.67077892854 5.19424472720
2024-01-07T00:52:00.000000 1052.339673832 4150.955222188 5203.851626591 -0.05647968181 -6.00803791247 4.79911270125
2024-01-07T00:53:00.000000 1046.494593144 3781.056456227 5479.381158225 -0.13827533284 -6.31709857421 4.38164345057
2024-01-07T00:54:00.000000 1035.760152984 3393.495875544 5729.241442893 -0.21939518176 -6.59653986206 3.94380723912
2024-01-07T00:55:00.000000 1020.188230085 2990.089751626 5952.271843679 -0.29946228009 -6.84508209852 3.48766446810
2024-01-07T00:56:00.000000 999.853173709 2572.726772845 6147.437798625 -0.37810486522 -7.06159185974 3.01535507102
2024-01-07T00:57:00.000000 974.851441210 2143.359149181 6313.835265702 -0.45495799348 -7.24508569779 2.52908840498
2024-01-07T00:58:00.000000 945.301134178 1703.993512144 6450.694611205 -0.52966550440 -7.39473360796 2.03113346867
2024-01-07T00:59:00.000000 911.341407854 1256.681610238 6557.383857261 -0.60188207922 -7.50986210552 1.52380851245
2024-01-07T01:00:00.000000 873.131767870 803.510855895 6633.411344870 -0.67127494419 -7.58995609130 1.00947022002
2024-01-07T01:01:00.000000 830.851280483 346.594794170 6678.427701029 -0.73752497921 -7.63465967956 0.49050350734
2024-01-07T01:02:00.000000 784.697731076 -111.936475889 6692.227267213 -0.80032752063 -7.64377710817 -0.03068797282
2024-01-07T01:03:00.000000 734.886723285 -569.945937957 6674.748905486 -0.85939340002 -7.61727383271 -0.55169167182
2024-01-07T01:04:00.000000 681.650714266 -1025.299355805 6626.076245310 -0.91445033030 -7.55527690060 -1.07009677555
2024-01-07T01:05:00.000000 625.237954022 -1475.874938643 6546.437252257 -0.96524440088 -7.45807388863 -1.58350467908
2024-01-07T01:06:00.000000 565.911343815 -1919.572927718 6436.203184836 -1.01154128604 -7.32611139608 -2.08953876669
2024-01-07T01:07:00.000000 503.947234713 -2354.325096519 6295.887001721 -1.05312712190 -7.15999362933 -2.58585411708
2024-01-07T01:08:00.000000 439.634178395 -2778.104153875 6126.141158402 -1.08980921577 -6.96048051186 -3.07014764257
2024-01-07T01:09:00.000000 373.271634616 -3188.933007230 5927.754788010 -1.12141677904 -6.72848482759 -3.54016807687
2024-01-07T01:10:00.000000 305.168631803 -3584.893834518 5701.650301250 -1.14780179612 -6.46506904525 -3.99372547095
2024-01-07T01:11:00.000000 235.642372177 -3964.136975828 5448.879421989 -1.16883997587 -6.17144219943 -4.42870103811
2024-01-07T01:12:00.000000 165.016783397 -4324.889615949 5170.618607866 -1.18443154281 -5.84895583955 -4.84305795852
2024-01-07T01:13:00.000000 93.621032682 -4665.464163306 4868.163792803 -1.19450166554 -5.49909812304 -5.23485200109
2024-01-07T01:14:00.000000 21.788023433 -4984.266240663 4542.924551598 -1.19900065786 -5.12348695220 -5.60224069624
2024-01-07T01:15:00.000000 -50.147121295 -5279.802272015 4196.417742524 -1.19790426502 -4.72386340691 -5.94349167697
2024-01-07T01:16:00.000000 -121.848595762 -5550.686678032 3830.260654341 -1.19121410242 -4.30208495541 -6.25699156837
2024-01-07T01:17:00.000000 -192.981477323 -5795.648613527 3446.163575347 -1.17895800599 -3.86011712126 -6.54125493471
2024-01-07T01:18:00.000000 -263.213304728 -6013.538170759 3045.921890000 -1.16119021850 -3.40002412020 -6.79493178240
2024-01-07T01:19:00.000000 -332.215669091 -6203.332031630 2631.407753219 -1.13799160295 -2.92396002089 -7.01681400932
2024-01-07T01:20:00.000000 -399.665816308 -6364.138605043 2204.561382094 -1.10946981546 -2.43415989677 -7.20584270601
2024-01-07T01:21:00.000000 -465.248246686 -6495.202559476 1767.381844702 -1.07575884410 -1.93292864315 -7.36111603409
2024-01-07T01:22:00.000000 -528.656255674 -6595.908614469 1321.917460368 -1.03701758016 -1.42262744733 -7.48189479501
2024-01-07T01:23:00.000000 -589.593377325 -6665.784527815 870.255958516 -0.99342811402 -0.90566112262 -7.56760463980
2024-01-07T01:24:00.000000 -647.774738926 -6704.503398973 414.514551568 -0.94519485980 -0.38446809411 -7.61783775445
2024-01-07T01:25:00.000000 -702.928405784 -6711.885397392 -43.170170535 -0.89254462049 0.13848967974 -7.63235662932
2024-01-07T01:26:00.000000 -754.796721755 -6687.898789388 -500.652578754 -0.83572646162 0.66074006773 -7.61109795104
2024-01-07T01:27:00.000000 -803.137611583 -6632.660087421 -955.788488370 -0.77501044714 1.17981616899 -7.55417318150
2024-01-07T01:28:00.000000 -847.725784854 -6546.433314985 -1406.445595042 -0.71068550064 1.69326990989 -7.46186591656
2024-01-07T01:29:00.000000 -888.353796418 -6429.628534703 -1850.513697114 -0.64305729116 2.19868319890 -7.33462917769
2024-01-07T01:30:00.000000 -924.833000131 -6282.799713600 -2285.914812511 -0.57244651488 2.69367930892 -7.17308360323
2024-01-07T01:31:00.000000 -956.994401827 -6106.641853830 -2710.613150684 -0.49918731337 3.17593584911 -6.97801439022
2024-01-07T01:32:00.000000 -984.689420280 -5901.987360524 -3122.624843643 -0.42362560825 3.64319739601 -6.75036559713
2024-01-07T01:33:00.000000 -1007.790539539 -5669.801680452 -3520.027255002 -0.34611741788 4.09328614304 -6.49123326882
2024-01-07T01:34:00.000000 -1026.191865430 -5411.178361127 -3900.967903084 -0.26702716663 4.52411137424 -6.20185877793
2024-01-07T01:35:00.000000 -1039.809575117 -5127.333544432 -4263.672970720 -0.18672585050 4.93367864593 -5.88362176613
2024-01-07T01:36:00.000000 -1048.582256245 -4819.599954905 -4606.455378789 -0.10558909669 5.32009790616 -5.53803219018
2024-01-07T01:37:00.000000 -1052.471125912 -4489.420412486 -4927.722358801 -0.02399533774 5.68159026383 -5.16672273120
2024-01-07T01:38:00.000000 -1051.460148616 -4138.340959513 -5225.982614251 0.05767588459 6.01649517159 -4.77144205638
2024-01-07T01:39:00.000000 -1045.556050138 -3768.003504279 -5499.853053076 0.13904566882 6.32327896482 -4.35404703371
2024-01-07T01:40:00.000000 -1034.788227999 -3380.137974255 -5748.065002769 0.21973757428 6.60054275426 -3.91649231648
2024-01-07T01:41:00.000000 -1019.208548610 -2976.554052363 -5969.469707619 0.29937930079 6.84702736707 -3.46081895572
2024-01-07T01:42:00.000000 -998.891053612 -2559.132704580 -6163.043215171 0.37760422020 7.06161628778 -2.98914457214
2024-01-07T01:43:00.000000 -973.931570599 -2129.817523107 -6327.890708472 0.45405302107 7.24333894268 -2.50365477474
2024-01-07T01:44:00.000000 -944.447224030 -1690.605873239 -6463.250328618 0.52837549157 7.39137443544 -2.00659379977
2024-01-07T01:45:00.000000 -910.575838495 -1243.539810135 -6568.496370111 0.60023200372 7.50505408078 -1.50025439786
2024-01-07T01:46:00.000000 -872.475274266 -790.696905680 -6643.141911015 0.66929443733 7.58386295099 -0.98696854113
2024-01-07T01:47:00.000000 -830.322713994 -334.180956961 -6686.840902478 0.73524691884 7.62744207595 -0.46909876090
2024-01-07T01:48:00.000000 -784.313901466 123.887437963 -6699.389735902 0.79778699573 7.63559113101 0.05097183293
2024-01-07T01:49:00.000000 -734.662280717 581.380458079 -6680.728114800 0.85662732589 7.60826941949 0.57085085844
2024-01-07T01:50:00.000000 -681.598039784 1036.172602089 -6630.939298894 0.91149739442 7.54559477062 1.08814712963
2024-01-07T01:51:00.000000 -625.367059699 1486.150171316 -6550.249748637 0.96214477174 7.44784242132 1.60047957817
2024-01-07T01:52:00.000000 -566.229806636 1929.220685333 -6439.028273904 1.00833580054 7.31544479981 2.10548661553
2024-01-07T01:53:00.000000 -504.460194387 2363.322310678 -6297.784520114 1.04985593498 7.14899042956 2.60083670723
2024-01-07T01:54:00.000000 -440.344425819 2786.433133963 -6127.166878020 1.08651022499 6.94922103544 3.08423811326
2024-01-07T01:55:00.000000 -374.179783904 3196.580282727 -5927.959842781 1.11812444733 6.71702906755 3.55344658036
2024-01-07T01:56:00.000000 -306.273343474 3591.848927060 -5701.080957292 1.14454687822 6.45345726092 4.00627371681
2024-01-07T01:57:00.000000 -236.940562116 3970.391304747 -5447.577091252 1.16564995962 6.15969781318 4.44059888436
2024-01-07T01:58:00.000000 -166.503804070 4330.435555263 -5168.619975422 1.18133112023 5.83708745441 4.85438289570
2024-01-07T01:59:00.000000 -95.290833514 4670.294150811 -4865.500966961 1.19151283030 5.48709894587 5.24567903110
2024-01-07T02:00:00.000000 -23.633319545 4988.371800669 -4539.625264193 1.19614260390 5.11133312796 5.61264009475
2024-01-07T02:01:00.000000 48.134680787 5283.172975751 -4192.505759363 1.19519332629 4.71151381619 5.95352478467
2024-01-07T02:02:00.000000 119.678253542 5553.309166304 -3825.756437907 1.18866361290 4.28948348812 6.26670622998
2024-01-07T02:03:00.000000 190.663178422 5797.505801383 -3441.085209428 1.17657797493 3.84719690454 6.55068226945
2024-01-07T02:04:00.000000 260.757486908 6014.608766662 -3040.286123667 1.15898703690 3.38671216911 6.80408516130
2024-01-07T02:05:00.000000 329.633041452 6203.590265633 -2625.231056091 1.13596792254 2.91018042788 7.02568971325
2024-01-07T02:06:00.000000 396.967131336 6363.554104893 -2197.860943879 1.10762435590 2.41983527143 7.21442022838
2024-01-07T02:07:00.000000 462.444053461 6493.740296030 -1760.176615242 1.07408608719 1.91798197734 7.36935682874
2024-01-07T02:08:00.000000 525.756648491 6593.529058904 -1314.229278761 1.03550798056 1.40698629077 7.48974120740
2024-01-07T02:09:00.000000 586.607784862 6662.444063289 -862.110665913 0.99206938077 0.88926246470 7.57498145295
2024-01-07T02:10:00.000000 644.711817455 6700.154983801 -405.942944389 0.94397367620 0.36726073403 7.62465548672
2024-01-07T02:11:00.000000 699.796000843 6706.479264436 52.131551851 0.89144741745 -0.15654500216 7.63851331276
2024-01-07T02:12:00.000000 751.601845573 6681.383211217 509.960693794 0.83473876581 -0.67966926041 7.61647900379
2024-01-07T02:13:00.000000 799.886354005 6624.982274445 965.393072795 0.77411581634 -1.19962798091 7.55865261852
2024-01-07T02:14:00.000000 844.423181958 6537.540545980 1416.288575924 0.70986532972 -1.71395316066 7.46531038100
2024-01-07T02:15:00.000000 885.003720474 6419.469344414 1860.528877940 0.64229171724 -2.22020731378 7.33690171336
2024-01-07T02:16:00.000000 921.438130288 6271.325022795 2296.027699953 0.57171574768 -2.71599543518 7.17404449652
2024-01-07T02:17:00.000000 953.556261103 6093.806103978 2720.740788774 0.49847274513 -3.19897505523 6.97752131265
2024-01-07T02:18:00.000000 981.208469225 5887.749816704 3132.675726259 0.42291055070 -3.66686725272 6.74827666941
2024-01-07T02:19:00.000000 1004.266304895 5654.127893078 3529.901498447 0.34538752439 -4.11746945042 6.48741242972
2024-01-07T02:20:00.000000 1022.623089935 5394.041633097 3910.557761517 0.26627062707 -4.54866730495 6.19618024691
2024-01-07T02:21:00.000000 1036.194371628 5108.716313135 4272.863539791 0.18593346416 -4.95844376726 5.87597319575
2024-01-07T02:22:00.000000 1044.918264608 4799.495126372 4615.125517740 0.10475432721 -5.34488690643 5.52831884999
2024-01-07T02:23:00.000000 1048.755673663 4467.832589970 4935.745885723 0.02311436356 -5.70619895816 5.15487261354
2024-01-07T02:24:00.000000 1047.690418412 4115.287436314 5233.229805947 -0.05860409028 -6.04070601916 4.75740890744
2024-01-07T02:25:00.000000 1041.729251468 3743.514900760 5506.192190657 -0.14001918736 -6.34686595091 4.33781027929
2024-01-07T02:26:00.000000 1030.901776317 3354.258660008 5753.363882285 -0.22075141460 -6.62327387117 3.89805654657
2024-01-07T02:27:00.000000 1015.260250175 2949.342439786 5973.597167192 -0.30042541080 -6.86866653176 3.44021491621
2024-01-07T02:28:00.000000 994.879290699 2530.661428416 6165.870764937 -0.37867143890 -7.08192641470 2.96643036010
2024-01-07T02:29:00.000000 969.855500288 2100.173391666 6329.294174727 -0.45512659952 -7.26208526749 2.47891604301
2024-01-07T02:30:00.000000 940.307013033 1659.889638276 6463.111508415 -0.52943641513 -7.40832728843 1.97994408296
2024-01-07T02:31:00.000000 906.372923007 1211.865759570 6566.704720202 -0.60125703850 -7.51999251724 1.47183614218
2024-01-07T02:32:00.000000 868.212582703 758.192198394 6639.596315486 -0.67025739283 -7.59657992570 0.95695283357
2024-01-07T02:33:00.000000 826.004793170 300.984640950 6681.451305160 -0.73612033406 -7.63774903935 0.43768239838
2024-01-07T02:34:00.000000 779.946958605 -157.625619804 6692.078565896 -0.79854304854 -7.64332023777 -0.08356985895
2024-01-07T02:35:00.000000 730.254198804 -615.501348704 6671.431548864 -0.85723783428 -7.61327494836 -0.60439109480
2024-01-07T02:36:00.000000 677.158407816 -1070.509034716 6619.608472668 -0.91193376860 -7.54775606834 -1.12237080227
2024-01-07T02:37:00.000000 620.907183053 -1520.528575295 6536.851850670 -0.96237855112 -7.44706742373 -1.63511145990
2024-01-07T02:38:00.000000 561.762671512 -1963.462886310 6423.547382526 -1.00833952522 -7.31167207423 -2.14023905480
2024-01-07T02:39:00.000000 500.000381659 -2397.247392277 6280.222266383 -1.04960409630 -7.14219030462 -2.63541290183
2024-01-07T02:40:00.000000 435.907958928 -2819.859404773 6107.542895079 -1.08598045341 -6.93939772458 -3.11833540626
2024-01-07T02:41:00.000000 369.783902820 -3229.327369376 5906.311975825 -1.11729880244 -6.70422260439 -3.58676215996
2024-01-07T02:42:00.000000 301.936212141 -3623.739914715 5677.465030672 -1.14341245811 -6.43774217881 -4.03851166388
2024-01-07T02:43:00.000000 232.680978265 -4001.254676733 5422.066362310 -1.16419839623 -6.14117878093 -4.47147452566
2024-01-07T02:44:00.000000 162.340955118 -4360.106891786 5141.304433056 -1.17955764177 -5.81589613784 -4.88362313368
2024-01-07T02:45:00.000000 91.244097029 -4698.617748913 4836.486645859 -1.18941594370 -5.46339458871 -5.27302221800
2024-01-07T02:46:00.000000 19.722052634 -5015.202390906 4509.033487490 -1.19372456337 -5.08530451690 -5.63783903600
2024-01-07T02:47:00.000000 -51.891384837 -5308.377504822 4160.472112737 -1.19246077532 -4.68337902306 -5.97635225856
2024-01-07T02:48:00.000000 -123.261843757 -5576.768466376 3792.429402824 -1.18562804099 -4.25948681350 -6.28696043982
2024-01-07T02:49:00.000000 -194.055947685 -5819.116052641 3406.624503776 -1.17325607108 -3.81560434853 -6.56819102468
2024-01-07T02:50:00.000000 -263.942888315 -6034.282616504 3004.860831306 -1.15540075592 -3.35380615602 -6.81870884537
2024-01-07T02:51:00.000000 -332.595989353 -6221.257665645 2589.017621527 -1.13214384348 -2.87625431338 -7.03732267643
2024-01-07T02:52:00.000000 -399.694244464 -6379.162812626 2161.041133451 -1.10359254011 -2.38518877371 -7.22299053542
2024-01-07T02:53:00.000000 -464.923840327 -6507.256176168 1722.935520597 -1.06987937459 -1.88291797111 -7.37482558991
2024-01-07T02:54:00.000000 -527.979673023 -6604.936150861 1276.753336774 -1.03116219672 -1.37180763075 -7.49210243990
2024-01-07T02:55:00.000000 -588.566861761 -6671.744480506 824.585692952 -0.98762371200 -0.85426785750 -7.57426166878
2024-01-07T02:56:00.000000 -646.402202982 -6707.368531977 368.552227705 -0.93947019532 -0.33274087379 -7.62091205608
2024-01-07T02:57:00.000000 -701.215534837 -6711.642911702 -89.209043298 -0.88692983720 0.19030955755 -7.63183266752
2024-01-07T02:58:00.000000 -752.751009627 -6684.550400334 -546.552036229 -0.83025143952 0.71240954945 -7.60697631772
2024-01-07T02:59:00.000000 -800.768304961 -6626.222171931 -1001.333130848 -0.76970354277 1.23108983531 -7.54647232647
2024-01-07T03:00:00.000000 -845.043777998 -6536.936993785 -1451.421739259 -0.70557337700 1.74390246424 -7.45062515501
2024-01-07T03:01:00.000000 -885.371540056 -6417.119508260 -1894.710657370 -0.63816520880 2.24843513941 -7.31990884998
2024-01-07T03:02:00.000000 -921.564421856 -6267.337749664 -2329.126062960 -0.56779843349 2.74232114733 -7.15496102101
2024-01-07T03:03:00.000000 -953.454829771 -6088.300202628 -2752.637196843 -0.49480594590 3.22324756796 -6.95657928484
2024-01-07T03:04:00.000000 -980.895514313 -5880.852260692 -3163.265908192 -0.41953274474 3.68896552484 -6.72571921707
2024-01-07T03:05:00.000000 -1003.760244928 -5645.972009922 -3559.096027158 -0.34233409533 4.13730297680 -6.46349023950
2024-01-07T03:06:00.000000 -1021.944354279 -5384.765240962 -3938.282378392 -0.26357305956 4.56617685837 -6.17114791097
2024-01-07T03:07:00.000000 -1035.365131651 -5098.459831852 -4299.059272172 -0.18361813409 4.97360193711 -5.85008467768
2024-01-07T03:08:00.000000 -1043.962100178 -4788.399677701 -4639.748469337 -0.10284181824 5.35769722468 -5.50182208175
2024-01-07T03:09:00.000000 -1047.697234949 -4456.038237006 -4958.766749766 -0.02161981469 5.71669291160 -5.12800470787
2024-01-07T03:10:00.000000 -1046.555117072 -4102.931604805 -5254.633087631 0.05967026891 6.04893908890 -4.73039347409
2024-01-07T03:11:00.000000 -1040.542987582 -3730.731049656 -5525.975385480 0.14065119218 6.35291461139 -4.31085643726
2024-01-07T03:12:00.000000 -1029.690647787 -3341.175069986 -5771.536568091 0.22094854231 6.62723381252 -3.87135774000
2024-01-07T03:13:00.000000 -1014.050236846 -2936.081133771 -5990.180020213 0.30019238245 6.87065073739 -3.41394679572
2024-01-07T03:14:00.000000 -993.695927023 -2517.337187588 -6180.894400067 0.37801822179 7.08206229536 -2.94074883404
2024-01-07T03:15:00.000000 -968.723571396 -2086.893003145 -6342.797947274 0.45406826448 7.26051156251 -2.45395623350
2024-01-07T03:16:00.000000 -939.250241182 -1646.751291826 -6475.142234126 0.52799334291 7.40519131082 -1.95581963930
2024-01-07T03:17:00.000000 -905.413650234 -1198.958625695 -6577.315385940 0.59945483384 7.51544726590 -1.44863835790
2024-01-07T03:18:00.000000 -867.371479671 -745.596176285 -6648.844682531 0.66812583352 7.59078067004 -0.93475020445
2024-01-07T03:19:00.000000 -825.300657539 -288.770331825 -6689.398580597 0.73369190472 7.63085001682 -0.41652123078
2024-01-07T03:20:00.000000 -779.396575214 169.396774229 -6698.788090699 0.79585228905 7.63547208817 0.10366436151
2024-01-07T03:21:00.000000 -729.872213366 626.776779183 -6676.967573190 0.85432171444 7.60462245261 0.62341429070
2024-01-07T03:22:00.000000 -676.957165637 1081.244611984 -6624.034900885 0.90883190665 7.53843521543 1.14033847350
2024-01-07T03:23:00.000000 -620.896595701 1530.687976057 -6540.231042107 0.95913213346 7.43720173089 1.65205900475
2024-01-07T03:24:00.000000 -561.950183247 1973.016726626 -6425.939049600 1.00498930903 7.30136879274 2.15621889499
2024-01-07T03:25:00.000000 -500.391044550 2406.172164898 -6281.682580549 1.04618885546 7.13153764113 2.65048980555
2024-01-07T03:26:00.000000 -436.504570290 2828.136295242 -6108.123907010 1.08253664618 6.92846413918 3.13258077537
2024-01-07T03:27:00.000000 -370.587130768 3236.941115334 -5906.061373675 1.11386104321 6.69305842541 3.60024939995
2024-01-07T03:28:00.000000 -302.944692483 3630.677792554 -5676.426098092 1.14001384153 6.42638194256 4.05131434105
2024-01-07T03:29:00.000000 -233.891415617 4007.505587118 -5420.277963780 1.16087012412 6.12964203601 4.48366651147
2024-01-07T03:30:00.000000 -163.748260783 4365.660429833 -5138.800992875 1.17632805979 5.80418625839 4.89527800046
2024-01-07T03:31:00.000000 -92.841595773 4703.463191386 -4833.298252511 1.18630944600 5.45149754872 5.28421025371
2024-01-07T03:32:00.000000 -21.501743658 5019.327665617 -4505.186222028 1.19076086488 5.07318955599 5.64862304299
2024-01-07T03:33:00.000000 49.938540570 5311.768246029 -4155.988599387 1.18965479693 4.67100093748 5.98678411607
2024-01-07T03:34:00.000000 121.145644668 5579.407230014 -3787.329543072 1.18299025346 4.24678844364 6.29707877223
2024-01-07T03:35:00.000000 191.786696389 5820.981653476 -3400.926323846 1.17079286141 3.80251899736 6.57801912576
2024-01-07T03:36:00.000000 261.531153403 6035.349666388 -2998.581476217 1.15311461238 3.34026057907 6.82825272837
2024-01-07T03:37:00.000000 330.052377880 6221.496270156 -2582.174422863 1.13003364863 2.86217229335 7.04656993238
2024-01-07T03:38:00.000000 397.029207413 6378.538509308 -2153.652728979 1.10165433651 2.37049457481 7.23191020323
2024-01-07T03:39:00.000000 462.147527714 6505.730032613 -1715.022944349 1.06810734587 1.86753948903 7.38336865064
2024-01-07T03:40:00.000000 525.101846031 6602.465115309 -1268.341083806 1.02954905292 1.35567954948 7.50020294674
2024-01-07T03:41:00.000000 585.596785899 6668.281852108 -815.702673257 0.98616010782 0.83733445338 7.58183873995
2024-01-07T03:42:00.000000 643.348501271 6702.864602348 -359.232600395 0.93814400768 0.31495754152 7.62787212441
2024-01-07T03:43:00.000000 698.086024065 6706.045618651 98.925167489 0.88572650797 -0.20897598505 7.63807064152
2024-01-07T03:44:00.000000 749.552595785 6677.806068980 556.617882182 0.82915539132 -0.73198016787 7.61237517769
2024-01-07T03:45:00.000000 797.506960297 6618.276275096 1011.694527441 0.76869933190 -1.25157105922 7.55090252793
2024-01-07T03:46:00.000000 841.724550101 6527.735174573 1462.016389513 0.70464557608 -1.76528144347 7.45394589998
2024-01-07T03:47:00.000000 881.998535745 6406.608866389 1905.467582414 0.63729766046 -2.27067507615 7.32197228538
2024-01-07T03:48:00.000000 918.140748954 6255.468392284 2339.965346553 0.56697416735 -2.76535911492 7.15561831622
2024-01-07T03:49:00.000000 949.982573647 6075.026763928 2763.470109547 0.49400798874 -3.24699579227 6.95568618929
2024-01-07T03:50:00.000000 977.375761389 5866.135314978 3173.995283998 0.41874486852 -3.71331426554 6.72313892073
2024-01-07T03:51:00.000000 1000.193140190 5629.779331338 3569.616733054 0.34154115415 -4.16212172936 6.45909422061
2024-01-07T03:52:00.000000 1018.329181328 5367.073093107 3948.481862001 0.26276173560 -4.59131307039 6.16481786984
2024-01-07T03:53:00.000000 1031.700470120 5079.254317986 4308.818306081 0.18277859165 -4.99888022587 5.84171749343
2024-01-07T03:54:00.000000 1040.246084442 4767.678046182 4648.942248982 0.10196914474 -5.38292230161 5.49133562766
2024-01-07T03:55:00.000000 1043.927850315 4433.809907965 4967.266246982 0.02071384424 -5.74165522704 5.11534087958
2024-01-07T03:56:00.000000 1042.730447064 4079.218881939 5262.306522046 -0.06060642819 -6.07341933632 4.71551816943
2024-01-07T03:57:00.000000 1036.661369307 3705.569634992 5532.689643455 -0.14161225747 -6.37668566685 4.29375959107
2024-01-07T03:58:00.000000 1025.750801407 3314.614485170 5777.158700178 -0.22192699720 -6.65006260665 3.85205514041
2024-01-07T03:59:00.000000 1010.051405673 2908.184970008 5994.578829869 -0.30117814160 -6.89230205356 3.39248161358
2024-01-07T04:00:00.000000 989.638036631 2488.183111314 6183.942102754 -0.37899887668 -7.10230283358 2.91719086326
2024-01-07T04:01:00.000000 964.607348639 2056.572561770 6344.371698082 -0.45502946915 -7.27911205084 2.42840040419
2024-01-07T04:02:00.000000 935.077337662 1615.369636804 6475.125652288 -0.52891855743 -7.42192785959 1.92838640989
2024-01-07T04:03:00.000000 901.186787050 1166.634105758 6575.600100116 -0.60032478775 -7.53010467280 1.41947524419
2024-01-07T04:04:00.000000 863.094618716 712.459666014 6645.332008758 -0.66891864776 -7.60315738725 0.90403157188
2024-01-07T04:05:00.000000 820.979131614 254.964288809 6684.001036931 -0.73438384830 -7.64076191782 0.38444592237
2024-01-07T04:06:00.000000 775.037184118 -203.719414019 6691.430813665 -0.79641825787 -7.64275434909 -0.13687503907
2024-01-07T04:07:00.000000 725.483302018 -661.453824736 6667.589619102 -0.85473524096 -7.60913185277 -0.65751708748
2024-01-07T04:08:00.000000 672.548700090 -1116.106027351 6612.590570145 -0.90906559819 -7.54005420021 -1.17506926011
2024-01-07T04:09:00.000000 616.480180362 -1565.557538464 6526.691036437 -0.95915912976 -7.43584240232 -1.68713594803
2024-01-07T04:10:00.000000 557.538971068 -2007.713907337 6410.291398928 -1.00478499915 -7.29697548447 -2.19134665663
2024-01-07T04:11:00.000000 495.999574525 -2440.514101147 6263.933333872 -1.04573182046 -7.12408891351 -2.68536388473
2024-01-07T04:12:00.000000 432.148564294 -2861.939923467 6088.297530898 -1.08180882211 -6.91797473121 -3.16689308591
2024-01-07T04:13:00.000000 366.283294215 -3270.025335371 5884.200747141 -1.11284768394 -6.67957888807 -3.63369534777
2024-01-07T04:14:00.000000 298.710519819 -3662.865531674 5652.592129391 -1.13870341932 -6.40999494641 -4.08359801355
2024-01-07T04:15:00.000000 229.745000664 -4038.625594774 5394.549024384 -1.15925409914 -6.11045892255 -4.51450140452
2024-01-07T04:16:00.000000 159.708118693 -4395.549013405 5111.272391308 -1.17440112054 -5.78234809241 -4.92438649064
2024-01-07T04:17:00.000000 88.926426424 -4731.966103434 4804.081593715 -1.18407098014 -5.42717848044 -5.31132763571
2024-01-07T04:18:00.000000 17.730095349 -5046.302089461 4474.408403967 -1.18821697493 -5.04659568513 -5.67350605751
2024-01-07T04:19:00.000000 -53.548711383 -5337.084512502 4123.790292456 -1.18681888044 -4.64236292307 -6.00921721230
2024-01-07T04:20:00.000000 -124.577361497 -5602.950046454 3753.863513111 -1.17988114728 -4.21635425961 -6.31687379267
2024-01-07T04:21:00.000000 -195.024207428 -5842.651104773 3366.355883831 -1.16743213698 -3.77055290268 -6.59501250711
2024-01-07T04:22:00.000000 -264.560046969 -6055.062220543 2963.078992610 -1.14952547419 -3.30704573281 -6.84230715905
2024-01-07T04:23:00.000000 -332.859706330 -6239.185962479 2545.919548544 -1.12624185193 -2.82800975536 -7.05758087250
2024-01-07T04:24:00.000000 -399.603671318 -6394.157792831 2116.830255508 -1.09768918266 -2.33569599449 -7.23981133679
2024-01-07T04:25:00.000000 -464.479684558 -6519.250166864 1677.820492207 -1.06400117042 -1.83241808222 -7.38813201004
2024-01-07T04:26:00.000000 -527.184250363 -6613.876020542 1230.946870100 -1.02533589695 -1.32054452295 -7.50183545257
2024-01-07T04:27:00.000000 -587.424071633 -6677.591844774 778.303540331 -0.98187537119 -0.80248905424 -7.58037932374
2024-01-07T04:28:00.000000 -644.917492276 -6710.099975974 322.012105233 -0.93382549539 -0.28069767671 -7.62339120896
2024-01-07T04:29:00.000000 -699.395911897 -6711.250140270 -135.788643635 -0.88141535895 0.24236506368 -7.63067093164
2024-01-07T04:30:00.000000 -750.605127691 -6681.040145777 -592.953111649 -0.82489547174 0.76422923177 -7.60219174042
2024-01-07T04:31:00.000000 -798.306553567 -6619.615849057 -1047.339297775 -0.76453542600 1.28243302797 -7.53810044302
2024-01-07T04:32:00.000000 -842.278297464 -6527.270217636 -1496.819176028 -0.70062184716 1.79453608708 -7.43871526900
2024-01-07T04:33:00.000000 -882.316141824 -6404.441717365 -1939.288862769 -0.63345703284 2.29813097349 -7.30452226906
2024-01-07T04:34:00.000000 -918.234448085 -6251.711985744 -2372.678602705 -0.56335798875 2.79085352068 -7.13617244124
2024-01-07T04:35:00.000000 -949.867016704 -6069.802968446 -2794.962582825 -0.49065520089 3.27039432213 -6.93447921567
2024-01-07T04:36:00.000000 -977.067835824 -5859.573197498 -3204.168569803 -0.41569093412 3.73451112929 -6.70041409196
2024-01-07T04:37:00.000000 -999.711738524 -5622.013455379 -3598.387202023 -0.33881739694 4.18104001967 -6.43510019747
2024-01-07T04:38:00.000000 -1017.694943377 -5358.241741351 -3975.780889284 -0.26039506631 4.60790494734 -6.13980572785
2024-01-07T04:39:00.000000 -1030.935507976 -5069.497777466 -4334.592324221 -0.18079100012 5.01312739740 -5.81593737572
2024-01-07T04:40:00.000000 -1039.373662304 -4757.136805352 -4673.152558809 -0.10037698794 5.39483598785 -5.46503228579
2024-01-07T04:41:00.000000 -1042.972040887 -4422.622953418 -4989.888556403 -0.01952770061 5.75127412160 -5.08874880291
2024-01-07T04:42:00.000000 -1041.715798573 -4067.522123872 -5283.330205790 0.06138101018 6.08080596265 -4.68885837505
2024-01-07T04:43:00.000000 -1035.612637037 -3693.494612333 -5552.116901120 0.14197390782 6.38192337300 -4.26723820144
2024-01-07T04:44:00.000000 -1024.692701079 -3302.287150032 -5795.003610085 0.22187837228 6.65325387205 -3.82586181061
2024-01-07T04:45:00.000000 -1009.008368692 -2895.724608714 -6010.866301595 0.30072624091 6.89356629296 -3.36678702920
2024-01-07T04:46:00.000000 -988.633937326 -2475.701410375 -6198.706668044 0.37815508892 7.10177286058 -2.89214518262
2024-01-07T04:47:00.000000 -963.665256253 -2044.172930166 -6357.656284970 0.45380926910 7.27693099649 -2.40413335948
2024-01-07T04:48:00.000000 -934.219274894 -1603.146624452 -6486.980350302 0.52734128377 7.41824758179 -1.90500709361
2024-01-07T04:49:00.000000 -900.433505446 -1154.672937037 -6586.080900407 0.59841353415 7.52508360067 -1.39707026005
2024-01-07T04:50:00.000000 -862.465375016 -700.835962345 -6654.499368788 0.66670001227 7.59695636728 -0.88266369467
2024-01-07T04:51:00.000000 -820.491487691 -243.744055879 -6691.918490577 0.73188777517 7.63354022007 -0.36415505280
2024-01-07T04:52:00.000000 -774.706796605 214.479632701 -6698.163626985 0.79367831828 7.63466780785 0.15607079791
2024-01-07T04:53:00.000000 -725.323704588 671.706683572 -6673.203477903 0.85178866351 7.60033079814 0.67562264858
2024-01-07T04:54:00.000000 -672.571110150 1125.812913611 -6617.150137953 0.90595190757 7.53067821221 1.19211345376
2024-01-07T04:55:00.000000 -616.693436586 1574.687736951 -6530.258599094 0.95591768095 7.42601418648 1.70316808374
2024-01-07T04:56:00.000000 -557.949602957 2016.243474163 -6412.925841372 1.00145341021 7.28679840214 2.20642998914
2024-01-07T04:57:00.000000 -496.611896663 2448.424751662 -6265.689447392 1.04234637172 7.11364807507 2.69957089908
2024-01-07T04:58:00.000000 -432.964731711 2869.217933469 -6089.225530340 1.07840538498 6.90733728323 3.18030373160
2024-01-07T04:59:00.000000 -367.303327129 3276.660447255 -5884.345880165 1.10946132029 6.66879259574 3.64639462851
2024-01-07T05:00:00.000000 -299.932393336 3668.849750912 -5651.994490633 1.13536700064 6.39908807176 4.09567203810
2024-01-07T05:01:00.000000 -231.164804202 4043.952091505 -5393.243582811 1.15599758728 6.09944189940 4.52603482578
2024-01-07T05:02:00.000000 -161.320229421 4400.211041848 -5109.289091117 1.17125165868 5.77121338597 4.93546168178
2024-01-07T05:03:00.000000 -90.723690104 4735.955882440 -4801.445589597 1.18105233921 5.41589861762 5.32202136971
2024-01-07T05:04:00.000000 -19.704066190 5049.609612417 -4471.140565127 1.18534800092 5.03512484617 5.68388279950
2024-01-07T05:05:00.000000 51.407432488 5339.696642438 -4119.908118778 1.18411264912 4.63064389763 6.01932495623
2024-01-07T05:06:00.000000 122.278811638 5604.850035157 -3749.382072422 1.17734616002 4.20432422210 6.32674631801
2024-01-07T05:07:00.000000 192.578849456 5843.818236311 -3361.288547980 1.16507443289 3.75814222871 6.60467280070
2024-01-07T05:08:00.000000 261.978663157 6055.471320086 -2957.438120522 1.14734956848 3.29417426631 6.85176478691
2024-01-07T05:09:00.000000 330.153287115 6238.806742006 -2539.717507798 1.12425005590 2.81458875134 7.06682513242
2024-01-07T05:10:00.000000 396.783254753 6392.954583941 -2110.080758494 1.09588062817 2.32163613488 7.24880800883
2024-01-07T05:11:00.000000 461.556153139 6517.182097677 -1670.539951170 1.06237154950 1.81763637586 7.39682607278
2024-01-07T05:12:00.000000 524.168128542 6610.897512341 -1223.155528350 1.02387767621 1.30496642593 7.51015481885
2024-01-07T05:13:00.000000 584.325338520 6673.653096598 -770.026437514 0.98057780631 0.78604905080 7.58823602595
2024-01-07T05:14:00.000000 641.745376989 6705.147582123 -313.280029980 0.93267424810 0.26334140175 7.63068170195
2024-01-07T05:15:00.000000 696.158662503 6705.227823086 144.938249113 0.88039211739 -0.26067811044 7.63727730837
2024-01-07T05:16:00.000000 747.309781514 6673.889693542 602.475328484 0.82397822593 -0.78352338085 7.60798289271
2024-01-07T05:17:00.000000 794.958746939 6611.278136481 1057.180970179 0.76369984789 -1.30271323619 7.54293300140
2024-01-07T05:18:00.000000 838.882191760 6517.686514449 1506.918242599 0.69984344533 -1.81578383697 7.44243647990
2024-01-07T05:19:00.000000 878.874470752 6393.555157488 1949.573942717 0.63271307650 -2.32030186433 7.30697537204
2024-01-07T05:20:00.000000 914.748665711 6239.469168270 2383.068927921 0.56262843867 -2.81387770417 7.13720194859
2024-01-07T05:21:00.000000 946.337457189 6056.155393466 2805.368187991 0.48992289365 -3.29417776102 6.93393449851
2024-01-07T05:22:00.000000 973.493893587 5844.478719308 3214.490675995 0.41494167476 -3.75893651354 6.69815248112
2024-01-07T05:23:00.000000 996.092045395 5605.437608668 3608.518782758 0.33804008159 -4.20596847161 6.43099019255
2024-01-07T05:24:00.000000 1014.027559760 5340.159005543 3985.607421692 0.25958156059 -4.63317841788 6.13372884044
2024-01-07T05:25:00.000000 1027.218086965 5049.892649606 4343.992584991 0.17993592584 -5.03856929579 5.80778905460
2024-01-07T05:26:00.000000 1035.603621595 4736.004972251 4681.999543193 0.09947790150 -5.42025008380 5.45472501537
2024-01-07T05:27:00.000000 1039.146750584 4399.972426757 4998.050649776 0.01858569672 -5.77644577507 5.07621799859
2024-01-07T05:28:00.000000 1037.832818661 4043.374239052 5290.672742384 -0.06236081944 -6.10550778689 4.67406669293
2024-01-07T05:29:00.000000 1031.669952110 3667.884550238 5558.503785847 -0.14298245057 -6.40592146861 4.25017518228
2024-01-07T05:30:00.000000 1020.688945790 3275.264258048 5800.298873542 -0.22290321346 -6.67631030333 3.80654182537
2024-01-07T05:31:00.000000 1004.942998914 2867.352611009 6014.935589787 -0.30175258909 -6.91543918520 3.34525025983
2024-01-07T05:32:00.000000 984.507338797 2446.058642014 6201.418902545 -0.37916701734 -7.12221861023 2.86846099207
2024-01-07T05:33:00.000000 959.478779771 2013.352251492 6358.885477453 -0.45479055386 -7.29570951494 2.37840206914
2024-01-07T05:34:00.000000 929.975254711 1571.255059954 6486.607428625 -0.52827533036 -7.43512770932 1.87735840119
2024-01-07T05:35:00.000000 896.135297598 1121.831016025 6583.995374938 -0.59928260882 -7.53984671547 1.36766034005
2024-01-07T05:36:00.000000 858.117455995 667.176904059 6650.600861820 -0.66748454515 -7.60939850866 0.85167292937
2024-01-07T05:37:00.000000 816.099569919 209.412835842 6686.118144260 -0.73256606937 -7.64347359289 0.33178706294
2024-01-07T05:38:00.000000 770.277961370 -249.327300506 6690.385511789 -0.79422647778 -7.64192267815 -0.18958870299
2024-01-07T05:39:00.000000 720.866524285 -706.905532203 6663.386024897 -0.85218091773 -7.60475944783 -0.71003867989
2024-01-07T05:40:00.000000 668.095732628 -1161.189625063 6605.247592006 -0.90616190050 -7.53216098566 -1.22715301368
2024-01-07T05:41:00.000000 612.211555388 -1610.062782646 6516.242248409 -0.95592059219 -7.42446448777 -1.73853917830
2024-01-07T05:42:00.000000 553.474309925 -2051.433182816 6396.784825213 -1.00122753930 -7.28216428865 -2.24182985597
2024-01-07T05:43:00.000000 492.157490913 -2483.243348067 6247.431282927 -1.04187314060 -7.10591174183 -2.73469091342
2024-01-07T05:44:00.000000 428.546555267 -2903.479610522 6068.876333528 -1.07766835289 -6.89651510396 -3.21483289911
2024-01-07T05:45:00.000000 362.937659608 -3310.181397750 5861.950408799 -1.10844577376 -6.65493532493 -3.68002355493
2024-01-07T05:46:00.000000 295.636325424 -3701.450242793 5627.615907941 -1.13406083844 -6.38228013855 -4.12809672836
2024-01-07T05:47:00.000000 226.956037477 -4075.458439552 5366.963061492 -1.15439278798 -6.07980084363 -4.55695954108
2024-01-07T05:48:00.000000 157.216799081 -4430.457638033 5081.205216414 -1.16934511537 -5.74889065417 -4.96460287489
2024-01-07T05:49:00.000000 86.743678046 -4764.787197451 4771.673425526 -1.17884554705 -5.39107871139 -5.34911435740
2024-01-07T05:50:00.000000 15.865345876 -5076.882066705 4439.810333790 -1.18284623039 -5.00802000812 -5.70868753168
2024-01-07T05:51:00.000000 -55.087408712 -5365.280048223 4087.163686091 -1.18132475157 -4.60148755647 -6.04162632821
2024-01-07T05:52:00.000000 -125.783251729 -5628.628785802 3715.379533266 -1.17428552571 -4.17336934980 -6.34635156538
2024-01-07T05:53:00.000000 -195.891931206 -5865.692556010 3326.194862201 -1.16176016521 -3.72566377012 -6.62141328797
2024-01-07T05:54:00.000000 -265.085886415 -6075.358584691 2921.429467905 -1.14380640136 -3.26046836373 -6.86550340263
2024-01-07T05:55:00.000000 -333.041768268 -6256.642566829 2502.977177819 -1.12050689329 -2.77996576853 -7.07746244001
2024-01-07T05:56:00.000000 -399.441934261 -6408.693423158 2072.796860100 -1.09196928018 -2.28641272685 -7.25628252736
2024-01-07T05:57:00.000000 -463.975968075 -6530.797492015 1632.903188937 -1.05832681000 -1.78213131647 -7.40111224738
2024-01-07T05:58:00.000000 -526.342207024 -6622.382110928 1185.357074348 -1.01973788969 -1.26949767950 -7.51126329654
2024-01-07T05:59:00.000000 -586.249209116 -6683.018480131 732.255701268 -0.97638443120 -0.75092838838 -7.58621465647
2024-01-07T06:00:00.000000 -643.417113349 -6712.423684595 275.722476988 -0.92847045590 -0.22886814354 -7.62561365008
2024-01-07T06:01:00.000000 -697.578954281 -6710.462083576 -182.103118150 -0.87622166309 0.29422075980 -7.62927735446
2024-01-07T06:02:00.000000 -748.481941489 -6677.145984399 -639.075770761 -0.81988492760 0.81587049545 -7.59719504216
2024-01-07T06:03:00.000000 -795.888705308 -6612.635606082 -1093.054727394 -0.75972682239 1.33362168042 -7.52952872946
2024-01-07T06:04:00.000000 -839.578409525 -6517.238134210 -1541.914074591 -0.69603176819 1.84503623139 -7.42661087781
2024-01-07T06:05:00.000000 -879.347790234 -6391.406144529 -1983.552903985 -0.62910081781 2.34770814300 -7.28894202633
2024-01-07T06:06:00.000000 -915.012116551 -6235.735298490 -2415.905333593 -0.55925075733 2.83927501210 -7.11718939098
2024-01-07T06:07:00.000000 -946.406108822 -6050.961392625 -2836.950466500 -0.48681253395 3.31743151630 -6.91218391389
2024-01-07T06:08:00.000000 -973.384705923 -5837.956482792 -3244.722015999 -0.41212890893 3.77994225119 -6.67491411867
2024-01-07T06:09:00.000000 -995.823711173 -5597.724407957 -3637.317557788 -0.33555216388 4.22465190815 -6.40651886984
2024-01-07T06:10:00.000000 -1013.620298162 -5331.395668579 -4012.907336981 -0.25744222457 4.64949424686 -6.10828099750
2024-01-07T06:11:00.000000 -1026.693426336 -5040.221865289 -4369.742740681 -0.17816486973 5.05250160755 -5.78162070326
2024-01-07T06:12:00.000000 -1034.984128765 -4725.569450436 -4706.164280279 -0.09808994002 5.43181395897 -5.42808743327
2024-01-07T06:13:00.000000 -1038.455716539 -4388.913074488 -5020.609101255 -0.01758987912 5.78568632214 -5.04935121471
2024-01-07T06:14:00.000000 -1037.093888466 -4031.828442600 -5311.617951349 0.06296150663 6.11249555872 -4.64719467787
2024-01-07T06:15:00.000000 -1030.906779973 -3655.984837818 -5577.841727753 0.14319071970 6.41074764424 -4.22350467400
2024-01-07T06:16:00.000000 -1019.924867420 -3263.137126735 -5818.047408155 0.22272680555 6.67908424872 -3.78026231617
2024-01-07T06:17:00.000000 -1004.200758401 -2855.117498056 -6031.123408346 0.30120335986 6.91628724983 -3.31953244476
2024-01-07T06:18:00.000000 -983.808873210 -2433.826921096 -6216.084290249 0.37825969870 7.12128202150 -2.84345412131
2024-01-07T06:19:00.000000 -958.845086178 -2001.226470128 -6372.074980519 0.45354169083 7.29314096647 -2.35423166526
2024-01-07T06:20:00.000000 -929.426288006 -1559.328364566 -6498.374378535 0.52670313244 7.43108699192 -1.85412527396
2024-01-07T06:21:00.000000 -895.689854704 -1110.186873385 -6594.398444383 0.59740775210 7.53449614557 -1.34544152209
2024-01-07T06:22:00.000000 -857.792990622 -655.889037721 -6659.702672227 0.66533117185 7.60290010374 -0.83052412024
2024-01-07T06:23:00.000000 -815.911968761 -198.545270439 -6693.984063622 0.73016233134 7.63598884658 -0.31174360783
2024-01-07T06:24:00.000000 -770.241301924 259.720203587 -6697.082347751 0.79160442366 7.63361172423 0.20851454928
2024-01-07T06:25:00.000000 -720.992865847 716.778850574 -6668.980558588 0.84937566493 7.59577557374 0.72786092802
2024-01-07T06:26:00.000000 -668.394968169 1170.507227831 -6609.804999288 0.90321019240 7.52264249664 1.24390960144
2024-01-07T06:27:00.000000 -612.691362947 1618.796270650 -6519.824892899 0.95285931641 7.41453064369 1.75428445318
2024-01-07T06:28:00.000000 -554.140171772 2059.560764556 -6399.451496266 0.99809301465 7.27191698893 2.25662883029
2024-01-07T06:29:00.000000 -493.012725706 2490.748882268 -6249.236549589 1.03870118668 7.09543718658 2.74861893020
2024-01-07T06:30:00.000000 -429.592345385 2910.351598168 -6069.869920945 1.07449426992 6.88588100350 3.22797598441
2024-01-07T06:31:00.000000 -364.173103835 3316.411752564 -5862.176644541 1.10530353135 6.64418715874 3.69247435261
2024-01-07T06:32:00.000000 -297.058557614 3707.032918910 -5627.113533282 1.13098175208 6.37144127788 4.13994831745
2024-01-07T06:33:00.000000 -228.560419489 4080.388205610 -5365.765311308 1.15140447262 6.06887511013 4.56830175591
2024-01-07T06:34:00.000000 -158.997156882 4434.728925021 -5079.340082600 1.16647120829 5.73786308423 4.97552027176
2024-01-07T06:35:00.000000 -88.692527709 4768.392984048 -4769.164076223 1.17610612360 5.37991583411 5.35968231352
2024-01-07T06:36:00.000000 -17.974093060 5079.812837304 -4436.675803756 1.18025834184 4.99667334993 5.71896808804
2024-01-07T06:37:00.000000 52.828291984 5367.523068254 -4083.419700934 1.17890235912 4.58989886964 6.05166809002
2024-01-07T06:38:00.000000 123.384016595 5630.167585446 -3711.039232118 1.17203855893 4.16147204931 6.35619243771
2024-01-07T06:39:00.000000 193.363275838 5866.506352553 -3321.269437508 1.15969346582 3.71338043650 6.63107987050
2024-01-07T06:40:00.000000 262.438640773 6075.421605234 -2915.928981699 1.14191967362 3.24771033900 6.87500536520
2024-01-07T06:41:00.000000 330.286617127 6255.923495046 -2496.911767515 1.11879577380 2.76663803018 7.08678719083
2024-01-07T06:42:00.000000 396.589207610 6407.155220093 -2066.178117688 1.09042640922 2.27242042780 7.26539434771
2024-01-07T06:43:00.000000 461.035470515 6528.397533047 -1625.745508880 1.05694209628 1.76738406445 7.40995381605
2024-01-07T06:44:00.000000 523.323056248 6619.072574148 -1177.678910525 1.01849846126 1.25391269193 7.51975633535
2024-01-07T06:45:00.000000 583.159676032 6678.746902604 -724.080829902 0.97527509730 0.73443472955 7.59426048312
2024-01-07T06:46:00.000000 640.264510273 6707.133817334 -267.081146458 0.92747457639 0.21141101636 7.63309574104
2024-01-07T06:47:00.000000 694.369565051 6704.094921957 191.173221758 0.87532176829 -0.31267759739 7.63606498688
2024-01-07T06:48:00.000000 745.220990643 6669.640965495 648.528774540 0.81906305950 -0.83534324314 7.60314621398
2024-01-07T06:49:00.000000 792.580334291 6603.931833811 1102.835963354 0.75896507282 -1.35410449581 7.53449306125
2024-01-07T06:50:00.000000 836.225706798 6507.275768617 1551.959705597 0.69531301754 -1.86649989715 7.43043380264
2024-01-07T06:51:00.000000 875.952848193 6380.127763711 1993.789791921 0.62840907116 -2.37010093355 7.29146878215
2024-01-07T06:52:00.000000 911.576101343 6223.087248509 2426.251110642 0.55857089257 -2.86252408675 7.11826686459
2024-01-07T06:53:00.000000 942.929292800 6036.895017356 2847.313642538 0.48612998493 -3.34144228823 6.91166165964
2024-01-07T06:54:00.000000 969.866506806 5822.429508729 3255.002226922 0.41142976885 -3.80459656932 6.67264736210
2024-01-07T06:55:00.000000 992.262741882 5580.702347721 3647.406031623 0.33482367710 -4.24980798097 6.40237326761
2024-01-07T06:56:00.000000 1010.014463562 5312.853227031 4022.687670540 0.25667360568 -4.67498881221 6.10213653244
2024-01-07T06:57:00.000000 1023.040070549 5020.144109260 4379.091811779 0.17734851418 -5.07815232403 5.77337400598
2024-01-07T06:58:00.000000 1031.280267528 4703.952919931 4714.953323275 0.09722261300 -5.45742131688 5.41765405166
2024-01-07T06:59:00.000000 1034.698309502 4365.766718541 5028.704904462 0.01667299396 -5.81103613214 5.03666822069
2024-01-07T07:00:00.000000 1033.280104658 4007.174449497 5318.884234602 -0.06392275120 -6.13736189157 4.63222228152
2024-01-07T07:01:00.000000 1027.034184421 3629.859243612 5584.140528262 -0.14418832182 -6.43489457006 4.20622707656
2024-01-07T07:02:00.000000 1015.991587230 3235.590411958 5823.240590442 -0.22375001655 -6.70226660286 3.76068995480
2024-01-07T07:03:00.000000 1000.205657986 2826.215060804 6035.074339098 -0.30223813662 -6.93825316978 3.29770621909
2024-01-07T07:04:00.000000 979.751764041 2403.649349082 6218.659817063 -0.37928881088 -7.14177888133 2.81944883364
2024-01-07T07:05:00.000000 954.726877599 1969.869335166 6373.147453095 -0.45454595158 -7.31192278146 2.32815587662
2024-01-07T07:06:00.000000 925.249061911 1526.901653339 6497.823591651 -0.52766286948 -7.44792011698 1.82611770682
2024-01-07T07:07:00.000000 891.456868678 1076.814137149 6592.113295643 -0.59830340082 -7.54916187496 1.31566656581
2024-01-07T07:08:00.000000 853.508684041 621.706505425 6655.582630675 -0.66614280973 -7.61519496703 0.79916896506
2024-01-07T07:09:00.000000 811.582008816 163.700914733 6687.940499986 -0.73086881334 -7.64572479865 0.27901837982
2024-01-07T07:10:00.000000 765.872675067 -295.067647032 6689.039985596 -0.79218291511 -7.64061879775 -0.24237466777
2024-01-07T07:11:00.000000 716.593971489 -752.461138407 6658.878999284 -0.84980196954 -7.59990795977 -0.76259505367
2024-01-07T07:12:00.000000 663.975676308 -1206.348261808 6597.600193217 -0.90345975265 -7.52378540719 -1.27923517266
2024-01-07T07:13:00.000000 608.262996559 -1654.614101257 6505.490213637 -0.95290843208 -7.41260379934 -1.78990468183
2024-01-07T07:14:00.000000 549.715424679 -2095.169647895 6382.978359004 -0.99791978953 -7.26687395298 -2.29223915041
2024-01-07T07:15:00.000000 488.605537916 -2525.961267360 6230.634813432 -1.03828601834 -7.08726387480 -2.78391000542
2024-01-07T07:16:00.000000 425.217761516 -2944.980059535 6049.168103173 -1.07381996084 -6.87459613573 -3.26263533579
2024-01-07T07:17:00.000000 359.847130709 -3350.271016973 5839.422049081 -1.10435524934 -6.62984397584 -3.72618925200
2024-01-07T07:18:00.000000 292.798013183 -3739.941977827 5602.372109174 -1.12974727321 -6.35412877989 -4.17240998167
2024-01-07T07:19:00.000000 224.382757202 -4112.172474381 5339.121314951 -1.14987515079 -6.04871852868 -4.59921021137
2024-01-07T07:20:00.000000 154.920203212 -4465.222412992 5050.895347658 -1.16464341924 -5.71502315619 -5.00459048508
2024-01-07T07:21:00.000000 84.734158310 -4797.440310762 4739.036927374 -1.17398198686 -5.35458485794 -5.38665091930
2024-01-07T07:22:00.000000 14.151895658 -5107.270954698 4404.999600204 -1.17784485468 -4.96906855469 -5.74359695029
2024-01-07T07:23:00.000000 -56.497250296 -5393.262570915 4050.341368191 -1.17620981483 -4.56025774635 -6.07374300848
2024-01-07T07:24:00.000000 -126.883373502 -5654.073940270 3676.717880135 -1.16908028265 -4.13005335694 -6.37552155662
2024-01-07T07:25:00.000000 -196.677598824 -5888.481264631 3285.874923581 -1.15648740664 -3.68046679400 -6.64749775083
2024-01-07T07:26:00.000000 -265.553753282 -6095.384395888 2879.640099398 -1.13848991054 -3.21360499214 -6.88838130686
2024-01-07T07:27:00.000000 -333.189960701 -6273.812058130 2459.913961679 -1.11517183408 -2.73165522573 -7.09703016300
2024-01-07T07:28:00.000000 -399.270098459 -6422.926402441 2028.661144963 -1.08664085025 -2.23687677276 -7.27245097000
2024-01-07T07:29:00.000000 -463.485224403 -6542.027191229 1587.901301719 -1.05302873850 -1.73159614416 -7.41380427133
2024-01-07T07:30:00.000000 -525.535050026 -6630.555550860 1139.699611957 -1.01449257860 -1.21819737520 -7.52041423472
2024-01-07T07:31:00.000000 -585.129477400 -6688.097003953 686.156677433 -0.97121441842 -0.69910596186 -7.59177587588
2024-01-07T07:32:00.000000 -641.990025436 -6714.383413048 229.398248297 -0.92339921251 -0.17677239545 -7.62755609222
2024-01-07T07:33:00.000000 -695.851146070 -6709.294117326 -228.435056068 -0.87127281327 0.34634000508 -7.62759212738
2024-01-07T07:34:00.000000 -746.461443999 -6672.856366641 -685.197961756 -0.81508111838 0.86776506162 -7.59189164748
2024-01-07T07:35:00.000000 -793.584873278 -6605.245216450 -1138.750793182 -0.75508971847 1.38504527017 -7.52063382548
2024-01-07T07:36:00.000000 -837.001891680 -6506.782568293 -1586.969764583 -0.69158296057 1.89574484620 -7.41416879632
2024-01-07T07:37:00.000000 -876.510539704 -6377.935513925 -2027.757167391 -0.62486225606 2.39746227728 -7.27301521734
2024-01-07T07:38:00.000000 -911.927404195 -6219.313889774 -2459.051394260 -0.55524407494 2.88784197886 -7.09785723677
2024-01-07T07:39:00.000000 -943.088460543 -6031.667228499 -2878.836763649 -0.48305785820 3.36458614894 -6.88954089214
2024-01-07T07:40:00.000000 -969.849787125 -5815.880876788 -3285.153091179 -0.40864394806 3.82546669912 -6.64906906553
2024-01-07T07:41:00.000000 -992.088164922 -5572.971509036 -3676.104912376 -0.33235180262 4.26833623244 -6.37759500348
2024-01-07T07:42:00.000000 -1009.701580954 -5304.081957558 -4049.870289300 -0.25453875408 4.69113772077 -6.07641535837
2024-01-07T07:43:00.000000 -1022.609676821 -5010.475565464 -4404.709214687 -0.17556897994 5.09191347953 -5.74696303574
2024-01-07T07:44:00.000000 -1030.754112383 -4693.529927708 -4738.971550430 -0.09581199607 5.46881365553 -5.39079961636
2024-01-07T07:45:00.000000 -1034.098823488 -4354.730206094 -5051.104517189 -0.01564039264 5.82010409729 -5.00960724964
2024-01-07T07:46:00.000000 -1032.630131102 -3995.661940865 -5339.659658978 0.06457267823 6.14417369264 -4.60518020937
2024-01-07T07:47:00.000000 -1026.356707946 -3618.003490090 -5603.299331391 0.14445555677 6.43954135743 -4.17941584010
2024-01-07T07:48:00.000000 -1015.309446035 -3223.518005975 -5840.802566662 0.22363947003 6.70486229147 -3.73430459722
2024-01-07T07:49:00.000000 -999.541249243 -2814.045121790 -6051.070359291 0.30175970213 6.93893279012 -3.27191948482
2024-01-07T07:50:00.000000 -979.126746352 -2391.492367355 -6233.130294423 0.37845694973 7.14069340605 -2.79440593061
2024-01-07T07:51:00.000000 -954.161927419 -1957.826466435 -6386.140642027 0.45337884591 7.30923125893 -2.30397288688
2024-01-07T07:52:00.000000 -924.763677713 -1515.064443931 -6509.393910701 0.52618141393 7.44378287151 -1.80288499508
2024-01-07T07:53:00.000000 -891.069235920 -1065.264550330 -6602.319961267 0.59653047289 7.54373826200 -1.29345415241
2024-01-07T07:54:00.000000 -853.235557056 -610.516930134 -6664.488502508 0.66410316863 7.60864506752 -0.77802870720
2024-01-07T07:55:00.000000 -811.438591080 -152.934081880 -6695.610946975 0.72858954677 7.63821020221 -0.25898088829
2024-01-07T07:56:00.000000 -765.872462442 305.358650349 -6695.541451822 0.78969386671 7.63229829829 0.26130451006
2024-01-07T07:57:00.000000 -716.748590463 762.232475717 -6664.277451280 0.84713558461 7.59092971410 0.78043796362
2024-01-07T07:58:00.000000 -664.294743129 1215.564513046 -6601.959700385 0.90065035713 7.51428131856 1.29603169439
2024-01-07T07:59:00.000000 -608.754036075 1663.247251766 -6508.871987586 0.94999130159 7.40268911155 1.80570895869
2024-01-07T08:00:00.000000 -550.383840075 2103.198137403 -6385.440039472 0.99493022542 7.25664857978 2.30711665582
2024-01-07T08:01:00.000000 -489.454636914 2533.369039323 -6232.229759240 1.03525845348 7.07681110618 2.79793750223
2024-01-07T08:02:00.000000 -426.248826451 2951.755486304 -6049.944767961 1.07078734696 6.86397947724 3.27589869813
2024-01-07T08:03:00.000000 -361.059514458 3356.405635603 -5839.423570002 1.10134897850 6.61910565892 3.73877901198
2024-01-07T08:04:00.000000 -294.189233003 3745.429236061 -5601.636166708 1.12679717882 6.34329029037 4.18441770675
2024-01-07T08:05:00.000000 -225.948601849 4117.006490260 -5337.680110608 1.14700873552 6.03778059722 4.61072596173
2024-01-07T08:06:00.000000 -156.654918836 4469.396709102 -5048.775828584 1.16188440792 5.70396546285 5.01569848655
2024-01-07T08:07:00.000000 -86.630699728 4800.946631201 -4736.261307041 1.17134956924 5.34336895070 5.39742364543
2024-01-07T08:08:00.000000 -16.202192295 5110.098327459 -4401.586192403 1.17535447542 4.95764378980 5.75409240681
2024-01-07T08:09:00.000000 54.302121161 5395.396736936 -4046.305383689 1.17387441796 4.54856502418 6.08400689338
2024-01-07T08:10:00.000000 124.553035821 5655.496804397 -3672.072098201 1.16691012248 4.11802341472 6.38558913436
2024-01-07T08:11:00.000000 194.222169392 5889.170201579 -3280.630403125 1.15448838728 3.66801786556 6.65739019870
2024-01-07T08:12:00.000000 262.983540187 6095.311563650 -2873.807211098 1.13666241250 3.20064618712 6.89809918167
2024-01-07T08:13:00.000000 330.515141420 6272.944093014 -2453.503747979 1.11351140361 2.71809453575 7.10655089165
2024-01-07T08:14:00.000000 396.500481470 6421.224544770 -2021.686624546 1.08513989428 2.22262681619 7.28173194904
2024-01-07T08:15:00.000000 460.630094300 6539.447579938 -1580.378556080 1.05167750711 1.71657444726 7.42278634970
2024-01-07T08:16:00.000000 522.603044791 6627.049511141 -1131.648764683 1.01327904757 1.20232534904 7.52902113285
2024-01-07T08:17:00.000000 582.128433650 6683.611307166 -677.603028941 0.97012404714 0.68231156383 7.59991116823
2024-01-07T08:18:00.000000 638.926842945 6708.860866960 -220.373519940 0.92241543426 0.15899665082 7.63510231472
2024-01-07T08:19:00.000000 692.731696416 6702.674539212 237.891539559 0.87037805786 -0.36513633513 7.63441387753
2024-01-07T08:20:00.000000 743.290538051 6665.077942832 695.038342128 0.81425774066 -0.88759761362 7.59784109449
2024-01-07T08:21:00.000000 790.366274213 6596.245912975 1148.918111315 0.75432049945 -1.40590528554 7.52555615017
2024-01-07T08:22:00.000000 833.738344853 6496.501592311 1597.397660998 0.69085116320 -1.91760005771 7.41790603284
2024-01-07T08:23:00.000000 873.203795829 6366.314681995 2038.369774351 0.62415142807 -2.42025754294 7.27540847110
2024-01-07T08:24:00.000000 908.578233474 6206.299049675 2469.763322579 0.55453801261 -2.91149868169 7.09874861154
2024-01-07T08:25:00.000000 939.696681115 6017.209662030 2889.553259154 0.48234119267 -3.38900105905 6.88877672391
2024-01-07T08:26:00.000000 966.414348570 5799.938807441 3295.770419459 0.40790328727 -3.85051199546 6.64650442933
2024-01-07T08:27:00.000000 988.607298839 5555.511515950 3686.511012146 0.33157681482 -4.29386136556 6.37309807826
2024-01-07T08:28:00.000000 1006.173005446 5285.080280017 4059.945668953 0.25372253643 -4.71697225384 6.06987040390
2024-01-07T08:29:00.000000 1019.030787536 4989.919187203 4414.327960303 0.17470763170 -5.11786970048 5.73827204203
2024-01-07T08:30:00.000000 1027.122143398 4671.417571492 4748.002428336 0.09490389914 -5.49468838220 5.37988337844
2024-01-07T08:31:00.000000 1030.410968222 4331.073210368 5059.412131153 0.01468583078 -5.84567976235 4.99640680072
2024-01-07T08:32:00.000000 1028.883662647 3970.485121702 5347.105751644 -0.06557125148 -6.16921935802 4.58965922209
2024-01-07T08:33:00.000000 1022.549131956 3591.345866873 5609.744218397 -0.14549269762 -6.46381464664 4.16156388723
2024-01-07T08:34:00.000000 1011.438709151 3195.433404910 5846.106798146 -0.22470579988 -6.72811278927 3.71414029349
2024-01-07T08:35:00.000000 995.605990507 2784.602518888 6055.096525005 -0.30284137276 -6.96090657650 3.24949271972
2024-01-07T08:36:00.000000 975.126567852 2360.775958339 6235.744957424 -0.37953601246 -7.16113827567 2.76979899134
2024-01-07T08:37:00.000000 950.097595845 1925.935379858 6387.216265181 -0.45443466022 -7.32790242227 2.27730009504
2024-01-07T08:38:00.000000 920.637231631 1482.112142768 6508.810720571 -0.52719254266 -7.46044805706 1.77429011067
2024-01-07T08:39:00.000000 886.883987168 1031.377984884 6599.967581999 -0.59747597724 -7.55818036052 1.26310643784
2024-01-07T08:40:00.000000 848.996058705 575.835614074 6660.267432003 -0.66496258524 -7.62066225534 0.74612065674
2024-01-07T08:41:00.000000 807.150630144 117.609171992 6689.433938425 -0.72934198855 -7.64761666568 0.22572923587
2024-01-07T08:42:00.000000 761.543110230 -341.165427264 6687.335041796 -0.79031738816 -7.63892849969 -0.29565710670
2024-01-07T08:43:00.000000 712.386261446 -798.350232644 6653.983464788 -0.84760744056 -7.59464489903 -0.81562479865
2024-01-07T08:44:00.000000 659.909224997 -1251.814963828 6589.536566547 -0.90094769332 -7.51497408925 -1.33176797148
2024-01-07T08:45:00.000000 604.356479701 -1699.446638091 6494.295590018 -0.95009152787 -7.40028420660 -1.84169816140
2024-01-07T08:46:00.000000 545.986742295 -2139.159119677 6368.704294520 -0.99481100192 -7.25110206975 -2.34305430519
2024-01-07T08:47:00.000000 485.071824159 -2568.902600733 6213.347056109 -1.03489792013 -7.06811088798 -2.83351266897
2024-01-07T08:48:00.000000 421.895399849 -2986.672881869 6028.946314479 -1.07016520384 -6.85214764523 -3.31079579798
2024-01-07T08:49:00.000000 356.751697943 -3390.520564341 5816.359548920 -1.10044833775 -6.60420147257 -3.77268190038
2024-01-07T08:50:00.000000 289.944118907 -3778.560082776 5576.575568255 -1.12560626099 -6.32541123367 -4.21701664360
2024-01-07T08:51:00.000000 221.783822089 -4148.978589443 5310.710129667 -1.14552118417 -6.01705961822 -4.64172525346
2024-01-07T08:52:00.000000 152.588355877 -4500.044294141 5020.000858150 -1.16009791656 -5.68056531800 -5.04482079923
2024-01-07T08:53:00.000000 82.680296425 -4830.114492734 4705.801842937 -1.16926423919 -5.31747831907 -5.42440957077
2024-01-07T08:54:00.000000 12.385818125 -5137.643350285 4369.577762654 -1.17297291882 -4.92947830258 -5.77869968699
2024-01-07T08:55:00.000000 -57.966879594 -5421.189636425 4012.897458618 -1.17120381468 -4.51836969341 -6.10601486597
2024-01-07T08:56:00.000000 -128.049210327 -5679.423823838 3637.426526096 -1.16396407033 -4.08606990874 -6.40480701062
2024-01-07T08:57:00.000000 -197.533795974 -5911.134488494 3244.919455387 -1.15128661451 -3.63459624752 -6.67366222722
2024-01-07T08:58:00.000000 -266.095984112 -6115.234020181 2837.211431126 -1.13322902306 -3.16605779611 -6.91130376313
2024-01-07T08:59:00.000000 -333.415310605 -6290.763980207 2416.210032744 -1.10987381203 -2.68264980102 -7.11659857910
2024-01-07T09:00:00.000000 -399.177035387 -6436.900005936 1983.886235356 -1.08132912322 -2.18664436027 -7.28856697798
2024-01-07T09:01:00.000000 -463.073668841 -6552.956029336 1542.265026247 -1.04772846380 -1.68037690073 -7.42638954529
2024-01-07T09:02:00.000000 -524.806473879 -6638.387691134 1093.415639450 -1.00922975049 -1.16623367189 -7.52941028497
2024-01-07T09:03:00.000000 -584.086893687 -6692.795062989 639.441720717 -0.96601450241 -0.64664101512 -7.59714007649
2024-01-07T09:04:00.000000 -640.637957758 -6715.924690414 182.471112404 -0.91828714495 -0.12405256626 -7.62926148405
2024-01-07T09:05:00.000000 -694.195616353 -6707.670763096 -275.354490137 -0.86627373894 0.39906630791 -7.62563039412
2024-01-07T09:06:00.000000 -744.509994356 -6668.075411091 -731.889900594 -0.81022036478 0.92025159278 -7.58627325422
2024-01-07T09:07:00.000000 -791.346546555 -6597.328336978 -1184.996543256 -0.75039189280 1.43704927900 -7.51138475639
2024-01-07T09:08:00.000000 -834.487165006 -6495.765970506 -1632.552620486 -0.68707115304 1.94702447850 -7.40132947753
2024-01-07T09:09:00.000000 -873.731220280 -6363.869913680 -2072.463350631 -0.62055768177 2.44777553588 -7.25664325849
2024-01-07T09:10:00.000000 -908.896511492 -6202.264479151 -2502.671152791 -0.55116588436 2.93694994404 -7.07802941391
2024-01-07T09:11:00.000000 -939.820103303 -6011.713325532 -2921.165495771 -0.47922332521 3.41225651394 -6.86635155461
2024-01-07T09:12:00.000000 -966.359076647 -5793.115525050 -3325.992323715 -0.40506942218 3.87147438247 -6.62262799974
2024-01-07T09:13:00.000000 -988.391195871 -5547.501042010 -3715.263229874 -0.32905386879 4.31246322563 -6.34802781259
2024-01-07T09:14:00.000000 -1005.815457276 -5276.025542271 -4087.164308453 -0.25153431480 4.73317527698 -6.04386443577
2024-01-07T09:15:00.000000 -1018.552494829 -4979.964522305 -4439.964575929 -0.17287396887 5.13166525530 -5.71158610594
2024-01-07T09:16:00.000000 -1026.544858034 -4660.706956500 -4772.023737118 -0.09343994937 5.50609678591 -5.35276654671
2024-01-07T09:17:00.000000 -1029.757213491 -4319.748592427 -5081.799512367 -0.01360216370 5.85474829663 -4.96909805851
2024-01-07T09:18:00.000000 -1028.176467186 -3958.684828269 -5367.854540827 0.06626818311 6.17602083328 -4.56238481269
2024-01-07T09:19:00.000000 -1021.811788447 -3579.203122256 -5628.862869744 0.14580074199 6.46844633537 -4.13453382150
2024-01-07T09:20:00.000000 -1010.694482868 -3183.074921397 -5863.615771318 0.22462822242 6.73069386434 -3.68754413555
2024-01-07T09:21:00.000000 -994.877760270 -2772.147313555 -6071.026957420 0.30238799830 6.96157357222 -3.22349629182
2024-01-07T09:22:00.000000 -974.436421084 -2348.334463984 -6250.137172937 0.37872309144 7.16003963913 -2.74454289653
2024-01-07T09:23:00.000000 -949.466497259 -1913.608904582 -6400.118276901 0.45328301843 7.32519326282 -2.25290007827
2024-01-07T09:24:00.000000 -920.084823356 -1469.992586767 -6520.276788151 0.52572504136 7.45628633850 -1.75083907533
2024-01-07T09:25:00.000000 -886.428520760 -1019.547723652 -6610.056915684 0.59571603193 7.55272564003 -1.24067650812
2024-01-07T09:26:00.000000 -848.654357631 -564.367399604 -6669.042930426 0.66293455979 7.61407572400 -0.72476273831
2024-01-07T09:27:00.000000 -806.937995112 -106.566079751 -6696.960856908 0.72707247255 7.64005891652 -0.20547024656
2024-01-07T09:28:00.000000 -761.473163888 351.729800789 -6693.679494823 0.78783572461 7.63055383142 0.31481526617
2024-01-07T09:29:00.000000 -712.470797245 808.391214981 -6659.211013368 0.84494509519 7.58559576004 0.83370173950
2024-01-07T09:30:00.000000 -660.158103996 1261.296017147 -6593.711070261 0.89813748614 7.50537931492 1.34879951985
2024-01-07T09:31:00.000000 -604.777557401 1708.338561896 -6497.478354091 0.94716753991 7.39025959384 1.85773377044
2024-01-07T09:32:00.000000 -546.585789835 2147.439253570 -6370.953260575 0.99180869666 7.24074919972 2.35815710495
2024-01-07T09:33:00.000000 -485.852454257 2576.553860286 -6214.715971594 1.03185353677 7.05751364071 2.84775862876
2024-01-07T09:34:00.000000 -422.859062429 2993.682609776 -6029.484054490 1.06711422343 6.84136910333 3.32427039381
2024-01-07T09:35:00.000000 -357.897785597 3396.879215557 -5816.109694051 1.09742370251 6.59328264929 3.78547553615
2024-01-07T09:36:00.000000 -291.270152922 3784.259932641 -5575.576262121 1.12263722100 6.31437129868 4.22921957816
2024-01-07T09:37:00.000000 -223.285683371 4154.012436269 -5308.994224334 1.14263333831 6.00589785517 4.65342256134
2024-01-07T09:38:00.000000 -154.260471234 4504.404393767 -5017.596338954 1.15731430723 5.66926482748 5.05608945598
2024-01-07T09:39:00.000000 -84.515760250 4833.791663590 -4702.732303941 1.16660638571 5.30600850674 5.43531897502
2024-01-07T09:40:00.000000 -14.376482870 5140.626160108 -4365.862859976 1.17046040738 4.91779360704 5.78931228453
2024-01-07T09:41:00.000000 55.830230709 5423.463395774 -4008.553378035 1.16885238591 4.50640749893 6.11638224535
2024-01-07T09:42:00.000000 125.776576656 5680.969629009 -3632.466861030 1.16178388885 4.07375330012 6.41496310845
2024-01-07T09:43:00.000000 195.135617093 5911.928570633 -3239.356377130 1.14928224114 3.62184132783 6.68361999200
2024-01-07T09:44:00.000000 263.582829761 6115.247522005 -2831.056952034 1.13140066080 3.15277907318 6.92105715424
2024-01-07T09:45:00.000000 330.797661849 6289.962890444 -2409.477014443 1.10821820377 2.66876089552 7.12612459736
2024-01-07T09:46:00.000000 396.465071115 6435.245102011 -1976.589468230 1.07983942864 2.17205843298 7.29782402135
2024-01-07T09:47:00.000000 460.277042872 6550.402961183 -1534.422402785 1.04639395920 1.66501082283 7.43531538206
2024-01-07T09:48:00.000000 521.934083302 6634.887364297 -1085.049399213 1.00803616726 1.15001294209 7.53792345481
2024-01-07T09:49:00.000000 581.146696834 6688.294230237 -630.579486101 0.96494486124 0.62950178234 7.60514236204
2024-01-07T09:50:00.000000 637.636833257 6710.366620986 -173.146906033 0.91732261788 0.10594318284 7.63663763644
2024-01-07T09:51:00.000000 691.139280924 6700.996116499 285.099207667 0.86539457548 -0.41817999170 7.63224760110
2024-01-07T09:52:00.000000 741.402975882 6660.223493525 742.005245781 0.80940688041 -0.94037974537 7.59198533916
2024-01-07T09:53:00.000000 788.192213584 6588.238622367 1195.423667810 0.74962513514 -1.45817651172 7.51603987442
2024-01-07T09:54:00.000000 831.287774078 6485.379535871 1643.223523101 0.68633302239 -1.96911337121 7.40477477002
2024-01-07T09:55:00.000000 870.487968904 6352.130676430 2083.300830064 0.61983106270 -2.47076883959 7.25872476141
2024-01-07T09:56:00.000000 905.609616134 6189.120434838 2513.588738719 0.55043532230 -2.96076818337 7.07859247584
2024-01-07T09:57:00.000000 936.488925031 5997.117989345 2932.067527581 0.47847585391 -3.43679517330 6.86524557358
2024-01-07T09:58:00.000000 962.982278961 5777.029414448 3336.774381563 0.40429470724 -3.89660500621 6.61971240801
2024-01-07T09:59:00.000000 984.966885465 5529.893012441 3725.812834821 0.32824358753 -4.33803677364 6.34317499791
2024-01-07T10:00:00.000000 1002.341287806 5256.873966939 4097.361744507 0.25068160371 -4.75902359128 6.03696041400
2024-01-07T10:01:00.000000 1015.025755214 4959.258450441 4449.683733848 0.17197363987 -5.15760062379 5.70253260382
2024-01-07T10:02:00.000000 1022.962596766 4638.447271439 4781.133186384 0.09248936305 -5.53191275391 5.34148521878
2024-01-07T10:03:00.000000 1026.116418576 4295.949040870 5090.163813030 0.01260213864 -5.88022306244 4.95553428508
2024-01-07T10:04:00.000000 1024.474296409 3933.372829056 5375.335750206 -0.06731293764 -6.20092146025 4.54650939656
2024-01-07T10:05:00.000000 1018.045793508 3552.420317652 5635.322059042 -0.14688176471 -6.49253192177 4.11634350825
2024-01-07T10:06:00.000000 1006.862825699 3154.877589427 5868.914618114 -0.22573371081 -6.75371776102 3.66706266033
2024-01-07T10:07:00.000000 990.979402347 2742.606637628 6075.029422591 -0.30350314505 -6.98328596874 3.20077652916
2024-01-07T10:08:00.000000 970.471296480 2317.536619313 6252.711332443 -0.37983040832 -7.18019186962 2.71966916164
2024-01-07T10:09:00.000000 945.435651538 1881.654797839 6401.138223641 -0.45436305910 -7.34354376194 2.22598861137
2024-01-07T10:10:00.000000 915.990499965 1436.997265508 6519.624489193 -0.52675752279 -7.47260607612 1.72203554388
2024-01-07T10:11:00.000000 882.274183955 985.639528278 6607.623864482 -0.59668061139 -7.56680068349 1.21015234592
2024-01-07T10:12:00.000000 844.444695964 529.687040188 6664.731642313 -0.66381065742 -7.62570776448 0.69271357749
2024-01-07T10:13:00.000000 802.678955314 71.265653223 6690.686323064 -0.72783866434 -7.64906738381 0.17211668410
2024-01-07T10:14:00.000000 757.172004691 -387.488017798 6685.370684218 -0.78846976759 -7.63678092919 -0.34922825943
2024-01-07T10:15:00.000000 708.136118302 -844.436286443 6648.812216223 -0.84542466058 -7.58891120244 -0.86890928738
2024-01-07T10:16:00.000000 655.799835679 -1297.450054174 6581.182936458 -0.89844060997 -7.50568140230 -1.38452250143
2024-01-07T10:17:00.000000 600.406943054 -1744.418402652 6482.798626052 -0.94727231621 -7.38747422869 -1.89368134854
2024-01-07T10:18:00.000000 542.215389684 -2183.258141749 6354.117476262 -0.99169310541 -7.23483131497 -2.39402643685
2024-01-07T10:19:00.000000 481.496134388 -2611.923326518 6195.738186568 -1.03149636777 -7.04845194788 -2.88323629497
2024-01-07T10:20:00.000000 418.531899428 -3028.414631574 6008.397316531 -1.06649664538 -6.82919044591 -3.35903830810
2024-01-07T10:21:00.000000 353.615887725 -3430.788553415 5792.966061961 -1.09653016481 -6.57805242472 -3.81921915762
2024-01-07T10:22:00.000000 287.050462749 -3817.166345484 5550.446380984 -1.12145531409 -6.29619026891 -4.26163447544
2024-01-07T10:23:00.000000 219.145802926 -4185.742695320 5281.966623772 -1.14115359627 -5.98489828337 -4.68421756882
2024-01-07T10:24:00.000000 150.218467620 -4534.794091361 4988.776594753 -1.15553090424 -5.64560842592 -5.08498769703
2024-01-07T10:25:00.000000 80.589907674 -4862.686985173 4672.242140386 -1.16451839502 -5.27988658472 -5.46205945837
2024-01-07T10:26:00.000000 10.584944385 -5167.885656535 4333.839082742 -1.16807250224 -4.88942745890 -5.81365403695
2024-01-07T10:27:00.000000 -59.469732670 -5448.959762554 3975.146502969 -1.16617443724 -4.47604635216 -6.13811037768
2024-01-07T10:28:00.000000 -129.247044746 -5704.591226146 3597.839384354 -1.15883006158 -4.04166903745 -6.43389372107
2024-01-07T10:29:00.000000 -198.421021082 -5933.580605608 3203.680857014 -1.14607057170 -3.58832255415 -6.69960184904
2024-01-07T10:30:00.000000 -266.668342990 -6134.852901467 2794.514026665 -1.12795343430 -3.11812727405 -6.93397173988
2024-01-07T10:31:00.000000 -333.669939966 -6307.462941754 2372.253431676 -1.10456252121 -2.63328780713 -7.13588741895
2024-01-07T10:32:00.000000 -399.112540312 -6450.600065440 1938.875966472 -1.07600714612 -2.13608179850 -7.30438681520
2024-01-07T10:33:00.000000 -462.690163770 -6563.592181011 1496.411521360 -1.04242087746 -1.62884844577 -7.43866643673
2024-01-07T10:34:00.000000 -524.105558077 -6645.909111578 1046.933317559 -1.00396102888 -1.11397799856 -7.53808554624
2024-01-07T10:35:00.000000 -583.071619726 -6697.165376410 592.548037955 -0.96080857132 -0.59390041810 -7.60217111356
2024-01-07T10:36:00.000000 -639.312800591 -6717.122132859 135.385595447 -0.91316752186 -0.07107184418 -7.63062180463
2024-01-07T10:37:00.000000 -692.566449831 -6705.688346326 -322.411191347 -0.86126353375 0.45203949418 -7.62330900572
2024-01-07T10:38:00.000000 -742.584068071 -6662.921107465 -778.696967037 -0.80534235854 0.97296558413 -7.58027608264
2024-01-07T10:39:00.000000 -789.132470836 -6589.025319964 -1231.334106081 -0.74566866215 1.48925011973 -7.50173798434
2024-01-07T10:40:00.000000 -831.994896045 -6484.352587540 -1678.203031364 -0.68252493777 1.99846114834 -7.38808078479
2024-01-07T10:41:00.000000 -870.972030969 -6349.399373201 -2117.212399190 -0.61621008624 2.49820441106 -7.23985906033
2024-01-07T10:42:00.000000 -905.882949840 -6184.804349828 -2546.309094851 -0.54703785451 2.98613514116 -7.05779151086
2024-01-07T10:43:00.000000 -936.565960744 -5991.345147339 -2963.487933007 -0.47533538011 3.45996856403 -6.84275673906
2024-01-07T10:44:00.000000 -962.879362733 -5769.934395024 -3366.801149152 -0.40144158384 3.91749109870 -6.59578924281
2024-01-07T10:45:00.000000 -984.702089644 -5521.615106559 -3754.367580804 -0.32570497345 4.35657226888 -6.31807341479
2024-01-07T10:46:00.000000 -1001.934212240 -5247.555361125 -4124.381425730 -0.24848117251 4.77517491695 -6.01093538416
2024-01-07T10:47:00.000000 -1014.497299723 -4949.042478613 -4475.120493152 -0.17013096989 5.17136301109 -5.67583488879
2024-01-07T10:48:00.000000 -1022.334694904 -4627.476718560 -4804.954011544 -0.09101920566 5.54330905399 -5.31435836706
2024-01-07T10:49:00.000000 -1025.411732458 -4284.364530609 -5112.350020331 -0.01151387571 5.88930237056 -4.92821162657
2024-01-07T10:50:00.000000 -1023.715883124 -3921.311294261 -5395.882260781 0.06801532930 6.20775706585 -4.51921091808
2024-01-07T10:51:00.000000 -1017.256800711 -3540.013638776 -5654.236530007 0.14719921733 6.49721848674 -4.08927328796
2024-01-07T10:52:00.000000 -1006.066211691 -3142.251392891 -5886.216428138 0.22567153057 6.75636877248 -3.64040703077
2024-01-07T10:53:00.000000 -990.197680018 -2729.879228550 -6090.748545872 0.30307092292 6.98403182185 -3.17470168988
2024-01-07T10:54:00.000000 -969.726269557 -2304.818033314 -6266.887019367 0.37904211920 7.17917685742 -2.69431780298
2024-01-07T10:55:00.000000 -944.748164226 -1869.046125976 -6413.817522014 0.45323663112 7.34092087919 -2.20147775197
2024-01-07T10:56:00.000000 -915.380226155 -1424.590292732 -6530.860717352 0.52531386142 7.46853187506 -1.69845757805
2024-01-07T10:57:00.000000 -881.759471510 -973.516604345 -6617.475209036 0.59494293225 7.56143288540 -1.18757732540
2024-01-07T10:58:00.000000 -844.042430663 -517.921043589 -6673.259829063 0.66180460435 7.61920422162 -0.67118940933
2024-01-07T10:59:00.000000 -802.404403743 -59.920057137 -6697.955260239 0.72559250778 7.64158287717 -0.15166811551
2024-01-07T11:00:00.000000 -757.038670290 398.358808333 -6691.445099576 0.78601387548 7.62846225734 0.36859806514
2024-01-07T11:01:00.000000 -708.155641403 854.786370161 -6653.756494550 0.84279064062 7.57989464091 0.88721442963
2024-01-07T11:02:00.000000 -655.981931835 1307.241388770 -6585.060159888 0.89566107282 7.49609342922 1.40179188788
2024-01-07T11:03:00.000000 -600.759332466 1753.620254296 -6485.669670365 0.94438113458 7.37743119071 1.90996005010
2024-01-07T11:04:00.000000 -542.743730213 2191.846348782 -6356.040004275 0.98872508593 7.22443492374 2.40937669962
2024-01-07T11:05:00.000000 -482.203996267 2619.879250074 -6196.765690174 1.02848600998 7.03778383678 2.89773382818
2024-01-07T11:06:00.000000 -419.420821660 3035.723861957 -6008.578489781 1.06347703087 6.81831045100 3.37276564452
2024-01-07T11:07:00.000000 -354.685471449 3437.439666527 -5792.344585614 1.09353284106 6.56700029687 3.83226077867
2024-01-07T11:08:00.000000 -288.298457290 3823.149743567 -5549.060867987 1.11851055527 6.28498716474 4.27407476523
2024-01-07T11:09:00.000000 -220.568189761 4191.049492165 -5279.850667194 1.13828982492 5.97354686395 4.69613915268
2024-01-07T11:10:00.000000 -151.809614212 4539.415008027 -4985.958927982 1.15277310936 5.63409310921 5.09646881361
2024-01-07T11:11:00.000000 -82.342827230 4866.611279786 -4668.747021043 1.16188665572 5.26817448576 5.47317107598
2024-01-07T11:12:00.000000 -12.491602833 5171.100136572 -4329.686805873 1.16558168330 4.87746950663 5.82445672429
2024-01-07T11:13:00.000000 57.418124265 5451.447836514 -3970.354133723 1.16383504987 4.46377906649 6.14865054855
2024-01-07T11:14:00.000000 127.059803952 5706.332144146 -3592.421708678 1.15664932942 4.02901802596 6.44420043794
2024-01-07T11:15:00.000000 196.107810153 5934.548925703 -3197.651466626 1.14405278444 3.57520655833 6.70968564282
2024-01-07T11:16:00.000000 264.238986557 6135.018188070 -2787.886457077 1.12609953094 3.10446096608 6.94382432808
2024-01-07T11:17:00.000000 331.134205526 6306.789570898 -2365.042303894 1.10286972075 2.61898435187 7.14548028223
2024-01-07T11:18:00.000000 396.479926107 6449.047262299 -1931.098260634 1.07446939371 2.12105739249 7.31366979114
2024-01-07T11:19:00.000000 459.969731573 6561.114368550 -1488.087840494 1.04102981907 1.61302783702 7.44756927271
2024-01-07T11:20:00.000000 521.305813187 6642.456554955 -1038.088994576 1.00270647204 1.09729737322 7.54652201147
2024-01-07T11:21:00.000000 580.200391841 6692.684842805 -583.213974409 0.95967805103 0.57630720985 7.61004172046
2024-01-07T11:22:00.000000 636.377089023 6711.557574217 -125.599064660 0.91214583097 0.05252509328 7.63781347460
2024-01-07T11:23:00.000000 689.572268801 6698.981672828 332.605713265 0.86033319362 -0.47156590096 7.62969455354
2024-01-07T11:24:00.000000 739.536345127 6655.013229606 789.246978975 0.80448489142 -0.99347888048 7.58571626154
2024-01-07T11:25:00.000000 786.035028114 6579.857335242 1242.178491543 0.74486582182 -1.51073625496 7.50608512963
2024-01-07T11:26:00.000000 828.850486846 6473.867108533 1689.271641130 0.68175945164 -2.02088350822 7.39118207335
2024-01-07T11:27:00.000000 867.782411994 6337.541914464 2128.425844794 0.61546606954 -2.52150234888 7.24155986826
2024-01-07T11:28:00.000000 902.648970755 6171.524823341 2557.578758086 0.54630092286 -3.01022325186 7.05793978682
2024-01-07T11:29:00.000000 933.287647144 5976.599300478 2974.716265612 0.47459237628 -3.48473778905 6.84120730850
2024-01-07T11:30:00.000000 959.555979232 5753.685184440 3377.882169045 0.40068029949 -3.94281048508 6.59240654637
2024-01-07T11:31:00.000000 981.332204827 5503.833971895 3765.187511313 0.32491458897 -4.38228982839 6.31273362681
2024-01-07T11:32:00.000000 998.515815940 5228.223486052 4134.819484983 0.24765340702 -4.80111842052 6.00352936248
2024-01-07T11:33:00.000000 1011.027986684 4928.151932888 4485.049874151 0.16926100332 -5.19734215715 5.66627134227
2024-01-07T11:34:00.000000 1018.811875074 4605.031462598 4814.243016461 0.09010560732 -5.56911822934 5.30256578824
2024-01-07T11:35:00.000000 1021.832811826 4260.381267707 5120.863282393 0.01055786766 -5.91472238482 4.91413969431
2024-01-07T11:36:00.000000 1020.078409125 3895.820266112 5403.482096148 -0.06901037849 -6.23255639222 4.50283297764
2024-01-07T11:37:00.000000 1013.558587769 3513.059286144 5660.784444488 -0.14822763567 -6.52115583207 4.07058961541
2024-01-07T11:38:00.000000 1002.305498930 3113.892826923 5891.574816665 -0.22672473363 -6.77919718838 3.61944723872
2024-01-07T11:39:00.000000 986.373324046 2700.190429319 6094.782486056 -0.30413681228 -7.00550325648 3.15152589855
2024-01-07T11:40:00.000000 965.837965089 2273.887785447 6269.466131000 -0.38010495239 -7.19904688525 2.66901702458
2024-01-07T11:41:00.000000 940.796644740 1836.977643524 6414.817792310 -0.45427764376 -7.35895365185 2.17417301004
2024-01-07T11:42:00.000000 911.367414157 1391.500582252 6530.166234751 -0.52631238360 -7.48450395756 1.66929736519
2024-01-07T11:43:00.000000 877.688563503 939.535660061 6614.979724034 -0.59587727967 -7.57513498982 1.15673518615
2024-01-07T11:44:00.000000 839.917945966 483.190955153 6668.868248450 -0.66265231854 -7.63044274090 0.63886343362
2024-01-07T11:45:00.000000 798.232235339 24.593975831 6691.585108754 -0.72633031294 -7.65018363076 0.11808067527
2024-01-07T11:46:00.000000 752.826126197 -434.117984423 6683.027905647 -0.78661794865 -7.63427509586 -0.40320333741
2024-01-07T11:47:00.000000 703.911460757 -890.807502828 6643.238910205 -0.84323719710 -7.58279529080 -0.92257755553
2024-01-07T11:48:00.000000 651.716266164 -1343.346656134 6572.404864600 -0.89592686712 -7.49598266460 -1.43763907908
2024-01-07T11:49:00.000000 596.483704310 -1789.626630415 6470.856194062 -0.94444380231 -7.37423566177 -1.94600304560
2024-01-07T11:50:00.000000 538.470965545 -2227.567293719 6339.065601153 -0.98856360154 -7.21811180503 -2.44531323250
2024-01-07T11:51:00.000000 477.948128579 -2655.126697407 6177.646051525 -1.02808124335 -7.02832569751 -2.93325264090
2024-01-07T11:52:00.000000 415.196967068 -3070.310411291 5987.348093089 -1.06281207486 -6.80574633846 -3.40755356264
2024-01-07T11:53:00.000000 350.509690075 -3471.180703763 5769.056611966 -1.09259313193 -6.55139407711 -3.86600756247
2024-01-07T11:54:00.000000 284.187604358 -3855.865505270 5523.786955186 -1.11728431355 -6.26643680360 -4.30647575925
2024-01-07T11:55:00.000000 216.539718262 -4222.567136739 5252.680478113 -1.13676900181 -5.95218504849 -4.72689890228
2024-01-07T11:56:00.000000 147.881328950 -4569.570687699 4956.999459831 -1.15095424109 -5.61008653298 -5.12530662930
2024-01-07T11:57:00.000000 78.532595988 -4895.252095787 4638.121518748 -1.15977097545 -5.24172084035 -5.49982626676
2024-01-07T11:58:00.000000 8.817089176 -5198.085884429 4297.533463390 -1.16317469909 -4.84879392079 -5.84869204524
2024-01-07T11:59:00.000000 -60.939709685 -5476.652576768 3936.824612971 -1.16114637498 -4.43313137425 -6.17025491037
2024-01-07T12:00:00.000000 -130.411959204 -5729.645603889 3557.679478349 -1.15369309018 -3.99666994166 -6.46299203582
2024-01-07T12:01:00.000000 -199.275027743 -5955.877695458 3161.869948232 -1.14084802930 -3.54144773639 -6.72551498731
2024-01-07T12:02:00.000000 -267.207044315 -6154.286655233 2751.247011366 -1.12266988276 -3.06959441786 -6.95657627867
2024-01-07T12:03:00.000000 -333.890408370 -6323.940591802 2327.732142280 -1.09924229993 -2.58332196528 -7.15507522503
2024-01-07T12:04:00.000000 -399.013285971 -6464.042566627 1893.308289161 -1.07067384689 -2.08491539307 -7.32006427244
2024-01-07T12:05:00.000000 -462.271109419 -6573.934670169 1450.010491586 -1.03709814396 -1.57672186879 -7.45075569524
2024-01-07T12:06:00.000000 -523.368067707 -6653.101357767 999.916119178 -0.99867343577 -1.06113787225 -7.54652705451
2024-01-07T12:07:00.000000 -582.018559018 -6701.172038846 545.134843057 -0.95558136950 -0.54059605692 -7.60692422393
2024-01-07T12:08:00.000000 -637.948544177 -6717.922857475 87.798494918 -0.90802562090 -0.01755337099 -7.63166299615
2024-01-07T12:09:00.000000 -690.896843669 -6703.277827730 -369.949186178 -0.85623101992 0.50552034041 -7.62063097391
2024-01-07T12:10:00.000000 -740.616384256 -6657.309202402 -825.962914869 -0.80044294642 1.02615529309 -7.57388937584
2024-01-07T12:11:00.000000 -786.875411989 -6580.237089060 -1278.106293629 -0.74092623976 1.54189609129 -7.49167264011
2024-01-07T12:12:00.000000 -829.458599758 -6472.428134664 -1724.262110163 -0.67796339118 2.05031494725 -7.37438537491
2024-01-07T12:13:00.000000 -868.168050648 -6334.393556402 -2162.342444511 -0.61185258216 2.54902270921 -7.22259881792
2024-01-07T12:14:00.000000 -902.824187045 -6166.786469991 -2590.298578205 -0.54290606989 3.03567956721 -7.03704811791
2024-01-07T12:15:00.000000 -933.266556742 -5970.398638935 -3006.130743080 -0.47144884192 3.50800702627 -6.81862885594
2024-01-07T12:16:00.000000 -959.354554469 -5746.156376892 -3407.897576334 -0.39781727663 3.96379965798 -6.56839129634
2024-01-07T12:17:00.000000 -980.968065248 -5495.115893645 -3793.725204733 -0.32235771606 4.40093500721 -6.28753370825
2024-01-07T12:18:00.000000 -998.008010227 -5218.457996345 -4161.815939091 -0.24542484687 4.81738286863 -5.97739653754
2024-01-07T12:19:00.000000 -1010.396796738 -4917.482315032 -4510.456635038 -0.16737964028 5.21121591617 -5.63945593378
2024-01-07T12:20:00.000000 -1018.078616983 -4593.600743100 -4838.026553867 -0.08858700130 5.58062003110 -5.27531426077
2024-01-07T12:21:00.000000 -1021.019625150 -4248.330462236 -5143.004600542 -0.00941375961 5.92390101746 -4.88668884434
2024-01-07T12:22:00.000000 -1019.208006246 -3883.286587136 -5423.975942197 0.06977260328 6.23948806989 -4.47540314309
2024-01-07T12:23:00.000000 -1012.653990742 -3500.174713370 -5679.638183018 0.14860511180 6.52593839153 -4.04338081594
2024-01-07T12:24:00.000000 -1001.389766196 -3100.782952445 -5908.807194306 0.22671911842 6.78194487007 -3.59263893181
2024-01-07T12:25:00.000000 -985.469270897 -2686.973582732 -6110.422413240 0.30375461534 7.00634367069 -3.12527735257
2024-01-07T12:26:00.000000 -964.967858997 -2260.674291777 -6283.551454017 0.37935801572 7.19811848470 -2.64346668141
2024-01-07T12:27:00.000000 -939.981881705 -1823.869277863 -6427.394018526 0.45318305939 7.35640263402 -2.14943787116
2024-01-07T12:28:00.000000 -910.628228157 -1378.590179897 -6541.285250995 0.52489161431 7.48048174211 -1.64547305485
2024-01-07T12:29:00.000000 -877.043796495 -926.906863143 -6624.698509398 0.59415510751 7.56979635599 -1.13389544957
2024-01-07T12:30:00.000000 -839.384870240 -470.918085217 -6677.247515906 0.66065626579 7.62394276040 -0.61705913116
2024-01-07T12:31:00.000000 -797.826393823 -12.742157903 -6698.687949643 0.72409042269 7.64267310864 -0.09734054740
2024-01-07T12:32:00.000000 -752.561193639 445.492458052 -6688.918550404 0.78416635022 7.62589738909 0.42286947656
2024-01-07T12:33:00.000000 -703.799142736 901.656712547 -6647.981681413 0.84060726565 7.57368611117 0.94117634117
2024-01-07T12:34:00.000000 -651.766250804 1353.630592071 -6576.063180423 0.89315231606 7.48627003634 1.45519430128
2024-01-07T12:35:00.000000 -596.703661544 1799.312667149 -6473.491487826 0.94155814934 7.36403670886 1.96255702810
2024-01-07T12:36:00.000000 -538.866563027 2236.629379230 -6340.736255226 0.98560012026 7.20752769825 2.46092494296
2024-01-07T12:37:00.000000 -478.523041132 2663.544290283 -6178.406526599 1.02507307178 7.01743860771 2.94799283203
2024-01-07T12:38:00.000000 -415.952891049 3078.067301977 -5987.248358449 1.05979188282 6.79461897815 3.42150048661
2024-01-07T12:39:00.000000 -351.446402843 3478.263865919 -5768.141791449 1.08959201544 6.54006934678 3.87924408570
2024-01-07T12:40:00.000000 -285.303099889 3862.263871377 -5522.097158891 1.11433037818 6.25493696665 4.31908556032
2024-01-07T12:41:00.000000 -217.830415235 4228.270378409 -5250.250897727 1.13388663751 5.94051287452 4.73896136508
2024-01-07T12:42:00.000000 -149.342286242 4574.568129061 -4953.860733606 1.14816457921 5.59822884274 5.13689357135
2024-01-07T12:43:00.000000 -80.157676392 4899.531876890 -4634.300212841 1.15709283391 5.22965109931 5.51100202032
2024-01-07T12:44:00.000000 -10.599088058 5201.634142786 -4293.052499460 1.16062481539 4.83647151663 5.85951372033
2024-01-07T12:45:00.000000 59.008920310 5479.452551875 -3931.703772655 1.15873856363 4.42050019154 6.18076921419
2024-01-07T12:46:00.000000 128.341218335 5731.676727656 -3551.936181941 1.15143710304 3.98366035872 6.47322979062
2024-01-07T12:47:00.000000 197.073625085 5957.114959001 -3155.520347725 1.13874913941 3.52798212571 6.73548747889
2024-01-07T12:48:00.000000 264.884462981 6154.700295426 -2744.307181515 1.12072943441 3.05559248400 6.96627514601
2024-01-07T12:49:00.000000 331.456118000 6323.496023529 -2320.219213974 1.09745861412 2.56870354087 7.16447381620
2024-01-07T12:50:00.000000 396.476577936 6462.700424173 -1885.241520773 1.06904268779 2.06960182381 7.32911804811
2024-01-07T12:51:00.000000 459.640939473 6571.650967520 -1441.412371333 1.03561252101 1.56063824486 7.45940155574
2024-01-07T12:52:00.000000 520.652882832 6649.827828260 -990.813487150 0.99732327247 1.04421688842 7.55468298537
2024-01-07T12:53:00.000000 579.226112107 6696.856717620 -535.560010181 0.95435377781 0.52278255200 7.61449033518
2024-01-07T12:54:00.000000 635.085754001 6712.510926427 -77.790236526 0.90690589395 -0.00119185814 7.63852412092
2024-01-07T12:55:00.000000 687.969717092 6696.712648892 380.344810387 0.85520359866 -0.52521844205 7.62666008407
2024-01-07T12:56:00.000000 737.629978719 6649.533444788 836.691949706 0.79949159607 -1.04680875710 7.57895062244
2024-01-07T12:57:00.000000 783.833778038 6571.193832610 1289.106413996 0.74003364691 -1.56348827985 7.49562334986
2024-01-07T12:58:00.000000 826.364716286 6462.062064879 1735.462271057 0.67711124245 -2.07280854634 7.37707779742
2024-01-07T12:59:00.000000 865.023794671 6322.652263844 2173.662650255 0.61102274917 -2.57235751145 7.22388286559
2024-01-07T13:00:00.000000 899.630398522 6153.621909144 2601.649856029 0.54208233811 -3.05977109955 7.03677541602
2024-01-07T13:01:00.000000 930.023189504 5955.768537946 3017.415378112 0.47061801298 -3.53274691528 6.81665714612
2024-01-07T13:02:00.000000 956.060861064 5730.025644816 3419.009596719 0.39696905833 -3.98905738664 6.56458810609
2024-01-07T13:03:00.000000 977.622746142 5477.457870895 3804.551050514 0.32148384341 -4.42655998610 6.28177885049
2024-01-07T13:04:00.000000 994.609313130 5199.255648876 4172.235250475 0.24451837576 -4.84320583348 5.96958375097
2024-01-07T13:05:00.000000 1006.942590908 4896.729296269 4520.343136637 0.16643504905 -5.23704920097 5.62949476921
2024-01-07T13:06:00.000000 1014.566502423 4571.302527328 4847.249096564 0.08760097396 -5.60625751594 5.26313342257
2024-01-07T13:07:00.000000 1017.447088807 4224.505402008 5151.428454024 0.00838598019 -5.94911970415 4.87224110408
2024-01-07T13:08:00.000000 1015.572615654 3857.966836777 5431.464379583 -0.07083924331 -6.26405267205 4.45866978320
2024-01-07T13:09:00.000000 1008.953575736 3473.406731220 5686.054264035 -0.14970474139 -6.54960786787 4.02437331218
2024-01-07T13:10:00.000000 997.622597159 3072.627688223 5914.015537054 -0.22784287256 -6.80447816055 3.57139741975
2024-01-07T13:11:00.000000 981.634253821 2657.506361247 6114.290838809 -0.30489005889 -7.02750295632 3.10186807739
2024-01-07T13:12:00.000000 961.064766552 2229.984577008 6285.952500815 -0.38048866925 -7.21767062036 2.61798061847
2024-01-07T13:13:00.000000 936.011587232 1792.060345666 6428.206437523 -0.45428891621 -7.37412047791 2.12199107955
2024-01-07T13:14:00.000000 906.592876120 1345.778703182 6540.395529770 -0.52595055248 -7.49614642747 1.61620774028
2024-01-07T13:15:00.000000 872.946890980 893.222311882 6622.002467916 -0.59514406368 -7.58320085788 1.10298052409
2024-01-07T13:16:00.000000 835.231321207 436.501886758 6672.651893808 -0.66155133044 -7.63489628985 0.58468919617
2024-01-07T13:17:00.000000 793.622585298 -22.253403044 6692.111870790 -0.72486635168 -7.65100504969 0.06373312167
2024-01-07T13:18:00.000000 748.315062728 -480.905524604 6680.294785706 -0.78479671975 -7.63145946373 -0.45747729110
2024-01-07T13:19:00.000000 699.520218221 -937.317216547 6637.257758902 -0.84106569468 -7.57635314679 -0.97652993090
2024-01-07T13:20:00.000000 647.465606571 -1389.361685672 6563.202417280 -0.89341391850 -7.48594133484 -1.49102211080
2024-01-07T13:21:00.000000 592.393800799 -1834.932264602 6458.473982416 -0.94160016828 -7.36063924693 -1.99857156930
2024-01-07T13:22:00.000000 534.561293835 -2271.951947297 6323.559756159 -0.98540168456 -7.20101998853 -2.49682595495
2024-01-07T13:23:00.000000 474.237376426 -2698.382812296 6159.087063397 -1.02461495900 -7.00781331674 -2.98347211926
2024-01-07T13:24:00.000000 411.702937592 -3112.235392717 5965.820571964 -1.05905701645 -6.78190406568 -3.45624683451
2024-01-07T13:25:00.000000 347.249200876 -3511.577877280 5744.658961789 -1.08856650497 -6.52432853872 -3.91294807171
2024-01-07T13:26:00.000000 281.176405554 -3894.545051736 5496.630942850 -1.11300432576 -6.23626946090 -4.35144498477
2024-01-07T13:27:00.000000 213.792455329 -4259.346937124 5222.890726177 -1.13225425993 -5.91905122597 -4.76968666697
2024-01-07T13:28:00.000000 145.411516102 -4604.277162340 4924.712950371 -1.14622393684 -5.57413556927 -5.16571127568
2024-01-07T13:29:00.000000 76.352556278 -4927.721051911 4603.487046032 -1.15484577666 -5.20311633032 -5.53765591629
2024-01-07T13:30:00.000000 6.937843152 -5228.163358611 4260.711003333 -1.15807744559 -4.80771287272 -5.88376632746
2024-01-07T13:31:00.000000 -62.508575878 -5504.195589043 3897.984586975 -1.15590190393 -4.38976281793 -6.20240589181
2024-01-07T13:32:00.000000 -131.662389675 -5754.522857619 3517.002006428 -1.14832742498 -3.95121417784 -6.49206445710
2024-01-07T13:33:00.000000 -200.200543899 -5977.970246623 3119.544071598 -1.13538762669 -3.49411628663 -6.75136683821
2024-01-07T13:34:00.000000 -267.802758654 -6173.488584713 2707.469864879 -1.11714135255 -3.02060974714 -6.97908022290
2024-01-07T13:35:00.000000 -334.153037214 -6340.159629218 2282.708010396 -1.09367247961 -2.53291634099 -7.17412046508
2024-01-07T13:36:00.000000 -398.941165008 -6477.200624183 1847.247567649 -1.06508987869 -2.03332884526 -7.33555813120
2024-01-07T13:37:00.000000 -461.864208640 -6583.968228841 1403.128575675 -1.03152736221 -1.52419969570 -7.46262423086
2024-01-07T13:38:00.000000 -522.627999142 -6659.961723462 952.432287537 -0.99314315700 -1.00792851311 -7.55471453663
2024-01-07T13:39:00.000000 -580.948568777 -6704.825483477 497.271196979 -0.95011877807 -0.48694992700 -7.61139224316
2024-01-07T13:40:00.000000 -636.553505578 -6718.350725199 39.778927433 -0.90265774894 0.03627773678 -7.63239023118
2024-01-07T13:41:00.000000 -689.183243034 -6700.476583436 -417.900022004 -0.85098458416 0.55928421375 -7.61761350071
2024-01-07T13:42:00.000000 -738.592293333 -6651.290432969 -873.620653044 -0.79534394180 1.07960051588 -7.56714055635
2024-01-07T13:43:00.000000 -784.550429290 -6571.027420008 -1325.247872538 -0.73599957571 1.59477262859 -7.48122254889
2024-01-07T13:44:00.000000 -826.843785940 -6460.069153586 -1770.666773656 -0.67323291786 2.10237425794 -7.36028085418
2024-01-07T13:45:00.000000 -865.275872971 -6318.941690554 -2207.792769878 -0.60734139359 2.60001873925 -7.20490429887
2024-01-07T13:46:00.000000 -899.668480024 -6148.312793616 -2634.581545487 -0.53863663035 3.08537089332 -7.01584587649
2024-01-07T13:47:00.000000 -929.862478298 -5948.988517506 -3049.038784744 -0.46744274168 3.55615859564 -6.79401816961
2024-01-07T13:48:00.000000 -955.718522323 -5721.909075820 -3449.229574230 -0.39409484225 4.01018339512 -6.54048782969
2024-01-07T13:49:00.000000 -977.117669660 -5468.144126039 -3833.287480326 -0.31893767798 4.44533075287 -6.25646988434
2024-01-07T13:50:00.000000 -993.961909185 -5188.887403429 -4199.423258980 -0.24232398127 4.85958073318 -5.94332132996
2024-01-07T13:51:00.000000 -1006.174585177 -4885.450756661 -4545.933155224 -0.16461233385 5.25101836025 -5.60253280362
2024-01-07T13:52:00.000000 -1013.700672750 -4559.257563141 -4871.206609321 -0.08616492315 5.61784177992 -5.23571878601
2024-01-07T13:53:00.000000 -1016.506942427 -4211.835773279 -5173.733412146 -0.00734583066 5.95836805080 -4.84460834449
2024-01-07T13:54:00.000000 -1014.582037315 -3844.810602639 -5452.110333995 0.07148002342 6.27103842432 -4.43103738542
2024-01-07T13:55:00.000000 -1007.936500405 -3459.896933564 -5705.047330836 0.14994786521 6.55442461988 -3.99694119539
2024-01-07T13:56:00.000000 -996.602718500 -3058.891250125 -5931.373240010 0.22769458067 6.80723547834 -3.54434583731
2024-01-07T13:57:00.000000 -980.634765766 -2643.663248692 -6130.040942532 0.30436074002 7.02832272522 -3.07535826175
2024-01-07T13:58:00.000000 -960.108119488 -2216.147115507 -6300.131895531 0.37959266068 7.21668538848 -2.59215588469
2024-01-07T13:59:00.000000 -935.119259821 -1778.332601093 -6440.860063259 0.45304421664 7.37147310446 -2.09697601757
2024-01-07T14:00:00.000000 -905.785166852 -1332.255894453 -6551.575176701 0.52437846094 7.49198837071 -1.59210544130
2024-01-07T14:01:00.000000 -872.242724551 -879.990416646 -6631.765414331 0.59326910287 7.57768789363 -1.07987063036
2024-01-07T14:02:00.000000 -834.648045802 -423.637524912 -6681.059497731 0.65940159107 7.62818378803 -0.56262879675
2024-01-07T14:03:00.000000 -793.175750206 34.682844260 -6699.228298310 0.72247366623 7.64324523404 -0.04275893926
2024-01-07T14:04:00.000000 -748.018213250 492.841666368 -6686.185828161 0.78219582824 7.62280015719 0.47734797466
2024-01-07T14:05:00.000000 -699.384771959 948.710373192 -6641.989654837 0.83829246544 7.56693586304 0.99529964988
2024-01-07T14:06:00.000000 -647.500836007 1400.170397613 -6566.840651062 0.89050376701 7.47589818525 1.50871291721
2024-01-07T14:07:00.000000 -592.606880969 1845.122637091 -6461.082179032 0.93858763175 7.35008979086 2.01522325234
2024-01-07T14:08:00.000000 -534.957347647 2281.496814796 -6325.198684537 0.98232075126 7.19006866861 2.51249357762
2024-01-07T14:09:00.000000 -474.819501288 2707.260767856 -6159.813796968 1.02149905764 6.99654707793 2.99822324219
2024-01-07T14:10:00.000000 -412.472254869 3120.429660140 -5965.687835120 1.05593837275 6.77039030057 3.47015784662
2024-01-07T14:11:00.000000 -348.204952639 3519.075119365 -5743.714752542 1.08547557808 6.51261430711 3.92609966027
2024-01-07T14:12:00.000000 -282.316061537 3901.334160487 -5494.918398743 1.10996972952 6.22438228472 4.36391784656
2024-01-07T14:13:00.000000 -215.111826964 4265.417912792 -5220.448227151 1.12930259519 5.90700074836 4.78155828874
2024-01-07T14:14:00.000000 -146.904895953 4609.620085646 -4921.574371590 1.14337897321 5.56191542955 5.17705364668
2024-01-07T14:15:00.000000 -78.012923835 4932.325195220 -4599.682158639 1.15212746609 5.19070599776 5.54853398719
2024-01-07T14:16:00.000000 -8.757103506 5232.016372311 -4256.265913961 1.15550163939 4.79507890147 5.89423710626
2024-01-07T14:17:00.000000 60.539354465 5507.282734444 -3892.922247158 1.15348075410 4.37685894219 6.21251740122
2024-01-07T14:18:00.000000 129.552764267 5756.826220447 -3511.342801119 1.14606956594 3.93798110860 6.50185337940
2024-01-07T14:19:00.000000 197.960472456 5979.467996359 -3113.306622702 1.13329769830 3.48048297635 6.76085483606
2024-01-07T14:20:00.000000 265.442344424 6174.154361418 -2700.672036376 1.11521952054 3.00649699674 6.98827037992
2024-01-07T14:21:00.000000 331.682267294 6339.962202825 -2275.368093341 1.09191480236 2.51824176654 7.18299528834
2024-01-07T14:22:00.000000 396.369691310 6476.103835287 -1839.385526564 1.06348945770 2.01801166151 7.34407937166
2024-01-07T14:23:00.000000 459.201210322 6581.931225923 -1394.767269396 1.03007536796 1.50816453738 7.47073394680
2024-01-07T14:24:00.000000 519.882073633 6656.939369735 -943.598602916 0.99182893217 0.99110827138 7.56233657966
2024-01-07T14:25:00.000000 578.127601017 6700.768927889 -487.997110455 0.94892915060 0.46928821681 7.61843342436
2024-01-07T14:26:00.000000 633.664499719 6713.208114843 -30.102489772 0.90157648949 -0.05482346997 7.63874124617
2024-01-07T14:27:00.000000 686.232145656 6694.194034275 427.933756413 0.84999283982 -0.57873879233 7.62315078884
2024-01-07T14:28:00.000000 735.583875147 6643.813196411 883.958881751 0.79442159703 -1.09996767443 7.57173003233
2024-01-07T14:29:00.000000 781.488250955 6562.301190285 1335.829543135 0.73512666364 -1.61603373875 7.48472427628
2024-01-07T14:30:00.000000 823.730235958 6450.041399175 1781.422367570 0.67239034481 -2.12448865999 7.36255290716
2024-01-07T14:31:00.000000 862.112224294 6307.562973199 2218.644259208 0.60651109818 -2.62292410708 7.20580541641
2024-01-07T14:32:00.000000 896.454959734 6135.538072986 2645.442512226 0.53780189665 -3.10898327764 7.01523803471
2024-01-07T14:33:00.000000 926.598368810 5934.778416647 3059.814692027 0.46658892107 -3.58037317626 6.79176929702
2024-01-07T14:34:00.000000 952.402305022 5706.231091812 3459.818192997 0.39320999072 -4.03487596801 6.53647382334
2024-01-07T14:35:00.000000 973.747193751 5450.973765945 3843.579406999 0.31801263276 -4.47035857632 6.25057596070
2024-01-07T14:36:00.000000 990.534554249 5170.209310153 4209.302538411 0.24135216606 -4.88478227162 5.93544417700
2024-01-07T14:37:00.000000 1002.687418056 4865.259824610 4555.278058300 0.16359005650 -5.27621326014 5.59258416163
2024-01-07T14:38:00.000000 1010.150648714 4537.560041598 4879.890666556 0.08509240326 -5.64283219612 5.22362952671
2024-01-07T14:39:00.000000 1012.891174409 4188.650243863 5181.626673761 0.00622818683 -5.98294123060 4.83033217594
2024-01-07T14:40:00.000000 1010.898093847 3820.168778644 5459.080844494 -0.07263294106 -6.29497057440 4.41455404399
2024-01-07T14:41:00.000000 1004.182645182 3433.844143552 5710.962743228 -0.15112300997 -6.57748623408 3.97825810250
2024-01-07T14:42:00.000000 992.778046854 3031.486635048 5936.102458797 -0.22887752177 -6.82919648111 3.52349685063
2024-01-07T14:43:00.000000 976.739258183 2614.979704716 6133.455625485 -0.30553642292 -7.04895468870 3.05240094992
2024-01-07T14:44:00.000000 956.142688048 2186.271210834 6302.107851938 -0.38074496658 -7.23576111700 2.56717117282
2024-01-07T14:45:00.000000 931.085831670 1747.364471324 6441.278729703 -0.45415532759 -7.38876768805 2.07007125504
2024-01-07T14:46:00.000000 901.686794679 1300.308996477 6550.325288808 -0.52542873538 -7.50728411405 1.56341685510
2024-01-07T14:47:00.000000 868.083693313 847.190889711 6628.744718780 -0.59423703773 -7.59078031756 1.04956172868
2024-01-07T14:48:00.000000 830.433997202 390.123299633 6676.176280498 -0.66026338962 -7.63888477156 0.53088662134
2024-01-07T14:49:00.000000 788.913829115 -68.763073306 6692.402724565 -0.72320307632 -7.65138399498 0.00979232078
2024-01-07T14:50:00.000000 743.717187563 -527.329517786 6677.351240406 -0.78276531525 -7.62822539930 -0.51130820234
2024-01-07T14:51:00.000000 695.055047034 -983.439073022 6631.093888540 -0.83867531040 -7.56951970691 -1.03000164734
2024-01-07T14:52:00.000000 643.154359349 -1434.966283723 6553.847220774 -0.89067544516 -7.47553935018 -1.54388696904
2024-01-07T14:53:00.000000 588.257005667 -1879.806818087 6445.971227278 -0.93852566261 -7.34671553655 -2.05058487243
2024-01-07T14:54:00.000000 530.618728092 -2315.886953457 6307.967799403 -0.98200411721 -7.18363726418 -2.54774590025
2024-01-07T14:55:00.000000 470.508004359 -2741.173031108 6140.478673561 -1.02090858094 -6.98705114553 -3.03306065952
2024-01-07T14:56:00.000000 408.204814924 -3153.680868042 5944.282636696 -1.05505795556 -6.75785887547 -3.50427169336
2024-01-07T14:57:00.000000 343.999346666 -3551.484915695 5720.292092295 -1.08429327025 -6.49711246606 -3.95918428072
2024-01-07T14:58:00.000000 278.190645435 -3932.727137483 5469.549001937 -1.10847820649 -6.20600947107 -4.39567562836
2024-01-07T14:59:00.000000 211.085251271 -4295.625605032 5193.220332169 -1.12749941665 -5.88588867570 -4.81170399702
2024-01-07T15:00:00.000000 142.995809116 -4638.482839941 4892.592874271 -1.14126671768 -5.53822532850 -5.20531805974
2024-01-07T15:01:00.000000 74.239674727 -4959.693840905 4569.067562382 -1.14971336288 -5.16462585443 -5.57466608565
2024-01-07T15:02:00.000000 5.137487967 -5257.753779266 4224.153196176 -1.15279673186 -4.76682216204 -5.91800550866
2024-01-07T15:03:00.000000 -63.988300659 -5531.265341066 3859.459619945 -1.15049932260 -4.34666426771 -6.23371308702
2024-01-07T15:04:00.000000 -132.814963853 -5778.945513369 3476.690250022 -1.14282942667 -3.90611077626 -6.52029391178
2024-01-07T15:05:00.000000 -201.021047111 -5999.631815351 3077.634179321 -1.12982116118 -3.44721919829 -6.77638825681
2024-01-07T15:06:00.000000 -268.287910954 -6192.287959837 2664.157849285 -1.11153412288 -2.97213744957 -7.00077812857
2024-01-07T15:07:00.000000 -334.301242633 -6356.009034680 2238.196363052 -1.08805291996 -2.48309442317 -7.19239501587
2024-01-07T15:08:00.000000 -398.752542080 -6490.025983898 1801.744258688 -1.05948653688 -1.98238794903 -7.35032658334
2024-01-07T15:09:00.000000 -461.340561353 -6593.709381220 1356.846050107 -1.02596765933 -1.47237255051 -7.47381999116
2024-01-07T15:10:00.000000 -521.772717817 -6666.572523203 905.586555864 -0.98765239847 -0.95545008751 -7.56228423616
2024-01-07T15:11:00.000000 -579.766496993 -6708.274035929 450.081114887 -0.94472027643 -0.43406079267 -7.61529534540
2024-01-07T15:12:00.000000 -635.050846540 -6718.619786417 -7.534697210 -0.89737361953 0.08932987721 -7.63260286877
2024-01-07T15:13:00.000000 -687.367497556 -6697.563904326 -465.115545080 -0.84583597450 0.61224802348 -7.61413212206
2024-01-07T15:14:00.000000 -736.472193974 -6645.208840909 -920.516835210 -0.79035050547 1.13222579091 -7.55998123903
2024-01-07T15:15:00.000000 -782.135832511 -6561.804669011 -1371.604937025 -0.73117933582 1.64681149119 -7.47041803408
2024-01-07T15:16:00.000000 -824.145605454 -6447.747839478 -1816.267390463 -0.66860330870 2.15357966958 -7.34588008861
2024-01-07T15:17:00.000000 -862.306087089 -6303.579204855 -2252.423088423 -0.60292065709 2.65014483695 -7.18697464183
2024-01-07T15:18:00.000000 -896.440201432 -6129.981175272 -2678.032346065 -0.53444425451 3.13417639517 -6.99447437426
2024-01-07T15:19:00.000000 -926.390008861 -5927.774038130 -3091.106633636 -0.46349874308 3.60341046227 -6.76931026250
2024-01-07T15:20:00.000000 -952.017354205 -5697.911689158 -3489.717858731 -0.39041871656 4.05565887592 -6.51256511254
2024-01-07T15:21:00.000000 -973.204430170 -5441.476817482 -3872.007321117 -0.31554766870 4.48881829709 -6.22546821087
2024-01-07T15:22:00.000000 -989.854272970 -5159.675513653 -4236.194310703 -0.23923673531 4.90088019191 -5.90938904118
2024-01-07T15:23:00.000000 -1001.891177277 -4853.831308061 -4580.584313085 -0.16184292051 5.28994006695 -5.56582950457
2024-01-07T15:24:00.000000 -1009.260984107 -4525.378674904 -4903.576690408 -0.08372721622 5.65420546267 -5.19641580047
2024-01-07T15:25:00.000000 -1011.931271455 -4175.856084623 -5203.671903410 -0.00525291369 5.99200357197 -4.80289024373
2024-01-07T15:26:00.000000 -1009.891441964 -3806.898598115 -5479.478206767 0.07321601187 6.30178853698 -4.38710228755
2024-01-07T15:27:00.000000 -1003.152718396 -3420.230068181 -5729.717806408 0.15131657423 6.58214763683 -3.95099882175
2024-01-07T15:28:00.000000 -991.748030692 -3017.654984467 -5953.232396232 0.22868838990 6.83180635325 -3.49661450200
2024-01-07T15:29:00.000000 -975.731817906 -2601.050049533 -6148.988143655 0.30497509864 7.04963281742 -3.02606218402
2024-01-07T15:30:00.000000 -955.179745450 -2172.355500897 -6316.080087560 0.37982570821 7.23464154094 -2.54152330663
2024-01-07T15:31:00.000000 -930.188341848 -1733.566243534 -6453.735987994 0.45289614230 7.38599636761 -2.04523862650
2024-01-07T15:32:00.000000 -900.874525532 -1286.722796174 -6561.319602457 0.52385107313 7.50301340580 -1.53949928658
2024-01-07T15:33:00.000000 -867.375027417 -833.902065344 -6638.333427291 0.59236567864 7.58516413319 -1.02663703450
2024-01-07T15:34:00.000000 -829.845721531 -377.207954058 -6684.420802810 0.65812681951 7.63207742772 -0.50901322599
2024-01-07T15:35:00.000000 -788.460904328 81.238101516 -6699.367380208 0.72083362837 7.64353979749 0.01099180617
2024-01-07T15:36:00.000000 -743.412540432 539.306577291 -6683.101965201 0.78019819647 7.61949521414 0.53098784315
2024-01-07T15:37:00.000000 -694.909448192 994.869326251 -6635.696853731 0.83594691934 7.56004578401 1.04858363496
2024-01-07T15:38:00.000000 -643.176390461 1445.809082516 -6557.367590581 0.88782220332 7.46545216787 1.56139699780
2024-01-07T15:39:00.000000 -588.453070294 1890.028956251 -6448.472133473 0.93558376550 7.33613232810 2.06706513236
2024-01-07T15:40:00.000000 -530.993069749 2325.461802797 -6309.509392973 0.97900939659 7.17265967827 2.56325357473
2024-01-07T15:41:00.000000 -471.062740880 2750.079522928 -6141.117283179 1.01789580692 6.97576227707 3.04766489363
2024-01-07T15:42:00.000000 -408.940034159 3161.902317208 -5944.070186629 1.05205987214 6.74632197261 3.51804914223
2024-01-07T15:43:00.000000 -344.913252651 3559.007851053 -5719.275789784 1.08133983703 6.48537124663 3.97221526284
2024-01-07T15:44:00.000000 -279.279743985 3939.540130012 -5467.771216186 1.10559603716 6.19408840154 4.40804087559
2024-01-07T15:45:00.000000 -212.344561126 4301.718133000 -5190.718663780 1.12471138344 5.87379372800 4.82348069743
2024-01-07T15:46:00.000000 -144.419088960 4643.844238738 -4889.400483103 1.13859198070 5.52594660995 5.21657629665
2024-01-07T15:47:00.000000 -75.819635805 4964.312461623 -4565.213658401 1.14716775337 5.15214060825 5.58546781147
2024-01-07T15:48:00.000000 -6.865989158 5261.616248087 -4219.663512949 1.15039281093 4.75409538919 5.92840476443
2024-01-07T15:49:00.000000 62.120043408 5534.355791026 -3854.356925562 1.14824579887 4.33364781797 6.24375409994
2024-01-07T15:50:00.000000 130.816125054 5781.244804708 -3470.995040036 1.14073057211 3.89274453551 6.53000700164
2024-01-07T15:51:00.000000 198.900926007 6001.116944748 -3071.365638546 1.12787691448 3.43343502233 6.78578677083
2024-01-07T15:52:00.000000 266.055685444 6192.931704374 -2657.334903661 1.10974062031 2.95786322368 7.00985769361
2024-01-07T15:53:00.000000 331.965753913 6355.779799018 -2230.838725348 1.08640283246 2.46825709674 7.20113334931
2024-01-07T15:54:00.000000 396.322093951 6488.887835138 -1793.873526376 1.05796930000 1.96691687381 7.35868314931
2024-01-07T15:55:00.000000 458.822741472 6591.622318969 -1348.486777957 1.02457015335 1.45620316753 7.48173685661
2024-01-07T15:56:00.000000 519.174277589 6663.492917606 -896.767268133 0.98636009963 0.93852602680 7.56968794734
2024-01-07T15:57:00.000000 577.093304584 6704.155145287 -440.835166965 0.94351838254 0.41633479926 7.62209761716
2024-01-07T15:58:00.000000 632.307893832 6713.412347005 17.168183582 0.89624790384 -0.10789344421 7.63870006176
2024-01-07T15:59:00.000000 684.558960686 6691.216995376 475.090803518 0.84477348724 -0.63166842700 7.61940663903
2024-01-07T16:00:00.000000 733.601516677 6637.670965259 930.780722760 0.78933993130 -1.15250232179 7.56430617204
2024-01-07T16:01:00.000000 779.205825903 6553.024994602 1382.096565064 0.73021060389 -1.66792346460 7.47366247737
2024-01-07T16:02:00.000000 821.158484220 6437.677300359 1826.917971693 0.66766655825 -2.17548860569 7.34791204866
2024-01-07T16:03:00.000000 859.263459583 6292.171548605 2263.155897686 0.60200537111 -2.67279601790 7.18766149134
2024-01-07T16:04:00.000000 893.343021534 6117.193919091 2688.762671784 0.53353926547 -3.15749821931 6.99368225950
2024-01-07T16:05:00.000000 923.238563889 5913.569604430 3101.741691260 0.46259312657 -3.62731093299 6.76690428041
2024-01-07T16:06:00.000000 948.811311641 5682.258736568 3500.156819922 0.38950303107 -4.08002025643 6.50841320183
2024-01-07T16:07:00.000000 969.942958754 5424.351932508 3882.141729998 0.31461477170 -4.51349468306 6.21944987652
2024-01-07T16:08:00.000000 986.536183368 5141.064777213 4245.909072802 0.23828165622 -4.92570250805 5.90140426995
2024-01-07T16:09:00.000000 998.515027208 4833.731410150 4589.759002896 0.16086213474 -5.31472553754 5.55580076860
2024-01-07T16:10:00.000000 1005.825156158 4503.797513464 4912.086813882 0.08271854005 -5.67876274311 5.18428370120
2024-01-07T16:11:00.000000 1008.434084385 4152.813348205 5211.389862070 0.00421665466 -6.01613052011 4.78861102032
2024-01-07T16:12:00.000000 1006.331348140 3782.426514569 5486.274351784 -0.07427560148 -6.32526958834 4.37065238908
2024-01-07T16:13:00.000000 999.528549833 3394.374123489 5735.461836080 -0.15239109358 -6.60475724408 3.93238119229
2024-01-07T16:14:00.000000 988.059223419 2990.474333123 5957.795039986 -0.22976639784 -6.85331535919 3.47585998263
2024-01-07T16:15:00.000000 971.978556899 2572.617614266 6152.242770113 -0.30604315398 -7.06981166179 3.00322780570
2024-01-07T16:16:00.000000 951.363078494 2142.757967422 6317.904285918 -0.38086847925 -7.25326146636 2.51669305047
2024-01-07T16:17:00.000000 926.310297419 1702.903895885 6454.013248265 -0.45389618163 -7.40283363356 2.01852556811
2024-01-07T16:18:00.000000 896.938242757 1255.109042527 6559.941048060 -0.52478892330 -7.51785544705 1.51104400386
2024-01-07T16:19:00.000000 863.384867764 801.462647781 6635.199325175 -0.59322000928 -7.59781226707 0.99660316532
2024-01-07T16:20:00.000000 825.807386395 344.080136871 6679.441888200 -0.65887427459 -7.64234618698 0.47758612193
2024-01-07T16:21:00.000000 784.381554660 -114.906361754 6692.466221613 -0.72144901368 -7.65125873842 -0.04360252612
2024-01-07T16:22:00.000000 739.300877887 -573.357678469 6674.214457654 -0.78065560879 -7.62451480894 -0.56454772207
2024-01-07T16:23:00.000000 690.775713781 -1029.137467280 6624.773610842 -0.83622112056 -7.56224261559 -1.08283736720
2024-01-07T16:24:00.000000 639.032303135 -1480.121887334 6544.375076964 -0.88788923955 -7.46473041674 -1.59607266111
2024-01-07T16:25:00.000000 584.311743957 -1924.209153160 6433.393565597 -0.93542109344 -7.33242531399 -2.10187567747
2024-01-07T16:26:00.000000 526.868911310 -2359.329099855 6292.345614065 -0.97859664794 -7.16593428605 -2.59789911430
2024-01-07T16:27:00.000000 466.971277091 -2783.452756872 6121.887366031 -1.01721632073 -6.96602284474 -3.08183938599
2024-01-07T16:28:00.000000 404.897651050 -3194.601707443 5922.811550366 -1.05110179667 -6.73360959427 -3.55144872483
2024-01-07T16:29:00.000000 340.936903184 -3590.857090226 5696.043860644 -1.08009594887 -6.46976024893 -4.00454366378
2024-01-07T16:30:00.000000 275.386698016 -3970.368303202 5442.638892912 -1.10406278214 -6.17568391643 -4.43901211806
2024-01-07T16:31:00.000000 208.552213113 -4331.361525995 5163.775632613 -1.12288816468 -5.85273046329 -4.85282203480
2024-01-07T16:32:00.000000 140.744783209 -4672.148064158 4860.752325403 -1.13648111111 -5.50238664733 -5.24403147124
2024-01-07T16:33:00.000000 72.280479660 -4991.132399430 4534.980774820 -1.14477488548 -5.12627068053 -5.61079880162
2024-01-07T16:34:00.000000 3.478635966 -5286.819888081 4187.980019007 -1.14772754085 -4.72612576139 -5.95139263620
2024-01-07T16:35:00.000000 -65.339646208 -5557.824047560 3821.369441746 -1.14532209132 -4.30381241075 -6.26420146377
2024-01-07T16:36:00.000000 -133.852999214 -5802.873320626 3436.861290847 -1.13756670070 -3.86129950686 -6.54774245888
2024-01-07T16:37:00.000000 -201.741306339 -6020.817291919 3036.252730863 -1.12449494266 -3.40065460181 -6.80066912006
2024-01-07T16:38:00.000000 -268.687228895 -6210.632307135 2621.417452132 -1.10616585119 -2.92403405459 -7.02177797530
2024-01-07T16:39:00.000000 -334.377727992 -6371.426522205 2194.296921192 -1.08266357905 -2.43367317563 -7.21001452343
2024-01-07T16:40:00.000000 -398.505555133 -6502.444334904 1756.891263272 -1.05409696145 -1.93187663188 -7.36447870557
2024-01-07T16:41:00.000000 -460.770728007 -6603.070261747 1311.249830817 -1.02059936122 -1.42100861781 -7.48443076467
2024-01-07T16:42:00.000000 -520.881999066 -6672.832158975 859.461391681 -0.98232858393 -0.90348121656 -7.56929754889
2024-01-07T16:43:00.000000 -578.558310475 -6711.403717611 403.643979369 -0.93946619270 -0.38174019017 -7.61867733535
2024-01-07T16:44:00.000000 -633.530172695 -6718.605997754 -54.065458038 -0.89221600649 0.14174982429 -7.63234130690
2024-01-07T16:45:00.000000 -685.540949775 -6694.408181319 -511.521409880 -0.84080238703 0.66451814611 -7.61023272050
2024-01-07T16:46:00.000000 -734.348050122 -6638.927577609 -966.580111484 -0.78546893054 1.18409917715 -7.55246622234
2024-01-07T16:47:00.000000 -779.724050317 -6552.429016197 -1417.109802988 -0.72647749845 1.69804412328 -7.45932761967
2024-01-07T16:48:00.000000 -821.457761625 -6435.323417971 -1861.000982981 -0.66410718760 2.20393366346 -7.33127240954
2024-01-07T16:49:00.000000 -859.355228105 -6288.165679586 -2296.176492657 -0.59865310315 2.69939009075 -7.16892270434
2024-01-07T16:50:00.000000 -893.240644555 -6111.651809489 -2720.601418806 -0.53042497564 3.18208859931 -6.97306391483
2024-01-07T16:51:00.000000 -922.957189782 -5906.615452029 -3132.292780368 -0.45974546448 3.64976921183 -6.74464113618
2024-01-07T16:52:00.000000 -948.367737250 -5674.023574325 -3529.328961059 -0.38694809512 4.10024920234 -6.48475350213
2024-01-07T16:53:00.000000 -969.355446475 -5414.971523019 -3909.858715623 -0.31237521081 4.53143387656 -6.19464624537
2024-01-07T16:54:00.000000 -985.824239858 -5130.677452304 -4272.109697356 -0.23637638753 4.94132492441 -5.87570272617
2024-01-07T16:55:00.000000 -997.699200648 -4822.476355981 -4614.396525395 -0.15930711070 5.32802832501 -5.52943745487
2024-01-07T16:56:00.000000 -1004.926878627 -4491.813508966 -4935.128446143 -0.08152718723 5.68976293205 -5.15748872163
2024-01-07T16:57:00.000000 -1007.475493570 -4140.237475503 -5232.816496209 -0.00339879162 6.02486836060 -4.76160969303
2024-01-07T16:58:00.000000 -1005.335017450 -3769.392647624 -5506.080118742 0.07471545585 6.33181116114 -4.34365938654
2024-01-07T16:59:00.000000 -998.517150392 -3381.011491643 -5753.653266559 0.15245421586 6.60919068358 -3.90559425523
2024-01-07T17:00:00.000000 -987.055192044 -2976.906355401 -5974.389974382 0.22945910009 6.85574551085 -3.44945893363
2024-01-07T17:01:00.000000 -971.003817546 -2558.960964306 -6167.269325557 0.30537623053 7.07035865296 -2.97737515415
2024-01-07T17:02:00.000000 -950.438768517 -2129.121649483 -6331.399747078 0.37985737399 7.25206016492 -2.49153101343
2024-01-07T17:03:00.000000 -925.456491629 -1689.388496049 -6466.022722775 0.45256081518 7.40002908598 -1.99417232481
2024-01-07T17:04:00.000000 -896.173709934 -1241.806286109 -6570.516016241 0.52315262654 7.51359688116 -1.48759445736
2024-01-07T17:05:00.000000 -862.726900970 -788.455248684 -6644.396350033 0.59130858651 7.59225100363 -0.97413211995
2024-01-07T17:06:00.000000 -825.271656630 -331.441649317 -6687.321424694 0.65671611680 7.63563615885 -0.45614809401
2024-01-07T17:07:00.000000 -783.981937732 127.111638218 -6699.091301529 0.71907557758 7.64355395855 0.06397657403
2024-01-07T17:08:00.000000 -739.049276884 585.074552197 -6679.649236232 0.77810103928 7.61596339687 0.58385120599
2024-01-07T17:09:00.000000 -690.681932248 1040.319322491 -6629.081980143 0.83352106275 7.55298188272 1.10108505890
2024-01-07T17:10:00.000000 -639.103988631 1490.729964548 -6547.619468583 0.88507967751 7.45488488352 1.61329759701
2024-01-07T17:11:00.000000 -584.554398978 1934.211736764 -6435.633937516 0.93253748090 7.32210457765 2.11812756743
2024-01-07T17:12:00.000000 -527.285950702 2368.700513934 -6293.638505650 0.97567295061 7.15522955860 2.61324155704
2024-01-07T17:13:00.000000 -467.564147139 2792.172190698 -6122.285204090 1.01428398580 6.95500487557 3.09634457200
2024-01-07T17:14:00.000000 -405.666002747 3202.651985657 -5922.362304591 1.04818920933 6.72232942564 3.56519224406
2024-01-07T17:15:00.000000 -341.878773999 3598.223558743 -5694.790955335 1.07722856561 6.45825079090 4.01760116631
2024-01-07T17:16:00.000000 -276.498677606 3977.037760523 -5440.621284140 1.10126352057 6.16396097447 4.45145664961
2024-01-07T17:17:00.000000 -209.829583954 4337.321250646 -5161.028035442 1.12017761443 5.84079432210 4.86472124328
2024-01-07T17:18:00.000000 -142.181663557 4677.384925962 -4857.305597394 1.13387752859 5.49022436574 5.25544608352
2024-01-07T17:19:00.000000 -73.869964918 4995.632143458 -4530.862347462 1.14229405124 5.11385723852 5.62178239341
2024-01-07T17:20:00.000000 -5.212955355 5290.566384424 -4183.214352585 1.14538249562 4.71342362705 5.96199040814
2024-01-07T17:21:00.000000 63.468956597 5560.798548369 -3815.978612176 1.14312287739 4.29077194594 6.27444702634
2024-01-07T17:22:00.000000 131.854912483 5805.053780175 -3430.865780881 1.13552023831 3.84786169636 6.55765463153
2024-01-07T17:23:00.000000 199.625116736 6022.177952504 -3029.672386858 1.12260502572 3.38675481169 6.81025036602
2024-01-07T17:24:00.000000 266.462366055 6211.143453179 -2614.272480666 1.10443317639 2.90960555887 7.03101384695
2024-01-07T17:25:00.000000 332.053572159 6371.054465347 -2186.608900531 1.08108587241 2.41865076937 7.21887382319
2024-01-07T17:26:00.000000 396.091267412 6501.151582265 -1748.684104015 1.05266922849 1.91619974117 7.37291516059
2024-01-07T17:27:00.000000 458.275092967 6600.815869010 -1302.550615352 1.01931407071 1.40462227986 7.49238531034
2024-01-07T17:28:00.000000 518.313275186 6669.572047753 -850.301117229 0.98117568128 0.88633570471 7.57669856683
2024-01-07T17:29:00.000000 575.924077618 6707.091012921 -394.058361734 0.93843317702 0.36379260640 7.62543887260
2024-01-07T17:30:00.000000 630.837194804 6713.191541174 64.035101649 0.89128828451 -0.16053124998 7.63836274593
2024-01-07T17:31:00.000000 682.795065273 6687.841355201 521.827347231 0.83996374332 -0.68415035623 7.61540139298
2024-01-07T17:32:00.000000 731.554086940 6631.157233478 977.167557699 0.78470201713 -1.20458307115 7.55666020473
2024-01-07T17:33:00.000000 776.885782868 6543.404459501 1427.916415007 0.72576462001 -1.71936333255 7.46241688170
2024-01-07T17:34:00.000000 818.577914404 6424.995502491 1871.956412385 0.66343140261 -2.22605162652 7.33312073316
2024-01-07T17:35:00.000000 856.435554889 6276.488131525 2307.202141188 0.59799890920 -2.72224805296 7.16939209181
2024-01-07T17:36:00.000000 890.282006744 6098.582534252 2731.610459683 0.52977802014 -3.20560658528 6.97201857443
2024-01-07T17:37:00.000000 919.959609437 5892.117762064 3143.190335946 0.45909206329 -3.67384686819 6.74194854245
2024-01-07T17:38:00.000000 945.330442271 5658.067446646 3540.012329148 0.38627581787 -4.12476335139 6.48028584192
2024-01-07T17:39:00.000000 966.276996239 5397.535096334 3920.217803433 0.31167432539 -4.55623603058 6.18828632153
2024-01-07T17:40:00.000000 982.702712816 5111.748487333 4282.027900111 0.23564058877 -4.96624410196 5.86735182062
2024-01-07T17:41:00.000000 994.532386033 4802.053368511 4623.751970482 0.15853290474 -5.35287806659 5.51901889345
2024-01-07T17:42:00.000000 1001.712419053 4469.906518840 4943.795299022 0.08071318290 -5.71434625781 5.14494642926
2024-01-07T17:43:00.000000 1004.211018416 4116.868619673 5240.666128213 0.00254604573 -6.04897840628 4.74690680595
2024-01-07T17:44:00.000000 1002.018314288 3744.596787715 5512.982306539 -0.07560265664 -6.35523111568 4.32678006778
2024-01-07T17:45:00.000000 995.146362664 3354.836742805 5759.477542622 -0.15336832158 -6.63169575358 3.88654663189
2024-01-07T17:46:00.000000 983.629001708 2949.414487995 5979.007129712 -0.23038982386 -6.87710580342 3.42827718364
2024-01-07T17:47:00.000000 967.521601713 2530.227617219 6170.553033306 -0.30631061092 -7.09034234318 2.95412145378
2024-01-07T17:48:00.000000 946.900772888 2099.236319785 6333.228289521 -0.38077941301 -7.27043833251 2.46629688680
2024-01-07T17:49:00.000000 921.864007242 1658.454182715 6466.280726464 -0.45345174651 -7.41658129035 1.96707714318
2024-01-07T17:50:00.000000 892.529210797 1209.938877660 6569.096011664 -0.52399204928 -7.52811385768 1.45878188518
2024-01-07T17:51:00.000000 859.034107818 755.782866571 6641.200176732 -0.59207542683 -7.60453431059 0.94376888667
2024-01-07T17:52:00.000000 821.535571246 298.103973058 6682.261674628 -0.65738863553 -7.64549956921 0.42442635304
2024-01-07T17:53:00.000000 780.208897999 -160.964258065 6692.092900294 -0.71963098504 -7.65082911126 -0.09683789723
2024-01-07T17:54:00.000000 735.247017021 -619.282358234 6670.650984877 -0.77851565711 -7.62050591982 -0.61760935483
2024-01-07T17:55:00.000000 686.859611691 -1074.714692787 6618.037844119 -0.83377125768 -7.55467435108 -1.13547776585
2024-01-07T17:56:00.000000 635.272150983 -1525.139095927 6534.499687100 -0.88514322206 -7.45363880559 -1.64804533836
2024-01-07T17:57:00.000000 580.724842414 -1968.456468961 6420.425961952 -0.93239495247 -7.31786450285 -2.15293629027
2024-01-07T17:58:00.000000 523.471530674 -2402.600463648 6276.347714151 -0.97530861567 -7.14797686876 -2.64780958368
2024-01-07T17:59:00.000000 463.778555667 -2825.546944849 6102.935075217 -1.01368556084 -6.94475682196 -3.13037141096
2024-01-07T18:00:00.000000 401.923593631 -3235.323145709 5900.994179601 -1.04734667871 -6.70913474812 -3.59838374305
2024-01-07T18:01:00.000000 338.194459852 -3630.016506499 5671.463587040 -1.07613325143 -6.44218706870 -4.04967050618
2024-01-07T18:02:00.000000 272.887848247 -4007.783408125 5415.410404720 -1.09990834700 -6.14513490689 -4.48212546821
2024-01-07T18:03:00.000000 206.307979966 -4366.857780986 5134.025744887 -1.11855813641 -5.81934166750 -4.89372267401
2024-01-07T18:04:00.000000 138.765194136 -4705.559520549 4828.619602176 -1.13199263200 -5.46630836295 -5.28252745952
2024-01-07T18:05:00.000000 70.574503231 -5022.302556374 4500.615031574 -1.14014600634 -5.08766775340 -5.64670701538
2024-01-07T18:06:00.000000 2.054138867 -5315.602576651 4151.541753214 -1.14297692663 -4.68517737632 -5.98454090608
2024-01-07T18:07:00.000000 -66.475934725 -5584.084243559 3783.029085221 -1.14046902780 -4.26071070921 -6.29443089152
2024-01-07T18:08:00.000000 -134.695531485 -5826.487863907 3396.798383816 -1.13263133454 -3.81624730568 -6.57490862069
2024-01-07T18:09:00.000000 -202.285775507 -6041.675461861 2994.655038773 -1.11949853160 -3.35386386019 -6.82464184310
2024-01-07T18:10:00.000000 -268.930644323 -6228.636383026 2578.480137263 -1.10113103117 -2.87572593307 -7.04244127816
2024-01-07T18:11:00.000000 -334.318505861 -6386.492331964 2150.221633990 -1.07761467972 -2.38407822953 -7.22726843934
2024-01-07T18:12:00.000000 -398.143623542 -6514.501779302 1711.885100728 -1.04906000348 -1.88123274571 -7.37824223107
2024-01-07T18:13:00.000000 -460.107609675 -6612.063623464 1265.524135883 -1.01560127183 -1.36955675662 -7.49464313784
2024-01-07T18:14:00.000000 -519.920825852 -6678.720188859 813.230588711 -0.97739577623 -0.85146187754 -7.57591639087
2024-01-07T18:15:00.000000 -577.303750019 -6714.159554265 357.124562758 -0.93462337490 -0.32939304241 -7.62167563408
2024-01-07T18:16:00.000000 -631.988315802 -6718.217182344 -100.655799293 -0.88748592087 0.19418418399 -7.63170625590
2024-01-07T18:17:00.000000 -683.719204010 -6690.876739627 -557.964670815 -0.83620629459 0.71679733723 -7.60596679327
2024-01-07T18:18:00.000000 -732.255068818 -6632.270119674 -1012.658921432 -0.78102717581 1.23598016888 -7.54458839277
2024-01-07T18:19:00.000000 -777.369689082 -6542.676702968 -1462.608435647 -0.72220985324 1.74928472822 -7.44787355688
2024-01-07T18:20:00.000000 -818.853051854 -6422.521899778 -1905.706355814 -0.66003309640 2.25429337456 -7.31629467254
2024-01-07T18:21:00.000000 -856.512360933 -6272.374951322 -2339.879205989 -0.59479180904 2.74863132833 -7.15049167769
2024-01-07T18:22:00.000000 -890.172955243 -6092.945983495 -2763.096841709 -0.52679525305 3.22997934544 -6.95126820891
2024-01-07T18:23:00.000000 -919.679109700 -5885.082312740 -3173.382117688 -0.45636498696 3.69608570232 -6.71958618575
2024-01-07T18:24:00.000000 -944.894712178 -5649.764060521 -3568.820190647 -0.38383293085 4.14477695483 -6.45655930529
2024-01-07T18:25:00.000000 -965.703835550 -5388.099160726 -3947.567417806 -0.30953979952 4.57396745208 -6.16344614537
2024-01-07T18:26:00.000000 -982.011225051 -5101.317831655 -4307.859846561 -0.23383371737 4.98166816241 -5.84164329476
2024-01-07T18:27:00.000000 -993.742698879 -4790.766524391 -4648.021285814 -0.15706865922 5.36599537693 -5.49267823687
2024-01-07T18:28:00.000000 -1000.845444237 -4457.901337071 -4966.470923136 -0.07960267800 5.72517912381 -5.11820137214
2024-01-07T18:29:00.000000 -1003.288210086 -4104.280961354 -5261.730436378 -0.00179619420 6.05757065349 -4.71997723753
2024-01-07T18:30:00.000000 -1001.061402327 -3731.559212741 -5532.430577067 0.07598957615 6.36164892320 -4.29987561103
2024-01-07T18:31:00.000000 -994.177082549 -3341.477191572 -5777.317224328 0.15339435226 6.63602671271 -3.85986269828
2024-01-07T18:32:00.000000 -982.668849514 -2935.855063276 -5995.256888670 0.23006082247 6.87945653696 -3.40199171109
2024-01-07T18:33:00.000000 -966.591603384 -2516.583522559 -6185.241622118 0.30563651962 7.09083558536 -2.92839245318
2024-01-07T18:34:00.000000 -946.021215885 -2085.615003434 -6346.393294211 0.37977500053 7.26920912012 -2.44126063690
2024-01-07T18:35:00.000000 -921.054147659 -1644.954726026 -6477.967246422 0.45213651987 7.41377279805 -1.94284787627
2024-01-07T18:36:00.000000 -891.807019893 -1196.651605488 -6579.355361190 0.52238903220 7.52387473593 -1.43545243820
2024-01-07T18:37:00.000000 -858.416103536 -742.789045298 -6650.088587024 0.59020993063 7.59901752839 -0.92141020840
2024-01-07T18:38:00.000000 -821.036693129 -285.475612847 -6689.838922180 0.65528801153 7.63886003620 -0.40308542180
2024-01-07T18:39:00.000000 -779.842375188 173.164377654 -6698.420835051 0.71732488860 7.64321872418 0.11713908254
2024-01-07T18:40:00.000000 -735.024235921 631.000344898 -6675.792065853 0.77603577166 7.61206821464 0.63687197138
2024-01-07T18:41:00.000000 -686.790022638 1085.904922589 -6622.053842259 0.83115019779 7.54554093840 1.15372312587
2024-01-07T18:42:00.000000 -635.363252345 1535.763412643 -6537.450540648 0.88241318061 7.44392668231 1.66531239200
2024-01-07T18:43:00.000000 -580.982242260 1978.483230774 -6422.368839012 0.92958668565 7.30767302778 2.16927836212
2024-01-07T18:44:00.000000 -523.899046718 2412.003401638 -6277.336271390 0.97245100515 7.13738588402 2.66328902852
2024-01-07T18:45:00.000000 -464.378326579 2834.304016801 -6103.019103143 1.01080576590 6.93382774578 3.14505409299
2024-01-07T18:46:00.000000 -402.696166281 3243.415502904 -5900.219481609 1.04447064531 6.69791310606 3.61233611032
2024-01-07T18:47:00.000000 -339.138851819 3637.427595050 -5669.872004164 1.07328610491 6.43070366583 4.06295866853
2024-01-07T18:48:00.000000 -274.001593187 4014.498079856 -5413.039841484 1.09711434878 6.13340583198 4.49481382982
2024-01-07T18:49:00.000000 -207.587190740 4372.861425305 -5130.910344111 1.11584032757 5.80736897147 4.90587207390
2024-01-07T18:50:00.000000 -140.204647685 4710.837247064 -4824.789978085 1.12937240521 5.45408104173 5.29419442105
2024-01-07T18:51:00.000000 -72.167756684 5026.838424758 -4496.098555123 1.13764255221 5.07516110648 5.65794329851
2024-01-07T18:52:00.000000 -3.793682502 5319.378709988 -4146.362889327 1.14060645346 4.67235166252 5.99539067606
2024-01-07T18:53:00.000000 64.598474533 5587.079961644 -3777.210008896 1.13824401734 4.24751252065 6.30492562825
2024-01-07T18:54:00.000000 132.689156345 5828.678966602 -3390.359847619 1.13056028180 3.80261441781 6.58506347952
2024-01-07T18:55:00.000000 200.159883642 6043.033901350 -2987.617401581 1.11758619049 3.33973009017 6.83445551389
2024-01-07T18:56:00.000000 266.694813998 6229.130074865 -2570.864295868 1.09937867806 2.86102335763 7.05189701801
2024-01-07T18:57:00.000000 331.982285604 6386.085096320 -2142.049966957 1.07602002755 2.36873837845 7.23633345333
2024-01-07T18:58:00.000000 395.716313487 6513.153367899 -1703.182466097 1.04761699111 1.86518973656 7.38686609581
2024-01-07T18:59:00.000000 457.598035130 6609.730049342 -1256.318962160 1.01430027349 1.35275213178 7.50275788932
2024-01-07T19:00:00.000000 517.337149438 6675.354280370 -803.555847596 0.97622452601 0.83384855958 7.58343900551
2024-01-07T19:01:00.000000 574.653353442 6709.711700812 -347.018575266 0.93356826673 0.31093672272 7.62851120730
2024-01-07T19:02:00.000000 629.277746986 6712.636076264 111.148714156 0.88653297790 -0.21350547903 7.63775003637
2024-01-07T19:03:00.000000 680.954170675 6684.110126686 568.793625633 0.83534137325 -0.73699349468 7.61110446265
2024-01-07T19:04:00.000000 729.440417426 6624.265551178 1023.765866524 0.78023568729 -1.25704713430 7.54869549364
2024-01-07T19:05:00.000000 774.509375530 6533.382505347 1473.927566277 0.72147665545 -1.77120019069 7.45081627350
2024-01-07T19:06:00.000000 815.950108559 6411.888375024 1917.163639391 0.65934277706 -2.27701242170 7.31793382619
2024-01-07T19:07:00.000000 853.568899488 6260.355830867 2351.392258439 0.59412897021 -2.77208549850 7.15068873169
2024-01-07T19:08:00.000000 887.190164336 6079.499743938 2774.575097550 0.52614456126 -3.25407937771 6.94988937552
2024-01-07T19:09:00.000000 916.657267740 5870.173347442 3184.727136788 0.45571154808 -3.72072404580 6.71650283052
2024-01-07T19:10:00.000000 941.833244574 5633.363761756 3579.925968023 0.38316359900 -4.16982647613 6.45164782878
2024-01-07T19:11:00.000000 962.601478261 5370.187244539 3958.320755551 0.30884488585 -4.59927811018 6.15659155177
2024-01-07T19:12:00.000000 978.866259143 5081.883728953 4318.141085756 0.23310772442 -5.00706641341 5.83274641132
2024-01-07T19:13:00.000000 990.553179003 4769.810681808 4657.705455949 0.15630936409 -5.39128839251 5.48166203992
2024-01-07T19:14:00.000000 997.609351398 4435.436192952 4975.429162319 0.07880950474 -5.75016098408 5.10501304314
2024-01-07T19:15:00.000000 1000.003514506 4080.331587350 5269.831411194 0.00096941348 -6.08202670152 4.70458699668
2024-01-07T19:16:00.000000 997.726130347 3706.163776428 5539.541832193 -0.07684818309 -6.38535752494 4.28227579271
2024-01-07T19:17:00.000000 990.789449968 3314.687339701 5783.306534972 -0.15427996373 -6.65876031710 3.84006883202
2024-01-07T19:18:00.000000 979.227487370 2907.736219460 5999.993696148 -0.23096426523 -6.90098400539 3.38004461141
2024-01-07T19:19:00.000000 963.095834782 2487.214997829 6188.598622491 -0.30654395959 -7.11092579238 2.90435946256
2024-01-07T19:20:00.000000 942.471314248 2055.089890623 6348.248016580 -0.38066881968 -7.28763429362 2.41523546280
2024-01-07T19:21:00.000000 917.451517905 1613.379631804 6478.203629228 -0.45299695219 -7.43031060954 1.91495042432
2024-01-07T19:22:00.000000 888.154275240 1164.146257451 6577.865335183 -0.52319567028 -7.53831025409 1.40583002852
2024-01-07T19:23:00.000000 854.717084545 709.485764180 6646.773800613 -0.59094236720 -7.61114702040 0.89023914901
2024-01-07T19:24:00.000000 817.296468778 251.518467960 6684.612467314 -0.65592558965 -7.64849651724 0.37057050477
2024-01-07T19:25:00.000000 776.067274444 -207.620726714 6691.208868687 -0.71784627224 -7.65019695702 -0.15076769103
2024-01-07T19:26:00.000000 731.221882820 -665.792068901 6666.535224605 -0.77641916886 -7.61624803361 -0.67136210111
2024-01-07T19:27:00.000000 682.969337423 -1120.860612519 6610.708491843 -0.83137447241 -7.54681065046 -1.18880320367
2024-01-07T19:28:00.000000 631.534367058 -1570.705924633 6523.989833604 -0.88245932666 -7.44220742186 -1.70069552526
2024-01-07T19:29:00.000000 577.156341630 -2013.231739381 6406.783415785 -0.92943860183 -7.30292115186 -2.20466974085
2024-01-07T19:30:00.000000 520.088205456 -2446.375472930 6259.634507038 -0.97209494195 -7.12959053526 -2.69839328682
2024-01-07T19:31:00.000000 460.595407747 -2868.117428174 6083.227036890 -1.01022897414 -6.92300627896 -3.17957767492
2024-01-07T19:32:00.000000 398.954791567 -3276.489894163 5878.380762146 -1.04366053901 -6.68411025772 -3.64598540406
2024-01-07T19:33:00.000000 335.453385842 -3669.586186473 5646.047896449 -1.07223072406 -6.41399546241 -4.09544026756
2024-01-07T19:34:00.000000 270.387066473 -4045.569696159 5387.309084548 -1.09580364133 -6.11390291042 -4.52584014648
2024-01-07T19:35:00.000000 204.059149900 -4402.682541423 5103.368569745 -1.11426731207 -5.78521518542 -4.93516855534
2024-01-07T19:36:00.000000 136.778944957 -4739.253879687 4795.548794691 -1.12753400725 -5.42944966995 -5.32150375122
2024-01-07T19:37:00.000000 68.860289518 -5053.707790520 4465.284425354 -1.13554050344 -5.04825261550 -5.68302751374
2024-01-07T19:38:00.000000 0.620077370 -5344.570850399 4114.115903475 -1.13824816622 -4.64339235540 -6.01803463198
2024-01-07T19:39:00.000000 -67.623211875 -5610.479178588 3743.682358354 -1.13564269972 -4.21675094510 -6.32494150535
2024-01-07T19:40:00.000000 -135.550964607 -5850.185028976 3355.714121754 -1.12773394833 -3.77031586243 -6.60229314338
2024-01-07T19:41:00.000000 -202.845889215 -6062.562859587 2952.024768311 -1.11455621415 -3.30617257385 -6.84877032582
2024-01-07T19:42:00.000000 -269.193500623 -6246.615015133 2534.502768356 -1.09616883525 -2.82649595233 -7.06319812820
2024-01-07T19:43:00.000000 -334.283630383 -6401.476722887 2105.102535075 -1.07265631708 -2.33353901234 -7.24455401765
2024-01-07T19:44:00.000000 -397.811923118 -6526.420429511 1665.835128112 -1.04412783348 -1.82962038384 -7.39197334118
2024-01-07T19:45:00.000000 -459.481299170 -6620.859364961 1218.758642742 -1.01071658218 -1.31711296633 -7.50475280868
2024-01-07T19:46:00.000000 -519.003377403 -6684.350519040 765.968464688 -0.97257931023 -0.79843344771 -7.58235410252
2024-01-07T19:47:00.000000 -576.099876582 -6716.596903240 309.587212172 -0.92989578449 -0.27603085085 -7.62440804518
2024-01-07T19:48:00.000000 -630.503970366 -6717.449122924 -148.245499661 -0.88286789866 0.24762658857 -7.63071774714
2024-01-07T19:49:00.000000 -681.961582121 -6686.906100424 -605.383449542 -0.83171856255 0.77006493876 -7.60125984859
2024-01-07T19:50:00.000000 -730.232612476 -6625.115054115 -1059.684214436 -0.77669058114 1.28881765446 -7.53618432390
2024-01-07T19:51:00.000000 -775.092096549 -6532.370640705 -1509.019546024 -0.71804540122 1.80143847008 -7.43581334666
2024-01-07T19:52:00.000000 -816.331275995 -6409.113371118 -1951.285635436 -0.65606149613 2.30551424508 -7.30063886332
2024-01-07T19:53:00.000000 -853.758566767 -6255.927227321 -2384.413191763 -0.59103258066 2.79867717659 -7.13131887136
2024-01-07T19:54:00.000000 -887.200424998 -6073.536632819 -2806.377276542 -0.52326604701 3.27861609632 -6.92867295468
2024-01-07T19:55:00.000000 -916.502128244 -5862.802702448 -3215.206854043 -0.45308168153 3.74308721639 -6.69367750638
2024-01-07T19:56:00.000000 -941.528479868 -5624.718900767 -3608.994047557 -0.38081026666 4.18992467889 -6.42746035932
2024-01-07T19:57:00.000000 -962.164414539 -5360.406034966 -3985.903033356 -0.30679179780 4.61705077372 -6.13129460072
2024-01-07T19:58:00.000000 -978.315494743 -5071.106701357 -4344.178566021 -0.23137347519 5.02248567120 -5.80659156764
2024-01-07T19:59:00.000000 -989.908282202 -4758.179109867 -4682.154029163 -0.15490781998 5.40435658521 -5.45489300889
2024-01-07T20:00:00.000000 -996.890609648 -4423.090424188 -4998.259011455 -0.07775104682 5.76090600465 -5.07786236709
2024-01-07T20:01:00.000000 -999.231754622 -4067.409612414 -5291.026324776 -0.00026163005 6.09049860056 -4.67727573265
2024-01-07T20:02:00.000000 -996.922539565 -3692.799959943 -5559.098514968 0.07720107265 6.39162719802 -4.25501312056
2024-01-07T20:03:00.000000 -989.975336864 -3301.011183731 -5801.233830725 0.15427829951 6.66291870132 -3.81305001358
2024-01-07T20:04:00.000000 -978.423984088 -2893.871214002 -6016.311692227 0.23061365842 6.90314016791 -3.35344813589
2024-01-07T20:05:00.000000 -962.323578948 -2473.277615066 -6203.337537770 0.30585518280 7.11120404043 -2.87834489196
2024-01-07T20:06:00.000000 -941.750155594 -2041.188756726 -6361.447053478 0.37965728583 7.28617153546 -2.38994224540
2024-01-07T20:07:00.000000 -916.800255113 -1599.614823597 -6489.909711735 0.45168212681 7.42725443965 -1.89049642181
2024-01-07T20:08:00.000000 -887.590439296 -1150.608742152 -6588.131769035 0.52160035393 7.53381658215 -1.38230895034
2024-01-07T20:09:00.000000 -854.256755968 -696.256994755 -6655.658703279 0.58909177917 7.60537590541 -0.86771819244
2024-01-07T20:10:00.000000 -816.954166207 -238.670308889 -6692.177192673 0.65384655662 7.64160670410 -0.34909017920
2024-01-07T20:11:00.000000 -775.855867639 220.025773296 -6697.516447761 0.71556685819 7.64234091224 0.17119133498
2024-01-07T20:12:00.000000 -731.152525901 677.700357132 -6671.649000073 0.77396854147 7.60756822771 0.69073462906
2024-01-07T20:13:00.000000 -683.051409166 1132.226666933 -6614.690879271 0.82878244376 7.53743617222 1.20714900098
2024-01-07T20:14:00.000000 -631.775462505 1581.491526901 -6526.901319019 0.87975540543 7.43225086288 1.71805398744
2024-01-07T20:15:00.000000 -577.562314355 2023.404906451 -6408.681801389 0.92665126778 7.29247761225 2.22108996808
2024-01-07T20:16:00.000000 -520.663227862 2455.909443526 -6260.574477727 0.96925189926 7.11873968431 2.71392972809
2024-01-07T20:17:00.000000 -461.341986430 2876.989834807 -6083.259875730 1.00735820871 6.91181511530 3.19428922698
2024-01-07T20:18:00.000000 -399.873724413 3284.682008291 -5877.554044861 1.04079112425 6.67263302531 3.65993697710
2024-01-07T20:19:00.000000 -336.543697727 3677.082090746 -5644.405119302 1.06939242416 6.40227042927 4.10870297541
2024-01-07T20:20:00.000000 -271.646017458 4052.355190523 -5384.889362655 1.09302527134 6.10194903545 4.53848796462
2024-01-07T20:21:00.000000 -205.482348899 4408.743964449 -5100.206628228 1.11157471416 5.77303165403 4.94727277499
2024-01-07T20:22:00.000000 -138.360576381 4744.576980612 -4791.675288059 1.12494872183 5.41701830568 5.33312793932
2024-01-07T20:23:00.000000 -70.593378892 5058.276805428 -4460.726522809 1.13307973131 5.03554135168 5.69422441567
2024-01-07T20:24:00.000000 -2.496727679 5348.367740623 -4108.897961294 1.13592561080 4.63035812676 6.02884476094
2024-01-07T20:25:00.000000 65.611630574 5613.483042873 -3737.826693207 1.13346915807 4.20334157382 6.33539241418
2024-01-07T20:26:00.000000 133.413640365 5852.371595852 -3349.241794654 1.12571696086 3.75647169584 6.61239840887
2024-01-07T20:27:00.000000 200.592342307 6063.904124291 -2944.956502121 1.11269937506 3.29182881341 6.85852818105
2024-01-07T20:28:00.000000 266.833349735 6247.078997301 -2526.859862877 1.09447189553 2.81158581904 7.07259057320
2024-01-07T20:29:00.000000 331.826386789 6401.027454504 -2096.907859759 1.07111607914 2.31799668808 7.25354688876
2024-01-07T20:30:00.000000 395.266831444 6525.018075116 -1657.114072689 1.04273864234 1.81338321724 7.40051674239
2024-01-07T20:31:00.000000 456.857179384 6618.460488186 -1209.540067114 1.00946978750 1.30012369805 7.51278134569
2024-01-07T20:32:00.000000 516.308426515 6680.908474107 -756.285593568 0.97146278029 0.78064312790 7.58978755192
2024-01-07T20:33:00.000000 573.341478825 6712.062430233 -299.478492310 0.92889476944 0.25740149761 7.63115287862
2024-01-07T20:34:00.000000 627.688586953 6711.771041272 158.735646378 0.88196688281 -0.26712054663 7.63666871658
2024-01-07T20:35:00.000000 679.094757854 6680.032106595 616.203958456 0.83090238460 -0.79043556801 7.60630071059
2024-01-07T20:36:00.000000 727.318983525 6616.992569079 1070.776731043 0.77594399448 -1.31006134446 7.54018849491
2024-01-07T20:37:00.000000 772.135358009 6522.947852118 1520.317855178 0.71735217491 -1.82353294226 7.43864578831
2024-01-07T20:38:00.000000 813.334118336 6398.340415144 1962.715234263 0.65540459978 -2.32841606108 7.30215915692
2024-01-07T20:39:00.000000 850.722669498 6243.757543158 2395.891083952 0.59039553034 -2.82231996935 7.13138470138
2024-01-07T20:40:00.000000 884.126527041 6059.928355335 2817.811972321 0.52263412515 -3.30290929574 6.92714436774
2024-01-07T20:41:00.000000 913.390144547 5847.720127216 3226.498670320 0.45244208429 -3.76791646296 6.69042212217
2024-01-07T20:42:00.000000 938.377601945 5608.133815999 3620.035682541 0.38015159609 -4.21515489682 6.42235751184
2024-01-07T20:43:00.000000 958.973189401 5342.298875904 3996.580342060 0.30610404216 -4.64252965484 6.12423624014
2024-01-07T20:44:00.000000 975.081932228 5051.467533641 4354.371278849 0.23064897465 -5.04804405814 5.79748178326
2024-01-07T20:45:00.000000 986.630036854 4737.008712216 4691.736541826 0.15414255801 -5.42980633626 5.44365060905
2024-01-07T20:46:00.000000 993.565219724 4400.401428098 5007.101430987 0.07694522471 -5.78604015785 5.06442732739
2024-01-07T20:47:00.000000 995.856889142 4043.227527847 5298.995962372 -0.00058082088 -6.11509655382 4.66161484680
2024-01-07T20:48:00.000000 993.496190051 3667.163757668 5566.061519067 -0.07807347071 -6.41546176502 4.23712074580
2024-01-07T20:49:00.000000 986.495958124 3273.973545036 5807.056770715 -0.15517198152 -6.68576047185 3.79294527082
2024-01-07T20:50:00.000000 974.890599265 2865.498614409 6020.862960716 -0.23151828775 -6.92475836303 3.33117282493
2024-01-07T20:51:00.000000 958.735885015 2443.650434785 6206.488738584 -0.30675867951 -7.13136637810 2.85396421507
2024-01-07T20:52:00.000000 938.108634865 2010.401333797 6363.074470148 -0.38054546112 -7.30464527732 2.36354769977
2024-01-07T20:53:00.000000 913.106315301 1567.775400247 6489.895997769 -0.45253829570 -7.44380962251 1.86220933632
2024-01-07T20:54:00.000000 883.846559648 1117.839133413 6586.367802254 -0.52240545070 -7.54823162489 1.35228278079
2024-01-07T20:55:00.000000 850.466615617 662.691898287 6652.045540333 -0.58982522442 -7.61744423696 0.83613767509
2024-01-07T20:56:00.000000 813.122693863 204.456230950 6686.627816336 -0.65448736241 -7.65114187181 0.31616769422
2024-01-07T20:57:00.000000 771.989247664 -254.731818247 6689.957321955 -0.71609422705 -7.64917960523 -0.20521946978
2024-01-07T20:58:00.000000 727.258181214 -712.732333479 6662.021406043 -0.77436189851 -7.61157347714 -0.72561073248
2024-01-07T20:59:00.000000 679.137992869 -1167.411216545 6602.952127353 -0.82902146006 -7.53850175640 -1.24259791889
2024-01-07T21:00:00.000000 627.852831824 -1616.649915618 6513.025578863 -0.87982032286 -7.43030392253 -1.75378989050
2024-01-07T21:01:00.000000 573.641484822 -2058.354997591 6392.660541187 -0.92652326380 -7.28747675773 -2.25682297178
2024-01-07T21:02:00.000000 516.756309969 -2490.467453921 6242.416608903 -0.96891335163 -7.11067103516 -2.74936808957
2024-01-07T21:03:00.000000 457.462103333 -2910.971939527 6062.991911968 -1.00679309863 -6.90069140476 -3.22913788095
2024-01-07T21:04:00.000000 396.034895510 -3317.906026094 5855.220314344 -1.03998569100 -6.65849691109 -3.69389727275
2024-01-07T21:05:00.000000 332.760684275 -3709.369392396 5620.067895651 -1.06833581478 -6.38519842807 -4.14147639305
2024-01-07T21:06:00.000000 267.934131369 -4083.532803983 5358.628669797 -1.09171000104 -6.08205306126 -4.56978227188
2024-01-07T21:07:00.000000 201.857243424 -4438.646675600 5072.119680088 -1.10999699066 -5.75045800301 -4.97680845628
2024-01-07T21:08:00.000000 134.838018028 -4773.049319573 4761.875539137 -1.12310849291 -5.39194484552 -5.36064401469
2024-01-07T21:09:00.000000 67.189036772 -5085.174809828 4429.342409537 -1.13098019539 -5.00817332002 -5.71948282909
2024-01-07T21:10:00.000000 -0.774002328 -5373.560481576 4076.071461592 -1.13357258941 -4.60092387070 -6.05163251798
2024-01-07T21:11:00.000000 -68.733783815 -5636.853907876 3703.711787549 -1.13087130621 -4.17208960986 -6.35552248101
2024-01-07T21:12:00.000000 -136.372881299 -5873.819431628 3314.002879681 -1.12288696963 -3.72366827818 -6.62971130457
2024-01-07T21:13:00.000000 -203.375248426 -6083.344191282 2908.766649862 -1.10965486798 -3.25775437622 -6.87289401812
2024-01-07T21:14:00.000000 -269.427690697 -6264.443711255 2489.899035591 -1.09123484377 -2.77653095645 -7.08390983049
2024-01-07T21:15:00.000000 -334.221345800 -6416.266906048 2059.361081960 -1.06771145504 -2.28225975013 -7.26175040043
2024-01-07T21:16:00.000000 -397.453167377 -6538.100449515 1619.169574468 -1.03919396418 -1.77726863940 -7.40556708184
2024-01-07T21:17:00.000000 -458.827393035 -6629.372324853 1171.387314939 -1.00581582871 -1.26393797352 -7.51467513961
2024-01-07T21:18:00.000000 -518.056977109 -6689.654609815 718.113223371 -0.96773399087 -0.74468856896 -7.58855555337
2024-01-07T21:19:00.000000 -574.864981349 -6718.665587141 261.472334472 -0.92512838382 -0.22197153920 -7.62685745483
2024-01-07T21:20:00.000000 -628.985941634 -6716.271241062 -196.394412212 -0.87820137180 0.30174315533 -7.62940207342
2024-01-07T21:21:00.000000 -680.167175819 -6682.485950478 -653.340571542 -0.82717648588 0.82398112892 -7.59618529868
2024-01-07T21:22:00.000000 -728.170006284 -6617.472335239 -1107.224689880 -0.77229654141 1.34227820724 -7.52737645180
2024-01-07T21:23:00.000000 -772.770856869 -6521.540243246 -1555.920583051 -0.71382196388 1.85419243172 -7.42331509471
2024-01-07T21:24:00.000000 -813.762279406 -6395.145118901 -1997.327496915 -0.65202972316 2.35731461001 -7.28450893076
2024-01-07T21:25:00.000000 -850.953910652 -6238.885657479 -2429.380135426 -0.58721228497 2.84928041645 -7.11163221152
2024-01-07T21:26:00.000000 -884.173367513 -6053.500762312 -2850.058582668 -0.51967599528 3.32778363601 -6.90552187229
2024-01-07T21:27:00.000000 -913.267013015 -5839.865656052 -3257.397853741 -0.44973921063 3.79058767338 -6.66717123230
2024-01-07T21:28:00.000000 -938.100635322 -5598.987442645 -3649.497100674 -0.37773081316 4.23553488743 -6.39772378990
2024-01-07T21:29:00.000000 -958.560037443 -5332.000057919 -4024.528446128 -0.30398900820 4.66055606014 -6.09846782918
2024-01-07T21:30:00.000000 -974.551562724 -5040.158708733 -4380.745511510 -0.22885975928 5.06368092191 -5.77082990267
2024-01-07T21:31:00.000000 -986.002489971 -4724.833582791 -4716.491440218 -0.15269470192 5.44304782736 -5.41636631013
2024-01-07T21:32:00.000000 -992.861314417 -4387.503120680 -5030.206423324 -0.07584905829 5.79691151276 -5.03675403122
2024-01-07T21:33:00.000000 -995.097908269 -4029.746793266 -5320.434662120 0.00132000279 6.12365000798 -4.63378206349
2024-01-07T21:34:00.000000 -992.703601549 -3653.237546932 -5585.830847097 0.07845469134 6.42177145005 -4.20934214435
2024-01-07T21:35:00.000000 -985.691175032 -3259.733776250 -5825.165990749 0.15519796523 6.68991962651 -3.76541859628
2024-01-07T21:36:00.000000 -974.094770367 -2851.071090874 -6037.332706976 0.23119517388 6.92687781081 -3.30407877374
2024-01-07T21:37:00.000000 -957.969686408 -2429.153808907 -6221.349918289 0.30609598828 7.13157250085 -2.82746484546
2024-01-07T21:38:00.000000 -937.392064952 -1995.946269092 -6376.367129653 0.37955637726 7.30307817147 -2.33778499528
2024-01-07T21:39:00.000000 -912.458459872 -1553.463777413 -6501.668037315 0.45124009264 7.44062147260 -1.83730259605
2024-01-07T21:40:00.000000 -883.285349224 -1103.763432763 -6596.673511432 0.52081939901 7.54358304302 -1.32832473044
2024-01-07T21:41:00.000000 -850.008602540 -648.934854609 -6660.943902226 0.58797553453 7.61149771702 -0.81319257618
2024-01-07T21:42:00.000000 -812.782928803 -191.090949999 -6694.180867765 0.65239983194 7.64405533127 -0.29427349691
2024-01-07T21:43:00.000000 -771.781200206 267.641474447 -6696.228684621 0.71379573381 7.64110270512 0.22604713026
2024-01-07T21:44:00.000000 -727.193666557 725.131174775 -6667.075059225 0.77188086551 7.60264540400 0.74537558514
2024-01-07T21:45:00.000000 -679.227061978 1179.252022417 -6606.851299425 0.82638824000 7.52884839002 1.26132023907
2024-01-07T21:46:00.000000 -628.103666942 1627.892565659 -6515.831901951 0.87706669721 7.42003587637 1.77150197683
2024-01-07T21:47:00.000000 -574.060343920 2068.965569485 -6394.433464296 0.92368146553 7.27669071443 2.27356469251
2024-01-07T21:48:00.000000 -517.347521524 2500.417495170 -6243.212998820 0.96601533097 7.09945283928 2.76518599808
2024-01-07T21:49:00.000000 -458.228100009 2920.237839353 -6062.865574382 1.00387007137 6.88911642687 3.24408764463
2024-01-07T21:50:00.000000 -396.976271576 3326.468291511 -5854.221406440 1.03706758937 6.64662622972 3.70804499840
2024-01-07T21:51:00.000000 -333.876292764 3717.211651395 -5618.242355208 1.06545064873 6.37307412515 4.15489561138
2024-01-07T21:52:00.000000 -269.221212241 4090.640582722 -5356.017956333 1.08888352373 6.06969642059 4.58254789374
2024-01-07T21:53:00.000000 -203.311559074 4445.006180667 -5068.760851086 1.10725270385 5.73787119695 4.98899116420
2024-01-07T21:54:00.000000 -136.453990036 4778.646395459 -4757.801630096 1.12046755259 5.37911393284 5.37230706149
2024-01-07T21:55:00.000000 -68.959899019 5089.994045899 -4424.582925964 1.12846090062 4.99507045135 5.73068051330
2024-01-07T21:56:00.000000 -1.143988641 5377.584404615 -4070.652957385 1.13118974767 4.58750853359 6.06240846395
2024-01-07T21:57:00.000000 66.677202194 5640.062278302 -3697.658587847 1.12863598412 4.15831044573 6.36590699766
2024-01-07T21:58:00.000000 134.186802197 5876.188674886 -3307.337935806 1.12080668685 3.70946655337 6.63971920179
2024-01-07T21:59:00.000000 201.069116096 6084.847103506 -2901.512514693 1.10773380998 3.24306781044 6.88252449290
2024-01-07T22:00:00.000000 267.011101127 6265.049294495 -2482.078744045 1.08947385089 2.76129584070 7.09314746326
2024-01-07T22:01:00.000000 331.703847497 6415.940319215 -2050.999040571 1.06610815666 2.26641173562 7.27056478449
2024-01-07T22:02:00.000000 394.844084192 6536.803011181 -1610.292501932 1.03774351122 1.76074494015 7.41391098855
2024-01-07T22:03:00.000000 456.135711610 6627.061749151 -1162.025290722 1.00451182664 1.24668161996 7.52248422182
2024-01-07T22:04:00.000000 515.291257685 6686.285454578 -708.300638509 0.96656857284 0.72665179569 7.59575095629
2024-01-07T22:05:00.000000 572.033242565 6714.189843354 -251.248680977 0.92409115803 0.20311637706 7.63334829947
2024-01-07T22:06:00.000000 626.095476398 6710.638907407 206.983828306 0.87727846414 -0.32144441406 7.63508500202
2024-01-07T22:07:00.000000 677.224349234 6675.645771989 664.243834433 0.82635099771 -0.84454228870 7.60094320717
2024-01-07T22:08:00.000000 725.180115426 6609.372771973 1118.382479655 0.77155010134 -1.36369384333 7.53108059910
2024-01-07T22:09:00.000000 769.738083831 6512.130740416 1567.265640309 0.71313594686 -1.87643513526 7.42583046797
2024-01-07T22:10:00.000000 810.689695129 6384.377402822 2008.784395044 0.65138565330 -2.38033561033 7.28569892805
2024-01-07T22:11:00.000000 847.843493291 6226.715015957 2440.865271676 0.58659236606 -2.87301046942 7.11136087534
2024-01-07T22:12:00.000000 881.026075871 6039.887247708 2861.480253862 0.51906433962 -3.35213256973 6.90365584398
2024-01-07T22:13:00.000000 910.082935919 5824.775371471 3268.656513786 0.44912278849 -3.81544424273 6.66358292686
2024-01-07T22:14:00.000000 934.879161694 5582.393759232 3660.485796763 0.37709908654 -4.26076787974 6.39229448083
2024-01-07T22:15:00.000000 955.299972900 5313.884817454 4035.133431199 0.30333293942 -4.68601515301 6.09108976879
2024-01-07T22:16:00.000000 971.251210231 5020.513329278 4390.846957557 0.22817183151 -5.08919667960 5.76140897104
2024-01-07T22:17:00.000000 982.659779226 4703.660202069 4725.964380264 0.15197018180 -5.46843290316 5.40482582909
2024-01-07T22:18:00.000000 989.474001883 4364.815565935 5038.921883970 0.07508706736 -5.82196409710 5.02303777090
2024-01-07T22:19:00.000000 991.663813570 4005.571357487 5328.260950384 -0.00211672018 -6.14815731784 4.61785514877
2024-01-07T22:20:00.000000 989.220789942 3627.613564178 5592.634822740 -0.07928082229 -6.44551126297 4.19119177871
2024-01-07T22:21:00.000000 982.158087280 3232.714179186 5830.814472371 -0.15604644531 -6.71266132709 3.74505654510
2024-01-07T22:22:00.000000 970.510313514 2822.722825868 6041.694018934 -0.23205736600 -6.94838527295 3.28154435267
2024-01-07T22:23:00.000000 954.333344109 2399.558066596 6224.295627258 -0.30696138637 -7.15160823307 2.80282616356
2024-01-07T22:24:00.000000 933.704020212 1965.198429318 6377.773742154 -0.38041198977 -7.32140680236 2.31113905050
2024-01-07T22:25:00.000000 908.719766195 1521.673203385 6501.418770287 -0.45206987325 -7.45701301137 1.80877609775
2024-01-07T22:26:00.000000 879.498108632 1071.053005578 6594.660093094 -0.52160444144 -7.55781768877 1.29807518392
2024-01-07T22:27:00.000000 846.176114139 615.440198891 6657.068434066 -0.58869531320 -7.62337179407 0.78140732004
2024-01-07T22:28:00.000000 808.909730905 156.959292252 6688.357501425 -0.65303360386 -7.65338611949 0.26116646884
2024-01-07T22:29:00.000000 767.873071311 -302.252650845 6688.385116647 -0.71432290343 -7.64773155954 -0.26023914335
2024-01-07T22:30:00.000000 723.257631010 -760.055657893 6657.153777427 -0.77228031092 -7.60644051853 -0.78039653690
2024-01-07T22:31:00.000000 675.271442837 -1214.316564021 6594.810635123 -0.82663782556 -7.52970730350 -1.29689933340
2024-01-07T22:32:00.000000 624.138132629 -1662.918665846 6501.646744381 -0.87714390368 -7.41788600065 -1.80735883400
2024-01-07T22:33:00.000000 570.095892220 -2103.771241188 6378.095709085 -0.92356471250 -7.27148779988 -2.30941283342
2024-01-07T22:34:00.000000 513.396389709 -2534.818905988 6224.731893975 -0.96568503294 -7.09117991558 -2.80073367251
2024-01-07T22:35:00.000000 454.303627645 -2954.050995008 6042.268034002 -1.00330905771 -6.87778535519 -3.27903808979
2024-01-07T22:36:00.000000 393.092753601 -3359.510848892 5831.552242640 -1.03626125315 -6.63228078757 -3.74209883624
2024-01-07T22:37:00.000000 330.048816284 -3749.304910964 5593.564304743 -1.06438723304 -6.35579210914 -4.18775558349
2024-01-07T22:38:00.000000 265.465473170 -4121.611532491 5329.411389173 -1.08755458814 -6.04958964081 -4.61392429885
2024-01-07T22:39:00.000000 199.643647298 -4474.689512178 5040.323178825 -1.10565363789 -5.71508393378 -5.01860672633
2024-01-07T22:40:00.000000 132.890146818 -4806.886369182 4727.646417890 -1.11859796837 -5.35382064414 -5.39990094636
2024-01-07T22:41:00.000000 65.516259349 -5116.646229252 4392.838811958 -1.12632467812 -4.96747329684 -5.75601167654
2024-01-07T22:42:00.000000 -2.163662239 -5402.517269564 4037.462370768 -1.12879457652 -4.55783500529 -6.08525875322
2024-01-07T22:43:00.000000 -69.833637826 -5663.158639270 3663.176277198 -1.12599272319 -4.12681073216 -6.38608435303
2024-01-07T22:44:00.000000 -137.177540305 -5897.346966709 3271.729330650 -1.11792926656 -3.67640998342 -6.65706048666
2024-01-07T22:45:00.000000 -203.880617126 -6103.982368745 2864.951904833 -1.10464001619 -3.20873864359 -6.89689721234
2024-01-07T22:46:00.000000 -269.631035226 -6282.093990335 2444.747431238 -1.08618626115 -2.72598931080 -7.10445069744
2024-01-07T22:47:00.000000 -334.121381903 -6430.844850911 2013.083405438 -1.06265397230 -2.23043041192 -7.27873024023
2024-01-07T22:48:00.000000 -397.050122606 -6549.536070797 1571.982029868 -1.03415299209 -1.72439468031 -7.41890390912
2024-01-07T22:49:00.000000 -458.123017772 -6637.610357840 1123.510540889 -1.00081663025 -1.21026753535 -7.52430294310
2024-01-07T22:50:00.000000 -517.054527678 -6694.654854784 669.771318195 -0.96280151255 -0.69047547639 -7.59442554588
2024-01-07T22:51:00.000000 -573.569200204 -6720.403212688 212.891744260 -0.92028716978 -0.16747383458 -7.62894050197
2024-01-07T22:52:00.000000 -627.403017971 -6714.736934462 -244.986111471 -0.87347500392 0.35626688323 -7.62768966608
2024-01-07T22:53:00.000000 -678.304666675 -6677.685846334 -701.715881897 -0.82258676927 0.87827502027 -7.59068781233
2024-01-07T22:54:00.000000 -726.036710140 -6609.427809604 -1155.157223210 -0.76786312737 1.39608988508 -7.51812035016
2024-01-07T22:55:00.000000 -770.376694428 -6510.287741073 -1603.185984714 -0.70956270377 1.90727168276 -7.41034164940
2024-01-07T22:56:00.000000 -811.118207134 -6380.736066350 -2043.704357763 -0.64796141185 2.40941218114 -7.26787522479
2024-01-07T22:57:00.000000 -848.071879325 -6221.386403372 -2474.650991096 -0.58335135682 2.90014855429 -7.09141317753
2024-01-07T22:58:00.000000 -881.066314644 -6032.992416819 -2894.011043050 -0.51603897395 3.37717837393 -6.88181172197
2024-01-07T22:59:00.000000 -909.948872645 -5816.443776321 -3299.825760076 -0.44634275456 3.83827191918 -6.64008337448
2024-01-07T23:00:00.000000 -934.586334319 -5572.761538896 -3690.201643811 -0.37459125369 4.28128108303 -6.36738945682
2024-01-07T23:01:00.000000 -954.865456529 -5303.092963216 -4063.319179538 -0.30112166649 4.70414784093 -6.06503430050
2024-01-07T23:02:00.000000 -970.693461638 -5008.705876425 -4417.441268525 -0.22627867473 5.10491409481 -5.73445898866
2024-01-07T23:03:00.000000 -981.998442153 -4690.982330263 -4750.921164002 -0.15041305971 5.48173124494 -5.37723296502
2024-01-07T23:04:00.000000 -988.729673814 -4351.411826303 -5062.209908928 -0.07387974278 5.83286775675 -4.99504473466
2024-01-07T23:05:00.000000 -990.857790681 -3991.584065674 -5349.863201065 0.00296462999 6.15671537138 -4.58969332312
2024-01-07T23:06:00.000000 -988.374819883 -3613.181420422 -5612.547802451 0.07976397302 6.45179536917 -4.16307986874
2024-01-07T23:07:00.000000 -981.294097190 -3217.970930236 -5849.047367307 0.15616420976 6.71676454233 -3.71719833806
2024-01-07T23:08:00.000000 -969.650128339 -2807.796046583 -6058.267736745 0.23181394186 6.95042011139 -3.25412580179
2024-01-07T23:09:00.000000 -953.498397065 -2384.568048772 -6239.241618459 0.30636522891 7.15170412856 -2.77601308988
2024-01-07T23:10:00.000000 -932.915129905 -1950.257255780 -6391.132760362 0.37947524596 7.31970786806 -2.28507493133
2024-01-07T23:11:00.000000 -907.996909423 -1506.883938328 -6513.239424009 0.45080844863 7.45367494002 -1.78357891050
2024-01-07T23:12:00.000000 -878.860192621 -1056.509168195 -6604.997247888 0.52003819426 7.55300200483 -1.27383479532
2024-01-07T23:13:00.000000 -845.640741667 -601.225608062 -6665.981495512 0.58684753164 7.61723879993 -0.75818633038
2024-01-07T23:14:00.000000 -808.493032529 -143.148325143 -6695.908919123 0.65093004490 7.64609008906 -0.23900418123
2024-01-07T23:15:00.000000 -767.589567576 315.594651955 -6694.639092689 0.71199146662 7.63941917420 0.28132297731
2024-01-07T23:16:00.000000 -723.120093859 772.871899821 -6662.175168731 0.76975153327 7.59724984953 0.80040000975
2024-01-07T23:17:00.000000 -675.290724103 1226.558228756 -6598.663907511 0.82394508609 7.51976556266 1.31583673648
2024-01-07T23:18:00.000000 -624.323018192 1674.544194053 -6504.395094471 0.87432243779 7.40730781443 1.82525749515
2024-01-07T23:19:00.000000 -570.453039414 2114.745573497 -6379.800391001 0.92064999399 7.26037567916 2.32631023261
2024-01-07T23:20:00.000000 -513.930349133 2545.112805060 -6225.451617087 0.96271165738 7.07962512633 2.81667698848
2024-01-07T23:21:00.000000 -455.016911575 2963.640323619 -6042.058365383 1.00031042736 6.86586629802 3.29408493545
2024-01-07T23:22:00.000000 -393.985907745 3368.375700738 -5830.465004121 1.03326940782 6.62005939925 3.75631597791
2024-01-07T23:23:00.000000 -331.120518917 3757.428530529 -5591.647135420 1.06143228254 6.34331133464 4.20121500226
2024-01-07T23:24:00.000000 -266.712672985 4128.979172236 -5326.707566204 1.08466393023 6.03687343042 4.62669871517
2024-01-07T23:25:00.000000 -201.061745957 4481.287310748 -5036.871678829 1.10285141272 5.70213844300 5.03076611585
2024-01-07T23:26:00.000000 -134.473199495 4812.700336458 -4723.482179550 1.11590488626 5.34063546347 5.41150953707
2024-01-07T23:27:00.000000 -67.257181968 5121.661295529 -4387.993170759 1.12375803404 4.95402306678 5.76712484341
2024-01-07T23:28:00.000000 0.272891030 5406.716452453 -4031.963674122 1.12636830962 4.54408186786 6.09592039804
2024-01-07T23:29:00.000000 67.801776163 5666.522380149 -3657.050622864 1.12371746321 4.11270712156 6.39632537506
2024-01-07T23:30:00.000000 135.013883588 5899.852615657 -3265.001366979 1.11581232045 3.66190111888 6.66689803577
2024-01-07T23:31:00.000000 201.594798941 6105.603844937 -2857.645685152 1.10268523818 3.19376474155 6.90633413236
2024-01-07T23:32:00.000000 267.232809962 6282.801520058 -2436.887278343 1.08439386662 2.71048771898 7.11347495817
2024-01-07T23:33:00.000000 331.620407751 6430.604870839 -2004.694826530 1.06102056271 2.21433777598 7.28731429813
2024-01-07T23:34:00.000000 394.455756406 6548.311246856 -1563.092662884 1.03267201434 1.70764938787 7.42700405577
2024-01-07T23:35:00.000000 455.444146736 6635.359796009 -1114.151145107 0.99947911090 1.19281253077 7.53185909841
2024-01-07T23:36:00.000000 514.299441297 6691.334437371 -659.976732698 0.96159654930 0.67226105480 7.60136177208
2024-01-07T23:37:00.000000 570.745476578 6715.966126493 -202.701822997 0.91920192222 0.14846022345 7.63516570725
2024-01-07T23:38:00.000000 624.517405141 6709.134345123 255.525608705 0.87249465695 -0.37610637928 7.63309830407
2024-01-07T23:39:00.000000 675.362978374 6670.867821795 712.552474664 0.82169521071 -0.89895004262 7.59516180505
2024-01-07T23:40:00.000000 723.043788158 6601.344428471 1166.231068930 0.76704428520 -1.41758997352 7.52153328209
2024-01-07T23:41:00.000000 767.336444706 6500.890326207 1614.429532907 0.70880153169 -1.92956613947 7.41256368608
2024-01-07T23:42:00.000000 808.033661819 6369.978330830 2055.042236401 0.64724378902 -2.43245189050 7.26877599744
2024-01-07T23:43:00.000000 844.945237685 6209.225556303 2486.000024581 0.58266345249 -2.92386660041 7.09086245448
2024-01-07T23:44:00.000000 877.898949641 6019.390240806 2905.280256115 0.51536723047 -3.40148859955 6.87968048264
2024-01-07T23:45:00.000000 906.741373873 5801.367837885 3310.916547041 0.44567476104 -3.86306778187 6.63624675945
2024-01-07T23:46:00.000000 931.338601700 5556.186378246 3701.008107410 0.37391661023 -4.30643644129 6.36172987519
2024-01-07T23:47:00.000000 951.576832179 5285.001272935 4073.728642783 0.30043198059 -4.72951790528 6.05744323220
2024-01-07T23:48:00.000000 967.362826517 4989.089596213 4427.334858010 0.22556690045 -5.13033465281 5.72483917870
2024-01-07T23:49:00.000000 978.624282590 4669.843867059 4760.174621855 0.14967303351 -5.50701780927 5.36550299556
2024-01-07T23:50:00.000000 985.310135162 4328.765212567 5070.694697316 0.07310648206 -5.85781756849 4.98114458708
2024-01-07T23:51:00.000000 987.390780833 3967.455950660 5357.447930588 -0.00377398774 -6.18111213160 4.57358767871
2024-01-07T23:52:00.000000 984.858164409 3587.611706674 5619.099712977 -0.08060911970 -6.47541380141 4.14475856529
2024-01-07T23:53:00.000000 977.725752132 3191.013237009 5854.433841680 -0.15704108052 -6.73937323312 3.69667627404
2024-01-07T23:54:00.000000 966.028401778 2779.517997272 6062.357815317 -0.23271481989 -6.97178367005 3.23144396891
2024-01-07T23:55:00.000000 949.822163823 2355.051461033 6241.907641511 -0.30727921970 -7.17158586465 2.75124016412
2024-01-07T23:56:00.000000 929.184001525 1919.598098613 6392.252046611 -0.38038855759 -7.33787302179 2.25830873781
2024-01-07T23:57:00.000000 904.211413237 1475.192114723 6512.696071911 -0.45170438631 -7.46989468169 1.75494770514
2024-01-07T23:58:00.000000 875.021938466 1023.907994046 6602.683970502 -0.52089739948 -7.56705878333 1.24349771287
2024-01-07T23:59:00.000000 841.752564787 567.850979777 6661.801455173 -0.58764881066 -7.62893223059 0.72633150740
2024-01-08T00:00:00.000000 804.559068409 109.147520526 6689.777330384 -0.65165127228 -7.65524132939 0.20584471990
2024-01-08T00:01:00.000000 763.615300050 -350.064323633 6686.484599058 -0.71260982356 -7.64587298137 -0.31555325299
2024-01-08T00:02:00.000000 719.112403468 -807.644554883 6651.940980232 -0.77024321026 -7.60087585968 -0.83544958573
2024-01-08T00:03:00.000000 671.257949267 -1261.460947337 6586.308796225 -0.82428542374 -7.52046006200 -1.35143908390
2024-01-08T00:04:00.000000 620.274976160 -1709.398677391 6489.894197324 -0.87448707269 -7.40499532579 -1.86113434921
2024-01-08T00:05:00.000000 566.400958838 -2149.369857924 6363.145796327 -0.92061643076 -7.25500942704 -2.36217478273
2024-01-08T00:06:00.000000 509.886726884 -2579.322978961 6206.652834171 -0.96246028697 -7.07118719743 -2.85223601925
2024-01-08T00:07:00.000000 450.995326945 -2997.252298672 6021.142645574 -0.99982466763 -6.85436888647 -3.32904055241
2024-01-08T00:08:00.000000 390.000853209 -3401.207072881 5807.477548618 -1.03253543195 -6.60554688598 -3.79036845556
2024-01-08T00:09:00.000000 327.187235434 -3789.300566630 5566.651069408 -1.06043890153 -6.32586179478 -4.23406703954
2024-01-08T00:10:00.000000 262.846991614 -4159.718835167 5299.783665209 -1.08340277068 -6.01659874612 -4.65806030644
2024-01-08T00:11:00.000000 197.279906470 -4510.729276863 5008.117781559 -1.10131724680 -5.67918322277 -5.06035936990
2024-01-08T00:12:00.000000 130.791652309 -4840.688883063 4693.012318462 -1.11409601415 -5.31517493278 -5.43907321971
2024-01-08T00:13:00.000000 63.692361668 -5148.052060906 4355.936449308 -1.12167674571 -4.92626020258 -5.79241824140
2024-01-08T00:14:00.000000 -3.704818143 -5431.378009123 3998.462948408 -1.12402133763 -4.51424433618 -6.11872635118
2024-01-08T00:15:00.000000 -71.085187216 -5689.337627400 3622.261005761 -1.12111617790 -4.08104427065 -6.41645289297
2024-01-08T00:16:00.000000 -138.133971114 -5920.719987407 3229.088591088 -1.11297242028 -3.62868055338 -6.68418463363
2024-01-08T00:17:00.000000 -204.537808974 -6124.438269571 2820.784329408 -1.09962604829 -3.15926843871 -6.92064727772
2024-01-08T00:18:00.000000 -269.986241345 -6299.535193900 2399.258966968 -1.08113772499 -2.67500864090 -7.12471251896
2024-01-08T00:19:00.000000 -334.173184431 -6445.187835159 1966.486384446 -1.05759264964 -2.17817744688 -7.29540524248
2024-01-08T00:20:00.000000 -396.798401539 -6560.711832491 1524.494200923 -1.02910047091 -1.67111510494 -7.43191030803
2024-01-08T00:21:00.000000 -457.568959561 -6645.564823341 1075.354019814 -0.99579499624 -1.15621278251 -7.53357732859
2024-01-08T00:22:00.000000 -516.200664442 -6699.349136020 621.171458000 -0.95783345420 -0.63589993697 -7.59992317419
2024-01-08T00:23:00.000000 -572.419429375 -6721.813720963 164.076056890 -0.91539538506 -0.11263293732 -7.63063386951
2024-01-08T00:24:00.000000 -625.962580943 -6712.855443576 -293.788939612 -0.86868149220 0.41111636437 -7.62556694244
2024-01-08T00:25:00.000000 -676.580097748 -6672.519610901 -750.276925800 -0.81791271121 0.93287340799 -7.58475325191
2024-01-08T00:26:00.000000 -724.035803954 -6600.999768614 -1203.248363340 -0.76332944334 1.45017440157 -7.50839704074
2024-01-08T00:27:00.000000 -768.108508172 -6498.636625687 -1650.581129318 -0.70519060828 1.96057940447 -7.39687445292
2024-01-08T00:28:00.000000 -808.593075732 -6365.916262436 -2090.180775398 -0.64377221892 2.46168507074 -7.25073120472
2024-01-08T00:29:00.000000 -845.301400354 -6203.467526938 -2519.990587751 -0.57936557536 2.95113735695 -7.07067897629
2024-01-08T00:30:00.000000 -878.063268735 -6012.058750515 -2938.001415849 -0.51227554168 3.42664334823 -6.85759016767
2024-01-08T00:31:00.000000 -906.727131276 -5792.593733791 -3342.261121553 -0.44281918113 3.88598155377 -6.61249210658
2024-01-08T00:32:00.000000 -931.160796522 -5546.107186653 -3730.883729731 -0.37132439905 4.32701181576 -6.33656173324
2024-01-08T00:33:00.000000 -951.252024319 -5273.759505253 -4102.058205364 -0.29812808576 4.74768609869 -6.03111959592
2024-01-08T00:34:00.000000 -966.909005379 -4976.830955441 -4454.056876027 -0.22357388725 5.14605891703 -5.69762154398
2024-01-08T00:35:00.000000 -978.060699934 -4656.715241879 -4785.243221500 -0.14801028663 5.52029517040 -5.33764901056
2024-01-08T00:36:00.000000 -984.657091544 -4314.912732637 -5094.079170013 -0.07178930985 5.86867578253 -4.95290061850
2024-01-08T00:37:00.000000 -986.669357618 -3953.023285330 -5379.131893467 0.00473463747 6.18960396412 -4.54518547531
2024-01-08T00:38:00.000000 -984.089979108 -3572.738725843 -5639.080265317 0.08120637526 6.48161311968 -4.11641551301
2024-01-08T00:39:00.000000 -976.932719156 -3175.834767441 -5872.720694629 0.15727186422 6.74337411408 -3.66859529224
2024-01-08T00:40:00.000000 -965.232507179 -2764.162634010 -6078.972372071 0.23257994886 6.97370002254 -3.20381090500
2024-01-08T00:41:00.000000 -949.045212697 -2339.640397616 -6256.881832451 0.30678388173 7.17154932672 -2.72422000056
2024-01-08T00:42:00.000000 -928.447343040 -1904.244202898 -6405.626999354 0.37954294942 7.33602911814 -2.23204233559
2024-01-08T00:43:00.000000 -903.535622564 -1459.999225786 -6524.520587026 0.45052410188 7.46639780536 -1.72954987649
2024-01-08T00:44:00.000000 -874.426500955 -1008.970571581 -6613.012961330 0.51940310639 7.56206648479 -1.21905723795
2024-01-08T00:45:00.000000 -841.255595118 -553.254050188 -6670.694418835 0.58586520880 7.62260034358 -0.70291356491
2024-01-08T00:46:00.000000 -804.177109132 -94.966887095 -6697.297060801 0.64960600429 7.64772157999 -0.18349416076
2024-01-08T00:47:00.000000 -763.363160197 363.761825343 -6692.696016100 0.71033297140 7.63731238835 0.33681019786
2024-01-08T00:48:00.000000 -719.003017510 820.800732412 -6656.910029689 0.76776720156 7.59141523585 0.85560525213
2024-01-08T00:49:00.000000 -671.302242526 1274.025805078 -6590.101335406 0.82164463271 7.51023096386 1.37050336429
2024-01-08T00:50:00.000000 -620.481776306 1721.329764950 -6492.575033518 0.87171686734 7.39411768670 1.87913181195
2024-01-08T00:51:00.000000 -566.776970352 2160.631559180 -6364.777902797 0.91775209489 7.24359119086 2.37914223259
2024-01-08T00:52:00.000000 -510.436560837 2589.885786367 -6207.296605969 0.95953614707 7.05932375710 2.86822221139
2024-01-08T00:53:00.000000 -451.721583982 3007.091988537 -6020.855201642 0.99687326753 6.84214022977 3.34410577400
2024-01-08T00:54:00.000000 -390.904256259 3410.303668685 -5806.312121339 1.02958667266 6.59301433534 3.80458096078
2024-01-08T00:55:00.000000 -328.266808235 3797.637196875 -5564.656708583 1.05751956830 6.31306781770 4.24749752284
2024-01-08T00:56:00.000000 -264.100236005 4167.280677531 -5297.005189790 1.08053682162 6.00356950597 4.67077835026
2024-01-08T00:57:00.000000 -198.702956707 4517.502626186 -5004.595897832 1.09852650288 5.66593000643 5.07243279951
2024-01-08T00:58:00.000000 -132.379385502 4846.660242610 -4688.783729795 1.11140050542 5.30169298870 5.45056696462
2024-01-08T00:59:00.000000 -65.438513205 5153.207140285 -4351.034153047 1.11909445097 4.91252789680 5.80339026960
2024-01-08T01:00:00.000000 1.807519348 5435.700770966 -3992.916796321 1.12156773079 4.50022564718 6.12922263656
2024-01-08T01:01:00.000000 69.044856854 5692.809550573 -3616.098525659 1.11880393720 4.06669347979 6.42650492962
2024-01-08T01:02:00.000000 135.959397254 5923.319614400 -3222.335845748 1.11081124421 3.61394589362 6.69380985454
2024-01-08T01:03:00.000000 202.238266859 6126.140901394 -2813.466739712 1.09762241014 3.14409351649 6.92984976498
2024-01-08T01:04:00.000000 267.571291832 6300.312632492 -2391.402124160 1.07929465095 2.65933340497 7.13348223600
2024-01-08T01:05:00.000000 331.652463684 6445.008208897 -1958.116942514 1.05590963638 2.16194036694 7.30371649578
2024-01-08T01:06:00.000000 394.181408383 6559.539619604 -1515.640851935 1.02757344330 1.65425643422 7.43972087281
2024-01-08T01:07:00.000000 454.864840647 6643.361059685 -1066.048481712 0.99441623458 1.13867793865 7.54082860101
2024-01-08T01:08:00.000000 513.417996647 6696.071818921 -611.449440665 0.95659179208 0.61764261997 7.60654101651
2024-01-08T01:09:00.000000 569.566035618 6717.418379599 -153.978144176 0.91427709096 0.09361804358 7.63653006365
2024-01-08T01:10:00.000000 623.045419250 6707.295901721 304.216496048 0.86767170392 -0.43091036660 7.63064139509
2024-01-08T01:11:00.000000 673.605233845 6665.748853256 760.981585993 0.81699666877 -0.95345314291 7.58889668372
2024-01-08T01:12:00.000000 721.008431769 6592.970834525 1214.170808420 0.76249284435 -1.47153131480 7.51149328626
2024-01-08T01:13:00.000000 765.032967765 6489.303520820 1661.654903015 0.70441919980 -1.98268953394 7.39880175101
2024-01-08T01:14:00.000000 805.472840854 6355.234920979 2101.331960557 0.64305132757 -2.48450768393 7.25136288903
2024-01-08T01:15:00.000000 842.139050957 6191.396905607 2531.137560579 0.57868012876 -2.97461233856 7.06988504525
2024-01-08T01:16:00.000000 874.860479998 5998.562052403 2949.054728397 0.51161053002 -3.45068880833 6.85524060786
2024-01-08T01:17:00.000000 903.484693211 5777.639747288 3353.123631291 0.44216022685 -3.91049319661 6.60846113004
2024-01-08T01:18:00.000000 927.878668868 5529.671603957 3741.450958704 0.37065833963 -4.35186387795 6.33073128942
2024-01-08T01:19:00.000000 947.929433198 5255.826193269 4112.218902956 0.29744366942 -4.77273232715 6.02338194802
2024-01-08T01:20:00.000000 963.544574663 4957.393154496 4463.693698678 0.22286243854 -5.17113305636 5.68788221134
2024-01-08T01:21:00.000000 974.652618657 4635.776740409 4794.233655940 0.14726595730 -5.54521216357 5.32583084530
2024-01-08T01:22:00.000000 981.203274448 4292.488909066 5102.296690197 0.07100878956 -5.89323472465 4.93894777603
2024-01-08T01:23:00.000000 983.167589960 3929.141967016 5386.447339901 -0.00555251893 -6.21359199175 4.52906576872
2024-01-08T01:24:00.000000 980.538036121 3547.440774067 5645.363272082 -0.08206065919 -6.50480875364 4.09812132199
2024-01-08T01:25:00.000000 973.328506856 3149.174526907 5877.841192167 -0.15815909156 -6.76554987204 3.64814423721
2024-01-08T01:26:00.000000 961.574223507 2736.208206945 6082.802123858 -0.23349373547 -6.99462504116 3.18124676734
2024-01-08T01:27:00.000000 945.331538916 2310.473781894 6259.296046567 -0.30771453928 -7.19099224749 2.69961361220
2024-01-08T01:28:00.000000 924.677649677 1873.961206426 6406.505966265 -0.38047705004 -7.35376117115 2.20549263465
2024-01-08T01:29:00.000000 899.710205708 1428.709214707 6523.751405101 -0.45144424270 -7.48219669956 1.70118509370
2024-01-08T01:30:00.000000 870.546807934 976.795920743 6610.491303945 -0.52028842158 -7.57572162956 1.18903499549
2024-01-08T01:31:00.000000 837.324401313 520.329295406 6666.326257904 -0.58669265507 -7.63391808983 0.67141842134
2024-01-08T01:32:00.000000 800.198603942 61.437579290 6691.000141200 -0.65035158367 -7.65652843299 0.15073353433
2024-01-08T01:33:00.000000 759.342988459 -397.740357038 6684.401128287 -0.71097215726 -7.64345616407 -0.37060917625
2024-01-08T01:34:00.000000 714.948313541 -855.064706175 6646.562142096 -0.76827483244 -7.59476655391 -0.89019711269
2024-01-08T01:35:00.000000 667.221666261 -1308.404421714 6577.660667218 -0.82199517444 -7.51068618299 -1.40562601561
2024-01-08T01:36:00.000000 616.385509419 -1755.646859911 6478.017939636 -0.87188527801 -7.39160167465 -1.91451009494
2024-01-08T01:37:00.000000 562.676658379 -2194.707338919 6348.097526992 -0.91771471717 -7.23805821609 -2.41449192431
2024-01-08T01:38:00.000000 506.345212813 -2623.538601995 6188.503362983 -0.95927130709 -7.05075773275 -2.90325245481
2024-01-08T01:39:00.000000 447.653432441 -3040.140148120 5999.977110738 -0.99636202600 -6.83055635902 -3.37852096135
2024-01-08T01:40:00.000000 386.874557889 -3442.567396411 5783.394991959 -1.02881403498 -6.57846141124 -3.83808470901
2024-01-08T01:41:00.000000 324.291573431 -3828.940656562 5539.763992718 -1.05647550239 -6.29562822417 -4.27979875274
2024-01-08T01:42:00.000000 260.195928735 -4197.453914940 5270.217525800 -1.07921614955 -5.98335633424 -4.70159635223
2024-01-08T01:43:00.000000 194.886231621 -4546.383324583 4976.010386483 -1.09692774745 -5.64308427443 -5.10149937804
2024-01-08T01:44:00.000000 128.666905892 -4874.095366894 4658.513168496 -1.10952477858 -5.27638329249 -5.47762773090
2024-01-08T01:45:00.000000 61.846806796 -5179.054613915 4319.206099430 -1.11694518113 -4.88495101308 -5.82820794670
2024-01-08T01:46:00.000000 -5.262206425 -5459.831136452 3959.672416354 -1.11915093385 -4.47060497402 -6.15158208757
2024-01-08T01:47:00.000000 -72.346723750 -5715.107463709 3581.591121439 -1.11612843886 -4.03527504667 -6.44621702557
2024-01-08T01:48:00.000000 -139.093262154 -5943.685066932 3186.729247330 -1.10788893336 -3.58099436710 -6.71071307502
2024-01-08T01:49:00.000000 -205.189770108 -6144.490250676 2776.933604110 -1.09446899697 -3.10988959454 -6.94381150188
2024-01-08T01:50:00.000000 -270.327158363 -6316.579486796 2354.122136900 -1.07593072272 -2.62417077990 -7.14440147534
2024-01-08T01:51:00.000000 -334.200813310 -6459.144071878 1920.274832648 -1.05236104029 -2.12612039912 -7.31152644179
2024-01-08T01:52:00.000000 -396.512048761 -6571.514140285 1477.424324577 -1.02387042193 -1.61808185449 -7.44438889931
2024-01-08T01:53:00.000000 -456.969491489 -6653.161978817 1027.646228146 -0.99059194846 -1.10244884739 -7.54235376237
2024-01-08T01:54:00.000000 -515.290424444 -6703.704771420 573.049313850 -0.95268130094 -0.58165537879 -7.60495220810
2024-01-08T01:55:00.000000 -571.202160298 -6722.906657640 115.765359558 -0.91031702815 -0.05816402658 -7.63188670176
2024-01-08T01:56:00.000000 -624.443397193 -6710.680024918 -342.061243947 -0.86369992956 0.46554888879 -7.62303468686
2024-01-08T01:57:00.000000 -674.765510806 -6667.085861554 -798.284003751 -0.81305141475 0.98700875357 -7.57844842975
2024-01-08T01:58:00.000000 -721.933734140 -6592.333254074 -1250.764742303 -0.75861184691 1.50375545056 -7.49835220546
2024-01-08T01:59:00.000000 -765.728267173 -6486.778196016 -1697.383836807 -0.70063960680 2.01335390123 -7.38314007367
2024-01-08T02:00:00.000000 -805.945335753 -6350.921759265 -2136.050377566 -0.63941030086 2.51340541182 -7.23337468607
2024-01-08T02:01:00.000000 -842.398178551 -6185.407510022 -2564.712201697 -0.57521519172 3.00156086060 -7.04978475365
2024-01-08T02:02:00.000000 -874.917927303 -5991.018158925 -2981.365745538 -0.50835891587 3.47553353692 -6.83325998334
2024-01-08T02:03:00.000000 -903.354336269 -5768.671460302 -3384.065492711 -0.43915737005 3.93311023732 -6.58484485377
2024-01-08T02:04:00.000000 -927.576415282 -5519.415503428 -3770.933087485 -0.36793624365 4.37216152180 -6.30573226826
2024-01-08T02:05:00.000000 -947.472975079 -5244.423368851 -4140.166007330 -0.29502982266 4.79065169336 -5.99725618676
2024-01-08T02:06:00.000000 -962.953113372 -4944.987264725 -4490.045804051 -0.22077960147 5.18664715126 -5.66088312497
2024-01-08T02:07:00.000000 -973.946590494 -4622.512183248 -4818.945789360 -0.14553268096 5.55832277845 -5.29820444442
2024-01-08T02:08:00.000000 -980.404120837 -4278.509209456 -5125.338357889 -0.06964008934 5.90396873644 -4.91093027113
2024-01-08T02:09:00.000000 -982.297550496 -3914.588331639 -5407.801884931 0.00654503929 6.22199933545 -4.50088258141
2024-01-08T02:10:00.000000 -979.619932245 -3532.450741295 -5665.027207367 0.08266938143 6.51096184828 -4.06998512156
2024-01-08T02:11:00.000000 -972.385478478 -3133.880646678 -5895.823324104 0.15838111960 6.76954218544 -3.62025157792
2024-01-08T02:12:00.000000 -960.629433268 -2720.736871696 -6099.122497807 0.23333126850 6.99656788283 -3.15377526033
2024-01-08T02:13:00.000000 -944.407858940 -2294.944248834 -6273.984748884 0.30717498705 7.19101119360 -2.67272065939
2024-01-08T02:14:00.000000 -923.797348526 -1858.484854723 -6419.601908103 0.37957322954 7.35199309790 -2.17931456430
2024-01-08T02:15:00.000000 -898.894617435 -1413.388947991 -6535.301018526 0.45019445446 7.47878654807 -1.67583601603
2024-01-08T02:16:00.000000 -869.816017641 -961.725806886 -6620.547191754 0.51871585531 7.57081842154 -1.16460645173
2024-01-08T02:17:00.000000 -836.696985041 -505.594419938 -6674.945852233 0.58482409823 7.62767149101 -0.64798060869
2024-01-08T02:18:00.000000 -799.691455735 -47.114087438 -6698.244492284 0.64821620729 7.64908679887 -0.12833677443
2024-01-08T02:19:00.000000 -758.971194273 411.585147466 -6690.333723363 0.70860107555 7.63496495605 0.39193402915
2024-01-08T02:20:00.000000 -714.725029006 868.372051718 -6651.247742569 0.76570132588 7.58536568245 0.91043859776
2024-01-08T02:21:00.000000 -667.157981492 1321.123732822 -6581.164146930 0.81925478503 7.50050686952 1.42479101313
2024-01-08T02:22:00.000000 -616.490327459 1767.735090506 -6480.403260727 0.86901515093 7.38076392363 1.93262212309
2024-01-08T02:23:00.000000 -562.956641375 2206.128252336 -6349.426790619 0.91475215361 7.22666851897 2.43158943423
2024-01-08T02:24:00.000000 -506.804823424 2634.261875653 -6188.835972233 0.95625205132 7.03890636816 2.91938624061
2024-01-08T02:25:00.000000 -448.295066564 3050.140342366 -5999.369147203 0.99331906059 6.81831560459 3.39374960762
2024-01-08T02:26:00.000000 -387.698723444 3451.822879389 -5781.898927744 1.02577740849 6.56588640674 3.85246951525
2024-01-08T02:27:00.000000 -325.297047880 3837.432664184 -5537.428628614 1.05347296057 6.28275971887 4.29340086787
2024-01-08T02:28:00.000000 -261.379878507 4205.165740973 -5267.087995748 1.07627377773 5.97022242457 4.71447664142
2024-01-08T02:29:00.000000 -196.244301719 4553.299559325 -4972.128170488 1.09406999560 5.62969971053 5.11371870127
2024-01-08T02:30:00.000000 -130.193339237 4880.201035146 -4653.916125239 1.10677392355 5.26274762039 5.48924546784
2024-01-08T02:31:00.000000 -63.534589186 5184.334233610 -4313.928659239 1.11432072876 4.87104762658 5.83927867218
2024-01-08T02:32:00.000000 3.421167803 5464.267763402 -3953.745975668 1.11666933141 4.45640204671 6.16215138015
2024-01-08T02:33:00.000000 70.361417619 5718.681847464 -3575.044708969 1.11380312011 4.02072837231 6.45631772738
2024-01-08T02:34:00.000000 136.973395940 5946.375032471 -3179.590359744 1.10573043134 3.56605123512 6.72036316375
2024-01-08T02:35:00.000000 202.945592410 6146.270296317 -2769.229127260 1.09248470974 3.09449206746 6.95301354085
2024-01-08T02:36:00.000000 267.969248124 6317.420534881 -2345.879276946 1.07412415229 2.60825804513 7.15314198249
2024-01-08T02:37:00.000000 331.739823968 6459.013380081 -1911.522116333 1.05073106117 2.10963207001 7.31977445769
2024-01-08T02:38:00.000000 393.958430630 6570.375485346 -1468.192669779 1.02241151886 1.60096310311 7.45209599927
2024-01-08T02:39:00.000000 454.333262694 6650.976129944 -1017.969909286 0.98929560880 1.08465435218 7.54945750354
2024-01-08T02:40:00.000000 512.581044217 6700.430054147 -562.966660597 0.95153750449 0.56314874877 7.61138023889
2024-01-08T02:41:00.000000 568.428455129 6718.499411190 -105.319322164 0.90931471951 0.03891520204 7.63755671499
2024-01-08T02:42:00.000000 621.613491501 6705.095000133 352.822383594 0.86282666703 -0.48556204373 7.62785084518
2024-01-08T02:43:00.000000 671.886734631 6660.276887026 809.305775684 0.81229324301 -1.00779355389 7.58230071103
2024-01-08T02:44:00.000000 719.012546006 6584.254316812 1261.985775227 0.75795368303 -1.52529875097 7.50112177502
2024-01-08T02:45:00.000000 762.770191633 6477.384687297 1708.735532343 0.70006542511 -2.03562271276 7.38470567137
2024-01-08T02:46:00.000000 802.954900170 6340.171551253 2147.456842517 0.63890285875 -2.53635034778 7.23361440969
2024-01-08T02:47:00.000000 839.378840728 6173.261920918 2576.090186810 0.57475608958 -3.02511618982 7.04857490800
2024-01-08T02:48:00.000000 871.872029090 5977.443017201 2992.624545680 0.50792964388 -3.49961398998 6.83047633095
2024-01-08T02:49:00.000000 900.283142428 5753.638350736 3395.107028080 0.43874076698 -3.95760919014 6.58036683325
2024-01-08T02:50:00.000000 924.480224267 5502.903033613 3781.652254580 0.36751734697 -4.39695154581 6.29944666957
2024-01-08T02:51:00.000000 944.351259532 5226.418419954 4150.451199293 0.29459595594 -4.81558446639 5.98905972124
2024-01-08T02:52:00.000000 959.804651076 4925.486269056 4499.779620318 0.22032033440 -5.21155258417 5.65068693074
2024-01-08T02:53:00.000000 970.769603065 4601.522383041 4828.006077541 0.14504000408 -5.58301115875 5.28594046853
2024-01-08T02:54:00.000000 977.196427628 4256.049674021 5133.599622547 0.06910857411 -5.92823677743 4.89655520297
2024-01-08T02:55:00.000000 979.056723505 3890.690589458 5415.136781693 -0.00711826846 -6.24563583660 4.48437734329
2024-01-08T02:56:00.000000 976.343444645 3507.159168486 5671.307925426 -0.08328471696 -6.53374994689 4.05135342423
2024-01-08T02:57:00.000000 969.070853712 3107.252765209 5900.922965488 -0.15903645227 -6.79126049303 3.59952078003
2024-01-08T02:58:00.000000 957.274399091 2692.843559018 6102.916563508 -0.23402185872 -7.01699336339 3.13099790264
2024-01-08T02:59:00.000000 941.010517889 2265.869733198 6276.352656172 -0.30789306134 -7.20992261342 2.64797430567
2024-01-08T03:00:00.000000 920.356376259 1828.326525571 6420.428461035 -0.38030728912 -7.36917308418 2.15270131097
2024-01-08T03:01:00.000000 895.409502244 1382.257066472 6534.477893303 -0.45092888893 -7.49402373038 1.64748366163
2024-01-08T03:02:00.000000 866.287295106 929.743035840 6617.974548186 -0.51943155690 -7.58391175723 1.13466968070
2024-01-08T03:03:00.000000 833.126410200 472.895052115 6670.533915079 -0.58549982877 -7.63843526603 0.61663946673
2024-01-08T03:04:00.000000 796.082094188 13.843018540 6691.914965417 -0.64882963214 -7.65735349316 0.09579348619
2024-01-08T03:05:00.000000 755.327476350 -445.273553785 6682.021049736 -0.70912888209 -7.64058659771 -0.42545690438
2024-01-08T03:06:00.000000 711.052821270 -902.315198695 6640.900312622 -0.76611900837 -7.58821637476 -0.94469880514
2024-01-08T03:07:00.000000 663.464649826 -1355.152218668 6568.745450605 -0.81953697765 -7.50048648713 -1.45952852339
2024-01-08T03:08:00.000000 612.784763916 -1801.674355229 6465.892824714 -0.86913654624 -7.37780083067 -1.96756260245
2024-01-08T03:09:00.000000 559.249227350 -2239.800334843 6332.820947020 -0.91468854053 -7.22072121941 -2.46644753637
2024-01-08T03:10:00.000000 503.107336418 -2667.487284005 6170.148420534 -0.95598128182 -7.02996584241 -2.95386900681
2024-01-08T03:11:00.000000 444.620528502 -3082.740075971 5978.631273560 -0.99282196750 -6.80640750159 -3.42756212106
2024-01-08T03:12:00.000000 384.061199992 -3483.620504037 5759.159679863 -1.02503835828 -6.55107004205 -3.88532194596
2024-01-08T03:13:00.000000 321.711440432 -3868.256210087 5512.754069388 -1.05247971984 -6.26512379888 -4.32501290086
2024-01-08T03:14:00.000000 257.861730591 -4234.849351151 5240.560712874 -1.07501699121 -5.94988176730 -4.74457766812
2024-01-08T03:15:00.000000 192.809640278 -4581.685056320 4943.846718556 -1.09254308527 -5.60679589341 -5.14204728547
2024-01-08T03:16:00.000000 126.858483835 -4907.139604366 4623.994411737 -1.10497377531 -5.23745145608 -5.51555190378
2024-01-08T03:17:00.000000 60.315919037 -5209.688203352 4282.495091570 -1.11224868436 -4.84355958043 -5.86333033574
2024-01-08T03:18:00.000000 -6.507504336 -5487.912318045 3920.942264132 -1.11433171950 -4.42694968068 -6.18373829540
2024-01-08T03:19:00.000000 -73.299795405 -5740.506543040 3541.024371311 -1.11121095702 -3.98956208888 -6.47525698640
2024-01-08T03:20:00.000000 -139.748968906 -5966.285005997 3144.516993363 -1.10289849169 -3.53343932658 -6.73650202277
2024-01-08T03:21:00.000000 -205.544489535 -6164.187193601 2733.274549870 -1.08943060496 -3.06071586927 -6.96623091155
2024-01-08T03:22:00.000000 -270.378733738 -6333.283174378 2309.221608208 -1.07086815657 -2.57360815527 -7.16334873246
2024-01-08T03:23:00.000000 -333.948473829 -6472.778225859 1874.343859994 -1.04729680086 -2.07440517719 -7.32691398777
2024-01-08T03:24:00.000000 -395.956358732 -6582.016874140 1430.678719573 -1.01882667511 -1.56545759986 -7.45614517906
2024-01-08T03:25:00.000000 -456.112360097 -6660.486207565 980.305560493 -0.98559157255 -1.04916471996 -7.55042584940
2024-01-08T03:26:00.000000 -514.135163841 -6707.818420300 525.335729386 -0.94774804597 -0.52796188665 -7.60930663622
2024-01-08T03:27:00.000000 -569.753518282 -6723.792649652 67.902490740 -0.90547488128 -0.00431035420 -7.63250681925
2024-01-08T03:28:00.000000 -622.707557348 -6708.336231100 -389.849195599 -0.85897277145 0.51931298292 -7.61991812783
2024-01-08T03:29:00.000000 -672.750094773 -6661.525232620 -845.773157488 -0.80846350765 1.04042979194 -7.57160900010
2024-01-08T03:30:00.000000 -719.647846850 -6583.584050690 -1297.732654994 -0.75418827777 1.55657764599 -7.48782461064
2024-01-08T03:31:00.000000 -763.182527857 -6474.883946579 -1743.610828945 -0.69640554953 2.06532537095 -7.36898162205
2024-01-08T03:32:00.000000 -803.151835269 -6335.940834896 -2181.320805650 -0.63538942146 2.56428358715 -7.21566187874
2024-01-08T03:33:00.000000 -839.370356718 -6167.412527354 -2608.815478761 -0.57142866991 3.05111322512 -7.02860867142
2024-01-08T03:34:00.000000 -871.670425566 -5970.095430424 -3024.097123906 -0.50482582035 3.52353596501 -6.80872447583
2024-01-08T03:35:00.000000 -899.902899168 -5744.920512132 -3425.226846977 -0.43589549690 3.97934651630 -6.55706676607
2024-01-08T03:36:00.000000 -923.937819440 -5492.948577657 -3810.333683357 -0.36496216569 4.41642390706 -6.27484114677
2024-01-08T03:37:00.000000 -943.664940075 -5215.364926325 -4177.623259138 -0.29235810867 4.83274050913 -5.96339372225
2024-01-08T03:38:00.000000 -958.994151883 -4913.473525712 -4525.386000052 -0.21842221048 5.22637016048 -5.62420401636
2024-01-08T03:39:00.000000 -969.855859403 -4588.690650080 -4852.004932786 -0.14349917232 5.59549660967 -5.25887783440
2024-01-08T03:40:00.000000 -976.201293198 -4242.538041442 -5155.963020745 -0.06793821943 5.93842191962 -4.86913923832
2024-01-08T03:41:00.000000 -978.002719186 -3876.635569344 -5435.849996215 0.00790906489 6.25357417910 -4.45682172021
2024-01-08T03:42:00.000000 -975.253510121 -3492.693471567 -5690.368654165 0.08369113935 6.53951437711 -4.02385862135
2024-01-08T03:43:00.000000 -967.968084277 -3092.504188929 -5918.340521617 0.15905821086 6.79494208578 -3.57227268092
2024-01-08T03:44:00.000000 -956.181770544 -2677.933928941 -6118.710906074 0.23366317833 7.01869936723 -3.10416548802
2024-01-08T03:45:00.000000 -939.950617055 -2250.914027627 -6290.553336334 0.30716261723 7.20977345506 -2.62170815514
2024-01-08T03:46:00.000000 -919.351132507 -1813.432169040 -6433.073494013 0.37921844627 7.36729979275 -2.12713312178
2024-01-08T03:47:00.000000 -894.479897119 -1367.523360195 -6545.612628480 0.44949989080 7.49056593898 -1.62272536507
2024-01-08T03:48:00.000000 -865.453080643 -915.260703882 -6627.650406371 0.51768494224 7.57901496471 -1.11081199890
2024-01-08T03:49:00.000000 -832.405885809 -458.746005455 -6678.807109722 0.58346126258 7.63224720581 -0.59375141606
2024-01-08T03:50:00.000000 -795.491942911 -0.100313020 -6698.845215534 0.64652728224 7.65002105831 -0.07392325738
2024-01-08T03:51:00.000000 -754.882610616 458.545593603 -6687.670370494 0.70659383767 7.63225382683 0.44628137681
2024-01-08T03:52:00.000000 -710.766187328 915.060748561 -6645.331770103 0.76338562577 7.57902192725 0.96447041995
2024-01-08T03:53:00.000000 -663.347057708 1367.323509948 -6572.021898951 0.81664178812 7.49055946826 1.47826111032
2024-01-08T03:54:00.000000 -612.844820051 1813.230964001 -6468.075719676 0.86611611779 7.36725621458 1.98528839100
2024-01-08T03:55:00.000000 -559.493382762 2250.708233541 -6333.969383839 0.91157808268 7.20965706325 2.48321219537
2024-01-08T03:56:00.000000 -503.539966188 2677.717811102 -6170.318480686 0.95281485617 7.01846291225 2.96972643067
2024-01-08T03:57:00.000000 -445.243981427 3092.268912444 -5977.875648838 0.98963323485 6.79453030461 3.44257078099
2024-01-08T03:58:00.000000 -384.875816352 3492.426752740 -5757.527470255 1.02186040428 6.53886800271 3.89954310937
2024-01-08T03:59:00.000000 -322.715620338 3876.321497738 -5510.290638363 1.04934388091 6.25263167147 4.33850986739
2024-01-08T04:00:00.000000 -259.052077936 4242.156936503 -5237.307588088 1.07195171431 5.93711900449 4.75741457225
2024-01-08T04:01:00.000000 -194.181152571 4588.218877139 -4939.841612342 1.08957340597 5.59376576310 5.15428633593
2024-01-08T04:02:00.000000 -128.404764524 4912.883318205 -4619.271466294 1.10212111241 5.22414139825 5.52724954872
2024-01-08T04:03:00.000000 -62.029399537 5214.624288125 -4277.085316176 1.10953060985 4.82994327267 5.87453407091
2024-01-08T04:04:00.000000 4.635329453 5492.021323517 -3914.874134903 1.11176196381 4.41298944827 6.19448493982
2024-01-08T04:05:00.000000 71.278150482 5743.766454490 -3534.324503692 1.10879985249 3.97521066819 6.48557125523
2024-01-08T04:06:00.000000 137.587610731 5968.670736694 -3137.210940770 1.10065350630 3.51864180178 6.74639435102
2024-01-08T04:07:00.000000 203.253540836 6165.670211198 -2725.387718475 1.08735646129 3.04541289780 6.97569549229
2024-01-08T04:08:00.000000 267.968512878 6333.831349873 -2300.780251875 1.06896655737 2.55773966719 7.17236329422
2024-01-08T04:09:00.000000 331.429303093 6472.355861893 -1865.376037702 1.04556623409 2.05791301014 7.33544074539
2024-01-08T04:10:00.000000 393.338378690 6580.584897270 -1421.215209891 1.01726262165 1.54828748836 7.46413131790
2024-01-08T04:11:00.000000 453.405362124 6658.002476378 -970.380754480 0.98418701208 1.03126915266 7.55780376209
2024-01-08T04:12:00.000000 511.348456955 6704.238227372 -514.988483687 0.94649398400 0.50930319120 7.61599566690
2024-01-08T04:13:00.000000 566.895819744 6719.069337673 -57.176820554 0.90436065777 -0.01513846980 7.63841605598
2024-01-08T04:14:00.000000 619.786895691 6702.421818800 400.903540931 0.85798602774 -0.53956956405 7.62494715428
2024-01-08T04:15:00.000000 669.773700901 6654.370972808 857.100066213 0.80758993778 -1.06150175863 7.57564553813
2024-01-08T04:16:00.000000 716.622032174 6575.141161471 1309.268868600 0.75341163726 -1.57845716219 7.49074286658
2024-01-08T04:17:00.000000 760.112586275 6465.104756185 1755.285206306 0.69570833796 -2.08798182249 7.37064571935
2024-01-08T04:18:00.000000 800.042001390 6324.780303144 2193.053939137 0.63475399332 -2.58766010911 7.21593343909
2024-01-08T04:19:00.000000 836.223823476 6154.829779553 2620.519756748 0.57083801165 -3.07512858225 7.02735348156
2024-01-08T04:20:00.000000 868.489386977 5956.055108049 3035.677089371 0.50426364136 -3.54808788931 6.80581530944
2024-01-08T04:21:00.000000 896.688593837 5729.393978429 3436.579638800 0.43534629813 -4.00431286113 6.55238436092
2024-01-08T04:22:00.000000 920.690600442 5475.915137579 3821.349575035 0.36441215598 -4.44166222800 6.26827637347
2024-01-08T04:23:00.000000 940.384423041 5196.813035631 4188.186367891 0.29179678523 -4.85808872379 5.95485120305
2024-01-08T04:24:00.000000 955.679448284 4893.401891441 4535.375222428 0.21784327065 -5.25164900380 5.61360543150
2024-01-08T04:25:00.000000 966.505815592 4567.109173814 4861.295030785 0.14289987050 -5.62051248274 5.24616416796
2024-01-08T04:26:00.000000 972.814661273 4219.468613000 5164.425843367 0.06731795269 -5.96296921617 4.85427270281
2024-01-08T04:27:00.000000 974.578262021 3852.112723301 5443.355819104 -0.00854933635 -6.27743766558 4.43978787967
2024-01-08T04:28:00.000000 971.790109320 3466.764862462 5696.787630765 -0.08434824405 -6.56247241671 4.00466811597
2024-01-08T04:29:00.000000 964.464894755 3065.230866959 5923.544209475 -0.15972616915 -6.81677036698 3.55096172709
2024-01-08T04:30:00.000000 952.638378795 2649.390401819 6122.573789409 -0.23433376335 -7.03917404340 3.08079523308
2024-01-08T04:31:00.000000 936.367144381 2221.188173240 6292.954299433 -0.30782645894 -7.22867315725 2.59636401034
2024-01-08T04:32:00.000000 915.728286604 1782.625022236 6433.897282737 -0.37986523667 -7.38440744356 2.09992509784
2024-01-08T04:33:00.000000 890.819052121 1335.748785135 6544.751339651 -0.45011750129 -7.50567175814 1.59378887001
2024-01-08T04:34:00.000000 861.756415162 882.644828704 6625.005025325 -0.51825864226 -7.59192059713 1.08030761685
2024-01-08T04:35:00.000000 828.676541238 425.426425635 6674.288974261 -0.58397381588 -7.64276916906 0.56186322453
2024-01-08T04:36:00.000000 791.734159215 -33.774863339 6692.377376983 -0.64695932752 -7.65799266136 0.04085731385
2024-01-08T04:37:00.000000 751.101850390 -492.818806238 6679.188886390 -0.70692393685 -7.63752718686 -0.48029716144
2024-01-08T04:38:00.000000 706.969257118 -949.566222928 6634.787029801 -0.76359056065 -7.58147191057 -0.99918645361
2024-01-08T04:39:00.000000 659.542178932 -1401.888765242 6559.379871096 -0.81669795889 -7.49008843867 -1.51340857898
2024-01-08T04:40:00.000000 609.041590649 -1847.678574971 6453.318962765 -0.86600152453 -7.36379734996 -2.02058372123
2024-01-08T04:41:00.000000 555.702639888 -2284.857738469 6317.097791688 -0.91127347086 -7.20317604873 -2.51836175464
2024-01-08T04:42:00.000000 499.773623223 -2711.387692197 6151.349752172 -0.95230357432 -7.00895932889 -3.00443142138
2024-01-08T04:43:00.000000 441.514884978 -3125.278663395 5956.845421987 -0.98890065872 -6.78203789064 -3.47653320321
2024-01-08T04:44:00.000000 381.197637988 -3524.598853358 5734.489096819 -1.02089374419 -6.52345220315 -3.93247088316
2024-01-08T04:45:00.000000 319.102737398 -3907.483234928 5485.314774833 -1.04813244532 -6.23438662750 -4.37011813280
2024-01-08T04:46:00.000000 255.519430175 -4272.142105763 5210.481786458 -1.07048763345 -5.91616845374 -4.78742515513
2024-01-08T04:47:00.000000 190.744034582 -4616.869691239 4911.269834869 -1.08785296625 -5.57026684272 -5.18243177030
2024-01-08T04:48:00.000000 125.078534764 -4940.052418971 4589.073159315 -1.10014602515 -5.19828390794 -5.55328266646
2024-01-08T04:49:00.000000 58.829151062 -5240.176488986 4245.393957065 -1.10730785101 -4.80194112203 -5.89823520802
2024-01-08T04:50:00.000000 -7.695035881 -5515.834750987 3881.835570313 -1.10930190312 -4.38307200472 -6.21566008710
2024-01-08T04:51:00.000000 -74.183433059 -5765.733456835 3500.095604684 -1.10611454355 -3.94362284780 -6.50404638837
2024-01-08T04:52:00.000000 -140.325359958 -5988.698954835 3101.958427848 -1.09775697722 -3.48564990588 -6.76201639114
2024-01-08T04:53:00.000000 -205.811593158 -6183.683959707 2689.286649339 -1.08426641858 -3.01130534887 -6.98834108792
2024-01-08T04:54:00.000000 -270.335901220 -6349.772710544 2264.011991073 -1.06570518968 -2.52281876239 -7.18194615525
2024-01-08T04:55:00.000000 -333.596505516 -6486.185237237 1828.126013156 -1.04215921542 -2.02248522481 -7.34191140277
2024-01-08T04:56:00.000000 -395.297482032 -6592.281056245 1383.670795798 -1.01373779855 -1.51265921863 -7.46747354750
2024-01-08T04:57:00.000000 -455.150184914 -6667.562560275 932.729335368 -0.98057436381 -0.99574550386 -7.55803386455
2024-01-08T04:58:00.000000 -512.874701427 -6711.677554756 477.415449488 -0.94282646385 -0.47418441543 -7.61316393743
2024-01-08T04:59:00.000000 -568.201262727 -6724.420965309 19.863532162 -0.90067440482 0.04956283404 -7.63260648209
2024-01-08T05:00:00.000000 -620.871557635 -6705.735709352 -437.781732651 -0.85431938711 0.57302543598 -7.61627506555
2024-01-08T05:01:00.000000 -670.639930569 -6655.712997357 -893.375598034 -0.80398202160 1.09373406545 -7.56425529986
2024-01-08T05:02:00.000000 -717.274520419 -6574.591812492 -1344.783649335 -0.74990124730 1.60923401728 -7.47680518299
2024-01-08T05:03:00.000000 -760.558325733 -6462.757657538 -1789.892058730 -0.69233326290 2.11709842515 -7.35435268559
2024-01-08T05:04:00.000000 -800.290203944 -6320.740499166 -2226.617708636 -0.63155036499 2.61493970322 -7.19749257440
2024-01-08T05:05:00.000000 -836.285803808 -6149.212130822 -2652.918088404 -0.56783964876 3.10042095591 -7.00698374993
2024-01-08T05:06:00.000000 -868.378406545 -5948.982708554 -3066.801067209 -0.50150157672 3.57126842399 -6.78374547440
2024-01-08T05:07:00.000000 -896.419686620 -5720.996633471 -3466.334327635 -0.43284850528 4.02528327086 -6.52885124554
2024-01-08T05:08:00.000000 -920.280377928 -5466.327712325 -3849.654422784 -0.36220325742 4.46035154103 -6.24352204703
2024-01-08T05:09:00.000000 -939.850862778 -5186.173834547 -4214.975423538 -0.28989753596 4.87445377214 -5.92911980060
2024-01-08T05:10:00.000000 -955.041643695 -4881.850956857 -4560.597159492 -0.21627007012 5.26567479670 -5.58713971173
2024-01-08T05:11:00.000000 -965.783713017 -4554.786620305 -4884.912941378 -0.14166479225 5.63221192207 -5.21920107340
2024-01-08T05:12:00.000000 -972.028814425 -4206.512971089 -5186.416744493 -0.06642936314 5.97238108058 -4.82703886887
2024-01-08T05:13:00.000000 -973.749631398 -3838.659509891 -5463.709936397 0.00908628803 6.28462351925 -4.41249655808
2024-01-08T05:14:00.000000 -970.939862299 -3452.945281523 -5715.507536474 0.08453188008 6.56751392267 -3.97751740122
2024-01-08T05:15:00.000000 -963.614179558 -3051.170685773 -5940.643865053 0.15955890199 6.81976691532 -3.52413284610
2024-01-08T05:16:00.000000 -951.808072831 -2635.208950380 -6138.077491422 0.23382212044 7.04023986010 -3.05445127083
2024-01-08T05:17:00.000000 -935.577627733 -2206.997562010 -6306.895575089 0.30698036340 7.22793463386 -2.57064960282
2024-01-08T05:18:00.000000 -914.999258536 -1768.529453272 -6446.317770088 0.37869735952 7.38200156244 -2.07496596667
2024-01-08T05:19:00.000000 -890.169371522 -1321.843966744 -6555.699618537 0.44864328545 7.50174412080 -1.56969003712
2024-01-08T05:20:00.000000 -861.203920440 -869.017565356 -6634.535311786 0.51649674012 7.58662159040 -1.05715198642
2024-01-08T05:21:00.000000 -828.237843909 -412.154458434 -6682.459811373 0.58194652310 7.63625018024 -0.53971236138
2024-01-08T05:22:00.000000 -791.424412661 46.622866983 -6699.250381093 0.64469296276 7.65040462158 -0.01975233294
2024-01-08T05:23:00.000000 -750.934508497 505.183191007 -6684.827498019 0.70444885063 7.62901910248 0.50033741050
2024-01-08T05:24:00.000000 -706.955853397 961.396096442 -6639.255092980 0.76094006380 7.57218562153 1.01816738884
2024-01-08T05:25:00.000000 -659.692211737 1413.141351805 -6562.740227719 0.81390621439 7.48015162615 1.53135705433
2024-01-08T05:26:00.000000 -609.362528730 1858.318242806 -6455.632373893 0.86310188752 7.35332056115 2.03754119291
2024-01-08T05:27:00.000000 -556.199978576 2294.855011937 -6318.422224760 0.90829849485 7.19225430986 2.53437956440
2024-01-08T05:28:00.000000 -500.450905801 2720.718353809 -6151.739815713 0.94928590604 6.99767279765 3.01957012453
2024-01-08T05:29:00.000000 -442.373687364 3133.922809504 -5956.351839201 0.98587309433 6.77044943258 3.49086121154
2024-01-08T05:30:00.000000 -382.237590438 3532.539785526 -5733.158355585 1.01788813057 6.51160598171 3.94606020091
2024-01-08T05:31:00.000000 -320.321617949 3914.706379440 -5483.189029481 1.04517853363 6.22230976231 4.38304108712
2024-01-08T05:32:00.000000 -256.913311127 4278.634023995 -5207.598842884 1.06761243831 5.90387147004 4.79975403213
2024-01-08T05:33:00.000000 -192.307466590 4622.617022742 -4907.663223700 1.08508006379 5.55774111098 5.19423623245
2024-01-08T05:34:00.000000 -126.804777890 4945.040698940 -4584.772490668 1.09749475660 5.18550206686 5.56462220219
2024-01-08T05:35:00.000000 -60.710431846 5244.389221354 -4240.425732934 1.10479343332 4.78886458497 5.90915335194
2024-01-08T05:36:00.000000 5.667310958 5519.253005145 -3876.224116313 1.10693675722 4.36965853720 6.22618732037
2024-01-08T05:37:00.000000 72.018549177 5768.335633305 -3493.863637489 1.10390940933 3.92982525681 6.51420657719
2024-01-08T05:38:00.000000 138.033193175 5990.460314171 -3095.127415217 1.09572053823 3.47140913234 6.77182605121
2024-01-08T05:39:00.000000 203.402445688 6184.575796422 -2681.877505479 1.08240407678 2.99654927038 6.99780076471
2024-01-08T05:40:00.000000 267.820285126 6349.761793119 -2256.046259211 1.06401856724 2.50747011489 7.19103387477
2024-01-08T05:41:00.000000 330.984929122 6485.233758776 -1819.627208972 1.04064662264 2.00647042505 7.35058392735
2024-01-08T05:42:00.000000 392.600262073 6590.347024695 -1374.665568893 1.01239457088 1.49591156008 7.47567045854
2024-01-08T05:43:00.000000 452.377261320 6664.600180206 -923.248434554 0.97939250164 0.97820574542 7.56567863709
2024-01-08T05:44:00.000000 510.035421766 6707.637774873 -467.494714923 0.94179416273 0.45580370800 7.62016343467
2024-01-08T05:45:00.000000 565.304152940 6719.252214152 -9.544851850 0.89977613940 -0.06881852550 7.63885255146
2024-01-08T05:46:00.000000 617.924113431 6699.384912599 448.449595407 0.85353655272 -0.59317262137 7.62164772480
2024-01-08T05:47:00.000000 667.648465501 6648.126634722 904.336406808 0.80329394932 -1.11477034214 7.56862535734
2024-01-08T05:48:00.000000 714.244078188 6565.717123554 1355.973199582 0.74928648258 -1.63113644227 7.48003678863
2024-01-08T05:49:00.000000 757.492670059 6452.543892451 1801.237884878 0.69177090379 -2.13982238328 7.35630703951
2024-01-08T05:50:00.000000 797.191891393 6309.140248100 2238.039017666 0.63102110286 -2.63841943231 7.19803157471
2024-01-08T05:51:00.000000 833.156295093 6136.182523070 2664.325889149 0.56732640050 -3.12457042219 7.00597235796
2024-01-08T05:52:00.000000 865.218213358 5934.486649635 3078.098412182 0.50098977096 -3.59598138024 6.78105386367
2024-01-08T05:53:00.000000 893.228517691 5705.003990356 3477.416700990 0.43232596906 -4.05043361275 6.52435771738
2024-01-08T05:54:00.000000 917.057275420 5448.816503345 3860.410317816 0.36165976159 -4.48579458229 6.23711540161
2024-01-08T05:55:00.000000 936.594304760 5167.131287140 4225.287011299 0.28932461907 -4.90002661243 5.92070083792
2024-01-08T05:56:00.000000 951.749671269 4861.274651881 4570.341094897 0.21566173275 -5.29119539039 5.57662424820
2024-01-08T05:57:00.000000 962.454105806 4532.685602878 4893.961397232 0.14101862064 -5.65748022440 5.20652537099
2024-01-08T05:58:00.000000 968.659332617 4182.908725778 5194.638808463 0.06574693979 -5.99718432526 4.81216372508
2024-01-08T05:59:00.000000 970.338232676 3813.586501205 5470.973074592 -0.00980004376 -6.30874197250 4.39540692436
2024-01-08T06:00:00.000000 967.484877377 3426.451325674 5721.678987892 -0.08526962939 -6.59072256615 3.95822037288
2024-01-08T06:01:00.000000 960.114437239 3023.317263937 5945.591974357 -0.16031134433 -6.84183453218 3.50265922291
2024-01-08T06:02:00.000000 948.263013810 2606.071592176 6141.673287316 -0.23457829901 -7.06093086113 3.03086025572
2024-01-08T06:03:00.000000 931.987384382 2176.665905911 6309.014573227 -0.30772826471 -7.24701507117 2.54503171501
2024-01-08T06:04:00.000000 911.364701693 1737.106962050 6446.841827556 -0.37942450001 -7.39924565794 2.04744138879
2024-01-08T06:05:00.000000 886.492131271 1289.447294442 6554.518589402 -0.44933666901 -7.51693814561 1.54040474311
2024-01-08T06:06:00.000000 857.486439498 835.775794194 6631.548506785 -0.51714221051 -7.59956536245 1.02627467570
2024-01-08T06:07:00.000000 824.483467650 378.208254357 6677.577309056 -0.58252802776 -7.64675777203 0.50743336202
2024-01-08T06:08:00.000000 787.637520426 -81.122140514 6692.394353587 -0.64519207967 -7.65830560398 -0.01371558485
2024-01-08T06:09:00.000000 747.120654595 -540.074482448 6675.933587438 -0.70484480954 -7.63416197131 -0.53475742174
2024-01-08T06:10:00.000000 703.121892880 -996.509983545 6628.273872135 -0.76121057121 -7.57444396728 -1.05327914844
2024-01-08T06:11:00.000000 655.846341492 -1448.301734813 6549.638493329 -0.81402911810 -7.47943005692 -1.56688152516
2024-01-08T06:12:00.000000 605.514228644 -1893.344298421 6440.394039049 -0.86305675764 -7.34955691886 -2.07318771158
2024-01-08T06:13:00.000000 552.359888789 -2329.563157419 6301.048851547 -0.90806707845 -7.18541864055 -2.56985098498
2024-01-08T06:14:00.000000 496.630708532 -2754.924162202 6132.250931646 -0.94885154702 -6.98776674841 -3.05456524097
2024-01-08T06:15:00.000000 438.586030697 -3167.442916551 5934.785108977 -0.98522029127 -6.75750728371 -3.52507732067
2024-01-08T06:16:00.000000 378.496007413 -3565.193888931 5709.569549558 -1.01700302996 -6.49569544408 -3.97919717870
2024-01-08T06:17:00.000000 316.640397421 -3946.319233689 5457.651729941 -1.04404996492 -6.20353158291 -4.41480555120
2024-01-08T06:18:00.000000 253.307311563 -4309.037417806 5180.203957881 -1.06623264880 -5.88235917286 -4.82986308379
2024-01-08T06:19:00.000000 188.791902557 -4651.651723494 4878.518195554 -1.08344496286 -5.53366054357 -5.22242229341
2024-01-08T06:20:00.000000 123.394994848 -4972.558327328 4554.000217079 -1.09560412243 -5.15904829201 -5.59063851023
2024-01-08T06:21:00.000000 57.421662802 -5270.253843949 4208.163208464 -1.10265133635 -4.76025618822 -5.93277685199
2024-01-08T06:22:00.000000 -8.820215547 -5543.342387068 3842.621019528 -1.10455185244 -4.33913359523 -6.24721808636
2024-01-08T06:23:00.000000 -75.021389500 -5790.542414562 3459.080960789 -1.10129465513 -3.89764144595 -6.53246775507
2024-01-08T06:24:00.000000 -140.872658074 -6010.693208566 3059.335979327 -1.09289246420 -3.43784469333 -6.78716767297
2024-01-08T06:25:00.000000 -206.066309406 -6202.760772125 2645.256183733 -1.07938231735 -2.96190029938 -7.01010543539
2024-01-08T06:26:00.000000 -270.297599517 -6365.842966250 2218.779893738 -1.06082615228 -2.47204435956 -7.20022013426
2024-01-08T06:27:00.000000 -333.266242704 -6499.173906478 1781.904438120 -1.03731052182 -1.97058088506 -7.35660665730
2024-01-08T06:28:00.000000 -394.677858341 -6602.127723394 1336.676658985 -1.00894548118 -1.45987134366 -7.47852046835
2024-01-08T06:29:00.000000 -454.245349306 -6674.221675181 885.183135169 -0.97586363092 -0.94232331921 -7.56538223966
2024-01-08T06:30:00.000000 -511.690243619 -6715.118564922 429.540162441 -0.93821999252 -0.42037833134 -7.61678110469
2024-01-08T06:31:00.000000 -566.744048365 -6724.628391831 -28.116417375 -0.89619208028 0.10350052988 -7.63247669004
2024-01-08T06:32:00.000000 -619.149578413 -6702.709273044 -485.641487815 -0.84997909411 0.62684107696 -7.61240036839
2024-01-08T06:33:00.000000 -668.662210069 -6649.467614811 -940.890977378 -0.79980024327 1.14717451437 -7.55665556320
2024-01-08T06:34:00.000000 -715.051032395 -6565.157553143 -1391.732168048 -0.74589323416 1.66204764210 -7.46551711308
2024-01-08T06:35:00.000000 -758.099931285 -6450.179638318 -1836.053948034 -0.68851344456 2.16903511368 -7.33943012240
2024-01-08T06:36:00.000000 -797.608625031 -6305.078781348 -2271.776970916 -0.62793308422 2.66575242936 -7.17900792641
2024-01-08T06:37:00.000000 -833.393630631 -6130.541403269 -2696.863641761 -0.56443962632 3.14986910690 -6.98502815362
2024-01-08T06:38:00.000000 -865.289124040 -5927.391843283 -3109.327816166 -0.49833378751 3.61912042926 -6.75842689985
2024-01-08T06:39:00.000000 -893.147675252 -5696.588097244 -3507.244109259 -0.42992778964 4.07131730923 -6.50029249337
2024-01-08T06:40:00.000000 -916.840896560 -5439.217004726 -3888.756856971 -0.35954391707 4.50435557926 -6.21185972397
2024-01-08T06:41:00.000000 -936.259997435 -5156.488859007 -4252.088722883 -0.28751286854 4.91622576793 -5.89450373654
2024-01-08T06:42:00.000000 -951.316237229 -4849.731448617 -4595.548916366 -0.21417184849 5.30502277267 -5.54973257436
2024-01-08T06:43:00.000000 -961.941258576 -4520.383513444 -4917.540900239 -0.13986291287 5.66895444099 -5.17917867642
2024-01-08T06:44:00.000000 -968.087340931 -4169.987742491 -5216.569595345 -0.06493170939 6.00634915697 -4.78459009384
2024-01-08T06:45:00.000000 -969.727575655 -3800.183324665 -5491.248045303 0.01027388041 6.31566283234 -4.36782144802
2024-01-08T06:46:00.000000 -966.855954135 -3412.698121868 -5740.303539564 0.08540552716 6.59548505060 -3.93082436846
2024-01-08T06:47:00.000000 -959.487332466 -3009.340478792 -5962.583126927 0.16011626432 6.84454401590 -3.47563773786
2024-01-08T06:48:00.000000 -947.657308898 -2591.990785439 -6157.058565181 0.23406184361 7.06171067640 -3.00437807889
2024-01-08T06:49:00.000000 -931.422026766 -2162.592796787 -6322.830688281 0.30690181640 7.24600236900 -2.51922997901
2024-01-08T06:50:00.000000 -910.857912771 -1723.144765953 -6459.133221009 0.37830089587 7.39658582291 -2.02243662934
2024-01-08T06:51:00.000000 -886.061310282 -1275.690391520 -6565.336010363 0.44793071683 7.51277976489 -1.51629097304
2024-01-08T06:52:00.000000 -857.148012776 -822.309613225 -6640.947753271 0.51547158591 7.59405804963 -1.00312687939
2024-01-08T06:53:00.000000 -824.252698722 -365.109199008 -6685.618141540 0.58061388761 7.64005300247 -0.48530868032
2024-01-08T06:54:00.000000 -787.528294312 93.786818467 -6699.139353643 0.64305917518 7.65055675285 0.03478111119
2024-01-08T06:55:00.000000 -747.145272914 552.246686538 -6681.446766709 0.70252113838 7.62551942705 0.55475300659
2024-01-08T06:56:00.000000 -703.290897602 1008.140339020 -6632.619136842 0.75872660591 7.56504689885 1.07221822259
2024-01-08T06:57:00.000000 -656.168397765 1459.348750370 -6552.878360860 0.81141671715 7.46940149634 1.58479494072
2024-01-08T06:58:00.000000 -605.996074083 1903.773387909 -6442.588837814 0.86034823663 7.33900475712 2.09011771015
2024-01-08T06:59:00.000000 -553.006322136 2339.345810473 -6302.256063715 0.90529469903 7.17443763290 2.58585049308
2024-01-08T07:00:00.000000 -497.444603088 2764.037116673 -6132.524500105 0.94604715862 6.97643635057 3.06969899820
2024-01-08T07:01:00.000000 -439.568373062 3175.867119828 -5934.174790581 0.98241475532 6.74588740071 3.53941905570
2024-01-08T07:02:00.000000 -379.645980994 3572.913246306 -5708.120568991 1.01422556437 6.48382530852 3.99282344510
2024-01-08T07:03:00.000000 -317.955491443 3953.319436356 -5455.404761499 1.04132777686 6.19143202523 4.42779124445
2024-01-08T07:04:00.000000 -254.783446589 4315.304903835 -5177.195265398 1.06359078689 5.87003405184 4.84227972791
2024-01-08T07:05:00.000000 -190.423569112 4657.172643641 -4874.779911167 1.08090594561 5.52109652905 5.23433562731
2024-01-08T07:06:00.000000 -125.175426424 4977.317554768 -4549.560805017 1.09318721181 5.14621661770 5.60210437308
2024-01-08T07:07:00.000000 -59.343051640 5274.234170857 -4203.048147567 1.10037187663 4.74711736529 5.94383895449
2024-01-08T07:08:00.000000 6.766473824 5546.524020963 -3836.853499966 1.10242110003 4.32564084170 6.25790928885
2024-01-08T07:09:00.000000 72.844458517 5792.902516849 -3452.682492638 1.09932003303 3.88373994659 6.54281109391
2024-01-08T07:10:00.000000 138.582039694 6012.205366694 -3052.327048229 1.09107787413 3.42346987884 6.79717359961
2024-01-08T07:11:00.000000 203.671637940 6203.394442368 -2637.657139743 1.07772828827 2.94697966731 7.01976713283
2024-01-08T07:12:00.000000 267.808442504 6365.563141556 -2210.612088552 1.05932992293 2.45650250867 7.20951104793
2024-01-08T07:13:00.000000 330.691908622 6497.941083009 -1773.191405524 1.03596634914 1.95434431658 7.36548075631
2024-01-08T07:14:00.000000 392.027239014 6599.898138261 -1327.445259579 1.00774530669 1.44287182900 7.48691290895
2024-01-08T07:15:00.000000 451.526801512 6670.947714928 -875.464678644 0.97479784018 0.92450129331 7.57320962684
2024-01-08T07:16:00.000000 508.911513422 6710.749402454 -419.371491727 0.93727776449 0.40168688815 7.62394271016
2024-01-08T07:17:00.000000 563.912189626 6719.110841918 38.691957453 0.89536121404 -0.12309217534 7.63885716278
2024-01-08T07:18:00.000000 616.270868752 6695.988859764 496.573278337 0.84924585934 -0.64734522782 7.61787304449
2024-01-08T07:19:00.000000 665.742065458 6641.489720421 952.120545342 0.79914979138 -1.16858342861 7.56108592257
2024-01-08T07:20:00.000000 712.093964940 6555.868643353 1403.192827967 0.74531036207 -1.68433298092 7.46876645275
2024-01-08T07:21:00.000000 755.109539644 6439.528469777 1847.670638138 0.68798302032 -2.19214862393 7.34135853808
2024-01-08T07:22:00.000000 794.587602896 6293.017597665 2283.466242482 0.62743998942 -2.68962641278 7.17947571828
2024-01-08T07:23:00.000000 830.343765103 6117.027125760 2708.533696637 0.56396876135 -3.17441496104 6.98389697190
2024-01-08T07:24:00.000000 862.211306981 5912.387400405 3120.878673810 0.49787055118 -3.64422627299 6.75556306449
2024-01-08T07:25:00.000000 890.041952409 5680.063829606 3518.568029015 0.42945874186 -4.09684776308 6.49557237042
2024-01-08T07:26:00.000000 913.706556013 5421.152021896 3899.739112883 0.35905725132 -4.53015473874 6.20517430302
2024-01-08T07:27:00.000000 933.095678836 5136.872142241 4262.608540903 0.28699882219 -4.94212113220 5.88576049384
2024-01-08T07:28:00.000000 948.120069926 4828.562760381 4605.480474128 0.21362330941 -5.33082779123 5.53885583396
2024-01-08T07:29:00.000000 958.711036648 4497.674184632 4926.754349213 0.13927593816 -5.69446972081 5.16611045347
2024-01-08T07:30:00.000000 964.820719129 4145.761441395 5224.932187250 0.06430548509 -6.03136338490 4.76929176220
2024-01-08T07:31:00.000000 966.422244655 3774.476734783 5498.625348930 -0.01093744949 -6.33995366370 4.35027587845
2024-01-08T07:32:00.000000 963.509796609 3385.561572610 5746.560812037 -0.08610188025 -6.61882022802 3.91103883853
2024-01-08T07:33:00.000000 956.098593111 2980.838463804 5967.586875291 -0.16083770278 -6.86668396644 3.45364772437
2024-01-08T07:34:00.000000 944.224800175 2562.202278810 6160.678368471 -0.23479724459 -7.08241358668 2.98025053766
2024-01-08T07:35:00.000000 927.945317519 2131.611182397 6324.941117418 -0.30763732182 -7.26503088396 2.49306412169
2024-01-08T07:36:00.000000 907.337447752 1691.077380411 6459.615710205 -0.37902136819 -7.41371310981 1.99436148511
2024-01-08T07:37:00.000000 882.498449078 1242.657760844 6564.080515845 -0.44862092276 -7.52779300262 1.48646106751
2024-01-08T07:38:00.000000 853.545025874 788.444601135 6637.854175317 -0.51611633849 -7.60675899725 0.97171858447
2024-01-08T07:39:00.000000 820.612784467 330.556139470 6680.597601860 -0.58119729706 -7.65025750321 0.45251961552
2024-01-08T07:40:00.000000 783.855646855 -128.872998848 6692.115514553 -0.64356382715 -7.65809635963 -0.06872986893
2024-01-08T07:41:00.000000 743.445183405 -587.701548075 6672.357300607 -0.70292790548 -7.63024675600 -0.58961540464
2024-01-08T07:42:00.000000 699.569844832 -1043.791409461 6621.417169955 -0.75901515142 -7.56684251355 -1.10772607031
2024-01-08T07:43:00.000000 652.434097351 -1495.017339356 6539.533631194 -0.81156634582 -7.46817802046 -1.62066466893
2024-01-08T07:44:00.000000 602.257472021 -1939.276534244 6427.088362349 -0.86033869694 -7.33470688039 -2.12605692426
2024-01-08T07:45:00.000000 549.273551052 -2374.498159218 6284.604581039 -0.90510677093 -7.16704067315 -2.62156145706
2024-01-08T07:46:00.000000 493.728909112 -2798.652748346 6112.744736795 -0.94566295794 -6.96594624623 -3.10488003815
2024-01-08T07:47:00.000000 435.882033953 -3209.761420758 5912.307664835 -0.98181789887 -6.73234236703 -3.57376630694
2024-01-08T07:48:00.000000 376.002198793 -3605.904924918 5684.225202604 -1.01340168856 -6.46729800373 -4.02603408588
2024-01-08T07:49:00.000000 314.368240392 -3985.232632535 5429.558294154 -1.04026577614 -6.17203106044 -4.45956861822
2024-01-08T07:50:00.000000 251.267233135 -4345.971344885 5149.492281309 -1.06228417872 -5.84790321364 -4.87234044900
2024-01-08T07:51:00.000000 186.993144660 -4686.433629344 4845.331428535 -1.07935301961 -5.49641009383 -5.26241635059
2024-01-08T07:52:00.000000 121.845531642 -5005.025590113 4518.492955209 -1.09138963594 -5.11917283633 -5.62796429777
2024-01-08T07:53:00.000000 56.128262280 -5300.254282367 4170.500876546 -1.09833334869 -4.71793525466 -5.96725782691
2024-01-08T07:54:00.000000 -9.851871406 -5570.735040469 3802.979393627 -1.10014791488 -4.29456230467 -6.27868667477
2024-01-08T07:55:00.000000 -75.786682106 -5815.198541086 3417.645449618 -1.09682306818 -3.85103175356 -6.56077159703
2024-01-08T07:56:00.000000 -141.368127978 -6032.497153459 3016.300535573 -1.08837349533 -3.38941939732 -6.81217468095
2024-01-08T07:57:00.000000 -206.289745927 -6221.610396464 2600.822094100 -1.07483688635 -2.91188601764 -7.03170229586
2024-01-08T07:58:00.000000 -270.248010021 -6381.649786951 2173.154814990 -1.05627384678 -2.42067046926 -7.21830733322
2024-01-08T07:59:00.000000 -332.943767144 -6511.863381530 1735.301636849 -1.03276964041 -1.91808336168 -7.37109665784
2024-01-08T08:00:00.000000 -394.083743641 -6611.639736987 1289.314235603 -1.00443504667 -1.40649504928 -7.48934051455
2024-01-08T08:01:00.000000 -453.382046339 -6680.511030318 837.283022169 -0.97140486027 -0.88831989857 -7.57247769216
2024-01-08T08:02:00.000000 -510.561530049 -6718.155270410 381.327002840 -0.93383555820 -0.36600278089 -7.62011610319
2024-01-08T08:03:00.000000 -565.355060325 -6724.397821396 -76.416374083 -0.89190426479 0.15799124337 -7.63203338594
2024-01-08T08:04:00.000000 -617.506746985 -6699.212270436 -533.801459257 -0.84580888307 0.68118804965 -7.60817920252
2024-01-08T08:05:00.000000 -666.773198724 -6642.720599350 -988.684795205 -0.79576779384 1.20111820367 -7.54867665541
2024-01-08T08:06:00.000000 -712.924705201 -6555.192449856 -1438.935479940 -0.74201845153 1.71533110685 -7.45382086949
2024-01-08T08:07:00.000000 -755.746335285 -6437.043628564 -1882.445407397 -0.68481574201 2.22140744771 -7.32407596160
2024-01-08T08:08:00.000000 -795.038938779 -6288.833861002 -2317.139302489 -0.62443074201 2.71697043159 -7.16007179914
2024-01-08T08:09:00.000000 -830.620089437 -6111.263951021 -2740.984573653 -0.56114946099 3.19969672508 -6.96260047693
2024-01-08T08:10:00.000000 -862.324924004 -5905.172219425 -3152.000918920 -0.49527105512 3.66732718664 -6.73261232458
2024-01-08T08:11:00.000000 -890.006874382 -5671.530343143 -3548.269702426 -0.42710587187 4.11767789065 -6.47121150773
2024-01-08T08:12:00.000000 -913.538288630 -5411.438472332 -3927.942998504 -0.35697396832 4.54865196307 -6.17965019401
2024-01-08T08:13:00.000000 -932.810985713 -5126.119680664 -4289.252263805 -0.28520408629 4.95825088712 -5.85932021220
2024-01-08T08:14:00.000000 -947.736740011 -4816.913773543 -4630.516402231 -0.21213245041 5.34458309228 -5.51174328994
2024-01-08T08:15:00.000000 -958.247681145 -4485.270696683 -4950.149308445 -0.13810100155 5.70587000130 -5.13856256730
2024-01-08T08:16:00.000000 -964.296573852 -4132.743552858 -5246.666921306 -0.06345528725 6.04045227236 -4.74153588099
2024-01-08T08:17:00.000000 -965.856973415 -3760.981249326 -5518.693930737 0.01145753671 6.34679769076 -4.32252838547
2024-01-08T08:18:00.000000 -962.923270038 -3371.720604296 -5764.969903149 0.08629037271 6.62350899933 -3.88350258072
2024-01-08T08:19:00.000000 -955.510642089 -2966.778085251 -5984.354792493 0.16069764728 6.86932938296 -3.42650681682
2024-01-08T08:20:00.000000 -943.654919889 -2548.041263325 -6175.833750795 0.23433669679 7.08314545163 -2.95366469700
2024-01-08T08:21:00.000000 -927.412375909 -2117.460170791 -6338.521389976 0.30686903944 7.26398941089 -2.46716629940
2024-01-08T08:22:00.000000 -906.859437084 -1677.038462776 -6471.665523252 0.37796149045 7.41104204208 -1.96926049858
2024-01-08T08:23:00.000000 -882.092334139 -1228.824384144 -6574.650462825 0.44728736493 7.52363696449 -1.46224658917
2024-01-08T08:24:00.000000 -853.226664013 -774.901471269 -6646.999716794 0.51452804318 7.60126496273 -0.94846363976
2024-01-08T08:25:00.000000 -820.396855872 -317.379032473 -6688.378034499 0.57937474410 7.64357607758 -0.43027805284
2024-01-08T08:26:00.000000 -783.755531261 141.617380397 -6698.592667003 0.64153000879 7.65037850790 0.08992792998
2024-01-08T08:27:00.000000 -743.472795813 599.955400207 -6677.594075249 0.70070868035 7.62163673183 0.60976441817
2024-01-08T08:28:00.000000 -699.735470956 1055.505224827 -6625.476154015 0.75663878396 7.55747211667 1.12684046292
2024-01-08T08:29:00.000000 -652.746274892 1506.149107700 -6542.476098333 0.80906273695 7.45816553227 1.63877309128
2024-01-08T08:30:00.000000 -602.722912896 1949.790966925 -6428.973521942 0.85773871187 7.32415803044 2.14319976551
2024-01-08T08:31:00.000000 -549.897102410 2384.365909697 -6285.488871130 0.90244163518 7.15604757185 2.63779072491
2024-01-08T08:32:00.000000 -494.513545606 2807.849522551 -6112.681145443 0.94296372682 6.95458453315 3.12025789585
2024-01-08T08:33:00.000000 -436.828882424 3218.266912151 -5911.345223952 0.97911506787 6.72066936970 3.58836183447
2024-01-08T08:34:00.000000 -377.110586823 3613.701709686 -5682.408680442 1.01072461277 6.45535230178 4.03992025760
2024-01-08T08:35:00.000000 -315.635796179 3992.305024120 -5426.928034197 1.03764150479 6.15983179307 4.47281933797
2024-01-08T08:36:00.000000 -252.690064497 4352.304208832 -5146.084276590 1.05973621607 5.83545003204 4.88502563737
2024-01-08T08:37:00.000000 -188.566059053 4692.011303732 -4841.177732348 1.07690123358 5.48368647054 5.27459649281
2024-01-08T08:38:00.000000 -123.562228093 5009.831069711 -4513.622340922 1.08905143046 5.10615134985 5.63968875029
2024-01-08T08:39:00.000000 -57.981445836 5304.268658144 -4164.939437118 1.09612449387 4.70457986559 5.97856714938
2024-01-08T08:40:00.000000 7.870376673 5573.936936751 -3796.751010500 1.09808162286 4.28082608338 6.28961345282
2024-01-08T08:41:00.000000 73.685722277 5817.563381555 -3410.772385669 1.09490823445 3.83685532657 6.57133615509
2024-01-08T08:42:00.000000 139.156936532 6033.996514792 -3008.804355642 1.08661426113 3.37473475253 6.82237937706
2024-01-08T08:43:00.000000 203.977691575 6222.211678119 -2592.724809846 1.07323399085 2.89662329342 7.04153006603
2024-01-08T08:44:00.000000 267.844442944 6381.316270524 -2164.479981224 1.05482589632 2.40476203342 7.22772436012
2024-01-08T08:45:00.000000 330.457881420 6510.554350562 -1726.075281215 1.03147272765 1.90146414547 7.38005437945
2024-01-08T08:46:00.000000 391.524393504 6609.310665384 -1279.565759735 1.00328152286 1.38910294055 7.49777467002
2024-01-08T08:47:00.000000 450.757504600 6677.113820762 -827.046203656 0.97038310030 0.87009885781 7.58030638713
2024-01-08T08:48:00.000000 507.879281588 6713.638776311 -370.641081642 0.93293122394 0.34690771301 7.62723954208
2024-01-08T08:49:00.000000 562.621688592 6718.708611494 87.505686242 0.89110193135 -0.17798983698 7.63833585878
2024-01-08T08:50:00.000000 614.727905751 6692.295725245 545.241116850 0.84509294658 -0.70210074693 7.61353274986
2024-01-08T08:51:00.000000 663.953603310 6634.522064289 1000.413815107 0.79512264537 -1.22293512798 7.55294536438
2024-01-08T08:52:00.000000 710.068133626 6545.658487305 1450.884570164 0.74142845905 -1.73802185134 7.45686432928
2024-01-08T08:53:00.000000 752.855628253 6426.123228711 1894.536781829 0.68426531745 -2.24492065342 7.32575132852
2024-01-08T08:54:00.000000 792.116007991 6276.479789734 2329.286574981 0.62390449068 -2.74123197198 7.16023600932
2024-01-08T08:55:00.000000 827.665935042 6097.434140593 2753.092869967 0.56063251951 -3.22460803425 6.96111452224
2024-01-08T08:56:00.000000 859.339686171 5889.831234112 3163.967283461 0.49474973792 -3.69276635910 6.72934653678
2024-01-08T08:57:00.000000 886.989927578 5654.650664842 3559.983764887 0.42656849959 -4.14350334195 6.46604902423
2024-01-08T08:58:00.000000 910.488384329 5393.001590464 3939.287798074 0.35641146459 -4.57470571534 6.17248780572
2024-01-08T08:59:00.000000 929.726409429 5106.117017684 4300.105054350 0.28460996833 -4.98435964898 5.85006863074
2024-01-08T09:00:00.000000 944.615453543 4795.347621691 4640.749539670 0.21150228875 -5.37055805607 5.50032882363
2024-01-08T09:01:00.000000 955.087427816 4462.155117824 4959.631258016 0.13743191699 -5.73150721211 5.12493016870
2024-01-08T09:02:00.000000 961.094972268 4108.105280738 5255.263503095 0.06274606983 -6.06553433150 4.72565241790
2024-01-08T09:03:00.000000 962.611638645 3734.860387409 5526.269695961 -0.01220561442 -6.37109659384 4.30438536025
2024-01-08T09:04:00.000000 959.631993819 3344.171171487 5771.389681918 -0.08707258761 -6.64678963456 3.86311797058
2024-01-08T09:05:00.000000 952.171615666 2937.868321201 5989.485316295 -0.16150529783 -6.89135310080 3.40392632172
2024-01-08T09:06:00.000000 940.266974590 2517.853753667 6179.545359638 -0.23515733730 -7.10367380049 2.92896289218
2024-01-08T09:07:00.000000 923.975177099 2086.091681285 6340.689783987 -0.30768750799 -7.28278883142 2.44044744731
2024-01-08T09:08:00.000000 903.373603305 1644.599492523 6472.173531778 -0.37876147560 -7.42788915301 1.94065741521
2024-01-08T09:09:00.000000 878.559459336 1195.438433545 6573.389647695 -0.44805276102 -7.53832220056 1.43191727726
2024-01-08T09:10:00.000000 849.649293753 740.704174310 6643.871810313 -0.51524324361 -7.61359327189 0.91658840288
2024-01-08T09:11:00.000000 816.778474592 282.517294543 6683.296246788 -0.58002385385 -7.65336706316 0.39705969247
2024-01-08T09:12:00.000000 780.100609352 -176.986340751 6691.483103779 -0.64209596494 -7.65746958447 -0.12426236329
2024-01-08T09:13:00.000000 739.786864780 -635.665286991 6668.397163732 -0.70117322257 -7.62588900230 -0.64496463470
2024-01-08T09:14:00.000000 696.025180971 -1091.382245316 6614.147932022 -0.75698302946 -7.55877501203 -1.16263805764
2024-01-08T09:15:00.000000 649.019419980 -1542.013717028 6528.989096175 -0.80926744146 -7.45643770925 -1.67488741906
2024-01-08T09:16:00.000000 598.988457529 -1985.459589378 6413.317379676 -0.85778395528 -7.31934658354 -2.17934109802
2024-01-08T09:17:00.000000 546.165231172 -2419.652671320 6267.670865891 -0.90230676334 -7.14812892138 -2.67366102852
2024-01-08T09:18:00.000000 490.795682241 -2842.568083475 6092.726662028 -0.94262841473 -6.94356764621 -3.15555238463
2024-01-08T09:19:00.000000 433.137611450 -3252.232548811 5889.298026762 -0.97856125475 -6.70659927851 -3.62277359997
2024-01-08T09:20:00.000000 373.459465610 -3646.733501690 5658.330824386 -1.00993808169 -6.43831089468 -4.07314768305
2024-01-08T09:21:00.000000 312.039111466 -4024.228002427 5400.899331300 -1.03661209234 -6.13993455544 -4.50457316647
2024-01-08T09:22:00.000000 249.162613260 -4382.951205836 5118.201434615 -1.05845688743 -5.81284072774 -4.91503200298
2024-01-08T09:23:00.000000 185.122986533 -4721.224556617 4811.553459818 -1.07536734703 -5.45853446854 -5.30259579789
2024-01-08T09:24:00.000000 120.218877800 -5037.463768228 4482.384497925 -1.08726129644 -5.07865364147 -5.66543552938
2024-01-08T09:25:00.000000 54.753135432 -5330.186726176 4132.230071685 -1.09408085718 -4.67496350649 -6.00183557683
2024-01-08T09:26:00.000000 -10.968651707 -5598.020750689 3762.724906426 -1.09579252109 -4.24934493519 -6.31020592775
2024-01-08T09:27:00.000000 -76.639595599 -5839.709165924 3375.595225035 -1.09238639950 -3.80378178398 -6.58908775995
2024-01-08T09:28:00.000000 -141.952916676 -6054.117202174 2972.650738072 -1.08387594241 -3.34035347594 -6.83715632169
2024-01-08T09:29:00.000000 -206.603354342 -6240.237624134 2555.776501251 -1.07029857795 -2.86123007866 -7.05322794033
2024-01-08T09:30:00.000000 -270.288634309 -6397.195896898 2126.924067574 -1.05171643844 -2.36866315001 -7.23627063275
2024-01-08T09:31:00.000000 -332.710950546 -6524.254671265 1688.102167100 -1.02821629001 -1.86497144680 -7.38541186109
2024-01-08T09:32:00.000000 -393.578426389 -6620.817397699 1241.366992091 -0.99990878455 -1.35252758733 -7.49994133088
2024-01-08T09:33:00.000000 -452.606515457 -6686.431244615 788.812465162 -0.96692753836 -0.83374800655 -7.57931336975
2024-01-08T09:34:00.000000 -509.519354758 -6720.789425841 332.560173041 -0.92942816844 -0.31108239381 -7.62315187243
2024-01-08T09:35:00.000000 -564.051050530 -6723.732781388 -125.250916885 -0.88758721449 0.21300061217 -7.63125408720
2024-01-08T09:36:00.000000 -615.946909480 -6695.250466957 -582.474876003 -0.84160138415 0.73602810343 -7.60358996226
2024-01-08T09:37:00.000000 -664.964640605 -6635.479845822 -1036.969076062 -0.79168741410 1.25553431357 -7.54029961841
2024-01-08T09:38:00.000000 -710.875556270 -6544.705768753 -1486.604392422 -0.73808190981 1.76907055383 -7.44169309641
2024-01-08T09:39:00.000000 -753.465732506 -6423.359190395 -1929.275424846 -0.68104010129 2.27421770863 -7.30825103033
2024-01-08T09:40:00.000000 -792.537063463 -6272.014966021 -2362.910674250 -0.62083352300 2.76860062412 -7.14062226780
2024-01-08T09:41:00.000000 -827.908163482 -6091.388817708 -2785.482488163 -0.55774776280 3.24990065877 -6.93961833697
2024-01-08T09:42:00.000000 -859.415168414 -5882.333634613 -3195.016644148 -0.49208107230 3.71586587985 -6.70620804336
2024-01-08T09:43:00.000000 -886.912464585 -5645.835160145 -3589.601661288 -0.42414332863 4.16432168803 -6.44151294205
2024-01-08T09:44:00.000000 -910.273341329 -5383.006996640 -3967.397771167 -0.35425452170 4.59318259440 -6.14680106475
2024-01-08T09:45:00.000000 -929.390545010 -5095.084941244 -4326.645477864 -0.28274283600 5.00046241555 -5.82347800795
2024-01-08T09:46:00.000000 -944.176713814 -4783.420796500 -4665.673507525 -0.20994294629 5.38428145651 -5.47307784212
2024-01-08T09:47:00.000000 -954.564728785 -4449.475802934 -4982.906309101 -0.13619466307 5.74287275040 -5.09725584680
2024-01-08T09:48:00.000000 -960.507974173 -4094.813642361 -5276.871097436 -0.06184146557 6.07458957753 -4.69778172801
2024-01-08T09:49:00.000000 -961.980512182 -3721.092998686 -5546.204521695 0.01277133077 6.37791359164 -4.27653122396
2024-01-08T09:50:00.000000 -958.977128293 -3330.059623013 -5789.658691602 0.08729848206 6.65146166060 -3.83547596988
2024-01-08T09:51:00.000000 -951.513281674 -2923.538074314 -6006.106633778 0.16139638420 6.89399086014 -3.37667289455
2024-01-08T09:52:00.000000 -939.624966646 -2503.423178741 -6194.547080931 0.23472419721 7.10440204258 -2.90225406541
2024-01-08T09:53:00.000000 -923.368525516 -2071.671339033 -6354.108724964 0.30694477269 7.28174265583 -2.41441743382
2024-01-08T09:54:00.000000 -902.820389142 -1630.291631845 -6484.053892426 0.37772580641 7.42520983666 -1.91541846756
2024-01-08T09:55:00.000000 -878.076740467 -1181.336713730 -6583.781752946 0.44674153731 7.53415444285 -1.40756120526
2024-01-08T09:56:00.000000 -849.253061175 -726.893492862 -6652.830886863 0.51367478466 7.60808459051 -0.89318721986
2024-01-08T09:57:00.000000 -816.483562192 -269.073633666 -6690.881217178 0.57821861088 7.64666649601 -0.37466381432
2024-01-08T09:58:00.000000 -779.920539937 189.995877762 -6697.755216573 0.64007720960 7.64972320377 0.14562555007
2024-01-08T09:59:00.000000 -739.733691195 648.182141352 -6673.418687863 0.69896655608 7.61723466296 0.66528831727
2024-01-08T10:00:00.000000 -696.109368756 1103.355814332 -6617.981024489 0.75461562948 7.54934033437 1.18193129432
2024-01-08T10:01:00.000000 -649.249758237 1553.400770716 -6531.694972005 0.80676807769 7.44634083982 1.69317284832
2024-01-08T10:02:00.000000 -599.371952173 1996.223693228 -6414.955474623 0.85518340617 7.30869532550 2.19665582077
2024-01-08T10:03:00.000000 -546.706988574 2429.763446455 -6268.297946092 0.89963738788 7.13701673380 2.69005678504
2024-01-08T10:04:00.000000 -491.498854974 2852.000227265 -6092.396003643 0.93992252595 6.93206955102 3.17109229968
2024-01-08T10:05:00.000000 -434.003463876 3260.964650927 -5888.058922439 0.97584935178 6.69477029810 3.63752689817
2024-01-08T10:06:00.000000 -374.487507404 3654.746882267 -5656.228361835 1.00724812807 6.42618688590 4.08718454658
2024-01-08T10:07:00.000000 -313.227242383 4031.505600403 -5397.974460773 1.03396995285 6.12753437063 4.51796087834
2024-01-08T10:08:00.000000 -250.507222222 4389.476658121 -5114.491195688 1.05588704265 5.80016898104 4.92783331504
2024-01-08T10:09:00.000000 -186.619035724 4726.981372811 -4807.091247274 1.07289290506 5.44558268849 5.31486970746
2024-01-08T10:10:00.000000 -121.860004268 5042.434535223 -4477.200279399 1.08490299693 5.06539834026 5.67723727416
2024-01-08T10:11:00.000000 -56.531840308 5334.352094305 -4126.350707911 1.09185566867 4.66136399675 6.01321208854
2024-01-08T10:12:00.000000 9.060752118 5601.358473417 -3756.174882132 1.09371295258 4.23534610924 6.32118860551
2024-01-08T10:13:00.000000 74.611512607 5842.193425949 -3368.397688042 1.09046097296 3.78932149873 6.59968905908
2024-01-08T10:14:00.000000 139.814073119 6055.718408729 -2964.828635733 1.08211000466 3.32536785461 6.84737215170
2024-01-08T10:15:00.000000 204.363402796 6240.922299591 -2547.353431022 1.06869431050 2.84565350935 7.06304012536
2024-01-08T10:16:00.000000 267.957242573 6396.926561658 -2117.925194842 1.05027202670 2.35242791201 7.24564474357
2024-01-08T10:17:00.000000 330.297541581 6522.989810795 -1678.555278703 1.02692533515 1.84801238217 7.39429401995
2024-01-08T10:18:00.000000 391.091908234 6618.511848486 -1231.303694662 0.99876072186 1.33478867313 7.50825968616
2024-01-08T10:19:00.000000 450.055066744 6683.036825355 -778.269083266 0.96590881126 0.81518473670 7.58698265415
2024-01-08T10:20:00.000000 506.910284218 6716.255600696 -321.578509562 0.92852358528 0.29166048375 7.63007486568
2024-01-08T10:21:00.000000 561.390742101 6718.007275330 136.622835859 0.88678132863 -0.23330388146 7.63731967155
2024-01-08T10:22:00.000000 613.240840820 6688.280127280 594.181917498 0.84087959590 -0.75721855530 7.60867347791
2024-01-08T10:23:00.000000 662.217446148 6627.211791135 1048.948350913 0.79103611639 -1.27759667573 7.54426800817
2024-01-08T10:24:00.000000 708.091059687 6535.088670551 1498.784918197 0.73748746538 -1.79196871113 7.44441033353
2024-01-08T10:25:00.000000 750.646909744 6412.344468410 1941.578029276 0.68048775354 -2.29789606172 7.30958023815
2024-01-08T10:26:00.000000 789.685970719 6259.557984159 2375.247970589 0.62030759097 -2.79298309932 7.14042683922
2024-01-08T10:27:00.000000 825.025924284 6077.450160082 2797.758980268 0.55723307839 -3.27488919972 6.93776536077
2024-01-08T10:28:00.000000 856.502046500 5866.880412469 3207.129085610 0.49156427612 -3.74134142258 6.70257260063
2024-01-08T10:29:00.000000 883.967983496 5628.842194697 3601.439605096 0.42361310126 -4.19014638613 6.43598038674
2024-01-08T10:30:00.000000 907.296399430 5364.457931301 3978.844237285 0.35370124843 -4.61920030310 6.13926816475
2024-01-08T10:31:00.000000 926.379513802 5074.973352577 4337.577692513 0.28215867459 -5.02649808180 5.81385578433
2024-01-08T10:32:00.000000 941.129564570 4761.751308962 4675.963900573 0.20932245955 -5.41014244929 5.46129591218
2024-01-08T10:33:00.000000 951.479189902 4426.265025524 4992.423714135 0.13553540127 -5.76835262986 5.08326546152
2024-01-08T10:34:00.000000 957.381724256 4070.090899175 5285.482114003 0.06114400819 -6.09947179428 4.68155656140
2024-01-08T10:35:00.000000 958.811343481 3694.900848846 5553.774837351 -0.01350376481 -6.40197356050 4.25806774385
2024-01-08T10:36:00.000000 955.763097544 3302.454311011 5796.054509444 -0.08806036730 -6.67446819930 3.81479503012
2024-01-08T10:37:00.000000 948.252843984 2894.589849426 6011.196190033 -0.16217983094 -6.91570856760 3.35382231671
2024-01-08T10:38:00.000000 936.317131472 2473.216454184 6198.202368211 -0.23551871519 -7.12459537599 2.87731099949
2024-01-08T10:39:00.000000 920.013004937 2040.304521681 6356.207261066 -0.30773745241 -7.30018147209 2.38748911648
2024-01-08T10:40:00.000000 899.417723017 1597.876638455 6484.480496410 -0.37850214433 -7.44167481419 1.88664032417
2024-01-08T10:41:00.000000 874.628364102 1147.998210590 6582.430113625 -0.44748630092 -7.54844010961 1.37709336602
2024-01-08T10:42:00.000000 845.761339523 692.768039780 6649.605001115 -0.51437215277 -7.61999994693 0.86121244090
2024-01-08T10:43:00.000000 812.951838696 234.308792891 6685.696722878 -0.57885172274 -7.65603637239 0.34138789952
2024-01-08T10:44:00.000000 776.353206435 -225.242612354 6690.540803656 -0.64062803161 -7.65639251894 -0.17997382588
2024-01-08T10:45:00.000000 736.136242409 -683.744690905 6664.117362324 -0.69941642412 -7.62107306227 -0.70046087596
2024-01-08T10:46:00.000000 692.488426201 -1139.061069665 6606.551143755 -0.75494575812 -7.55024345147 -1.21766602480
2024-01-08T10:47:00.000000 645.613074741 -1589.070104503 6518.110963833 -0.80695946681 -7.44422906974 -1.72919590653
2024-01-08T10:48:00.000000 595.728431530 -2031.674457310 6399.208561552 -0.85521668272 -7.30351492473 -2.23268070490
2024-01-08T10:49:00.000000 543.066693885 -2464.810669645 6250.396916623 -0.89949342460 -7.12874476554 -2.72578497818
2024-01-08T10:50:00.000000 487.872964200 -2886.458607388 6072.367810507 -0.93958359203 -6.92071863632 -3.20621870519
2024-01-08T10:51:00.000000 430.404156958 -3294.650744200 5865.948816732 -0.97529972118 -6.68038931738 -3.67174750707
2024-01-08T10:52:00.000000 370.927852259 -3687.481198711 5632.099643826 -1.00647382152 -6.40885845833 -4.12020217547
2024-01-08T10:53:00.000000 309.721100203 -4063.114560958 5371.907983311 -1.03295854371 -6.10737242591 -4.54948812946
2024-01-08T10:54:00.000000 247.069138208 -4419.794424364 5086.584714170 -1.05462846474 -5.77731768976 -4.95759484340
2024-01-08T10:55:00.000000 183.264048137 -4755.851657470 4777.458598752 -1.07138097808 -5.42021585900 -5.34260524674
2024-01-08T10:56:00.000000 118.603375926 -5069.712330291 4445.970366874 -1.08313650197 -5.03771821529 -5.70270535838
2024-01-08T10:57:00.000000 53.388758090 -5359.905335326 4093.666264518 -1.08983826993 -4.63159912638 -6.03619401670
2024-01-08T10:58:00.000000 -12.075446346 -5625.069515991 3722.190983815 -1.09145232453 -4.20374820020 -6.34149203116
2024-01-08T10:59:00.000000 -77.483539276 -5863.960345426 3333.280103185 -1.08796808746 -3.75616170202 -6.61715059623
2024-01-08T11:00:00.000000 -142.529907814 -6075.456024585 2928.752006203 -1.07939920952 -3.29093324207 -6.86185937702
2024-01-08T11:01:00.000000 -206.910501028 -6258.563051767 2510.499363128 -1.06578399456 -2.81024330276 -7.07445390320
2024-01-08T11:02:00.000000 -270.324297136 -6412.421071279 2080.480183449 -1.04718506920 -2.31634818654 -7.25392129274
2024-01-08T11:03:00.000000 -332.474746362 -6536.307134984 1640.708596243 -1.02368876584 -1.81156980716 -7.39940468478
2024-01-08T11:04:00.000000 -393.071180190 -6629.639313695 1193.245330635 -0.99540479338 -1.29828608524 -7.51020822814
2024-01-08T11:05:00.000000 -451.830211364 -6691.979787714 740.187899044 -0.96246607502 -0.77891969780 -7.58580292663
2024-01-08T11:06:00.000000 -508.477111687 -6723.037083196 283.660424665 -0.92502820076 -0.25592425177 -7.62583105061
2024-01-08T11:07:00.000000 -562.747143309 -6722.667522561 -174.196675482 -0.88326840321 0.26822996730 -7.63010739983
2024-01-08T11:08:00.000000 -614.386825278 -6690.875809975 -631.237049756 -0.83738452693 0.79106840284 -7.59861888341
2024-01-08T11:09:00.000000 -663.155144615 -6627.814985734 -1085.318710020 -0.78759418403 1.31012378093 -7.53152446943
2024-01-08T11:10:00.000000 -708.824714190 -6533.785584925 -1534.314373877 -0.73413376150 1.82294873884 -7.42915507322
2024-01-08T11:11:00.000000 -751.182859314 -6409.234058932 -1976.121723224 -0.67725703195 2.32712922787 -7.29201144444
2024-01-08T11:12:00.000000 -790.032616311 -6254.750376139 -2408.673486842 -0.61723370615 2.82029681620 -7.12076022503
2024-01-08T11:13:00.000000 -825.193651085 -6071.064975136 -2829.947258339 -0.55434817990 3.30013986680 -6.91622964129
2024-01-08T11:14:00.000000 -856.503100396 -5859.045004766 -3237.975061767 -0.48889815196 3.76441480288 -6.67940498010
2024-01-08T11:15:00.000000 -883.816314538 -5619.689910200 -3630.852606574 -0.42119269412 4.21095720054 -6.41142264631
2024-01-08T11:16:00.000000 -907.007476248 -5354.126372996 -4006.748146074 -0.35155012915 4.63769136965 -6.11356323787
2024-01-08T11:17:00.000000 -925.970103187 -5063.602747318 -4363.910929677 -0.28029644649 5.04263895054 -5.78724493490
2024-01-08T11:18:00.000000 -940.617478719 -4749.482940190 -4700.679259576 -0.20776441013 5.42392823519 -5.43401676435
2024-01-08T11:19:00.000000 -950.883035399 -4413.239718697 -5015.488092047 -0.13429266623 5.77980371136 -5.05554984528
2024-01-08T11:20:00.000000 -956.720663004 -4056.447498025 -5306.876056393 -0.06022419505 6.10863341698 -4.65362712340
2024-01-08T11:21:00.000000 -958.104906378 -3680.774780375 -5573.491876986 0.01409590185 6.40891395243 -4.23013407623
2024-01-08T11:22:00.000000 -955.031020182 -3287.976291669 -5814.100285869 0.08832279088 6.67927570037 -3.78705090636
2024-01-08T11:23:00.000000 -947.514889296 -2879.884759808 -6027.587454647 0.16211391801 6.91848914143 -3.32644367257
2024-01-08T11:24:00.000000 -935.592848602 -2458.402346663 -6212.965823687 0.23513027769 7.12546993951 -2.85045343988
2024-01-08T11:25:00.000000 -919.321450619 -2025.491848972 -6369.378281952 0.30703706086 7.29928163477 -2.36128580735
2024-01-08T11:26:00.000000 -898.777194600 -1583.167757612 -6496.101771535 0.37750438458 7.43913812419 -1.86120229639
2024-01-08T11:27:00.000000 -874.056189419 -1133.487122169 -6592.550384871 0.44620873531 7.54440744528 -1.35251133848
2024-01-08T11:28:00.000000 -845.273717045 -678.540211728 -6658.277851902 0.51283486682 7.61461457879 -0.83755718714
2024-01-08T11:29:00.000000 -812.563685779 -220.441082450 -6692.979357494 0.57707733873 7.64944144898 -0.31870911675
2024-01-08T11:30:00.000000 -776.078011919 238.681818893 -6696.492784939 0.63864143086 7.64872655287 0.20164666486
2024-01-08T11:31:00.000000 -735.985951713 696.695108311 -6668.799511054 0.69724407415 7.61246721115 0.72111486236
2024-01-08T11:32:00.000000 -692.473361563 1151.470065946 -6610.024624757 0.75261527248 7.54082215704 1.23730245079
2024-01-08T11:33:00.000000 -645.741866838 1600.892324752 -6520.436397840 0.80449960160 7.43411022477 1.74783183040
2024-01-08T11:34:00.000000 -596.007954615 2042.871338298 -6400.445033226 0.85265721016 7.29280580674 2.25035074233
2024-01-08T11:35:00.000000 -543.502018834 2475.349620110 -6250.600959331 0.89686453309 7.11753634342 2.74253850318
2024-01-08T11:36:00.000000 -488.467354700 2896.311926999 -6071.592699396 0.93691527192 6.90908328161 3.22211376665
2024-01-08T11:37:00.000000 -431.159088376 3303.794549610 -5864.244199746 0.97262154062 6.66838210322 3.68684645633
2024-01-08T11:38:00.000000 -371.843046527 3695.894423191 -5629.511348324 1.00381461181 6.39651797963 4.13457022662
2024-01-08T11:39:00.000000 -310.794595835 4070.777935025 -5368.477878600 1.03034532619 6.09471982829 4.56319150658
2024-01-08T11:40:00.000000 -248.297444573 4426.689410173 -5082.350749103 1.05208492522 5.76435658703 4.97069684144
2024-01-08T11:41:00.000000 -184.642379218 4761.959459357 -4772.455117503 1.06892657089 5.40693454824 5.35516239076
2024-01-08T11:42:00.000000 -120.125900910 5075.013066054 -4440.228585002 1.08078675746 5.02409221421 5.71476543465
2024-01-08T11:43:00.000000 -55.048806762 5364.377297185 -4087.214818555 1.08760579852 4.61759236370 6.04779478256
2024-01-08T11:44:00.000000 10.285232801 5628.688509801 -3715.056599766 1.08934755583 4.18931393824 6.35265920350
2024-01-08T11:45:00.000000 75.571083146 5866.699082958 -3325.488364855 1.08599927489 3.74124450224 6.62789569606
2024-01-08T11:46:00.000000 140.503549170 6077.283716170 -2920.328289772 1.07757194006 3.27547157479 6.87217811580
2024-01-08T11:47:00.000000 204.778823374 6259.445096101 -2501.469808580 1.06410079295 2.79417254982 7.08432462581
2024-01-08T11:48:00.000000 268.095945796 6412.319004667 -2070.872789512 1.04564552669 2.29960475750 7.26330379025
2024-01-08T11:49:00.000000 330.158266592 6535.178807258 -1630.554304142 1.02229005204 1.79409592492 7.40824094304
2024-01-08T11:50:00.000000 390.674884669 6627.439398469 -1182.579044681 0.99414197965 1.28003298624 7.51842516789
2024-01-08T11:51:00.000000 449.362050402 6688.660313171 -729.049291045 0.96133196578 0.75984850822 7.59331472353
2024-01-08T11:52:00.000000 505.944527716 6718.548064547 -272.094690494 0.92401302523 0.23600673357 7.63253955293
2024-01-08T11:53:00.000000 560.156916490 6716.957641304 186.138097305 0.88235994586 -0.28900882199 7.63590233634
2024-01-08T11:54:00.000000 611.744945521 6683.893348910 643.495770150 0.83656878047 -0.81270722706 7.60337985373
2024-01-08T11:55:00.000000 660.466728567 6619.508837337 1097.828898164 0.78685619305 -1.33260307860 7.53512409318
2024-01-08T11:56:00.000000 706.093972458 6524.106378037 1547.002407679 0.73345838129 -1.84623022296 7.43146141760
2024-01-08T11:57:00.000000 748.413103141 6398.135296652 1988.905980421 0.67662954888 -2.35115456493 7.29288999925
2024-01-08T11:58:00.000000 787.226297436 6242.189724439 2421.464264195 0.61664017715 -2.84498592882 7.12007691810
2024-01-08T11:59:00.000000 822.352407703 6057.005570644 2842.646928134 0.55377542579 -3.32539030474 6.91385510620
2024-01-08T12:00:00.000000 853.627802184 5843.456782306 3250.478481263 0.48833371561 -3.79010275213 6.67521861110
2024-01-08T12:01:00.000000 880.907112094 5602.550817731 3643.047734473 0.42062525323 -4.23693939069 6.40531562803
2024-01-08T12:02:00.000000 904.063896021 5335.423495218 4018.516822266 0.35097026718 -4.66380726785 6.10544060893
2024-01-08T12:03:00.000000 922.991176011 5043.333263701 4375.129745595 0.27969709697 -5.06871279687 5.77702693740
2024-01-08T12:04:00.000000 937.601877609 4727.655002658 4711.220507868 0.20714057226 -5.44977014231 5.42163994273
2024-01-08T12:05:00.000000 947.829177835 4389.873282754 5025.220787401 0.13364083719 -5.80520987137 5.04096919084
2024-01-08T12:06:00.000000 953.626797971 4031.575153351 5315.667162947 0.05954220895 -6.13338715091 4.63681971449
2024-01-08T12:07:00.000000 954.969201910 3654.442423920 5581.207736457 -0.01480845630 -6.43278906137 4.21110266537
2024-01-08T12:08:00.000000 951.851690121 3260.243559065 5820.608227700 -0.08906382791 -6.70204120279 3.76582558313
2024-01-08T12:09:00.000000 944.290367611 2850.825176032 6032.757426426 -0.16287804499 -6.93991351267 3.30308195181
2024-01-08T12:10:00.000000 932.322008234 2428.103259859 6216.672052476 -0.23590822926 -7.14532469429 2.82504013602
2024-01-08T12:11:00.000000 916.003835364 1994.054130833 6371.500891649 -0.30781584798 -7.31734506270 2.33393263494
2024-01-08T12:12:00.000000 895.413214717 1550.705293396 6496.528366473 -0.37826831087 -7.45519864870 1.83204633980
2024-01-08T12:13:00.000000 870.647246571 1100.126132759 6591.177494928 -0.44694064642 -7.55826556763 1.32171328956
2024-01-08T12:14:00.000000 841.822267519 644.418489804 6655.012352621 -0.51351678138 -7.62608454456 0.80530082362
2024-01-08T12:15:00.000000 809.073291142 185.707072421 6687.739837066 -0.57769033764 -7.65835461487 0.28520105038
2024-01-08T12:16:00.000000 772.553402686 -273.870174714 6689.210862614 -0.63916552327 -7.65493561273 -0.23617947674
2024-01-08T12:17:00.000000 732.433080453 -732.171724403 6659.420918742 -0.69765858721 -7.61584818321 -0.75642934916
2024-01-08T12:18:00.000000 688.899423183 -1187.062110962 6598.510097682 -0.75289960341 -7.54127383834 -1.27314182872
2024-01-08T12:19:00.000000 642.155274814 -1636.421584873 6506.762503915 -0.80463383852 -7.43155477335 -1.78392503779
2024-01-08T12:20:00.000000 592.418286528 -2078.155720165 6384.605032584 -0.85262242859 -7.28719277751 -2.28641250140
2024-01-08T12:21:00.000000 539.919957292 -2510.204946038 6232.605564716 -0.89664287780 -7.10884741067 -2.77827332222
2024-01-08T12:22:00.000000 484.904619412 -2930.553945097 6051.470510763 -0.93649005184 -6.89733397411 -3.25722212684
2024-01-08T12:23:00.000000 427.628356172 -3337.240934099 5842.041784985 -0.97197762870 -6.65362098615 -3.72102947882
2024-01-08T12:24:00.000000 368.357834124 -3728.366734826 5605.293109484 -1.00293938413 -6.37882634396 -4.16753261869
2024-01-08T12:25:00.000000 307.369069572 -4102.103610994 5342.325732001 -1.02922988105 -6.07421221510 -4.59464544459
2024-01-08T12:26:00.000000 244.946174476 -4456.703743608 5054.363537377 -1.05072479267 -5.74117977120 -5.00036727989
2024-01-08T12:27:00.000000 181.380075877 -4790.507443963 4742.747684326 -1.06732137389 -5.38126451767 -5.38279138669
2024-01-08T12:28:00.000000 116.967199339 -5101.951048968 4408.930667856 -1.07893924091 -4.99613148006 -5.74011450485
2024-01-08T12:29:00.000000 52.008101780 -5389.574549132 4054.469829516 -1.08552115853 -4.58756879009 -6.07064735284
2024-01-08T12:30:00.000000 -13.193932623 -5652.028693061 3681.020183323 -1.08703351199 -4.15747908046 -6.37282467776
2024-01-08T12:31:00.000000 -78.334316248 -5888.081582089 3290.326732731 -1.08346650232 -3.70786959884 -6.64521352213
2024-01-08T12:32:00.000000 -143.108593401 -6096.624636540 2884.216311674 -1.07483433295 -3.24084253073 -6.88651969096
2024-01-08T12:33:00.000000 -207.213886983 -6276.678043185 2464.589111305 -1.06117551448 -2.75858599626 -7.09559372663
2024-01-08T12:34:00.000000 -270.350366579 -6427.395618683 2033.409774826 -1.04255307827 -2.26336483201 -7.27143753338
2024-01-08T12:35:00.000000 -332.222714430 -6548.069110700 1592.698119308 -1.01905433057 -1.75750972330 -7.41321118228
2024-01-08T12:36:00.000000 -392.541560943 -6638.131762139 1144.519475924 -0.99079007034 -1.24340477284 -7.52023823340
2024-01-08T12:37:00.000000 -451.024865426 -6697.161167733 690.974771599 -0.95789367223 -0.72347513925 -7.59200892991
2024-01-08T12:38:00.000000 -507.399251505 -6724.881367926 234.190459977 -0.92052050927 -0.20017563830 -7.62818262419
2024-01-08T12:39:00.000000 -561.401318659 -6721.164301747 -223.691716183 -0.87884761989 0.32402100686 -7.62859068068
2024-01-08T12:40:00.000000 -612.778918687 -6686.030450063 -680.525106131 -0.83307300806 0.84663793103 -7.59323871729
2024-01-08T12:41:00.000000 -661.292384302 -6619.648684497 -1134.168632367 -0.78341426156 1.36520874923 -7.52230604527
2024-01-08T12:42:00.000000 -706.715646799 -6522.335204530 -1582.497102390 -0.73010692473 1.87729034401 -7.41614252802
2024-01-08T12:43:00.000000 -748.837279318 -6394.551849943 -2023.411358593 -0.67340328214 2.38047333080 -7.27526558116
2024-01-08T12:44:00.000000 -787.461468556 -6236.903713194 -2454.848259410 -0.61357151364 2.87239294333 -7.10035841066
2024-01-08T12:45:00.000000 -822.408948717 -6050.136150512 -2874.790580539 -0.55089461223 3.35074197137 -6.89226721420
2024-01-08T12:46:00.000000 -853.517835714 -5835.130874796 -3281.276610690 -0.48566879050 3.81328364186 -6.65199529379
2024-01-08T12:47:00.000000 -880.644373457 -5592.901446707 -3672.409367913 -0.41820176621 4.25786190206 -6.38069570074
2024-01-08T12:48:00.000000 -903.663571978 -5324.588116748 -4046.365382562 -0.34881122323 4.68241010663 -6.07966508505
2024-01-08T12:49:00.000000 -922.469764887 -5031.452250494 -4401.403158668 -0.27782315126 5.08496087938 -5.75033787845
2024-01-08T12:50:00.000000 -936.977042479 -4714.869988103 -4735.871195906 -0.20556985204 5.46365661224 -5.39427799447
2024-01-08T12:51:00.000000 -947.119575554 -4376.325442433 -5048.215443767 -0.13238805697 5.81675736762 -5.01316802776
2024-01-08T12:52:00.000000 -952.851837505 -4017.403446567 -5336.986123132 -0.05861774200 6.14264533605 -4.60879968300
2024-01-08T12:53:00.000000 -954.148780479 -3639.782167673 -5600.844054694 0.01539872343 6.43982926917 -4.18306699247
2024-01-08T12:54:00.000000 -951.005935491 -3245.225262876 -5838.566615550 0.08931800440 6.70695146657 -3.73795985211
2024-01-08T12:55:00.000000 -943.439407053 -2835.573653497 -6049.053225038 0.16279803786 6.94279552924 -3.27555459594
2024-01-08T12:56:00.000000 -931.485731698 -2412.736856670 -6231.330186899 0.23550018166 7.14629174684 -2.79800245749
2024-01-08T12:57:00.000000 -915.201624989 -1978.684102180 -6384.554847147 0.30709053313 7.31652007111 -2.30751849353
2024-01-08T12:58:00.000000 -894.663674802 -1535.435265727 -6508.019117352 0.37724076051 7.45271264579 -1.80637157240
2024-01-08T12:59:00.000000 -869.967973204 -1085.051672245 -6601.152406187 0.44562928589 7.55425606111 -1.29687424193
2024-01-08T13:00:00.000000 -841.229665510 -629.626785046 -6663.523928601 0.51194288029 7.62069235858 -0.78137282993
2024-01-08T13:01:00.000000 -808.582404132 -171.276876443 -6694.844482431 0.57587800025 7.65171952436 -0.26223886939
2024-01-08T13:02:00.000000 -772.177744357 287.868382810 -6694.967708623 0.63714153899 7.64719332780 0.25813907039
2024-01-08T13:03:00.000000 -732.184498031 745.675470556 -6663.890825875 0.69545157311 7.60712983776 0.77736560928
2024-01-08T13:04:00.000000 -688.788022690 1200.016646037 -6601.754676559 0.75053874080 7.53170570887 1.29305064549
2024-01-08T13:05:00.000000 -642.189416304 1648.779531315 -6508.843073965 0.80214807479 7.42125558328 1.80282019917
2024-01-08T13:06:00.000000 -592.604601737 2089.876490608 -6385.581576776 0.85004055322 7.27626941495 2.30432456667
2024-01-08T13:07:00.000000 -540.263343502 2521.253931214 -6232.535811203 0.89399394776 7.09739179844 2.79524611955
2024-01-08T13:08:00.000000 -485.408221677 2940.901555649 -6050.409248408 0.93380326701 6.88542165036 3.27330917777
2024-01-08T13:09:00.000000 -428.293587828 3346.861598031 -5840.040378073 0.96928137993 6.64131000076 3.73629085778
2024-01-08T13:10:00.000000 -369.184457301 3737.237818802 -5602.399225851 1.00026011131 6.36615644853 4.18203084986
2024-01-08T13:11:00.000000 -308.355334913 4110.204345109 -5338.583334147 1.02659152671 6.06120615652 4.60844077738
2024-01-08T13:12:00.000000 -246.088969296 4464.014282071 -5049.813108573 1.04814890265 5.72784656049 5.01351512179
2024-01-08T13:13:00.000000 -182.675062932 4797.008135804 -4737.426519161 1.06482720103 5.36760158725 5.39534286975
2024-01-08T13:14:00.000000 -118.408962530 5107.621730999 -4402.873108334 1.07654339860 4.98212366943 5.75211704828
2024-01-08T13:15:00.000000 -53.590319157 5394.393714184 -4047.707541343 1.08323718331 4.57318648360 6.08214177250
2024-01-08T13:16:00.000000 11.478303962 5655.972642556 -3673.582718104 1.08487198649 4.14267936290 6.38383978310
2024-01-08T13:17:00.000000 76.492882208 5891.123741440 -3282.242371094 1.08143575922 3.69260077391 6.65576222710
2024-01-08T13:18:00.000000 141.149407814 6098.735201446 -2875.513067468 1.07294098284 3.22504866258 6.89659856470
2024-01-08T13:19:00.000000 205.145342389 6277.823783018 -2455.295664382 1.05942409651 2.74220922939 7.10518388499
2024-01-08T13:20:00.000000 268.181039480 6427.539806802 -2023.556406518 1.04094499926 2.24634678512 7.28050433015
2024-01-08T13:21:00.000000 329.961148960 6547.171559159 -1582.317689730 1.01758702893 1.73979439420 7.42170298388
2024-01-08T13:22:00.000000 390.196030528 6636.149118899 -1133.648462210 0.98945723403 1.22494292250 7.52808644237
2024-01-08T13:23:00.000000 448.603181392 6694.047419835 -679.654229844 0.95668643286 0.70422798123 7.59912995503
2024-01-08T13:24:00.000000 504.908648700 6720.588539365 -222.466848991 0.91942866355 0.18011662060 7.63448030357
2024-01-08T13:25:00.000000 558.848388590 6715.643202766 235.765830946 0.87785995466 -0.34490508804 7.63395773218
2024-01-08T13:26:00.000000 610.169540123 6679.231572697 692.890416998 0.83217674405 -0.86834467005 7.59755785130
2024-01-08T13:27:00.000000 658.631606192 6611.523201545 1146.758545280 0.78259456515 -1.38771700323 7.52545239508
2024-01-08T13:28:00.000000 704.007576698 6512.836179341 1595.237404007 0.72934737870 -1.90055829510 7.41798767764
2024-01-08T13:29:00.000000 746.085021035 6383.635449572 2036.220124616 0.67268723412 -2.40443896043 7.27568147657
2024-01-08T13:30:00.000000 784.667160217 6224.530419659 2467.635958403 0.61288341239 -2.89697562453 7.09921958679
2024-01-08T13:31:00.000000 819.573842025 6036.271806184 2887.460253965 0.55022059592 -3.37584301849 6.88945194743
2024-01-08T13:32:00.000000 850.642400185 5819.747812812 3293.724155261 0.48499658477 -3.83878546909 6.64738754110
2024-01-08T13:33:00.000000 877.728382307 5575.979621670 3684.523967046 0.41752041682 -4.28362735107 6.37418844624
2024-01-08T13:34:00.000000 900.706181139 5306.116317284 4058.030162912 0.34811108010 -4.70828311630 6.07116377307
2024-01-08T13:35:00.000000 919.469597423 5011.429143752 4412.496009114 0.27709625246 -5.11076777105 5.73976296798
2024-01-08T13:36:00.000000 933.932312150 4693.305174334 4746.265742796 0.20481062951 -5.48920699888 5.38156738412
2024-01-08T13:37:00.000000 944.028251771 4353.240404894 5057.782199052 0.13159406483 -5.84184536953 4.99828076983
2024-01-08T13:38:00.000000 949.711846982 3992.832431833 5345.593887110 0.05778992665 -6.16705300267 4.59172030262
2024-01-08T13:39:00.000000 950.958199500 3613.772699614 5608.361535487 -0.01625636786 -6.46333256412 4.16380801340
2024-01-08T13:40:00.000000 947.763157948 3217.838332710 5844.864093187 -0.09019896819 -6.72932651355 3.71656063572
2024-01-08T13:41:00.000000 940.143288942 2806.883580526 6054.004055592 -0.16369339439 -6.96382223189 3.25207784932
2024-01-08T13:42:00.000000 928.135743961 2382.831039215 6234.812123032 -0.23639829919 -7.16575424106 2.77253170844
2024-01-08T13:43:00.000000 911.798019278 1947.662771972 6386.451284443 -0.30797710358 -7.33420636286 2.28015867453
2024-01-08T13:44:00.000000 891.207624293 1503.411226672 6508.220456235 -0.37809953022 -7.46841613190 1.77725157373
2024-01-08T13:45:00.000000 866.461663263 1052.149869489 6599.557532951 -0.44644285372 -7.56777957235 1.26614851902
2024-01-08T13:46:00.000000 837.676357723 595.983587283 6660.041756419 -0.51269267357 -7.63185293556 0.74922031839
2024-01-08T13:47:00.000000 804.986527093 137.039111566 6689.395320883 -0.57654360320 -7.66035187093 0.22886009844
2024-01-08T13:48:00.000000 768.545012212 -322.544544757 6687.484480193 -0.63770061113 -7.65315152521 -0.29252459458
2024-01-08T13:49:00.000000 728.521994019 -780.625710421 6654.320149158 -0.69588108330 -7.61028851626 -0.81252070330
2024-01-08T13:50:00.000000 685.104189255 -1235.069789214 6590.057920271 -0.75081669453 -7.53196194949 -1.32872114366
2024-01-08T13:51:00.000000 638.493961724 -1683.758962805 6494.997338700 -0.80225433399 -7.41853170035 -1.83873631843
2024-01-08T13:52:00.000000 588.908390646 -2124.601779950 6369.580546639 -0.84995646081 -7.27051607776 -2.34020349059
2024-01-08T13:53:00.000000 536.578332253 -2555.542595515 6214.390447244 -0.89370182633 -7.08859073952 -2.83079566520
2024-01-08T13:54:00.000000 481.747392602 -2974.571011792 6030.148219350 -0.93328675957 -6.87358764908 -3.30823211894
2024-01-08T13:55:00.000000 424.670840559 -3379.731159842 5817.710216001 -0.96852639626 -6.62649184926 -3.77028979312
2024-01-08T13:56:00.000000 365.614449214 -3769.130750447 5578.064177963 -0.99925550866 -6.34843669834 -4.21481335447
2024-01-08T13:57:00.000000 304.853300814 -4140.949828219 5312.324924368 -1.02532924715 -6.04069942679 -4.63972413672
2024-01-08T13:58:00.000000 242.670532822 -4493.449289451 5021.729450248 -1.04662405935 -5.70469704773 -5.04302968511
2024-01-08T13:59:00.000000 179.356035879 -4824.979117157 4707.631458743 -1.06303852718 -5.34198102858 -5.42283401764
2024-01-08T14:00:00.000000 115.205106776 -5133.986244082 4371.495266481 -1.07449390525 -4.95423057610 -5.77734727888
2024-01-08T14:01:00.000000 50.517077810 -5419.022017145 4014.889187323 -1.08093453100 -4.54324550681 -6.10489448224
2024-01-08T14:02:00.000000 -14.406083144 -5678.749201475 3639.478367194 -1.08232825667 -4.11093878067 -6.40392413564
2024-01-08T14:03:00.000000 -79.261190966 -5911.948527130 3247.017128288 -1.07866668070 -3.65932795627 -6.67301664744
2024-01-08T14:04:00.000000 -143.745269132 -6117.524674485 2839.340813834 -1.06996511466 -3.19052588180 -6.91089184359
2024-01-08T14:05:00.000000 -207.556971008 -6294.511729125 2418.357229783 -1.05626266219 -2.70673122271 -7.11641595892
2024-01-08T14:06:00.000000 -270.398019765 -6442.078009224 1986.037631682 -1.03762258528 -2.21021807797 -7.28860875867
2024-01-08T14:07:00.000000 -331.974662586 -6559.530241166 1544.407325917 -1.01413234420 -1.70332369377 -7.42664967416
2024-01-08T14:08:00.000000 -391.999098784 -6646.316954473 1095.535964786 -0.98590271393 -1.18843571116 -7.52988140223
2024-01-08T14:09:00.000000 -450.190841271 -6702.031175159 641.527692552 -0.95306645951 -0.66798120309 -7.59781199418
2024-01-08T14:10:00.000000 -506.278008491 -6726.412488536 184.511132109 -0.91577767810 -0.14441679673 -7.63011808087
2024-01-08T14:11:00.000000 -559.998610998 -6719.348475224 -273.370860850 -0.87421196637 0.37978336998 -7.62664905862
2024-01-08T14:12:00.000000 -611.101832885 -6680.875311243 -729.971620469 -0.82856632340 0.90214260773 -7.58742902645
2024-01-08T14:13:00.000000 -659.349300556 -6611.177489636 -1183.151148345 -0.77905787865 1.42019619140 -7.51265500286
2024-01-08T14:14:00.000000 -704.516214749 -6510.586723819 -1630.786366055 -0.72592179904 1.93150306216 -7.40269389615
2024-01-08T14:15:00.000000 -746.392382375 -6379.580228083 -2070.781266936 -0.66940949794 2.43365634904 -7.25808074755
2024-01-08T14:16:00.000000 -784.783153531 -6218.778286146 -2501.076938160 -0.60978763027 2.92429547715 -7.07951709723
2024-01-08T14:17:00.000000 -819.510321942 -6028.941121060 -2919.661482796 -0.54733743896 3.40111929713 -6.86786702135
2024-01-08T14:18:00.000000 -850.412968751 -5810.964927186 -3324.579559741 -0.48235378319 3.86189792533 -6.62415092988
2024-01-08T14:19:00.000000 -877.348238915 -5565.877306849 -3713.941587243 -0.41514359843 4.30448296364 -6.34953912813
2024-01-08T14:20:00.000000 -900.192004567 -5294.832050520 -4085.932528018 -0.34602387034 4.72681751700 -6.04534547284
2024-01-08T14:21:00.000000 -918.839404397 -4999.103392656 -4438.820316782 -0.27531940292 5.12694615269 -5.71301983849
2024-01-08T14:22:00.000000 -933.205247076 -4680.079616222 -4770.963729926 -0.20336079583 5.50302340960 -5.35413925123
2024-01-08T14:23:00.000000 -943.224313272 -4339.256270807 -5080.819764379 -0.13048292959 5.85332058261 -4.97039906592
2024-01-08T14:24:00.000000 -948.851574481 -3978.228949002 -5366.950469811 -0.05702392019 6.17623201938 -4.56360483505
2024-01-08T14:25:00.000000 -950.062367032 -3598.685750508 -5628.029347339 0.01667585529 6.47028171983 -4.13566397954
2024-01-08T14:26:00.000000 -946.852484179 -3202.399272716 -5862.847161706 0.09027503023 6.73412958559 -3.68857666136
2024-01-08T14:27:00.000000 -939.238191731 -2791.218313754 -6070.317237153 0.16343288663 6.96657672932 -3.22442616294
2024-01-08T14:28:00.000000 -927.256131926 -2367.059244408 -6249.480129551 0.23581118651 7.16656993832 -2.74536914147
2024-01-08T14:29:00.000000 -910.963121962 -1931.897175893 -6399.507765169 0.30707604822 7.33320539617 -2.25362559572
2024-01-08T14:30:00.000000 -890.435833999 -1487.756887318 -6519.706904303 0.37689977787 7.46573144265 -1.75146871969
2024-01-08T14:31:00.000000 -865.770374770 -1036.703646826 -6609.522056985 0.44496250926 7.56355053042 -1.24121507881
2024-01-08T14:32:00.000000 -837.081777192 -580.833903020 -6668.537772639 0.51095334544 7.62622092725 -0.72521512771
2024-01-08T14:33:00.000000 -804.503445588 -122.265901138 -6696.480427296 0.57457088692 7.65345828941 -0.20584357196
2024-01-08T14:34:00.000000 -768.186574851 336.869808284 -6693.219346518 0.63552357729 7.64513678554 0.31451050803
2024-01-08T14:35:00.000000 -728.299537084 794.439894440 -6658.767393090 0.69353064892 7.60128962929 0.83345359760
2024-01-08T14:36:00.000000 -685.027182540 1248.317788700 -6593.280905556 0.74832393413 7.52210898813 1.34859773533
2024-01-08T14:37:00.000000 -638.570022843 1696.393202160 -6497.059106185 0.79964985189 7.40794504405 1.85757047549
2024-01-08T14:38:00.000000 -589.143312981 2136.581555626 -6370.542847320 0.84727065932 7.25930437515 2.35802430817
2024-01-08T14:39:00.000000 -536.976085018 2566.833322322 -6214.312874183 0.89096500878 7.07684851092 2.84764551078
2024-01-08T14:40:00.000000 -482.310139178 2985.143281626 -6029.087487745 0.93052862733 6.86139293132 3.32416350778
2024-01-08T14:41:00.000000 -425.398996585 3389.559732123 -5815.719694151 0.96577551526 6.61390529893 3.78536142246
2024-01-08T14:42:00.000000 -366.506755572 3778.193505777 -5575.193616279 0.99653914246 6.33550192269 4.22908673238
2024-01-08T14:43:00.000000 -305.906907459 4149.226769315 -5308.620370495 1.02267308989 6.02744346715 4.65326079267
2024-01-08T14:44:00.000000 -243.881111154 4500.921557220 -5017.233321034 1.04405144807 5.69113131124 5.05588809099
2024-01-08T14:45:00.000000 -180.717951831 4831.628124892 -4702.382834488 1.06056961282 5.32810349997 5.43506695980
2024-01-08T14:46:00.000000 -116.711620043 5139.792944628 -4365.530255794 1.07214542091 4.94002810744 5.78900107014
2024-01-08T14:47:00.000000 -52.160543095 5423.966250590 -4008.241311997 1.07871992344 4.52869405450 6.11600898431
2024-01-08T14:48:00.000000 12.634015477 5682.809009685 -3632.178987964 1.08025746109 4.09600236965 6.41453085377
2024-01-08T14:49:00.000000 77.369347872 5915.099444663 -3239.096061745 1.07674556307 3.64395951215 6.68313460900
2024-01-08T14:50:00.000000 141.742700319 6119.739177506 -2830.827214310 1.06819534000 3.17467106680 6.92052412973
2024-01-08T14:51:00.000000 205.452716309 6295.758927268 -2409.280563943 1.05464233329 2.69033294330 7.12554892024
2024-01-08T14:52:00.000000 268.200919663 6442.323579549 -1976.428670082 1.03614708308 2.19321934289 7.29721273524
2024-01-08T14:53:00.000000 329.693208575 6558.736485583 -1534.299091532 1.01279472600 1.68566939314 7.43467918107
2024-01-08T14:54:00.000000 389.641297705 6644.442987795 -1084.964700550 0.98469367131 1.17007508913 7.53727451616
2024-01-08T14:55:00.000000 447.764068034 6699.033291786 -630.533858679 0.95197427156 0.64887168668 7.60449002637
2024-01-08T14:56:00.000000 503.788867260 6722.244787781 -173.140395374 0.91478843164 0.12452862202 7.63598647078
2024-01-08T14:57:00.000000 557.452814425 6713.963755818 285.066743091 0.87331006569 -0.40046277383 7.63160017840
2024-01-08T14:58:00.000000 608.504131339 6674.226221811 741.934166230 0.82773521906 -0.92360596381 7.59134679543
2024-01-08T14:59:00.000000 656.703438861 6603.217712739 1195.314767693 0.77828091200 -1.44241641251 7.51541963119
2024-01-08T15:00:00.000000 701.824959536 6501.272122359 1643.078255567 0.72518314002 -1.95443477987 7.40418494427
2024-01-08T15:01:00.000000 743.657599310 6368.869893867 2083.121415387 0.66869508068 -2.45723691981 7.25817857922
2024-01-08T15:02:00.000000 782.005935678 6206.635606665 2513.378219562 0.60908580776 -2.94844509600 7.07810428211
2024-01-08T15:03:00.000000 816.691134783 6015.334771500 2931.829824964 0.54663888186 -3.42574122623 6.86483001570
2024-01-08T15:04:00.000000 847.551764774 5795.869891266 3336.514231088 0.48165049642 -3.88687867118 6.61938143717
2024-01-08T15:05:00.000000 874.444500133 5549.275885609 3725.535557874 0.41442772782 -4.32969137710 6.34293580215
2024-01-08T15:06:00.000000 897.244735399 5276.714996033 4097.072981784 0.34528742063 -4.75210383294 6.03681743520
2024-01-08T15:07:00.000000 915.847151096 4979.470961722 4449.389404274 0.27455540294 -5.15214329180 5.70249107877
2024-01-08T15:08:00.000000 930.166218126 4658.942533516 4780.839558586 0.20256527032 -5.52795019756 5.34155121681
2024-01-08T15:09:00.000000 940.136606900 4316.636482860 5089.877478055 0.12965641207 -5.87778396918 4.95571150878
2024-01-08T15:10:00.000000 945.713465715 3954.160340864 5375.063392791 0.05617151183 -6.20002790654 4.54679784559
2024-01-08T15:11:00.000000 946.872538951 3573.214715416 5635.070306686 -0.01754589248 -6.49319752756 4.11674168466
2024-01-08T15:12:00.000000 943.610163033 3175.585087393 5868.690006748 -0.09115315211 -6.75594942127 3.66756890643
2024-01-08T15:13:00.000000 935.943184443 2763.133199673 6074.838337908 -0.16430929404 -6.98708540855 3.20138665598
2024-01-08T15:14:00.000000 923.908848156 2337.788298982 6252.559753815 -0.23667552272 -7.18555347334 2.72037395850
2024-01-08T15:15:00.000000 907.564629822 1901.538287861 6401.031455380 -0.30791653795 -7.35045151453 2.22677525406
2024-01-08T15:16:00.000000 886.987964584 1456.420533713 6519.567039744 -0.37770273726 -7.48103390513 1.72289066611
2024-01-08T15:17:00.000000 862.275842023 1004.512350686 6607.619436982 -0.44571218839 -7.57671500493 1.21106215504
2024-01-08T15:18:00.000000 833.544309914 547.921409809 6664.783041042 -0.51163156500 -7.63706768025 0.69366165706
2024-01-08T15:19:00.000000 800.927944703 88.776295349 6690.795283284 -0.57515677155 -7.66182232154 0.17308401900
2024-01-08T15:20:00.000000 764.579257932 -370.783020506 6685.537793179 -0.63599436495 -7.65086979854 -0.34826022011
2024-01-08T15:21:00.000000 724.667998429 -828.614922048 6649.037023755 -0.69386353364 -7.60426464842 -0.86795646828
2024-01-08T15:22:00.000000 681.380347147 -1282.585963292 6581.464099383 -0.74849750139 -7.52222399679 -1.38359912465
2024-01-08T15:23:00.000000 634.918057829 -1730.580514333 6483.133964205 -0.79964408790 -7.40512436560 -1.89280136126
2024-01-08T15:24:00.000000 585.497554086 -2170.510298843 6354.503977178 -0.84706638515 -7.25350067875 -2.39320287586
2024-01-08T15:25:00.000000 533.348991541 -2600.323885015 6196.172132626 -0.89054422271 -7.06804659903 -2.88247991978
2024-01-08T15:26:00.000000 478.715184444 -3018.016189998 6008.874413730 -0.92987584297 -6.84961251640 -3.35835754366
2024-01-08T15:27:00.000000 421.850474693 -3421.637733453 5793.481562915 -0.96487895036 -6.59920066312 -3.81862097004
2024-01-08T15:28:00.000000 363.019543826 -3809.303597231 5550.995143432 -0.99539106934 -6.31795996763 -4.26112478683
2024-01-08T15:29:00.000000 302.496228127 -4179.202085597 5282.543182679 -1.02126974585 -6.00718168107 -4.68380153822
2024-01-08T15:30:00.000000 240.562297408 -4529.603142924 4989.375176999 -1.04239297027 -5.66829510598 -5.08467048294
2024-01-08T15:31:00.000000 177.506212929 -4858.866506682 4672.856656713 -1.05865986874 -5.30286308582 -5.46184650587
2024-01-08T15:32:00.000000 113.621831581 -5165.449554385 4334.463126921 -1.06999161435 -4.91257713558 -5.81354996668
2024-01-08T15:33:00.000000 49.207055322 -5447.914873359 3975.773456445 -1.07633233915 -4.49925060316 -6.13811769779
2024-01-08T15:34:00.000000 -15.437566518 -5704.937255730 3598.462538751 -1.07764972129 -4.06480895676 -6.43401299345
2024-01-08T15:35:00.000000 -80.010256757 -5935.310130256 3204.293506416 -1.07393517654 -3.61127937123 -6.69983266795
2024-01-08T15:36:00.000000 -144.209436526 -6137.951369905 2795.109509287 -1.06520386626 -3.14078203921 -6.93431279159
2024-01-08T15:37:00.000000 -207.735145854 -6311.908664339 2372.825215578 -1.05149458593 -2.65552179527 -7.13633563044
2024-01-08T15:38:00.000000 -270.290454219 -6456.364263848 1939.417768488 -1.03286943350 -2.15777759786 -7.30493690347
2024-01-08T15:39:00.000000 -331.582845808 -6570.639088086 1496.917446586 -1.00941344231 -1.64989058851 -7.43931077341
2024-01-08T15:40:00.000000 -391.325595389 -6654.196107943 1047.398016448 -0.98123463926 -1.13425359810 -7.53881326003
2024-01-08T15:41:00.000000 -449.239158280 -6706.643191246 592.966943758 -0.94846439870 -0.61330129397 -7.60296690878
2024-01-08T15:42:00.000000 -505.052571342 -6727.735229166 135.755184202 -0.91125728135 -0.08949776449 -7.63146650861
2024-01-08T15:43:00.000000 -558.504812962 -6717.375461091 -322.093239086 -0.86978991537 0.43467896223 -7.62418210509
2024-01-08T15:44:00.000000 -609.346088545 -6675.615840812 -778.431757938 -0.82425959318 0.95675180634 -7.58115797848
2024-01-08T15:45:00.000000 -657.339032515 -6602.656612690 -1231.121611918 -0.77488330273 1.47425699458 -7.50261022264
2024-01-08T15:46:00.000000 -702.259871100 -6498.845157726 -1678.042128449 -0.72189688459 1.98475557311 -7.38892526454
2024-01-08T15:47:00.000000 -743.899507533 -6364.674145106 -2117.100887338 -0.66555342426 2.48584580389 -7.24065799163
2024-01-08T15:48:00.000000 -782.064493424 -6200.778916749 -2546.243728338 -0.60612098151 2.97517530655 -7.05852810688
2024-01-08T15:49:00.000000 -816.577860589 -6007.934212278 -2963.464502674 -0.54388069174 3.45045191259 -6.84341553920
2024-01-08T15:50:00.000000 -847.279876731 -5787.050224895 -3366.814550797 -0.47912580952 3.90945435413 -6.59635587395
2024-01-08T15:51:00.000000 -874.028752876 -5539.168015721 -3754.411881968 -0.41216101378 4.35004365196 -6.31853466297
2024-01-08T15:52:00.000000 -896.701291274 -5265.454239302 -4124.449949135 -0.34330112758 4.77017373471 -6.01127985281
2024-01-08T15:53:00.000000 -915.193444235 -4967.195314684 -4475.205951308 -0.27286927100 5.16790005470 -5.67605364196
2024-01-08T15:54:00.000000 -929.420752492 -4645.791092236 -4805.048658759 -0.20119502550 5.54138729389 -5.31444507404
2024-01-08T15:55:00.000000 -939.318686503 -4302.748064617 -5112.445805415 -0.12861283205 5.88891748089 -4.92816239250
2024-01-08T15:56:00.000000 -944.842886990 -3939.672080453 -5395.970965889 -0.05546041001 6.20889777490 -4.51902402461
2024-01-08T15:57:00.000000 -945.969316769 -3558.260647810 -5654.309890762 0.01792294417 6.49986679069 -4.08894886201
2024-01-08T15:58:00.000000 -942.694299950 -3160.294877306 -5886.266236630 0.09119802205 6.76049993580 -3.63994681326
2024-01-08T15:59:00.000000 -935.034476271 -2747.631126819 -6090.766749752 0.16402710036 6.98961440488 -3.17410915375
2024-01-08T16:00:00.000000 -923.026672822 -2322.192362480 -6266.865833268 0.23607507025 7.18617314853 -2.69359842467
2024-01-08T16:01:00.000000 -906.727720007 -1885.959335794 -6413.749549484 0.30701058775 7.34928757356 -2.20063896931
2024-01-08T16:02:00.000000 -886.214177563 -1440.961589926 -6530.739058886 0.37650758131 7.47822038849 -1.69750848950
2024-01-08T16:03:00.000000 -861.581966360 -989.268272205 -6617.293562504 0.44424706138 7.57238927477 -1.18652876648
2024-01-08T16:04:00.000000 -832.945893146 -532.978753809 -6673.012605492 0.50991871542 7.63136955415 -0.67005445726
2024-01-08T16:05:00.000000 -800.439096716 -74.213138805 -6697.637723528 0.57322190506 7.65489446814 -0.15046192544
2024-01-08T16:06:00.000000 -764.212446508 384.897181502 -6691.053445536 0.63386637930 7.64285466605 0.36985995710
2024-01-08T16:07:00.000000 -724.433890525 842.218997648 -6653.287805232 0.69157330965 7.59529890652 0.88851829149
2024-01-08T16:08:00.000000 -681.287729554 1295.626781384 -6584.512273592 0.74607669750 7.51243492172 1.40312608450
2024-01-08T16:09:00.000000 -634.973805918 1743.012234427 -6485.041113079 0.79712463652 7.39462854544 1.91131274301
2024-01-08T16:10:00.000000 -585.706630691 2182.293695699 -6355.330090197 0.84448023351 7.24240188162 2.41073316462
2024-01-08T16:11:00.000000 -533.714453436 2611.425507121 -6195.974711374 0.88792262954 7.05643259430 2.89907626386
2024-01-08T16:12:00.000000 -479.238260705 3028.407308336 -6007.707857111 0.92724837198 6.83755337329 3.37407538279
2024-01-08T16:13:00.000000 -422.530690203 3431.293309704 -5791.396798385 0.96227269608 6.58674909325 3.83351995984
2024-01-08T16:14:00.000000 -363.854885448 3818.201243851 -5548.039487044 0.99283026224 6.30515188315 4.27526566070
2024-01-08T16:15:00.000000 -303.483316754 4187.321092406 -5278.760351184 1.01877561707 5.99403702903 4.69724268379
2024-01-08T16:16:00.000000 -241.696567810 4536.923557534 -4984.805524600 1.03998387185 5.65482014803 5.09746498985
2024-01-08T16:17:00.000000 -178.782078354 4865.368414681 -4667.537537141 1.05635154567 5.28905296109 5.47404144773
2024-01-08T16:18:00.000000 -115.032838065 5171.112439851 -4328.429250737 1.06779718157 4.89841623258 5.82518665321
2024-01-08T16:19:00.000000 -50.746052080 5452.716931028 -3969.057263198 1.07426180774 4.48471161463 6.14922977538
2024-01-08T16:20:00.000000 13.778225126 5708.854706574 -3591.094774793 1.07570953980 4.04985402789 6.44462252435
2024-01-08T16:21:00.000000 78.238496300 5938.316696201 -3196.304008691 1.07212825890 3.59586384221 6.70994743510
2024-01-08T16:22:00.000000 142.333259237 6140.017993684 -2786.528107255 1.06352992627 3.12485801196 6.94392591900
2024-01-08T16:23:00.000000 205.762448704 6313.003376221 -2363.682577169 1.04995044590 2.63904060049 7.14542558202
2024-01-08T16:24:00.000000 268.228866819 6456.452214205 -1929.746304243 1.03144946456 2.14069262361 7.31346726870
2024-01-08T16:25:00.000000 329.439606086 6569.682770399 -1486.752164716 1.00811035921 1.63216046044 7.44723143835
2024-01-08T16:26:00.000000 389.107474155 6652.155740382 -1036.777301804 0.98004025647 1.11584342646 7.54606265356
2024-01-08T16:27:00.000000 446.952415777 6703.477080978 -581.933182958 0.94736986834 0.59418229808 7.60947271755
2024-01-08T16:28:00.000000 502.702915838 6723.400151875 -124.355459536 0.91025309363 0.06964830067 7.63714442947
2024-01-08T16:29:00.000000 556.097372318 6711.827191298 333.806419440 0.86886630057 -0.45526981471 7.62893559723
2024-01-08T16:30:00.000000 606.885411478 6668.809920747 790.399771007 0.82340715412 -0.97808073272 7.58488054681
2024-01-08T16:31:00.000000 654.829119391 6594.549260837 1243.279231726 0.77409303023 -1.49630464018 7.50518857216
2024-01-08T16:32:00.000000 699.704171166 6489.394255336 1690.317192358 0.72115923832 -2.00748548604 7.39024193818
2024-01-08T16:33:00.000000 741.300854817 6353.840288150 2129.414127917 0.66485729003 -2.50920363242 7.24059408962
2024-01-08T16:34:00.000000 779.425000081 6188.526504833 2558.508761519 0.60545356187 -2.99908916826 7.05696551927
2024-01-08T16:35:00.000000 813.898850752 5994.232479094 2975.587892941 0.54322872676 -3.47483243377 6.84023724873
2024-01-08T16:36:00.000000 844.561914417 5771.874358277 3378.695879720 0.47847759058 -3.93419155856 6.59144654618
2024-01-08T16:37:00.000000 871.271785804 5522.500514591 3765.943982778 0.41150800892 -4.37500266751 6.31178616220
2024-01-08T16:38:00.000000 893.904860973 5247.286457175 4135.519624883 0.34263799721 -4.79519601708 6.00260069042
2024-01-08T16:39:00.000000 912.356828450 4947.528629120 4485.695169690 0.27219228725 -5.19281145270 5.66537452124
2024-01-08T16:40:00.000000 926.543013203 4624.637599598 4814.835849714 0.20050058886 -5.56600543067 5.30171656351
2024-01-08T16:41:00.000000 936.398674929 4280.131004730 5121.406926691 0.12789785955 -5.91305212393 4.91335083273
2024-01-08T16:42:00.000000 941.879335949 3915.626440255 5403.980439934 0.05472422772 -6.23234812230 4.50211290268
2024-01-08T16:43:00.000000 942.961024713 3532.833752663 5661.241791022 -0.01867731731 -6.52242276142 4.06994385770
2024-01-08T16:44:00.000000 939.640349092 3133.546814725 5891.995711619 -0.09196431625 -6.78194701082 3.61887815779
2024-01-08T16:45:00.000000 931.934397020 2719.634898553 6095.171494792 -0.16479688294 -7.00973676885 3.15103115009
2024-01-08T16:46:00.000000 919.880554546 2293.033931933 6269.827537332 -0.23683805562 -7.20475509774 2.66859048515
2024-01-08T16:47:00.000000 903.536331442 1855.737510489 6415.155476960 -0.30775435057 -7.36611751866 2.17380774323
2024-01-08T16:48:00.000000 882.979097621 1409.787597619 6530.483668056 -0.37721760440 -7.49309675120 1.66898646701
2024-01-08T16:49:00.000000 858.305699112 957.265062824 6615.279925637 -0.44490713898 -7.58512305251 1.15646987990
2024-01-08T16:50:00.000000 829.631960181 500.280262231 6669.153625242 -0.51051105362 -7.64178320564 0.63863265236
2024-01-08T16:51:00.000000 797.092138865 40.963592448 6691.857406572 -0.57372701560 -7.66282307670 0.11787402621
2024-01-08T16:52:00.000000 760.838316483 -418.544177080 6683.288342259 -0.63426347924 -7.64815174239 -0.40339287849
2024-01-08T16:53:00.000000 721.039703866 -876.101743361 6643.488372905 -0.69184125890 -7.59784200798 -0.92275441466
2024-01-08T16:54:00.000000 677.881859931 -1329.577016076 6572.644000630 -0.74619479216 -7.51212746283 -1.43780708490
2024-01-08T16:55:00.000000 631.565844581 -1776.856697843 6471.085440813 -0.79707311330 -7.39140111051 -1.94616522381
2024-01-08T16:56:00.000000 582.307304921 -2215.855878081 6339.285258415 -0.84424108898 -7.23621654613 -2.44547054425
2024-01-08T16:57:00.000000 530.335489449 -2644.527681128 6177.856412879 -0.88748084693 -7.04728710409 -2.93340534754
2024-01-08T16:58:00.000000 475.892173911 -3060.872689104 5987.549359978 -0.92659267709 -6.82548048782 -3.40770499206
2024-01-08T16:59:00.000000 419.230567206 -3462.948013918 5769.248634068 -0.96139522656 -6.57181241553 -3.86616624082
2024-01-08T17:00:00.000000 360.614202187 -3848.876057509 5523.968941288 -0.99172565489 -6.28744305914 -4.30665357125
2024-01-08T17:01:00.000000 300.315815333 -4216.853119542 5252.850925198 -1.01744038588 -5.97367529426 -4.72710749049
2024-01-08T17:02:00.000000 238.616146400 -4565.157885264 4957.156232293 -1.03841631187 -5.63195163405 -5.12555514429
2024-01-08T17:03:00.000000 175.802678461 -4892.159649702 4638.262014580 -1.05455197483 -5.26384884841 -5.50012121935
2024-01-08T17:04:00.000000 112.168307285 -5196.326172334 4297.654750351 -1.06576852608 -4.87107133305 -5.84903801414
2024-01-08T17:05:00.000000 48.009962798 -5476.231128882 3936.923529711 -1.07201048852 -4.45544358670 -6.17065502434
2024-01-08T17:06:00.000000 -16.372810449 -5730.561047548 3557.752718077 -1.07324619414 -4.01890149620 -6.46344794182
2024-01-08T17:07:00.000000 -80.679280831 -5958.121716685 3161.914161227 -1.06946771127 -3.56348277296 -6.72602643566
2024-01-08T17:08:00.000000 -144.608944920 -6157.843993793 2751.258927438 -1.06069046294 -3.09131747847 -6.95714077547
2024-01-08T17:09:00.000000 -207.862918224 -6328.789095857 2327.708710749 -1.04695308617 -2.60461887234 -7.15568799060
2024-01-08T17:10:00.000000 -270.145341922 -6470.153291189 1893.246816040 -1.02831786682 -2.10567407376 -7.32071814651
2024-01-08T17:11:00.000000 -331.164820790 -6581.272041338 1449.908793175 -1.00487134474 -1.59683361456 -7.45144083069
2024-01-08T17:12:00.000000 -390.635877130 -6661.623421266 999.772675787 -0.97672427551 -1.08049916839 -7.54723121887
2024-01-08T17:13:00.000000 -448.280386374 -6710.830822214 544.948906393 -0.94401059278 -0.55910974420 -7.60763434861
2024-01-08T17:14:00.000000 -503.828914416 -6728.664733415 87.570081524 -0.90688590754 -0.03512791123 -7.63236679225
2024-01-08T17:15:00.000000 -557.021985484 -6715.043805438 -370.219343199 -0.86552636441 0.48897248307 -7.62131673481
2024-01-08T17:16:00.000000 -607.611289235 -6670.035149130 -826.273361143 -0.82012801009 1.01071767725 -7.57454417215
2024-01-08T17:17:00.000000 -655.360862945 -6593.854030142 -1278.454722108 -0.77090610094 1.52764616670 -7.49228118917
2024-01-08T17:18:00.000000 -700.048205421 -6486.862690660 -1724.645245381 -0.71809395717 2.03732176203 -7.37493087451
2024-01-08T17:19:00.000000 -741.465324658 -6349.568480263 -2162.755995599 -0.66194165750 2.53734617420 -7.22306448752
2024-01-08T17:20:00.000000 -779.419706293 -6182.621191591 -2590.737275269 -0.60271493807 3.02537062736 -7.03741805927
2024-01-08T17:21:00.000000 -813.735225227 -5986.809797643 -3006.588399174 -0.54069407227 3.49910766598 -6.81888865069
2024-01-08T17:22:00.000000 -844.252969985 -5763.058354246 -3408.367211336 -0.47617233015 3.95634331578 -6.56852908478
2024-01-08T17:23:00.000000 -870.831969544 -5512.421283091 -3794.199219079 -0.40945412579 4.39494811271 -6.28754068437
2024-01-08T17:24:00.000000 -893.349807800 -5236.077985352 -4162.286270539 -0.34085332085 4.81288616386 -5.97726560005
2024-01-08T17:25:00.000000 -911.703148094 -4935.327027295 -4510.914789055 -0.27069174439 5.20822352290 -5.63917964306
2024-01-08T17:26:00.000000 -925.808163333 -4611.579722230 -4838.463571519 -0.19929764051 5.57913678231 -5.27488480834
2024-01-08T17:27:00.000000 -935.600872058 -4266.353281364 -5143.411107319 -0.12700398316 5.92392094604 -4.88610061157
2024-01-08T17:28:00.000000 -941.037372551 -3901.263482936 -5424.342356845 -0.05414694220 6.24099583302 -4.47465534932
2024-01-08T17:29:00.000000 -942.093995979 -3518.017040404 -5679.955042770 0.01893553810 6.52891222963 -4.04247786979
2024-01-08T17:30:00.000000 -938.767361609 -3118.403509560 -5909.065411321 0.09190540057 6.78635866934 -3.59158858291
2024-01-08T17:31:00.000000 -931.074328508 -2704.286856869 -6110.613411304 0.16442634302 7.01216725883 -3.12408851032
2024-01-08T17:32:00.000000 -919.051843767 -2277.596717160 -6283.667186288 0.23616524853 7.20531691371 -2.64214811777
2024-01-08T17:33:00.000000 -902.756726037 -1840.319552470 -6427.426954298 0.30679294161 7.36493527772 -2.14799792365
2024-01-08T17:34:00.000000 -882.265408689 -1394.489627688 -6541.228358040 0.37598495753 7.49030162891 -1.64392020267
2024-01-08T17:35:00.000000 -857.673613687 -942.179815317 -6624.545297486 0.44342311055 7.58085030993 -1.13223942997
2024-01-08T17:36:00.000000 -829.095915307 -485.492222919 -6676.992134175 0.50879759829 7.63617260653 -0.61531158003
2024-01-08T17:37:00.000000 -796.665177041 -26.548764879 -6698.325286116 0.57180870910 7.65601703860 -0.09551414097
2024-01-08T17:38:00.000000 -760.531919740 432.518283539 -6688.444235746 0.63216771777 7.64028987088 0.42476294690
2024-01-08T17:39:00.000000 -720.863644687 889.575779517 -6647.392000932 0.68959746287 7.58905595886 0.94312690344
2024-01-08T17:40:00.000000 -677.844114125 1342.499223545 -6575.354992932 0.74383317281 7.50253851692 1.45719214641
2024-01-08T17:41:00.000000 -631.672578467 1789.182236476 -6472.662320612 0.79462364308 7.38111809061 1.96458930615
2024-01-08T17:42:00.000000 -582.562917483 2227.545984713 -6339.784552697 0.84173263979 7.22533250843 2.46297382711
2024-01-08T17:43:00.000000 -530.742698144 2655.548641073 -6177.331927881 0.88494040619 7.03587719783 2.95003661661
2024-01-08T17:44:00.000000 -476.452144909 3071.194769112 -5986.051856162 0.92404498337 6.81360285778 3.42351648802
2024-01-08T17:45:00.000000 -419.943043797 3472.544519330 -5766.825704244 0.95886301355 6.55951022740 3.88121082361
2024-01-08T17:46:00.000000 -361.477614517 3857.722456084 -5520.665045587 0.98923012945 6.27474547397 4.32098316983
2024-01-08T17:47:00.000000 -301.327357637 4224.926236487 -5248.707469650 1.01500145455 5.96059825685 4.74077109644
2024-01-08T17:48:00.000000 -239.771859298 4572.435126309 -4952.211814616 1.03605253161 5.61849942878 5.13859727028
2024-01-08T17:49:00.000000 -177.097532814 4898.618370448 -4632.552706016 1.05228040675 5.25001516248 5.51258152957
2024-01-08T17:50:00.000000 -113.596302272 5201.943020460 -4291.214412337 1.06360445607 4.85683874730 5.86095046974
2024-01-08T17:51:00.000000 -49.564244722 5480.981368261 -3929.784220172 1.06996694886 4.44078335862 6.18204502734
2024-01-08T17:52:00.000000 14.699795937 5734.417908842 -3549.945311093 1.07133344400 4.00377562154 6.47432895950
2024-01-08T17:53:00.000000 78.895614303 5961.055968622 -3153.469131233 1.06769301400 3.54784752685 6.73639820393
2024-01-08T17:54:00.000000 142.723055813 6159.823695906 -2742.207196015 1.05905828638 3.07512664096 6.96698881629
2024-01-08T17:55:00.000000 205.883432119 6329.779536755 -2318.082494667 1.04546551698 2.58782670997 7.16498351609
2024-01-08T17:56:00.000000 268.080943522 6470.117090526 -1883.080469082 1.02697482665 2.08823828532 7.32941890240
2024-01-08T17:57:00.000000 329.024119403 6580.169436106 -1439.239561985 1.00367034105 1.57871699277 7.45949303998
2024-01-08T17:58:00.000000 388.427249476 6659.412578082 -988.641346865 0.97565987400 1.06166953069 7.55457061102
2024-01-08T17:59:00.000000 446.011785289 6707.468135025 -533.400465678 0.94307419003 0.53954055173 7.61418505764
2024-01-08T18:00:00.000000 501.507691258 6724.105237456 -75.654439144 0.90606616386 0.01480158826 7.63804039195
2024-01-08T18:01:00.000000 554.654748014 6709.241858519 382.446629739 0.86480997933 -0.51006049302 7.62601394259
2024-01-08T18:02:00.000000 605.203805784 6662.945293496 838.750529103 0.81950031044 -1.03255706655 7.57815800281
2024-01-08T18:03:00.000000 652.917988800 6585.431871678 1291.113410793 0.77035142659 -1.55021152612 7.49469884561
2024-01-08T18:04:00.000000 697.573838837 6477.065828938 1737.410177197 0.71759619825 -2.06057146427 7.37603476079
2024-01-08T18:05:00.000000 738.962400267 6338.357543675 2175.544746197 0.66148490321 -2.56122050813 7.22273447619
2024-01-08T18:06:00.000000 776.890222128 6169.960973896 2603.460215013 0.60228387551 -3.04979109409 7.03553462785
2024-01-08T18:07:00.000000 811.180284648 5972.670359844 3019.148798926 0.54027425570 -3.52397678234 6.81533488857
2024-01-08T18:08:00.000000 841.672850093 5747.416213222 3420.661446600 0.47575085979 -3.98154281540 6.56319252738
2024-01-08T18:09:00.000000 868.226244251 5495.260725160 3806.117159133 0.40902062528 -4.42033677993 6.28031795316
2024-01-08T18:10:00.000000 890.717516359 5217.392454701 4173.712027031 0.34040022189 -4.83830138838 5.96806924627
2024-01-08T18:11:00.000000 909.042940251 4915.120213938 4521.727826199 0.27021345734 -5.23348715785 5.62794260618
2024-01-08T18:12:00.000000 923.118387212 4589.866320660 4848.539944538 0.19878962422 -5.60406089483 5.26156015222
2024-01-08T18:13:00.000000 932.879634631 4243.159483872 5152.624608980 0.12646291453 -5.94830988167 4.87065956449
2024-01-08T18:14:00.000000 938.282645594 3876.627479272 5432.565593017 0.05357173525 -6.26464589521 4.45708742353
2024-01-08T18:15:00.000000 939.303771232 3491.989468134 5687.060598154 -0.01954302419 -6.55161199323 4.02279334628
2024-01-08T18:16:00.000000 935.939833181 3091.047881826 5914.927185250 -0.09254029818 -6.80789089919 3.56982148483
2024-01-08T18:17:00.000000 928.208074605 2675.679811953 6115.108118020 -0.16508070866 -7.03231226210 3.10029907460
2024-01-08T18:18:00.000000 916.146016957 2247.828038650 6286.675975765 -0.23682783431 -7.22385729338 2.61642379217
2024-01-08T18:19:00.000000 899.811246354 1809.491871655 6428.837008717 -0.30744956625 -7.38166072399 2.12045189109
2024-01-08T18:20:00.000000 879.281104212 1362.717916454 6540.934350831 -0.37661978537 -7.50501119703 1.61468866974
2024-01-08T18:21:00.000000 854.652280033 909.590817514 6622.450737628 -0.44401989282 -7.59335246454 1.10148102423
2024-01-08T18:22:00.000000 826.040326661 452.223865359 6673.010779026 -0.50933982832 -7.64628684629 0.58320946479
2024-01-08T18:23:00.000000 793.579124428 -7.250651036 6692.382651517 -0.57227892642 -7.66357905279 0.06227711855
2024-01-08T18:24:00.000000 757.420281891 -466.691231363 6680.479079211 -0.63254712509 -7.64515721898 -0.45890296577
2024-01-08T18:25:00.000000 717.732453935 -923.956926212 6637.357587280 -0.68986656439 -7.59111126027 -0.97791870070
2024-01-08T18:26:00.000000 674.700560211 -1376.917005968 6563.220186814 -0.74397320802 -7.50169181532 -1.49236750565
2024-01-08T18:27:00.000000 628.524915100 -1823.460608927 6458.412517459 -0.79461807782 -7.37731081617 -1.99986597847
2024-01-08T18:28:00.000000 579.420302426 -2261.506416555 6323.422341854 -0.84156789765 -7.21854069181 -2.49806226076
2024-01-08T18:29:00.000000 527.615026584 -2689.012178371 6158.877287597 -0.88460528848 -7.02611005150 -2.98464801103
2024-01-08T18:30:00.000000 473.349950547 -3103.983905024 5965.541959040 -0.92352911767 -6.80089841654 -3.45736682621
2024-01-08T18:31:00.000000 416.877491573 -3504.484825431 5744.314614253 -0.95815563680 -6.54393343397 -3.91402081323
2024-01-08T18:32:00.000000 358.460524280 -3888.644246749 5496.223426580 -0.98832035109 -6.25638979088 -4.35247909954
2024-01-08T18:33:00.000000 298.371169498 -4254.666312327 5222.422149581 -1.01387978254 -5.93958649527 -4.77068877269
2024-01-08T18:34:00.000000 236.889501326 -4600.838508666 4924.185095358 -1.03471241239 -5.59498173680 -5.16668569128
2024-01-08T18:35:00.000000 174.302217220 -4925.539841411 4602.901509303 -1.05071896304 -5.22416715775 -5.53860429725
2024-01-08T18:36:00.000000 110.901298677 -5227.248673224 4260.069362319 -1.06182262966 -4.82886189212 -5.88468771722
2024-01-08T18:37:00.000000 46.982652019 -5504.550155042 3897.288521786 -1.06796953639 -4.41090471871 -6.20329830208
2024-01-08T18:38:00.000000 -17.155284377 -5756.143104677 3516.253302274 -1.06912916211 -3.97224410216 -6.49292659117
2024-01-08T18:39:00.000000 -81.212945755 -5980.846285564 3118.744566888 -1.06529449217 -3.51492832693 -6.75219797425
2024-01-08T18:40:00.000000 -144.891050510 -6177.604135846 2706.621454765 -1.05648195485 -3.04109693102 -6.97987881023
2024-01-08T18:41:00.000000 -207.892002899 -6345.491995310 2281.812733583 -1.04273132060 -2.55297195322 -7.17488345733
2024-01-08T18:42:00.000000 -269.921292624 -6483.720738708 1846.307686251 -1.02410564251 -2.05284739142 -7.33628112765
2024-01-08T18:43:00.000000 -330.688889996 -6591.640745446 1402.146663567 -1.00069122509 -1.54307748116 -7.46330111081
2024-01-08T18:44:00.000000 -389.910638836 -6668.745162558 951.411352555 -0.97259752946 -1.02606513419 -7.55533671131
2024-01-08T18:45:00.000000 -447.309638204 -6714.672494054 496.214837219 -0.93995681016 -0.50425037070 -7.61194898284
2024-01-08T18:46:00.000000 -502.617587003 -6729.208444927 38.691414919 -0.90292333453 0.01990211217 -7.63287000091
2024-01-08T18:47:00.000000 -555.576074493 -6712.287016166 -419.013719738 -0.86167233396 0.54391602167 -7.61800466718
2024-01-08T18:48:00.000000 -605.937808149 -6663.990803205 -874.754863976 -0.81639903156 1.06531635211 -7.56743104048
2024-01-08T18:49:00.000000 -653.467789081 -6584.550561035 -1326.396178909 -0.76731788899 1.58164206761 -7.48139982489
2024-01-08T18:50:00.000000 -697.944445023 -6474.343955938 -1771.822017913 -0.71466183815 2.09045906020 -7.36033297218
2024-01-08T18:51:00.000000 -739.160706923 -6333.893571090 -2208.947120420 -0.65868115966 2.58937308250 -7.20482081840
2024-01-08T18:52:00.000000 -776.925003636 -6163.864133595 -2635.726594852 -0.59964191775 3.07604184669 -7.01561792137
2024-01-08T18:53:00.000000 -811.062157899 -5965.059083680 -3050.165632123 -0.53782414315 3.54818621607 -6.79363825220
2024-01-08T18:54:00.000000 -841.414167566 -5738.416434927 -3450.328912510 -0.47352006373 4.00360102314 -6.53994989179
2024-01-08T18:55:00.000000 -867.840891491 -5485.004031316 -3834.349672160 -0.40703256533 4.44016559346 -6.25576880546
2024-01-08T18:56:00.000000 -890.220646226 -5206.014165545 -4200.438360898 -0.33867387294 4.85585353478 -5.94245174177
2024-01-08T18:57:00.000000 -908.450732715 -4902.757674814 -4546.890875677 -0.26876424938 5.24874168076 -5.60148865664
2024-01-08T18:58:00.000000 -922.447870876 -4576.657471164 -4872.096305394 -0.19763052970 5.61701841884 -5.23449475878
2024-01-08T18:59:00.000000 -932.148548569 -4229.241627621 -5174.544198741 -0.12560451784 5.95899131542 -4.84320196108
2024-01-08T19:00:00.000000 -937.509269235 -3862.136010202 -5452.831292136 -0.05302137209 6.27309378655 -4.42945002781
2024-01-08T19:01:00.000000 -938.506707777 -3477.056565660 -5705.667734852 0.01978202990 6.55789113442 -3.99517784491
2024-01-08T19:02:00.000000 -935.137758818 -3075.801208780 -5931.882756937 0.09246883359 6.81208653367 -3.54241452968
2024-01-08T19:03:00.000000 -927.419483934 -2660.241385292 -6130.429800038 0.16470394378 7.03452671942 -3.07326948303
2024-01-08T19:04:00.000000 -915.388960791 -2232.313314479 -6300.390994835 0.23615543080 7.22420632412 -2.58992136131
2024-01-08T19:05:00.000000 -899.103063555 -1794.009038314 -6440.981007090 0.30649551095 7.38027036249 -2.09460718260
2024-01-08T19:06:00.000000 -878.638185939 -1347.367346661 -6551.550223662 0.37540147818 7.50201572525 -1.58961272382
2024-01-08T19:07:00.000000 -854.089900259 -894.464619439 -6631.587431232 0.44255701561 7.58889289801 -1.07726398425
2024-01-08T19:08:00.000000 -825.572524761 -437.405541574 -6680.721952509 0.50765383839 7.64050820826 -0.55991847479
2024-01-08T19:09:00.000000 -793.218595630 21.686305112 -6698.725286681 0.57039320605 7.65662575474 -0.03995546194
2024-01-08T19:10:00.000000 -757.178258723 480.677939764 -6685.512069903 0.63048701617 7.63716809104 0.48023437607
2024-01-08T19:11:00.000000 -717.618604916 937.436477934 -6641.140480021 0.68765871898 7.58221583206 0.99825870095
2024-01-08T19:12:00.000000 -674.722941710 1389.838609856 -6565.812053109 0.74164443474 7.49200738587 1.51173221930
2024-01-08T19:13:00.000000 -628.689998758 1835.780072097 -6459.871031036 0.79219433158 7.36693960227 2.01828560274
2024-01-08T19:14:00.000000 -579.733038598 2273.185187235 -6323.803063754 0.83907393304 7.20756833545 2.51557613100
2024-01-08T19:15:00.000000 -528.078907570 2700.016366726 -6158.233268338 0.88206509699 7.01460688020 3.00129972042
2024-01-08T19:16:00.000000 -473.967028517 3114.283443604 -5963.923563198 0.92096679163 6.78892192381 3.47320196171
2024-01-08T19:17:00.000000 -417.648353949 3514.052742743 -5741.769423716 0.95559603404 6.53152913964 3.92908682587
2024-01-08T19:18:00.000000 -359.384241872 3897.455923454 -5492.796134145 0.98578908426 6.24359034790 4.36682471555
2024-01-08T19:19:00.000000 -299.445271212 4262.698686442 -5218.154524585 1.01140245346 5.92641115177 4.78436221388
2024-01-08T19:20:00.000000 -238.110011807 4608.069267656 -4919.116062868 1.03231329232 5.58143665808 5.17973325070
2024-01-08T19:21:00.000000 -175.663784636 4931.946657535 -4597.067305568 1.04841941514 5.21024515117 5.55106923751
2024-01-08T19:22:00.000000 -112.397412261 5232.808364790 -4253.503784096 1.05963979678 4.81454173022 5.89660753445
2024-01-08T19:23:00.000000 -48.605909336 5509.237877337 -3890.023398906 1.06591592723 4.39615255381 6.21470013876
2024-01-08T19:24:00.000000 15.412906849 5759.931690016 -3508.319236409 1.06721324617 3.95701769978 6.50382380528
2024-01-08T19:25:00.000000 79.359884071 5983.705905758 -3110.171790693 1.06352158436 3.49918134892 6.76258975229
2024-01-08T19:26:00.000000 142.935973352 6179.502112773 -2697.440659538 1.05485450505 3.02478093816 6.98975087985
2024-01-08T19:27:00.000000 205.843633758 6346.392715462 -2272.055882431 1.04124865020 2.53603767689 7.18420733094
2024-01-08T19:28:00.000000 267.788219853 6483.585660845 -1836.008908792 1.02276402956 2.03524781183 7.34501274760
2024-01-08T19:29:00.000000 328.479409880 6590.428696446 -1391.343196393 0.99948485416 1.52477204625 7.47138147049
2024-01-08T19:30:00.000000 387.632666891 6666.412801095 -940.144357244 0.97151965658 1.00702232159 7.56269458683
2024-01-08T19:31:00.000000 444.970666097 6711.174866096 -484.530047492 0.93900007253 0.48444779926 7.61850342046
2024-01-08T19:32:00.000000 500.224631601 6724.499503920 -26.639686256 0.90207897084 -0.04047803494 7.63853107644
2024-01-08T19:33:00.000000 553.135556280 6706.320191828 431.375856627 0.86092918825 -0.56526917723 7.62267319504
2024-01-08T19:34:00.000000 603.455401539 6656.719642894 887.364643436 0.81574348848 -1.08743856112 7.57099841914
2024-01-08T19:35:00.000000 650.948307065 6575.929546458 1339.184053227 0.76673502186 -1.60450979031 7.48374870495
2024-01-08T19:36:00.000000 695.391799837 6464.329520331 1784.711184299 0.71413691097 -2.11402974320 7.36133955949
2024-01-08T19:37:00.000000 736.577954529 6322.445350958 2221.853263555 0.65820025721 -2.61358258018 7.20435926291
2024-01-08T19:38:00.000000 774.314375915 6150.946272147 2648.557916735 0.59919131323 -3.10080444888 7.01356541317
2024-01-08T19:39:00.000000 808.425045344 5950.641461331 3062.823145879 0.53738940906 -3.57339677240 6.78987839105
2024-01-08T19:40:00.000000 838.751075617 5722.475766986 3462.706871643 0.47308644081 -4.02913660983 6.53437374476
2024-01-08T19:41:00.000000 865.151479084 5467.524953381 3846.336033317 0.40658693340 -4.46588515562 6.24827578963
2024-01-08T19:42:00.000000 887.503892044 5186.990357037 4211.915371149 0.33820690247 -4.88159671269 5.93295274818
2024-01-08T19:43:00.000000 905.705184543 4882.193003186 4557.735906800 0.26827093307 -5.27432936453 5.58991114746
2024-01-08T19:44:00.000000 919.671877845 4554.567036467 4882.182986925 0.19710878369 -5.64225600865 5.22078735846
2024-01-08T19:45:00.000000 929.340370834 4205.652553979 5183.743777464 0.12505330544 -5.98367337152 4.82733662582
2024-01-08T19:46:00.000000 934.667117492 3837.087972367 5461.014035825 0.05244008994 -6.29700814783 4.41142194428
2024-01-08T19:47:00.000000 935.628793296 3450.602095660 5712.704301069 -0.02039250333 -6.58082167023 3.97500464094
2024-01-08T19:48:00.000000 932.222429787 3048.005872629 5937.645513046 -0.09310450805 -6.83381505316 3.52013596130
2024-01-08T19:49:00.000000 924.465447329 2631.183862371 6134.794175463 -0.16535686182 -7.05483470397 3.04894770454
2024-01-08T19:50:00.000000 912.395512231 2202.085365587 6303.236839432 -0.23681408103 -7.24287647290 2.56364161665
2024-01-08T19:51:00.000000 896.070267899 1762.715394185 6442.194014816 -0.30714603419 -7.39708805346 2.06647934429
2024-01-08T19:52:00.000000 875.566976280 1315.125468505 6551.023468664 -0.37602883514 -7.51677151089 1.55977379196
2024-01-08T19:53:00.000000 850.982132881 861.404275695 6629.223079439 -0.44314560650 -7.60138711970 1.04587990290
2024-01-08T19:54:00.000000 822.431005885 403.668040380 6676.432987641 -0.50818755730 -7.65055675046 0.52718321095
2024-01-08T19:55:00.000000 790.047118972 -55.949189299 6692.437084357 -0.57085524283 -7.66406460979 0.00608764819
2024-01-08T19:56:00.000000 753.981646169 -515.305277801 6677.163776239 -0.63085990178 -7.64185629888 -0.51499458986
2024-01-08T19:57:00.000000 714.402732738 -972.259654024 6630.686239119 -0.68792492192 -7.58403889243 -1.03365193939
2024-01-08T19:58:00.000000 671.494717243 -1424.683042338 6553.222067560 -0.74178735308 -7.49088171088 -1.54748386479
2024-01-08T19:59:00.000000 625.457277632 -1870.467160868 6445.132253768 -0.79219892639 -7.36281478794 -2.05411298667
2024-01-08T20:00:00.000000 576.504537316 -2307.534248013 6306.919470159 -0.83892644994 -7.20042453127 -2.55119540252
2024-01-08T20:01:00.000000 524.864149490 -2733.846319119 6139.225840510 -0.88175224545 -7.00445018919 -3.03642759528
2024-01-08T20:02:00.000000 470.776333735 -3147.414327086 5942.830326963 -0.92047535212 -6.77578365532 -3.50755333526
2024-01-08T20:03:00.000000 414.492823305 -3546.307315624 5718.645582392 -0.95491331513 -6.51546993785 -3.96237438553
2024-01-08T20:04:00.000000 356.275701212 -3928.661582903 5467.714088535 -0.98490372367 -6.22470430380 -4.39876378486
2024-01-08T20:05:00.000000 296.396171953 -4292.689482762 5191.203496398 -1.01030507098 -5.90482583213 -4.81467778056
2024-01-08T20:06:00.000000 235.133290569 -4636.687859750 4890.401357318 -1.03099725247 -5.55731045447 -5.20816512763
2024-01-08T20:07:00.000000 172.772664751 -4959.046049948 4566.709291916 -1.04688202100 -5.18376478608 -5.57737568150
2024-01-08T20:08:00.000000 109.605132228 -5258.253561954 4221.636690181 -1.05788332895 -4.78591951097 -5.92056934288
2024-01-08T20:09:00.000000 45.925422730 -5532.907266874 3856.793826293 -1.06394752813 -4.36562173240 -6.23612433980
2024-01-08T20:10:00.000000 -17.969195575 -5781.718173464 3473.884555846 -1.06504371152 -3.92482736309 -6.52254455658
2024-01-08T20:11:00.000000 -81.780294228 -6003.517706551 3074.698526153 -1.06116425698 -3.46559381686 -6.77846725193
2024-01-08T20:12:00.000000 -145.209697950 -6197.263597671 2661.102947732 -1.05232517789 -2.99007148082 -7.00267175948
2024-01-08T20:13:00.000000 -207.960898294 -6362.045112701 2235.033789635 -1.03856601729 -2.50049297426 -7.19408770901
2024-01-08T20:14:00.000000 -269.740460680 -6497.087651372 1798.486579407 -1.01994965599 -1.99916113456 -7.35180125309
2024-01-08T20:15:00.000000 -330.259423403 -6601.756576486 1353.506857075 -0.99656239144 -1.48843717113 -7.47505944146
2024-01-08T20:16:00.000000 -389.234708480 -6675.560406632 902.180434369 -0.96851394187 -0.97072925356 -7.56327377089
2024-01-08T20:17:00.000000 -446.390508271 -6718.153266158 446.623410131 -0.93593680055 -0.44848119874 -7.61602353715
2024-01-08T20:18:00.000000 -501.459619808 -6729.336697394 -11.027989601 -0.89898511140 0.07583927236 -7.63305904449
2024-01-08T20:19:00.000000 -554.184715435 -6709.060685027 -468.627752875 -0.85783379423 0.59975337808 -7.61430424937
2024-01-08T20:20:00.000000 -604.319574175 -6657.423943127 -924.030548724 -0.81267808681 1.12078536885 -7.55985771665
2024-01-08T20:21:00.000000 -651.630283312 -6574.673271786 -1375.102162716 -0.76373285111 1.63647666718 -7.46999103757
2024-01-08T20:22:00.000000 -695.896375855 -6461.202164610 -1819.729786607 -0.71123114587 2.14439838514 -7.34514555703
2024-01-08T20:23:00.000000 -736.911870884 -6317.548658256 -2255.832102624 -0.65542245150 2.64216235589 -7.18592918317
2024-01-08T20:24:00.000000 -774.486209696 -6144.392600352 -2681.369194440 -0.59657119735 3.12743240148 -6.99311344515
2024-01-08T20:25:00.000000 -808.445120777 -5942.552138860 -3094.352246090 -0.53495568040 3.59793639661 -6.76762933456
2024-01-08T20:26:00.000000 -838.631418270 -5712.979544453 -3492.852937366 -0.47086687650 4.05147775202 -6.51056122637
2024-01-08T20:27:00.000000 -864.905715912 -5456.756351794 -3875.012440850 -0.40460687403 4.48594526383 -6.22314015634
2024-01-08T20:28:00.000000 -887.147042790 -5175.087991094 -4239.050032861 -0.33648711518 4.89932223466 -5.90673740092
2024-01-08T20:29:00.000000 -905.253353114 -4869.297822413 -4583.271304681 -0.26682674247 5.28969591712 -5.56285763153
2024-01-08T20:30:00.000000 -919.141943126 -4540.820621507 -4906.075925215 -0.19595108296 5.65526665341 -5.19313051554
2024-01-08T20:31:00.000000 -928.749777049 -4191.195548837 -5205.964854777 -0.12419021971 5.99435549488 -4.79930131369
2024-01-08T20:32:00.000000 -934.033734013 -3822.058728128 -5481.547008713 -0.05187766093 6.30541041862 -4.38322169271
2024-01-08T20:33:00.000000 -934.970774704 -3435.135452628 -5731.545375583 0.02065094515 6.58701218029 -3.94684097511
2024-01-08T20:34:00.000000 -931.558026047 -3032.232039610 -5954.802608858 0.09305932592 6.83788009815 -3.49219699578
2024-01-08T20:35:00.000000 -923.812761117 -2615.227357842 -6150.286034328 0.16501255836 7.05687714207 -3.02140616106
2024-01-08T20:36:00.000000 -911.772253513 -2186.064089667 -6317.092063710 0.23617923741 7.24301382580 -2.53665307430
2024-01-08T20:37:00.000000 -895.493511488 -1746.739790088 -6454.449974694 0.30623314610 7.39545097144 -2.04018027111
2024-01-08T20:38:00.000000 -875.052941202 -1299.297803925 -6561.725090635 0.37485401504 7.51350171992 -1.53427843713
2024-01-08T20:39:00.000000 -850.545976294 -845.818072382 -6638.421381954 0.44172783150 7.59663327039 -1.02127721753
2024-01-08T20:40:00.000000 -822.086687543 -388.407840154 -6684.183546454 0.50654761811 7.64446862313 -0.50353622347
2024-01-08T20:41:00.000000 -789.807314865 70.807738865 -6698.798528884 0.56901509707 7.65678803390 0.01656426030
2024-01-08T20:42:00.000000 -753.857681794 529.695064812 -6682.196474401 0.62884269820 7.63352976935 0.53663276903
2024-01-08T20:43:00.000000 -714.404503893 986.121585050 -6634.451110999 0.68575511264 7.57479052818 1.05427596042
2024-01-08T20:44:00.000000 -671.630623807 1437.965318350 -6555.779591137 0.73949020870 7.48082612203 1.56710810792
2024-01-08T20:45:00.000000 -625.734199476 1883.124419464 -6446.541727814 0.78979975989 7.35205198518 2.07276161540
2024-01-08T20:46:00.000000 -576.927841089 2319.526740000 -6307.238560456 0.83645042544 7.18904221275 2.56889834170
2024-01-08T20:47:00.000000 -525.437682119 2745.139270883 -6138.510255490 0.87922498469 6.99252681817 3.05322043813
2024-01-08T20:48:00.000000 -471.502375432 3157.977394296 -5941.133397034 0.91792352322 6.76338821043 3.52348000890
2024-01-08T20:49:00.000000 -415.372027254 3556.113922239 -5716.017726786 0.95236427994 6.50265779833 3.97748807387
2024-01-08T20:50:00.000000 -357.307091485 3937.687943720 -5464.202334622 0.98238420039 6.21151281128 4.41312339266
2024-01-08T20:51:00.000000 -297.577226712 4300.913478223 -5186.851323633 1.00783965636 5.89127332016 4.82834157684
2024-01-08T20:52:00.000000 -236.460095759 4644.087955177 -4885.248898121 1.02860769393 5.54339898564 5.22118539136
2024-01-08T20:53:00.000000 -174.240084534 4965.600454014 -4560.793801550 1.04458740848 5.16948380685 5.58979647627
2024-01-08T20:54:00.000000 -111.206953271 5263.939517722 -4214.993023347 1.05570049880 4.77124782365 5.93242620381
2024-01-08T20:55:00.000000 -47.654495458 5537.700443850 -3849.454999900 1.06189083815 4.35052797327 6.24744317585
2024-01-08T20:56:00.000000 16.120792176 5785.592074978 -3465.882355583 1.06312421461 3.90927163710 6.53333900442
2024-01-08T20:57:00.000000 79.821027993 6006.443296966 -3066.064371650 1.05938922338 3.44953145054 6.78873669560
2024-01-08T20:58:00.000000 143.148370858 6199.209102920 -2651.868702046 1.05069860913 2.97345666757 7.01240185981
2024-01-08T20:59:00.000000 205.806473661 6362.976007780 -2225.232563487 1.03708945589 2.48327980732 7.20325165580
2024-01-08T21:00:00.000000 267.501927113 6496.966659147 -1788.153464449 1.01862216216 1.98130402617 7.36035877883
2024-01-08T21:01:00.000000 327.945616831 6600.543776016 -1342.679840018 0.99537978007 1.46989421683 7.48295474914
2024-01-08T21:02:00.000000 386.854109473 6673.213609321 -890.901289071 0.96746864213 0.95146778008 7.57043677415
2024-01-08T21:03:00.000000 443.951067156 6714.628665469 -434.938427912 0.93501893752 0.42847993142 7.62237460284
2024-01-08T21:04:00.000000 498.968658490 6724.589491697 23.067535677 0.89818374876 -0.09659300393 7.63851174071
2024-01-08T21:05:00.000000 551.648874254 6703.045512524 480.965145853 0.85713707539 -0.62126562199 7.61876280846
2024-01-08T21:06:00.000000 601.744737214 6650.095359372 936.602952841 0.81207255342 -1.14305147904 7.56321381339
2024-01-08T21:07:00.000000 649.021472022 6565.986612190 1387.839906779 0.76320320000 -1.65947430428 7.47212572910
2024-01-08T21:08:00.000000 693.257652485 6451.114727660 1832.555876590 0.71076097923 -2.16808425489 7.34593507413
2024-01-08T21:09:00.000000 734.246312035 6306.020961450 2268.662095736 0.65499544546 -2.66647299753 7.18524907379
2024-01-08T21:10:00.000000 771.795937399 6131.389558044 2694.111200164 0.59617196940 -3.15228426984 6.99084033271
2024-01-08T21:11:00.000000 805.731374029 5928.044327440 3106.907087768 0.53457017065 -3.62322422431 6.76364425999
2024-01-08T21:12:00.000000 835.894630392 5696.944490304 3505.114549937 0.47048235518 -4.07707523914 6.50475503460
2024-01-08T21:13:00.000000 862.145594960 5439.179706686 3886.868608451 0.40421180649 -4.51170900170 6.21541654236
2024-01-08T21:14:00.000000 884.362642889 5155.964447149 4250.383127527 0.33607134024 -4.92509424491 5.89701217041
2024-01-08T21:15:00.000000 902.443181008 4848.632021353 4593.959010375 0.26638233238 -5.31530224727 5.55105890701
2024-01-08T21:16:00.000000 916.304123333 4518.628144044 4915.992071816 0.19547351920 -5.68051613828 5.17920342499
2024-01-08T21:17:00.000000 925.882284862 4167.503906095 5214.980661117 0.12367892308 -6.01904315031 4.78321381424
2024-01-08T21:18:00.000000 931.134613966 3796.907987980 5489.532511424 0.05133534493 -6.32932358774 4.36496647833
2024-01-08T21:19:00.000000 932.038299191 3408.578561823 5738.370875047 -0.02121963541 -6.60993465879 3.92643374360
2024-01-08T21:20:00.000000 928.590772682 3004.334979381 5960.339989231 -0.09364892079 -6.85959305895 3.46967509533
2024-01-08T21:21:00.000000 920.809654886 2586.069330514 6154.410097465 -0.16561695588 -7.07715937669 2.99682949602
2024-01-08T21:22:00.000000 908.732621772 2155.737607654 6319.681938923 -0.23679093335 -7.26164310404 2.51010644291
2024-01-08T21:23:00.000000 892.417203248 1715.350663794 6455.390695637 -0.30684210579 -7.41220691772 2.01177611258
2024-01-08T21:24:00.000000 871.940496127 1266.964888408 6560.909312771 -0.37544716009 -7.52817056273 1.50415908866
2024-01-08T21:25:00.000000 847.398798750 812.672705389 6635.751220579 -0.44228972835 -7.60901399759 0.98961489890
2024-01-08T21:26:00.000000 818.907143536 354.592896821 6679.572277967 -0.50706187185 -7.65437832922 0.47053018406
2024-01-08T21:27:00.000000 786.598756794 -105.139034437 6692.172105775 -0.56946527296 -7.66406516913 -0.05069136520
2024-01-08T21:28:00.000000 750.624448449 -564.380511268 6673.494827523 -0.62921221897 -7.63803696122 -0.57163757846
2024-01-08T21:29:00.000000 711.151947882 -1020.991555844 6623.629324088 -0.68602673217 -7.57641840789 -1.08989784976
2024-01-08T21:30:00.000000 668.365155974 -1472.844535692 6542.808763324 -0.73964596497 -7.47949596885 -1.60307508818
2024-01-08T21:31:00.000000 622.463315404 -1917.833787686 6431.409453957 -0.78982155802 -7.34771452784 -2.10879638626
2024-01-08T21:32:00.000000 573.660106721 -2353.885000071 6289.949162085 -0.83632081986 -7.18167425147 -2.60472069321
2024-01-08T21:33:00.000000 522.182673816 -2778.964518555 6119.084979638 -0.87892783600 -6.98213022039 -3.08854621457
2024-01-08T21:34:00.000000 468.270585509 -3191.088655323 5919.610676752 -0.91744452114 -6.74999268915 -3.55802078450
2024-01-08T21:35:00.000000 412.174740510 -3588.332932494 5692.453357095 -0.95169137936 -6.48632460576 -4.01095420634
2024-01-08T21:36:00.000000 354.156239273 -3968.841111939 5438.669391119 -0.98150791917 -6.19233650741 -4.44522942437
2024-01-08T21:37:00.000000 294.485230629 -4330.833876764 5159.439740730 -1.00675312325 -5.86938122981 -4.85881196011
2024-01-08T21:38:00.000000 233.439717725 -4672.617236182 4856.064726326 -1.02730637777 -5.51894907577 -5.24975942429
2024-01-08T21:39:00.000000 171.304298123 -4992.590582488 4529.958185529 -1.04306874438 -5.14266181243 -5.61623187089
2024-01-08T21:40:00.000000 108.368826275 -5289.254378179 4182.641036599 -1.05396399673 -4.74226469944 -5.95650154703
2024-01-08T21:41:00.000000 44.927038854 -5561.217276689 3815.734291828 -1.05993898622 -4.31961772491 -6.26896078105
2024-01-08T21:42:00.000000 -18.724827338 -5807.202779356 3430.951663758 -1.06096351465 -3.87668765907 -6.55212850839
2024-01-08T21:43:00.000000 -82.289412355 -6026.055406234 3030.091750334 -1.05703030203 -3.41554113872 -6.80465703643
2024-01-08T21:44:00.000000 -145.469613828 -6216.746512318 2615.029825275 -1.04815538467 -2.93833732896 -7.02534019899
2024-01-08T21:45:00.000000 -207.970006185 -6378.379533425 2187.709051148 -1.03437864396 -2.44731826142 -7.21312240001
2024-01-08T21:46:00.000000 -269.498274432 -6510.194607189 1750.131211018 -1.01576385817 -1.94479620760 -7.36710639764
2024-01-08T21:47:00.000000 -329.766635340 -6611.572366988 1304.347043659 -0.99239814054 -1.43314004869 -7.48655790890
2024-01-08T21:48:00.000000 -388.493213335 -6682.036975120 852.446404224 -0.96439126100 -0.91476317586 -7.57090787088
2024-01-08T21:49:00.000000 -445.403390223 -6721.258465647 396.548269436 -0.93187530636 -0.39211297569 -7.61975510438
2024-01-08T21:50:00.000000 -500.231137404 -6729.054456684 -61.209448264 -0.89500441642 0.13234079031 -7.63287006556
2024-01-08T21:51:00.000000 -552.720317643 -6705.391066167 -518.680268157 -0.85395406021 0.65612003112 -7.61019723671
2024-01-08T21:52:00.000000 -602.625933944 -6650.382998589 -973.719598172 -0.80891980881 1.17675251537 -7.55185425368
2024-01-08T21:53:00.000000 -649.715291708 -6564.292804789 -1424.195025651 -0.76011600080 1.69178383055 -7.45812931424
2024-01-08T21:54:00.000000 -693.769089398 -6447.529511311 -1867.996508757 -0.70777448553 2.19878799835 -7.32947950397
2024-01-08T21:55:00.000000 -734.582426561 -6300.646538214 -2303.046457449 -0.65214328300 2.69537938058 -7.16652970444
2024-01-08T21:56:00.000000 -771.965736454 -6124.338923423 -2727.309759919 -0.59348520728 3.17922594754 -6.97006966186
2024-01-08T21:57:00.000000 -805.745635236 -5919.439689107 -3138.803490156 -0.53207677451 3.64806174929 -6.74104842061
2024-01-08T21:58:00.000000 -835.765722823 -5686.915573618 -3535.606287493 -0.46820737266 4.09969758127 -6.48056782464
2024-01-08T21:59:00.000000 -861.887316337 -5427.862095765 -3915.867315371 -0.40217809745 4.53203090862 -6.18987615252
2024-01-08T22:00:00.000000 -883.990110097 -5143.498102866 -4277.814871271 -0.33429989183 4.94305569880 -5.87036124446
2024-01-08T22:01:00.000000 -901.972693807 -4835.159667464 -4619.764508433 -0.26489142881 5.33087142238 -5.52354272240
2024-01-08T22:02:00.000000 -915.752967337 -4504.293536867 -4940.126718246 -0.19427737410 5.69369105997 -5.15106393376
2024-01-08T22:03:00.000000 -925.268450816 -4152.450062447 -5237.414080071 -0.12278700948 6.02984896647 -4.75468357791
2024-01-08T22:04:00.000000 -930.476529165 -3781.275717341 -5510.247937673 -0.05075276317 6.33780844129 -4.33626602096
2024-01-08T22:05:00.000000 -931.354582912 -3392.505149669 -5757.364386010 0.02149143909 6.61616741726 -3.89777055858
2024-01-08T22:06:00.000000 -927.900037555 -2987.953012533 -5977.619688532 0.09361165859 6.86366196768 -3.44124171720
2024-01-08T22:07:00.000000 -920.130318777 -2569.505547033 -6169.995119801 0.16527524318 7.07916982883 -2.96880149443
2024-01-08T22:08:00.000000 -908.082741044 -2139.111974861 -6333.601425392 0.23615231365 7.26171554742 -2.48264125657
2024-01-08T22:09:00.000000 -891.814283480 -1698.775496580 -6467.682639602 0.30591744079 7.41047556660 -1.98501104540
2024-01-08T22:10:00.000000 -871.401285122 -1250.544112468 -6571.619260165 0.37425096991 7.52478056192 -1.47820742544
2024-01-08T22:11:00.000000 -846.939067112 -796.501338700 -6644.930700984 0.44083976147 7.60411530728 -0.96456323368
2024-01-08T22:12:00.000000 -818.541529768 -338.756999645 -6687.277249172 0.50537801815 7.64811896087 -0.44643987291
2024-01-08T22:13:00.000000 -786.340659986 120.562124577 -6698.461543369 0.56756889638 7.65658732609 0.07378019095
2024-01-08T22:14:00.000000 -750.485934873 579.321767304 -6678.429571722 0.62712656122 7.62947542707 0.59370301881
2024-01-08T22:15:00.000000 -711.143612722 1035.389767480 -6627.271021977 0.68377765202 7.56689842998 1.11093417576
2024-01-08T22:16:00.000000 -668.495963836 1486.645665879 -6545.219002224 0.73726182856 7.46913108022 1.62308937235
2024-01-08T22:17:00.000000 -622.740480036 1930.990255058 -6432.649117977 0.78733215480 7.33660692080 2.12780450466
2024-01-08T22:18:00.000000 -574.089043209 2366.355083858 -6290.077963646 0.83375610571 7.16991728761 2.62274597117
2024-01-08T22:19:00.000000 -522.767018152 2790.711857782 -6118.160958914 0.87631708610 6.96980910305 3.10562131986
2024-01-08T22:20:00.000000 -469.012250456 3202.081685106 -5917.689593296 0.91481580313 6.73718135130 3.57418920305
2024-01-08T22:21:00.000000 -413.074001293 3598.544077660 -5689.588077136 0.94907117121 6.47308139993 4.02626816275
2024-01-08T22:22:00.000000 -355.211833971 3978.245772822 -5434.909506557 0.97892099303 6.17870211301 4.45974515709
2024-01-08T22:23:00.000000 -295.694458402 4339.409368142 -5154.831458737 1.00422268542 5.85537924911 4.87258516210
2024-01-08T22:24:00.000000 -234.798531848 4680.341817341 -4850.651013484 1.02485407267 5.50458765501 5.26284210062
2024-01-08T22:25:00.000000 -172.807409756 4999.442584546 -4523.779060339 1.04071418536 5.12793515718 5.62866998531
2024-01-08T22:26:00.000000 -110.009850140 5295.211396650 -4175.733995735 1.05172402575 4.72715460305 5.96833270344
2024-01-08T22:27:00.000000 -46.698675322 5566.255498192 -3808.134894210 1.05782719986 4.30409564326 6.28021184766
2024-01-08T22:28:00.000000 16.830596495 5811.296425828 -3422.694208227 1.05899028002 3.86071768897 6.56281377988
2024-01-08T22:29:00.000000 80.281136094 6029.176426020 -3021.210091822 1.05520303884 3.39908328102 6.81477773213
2024-01-08T22:30:00.000000 143.356205168 6218.864381778 -2605.558111006 1.04647881015 2.92134978873 7.03488519185
2024-01-08T22:31:00.000000 205.760584076 6379.461192166 -2177.682453177 1.03285489458 2.42975816819 7.22206872159
2024-01-08T22:32:00.000000 267.202008543 6510.204396948 -1739.586652097 1.01439254728 1.92662024580 7.37541825913
2024-01-08T22:33:00.000000 327.392597082 6610.472077979 -1293.324023362 0.99117634226 1.41430681882 7.49418521733
2024-01-08T22:34:00.000000 386.050219195 6679.786059811 -840.987857050 0.96331336603 0.89523691094 7.57778629855
2024-01-08T22:35:00.000000 442.899835908 6717.814482199 -384.701376641 0.93093283794 0.37186641805 7.62580763614
2024-01-08T22:36:00.000000 497.674820818 6724.373608177 73.392524845 0.89418607821 -0.15332486888 7.63800803571
2024-01-08T22:37:00.000000 550.118287795 6699.428887101 531.141708349 0.85324616786 -0.67784663108 7.61432034023
2024-01-08T22:38:00.000000 599.984361244 6643.095177532 986.395230256 0.80830691965 -1.19921052997 7.55485174340
2024-01-08T22:39:00.000000 647.039383733 6555.636282971 1437.013822415 0.75958154405 -1.71494256245 7.45988409296
2024-01-08T22:40:00.000000 691.063041133 6437.463656576 1880.880346155 0.70730146712 -2.22259676940 7.32987334725
2024-01-08T22:41:00.000000 731.849425259 6289.134330180 2315.910189419 0.65171519730 -2.71976967220 7.16544649176
2024-01-08T22:42:00.000000 769.208014285 6111.347926010 2740.061345142 0.59308686289 -3.20411314043 6.96739597611
2024-01-08T22:43:00.000000 802.964560744 5904.943047118 3151.344172699 0.53169454147 -3.67334465092 6.73667384780
2024-01-08T22:44:00.000000 832.961885469 5670.893017281 3547.830813855 0.46782892158 -4.12525666558 6.47438705560
2024-01-08T22:45:00.000000 859.060605666 5410.301134850 3927.664372241 0.40179237159 -4.55772732389 6.18179277956
2024-01-08T22:46:00.000000 881.139803292 5124.395124975 4289.067723213 0.33389775550 -4.96873220175 5.86029179256
2024-01-08T22:47:00.000000 899.097596664 4814.520991508 4630.351878838 0.26446636841 -5.35635506640 5.51141950315
2024-01-08T22:48:00.000000 912.851572846 4482.136235659 4949.923768925 0.19382538180 -5.71879617377 5.13683633418
2024-01-08T22:49:00.000000 922.339068659 4128.802702553 5246.293477352 0.12230578003 -6.05437886927 4.73831871674
2024-01-08T22:50:00.000000 927.517366402 3756.178974300 5518.080937539 0.05024125766 -6.36155591969 4.31775054685
2024-01-08T22:51:00.000000 928.363833436 3366.012429390 5764.022118158 -0.02203257061 -6.63891588024 3.87711400181
2024-01-08T22:52:00.000000 924.875998277 2960.130909332 5982.974609788 -0.09417943383 -6.88518870118 3.41847963590
2024-01-08T22:53:00.000000 917.071545395 2540.434109537 6173.922652408 -0.16586416799 -7.09925026657 2.94399655584
2024-01-08T22:54:00.000000 904.988189981 2108.884684846 6335.981546368 -0.23675443695 -7.28012662088 2.45588300211
2024-01-08T22:55:00.000000 888.683467726 1667.499112532 6468.401521261 -0.30652218204 -7.42699836475 1.95641636983
2024-01-08T22:56:00.000000 868.234431084 1218.338304724 6570.570930673 -0.37484503376 -7.53920424775 1.44792188004
2024-01-08T22:57:00.000000 843.737270678 763.498058492 6642.018798076 -0.44140779292 -7.61624268476 0.93276092260
2024-01-08T22:58:00.000000 815.306838216 305.099477985 6682.416645254 -0.50590373368 -7.65777169665 0.41332083548
2024-01-08T22:59:00.000000 783.076111750 -154.720608748 6691.579804292 -0.56803559072 -7.66360923128 -0.10799383457
2024-01-08T23:00:00.000000 747.195593833 -613.819279219 6669.468148365 -0.62751655796 -7.63373458632 -0.62877066691
2024-01-08T23:01:00.000000 707.832650761 -1070.057236997 6616.186275401 -0.68407167404 -7.56828914583 -1.14660034719
2024-01-08T23:02:00.000000 665.170750264 -1521.308494983 6531.982969038 -0.73743942428 -7.46757493967 -1.65908782331
2024-01-08T23:03:00.000000 619.408612607 -1965.469955013 6417.250033102 -0.78737306291 -7.33205227278 -2.16386161953
2024-01-08T23:04:00.000000 570.759297157 -2400.470840289 6272.520665235 -0.83364152139 -7.16233841393 -2.65858214690
2024-01-08T23:05:00.000000 519.449237674 -2824.282114417 6098.467237781 -0.87603017233 -6.95920720533 -3.14095128161
2024-01-08T23:06:00.000000 465.717231044 -3234.925830313 5895.898489455 -0.91434170780 -6.72358729168 -3.60872371007
2024-01-08T23:07:00.000000 409.813368533 -3630.484307557 5665.756004073 -0.94839709681 -6.45655815423 -4.05971806551
2024-01-08T23:08:00.000000 351.997912419 -4009.109041077 5409.110090395 -0.97803650038 -6.15934536710 -4.49182669373
2024-01-08T23:09:00.000000 292.540118199 -4369.029332891 5127.155067886 -1.00312010672 -5.83331624381 -4.90302503987
2024-01-08T23:10:00.000000 231.717010920 -4708.560660593 4821.203989507 -1.02352886422 -5.47997493900 -5.29138166659
2024-01-08T23:11:00.000000 169.812119966 -5026.112691731 4492.682745543 -1.03916508242 -5.10095600222 -5.65506817260
2024-01-08T23:12:00.000000 107.114182349 -5320.196900799 4143.123621071 -1.04995298289 -4.69801696312 -5.99236803250
2024-01-08T23:13:00.000000 43.915808500 -5589.433713768 3774.158328582 -1.05583933655 -4.27303090096 -6.30168480858
2024-01-08T23:14:00.000000 -19.487890708 -5832.559220189 3387.510556247 -1.05679410626 -3.82797862788 -6.58155055637
2024-01-08T23:15:00.000000 -82.800707192 -6048.431358792 2984.988003609 -1.05281080273 -3.36493974847 -6.83063403290
2024-01-08T23:16:00.000000 -145.726749982 -6236.035577138 2568.473964467 -1.04390642605 -2.88608294216 -7.04774789160
2024-01-08T23:17:00.000000 -207.971846275 -6394.489864561 2139.918494610 -1.03012122531 -2.39365615101 -7.23185506150
2024-01-08T23:18:00.000000 -269.244932932 -6523.049217917 1701.329211326 -1.01151858212 -1.88997632634 -7.38207493266
2024-01-08T23:19:00.000000 -329.259442806 -6621.109425194 1254.761728627 -0.98818503454 -1.37741800595 -7.49768907449
2024-01-08T23:20:00.000000 -387.734695635 -6688.210179751 802.309784180 -0.96023017693 -0.85840090921 -7.57814579857
2024-01-08T23:21:00.000000 -444.397266358 -6724.037386406 346.095128192 -0.92778615306 -0.33537712129 -7.62306350754
2024-01-08T23:22:00.000000 -498.982311368 -6728.424723404 -111.742754640 -0.89100667752 0.18918208728 -7.63223286602
2024-01-08T23:23:00.000000 -551.234827220 -6701.354377523 -569.057001711 -0.85006582784 0.71279949733 -7.60561723518
2024-01-08T23:24:00.000000 -600.910839710 -6642.957049679 -1023.703707084 -0.80515705654 1.23300410785 -7.54335151295
2024-01-08T23:25:00.000000 -647.778549367 -6553.511237552 -1473.552173145 -0.75649268578 1.74734195222 -7.44574105110
2024-01-08T23:26:00.000000 -691.619454658 -6433.441888823 -1916.495142660 -0.70430351816 2.25338758965 -7.31326162961
2024-01-08T23:27:00.000000 -732.229430922 -6283.318269773 -2350.458985483 -0.64883782270 2.74875804486 -7.14655845424
2024-01-08T23:28:00.000000 -769.419731082 -6103.850991329 -2773.413777632 -0.59035947703 3.23112735558 -6.94644164914
2024-01-08T23:29:00.000000 -803.017854543 -5895.888202025 -3183.382963342 -0.52914586726 3.69823840105 -6.71387897364
2024-01-08T23:30:00.000000 -832.868308931 -5660.411195416 -3578.452617045 -0.46548628257 4.14791183458 -6.44998917940
2024-01-08T23:31:00.000000 -858.833284314 -5398.529447241 -3956.780322694 -0.39968079140 4.57805537856 -6.15603684601
2024-01-08T23:32:00.000000 -880.793272960 -5111.475102512 -4316.603779211 -0.33203904280 4.98667479813 -5.83342599717
2024-01-08T23:33:00.000000 -898.647592790 -4800.596751821 -4656.248874228 -0.26287868228 5.37188388506 -5.48369082214
2024-01-08T23:34:00.000000 -912.314817237 -4467.352755206 -4974.137209991 -0.19252357579 5.73191116791 -5.10848590639
2024-01-08T23:35:00.000000 -921.733091914 -4113.304165177 -5268.793066019 -0.12130204795 6.06510514261 -4.70957860450
2024-01-08T23:36:00.000000 -926.860354445 -3740.107388069 -5538.849994070 -0.04954514740 6.36994095548 -4.28884222494
2024-01-08T23:37:00.000000 -927.674445981 -3349.506315485 -5783.056901655 0.02241490823 6.64502810453 -3.84824720959
2024-01-08T23:38:00.000000 -924.173147749 -2943.324086756 -6000.283571711 0.09424591012 6.88911660877 -3.38985026351
2024-01-08T23:39:00.000000 -916.374143803 -2523.454503575 -6189.525499838 0.16561667271 7.10110111083 -2.91578377722
2024-01-08T23:40:00.000000 -904.314928941 -2091.853276877 -6349.908161279 0.23619845728 7.28002439770 -2.42824604349
2024-01-08T23:41:00.000000 -888.052599443 -1650.529018127 -6480.690649198 0.30566689474 7.42508055693 -1.92949110155
2024-01-08T23:42:00.000000 -867.663539539 -1201.534118695 -6581.268714594 0.37370368990 7.53561645619 -1.42181835811
2024-01-08T23:43:00.000000 -843.243021134 -746.955553541 -6651.177200323 0.43999754357 7.61113212505 -0.90756390791
2024-01-08T23:44:00.000000 -814.904771864 -288.905674583 -6690.092044072 0.50424479462 7.65128246313 -0.38909325626
2024-01-08T23:45:00.000000 -782.780480246 170.487195900 -6697.831784962 0.56615067087 7.65588078590 0.13120734263
2024-01-08T23:46:00.000000 -747.019208686 629.088355592 -6674.358476892 0.62543109109 7.62490128293 0.65094236685
2024-01-08T23:47:00.000000 -707.786706693 1084.766374892 -6619.777881397 0.68181406618 7.55847838571 1.16771880891
2024-01-08T23:48:00.000000 -665.264664046 1535.402644021 -6534.339021878 0.73504031379 7.45690482566 1.67915580361
2024-01-08T23:49:00.000000 -619.649933639 1978.900844944 -6418.433197146 0.78486382551 7.32063105276 2.18289319660
2024-01-08T23:50:00.000000 -571.153699494 2413.196424893 -6272.592443727 0.83105314589 7.15026518883 2.67660174819
2024-01-08T23:51:00.000000 -520.000557082 2836.265997858 -6097.487336372 0.87339297456 6.94657085176 3.15799460839
2024-01-08T23:52:00.000000 -466.427506129 3246.136556091 -5893.924132620 0.91168521819 6.71046289635 3.62483737275
2024-01-08T23:53:00.000000 -410.682903945 3640.894423962 -5662.841378588 0.94574943554 6.44300380654 4.07495605804
2024-01-08T23:54:00.000000 -353.025389324 4018.694060666 -5405.306043358 0.97542352625 6.14540182695 4.50624551857
2024-01-08T23:55:00.000000 -293.722745472 4377.766726038 -5122.509075609 1.00056507430 5.81900850239 4.91668007087
2024-01-08T23:56:00.000000 -233.050673402 4716.428958846 -4815.760297113 1.02105270312 5.46531352275 5.30432484947
2024-01-08T23:57:00.000000 -171.291509341 5033.090647666 -4486.482645197 1.03678664429 5.08593771503 5.66734566802
2024-01-08T23:58:00.000000 -108.732927542 5326.262693059 -4136.205874141 1.04768873832 4.68262630442 6.00401754563
2024-01-08T23:59:00.000000 -45.666638198 5594.564287518 -3766.559743060 1.05370270995 4.25724254189 6.31273356525
2024-01-09T00:00:00.000000 17.612948610 5836.729757763 -3379.266642156 1.05479501855 3.81176009679 6.59201435441
2024-01-09T00:01:00.000000 80.810115636 6051.614954736 -2976.133682110 1.05095570659 3.34825367123 6.84051679332
2024-01-09T00:02:00.000000 143.629262491 6238.202977730 -2559.044286993 1.04219862928 2.86888895627 7.05704121016
2024-01-09T00:03:00.000000 205.776328521 6395.609356336 -2129.949397877 1.02856121433 2.37591273255 7.24053784942
2024-01-09T00:04:00.000000 266.960201961 6523.086586100 -1690.858278197 1.01010427258 1.87164247170 7.39011325615
2024-01-09T00:05:00.000000 326.894119210 6620.028068669 -1243.828970975 0.98691199191 1.35845478138 7.50503596124
2024-01-09T00:06:00.000000 385.297066845 6685.971259773 -790.958434131 0.95909175523 0.83877330447 7.58474073607
2024-01-09T00:07:00.000000 441.895155269 6720.600155254 -334.372471162 0.92677351822 0.31505685873 7.62883188187
2024-01-09T00:08:00.000000 496.422947975 6723.747017023 123.784540342 0.89010892695 -0.21021258745 7.63708632099
2024-01-09T00:09:00.000000 548.624736260 6695.393421801 581.360076428 0.84927049682 -0.73454307542 7.60945603945
2024-01-09T00:10:00.000000 598.255772014 6635.670397427 1036.204007721 0.80445094551 -1.25544661863 7.54606868356
2024-01-09T00:11:00.000000 645.083460313 6544.857802876 1486.179100434 0.75586252407 -1.77045262783 7.44722620042
2024-01-09T00:12:00.000000 688.888504906 6423.382877902 1929.171418116 0.70373618039 -2.27712031594 7.31340271846
2024-01-09T00:13:00.000000 729.466001537 6271.818133478 2363.100574890 0.64832036230 -2.77305120704 7.14524216561
2024-01-09T00:14:00.000000 766.626434562 6090.878374190 2785.929831533 0.58987930233 -3.25590227133 6.94355462250
2024-01-09T00:15:00.000000 800.196562811 5881.417015163 3195.675894999 0.52869088862 -3.72339838778 6.70931048275
2024-01-09T00:16:00.000000 830.020178753 5644.421666367 3590.418336357 0.46504470492 -4.17334250633 6.44363361515
2024-01-09T00:17:00.000000 855.958766460 5381.009221915 3968.308605839 0.39924079937 -4.60362431283 6.14779533918
2024-01-09T00:18:00.000000 877.892112163 5092.420349055 4327.578728672 0.33158908636 -5.01222968585 5.82320920374
2024-01-09T00:19:00.000000 895.718875600 4780.013406074 4666.549652485 0.26240852977 -5.39725168819 5.47142430141
2024-01-09T00:20:00.000000 909.357081221 4445.257682365 4983.639097901 0.19202539554 -5.75690108766 5.09411586727
2024-01-09T00:21:00.000000 918.744491079 4089.726086729 5277.368826266 0.12077077204 -6.08951428084 4.69307452109
2024-01-09T00:22:00.000000 923.838814726 3715.087429849 5546.371236035 0.04897823328 -6.39355892966 4.27019621659
2024-01-09T00:23:00.000000 924.617811980 3323.098402778 5789.395423824 -0.02301769543 -6.66763898324 3.82747325935
2024-01-09T00:24:00.000000 921.079316645 2915.595231904 6005.312676959 -0.09488239220 -6.91049995400 3.36698533799
2024-01-09T00:25:00.000000 913.241227653 2494.485045889 6193.121466471 -0.16628198945 -7.12103402535 2.89088992756
2024-01-09T00:26:00.000000 901.141416554 2061.736922985 6351.951783147 -0.23688479514 -7.29828455070 2.40141220650
2024-01-09T00:27:00.000000 884.837543132 1619.372710296 6481.068903665 -0.30636325961 -7.44144983398 1.90083450169
2024-01-09T00:28:00.000000 864.406745619 1169.457636222 6579.876470526 -0.37439596572 -7.54988575990 1.39148529612
2024-01-09T00:29:00.000000 839.945224062 714.090818524 6647.918967634 -0.44066911448 -7.62310701327 0.87572852017
2024-01-09T00:30:00.000000 811.567753999 255.395713370 6684.883523505 -0.50487746005 -7.66078768599 0.35595388790
2024-01-09T00:31:00.000000 779.407149460 -204.489476885 6690.601201829 -0.56672515200 -7.66276235719 -0.16543229979
2024-01-09T00:32:00.000000 743.613662912 -663.421469186 6665.047680165 -0.62592691735 -7.62902736078 -0.68601718576
2024-01-09T00:33:00.000000 704.354311100 -1119.261624810 6608.343344323 -0.68220953982 -7.55974092679 -1.20339223107
2024-01-09T00:34:00.000000 661.812105209 -1569.885620610 6520.752705323 -0.73531331407 -7.45522181405 -1.71516361232
2024-01-09T00:35:00.000000 616.185201535 -2013.193038229 6402.683202404 -0.78499321087 -7.31594776935 -2.21896163245
2024-01-09T00:36:00.000000 567.685996919 -2447.116861212 6254.683523052 -0.83101978594 -7.14255433611 -2.71245026447
2024-01-09T00:37:00.000000 516.540167147 -2869.632901048 6077.441233335 -0.87317991920 -6.93583313167 -3.19333749051
2024-01-09T00:38:00.000000 462.985669964 -3278.769075820 5871.779851663 -0.91127749360 -6.69672883272 -3.65938560761
2024-01-09T00:39:00.000000 407.271697798 -3672.614487511 5638.655271306 -0.94513421614 -6.42633573998 -4.10842071408
2024-01-09T00:40:00.000000 349.657581539 -4049.328307368 5379.151689072 -0.97459071806 -6.12589456288 -4.53834233642
2024-01-09T00:41:00.000000 290.411615282 -4407.148445556 5094.476849148 -0.99950772437 -5.79678847427 -4.94713416761
2024-01-09T00:42:00.000000 229.809826242 -4744.399933266 4785.956680332 -1.01976687541 -5.44053711039 -5.33287500514
2024-01-09T00:43:00.000000 168.134702947 -5059.502887668 4455.029276666 -1.03527112534 -5.05878923986 -5.69374825946
2024-01-09T00:44:00.000000 105.673910911 -5350.980048220 4103.238394110 -1.04594512129 -4.65331553887 -6.02805022953
2024-01-09T00:45:00.000000 42.718968520 -5617.463873166 3732.226409418 -1.05173588020 -4.22600145792 -6.33419846895
2024-01-09T00:46:00.000000 -20.436115933 -5857.703190245 3343.726800700 -1.05261348108 -3.77883893123 -6.61074018648
2024-01-09T00:47:00.000000 -83.496238903 -6070.569303324 2939.556130765 -1.04857134247 -3.31391724869 -6.85635953935
2024-01-09T00:48:00.000000 -146.166600783 -6255.061581211 2521.605650211 -1.03962616981 -2.83341433241 -7.06988416174
2024-01-09T00:49:00.000000 -208.154103876 -6410.312507475 2091.832462258 -1.02581802658 -2.33958794160 -7.25029255986
2024-01-09T00:50:00.000000 -269.168762264 -6535.592155933 1652.250230902 -1.00721057084 -1.83476443364 -7.39672204608
2024-01-09T00:51:00.000000 -328.925114314 -6630.311890680 1204.919469814 -0.98389095830 -1.32132482935 -7.50847441131
2024-01-09T00:52:00.000000 -387.143617988 -6694.027235476 751.937587984 -0.95596912151 -0.80169126283 -7.58501806148
2024-01-09T00:53:00.000000 -443.551984715 -6726.439995811 295.428870165 -0.92357679453 -0.27831613869 -7.62598906398
2024-01-09T00:54:00.000000 -497.886467372 -6727.399791950 -162.465660202 -0.88686684471 0.24632780237 -7.63119381310
2024-01-09T00:55:00.000000 -549.893113414 -6696.904905564 -619.598548001 -0.84601292491 0.76975973668 -7.60061236206
2024-01-09T00:56:00.000000 -599.329004652 -6635.102364557 -1073.826399564 -0.80120897997 1.28950522130 -7.53439955213
2024-01-09T00:57:00.000000 -645.963442921 -6542.287106791 -1523.020309792 -0.75266822906 1.80311032168 -7.43288324189
2024-01-09T00:58:00.000000 -689.579066298 -6418.900382348 -1965.076169183 -0.70062172435 2.30815422350 -7.29656147165
2024-01-09T00:59:00.000000 -729.972872063 -6265.527373807 -2397.924771846 -0.64531682689 2.80226145826 -7.12609936170
2024-01-09T01:00:00.000000 -766.957155070 -6082.894140957 -2819.541737507 -0.58701587459 3.28311420776 -6.92232479784
2024-01-09T01:01:00.000000 -800.360371285 -5871.863785767 -3227.957093513 -0.52599507356 3.74846365583 -6.68622263006
2024-01-09T01:02:00.000000 -830.027938013 -5633.432023290 -3621.264520552 -0.46254333699 4.19614011689 -6.41892856819
2024-01-09T01:03:00.000000 -855.822948022 -5368.722111186 -3997.630201900 -0.39696070488 4.62406301367 -6.12172301850
2024-01-09T01:04:00.000000 -877.626782796 -5078.979234129 -4355.301319911 -0.32955633469 5.03025077658 -5.79602370735
2024-01-09T01:05:00.000000 -895.339595343 -4765.564278547 -4692.614015938 -0.26064653123 5.41282919944 -5.44337696111
2024-01-09T01:06:00.000000 -908.880694424 -4429.947205143 -5008.000866732 -0.19055324964 5.77003797982 -5.06544945521
2024-01-09T01:07:00.000000 -918.188843195 -4073.699995275 -5299.997866181 -0.11960294820 6.10023744328 -4.66402114990
2024-01-09T01:08:00.000000 -923.222500286 -3698.489207690 -5567.251031831 -0.04812532969 6.40191657633 -4.24097749200
2024-01-09T01:09:00.000000 -923.959964053 -3306.068001441 -5808.522415978 0.02354820226 6.67370054624 -3.79829926111
2024-01-09T01:10:00.000000 -920.399428944 -2898.267817160 -6022.695503743 0.09508615309 6.91435566475 -3.33805144035
2024-01-09T01:11:00.000000 -912.558940258 -2476.989786128 -6208.779940460 0.16615849652 7.12279259271 -2.86237329060
2024-01-09T01:12:00.000000 -900.476262723 -2044.196002134 -6365.915741705 0.23643831312 7.29806966416 -2.37346923994
2024-01-09T01:13:00.000000 -884.208640340 -1601.900538007 -6493.376896559 0.30560342423 7.43939616053 -1.87359916893
2024-01-09T01:14:00.000000 -863.832474865 -1152.160334733 -6590.574407085 0.37333762771 7.54613426391 -1.36506847977
2024-01-09T01:15:00.000000 -839.442938915 -697.065970990 -6657.058729331 0.43933141080 7.61780046116 -0.85021937793
2024-01-09T01:16:00.000000 -811.153561514 -238.732356548 -6692.521761237 0.50328266499 7.65406807147 -0.33142242158
2024-01-09T01:17:00.000000 -779.095744748 220.710782505 -6696.798229055 0.56489797278 7.65477018912 0.18893377420
2024-01-09T01:18:00.000000 -743.418191817 679.128521277 -6669.866426072 0.62389433439 7.61990040754 0.70845429091
2024-01-09T01:19:00.000000 -704.286233050 1134.390336873 -6611.848255490 0.68000071703 7.54961127044 1.22474827176
2024-01-09T01:20:00.000000 -661.881074169 1584.379587955 -6523.008742480 0.73295913549 7.44421306775 1.73543746245
2024-01-09T01:21:00.000000 -616.398988503 2027.002984916 -6403.755003443 0.78252544005 7.30417400615 2.23816551406
2024-01-09T01:22:00.000000 -568.050466146 2460.200050875 -6254.634598208 0.82847001835 7.13011919121 2.73060918266
2024-01-09T01:23:00.000000 -517.059319760 2881.952441573 -6076.333221336 0.87057847960 6.92282714600 3.21048861198
2024-01-09T01:24:00.000000 -463.661748096 3290.293037587 -5869.671865840 0.90865254253 6.68322652914 3.67557490861
2024-01-09T01:25:00.000000 -408.105331102 3683.314918780 -5635.603545618 0.94251141576 6.41239554918 4.12369788977
2024-01-09T01:26:00.000000 -350.647927866 4059.180344003 -5375.209438149 0.97199349428 6.11156140067 4.55275772347
2024-01-09T01:27:00.000000 -291.556483080 4416.129557539 -5089.694257189 0.99695771065 5.78209525506 4.96073873085
2024-01-09T01:28:00.000000 -231.105772205 4752.489174226 -4780.380848259 1.01728415886 5.42550334018 5.34572024134
2024-01-09T01:29:00.000000 -169.577124444 5066.680027724 -4448.704272625 1.03287431301 5.04341904598 5.70588318139
2024-01-09T01:30:00.000000 -107.257131991 5357.224652239 -4096.205536151 1.04365133693 4.63759832854 6.03951655781
2024-01-09T01:31:00.000000 -44.436336519 5622.754509529 -3724.524828331 1.04956047334 4.20991523580 6.34502703944
2024-01-09T01:32:00.000000 18.592103337 5862.016852875 -3335.394137061 1.05056928698 3.76235409155 6.62094981017
2024-01-09T01:33:00.000000 81.533758172 6073.881061861 -2930.629254903 1.04666789423 3.29699921145 6.86595720060
2024-01-09T01:34:00.000000 144.094294470 6257.344318594 -2512.121362874 1.03786948198 2.81602502485 7.07886509295
2024-01-09T01:35:00.000000 205.980877906 6411.536743217 -2081.828219994 1.02421094247 2.32168693016 7.25863945456
2024-01-09T01:36:00.000000 266.903605401 6535.725951638 -1641.764942115 1.00575308184 1.81631087350 7.40440358667
2024-01-09T01:37:00.000000 326.576931968 6629.320936612 -1193.994369271 0.98258021881 1.30228094785 7.51544427941
2024-01-09T01:38:00.000000 384.721061434 6691.875154674 -740.617125882 0.95479958795 0.78202655612 7.59121578164
2024-01-09T01:39:00.000000 441.063306581 6723.088875844 -283.761485564 0.92254086699 0.25801028853 7.63134260364
2024-01-09T01:40:00.000000 495.339420830 6722.810819172 174.426925523 0.88595561818 -0.26728418451 7.63562221974
2024-01-09T01:41:00.000000 547.294886809 6691.039042012 631.795571652 0.84521635721 -0.79136525222 7.60402719404
2024-01-09T01:42:00.000000 596.686138543 6627.920984472 1086.195540358 0.80051546847 -1.31174720427 7.53670553788
2024-01-09T01:43:00.000000 643.281727118 6533.752713520 1535.492026077 0.75206436670 -1.82596359992 7.43397910268
2024-01-09T01:44:00.000000 686.863441968 6408.977389858 1977.574684367 0.70009281830 -2.33157955411 7.29634087289
2024-01-09T01:45:00.000000 727.227387285 6254.183042515 2410.367808194 0.64484791872 -2.82620340052 7.12445203004
2024-01-09T01:46:00.000000 764.184973241 6070.099600882 2831.840332758 0.58659253559 -3.30749854070 6.91913879161
2024-01-09T01:47:00.000000 797.563812327 5857.595231732 3240.015614784 0.52560359924 -3.77319576202 6.68138820251
2024-01-09T01:48:00.000000 827.208516349 5617.671922781 3632.980910540 0.46217059673 -4.22110532804 6.41234221069
2024-01-09T01:49:00.000000 852.981408095 5351.460398291 4008.896465956 0.39659412451 -4.64912777783 6.11329027682
2024-01-09T01:50:00.000000 874.763136864 5060.214403262 4366.004120438 0.32918417972 -5.05526312141 5.78566158307
2024-01-09T01:51:00.000000 892.453187330 4745.304489689 4702.635468047 0.26025831545 -5.43761919965 5.43101751941
2024-01-09T01:52:00.000000 905.970284191 4408.211285738 5017.219557242 0.19014008799 -5.79442013072 5.05104404624
2024-01-09T01:53:00.000000 915.252715951 4050.518284599 5308.290129388 0.11915788778 -6.12401480745 4.64754302380
2024-01-09T01:54:00.000000 920.258589872 3673.904099965 5574.492262068 0.04764371109 -6.42488454609 4.22242227426
2024-01-09T01:55:00.000000 920.966001070 3280.134338743 5814.588417148 -0.02406847312 -6.69564918857 3.77768498824
2024-01-09T01:56:00.000000 917.373097098 2871.053138351 6027.463842843 -0.09564449985 -6.93507168469 3.31541932261
2024-01-09T01:57:00.000000 909.498043706 2448.574482973 6212.131388822 -0.16675147234 -7.14206177838 2.83778862900
2024-01-09T01:58:00.000000 897.378911835 2014.673274899 6367.735725892 -0.23705900700 -7.31567950014 2.34702220421
2024-01-09T01:59:00.000000 881.073481669 1571.376218047 6493.557027784 -0.30624082062 -7.45513873757 1.84540588032
2024-01-09T02:00:00.000000 860.658936423 1120.752482771 6589.014053967 -0.37397674630 -7.55981047628 1.33527186163
2024-01-09T02:01:00.000000 836.231441082 664.904211018 6653.666632915 -0.43995449309 -7.62922503272 0.81898793459
2024-01-09T02:02:00.000000 807.905637004 205.956913687 6687.217452814 -0.50387055734 -7.66307320248 0.29894684941
2024-01-09T02:03:00.000000 775.814100463 -253.950176309 6689.513266299 -0.56543071239 -7.66120691498 -0.22244367967
2024-01-09T02:04:00.000000 740.106758257 -712.673791004 6660.545485884 -0.62435098012 -7.62363978028 -0.74277079401
2024-01-09T02:05:00.000000 700.950231088 -1168.076333267 6600.450204337 -0.68035928583 -7.55054717206 -1.25962670439
2024-01-09T02:06:00.000000 658.527063668 -1618.035560832 6509.507571921 -0.73319711198 -7.44226532998 -1.77061909082
2024-01-09T02:07:00.000000 613.034876298 -2060.454194643 6388.140542409 -0.78262051877 -7.29928983415 -2.27338127118
2024-01-09T02:08:00.000000 564.685473539 -2493.269426063 6236.913072890 -0.82840084399 -7.12227378550 -2.76558214631
2024-01-09T02:09:00.000000 513.703896716 -2914.462304274 6056.527658123 -0.87032567005 -6.91202560230 -3.24493614533
2024-01-09T02:10:00.000000 460.327415267 -3322.066973762 5847.822322488 -0.90819999770 -6.66950610765 -3.70921310147
2024-01-09T02:11:00.000000 404.804453621 -3714.179711072 5611.766980492 -0.94184711578 -6.39582513949 -4.15624788259
2024-01-09T02:12:00.000000 347.393477391 -4088.967770030 5349.459281481 -0.97110908099 -6.09223790820 -4.58395011091
2024-01-09T02:13:00.000000 288.361852466 -4444.677969983 5062.119790916 -0.99584730571 -5.76014072201 -4.99031427724
2024-01-09T02:14:00.000000 227.984653777 -4779.645010397 4751.086611833 -1.01594357792 -5.40106545471 -5.37342984226
2024-01-09T02:15:00.000000 166.543411115 -5092.299400433 4417.809381721 -1.03130118515 -5.01667303045 -5.73149063107
2024-01-09T02:16:00.000000 104.324789298 -5381.175015821 4063.842770800 -1.04184567781 -4.60874660931 -6.06280366563
2024-01-09T02:17:00.000000 41.619243164 -5644.916206372 3690.839400062 -1.04752527530 -4.17918443679 -6.36579815470
2024-01-09T02:18:00.000000 -21.280355641 -5882.284469065 3300.542246559 -1.04831123309 -3.72999142638 -6.63903462420
2024-01-09T02:19:00.000000 -84.080108619 -6092.164535976 2894.776500891 -1.04419815316 -3.26326915686 -6.88121320378
2024-01-09T02:20:00.000000 -146.486495344 -6273.569880704 2475.440992180 -1.03520391402 -2.78120515579 -7.09118030015
2024-01-09T02:21:00.000000 -208.207754152 -6425.647536297 2044.499237090 -1.02136922026 -2.28606249983 -7.26793397992
2024-01-09T02:22:00.000000 -268.955243120 -6547.682346765 1603.970198984 -1.00275734308 -1.78016983424 -7.41062885919
2024-01-09T02:23:00.000000 -328.444799433 -6639.100567729 1155.918739809 -0.97945444797 -1.26591113203 -7.51858101787
2024-01-09T02:24:00.000000 -386.398130344 -6699.472898631 702.445796116 -0.95156999794 -0.74571444485 -7.59127287194
2024-01-09T02:25:00.000000 -442.544199800 -6728.516719812 245.678255810 -0.91923626352 -0.22203935697 -7.62835748477
2024-01-09T02:26:00.000000 -496.620553459 -6726.097604834 -212.241374199 -0.88260679414 0.30263655946 -7.62966153775
2024-01-09T02:27:00.000000 -548.374553280 -6692.229959404 -669.165430011 -0.84185489528 0.82583151596 -7.59518647134
2024-01-09T02:28:00.000000 -597.564530739 -6627.076904204 -1122.951566414 -0.79717310460 1.34507302786 -7.52510793716
2024-01-09T02:29:00.000000 -643.960954054 -6530.949285793 -1571.473160263 -0.74877335936 1.85791117739 -7.41977393151
2024-01-09T02:30:00.000000 -687.347580193 -6404.303954049 -2012.629561647 -0.69688651086 2.36193145898 -7.27970159284
2024-01-09T02:31:00.000000 -727.522542676 -6247.741256744 -2444.356119416 -0.64176051826 2.85476641662 -7.10557301297
2024-01-09T02:32:00.000000 -764.299304659 -6062.001933977 -2864.633950444 -0.58365806377 3.33410603470 -6.89823104186
2024-01-09T02:33:00.000000 -797.507484375 -5847.963333206 -3271.499471389 -0.52285472053 3.79770828826 -6.65867553772
2024-01-09T02:34:00.000000 -826.993591957 -5606.634990203 -3663.053688452 -0.45963774061 4.24341108404 -6.38805846718
2024-01-09T02:35:00.000000 -852.621688662 -5339.153466575 -4037.471092112 -0.39430480947 4.66914407451 -6.08767607699
2024-01-09T02:36:00.000000 -874.273976597 -5046.776562514 -4393.008043769 -0.32716253010 5.07293753998 -5.75895926788
2024-01-09T02:37:00.000000 -891.851282909 -4730.877090049 -4728.010580996 -0.25852501231 5.45292831816 -5.40346543001
2024-01-09T02:38:00.000000 -905.273479676 -4392.936306088 -5040.921845551 -0.18871271407 5.80736609137 -5.02287275628
2024-01-09T02:39:00.000000 -914.479819550 -4034.536878790 -5330.289122320 -0.11805104970 6.13462228433 -4.61897402196
2024-01-09T02:40:00.000000 -919.429186697 -3657.355304037 -5594.770497488 -0.04686850450 6.43319943294 -4.19366703133
2024-01-09T02:41:00.000000 -920.100215277 -3263.153818409 -5833.140764077 0.02450526729 6.70173763037 -3.74894275135
2024-01-09T02:42:00.000000 -916.491321408 -2853.772044411 -6044.296702571 0.09574077934 6.93901794071 -3.28687450813
2024-01-09T02:43:00.000000 -908.620655008 -2431.118422906 -6227.261721992 0.16650973339 7.14396538142 -2.80960920824
2024-01-09T02:44:00.000000 -896.526000996 -1997.161498267 -6381.190063634 0.23648641428 7.31565277583 -2.31935872262
2024-01-09T02:45:00.000000 -880.264560801 -1553.920907515 -6505.370377686 0.30534950885 7.45330437809 -1.81839026631
2024-01-09T02:46:00.000000 -859.912644176 -1103.458228908 -6599.228767065 0.37278365074 7.55629845298 -1.30901640867
2024-01-09T02:47:00.000000 -835.565278273 -647.867662470 -6662.331188108 0.43848027507 7.62416937890 -0.79358540980
2024-01-09T02:48:00.000000 -807.335788070 -189.266621413 -6694.385340912 0.50213831984 7.65660966065 -0.27447132151
2024-01-09T02:49:00.000000 -775.355303624 270.213815792 -6695.241868721 0.56346554754 7.65347119430 0.24593642151
2024-01-09T02:50:00.000000 -739.772177399 728.438468246 -6664.894992495 0.62218042090 7.61476535329 0.76524337993
2024-01-09T02:51:00.000000 -700.751294262 1183.277610100 -6603.482480339 0.67801365830 7.54066238804 1.28106004903
2024-01-09T02:52:00.000000 -658.473307858 1632.616470443 -6511.285101691 0.73070886870 7.43149040889 1.79101160442
2024-01-09T02:53:00.000000 -613.133867186 2074.364663571 -6388.725426343 0.78002267109 7.28773381050 2.29274719825
2024-01-09T02:54:00.000000 -564.942819830 2506.465514465 -6236.366157806 0.82572535508 7.11003164224 2.78394833274
2024-01-09T02:55:00.000000 -514.123345049 2926.905307989 -6054.907908545 0.86760260398 6.89917696249 3.26233715922
2024-01-09T02:56:00.000000 -460.910964181 3333.722533902 -5845.186523467 0.90545764623 6.65611657945 3.72568667322
2024-01-09T02:57:00.000000 -405.552440373 3725.017054745 -5608.169619108 0.93911265796 6.38194893358 4.17183308247
2024-01-09T02:58:00.000000 -348.304631603 4098.959065151 -5344.952441492 0.96840902084 6.07791889852 4.59868805560
2024-01-09T02:59:00.000000 -289.433336064 4453.797677226 -5056.753004713 0.99320714566 5.74541105097 5.00424858974
2024-01-09T03:00:00.000000 -229.212155930 4787.869110768 -4744.906760079 1.01338682891 5.38594348093 5.38660491328
2024-01-09T03:01:00.000000 -167.921294132 5099.604547260 -4410.860747073 1.02884836455 5.00116269058 5.74394825928
2024-01-09T03:02:00.000000 -105.846287938 5387.537686513 -4056.167289857 1.03951387480 4.59283843041 6.07457954314
2024-01-09T03:03:00.000000 -43.276666818 5650.311955824 -3682.477126990 1.04532828040 4.16285752126 6.37691895036
2024-01-09T03:04:00.000000 19.495431474 5886.687308322 -3291.531958408 1.04625975120 3.71321591306 6.64951582334
2024-01-09T03:05:00.000000 82.176658311 6095.546492741 -2885.156425798 1.04229974032 3.24600878359 6.89105753889
2024-01-09T03:06:00.000000 144.473847166 6275.900677261 -2465.249615275 1.03346284118 2.76342001413 7.10037618957
2024-01-09T03:07:00.000000 206.095400863 6426.894483812 -2033.776205968 1.01978680332 2.26771287949 7.27645408817
2024-01-09T03:08:00.000000 266.752688604 6547.810490651 -1592.757263159 1.00133280351 1.76122112911 7.41843055736
2024-01-09T03:09:00.000000 326.161456765 6638.073144282 -1144.260590851 0.97818553398 1.24633721559 7.52560995323
2024-01-09T03:10:00.000000 384.043224977 6697.251811511 -690.390628233 0.95045260653 0.72549697231 7.59746708939
2024-01-09T03:11:00.000000 440.126632189 6725.062935016 -233.278185740 0.91826355183 0.20116496336 7.63364788759
2024-01-09T03:12:00.000000 494.148730988 6721.371421636 224.929801508 0.88176919593 -0.32417598691 7.63396860836
2024-01-09T03:13:00.000000 545.856256489 6686.191480013 682.080511105 0.84114154212 -0.84803385452 7.59841824027
2024-01-09T03:14:00.000000 595.006890829 6619.686798520 1136.025767665 0.79657326588 -1.36792047788 7.52716267650
2024-01-09T03:15:00.000000 641.370460568 6522.169816389 1584.632675430 0.74827620311 -1.88136853570 7.42054502271
2024-01-09T03:16:00.000000 684.730031611 6394.100000455 2025.794124191 0.69647950152 -2.38594681002 7.27908059262
2024-01-09T03:17:00.000000 724.882903964 6236.081322212 2457.438935841 0.64142846216 -2.87927087511 7.10345109187
2024-01-09T03:18:00.000000 761.641567411 6048.859184721 2877.541743222 0.58338392322 -3.35901275650 6.89450131479
2024-01-09T03:19:00.000000 794.834601840 5833.316681681 3284.132679024 0.52262114921 -3.82291281996 6.65323583936
2024-01-09T03:20:00.000000 824.307489817 5590.470122689 3675.306794406 0.45942795993 -4.26879207391 6.38081275892
2024-01-09T03:21:00.000000 849.923313940 5321.463888319 4049.233039260 0.39410296250 -4.69456180937 6.07853591705
2024-01-09T03:22:00.000000 871.563369589 5027.564771569 4404.162806103 0.32695445365 -5.09823186836 5.74784853737
2024-01-09T03:23:00.000000 889.127712525 4710.155772982 4738.438102970 0.25829934905 -5.47792049902 5.39032714650
2024-01-09T03:24:00.000000 902.535630324 4370.729278842 5050.499329469 0.18846134711 -5.83186500934 5.00767290495
2024-01-09T03:25:00.000000 911.725976097 4010.879649449 5338.892419590 0.11776854406 -6.15843000863 4.60170065369
2024-01-09T03:26:00.000000 916.657368409 3632.295411236 5602.275351897 0.04655139632 -6.45611297987 4.17432863953
2024-01-09T03:27:00.000000 917.308286889 3236.751115082 5839.424056354 -0.02485860707 -6.72354965173 3.72756931412
2024-01-09T03:28:00.000000 913.677109889 2826.098886277 6049.237803121 -0.09612990843 -6.95951954478 3.26351920676
2024-01-09T03:29:00.000000 905.782085276 2402.259663744 6230.743892165 -0.16693189594 -7.16294963750 2.78434792674
2024-01-09T03:30:00.000000 893.661239616 1967.214301155 6383.101764094 -0.23693616010 -7.33291627811 2.29228885784
2024-01-09T03:31:00.000000 877.372195666 1522.994510174 6505.606563895 -0.30581815223 -7.46864824714 1.78963165542
2024-01-09T03:32:00.000000 856.991886048 1071.673589015 6597.692312198 -0.37325914723 -7.56953166875 1.27871326006
2024-01-09T03:33:00.000000 832.616147692 615.356844731 6658.934358043 -0.43894790404 -7.63511364250 0.76190591251
2024-01-09T03:34:00.000000 804.359246058 156.171920548 6689.051145341 -0.50258156899 -7.66510260458 0.24160506292
2024-01-09T03:35:00.000000 772.353345725 -303.740879990 6687.905280111 -0.56386634959 -7.65936774706 -0.27978020453
2024-01-09T03:36:00.000000 736.747937518 -762.238239816 6655.504114322 -0.62251889891 -7.61793989403 -0.79983606596
2024-01-09T03:37:00.000000 697.709149265 -1217.183568995 6591.999707498 -0.67826834292 -7.54101246673 -1.31615474748
2024-01-09T03:38:00.000000 655.418947416 -1666.456726984 6497.688111755 -0.73085774117 -7.42893998822 -1.82634608274
2024-01-09T03:39:00.000000 610.074285055 -2107.963618863 6373.008006745 -0.78004438677 -7.28223533870 -2.32804715908
2024-01-09T03:40:00.000000 561.886251261 -2539.645618809 6218.538829166 -0.82560002505 -7.10156836073 -2.81893085139
2024-01-09T03:41:00.000000 511.079162939 -2959.488995902 6034.998313578 -0.86731223739 -6.88776516959 -3.29671603639
2024-01-09T03:42:00.000000 457.889554035 -3365.534200232 5823.239389271 -0.90498647789 -6.64180500015 -3.75917928356
2024-01-09T03:43:00.000000 402.565068267 -3755.884898018 5584.246402606 -0.93844719503 -6.36481471746 -4.20416488222
2024-01-09T03:44:00.000000 345.363307950 -4128.716671269 5319.130815009 -0.96753772368 -6.05806434854 -4.62959269942
2024-01-09T03:45:00.000000 286.550712327 -4482.285540439 5029.126411445 -0.99212040326 -5.72296460374 -5.03346710738
2024-01-09T03:46:00.000000 226.401374736 -4814.936298543 4715.583893381 -1.01207800662 -5.36106280532 -5.41388847271
2024-01-09T03:47:00.000000 165.195767372 -5125.110475314 4379.964781610 -1.02731556302 -4.97403487201 -5.76906430476
2024-01-09T03:48:00.000000 103.219367843 -5411.353788606 4023.834717199 -1.03776086072 -4.56367606233 -6.09731722482
2024-01-09T03:49:00.000000 40.761331416 -5672.323063509 3648.856372412 -1.04336347855 -4.13189387268 -6.39709159050
2024-01-09T03:50:00.000000 -21.886793356 -5906.792798969 3256.781900017 -1.04409402617 -3.68070202289 -6.66696191425
2024-01-09T03:51:00.000000 -84.432342690 -6113.661285209 2849.444833506 -1.03994491556 -3.21221196757 -6.90564263274
2024-01-09T03:52:00.000000 -146.582892692 -6291.956172576 2428.751432331 -1.03093207835 -2.72862149185 -7.11199606222
2024-01-09T03:53:00.000000 -208.047710398 -6440.839260967 1996.671646367 -1.01709595739 -2.23220298760 -7.28503772577
2024-01-09T03:54:00.000000 -268.539215030 -6559.610664324 1555.229782062 -0.99850100257 -1.72529270534 -7.42394100499
2024-01-09T03:55:00.000000 -327.774383138 -6647.712305373 1106.494883519 -0.97523440610 -1.21027978025 -7.52804196991
2024-01-09T03:56:00.000000 -385.476079906 -6704.730766529 652.570852194 -0.94740534124 -0.68959450671 -7.59684324409
2024-01-09T03:57:00.000000 -441.374385640 -6730.399386511 195.586363614 -0.91514510787 -0.16569686975 -7.63001678823
2024-01-09T03:58:00.000000 -495.207929691 -6724.599707484 -262.315380802 -0.87860739189 0.35893509377 -7.62740706163
2024-01-09T03:59:00.000000 -546.725218148 -6687.362142121 -718.987102368 -0.83796761048 0.88181911718 -7.58903414502
2024-01-09T04:00:00.000000 -595.685896055 -6618.865795247 -1172.288016368 -0.79342112119 1.40048462962 -7.51509389733
2024-01-09T04:01:00.000000 -641.861871275 -6519.437267521 -1620.094265990 -0.74518110124 1.91248731163 -7.40595397346
2024-01-09T04:02:00.000000 -685.038337202 -6389.548755531 -2060.309076516 -0.69347701783 2.41542000042 -7.26214871250
2024-01-09T04:03:00.000000 -725.014721116 -6229.815519095 -2490.872652200 -0.63855380981 2.90692205804 -7.08437588506
2024-01-09T04:04:00.000000 -761.605595349 -6040.992822525 -2909.771902697 -0.58067112405 3.38469043069 -6.87349424587
2024-01-09T04:05:00.000000 -794.641521090 -5823.972059092 -3315.049991747 -0.52010208844 3.84649187757 -6.63051909186
2024-01-09T04:06:00.000000 -823.969813364 -5579.776250450 -3704.815533571 -0.45713176681 4.29017396235 -6.35661570944
2024-01-09T04:07:00.000000 -849.455212744 -5309.554883682 -4077.251391829 -0.39205573988 4.71367440971 -6.05309265181
2024-01-09T04:08:00.000000 -870.980480578 -5014.578275685 -4430.623074385 -0.32517891368 5.11503050408 -5.72139502637
2024-01-09T04:09:00.000000 -888.446921993 -4696.231262139 -4763.286698167 -0.25681429171 5.49238849665 -5.36309654661
2024-01-09T04:10:00.000000 -901.774827747 -4356.006442347 -5073.696436505 -0.18728141533 5.84401151292 -4.97989053547
2024-01-09T04:11:00.000000 -910.903808991 -3995.496937327 -5360.411434385 -0.11690448222 6.16828609593 -4.57358155836
2024-01-09T04:12:00.000000 -915.793021627 -3616.388828607 -5622.102253335 -0.04601040742 6.46372916794 -4.14607724075
2024-01-09T04:13:00.000000 -916.421275358 -3220.453072923 -5857.556757005 0.02507278071 6.72899515905 -3.69937830830
2024-01-09T04:14:00.000000 -912.787067046 -2809.537114808 -6065.685355343 0.09601709470 6.96288088655 -3.23556698119
2024-01-09T04:15:00.000000 -904.908542217 -2385.556242798 -6245.525574889 0.16649559108 7.16432774595 -2.75679678800
2024-01-09T04:16:00.000000 -892.823405609 -1950.484894091 -6396.246096001 0.23618370404 7.33242404560 -2.26528477840
2024-01-09T04:17:00.000000 -876.588719158 -1506.347682472 -6517.150335080 0.30476092763 7.46640927657 -1.76330361279
2024-01-09T04:18:00.000000 -856.280614638 -1055.210210377 -6607.679481919 0.37191239226 7.56567831409 -1.25317117033
2024-01-09T04:19:00.000000 -831.993913052 -599.169669839 -6667.414869566 0.43733008334 7.62978336170 -0.73723922737
2024-01-09T04:20:00.000000 -803.841685148 -140.345389140 -6696.079700460 0.50071403895 7.65843457823 -0.21788334548
2024-01-09T04:21:00.000000 -771.954719275 319.130680025 -6693.540184295 0.56177381021 7.65150115611 0.30250675869
2024-01-09T04:22:00.000000 -736.480912798 777.123526531 -6659.806074020 0.62022973350 7.60901183928 0.82153789856
2024-01-09T04:23:00.000000 -697.584601788 1231.504613777 -6595.030550338 0.67581352153 7.53115335202 1.33682385020
2024-01-09T04:24:00.000000 -655.445872159 1680.161291472 -6499.509553928 0.72826863095 7.41826821720 1.84599340190
2024-01-09T04:25:00.000000 -610.259822490 2121.006126956 -6373.680675679 0.77735143682 7.27085475225 2.34669729813
2024-01-09T04:26:00.000000 -562.235729389 2551.986306002 -6218.121579606 0.82283328550 7.08956857260 2.83661761301
2024-01-09T04:27:00.000000 -511.596096353 2971.093048140 -6033.547754849 0.86450229440 6.87522205572 3.31348016733
2024-01-09T04:28:00.000000 -458.575611911 3376.370948197 -5820.809522685 0.90216402743 6.62878039686 3.77506670583
2024-01-09T04:29:00.000000 -403.420109024 3765.926953486 -5580.888371487 0.93564156192 6.35135644101 4.21922459185
2024-01-09T04:30:00.000000 -346.385499122 4137.939112372 -5314.892777279 0.96477599078 6.04420657882 4.64387509943
2024-01-09T04:31:00.000000 -287.736660776 4490.665063717 -5024.053486440 0.98942756067 5.70872726135 5.04702241310
2024-01-09T04:32:00.000000 -227.746251803 4822.450348383 -4709.718276046 1.00947684546 5.34645065850 5.42676362672
2024-01-09T04:33:00.000000 -166.693465147 5131.736358439 -4373.346043616 1.02482557217 4.95903898046 5.78129896628
2024-01-09T04:34:00.000000 -104.862737963 5417.067952744 -4016.500333995 1.03539730207 4.54827743463 6.10894170264
2024-01-09T04:35:00.000000 -42.542424808 5677.100583561 -3640.842272690 1.04113798314 4.11606600176 6.40812714804
2024-01-09T04:36:00.000000 19.976555394 5910.606932407 -3248.123012770 1.04201619151 3.66441084714 6.67742031138
2024-01-09T04:37:00.000000 82.402077609 6116.483035405 -2840.175740712 1.03802314772 3.19541630244 6.91552302157
2024-01-09T04:38:00.000000 144.442174284 6293.753933633 -2418.907228463 1.02917293272 2.71127662053 7.12128192087
2024-01-09T04:39:00.000000 205.806419253 6441.578760081 -1986.288895106 1.01550297023 2.21426556300 7.29369687960
2024-01-09T04:40:00.000000 266.207340860 6559.255149686 -1544.347394456 0.99707430008 1.70672377519 7.43192774936
2024-01-09T04:41:00.000000 325.361832470 6646.222862647 -1095.154877622 0.97397125953 1.19104601391 7.53529861177
2024-01-09T04:42:00.000000 382.992529310 6702.066675597 -640.819044168 0.94630081380 0.66966943617 7.60330099235
2024-01-09T04:43:00.000000 438.829148017 6726.518566062 -183.472999675 0.91419197691 0.14506186465 7.63559706054
2024-01-09T04:44:00.000000 492.609797585 6719.459192082 274.735064427 0.87779540437 -0.38029083937 7.63202201521
2024-01-09T04:45:00.000000 544.082264713 6680.918588464 731.652285020 0.83728293727 -0.90389745341 7.59258498095
2024-01-09T04:46:00.000000 593.005266006 6611.076121959 1185.131575031 0.79284691090 -1.42327355516 7.51746938113
2024-01-09T04:47:00.000000 639.149646635 6510.259693508 1633.042086045 0.74469909633 -1.93595438261 7.40703324173
2024-01-09T04:48:00.000000 682.299504888 6378.944150344 2073.279668164 0.69306919307 -2.43950904679 7.26180799888
2024-01-09T04:49:00.000000 722.253214917 6217.748827279 2503.777171147 0.63820305331 -2.93155456929 7.08249457276
2024-01-09T04:50:00.000000 758.824346823 6027.434290889 2922.514445198 0.58036113316 -3.40976805401 6.86995780757
2024-01-09T04:51:00.000000 791.842508027 5808.898398767 3327.528004024 0.51981746178 -3.87189756172 6.62522083035
2024-01-09T04:52:00.000000 821.154134318 5563.171727558 3716.920351855 0.45685878296 -4.31577289962 6.34945907943
2024-01-09T04:53:00.000000 846.623217842 5291.412361168 4088.868916556 0.39178323157 -4.73931589221 6.04399317545
2024-01-09T04:54:00.000000 868.131931759 4994.900088606 4441.634528603 0.32489840837 -5.14054912758 5.71028138310
2024-01-09T04:55:00.000000 885.581139446 4675.030115447 4773.569466423 0.25651941660 -5.51760400362 5.34991276805
2024-01-09T04:56:00.000000 898.890798163 4333.306277989 5083.125105195 0.18696741415 -5.86872961279 4.96460023877
2024-01-09T04:57:00.000000 908.000289329 3971.333708882 5368.859100941 0.11656853933 -6.19230222341 4.55617158330
2024-01-09T04:58:00.000000 912.868678080 3590.810935579 5629.441940773 0.04565247128 -6.48683332015 4.12655824630
2024-01-09T04:59:00.000000 913.474863112 3193.521598898 5863.662811058 -0.02544976280 -6.75097491914 3.67778356662
2024-01-09T05:00:00.000000 909.817585254 2781.325919234 6070.434786858 -0.09640814616 -6.98352269138 3.21195222935
2024-01-09T05:01:00.000000 901.915314637 2356.152012194 6248.799444273 -0.16689516155 -7.18341857283 2.73124143925
2024-01-09T05:02:00.000000 889.806087522 1919.986993982 6397.930967709 -0.23658620090 -7.34975443473 2.23789288656
2024-01-09T05:03:00.000000 873.547321465 1474.867853228 6517.139748859 -0.30515989066 -7.48177688939 1.73420354518
2024-01-09T05:04:00.000000 853.215590773 1022.872036368 6605.875375205 -0.37229928356 -7.57889122920 1.22251440667
2024-01-09T05:05:00.000000 828.906310356 566.107872675 6663.728930394 -0.43769375367 -7.64066257456 0.70519887017
2024-01-09T05:06:00.000000 800.733296245 106.705000973 6690.434628594 -0.50104075109 -7.66681557146 0.18465324408
2024-01-09T05:07:00.000000 768.828239189 -353.195230227 6685.870938875 -0.56204721108 -7.65723566162 -0.33671156362
2024-01-09T05:08:00.000000 733.340092431 -811.449488507 6650.061166229 -0.62043104034 -7.61197162901 -0.85648054634
2024-01-09T05:09:00.000000 694.434366035 -1265.922279958 6583.173328303 -0.67592274322 -7.53123557913 -1.37224742300
2024-01-09T05:10:00.000000 652.292330635 -1714.495647706 6485.519272232 -0.72826658168 -7.41539948820 -1.88162560985
2024-01-09T05:11:00.000000 607.110173454 -2155.078696596 6357.553240474 -0.77722105203 -7.26499261231 -2.38225573981
2024-01-09T05:12:00.000000 559.098137533 -2585.616984777 6199.870045037 -0.82255936357 -7.08070192840 -2.87181417728
2024-01-09T05:13:00.000000 508.479605137 -3004.102034261 6013.202524072 -0.86407048115 -6.86337153877 -3.34802540513
2024-01-09T05:14:00.000000 455.490114701 -3408.580590179 5798.418292351 -0.90156046918 -6.61399733534 -3.80867421292
2024-01-09T05:15:00.000000 400.376297280 -3797.163573901 5556.515865755 -0.93485367746 -6.33372097851 -4.25161312376
2024-01-09T05:16:00.000000 343.394748785 -4168.034687285 5288.620432708 -0.96379378154 -6.02382810910 -4.67476908264
2024-01-09T05:17:00.000000 284.810841946 -4519.459100246 4995.979032203 -0.98824463933 -5.68574736046 -5.07615572489
2024-01-09T05:18:00.000000 224.897505128 -4849.791802595 4679.954899863 -1.00809054949 -5.32104253374 -5.45388816163
2024-01-09T05:19:00.000000 163.933998382 -5157.485373691 4342.021113872 -1.02323603319 -4.93140007022 -5.80619114349
2024-01-09T05:20:00.000000 102.204700614 -5441.097020002 3983.753915799 -1.03360626879 -4.51862172535 -6.13140053051
2024-01-09T05:21:00.000000 39.997815815 -5699.295528176 3606.825959947 -1.03914883990 -4.08462455331 -6.42796884948
2024-01-09T05:22:00.000000 -22.396026130 -5930.868108748 3212.998892199 -1.03983549049 -3.63143769108 -6.69447989323
2024-01-09T05:23:00.000000 -84.685228030 -6134.726755779 2804.115017452 -1.03566214082 -3.16118874170 -6.92966373828
2024-01-09T05:24:00.000000 -146.578641722 -6309.913644589 2382.088248235 -1.02664749387 -2.67608664541 -7.13240262750
2024-01-09T05:25:00.000000 -207.786902015 -6455.605635064 1948.895009570 -1.01283232620 -2.17841067627 -7.30173132396
2024-01-09T05:26:00.000000 -268.023767712 -6571.118276078 1506.564976444 -0.99428027588 -1.67050389512 -7.43684116830
2024-01-09T05:27:00.000000 -327.007527488 -6655.909386258 1057.171437917 -0.97107862755 -1.15476266968 -7.53708827685
2024-01-09T05:28:00.000000 -384.462401057 -6709.581773019 602.821230877 -0.94333759051 -0.63362121482 -7.60199858343
2024-01-09T05:29:00.000000 -440.119868566 -6731.885085946 145.644545880 -0.91118874105 -0.10953770380 -7.63126771300
2024-01-09T05:30:00.000000 -493.719921462 -6722.716900263 -312.215258926 -0.87478414841 0.41501567929 -7.62476086260
2024-01-09T05:31:00.000000 -545.012286575 -6682.123319800 -768.611865567 -0.83429623060 0.93756341080 -7.58251510415
2024-01-09T05:32:00.000000 -593.757635181 -6610.298718022 -1221.406382935 -0.78991722061 1.45564044147 -7.50474052683
2024-01-09T05:33:00.000000 -639.728734141 -6507.584727090 -1668.477654411 -0.74185784043 1.96680588513 -7.39181788898
2024-01-09T05:34:00.000000 -682.711513850 -6374.468390539 -2107.732424003 -0.69034589623 2.46865412126 -7.24429558911
2024-01-09T05:35:00.000000 -722.506057242 -6211.579795874 -2537.115307491 -0.63562522751 2.95882593176 -7.06288777975
2024-01-09T05:36:00.000000 -758.927535072 -6019.688846381 -2954.618682662 -0.57795472061 3.43502163345 -6.84847141248
2024-01-09T05:37:00.000000 -791.807072001 -5799.701324056 -3358.292278061 -0.51760702872 3.89501403051 -6.60208006981
2024-01-09T05:38:00.000000 -820.992527119 -5552.654179634 -3746.252351755 -0.45486711270 4.33665886628 -6.32489654650
2024-01-09T05:39:00.000000 -846.349188796 -5279.710318113 -4116.690433409 -0.39003067220 4.75790406094 -6.01824603352
2024-01-09T05:40:00.000000 -867.760366276 -4982.152762723 -4467.881659818 -0.32340241763 5.15679922493 -5.68358894876
2024-01-09T05:41:00.000000 -885.127879463 -4661.378294620 -4798.192637343 -0.25529437770 5.53150418598 -5.32251226718
2024-01-09T05:42:00.000000 -898.372453807 -4318.890617057 -5106.088767695 -0.18602458127 5.88029564501 -4.93672101999
2024-01-09T05:43:00.000000 -907.434048730 -3956.293169104 -5390.141112803 -0.11591587854 6.20157381885 -4.52803087660
2024-01-09T05:44:00.000000 -912.272100336 -3575.281480659 -5649.032792606 -0.04529428109 6.49387032556 -4.09835980517
2024-01-09T05:45:00.000000 -912.865646458 -3177.635061894 -5881.564806009 0.02551314536 6.75585502166 -3.64971720900
2024-01-09T05:46:00.000000 -909.213336342 -2765.208977603 -6086.661173991 0.09617995264 6.98633975192 -3.18419276660
2024-01-09T05:47:00.000000 -901.333366646 -2339.925264455 -6263.373475951 0.16638109521 7.18428073803 -2.70394735683
2024-01-09T05:48:00.000000 -889.263381457 -1903.764176965 -6410.884880394 0.23579352114 7.34878224821 -2.21120496520
2024-01-09T05:49:00.000000 -873.060316347 -1458.755157600 -6528.513656316 0.30409751472 7.47910079846 -1.70824321789
2024-01-09T05:50:00.000000 -852.800139785 -1006.967616685 -6615.716076907 0.37097873135 7.57464790909 -1.19738302783
2024-01-09T05:51:00.000000 -828.577470710 -550.501576786 -6672.088723188 0.43613012739 7.63499188614 -0.68097882614
2024-01-09T05:52:00.000000 -800.505095837 -91.478213808 -6697.370204655 0.49925327476 7.65985990880 -0.16140851771
2024-01-09T05:53:00.000000 -768.713428836 367.969728473 -6691.442220162 0.56005920650 7.64913902080 0.35893804048
2024-01-09T05:54:00.000000 -733.349919119 825.707486326 -6654.329939727 0.61826912874 7.60287435238 0.87766987208
2024-01-09T05:55:00.000000 -694.578417125 1279.607688606 -6586.201828760 0.67361527266 7.52126678787 1.39240244433
2024-01-09T05:56:00.000000 -652.578480944 1727.559685942 -6487.369081678 0.72584213637 7.40467370005 1.90076398156
2024-01-09T05:57:00.000000 -607.544589218 2167.479047244 -6358.284581340 0.77470809300 7.25361166284 2.40040521557
2024-01-09T05:58:00.000000 -559.685264594 2597.317113961 -6199.541159465 0.81998684053 7.06875615501 2.88901279858
2024-01-09T05:59:00.000000 -509.222128166 3015.070409875 -6011.869059644 0.86146813671 6.85093680657 3.36432153248
2024-01-09T06:00:00.000000 -456.388927985 3418.789726412 -5796.132773332 0.89895800736 6.60113220504 3.82412252672
2024-01-09T06:01:00.000000 -401.430551474 3806.588978271 -5553.327469975 0.93227926594 6.32046761084 4.26627027728
2024-01-09T06:02:00.000000 -344.601983776 4176.653959772 -5284.574910857 0.96127278592 6.01021362838 4.68869233709
2024-01-09T06:03:00.000000 -286.167175681 4527.250978451 -4991.118720365 0.98579907777 5.67178241837 5.08940103345
2024-01-09T06:04:00.000000 -226.397828193 4856.735163913 -4674.318965951 1.00573939635 5.30672125156 5.46650424786
2024-01-09T06:05:00.000000 -165.572132929 5163.558357897 -4335.646144922 1.02099618973 4.91670567041 5.81821450407
2024-01-09T06:06:00.000000 -103.973492118 5446.276626103 -3976.674648739 1.03149337773 4.50353292699 6.14285769700
2024-01-09T06:07:00.000000 -41.889216764 5703.557330028 -3599.075685736 1.03717686178 4.06911467404 6.43888205787
2024-01-09T06:08:00.000000 20.390812528 5934.185762041 -3204.609690460 1.03801517898 3.61546847619 6.70486657603
2024-01-09T06:09:00.000000 82.575517782 6137.071218266 -2795.118244353 1.03399991652 3.14470886878 6.93952853196
2024-01-09T06:10:00.000000 144.374009392 6311.252557024 -2372.515563982 1.02514576898 2.65903832225 7.14173072836
2024-01-09T06:11:00.000000 205.496972295 6455.903168269 -1938.779547259 1.01149051152 2.16073747577 7.31048875822
2024-01-09T06:12:00.000000 265.658052269 6570.335363149 -1495.942401709 0.99309510167 1.65215398555 7.44497785318
2024-01-09T06:13:00.000000 324.575249840 6654.004007350 -1046.080885010 0.97004371476 1.13569000777 7.54453855905
2024-01-09T06:14:00.000000 381.972303817 6706.509406608 -591.306260804 0.94244335642 0.61378903063 7.60868069924
2024-01-09T06:15:00.000000 437.580040457 6727.599382715 -133.754059842 0.91042310968 0.08892308537 7.63708571262
2024-01-09T06:16:00.000000 491.137674310 6717.170642944 324.426258043 0.87413342203 -0.43641933835 7.62960820187
2024-01-09T06:17:00.000000 542.394074913 6675.269391824 781.081742321 0.83374559800 -0.95974550773 7.58627744800
2024-01-09T06:18:00.000000 591.109000369 6602.091193981 1234.066466566 0.78945112340 -1.47857190454 7.50729823625
2024-01-09T06:19:00.000000 637.054275396 6497.979987748 1681.252028811 0.74146051852 -1.99043837171 7.39304960737
2024-01-09T06:20:00.000000 680.014892239 6363.426292814 2120.537918588 0.69000194297 -2.49292122542 7.24408152019
2024-01-09T06:21:00.000000 719.790029474 6199.064664447 2549.861652007 0.63531992264 -2.98364480051 7.06111097426
2024-01-09T06:22:00.000000 756.193998184 6005.670476326 2967.208688513 0.57767411746 -3.46029280923 6.84501833949
2024-01-09T06:23:00.000000 789.057106880 5784.155993588 3370.622092950 0.51733787802 -3.92062033483 6.59684271696
2024-01-09T06:24:00.000000 818.226438767 5535.565748197 3758.211884189 0.45459677280 -4.36246532015 6.31777544549
2024-01-09T06:25:00.000000 843.566548594 5261.071259579 4128.163943738 0.38974747177 -4.78375841354 6.00915274041
2024-01-09T06:26:00.000000 864.960102010 4961.965202475 4478.748500870 0.32309678247 -5.18253205459 5.67244871858
2024-01-09T06:27:00.000000 882.308438935 4639.655006962 4808.328177890 0.25496010515 -5.55693008809 5.30926803261
2024-01-09T06:28:00.000000 895.532025409 4295.655897188 5115.365576682 0.18565910441 -5.90521709466 4.92133670292
2024-01-09T06:29:00.000000 904.570753848 3931.583414436 5398.430237647 0.11551932084 -6.22578549391 4.51049163547
2024-01-09T06:30:00.000000 909.384122404 3549.145600719 5656.205001166 0.04486847723 -6.51716038463 4.07867100096
2024-01-09T06:31:00.000000 909.951325911 3150.134885029 5887.491820324 -0.02596465969 -6.77800431802 3.62790622371
2024-01-09T06:32:00.000000 906.271290288 2736.419676450 6091.217143149 -0.09665147859 -7.00712351636 3.16031377747
2024-01-09T06:33:00.000000 898.362616593 2309.935529886 6266.436699324 -0.16686496675 -7.20347448163 2.67808474451
2024-01-09T06:34:00.000000 886.263445194 1872.675979167 6412.339611227 -0.23628106089 -7.36616869338 2.18347225568
2024-01-09T06:35:00.000000 870.031241189 1426.683165073 6528.251730879 -0.30457975426 -7.49447426241 1.67877907766
2024-01-09T06:36:00.000000 849.742523537 974.038454382 6613.638310244 -0.37144620318 -7.58781568462 1.16634749061
2024-01-09T06:37:00.000000 825.492514431 516.853047718 6668.106127204 -0.43657201285 -7.64577420450 0.64855168284
2024-01-09T06:38:00.000000 797.394713269 57.258504109 6691.405191369 -0.49965658009 -7.66809037390 0.12779025480
2024-01-09T06:39:00.000000 765.580386708 -402.602909622 6683.429904397 -0.56040843995 -7.65466747849 -0.39352395600
2024-01-09T06:40:00.000000 730.197980983 -860.588054027 6644.219554576 -0.61854668840 -7.60557294376 -0.91297659985
2024-01-09T06:41:00.000000 691.412440704 -1314.562716024 6573.958031065 -0.67380256065 -7.52103634281 -1.42816394396
2024-01-09T06:42:00.000000 649.404434768 -1762.411243295 6472.972891041 -0.72592088192 -7.40144649056 -1.93670210236
2024-01-09T06:43:00.000000 604.369506577 -2202.046062165 6341.733908294 -0.77466112926 -7.24735029140 -2.43623508653
2024-01-09T06:44:00.000000 556.517174639 -2631.417141473 6180.851171052 -0.81979811685 -7.05945236254 -2.92444486919
2024-01-09T06:45:00.000000 506.069996132 -3048.521407984 5991.072395760 -0.86112245783 -6.83861252941 -3.39906301470
2024-01-09T06:46:00.000000 453.262606716 -3451.411915950 5773.279667146 -0.89844105781 -6.58584124152 -3.85788080347
2024-01-09T06:47:00.000000 398.340714657 -3838.206781466 5528.485580017 -0.93157802046 -6.30229605974 -4.29875717259
2024-01-09T06:48:00.000000 341.560032188 -4207.097929085 5257.828971496 -0.96037624280 -5.98927979861 -4.71962802794
2024-01-09T06:49:00.000000 283.185084515 -4556.359730810 4962.569889033 -0.98469923965 -5.64823656950 -5.11851866855
2024-01-09T06:50:00.000000 223.487940041 -4884.357224930 4644.083877033 -1.00443213421 -5.28074296255 -5.49355570624
2024-01-09T06:51:00.000000 162.746916505 -5189.553782575 4303.855650937 -1.01948130971 -4.88849812048 -5.84297415887
2024-01-09T06:52:00.000000 101.245331795 -5470.518221222 3943.472473062 -1.02977373456 -4.47331806635 -6.16512183656
2024-01-09T06:53:00.000000 39.270256888 -5725.931786256 3564.617167071 -1.03525752722 -4.03713347715 -6.45846721624
2024-01-09T06:54:00.000000 -22.888806588 -5954.594874661 3169.060509302 -1.03590382460 -3.58198383060 -6.72161214876
2024-01-09T06:55:00.000000 -84.941349325 -6155.433197590 2758.652875944 -1.03170826735 -3.11000443406 -6.95330370876
2024-01-09T06:56:00.000000 -146.597340576 -6327.503083666 2335.315275105 -1.02269061381 -2.62341130378 -7.15243999809
2024-01-09T06:57:00.000000 -207.568610140 -6469.995950017 1901.030262130 -1.00889301625 -2.12449010305 -7.31807220694
2024-01-09T06:58:00.000000 -267.570157224 -6582.242263636 1457.832635767 -0.99037886773 -1.61558880691 -7.44940858310
2024-01-09T06:59:00.000000 -326.321428284 -6663.714998351 1007.799813341 -0.96723317813 -1.09910834423 -7.54582159074
2024-01-09T07:00:00.000000 -383.547644632 -6714.032458230 553.041772092 -0.93956354805 -0.57748858694 -7.60685397820
2024-01-09T07:01:00.000000 -438.981167121 -6732.960104161 95.690767274 -0.90750029696 -0.05319293608 -7.63222048807
2024-01-09T07:02:00.000000 -492.362835355 -6720.411578192 -362.108969049 -0.87119550843 0.47130453661 -7.62180691418
2024-01-09T07:03:00.000000 -543.443236344 -6676.449014331 -818.211475183 -0.83082178508 0.99352963851 -7.57566971111
2024-01-09T07:04:00.000000 -591.983902181 -6601.282745268 -1270.479305313 -0.78657129924 1.51101915366 -7.49403670796
2024-01-09T07:05:00.000000 -637.758462012 -6495.270241188 -1716.793834644 -0.73865487977 2.02133365387 -7.37730707290
2024-01-09T07:06:00.000000 -680.553721700 -6358.914287214 -2155.065480582 -0.68730067889 2.52207098313 -7.22604926923
2024-01-09T07:07:00.000000 -720.170655390 -6192.860348419 -2583.243754974 -0.63275255035 3.01087911775 -7.04099722781
2024-01-09T07:08:00.000000 -756.425303040 -5997.893221489 -2999.327046459 -0.57526863675 3.48546809933 -6.82304529071
2024-01-09T07:09:00.000000 -789.149595846 -5774.932952877 -3401.372069093 -0.51512033895 3.94362101433 -6.57324224702
2024-01-09T07:10:00.000000 -818.192122302 -5525.030164993 -3787.502936640 -0.45259130418 4.38320391959 -6.29278488331
2024-01-09T07:11:00.000000 -843.418822362 -5249.360786648 -4155.919845602 -0.38797607333 4.80217501241 -5.98301154894
2024-01-09T07:12:00.000000 -864.713596915 -4949.220282416 -4504.907382626 -0.32157841224 5.19859367513 -5.64539554661
2024-01-09T07:13:00.000000 -881.978804734 -4626.017280552 -4832.842393972 -0.25370959384 5.57062954602 -5.28153764765
2024-01-09T07:14:00.000000 -895.135665121 -4281.266710007 -5138.201381236 -0.18468673609 5.91657108345 -4.89315733670
2024-01-09T07:15:00.000000 -904.124557282 -3916.582432359 -5419.567332511 -0.11483117532 6.23483295784 -4.48208324394
2024-01-09T07:16:00.000000 -908.905231034 -3533.669497790 -5675.635994445 -0.04446693182 6.52396218480 -4.05024344593
2024-01-09T07:17:00.000000 -909.456923106 -3134.316025554 -5905.221536775 0.02608059838 6.78264337468 -3.59965586737
2024-01-09T07:18:00.000000 -905.778407491 -2720.384817283 -6107.261658736 0.09648578219 7.00970326705 -3.13241850911
2024-01-09T07:19:00.000000 -897.887970695 -2293.804709579 -6280.822085838 0.16642398055 7.20411431751 -2.65069956792
2024-01-09T07:20:00.000000 -885.823315042 -1856.561759212 -6425.100519057 0.23557302073 7.36499735465 -2.15672813807
2024-01-09T07:21:00.000000 -869.641357761 -1410.690252531 -6539.430015903 0.30361476472 7.49162427462 -1.65278588577
2024-01-09T07:22:00.000000 -849.417947022 -958.263540297 -6623.281904018 0.37023657443 7.58342175088 -1.14119845527
2024-01-09T07:23:00.000000 -825.247488836 -501.384632373 -6676.268091524 0.43513265717 7.63997507194 -0.62432473689
2024-01-09T07:24:00.000000 -797.242501695 -42.176613457 -6698.142727228 0.49800534898 7.66102958933 -0.10454430583
2024-01-09T07:25:00.000000 -765.533088529 417.226911681 -6688.803052131 0.55856630472 7.64648893963 0.41575383975
2024-01-09T07:26:00.000000 -730.266347188 874.691245681 -6648.289735618 0.61653756461 7.59641292760 0.93417898254
2024-01-09T07:27:00.000000 -691.605713086 1328.089984226 -6576.786765681 0.67165263501 7.51101833039 1.44834505858
2024-01-09T07:28:00.000000 -649.730240072 1775.314497596 -6474.620962406 0.72365768525 7.39068158487 1.95588007205
2024-01-09T07:29:00.000000 -604.833801750 2214.283554595 -6342.260706458 0.77231267382 7.23593901008 2.45443892507
2024-01-09T07:30:00.000000 -557.124239198 2642.952804247 -6180.313969528 0.81739220873 7.04748292542 2.94171561500
2024-01-09T07:31:00.000000 -506.822457512 3059.324007106 -5989.525680431 0.85868625061 6.82615692933 3.41545174335
2024-01-09T07:32:00.000000 -454.161486175 3461.453994653 -5770.774686851 0.89600098935 6.57295369711 3.87344353822
2024-01-09T07:33:00.000000 -399.385466386 3847.463631126 -5525.070192049 0.92915996409 6.28901436575 4.31355104884
2024-01-09T07:34:00.000000 -342.748578311 4215.546644804 -5253.547595845 0.95800520688 5.97562598986 4.73370972729
2024-01-09T07:35:00.000000 -284.513899094 4563.978231815 -4957.463622101 0.98239825377 5.63421617539 5.13194173914
2024-01-09T07:36:00.000000 -224.952207164 4891.123305110 -4638.190818522 1.00222102815 5.26634663230 5.50636567817
2024-01-09T07:37:00.000000 -164.340735466 5195.444340193 -4297.211495361 1.01737651822 4.87370678714 5.85520566135
2024-01-09T07:38:00.000000 -102.961896797 5475.508844902 -3936.111129121 1.02778915424 4.45810692439 6.17680030915
2024-01-09T07:39:00.000000 -41.101985932 5729.996375547 -3556.571220256 1.03340509732 4.02147076067 6.46961127770
2024-01-09T07:40:00.000000 20.950135670 5957.705131652 -3160.361683227 1.03419283960 3.56582767567 6.73223147711
2024-01-09T07:41:00.000000 82.904408395 6157.558027547 -2749.332702763 1.03014404082 3.09330405710 6.96339360048
2024-01-09T07:42:00.000000 144.470979016 6328.608216810 -2325.406103583 1.02127395329 2.60611279951 7.16197828839
2024-01-09T07:43:00.000000 205.361612620 6470.043925443 -1890.566264515 1.00762112442 2.10654173299 7.32702048671
2024-01-09T07:44:00.000000 265.291070748 6581.192627028 -1446.850724210 0.98924688089 1.59694261891 7.45771416068
2024-01-09T07:45:00.000000 323.978474357 6661.524555347 -996.340494701 0.96623520198 1.07972073799 7.55341699986
2024-01-09T07:46:00.000000 381.148664765 6710.655586818 -541.150087667 0.93869275066 0.55732331771 7.61365541329
2024-01-09T07:47:00.000000 436.533553439 6728.349352914 -83.417270724 0.90674845436 0.03222632409 7.63812834864
2024-01-09T07:48:00.000000 489.873434806 6714.518576812 374.707355439 0.87055262534 -0.49307897583 7.62670921090
2024-01-09T07:49:00.000000 540.918241815 6669.225588444 831.070851035 0.83027614237 -1.01609895852 7.57944678743
2024-01-09T07:50:00.000000 589.428762354 6592.682077979 1283.528476907 0.78610980476 -1.53435101992 7.49656549257
2024-01-09T07:51:00.000000 635.177805581 6485.248003154 1729.954188921 0.73826339713 -2.04537755335 7.37846378278
2024-01-09T07:52:00.000000 677.951305135 6347.429706569 2168.250987364 0.68696429841 -2.54675892382 7.22571047594
2024-01-09T07:53:00.000000 717.549328722 6179.877284833 2596.361006003 0.63245609404 -3.03612460211 7.03904067978
2024-01-09T07:54:00.000000 753.787020253 5983.381327559 3012.275396774 0.57499753247 -3.51116407985 6.81935250688
2024-01-09T07:55:00.000000 786.495474353 5758.868940611 3414.043982934 0.51486145442 -3.96963918690 6.56770315299
2024-01-09T07:56:00.000000 815.522544570 5507.399039105 3799.784651325 0.45233324089 -4.40939674096 6.28530249297
2024-01-09T07:57:00.000000 840.733535066 5230.156898852 4167.692244201 0.38770893770 -4.82837933077 5.97350451796
2024-01-09T07:58:00.000000 862.011791466 4928.448158266 4516.046950747 0.32129358536 -5.22463378294 5.63379857484
2024-01-09T07:59:00.000000 879.259193337 4603.692318474 4843.222168651 0.25339982024 -5.59631860906 5.26780132780
2024-01-09T08:00:00.000000 892.396573371 4257.415849101 5147.691931048 0.18434640053 -5.94171136816 4.87724891885
2024-01-09T08:01:00.000000 901.364031104 3891.244807269 5428.037815231 0.11445659124 -6.25921587032 4.46398883483
2024-01-09T08:02:00.000000 906.121163452 3506.897062478 5682.955383066 0.04405678109 -6.54736920246 4.02997136817
2024-01-09T08:03:00.000000 906.647213792 3106.174079020 5911.260053948 -0.02652457614 -6.80484867217 3.57724031279
2024-01-09T08:04:00.000000 902.941168293 2690.952320969 6111.892433878 -0.09695825203 -7.03047819282 3.10792239038
2024-01-09T08:05:00.000000 895.021738469 2263.174289660 6283.922922013 -0.16691630988 -7.22323311119 2.62421557196
2024-01-09T08:06:00.000000 882.927210958 1824.839355104 6426.555642896 -0.23607456486 -7.38224288252 2.12837732742
2024-01-09T08:07:00.000000 866.715163471 1377.994460421 6539.131676377 -0.30411438620 -7.50679206938 1.62271411028
2024-01-09T08:08:00.000000 846.462105807 924.724813747 6621.131745583 -0.37072335991 -7.59632111981 1.10957250877
2024-01-09T08:09:00.000000 822.263102474 467.144470366 6672.178366275 -0.43559546239 -7.65042834523 0.59133116431
2024-01-09T08:10:00.000000 794.231371486 7.386772769 6692.037511295 -0.49843179556 -7.66887293973 0.07039145144
2024-01-09T08:11:00.000000 762.497813023 -452.405365230 6680.619631332 -0.55894217167 -7.65157702017 -0.45083382841
2024-01-09T08:12:00.000000 727.210431236 -910.089249095 6637.979996050 -0.61684692139 -7.59862544845 -0.96993219213
2024-01-09T08:13:00.000000 688.533656776 -1363.532120962 6564.318356414 -0.67187839616 -7.51026428649 -1.48450184334
2024-01-09T08:14:00.000000 646.647588738 -1810.620788976 6459.978005272 -0.72378211326 -7.38689961346 -1.99216121694
2024-01-09T08:15:00.000000 601.747175692 -2249.271195838 6325.444267654 -0.77231770426 -7.22909623617 -2.49055905148
2024-01-09T08:16:00.000000 554.041345458 -2677.437876521 6161.342397257 -0.81725975161 -7.03757503667 -2.97738436049
2024-01-09T08:17:00.000000 503.752077560 -3093.123224088 5968.434877042 -0.85839877245 -6.81321007063 -3.45037494453
2024-01-09T08:18:00.000000 451.113407930 -3494.386631346 5747.618242931 -0.89554265286 -6.55702723344 -3.90732617835
2024-01-09T08:19:00.000000 396.370340376 -3879.353560695 5499.919281518 -0.92851812283 -6.27020267081 -4.34610288575
2024-01-09T08:20:00.000000 339.777692440 -4246.224435965 5226.490489070 -0.95717124548 -5.95405699131 -4.76465273396
2024-01-09T08:21:00.000000 281.598954387 -4593.283010413 4928.604755521 -0.98136680082 -5.61004610390 -5.16101570004
2024-01-09T08:22:00.000000 222.105174722 -4918.904275687 4607.649678467 -1.00098816393 -5.23975471978 -5.53332886581
2024-01-09T08:23:00.000000 161.573799346 -5221.562118444 4265.121553588 -1.01593907022 -4.84489457632 -5.87983281380
2024-01-09T08:24:00.000000 100.287375235 -5499.836884795 3902.618872438 -1.02614626934 -4.42730125865 -6.19888413340
2024-01-09T08:25:00.000000 38.532120220 -5752.422523754 3521.834876313 -1.03156056618 -3.98892393259 -6.48896912363
2024-01-09T08:26:00.000000 -23.403492258 -5978.132991553 3124.549526514 -1.03215569266 -3.53181147858 -6.74871168275
2024-01-09T08:27:00.000000 -85.230073230 -6175.907910631 2712.621129500 -1.02792708522 -3.05810231417 -6.97687634602
2024-01-09T08:28:00.000000 -146.658607027 -6344.817719772 2287.977815105 -1.01889238396 -2.57001804235 -7.17237341619
2024-01-09T08:29:00.000000 -207.401843558 -6484.068455455 1852.608479466 -1.00509268157 -2.06985477042 -7.33426793765
2024-01-09T08:30:00.000000 -267.175703390 -6593.005823964 1408.553276667 -0.98659248928 -1.55996975514 -7.46178731033
2024-01-09T08:31:00.000000 -325.700651555 -6671.118461456 957.893756188 -0.96347847694 -1.04276775956 -7.55432454753
2024-01-09T08:32:00.000000 -382.702993433 -6718.040423810 502.742876151 -0.93585881961 -0.52068997138 -7.61144020853
2024-01-09T08:33:00.000000 -437.916187353 -6733.553059975 45.234850271 -0.90386379336 0.00379736035 -7.63286571139
2024-01-09T08:34:00.000000 -491.082180666 -6717.586099527 -412.485184094 -0.86764603054 0.52821683023 -7.61850567434
2024-01-09T08:35:00.000000 -541.952715436 -6670.217899148 -868.271548025 -0.82737909829 1.05009381840 -7.56843718079
2024-01-09T08:36:00.000000 -590.290519564 -6591.674915919 -1319.988317647 -0.78325512239 1.56696792033 -7.48290800933
2024-01-09T08:37:00.000000 -635.870358787 -6482.330534923 -1765.519541220 -0.73548312199 2.07640399578 -7.36233608153
2024-01-09T08:38:00.000000 -678.480031614 -6342.703167580 -2202.779418837 -0.68428848347 2.57600524464 -7.20730811496
2024-01-09T08:39:00.000000 -717.921344411 -6173.453548291 -2629.722310142 -0.62991274124 3.06342642197 -7.01857519275
2024-01-09T08:40:00.000000 -754.011067555 -5975.381308983 -3044.352432858 -0.57261285731 3.53638436576 -6.79704710413
2024-01-09T08:41:00.000000 -786.581817458 -5749.420974891 -3444.733248512 -0.51265989086 3.99266756745 -6.54378831160
2024-01-09T08:42:00.000000 -815.482854268 -5496.637320726 -3828.996624596 -0.45033725177 4.43014801992 -6.26001382728
2024-01-09T08:43:00.000000 -840.580764771 -5218.219971519 -4195.351661104 -0.38593875830 4.84679405071 -5.94708143433
2024-01-09T08:44:00.000000 -861.760031866 -4915.477313792 -4542.092948777 -0.31976685610 5.24067975539 -5.60648091605
2024-01-09T08:45:00.000000 -878.923509953 -4589.829978971 -4867.608182191 -0.25213127328 5.60999047156 -5.23982476800
2024-01-09T08:46:00.000000 -891.992826174 -4242.804000014 -5170.385316403 -0.18334790200 5.95302832712 -4.84884190704
2024-01-09T08:47:00.000000 -900.908713443 -3876.023584436 -5449.019385054 -0.11373739962 6.26822036945 -4.43537115671
2024-01-09T08:48:00.000000 -905.631242082 -3491.203352262 -5702.218817789 -0.04362334620 6.55412711874 -4.00135160935
2024-01-09T08:49:00.000000 -906.139936464 -3090.140133706 -5928.811107171 0.02666965870 6.80944850055 -3.54881105621
2024-01-09T08:50:00.000000 -902.433787845 -2674.704487538 -6127.747795869 0.09681748631 7.03302706661 -3.07985529013
2024-01-09T08:51:00.000000 -894.531196329 -2246.832088182 -6298.108893590 0.16649747060 7.22385040461 -2.59665919422
2024-01-09T08:52:00.000000 -882.469858198 -1808.514929947 -6439.106775621 0.23538921373 7.38105424202 -2.10145878579
2024-01-09T08:53:00.000000 -866.306599515 -1361.792312628 -6550.089608025 0.30317568445 7.50392661386 -1.59654274063
2024-01-09T08:54:00.000000 -846.117126611 -908.741577803 -6630.544192965 0.36954486688 7.59191218304 -1.08424199253
2024-01-09T08:55:00.000000 -821.995668638 -451.468618599 -6680.098160095 0.43419167170 7.64461465774 -0.56691756874
2024-01-09T08:56:00.000000 -794.054511696 7.901656474 -6698.521409300 0.49681948629 7.66179613508 -0.04694906831
2024-01-09T08:57:00.000000 -762.423461207 467.234769669 -6685.726960843 0.55714110380 7.64337543104 0.47327377915
2024-01-09T08:58:00.000000 -727.249251712 924.396080393 -6641.771339286 0.61487950545 7.58942866490 0.99135785271
2024-01-09T08:59:00.000000 -688.694905897 1377.260301840 -6566.854554280 0.66976905831 7.50019190073 1.50491564894
2024-01-09T09:00:00.000000 -646.939005837 1823.721141040 -6461.319391492 0.72155699263 7.37606197803 2.01157778102
2024-01-09T09:01:00.000000 -602.174885113 2261.700862039 -6325.649938543 0.77000450747 7.21759331418 2.50900541699
2024-01-09T09:02:00.000000 -554.609769742 2689.159611073 -6160.469452834 0.81488731448 7.02549337511 2.99489919172
2024-01-09T09:03:00.000000 -504.463896758 3104.104506227 -5966.537811333 0.85599617718 6.80062040536 3.46700591429
2024-01-09T09:04:00.000000 -451.969581005 3504.598679105 -5744.748499799 0.89313798303 6.54398337197 3.92312689927
2024-01-09T09:05:00.000000 -397.370204066 3888.770302734 -5496.125008254 0.92613715321 6.25674076558 4.36112926816
2024-01-09T09:06:00.000000 -340.919125971 4254.821441083 -5221.816519799 0.95483680735 5.94019627166 4.77895801242
2024-01-09T09:07:00.000000 -282.878540143 4601.036579340 -4923.092917860 0.97909947282 5.59579243337 5.17464641234
2024-01-09T09:08:00.000000 -223.518292856 4925.790763371 -4601.339222041 0.99880763737 5.22510439233 5.54632471561
2024-01-09T09:09:00.000000 -163.114665540 5227.557384348 -4258.049516127 1.01386442224 4.82983435828 5.89222861840
2024-01-09T09:10:00.000000 -101.949114012 5504.915641027 -3894.820350243 1.02419435065 4.41180573239 6.21070858991
2024-01-09T09:11:00.000000 -40.306964353 5756.557574651 -3513.343551164 1.02974398472 3.97295565115 6.50023974975
2024-01-09T09:12:00.000000 21.523924443 5981.294656770 -3115.398474285 1.03048239783 3.51532572827 6.75943087915
2024-01-09T09:13:00.000000 83.254522747 6178.063729057 -2702.843748420 1.02640155470 3.04105207957 6.98703174388
2024-01-09T09:14:00.000000 144.596012592 6345.932405784 -2277.608631161 1.01751655531 2.55235573385 7.18193948964
2024-01-09T09:15:00.000000 205.261174877 6484.103846068 -1841.683954630 1.00386558640 2.05153288004 7.34320539266
2024-01-09T09:16:00.000000 264.965767588 6591.920984804 -1397.112688056 0.98550960805 1.54094358646 7.47004157559
2024-01-09T09:17:00.000000 323.429882072 6668.869944600 -945.980112446 0.96253211303 1.02299909182 7.56182598072
2024-01-09T09:18:00.000000 380.379298392 6714.582757414 -490.403788898 0.93503920566 0.50014938978 7.61810523995
2024-01-09T09:19:00.000000 435.546839877 6728.839305405 -32.523347349 0.90315967669 -0.02512820205 7.63859718457
2024-01-09T09:20:00.000000 488.673730481 6711.568660544 425.509853861 0.86704441309 -0.55034119416 7.62319397689
2024-01-09T09:21:00.000000 539.510873282 6662.849532525 881.543283888 0.82686497918 -1.07299606119 7.57196428120
2024-01-09T09:22:00.000000 587.820046320 6582.909911793 1333.433807664 0.78281205184 -1.59061302376 7.48515239927
2024-01-09T09:23:00.000000 633.375014444 6472.125816877 1779.058148565 0.73509445651 -2.10073896042 7.36317504373
2024-01-09T09:24:00.000000 675.962605796 6331.019395772 2216.323111189 0.68393867270 -2.60095843710 7.20661812362
2024-01-09T09:25:00.000000 715.383748362 6160.256305207 2643.175680969 0.62958806359 -3.08890489156 7.01623460661
2024-01-09T09:26:00.000000 751.454444075 5960.642418124 3057.612972572 0.57230143859 -3.56227344926 6.79294177359
2024-01-09T09:27:00.000000 784.006641562 5733.119701108 3457.691934169 0.51235123775 -4.01883448014 6.53781595691
2024-01-09T09:28:00.000000 812.888999857 5478.761337365 3841.538680024 0.45002174245 -4.45644585096 6.25208455967
2024-01-09T09:29:00.000000 837.967548418 5198.766160211 4207.357264983 0.38560743472 -4.87306253787 5.93711683690
2024-01-09T09:30:00.000000 859.126256285 4894.452617821 4553.437943602 0.31941158368 -5.26674379042 5.59441540820
2024-01-09T09:31:00.000000 876.267523439 4567.252292745 4878.164945446 0.25174520306 -5.63565973133 5.22560952190
2024-01-09T09:32:00.000000 889.312623413 4218.703057373 5180.023912915 0.18292615837 -5.97809946600 4.83244879246
2024-01-09T09:33:00.000000 898.202074385 3850.441619595 5457.608870839 0.11327781790 -6.29248056805 4.41679494638
2024-01-09T09:34:00.000000 902.895910156 3464.195571598 5709.628639686 0.04312694738 -6.57735738600 3.98061071319
2024-01-09T09:35:00.000000 903.373814765 3061.774991994 5934.912537534 -0.02719860940 -6.83142617377 3.52594817608
2024-01-09T09:36:00.000000 899.635126261 2645.063861117 6132.415437624 -0.09737177872 -7.05352831754 3.05493886677
2024-01-09T09:37:00.000000 891.698751257 2216.011222050 6301.222272057 -0.16706755816 -7.24265416579 2.56978514559
2024-01-09T09:38:00.000000 879.603004840 1776.622116137 6440.552002835 -0.23596421385 -7.39794750896 2.07275043157
2024-01-09T09:39:00.000000 863.405377113 1328.948268772 6549.760943892 -0.30374447905 -7.51870872964 1.56614799215
2024-01-09T09:40:00.000000 843.182235520 875.078651635 6628.345433718 -0.37009654219 -7.60439608616 1.05233017469
2024-01-09T09:41:00.000000 819.028470713 417.129979209 6675.943882643 -0.43471492445 -7.65462678848 0.53367897130
2024-01-09T09:42:00.000000 791.057082509 -42.762880739 6692.338280556 -0.49730171530 -7.66917875047 0.01259653682
2024-01-09T09:43:00.000000 759.398677703 -502.456586984 6677.455080512 -0.55756821577 -7.64799185407 -0.50850537314
2024-01-09T09:44:00.000000 724.200869891 -959.809051148 6631.365464869 -0.61523641832 -7.59116771959 -1.02721612070
2024-01-09T09:45:00.000000 685.627609746 -1412.689108586 6554.284977548 -0.67003993313 -7.49896865051 -1.54113602960
2024-01-09T09:46:00.000000 643.858460958 -1858.986127832 6446.572566465 -0.72172479131 -7.37181676699 -2.04788585565
2024-01-09T09:47:00.000000 599.087822979 -2296.619578538 6308.729080411 -0.77005074271 -7.21029304818 -2.54511670877
2024-01-09T09:48:00.000000 551.524057376 -2723.548516054 6141.395136305 -0.81479294411 -7.01513568367 -3.03052040530
2024-01-09T09:49:00.000000 501.388518589 -3137.780947513 5945.348354223 -0.85574328817 -6.78723768265 -3.50184007830
2024-01-09T09:50:00.000000 448.914527823 -3537.383015492 5721.499951426 -0.89271100096 -6.52764333191 -3.95688103070
2024-01-09T09:51:00.000000 394.346325853 -3920.487934228 5470.890706872 -0.92552294917 -6.23754304709 -4.39352082197
2024-01-09T09:52:00.000000 337.937997519 -4285.304587714 5194.686375473 -0.95402435764 -5.91826781086 -4.80971728666
2024-01-09T09:53:00.000000 279.952331152 -4630.125841794 4894.172657810 -0.97808004867 -5.57128550990 -5.20351573412
2024-01-09T09:54:00.000000 220.659607863 -4953.336672608 4570.749669774 -0.99757563213 -5.19819848109 -5.57305884515
2024-01-09T09:55:00.000000 160.336332361 -5253.422113174 4225.925720567 -1.01241807723 -4.80073815821 -5.91659981965
2024-01-09T09:56:00.000000 99.263948879 -5528.974711244 3861.310304875 -1.02253573586 -4.38075456831 -6.23251426067
2024-01-09T09:57:00.000000 37.727556612 -5778.701268574 3478.606537465 -1.02787850288 -3.94020454717 -6.51930679145
2024-01-09T09:58:00.000000 -23.985402362 -6001.428979786 3079.603273421 -1.02841858170 -3.48114364269 -6.77561500663
2024-01-09T09:59:00.000000 -85.586513116 -6196.111200850 2666.166974661 -1.02415144860 -3.00572038090 -7.00021623804
2024-01-09T10:00:00.000000 -146.787797259 -6361.832783110 2240.233025507 -1.01509612402 -2.51616743823 -7.19203750464
2024-01-09T10:01:00.000000 -207.303107820 -6497.814732118 1803.796488768 -1.00129453038 -2.01478830215 -7.35016348491
2024-01-09T10:02:00.000000 -266.849481762 -6603.418046209 1358.902510221 -0.98281074009 -1.50394403784 -7.47384001142
2024-01-09T10:03:00.000000 -325.148459705 -6678.146856413 907.636600953 -0.95973084250 -0.98604305358 -7.56247640194
2024-01-09T10:04:00.000000 -381.927412951 -6721.650977315 452.114709716 -0.93216315960 -0.46353114752 -7.61565000752
2024-01-09T10:05:00.000000 -436.920874343 -6733.727769190 -5.527028676 -0.90023795183 0.06112173079 -7.63311087566
2024-01-09T10:06:00.000000 -489.871827669 -6714.323134676 -463.142703617 -0.86410645957 0.58543651633 -7.61478299368
2024-01-09T10:07:00.000000 -540.532935401 -6663.531656917 -918.587025860 -0.82393990839 1.10693830359 -7.56076269673
2024-01-09T10:08:00.000000 -588.667714905 -6581.596003668 -1369.725613197 -0.77992887567 1.62316770215 -7.47131731976
2024-01-09T10:09:00.000000 -634.051683930 -6468.905645996 -1814.445241264 -0.73228259824 2.13169279791 -7.34688439410
2024-01-09T10:10:00.000000 -676.473444855 -6325.994822561 -2250.663986562 -0.68122776295 2.63012194959 -7.18806921500
2024-01-09T10:11:00.000000 -715.735687212 -6153.539764022 -2676.341171946 -0.62700700168 3.11611557467 -6.99564059114
2024-01-09T10:12:00.000000 -751.656102445 -5952.355249765 -3089.487046016 -0.56987755964 3.58739683044 -6.77052659807
2024-01-09T10:13:00.000000 -784.068225524 -5723.390501237 -3488.172219421 -0.51011006965 4.04176314683 -6.51381034245
2024-01-09T10:14:00.000000 -812.822193159 -5467.724356082 -3870.536783998 -0.44798702012 4.47709851907 -6.22672352433
2024-01-09T10:15:00.000000 -837.785401519 -5186.559747166 -4234.798969981 -0.38380093123 4.89138394814 -5.91063745335
2024-01-09T10:16:00.000000 -858.843057275 -4881.217646951 -4579.263248383 -0.31785271841 5.28270480879 -5.56705409037
2024-01-09T10:17:00.000000 -875.898643602 -4553.130616846 -4902.327947207 -0.25045049748 5.64925728745 -5.19759890743
2024-01-09T10:18:00.000000 -888.874319058 -4203.835933674 -5202.492456262 -0.18190851617 5.98935596699 -4.80401417542
2024-01-09T10:19:00.000000 -897.711248283 -3834.968242340 -5478.364007131 -0.11254577880 6.30144202047 -4.38815071149
2024-01-09T10:20:00.000000 -902.369836462 -3448.251737680 -5728.663895600 -0.04268429631 6.58409035464 -3.95195798713
2024-01-09T10:21:00.000000 -902.829853615 -3045.491965815 -5952.233081410 0.02735271363 6.83601519259 -3.49747360312
2024-01-09T10:22:00.000000 -899.090460751 -2628.567329772 -6148.037155879 0.09724228092 7.05607419806 -3.02681279946
2024-01-09T10:23:00.000000 -891.170164340 -2199.420398326 -6315.170710914 0.16666269321 7.24327134051 -2.54215868902
2024-01-09T10:24:00.000000 -879.106713605 -1760.049049641 -6452.861146644 0.23529441954 7.39675955537 -2.04575377375
2024-01-09T10:25:00.000000 -862.956930641 -1312.497420383 -6560.471990980 0.30282149317 7.51584453630 -1.53989153171
2024-01-09T10:26:00.000000 -842.796442497 -858.846626266 -6637.505646489 0.36893339698 7.59998868264 -1.02690595077
2024-01-09T10:27:00.000000 -818.719298668 -401.205288020 -6683.605477744 0.43332679320 7.64881262464 -0.50915966382
2024-01-09T10:28:00.000000 -790.837506307 58.299934973 -6698.557206200 0.49570652900 7.66209420034 0.01096609018
2024-01-09T10:29:00.000000 -759.280521283 517.533763290 -6682.289808116 0.55578629440 7.63976839684 0.53107876177
2024-01-09T10:30:00.000000 -724.194684908 974.361783546 -6634.875936297 0.61328976245 7.58192994661 1.04878282752
2024-01-09T10:31:00.000000 -685.742578294 1426.660124514 -6556.531781622 0.66795223314 7.48883525416 1.56169190933
2024-01-09T10:32:00.000000 -644.102280891 1872.325097635 -6447.616107839 0.71952192954 7.36089991757 2.06744180378
2024-01-09T10:33:00.000000 -599.466578144 2309.282601136 -6308.628633666 0.76776053932 7.19869394466 2.56369966871
2024-01-09T10:34:00.000000 -552.042134813 2735.497302552 -6140.207929797 0.81244375305 7.00293965759 3.04817011534
2024-01-09T10:35:00.000000 -502.048626238 3148.981802292 -5943.129000011 0.85336259391 6.77451260350 3.51860331431
2024-01-09T10:36:00.000000 -449.717760565 3547.805824967 -5718.300166919 0.89032516472 6.51444095634 3.97280696832
2024-01-09T10:37:00.000000 -395.292218594 3930.105253036 -5466.759258729 0.92315776758 6.22390083811 4.40865863667
2024-01-09T10:38:00.000000 -339.024546150 4294.090822916 -5189.669093993 0.95170513998 5.90421019867 4.82411520169
2024-01-09T10:39:00.000000 -281.176052558 4638.056478114 -4888.312515442 0.97583059498 5.55682408260 5.21722082567
2024-01-09T10:40:00.000000 -222.015673054 4960.387482105 -4564.086872715 0.99541680349 5.18333071543 5.58611603974
2024-01-09T10:41:00.000000 -161.818770241 5259.568258585 -4218.497931936 1.01036703044 4.78544614149 5.92904803345
2024-01-09T10:42:00.000000 -100.865864902 5534.189854120 -3853.153182697 1.02060623079 4.36500694492 6.24438062828
2024-01-09T10:43:00.000000 -39.441313320 5782.956908097 -3469.754543352 1.02608164388 3.92396195669 6.53060340324
2024-01-09T10:44:00.000000 22.168035943 6004.694148118 -3070.090591226 1.02676298463 3.46436318355 6.78633993314
2024-01-09T10:45:00.000000 83.674193287 6198.352270872 -2656.028280599 1.02264250791 2.98835637170 7.01035485826
2024-01-09T10:46:00.000000 144.789384894 6363.013315602 -2229.504302579 1.01373519018 2.49817200119 7.20156031850
2024-01-09T10:47:00.000000 205.227424636 6497.895439832 -1792.516001543 1.00007907317 1.99611611651 7.35902331420
2024-01-09T10:48:00.000000 264.705108439 6602.357182056 -1347.111866626 0.98173547191 1.48455872646 7.48197376262
2024-01-09T10:49:00.000000 322.943603281 6675.900820577 -895.381538400 0.95878871352 0.96591923336 7.56981039394
2024-01-09T10:50:00.000000 379.669810405 6718.174919681 -439.445623956 0.93134549879 0.44265181031 7.62210264396
2024-01-09T10:51:00.000000 434.617689084 6728.976015539 18.554577873 0.89953429478 -0.08276637327 7.63859066489
2024-01-09T10:52:00.000000 487.529547349 6708.249733742 476.467299573 0.86350485825 -0.60784540523 7.61918654191
2024-01-09T10:53:00.000000 538.157302672 6656.091177282 932.140731867 0.82342760663 -1.13009429754 7.56397670332
2024-01-09T10:54:00.000000 586.263693577 6572.744606010 1383.433507610 0.77949264421 -1.64703478985 7.47322286573
2024-01-09T10:55:00.000000 631.623428275 6458.602230108 1828.225191061 0.73190868517 -2.15621527371 7.34736050631
2024-01-09T10:56:00.000000 674.024271189 6314.202244471 2264.426612665 0.68090204815 -2.65522383515 7.18699592405
2024-01-09T10:57:00.000000 713.268066287 6140.226040117 2689.990018984 0.62671552088 -3.14170099129 6.99290260909
2024-01-09T10:58:00.000000 749.171682423 5937.494698547 3102.918961230 0.56960687496 -3.61335214416 6.76601625183
2024-01-09T10:59:00.000000 781.567864117 5706.964731187 3501.277842234 0.50984727224 -4.06795881557 6.50742852202
2024-01-09T11:00:00.000000 810.305992453 5449.723238182 3883.201082643 0.44771989950 -4.50338871163 6.21838050890
2024-01-09T11:01:00.000000 835.252770194 5166.982415095 4246.901882398 0.38351874760 -4.91760563219 5.90025595887
2024-01-09T11:02:00.000000 856.292827753 4860.073506520 4590.680553140 0.31754712065 -5.30867923150 5.55457334253
2024-01-09T11:03:00.000000 873.329227243 4530.440178050 4912.932330401 0.25011580752 -5.67479337532 5.18297696173
2024-01-09T11:04:00.000000 886.283857232 4179.631476667 5212.154671291 0.18154126729 -6.01425294370 4.78722840653
2024-01-09T11:05:00.000000 895.097725374 3809.294354731 5486.954049209 0.11214413865 -6.32549050643 4.36919877055
2024-01-09T11:06:00.000000 899.731172602 3421.165799016 5736.052284854 0.04224798653 -6.60707367731 3.93086014733
2024-01-09T11:07:00.000000 900.164008430 3017.064506910 5958.292292020 -0.02782193059 -6.85771210722 3.47427538629
2024-01-09T11:08:00.000000 896.395578488 2598.882200147 6152.643208692 -0.09773999090 -7.07626285640 3.00158685460
2024-01-09T11:09:00.000000 888.444738355 2168.574655076 6318.204816608 -0.16718169810 -7.26173416441 2.51500541447
2024-01-09T11:10:00.000000 876.349739276 1728.152551144 6454.211347442 -0.23582533271 -7.41328817124 2.01679992724
2024-01-09T11:11:00.000000 860.168009658 1279.672165869 6560.034638841 -0.30335360585 -7.53024288620 1.50928720805
2024-01-09T11:12:00.000000 839.975847237 825.225986529 6635.186749831 -0.36945506957 -7.61207378929 0.99482241768
2024-01-09T11:13:00.000000 815.868032755 366.933200545 6679.321954330 -0.43382521393 -7.65841560189 0.47578956726
2024-01-09T11:14:00.000000 787.957385276 -93.069908698 6692.238188125 -0.49616748962 -7.66906394580 -0.04540857907
2024-01-09T11:15:00.000000 756.374247199 -552.639639758 6673.877841894 -0.55619447851 -7.64397598122 -0.56636104152
2024-01-09T11:16:00.000000 721.265900251 -1009.634555954 6624.327966230 -0.61362923416 -7.58326986578 -1.08465862408
2024-01-09T11:17:00.000000 682.795895897 -1461.925125492 6543.819882633 -0.66820658933 -7.48722413781 -1.59790321000
2024-01-09T11:18:00.000000 641.143312225 -1907.403328567 6432.728210567 -0.71967428164 -7.35627748839 -2.10371749178
2024-01-09T11:19:00.000000 596.501953443 -2343.992261331 6291.569331064 -0.76779388909 -7.19102798703 -2.59975572439
2024-01-09T11:20:00.000000 549.079491755 -2769.655630897 6120.999142903 -0.81234170138 -6.99223086085 -3.08371463068
2024-01-09T11:21:00.000000 499.096556703 -3182.407096690 5921.810219228 -0.85310970770 -6.76079531254 -3.55334349665
2024-01-09T11:22:00.000000 446.785757594 -3580.319399288 5694.928345103 -0.88990678649 -6.49778115260 -4.00645380241
2024-01-09T11:23:00.000000 392.390633194 -3961.533300278 5441.408515292 -0.92255995876 -6.20439504483 -4.44092915421
2024-01-09T11:24:00.000000 336.164529732 -4324.266249385 5162.430288398 -0.95091542405 -5.88198579349 -4.85473537296
2024-01-09T11:25:00.000000 278.369429168 -4666.820754848 4859.292568942 -0.97483922865 -5.53203882000 -5.24593008679
2024-01-09T11:26:00.000000 219.274743176 -4987.592396812 4533.407814121 -0.99421769385 -5.15617038322 -5.61267175370
2024-01-09T11:27:00.000000 159.156085452 -5285.077513181 4186.295733706 -1.00895789142 -4.75612155691 -5.95322857181
2024-01-09T11:28:00.000000 98.294005851 -5557.880483739 3819.576426191 -1.01898834860 -4.33375150192 -6.26598756279
2024-01-09T11:29:00.000000 36.972678184 -5804.720588880 3434.962973845 -1.02425983310 -3.89102952368 -6.54946375061
2024-01-09T11:30:00.000000 -24.521449006 -6024.438329396 3034.253493011 -1.02474580875 -3.43002558410 -6.80230894571
2024-01-09T11:31:00.000000 -85.901015038 -6216.001163894 2619.322698475 -1.02044233934 -2.95289958959 -7.02331922307
2024-01-09T11:32:00.000000 -146.879092420 -6378.508571766 2192.113066392 -1.01136776449 -2.46189063054 -7.21144062091
2024-01-09T11:33:00.000000 -207.170523199 -6511.196510690 1754.625690633 -0.99756276033 -1.95930713252 -7.36577403109
2024-01-09T11:34:00.000000 -266.493270848 -6613.441266513 1308.910828400 -0.97909086500 -1.44751700349 -7.48558072265
2024-01-09T11:35:00.000000 -324.569807889 -6684.762708299 857.058102875 -0.95603878018 -0.92893595908 -7.57028814731
2024-01-09T11:36:00.000000 -381.128491709 -6724.826744092 401.186395688 -0.92851577955 -0.40601390155 -7.61949401732
2024-01-09T11:37:00.000000 -435.904882499 -6733.446963968 -56.566423221 -0.89665250681 0.11877858118 -7.63296783744
2024-01-09T11:38:00.000000 -488.642995055 -6710.585494073 -514.053823268 -0.86060002681 0.64296238592 -7.61065139677
2024-01-09T11:39:00.000000 -539.096509712 -6656.353171869 -969.130964165 -0.82052940277 1.16406195401 -7.55265938197
2024-01-09T11:40:00.000000 -587.029960000 -6571.008937503 -1419.665072155 -0.77663122521 1.67961844707 -7.45927917446
2024-01-09T11:41:00.000000 -632.219875568 -6454.958424221 -1863.545746349 -0.72911455475 2.18720310465 -7.33096858078
2024-01-09T11:42:00.000000 -674.455847826 -6308.751772106 -2298.695077251 -0.67820547196 2.68442942533 -7.16835220795
2024-01-09T11:43:00.000000 -713.541508070 -6133.080759224 -2723.077540230 -0.62414566215 3.16896456160 -6.97221758110
2024-01-09T11:44:00.000000 -749.295423652 -5928.775249353 -3134.709638315 -0.56719110314 3.63854077123 -6.74351061149
2024-01-09T11:45:00.000000 -781.551915968 -5696.798940172 -3531.669238024 -0.50761070427 4.09096616551 -6.48332972209
2024-01-09T11:46:00.000000 -810.161795206 -5438.244527360 -3912.104528615 -0.44568499425 4.52413408679 -6.19291965937
2024-01-09T11:47:00.000000 -834.993023301 -5154.328309197 -4274.242632054 -0.38170500111 4.93603253804 -5.87366582386
2024-01-09T11:48:00.000000 -855.931312014 -4846.384213623 -4616.397852930 -0.31597111755 5.32475506864 -5.52708741310
2024-01-09T11:49:00.000000 -872.880641026 -4515.857114040 -4936.979415621 -0.24879161743 5.68851103183 -5.15482742803
2024-01-09T11:50:00.000000 -885.763678559 -4164.295677222 -5234.498554068 -0.18048087465 6.02563208397 -4.75864143654
2024-01-09T11:51:00.000000 -894.522093285 -3793.344898008 -5507.574990988 -0.11135758409 6.33457580116 -4.34038886990
2024-01-09T11:52:00.000000 -899.116762711 -3404.738446363 -5754.942969230 -0.04174303150 6.61393066750 -3.90202680279
2024-01-09T11:53:00.000000 -899.527874676 -3000.290553305 -5975.456904242 0.02804066992 6.86242362502 -3.44560218594
2024-01-09T11:54:00.000000 -895.754928017 -2581.887509212 -6168.096446698 0.09767215354 7.07892669142 -2.97324060641
2024-01-09T11:55:00.000000 -887.816654644 -2151.478841531 -6331.970850181 0.16683179369 7.26246019163 -2.48713462611
2024-01-09T11:56:00.000000 -875.750896962 -1711.068366728 -6466.322684597 0.23520233243 7.41219474720 -1.98953437492
2024-01-09T11:57:00.000000 -859.614437614 -1262.705072169 -6570.531041387 0.30246989998 7.52745452341 -1.48273869923
2024-01-09T11:58:00.000000 -839.482748817 -808.473812152 -6644.114142156 0.36832568533 7.60772009947 -0.96908461392
2024-01-09T11:59:00.000000 -815.449637210 -350.485899717 -6686.731305181 0.43246763812 7.65262890953 -0.45093668274
2024-01-09T12:00:00.000000 -787.626798303 109.130297363 -6698.184335518 0.49460158856 7.66197508867 0.06932128673
2024-01-09T12:01:00.000000 -756.143322580 568.238809984 -6678.418451809 0.55444206624 7.63571163873 0.58929419582
2024-01-09T12:02:00.000000 -721.145139522 1024.705688360 -6627.522647743 0.61171346934 7.57395309981 1.10658675413
2024-01-09T12:03:00.000000 -682.794380032 1476.408679483 -6545.729313047 0.66615161161 7.47697462978 1.61881648775
2024-01-09T12:04:00.000000 -641.268648135 1921.246771515 -6433.413135345 0.71750510925 7.34520784604 2.12362385538
2024-01-09T12:05:00.000000 -596.760221339 2357.149461943 -6291.089521907 0.76553637309 7.17923824950 2.61867887352
2024-01-09T12:06:00.000000 -549.475198054 2782.086006475 -6119.412606470 0.81002242484 6.97980586093 3.10168884228
2024-01-09T12:07:00.000000 -499.632597147 3194.074698543 -5919.172681265 0.85075567268 6.74780517411 3.57040982090
2024-01-09T12:08:00.000000 -447.463415347 3591.192063165 -5691.292915726 0.88754457071 6.48428132410 4.02265856935
2024-01-09T12:09:00.000000 -393.209642509 3971.581712821 -5436.825420469 0.92021437641 6.19042494434 4.45632154757
2024-01-09T12:10:00.000000 -337.123217986 4333.462975325 -5156.946824803 0.94860845587 5.86756900414 4.86936293014
2024-01-09T12:11:00.000000 -279.464891816 4675.139362256 -4852.953318991 0.97259004528 5.51718601670 5.25983511783
2024-01-09T12:12:00.000000 -220.502987422 4995.006790634 -4526.255011564 0.99204360542 5.14088199844 5.62589076215
2024-01-09T12:13:00.000000 -160.512113810 5291.561318354 -4178.369582138 1.00687512079 4.74038777134 5.96579246355
2024-01-09T12:14:00.000000 -99.771885368 5563.406408596 -3810.915490936 1.01701175119 4.31755125169 6.27791982041
2024-01-09T12:15:00.000000 -38.565650733 5809.259736098 -3425.604696943 1.02240176908 3.87433149315 6.56077710764
2024-01-09T12:16:00.000000 22.820779671 6027.959712160 -3024.234960320 1.02301514540 3.41279133541 6.81300281546
2024-01-09T12:17:00.000000 84.100468219 6218.471359945 -2608.681457901 1.01884436730 2.93508717328 7.03337848306
2024-01-09T12:18:00.000000 144.986716612 6379.891626668 -2180.888028741 1.00990500951 2.44345791170 7.22083517499
2024-01-09T12:19:00.000000 205.194459467 6511.453994713 -1742.858001225 0.99623592907 1.94021491647 7.37445912522
2024-01-09T12:20:00.000000 264.441657699 6612.532570800 -1296.644742322 0.97789908106 1.42773148137 7.49349806300
2024-01-09T12:21:00.000000 322.450669364 6682.645393417 -844.341747511 0.95497896399 0.90843037810 7.57736693800
2024-01-09T12:22:00.000000 378.949580266 6721.457030065 -388.072515648 0.92758190413 0.38477057212 7.62565138226
2024-01-09T12:23:00.000000 433.673498805 6728.780336714 70.019779866 0.89583560390 -0.14076520802 7.63810979774
2024-01-09T12:24:00.000000 486.365832970 6704.577562780 527.782688761 0.85988901462 -0.66568301080 7.61467542170
2024-01-09T12:25:00.000000 536.779560017 6648.960568586 983.065043995 0.81991206365 -1.18749165851 7.55545747943
2024-01-09T12:26:00.000000 584.678460668 6562.190251291 1433.727472119 0.77609474381 -1.70371705113 7.46073961012
2024-01-09T12:27:00.000000 629.838283126 6444.675113431 1877.652780685 0.72864569432 -2.21191429946 7.33097659286
2024-01-09T12:28:00.000000 672.047815747 6296.969231655 2312.756117949 0.67779076239 -2.70967831558 7.16679180966
2024-01-09T12:29:00.000000 711.109884126 6119.769492828 2736.995060179 0.62377180697 -3.19465564423 6.96897558149
2024-01-09T12:30:00.000000 746.842276457 5913.912101061 3148.379524100 0.56684548048 -3.66455829875 6.73848138870
2024-01-09T12:31:00.000000 779.078586312 5680.368241766 3544.981358180 0.50728176332 -4.11717667282 6.47641869348
2024-01-09T12:32:00.000000 807.668967661 5420.239078278 3924.943446084 0.44536238055 -4.55038932131 6.18404462614
2024-01-09T12:33:00.000000 832.480793440 5134.750211583 4286.488354059 0.38137938771 -4.96217104686 5.86275713545
2024-01-09T12:34:00.000000 853.399240602 4825.245647785 4627.926601566 0.31563396227 -5.35060186715 5.51408877039
2024-01-09T12:35:00.000000 870.327797482 4493.181188921 4947.664497570 0.24843516887 -5.71387674393 5.13969881555
2024-01-09T12:36:00.000000 883.188699907 4140.117277126 5244.211483503 0.18009850335 -6.05031401214 4.74136372286
2024-01-09T12:37:00.000000 891.923263521 3767.711383065 5516.186856510 0.11094423088 -6.35836203202 4.32096760785
2024-01-09T12:38:00.000000 896.492122127 3377.710020096 5762.325975013 0.04129572150 -6.63660548696 3.88049326878
2024-01-09T12:39:00.000000 896.875364509 2971.940366993 5981.485865106 -0.02852206986 -6.88377176828 3.42201225689
2024-01-09T12:40:00.000000 893.072590894 2552.301549789 6172.650246056 -0.09818403663 -7.09873595845 2.94767358944
2024-01-09T12:41:00.000000 885.102872573 2120.755684117 6334.933812917 -0.16736648746 -7.28052359543 2.45969278086
2024-01-09T12:42:00.000000 873.004616276 1679.318792708 6467.585961887 -0.23574890806 -7.42831271830 1.96034251867
2024-01-09T12:43:00.000000 856.835321970 1230.051564895 6569.993922621 -0.30301561082 -7.54143681126 1.45194380752
2024-01-09T12:44:00.000000 836.671256346 775.049940288 6641.685412041 -0.36885686216 -7.61938797981 0.93685583840
2024-01-09T12:45:00.000000 812.607075016 316.435524288 6682.330551756 -0.43296951953 -7.66181861990 0.41746494976
2024-01-09T12:46:00.000000 784.755406967 -143.654033046 6691.743210708 -0.49505783156 -7.66854158857 -0.10382558116
2024-01-09T12:47:00.000000 753.246366983 -603.074675535 6669.881716497 -0.55483493627 -7.63953044602 -0.62460465505
2024-01-09T12:48:00.000000 718.226967317 -1059.685595793 6616.849076618 -0.61202480562 -7.57492014389 -1.14246287759
2024-01-09T12:49:00.000000 679.860417848 -1511.358929970 6532.892545773 -0.66636376087 -7.47500704353 -1.65500321463
2024-01-09T12:50:00.000000 638.325356096 -1955.989407632 6418.402551785 -0.71760117499 -7.34024755134 -2.15985163793
2024-01-09T12:51:00.000000 593.815059503 -2391.503895676 6273.911039580 -0.76549991281 -7.17125626100 -2.65466688382
2024-01-09T12:52:00.000000 546.536604679 -2815.870845069 6100.089200441 -0.80983727972 -6.96880447153 -3.13715013898
2024-01-09T12:53:00.000000 496.709961227 -3227.109642352 5897.744619418 -0.85040645191 -6.73381817234 -3.60505576487
2024-01-09T12:54:00.000000 444.566999920 -3623.299776553 5667.817738397 -0.88701774340 -6.46737423788 -4.05620241142
2024-01-09T12:55:00.000000 390.350437479 -4002.589754639 5411.377706138 -0.91949938444 -6.17069523207 -4.48848296514
2024-01-09T12:56:00.000000 334.312743959 -4363.205675000 5129.617649970 -0.94769817346 -5.84514436558 -4.89987314912
2024-01-09T12:57:00.000000 276.715001497 -4703.459545063 4823.849460956 -0.97148039442 -5.49222110883 -5.28844012661
2024-01-09T12:58:00.000000 217.825706703 -5021.757296725 4495.498009250 -0.99073280990 -5.11355640156 -5.65235213414
2024-01-09T12:59:00.000000 157.919517562 -5316.606526752 4146.094793350 -1.00536328385 -4.71090638991 -5.98988869349
2024-01-09T13:00:00.000000 97.275981992 -5586.623754054 3777.270948889 -1.01530101149 -4.28614457372 -6.29945040446
2024-01-09T13:01:00.000000 36.178249660 -5830.541213377 3390.749724967 -1.02049679797 -3.84125284255 -6.57956775876
2024-01-09T13:02:00.000000 -25.088239630 -6047.213051351 2988.338440136 -1.02092363723 -3.37831182720 -6.82890885193
2024-01-09T13:03:00.000000 -86.237108350 -6235.620980695 2571.920038178 -1.01657732895 -2.89949094011 -7.04628613713
2024-01-09T13:04:00.000000 -146.982418084 -6394.879282871 2143.444223656 -1.00747672899 -2.40703833845 -7.23066263396
2024-01-09T13:05:00.000000 -207.040050069 -6524.239240110 1704.918255997 -0.99366359894 -1.90327045912 -7.38115783955
2024-01-09T13:06:00.000000 -266.129072334 -6623.092872027 1258.397395918 -0.97520234083 -1.39056071575 -7.49705292978
2024-01-09T13:07:00.000000 -323.973090943 -6690.976034711 805.975082314 -0.95217982133 -0.87132763597 -7.57779474847
2024-01-09T13:08:00.000000 -380.301593690 -6727.570741067 349.772894355 -0.92470516828 -0.34802297833 -7.62299890344
2024-01-09T13:09:00.000000 -434.851271542 -6732.706813716 -108.069661665 -0.89290922424 0.17688045773 -7.63245258475
2024-01-09T13:10:00.000000 -487.367292528 -6706.362728637 -565.405507050 -0.85694352424 0.70090205198 -7.60611659802
2024-01-09T13:11:00.000000 -537.604507319 -6648.665708483 -1020.090433575 -0.81697909055 1.22156710067 -7.54412539329
2024-01-09T13:12:00.000000 -585.328588400 -6559.890945016 -1469.993458835 -0.77320553180 1.73641962337 -7.44678510237
2024-01-09T13:13:00.000000 -630.317131268 -6440.460148745 -1913.007062842 -0.72583053527 2.24303393613 -7.31457116376
2024-01-09T13:14:00.000000 -672.360715862 -6290.939346449 -2347.057269474 -0.67507921610 2.73902651260 -7.14812620350
2024-01-09T13:15:00.000000 -711.263924699 -6112.036014068 -2770.113610769 -0.62119277341 3.22206885446 -6.94825677390
2024-01-09T13:16:00.000000 -746.846245673 -5904.595360327 -3180.198788736 -0.56442661778 3.68989982661 -6.71592775984
2024-01-09T13:17:00.000000 -778.942877076 -5669.595993916 -3575.397985941 -0.50504873121 4.14033588859 -6.45225573419
2024-01-09T13:18:00.000000 -807.405442072 -5408.144954533 -3953.867771600 -0.44333860702 4.57128029182 -6.15850306762
2024-01-09T13:19:00.000000 -832.102658515 -5121.472256172 -4313.844696437 -0.37958623571 4.98073327031 -5.83607198193
2024-01-09T13:20:00.000000 -852.920918763 -4810.924708983 -4653.653437234 -0.31409052452 5.36680263627 -5.48649633870
2024-01-09T13:21:00.000000 -869.764769699 -4477.959221657 -4971.714394019 -0.24715740019 5.72771207459 -5.11143122511
2024-01-09T13:22:00.000000 -882.557285665 -4124.135650520 -5266.550658607 -0.17909836991 6.06180634076 -4.71264328342
2024-01-09T13:23:00.000000 -891.240377562 -3751.109439972 -5536.794481518 -0.11022964596 6.36755593226 -4.29200329815
2024-01-09T13:24:00.000000 -895.775046000 -3360.623870109 -5781.193316743 -0.04087112496 6.64356352813 -3.85147942329
2024-01-09T13:25:00.000000 -896.141553567 -2954.501910717 -5998.615419158 0.02865534816 6.88857130809 -3.39312845400
2024-01-09T13:26:00.000000 -892.339480809 -2534.637658388 -6188.054840529 0.09802804330 7.10146685909 -2.91908513435
2024-01-09T13:27:00.000000 -884.387664530 -2102.987495073 -6348.635782368 0.16692703352 7.28128707721 -2.43155108335
2024-01-09T13:28:00.000000 -872.324051847 -1661.561037075 -6479.616281139 0.23503541831 7.42722098707 -1.93278415136
2024-01-09T13:29:00.000000 -856.205482524 -1212.411943099 -6580.391273642 0.30204058390 7.53861177310 -1.42508802777
2024-01-09T13:30:00.000000 -836.107388530 -757.628623720 -6650.495040088 0.36763564112 7.61495783865 -0.91080252166
2024-01-09T13:31:00.000000 -812.123412698 -299.324911996 -6689.603120678 0.43152059331 7.65591366853 -0.39229491889
2024-01-09T13:32:00.000000 -784.364974702 160.369352450 -6697.533706355 0.49340293605 7.66129163075 0.12804852849
2024-01-09T13:33:00.000000 -752.960807883 619.317867179 -6674.248485646 0.55299821487 7.63106411633 0.64783267154
2024-01-09T13:34:00.000000 -718.056440464 1075.387489269 -6619.852833777 0.61003130605 7.56536401279 1.16466490438
2024-01-09T13:35:00.000000 -679.813579988 1526.457824879 -6534.595336182 0.66423838969 7.46448294446 1.67616589226
2024-01-09T13:36:00.000000 -638.409377129 1970.430680793 -6418.866714969 0.71536874857 7.32886901695 2.17997841045
2024-01-09T13:37:00.000000 -594.035607830 2405.239416263 -6273.198260601 0.76318572017 7.15912567472 2.67377560333
2024-01-09T13:38:00.000000 -546.897812823 2828.858234802 -6098.259726080 0.80746712271 6.95601100823 3.15527036706
2024-01-09T13:39:00.000000 -497.214415296 3239.311430132 -5894.856644779 0.84800594925 6.72043602850 3.62222568990
2024-01-09T13:40:00.000000 -445.215773709 3634.682472061 -5663.927013282 0.88461160395 6.45346172627 4.07246476317
2024-01-09T13:41:00.000000 -391.143157719 4013.122911151 -5406.537388345 0.91711113605 6.15629583487 4.50388079800
2024-01-09T13:42:00.000000 -335.247664264 4372.861067696 -5123.878368168 0.94534996534 5.83028922511 4.91444742900
2024-01-09T13:43:00.000000 -277.789103969 4712.210494356 -4817.259453428 0.96919233944 5.47693087476 5.30222956376
2024-01-09T13:44:00.000000 -219.034848495 5029.578060973 -4488.103259105 0.98852216420 5.09784116535 5.66539336910
2024-01-09T13:45:00.000000 -159.258612310 5323.471619633 -4137.939173621 1.00324433422 4.69476466986 6.00221485865
2024-01-09T13:46:00.000000 -98.739154724 5592.507252465 -3768.396526426 1.01328592780 4.26956318763 6.31108817039
2024-01-09T13:47:00.000000 -37.758934376 5835.416065816 -3381.197225449 1.01859658654 3.82420821916 6.59053441759
2024-01-09T13:48:00.000000 23.397238875 6051.050548741 -2978.147898316 1.01914814536 3.36077199688 6.83921020789
2024-01-09T13:49:00.000000 84.443519026 6238.390291831 -2561.131526485 1.01493423498 2.88141787349 7.05591461401
2024-01-09T13:50:00.000000 145.094335040 6396.547200819 -2132.098724957 1.00597045866 2.38839130348 7.23959531142
2024-01-09T13:51:00.000000 205.065726675 6524.770126539 -1693.058607963 0.99229508615 1.88401065664 7.38935554116
2024-01-09T13:52:00.000000 264.076728086 6622.448956318 -1246.069254011 0.97396963678 1.37065565441 7.50446156676
2024-01-09T13:53:00.000000 321.850759984 6689.117835009 -793.227723307 0.95107877215 0.85075328002 7.58434806287
2024-01-09T13:54:00.000000 378.116998074 6724.457598792 -336.659890958 0.92372950206 0.32676389650 7.62862022470
2024-01-09T13:55:00.000000 432.611685675 6728.297401137 121.489832462 0.89205019771 -0.19883021388 7.63705466772
2024-01-09T13:56:00.000000 485.079387919 6700.615746509 579.068804123 0.85618986068 -0.72353554037 7.60960159438
2024-01-09T13:57:00.000000 535.274218252 6641.540761452 1033.926685942 0.81631764673 -1.24486017224 7.54638752561
2024-01-09T13:58:00.000000 582.961029791 6551.349663355 1483.926033868 0.77262224567 -1.76032905784 7.44771559601
2024-01-09T13:59:00.000000 627.916556844 6430.467285769 1926.952819950 0.72531086981 -2.26749885953 7.31406242101
2024-01-09T14:00:00.000000 669.930493003 6279.463798692 2360.926697640 0.67460798975 -2.76397051013 7.14607338074
2024-01-09T14:01:00.000000 708.806485768 6099.051705880 2783.810994932 0.62075412512 -3.24740026729 6.94455815069
2024-01-09T14:02:00.000000 744.363069639 5890.082209502 3193.622438535 0.56400477791 -3.71551056321 6.71048614973
2024-01-09T14:03:00.000000 776.434528552 5653.540898814 3588.440576372 0.50462930986 -4.16610078188 6.44498125780
2024-01-09T14:04:00.000000 804.871692633 5390.542843189 3966.416884076 0.44290951437 -4.59705777814 6.14931589359
2024-01-09T14:05:00.000000 829.542627444 5102.327004740 4325.783470952 0.37913787629 -5.00636639878 5.82490437330
2024-01-09T14:06:00.000000 850.333224473 4790.250063951 4664.861366322 0.31361580202 -5.39211956916 5.47329482350
2024-01-09T14:07:00.000000 867.147687102 4455.779659189 4982.068266964 0.24665209761 -5.75252674174 5.09615997355
2024-01-09T14:08:00.000000 879.908937384 4100.487201320 5275.925752434 0.17856161976 -6.08592087639 4.69528821865
2024-01-09T14:09:00.000000 888.558932092 3726.040234478 5545.065959923 0.10966376306 -6.39076561808 4.27257505751
2024-01-09T14:10:00.000000 893.058883797 3334.194374909 5788.237726951 0.04028067982 -6.66566273923 3.83001306017
2024-01-09T14:11:00.000000 893.389373266 2926.784851232 6004.312060315 -0.02926443308 -6.90935743016 3.36968019829
2024-01-09T14:12:00.000000 889.550370049 2505.717814120 6192.286945918 -0.09864868286 -7.12074054410 2.89372942165
2024-01-09T14:13:00.000000 881.561178164 2072.961543698 6351.291598613 -0.16755069025 -7.29885090632 2.40438108458
2024-01-09T14:14:00.000000 869.460303645 1630.537426470 6480.590296055 -0.23565202351 -7.44288036809 1.90391517525
2024-01-09T14:15:00.000000 853.305232361 1180.510616554 6579.585608436 -0.30263868698 -7.55217929480 1.39465981443
2024-01-09T14:16:00.000000 833.172129286 724.980417251 6647.820924011 -0.36820215013 -7.62625833349 0.87897797846
2024-01-09T14:17:00.000000 809.155490542 266.070728275 6684.982171357 -0.43204004282 -7.66478705975 0.35925705151
2024-01-09T14:18:00.000000 781.367743149 -194.079487731 6690.899079137 -0.49385730653 -7.66759399332 -0.16209841503
2024-01-09T14:19:00.000000 749.938749975 -653.325808947 6665.545942810 -0.55336814087 -7.63466921754 -0.68267520929
2024-01-09T14:20:00.000000 715.015194801 -1109.528119630 6609.041836699 -0.61029792736 -7.56616603496 -1.20006329652
2024-01-09T14:21:00.000000 676.759876719 -1560.560351518 6521.650039195 -0.66438428703 -7.46239917494 -1.71186779598
2024-01-09T14:22:00.000000 635.350952982 -2004.320112346 6403.776805643 -0.71537748901 -7.32384224187 -2.21571825753
2024-01-09T14:23:00.000000 590.981177229 -2438.738147110 6255.969704002 -0.76304117164 -7.15112678528 -2.70927718914
2024-01-09T14:24:00.000000 543.857046139 -2861.787831554 6078.915291183 -0.80715369747 -6.94504170104 -3.19025048824
2024-01-09T14:25:00.000000 494.197878135 -3271.494524401 5873.436186654 -0.84750958518 -6.70653029240 -3.65639902162
2024-01-09T14:26:00.000000 442.234806211 -3665.944703978 5640.487432942 -0.88392056875 -6.43668562197 -4.10554887471
2024-01-09T14:27:00.000000 388.209725091 -4043.294808119 5381.152341219 -0.91621640042 -6.13674610211 -4.53560043102
2024-01-09T14:28:00.000000 332.374184017 -4401.779842000 5096.637723898 -0.94424556986 -5.80809143401 -4.94453793445
2024-01-09T14:29:00.000000 274.988248007 -4739.721708204 4788.268576934 -0.96787584845 -5.45223745145 -5.33043958135
2024-01-09T14:30:00.000000 216.319323295 -5055.537183192 4457.482133301 -0.98699476686 -5.07082990726 -5.69148707662
2024-01-09T14:31:00.000000 156.640956655 -5347.745527814 4105.821404615 -1.00151035242 -4.66563781397 -6.02597470025
2024-01-09T14:32:00.000000 96.231572122 -5614.975653573 3734.928133697 -1.01135211472 -4.23854595930 -6.33231837140
2024-01-09T14:33:00.000000 35.373160282 -5855.972819382 3346.535254162 -1.01647176973 -3.79154612550 -6.60906400541
2024-01-09T14:34:00.000000 -25.650066343 -6069.604765770 2942.458848366 -1.01684349172 -3.32672808330 -6.85489476039
2024-01-09T14:35:00.000000 -86.553020468 -6254.867348150 2524.589725483 -1.01246404927 -2.84627067040 -7.06863837850
2024-01-09T14:36:00.000000 -147.051105812 -6410.889563479 2094.884485640 -1.00335303198 -2.35243130364 -7.24927508328
2024-01-09T14:37:00.000000 -206.861583328 -6536.937892673 1655.356187786 -0.98955271285 -1.84753309461 -7.39594365212
2024-01-09T14:38:00.000000 -265.704915698 -6632.419859980 1208.064720603 -0.97112733149 -1.33395261291 -7.50794408075
2024-01-09T14:39:00.000000 -323.306059164 -6696.886951358 755.107105564 -0.94816245587 -0.81411058265 -7.58473965648
2024-01-09T14:40:00.000000 -379.395746530 -6730.037001873 298.607542511 -0.92076512987 -0.29046281409 -7.62596205153
2024-01-09T14:41:00.000000 -433.711790072 -6731.715915205 -159.292880944 -0.88906427760 0.23451346304 -7.63141732764
2024-01-09T14:42:00.000000 -486.000382603 -6701.918453674 -616.446718183 -0.85321021076 0.75833664087 -7.60108736792
2024-01-09T14:43:00.000000 -536.017342285 -6640.788028170 -1070.710628024 -0.81337311221 1.27853500470 -7.53512619980
2024-01-09T14:44:00.000000 -583.529255007 -6548.615818670 -1519.955580906 -0.76974157247 1.79265601715 -7.43385670515
2024-01-09T14:45:00.000000 -628.314558157 -6425.839364032 -1962.076997063 -0.72252194770 2.29827555444 -7.29777097321
2024-01-09T14:46:00.000000 -670.164592042 -6273.040460955 -2395.004896933 -0.67193802524 2.79301160804 -7.12753064625
2024-01-09T14:47:00.000000 -708.884631079 -6090.942171465 -2816.714015352 -0.61823012154 3.27453996908 -6.92396273441
2024-01-09T14:48:00.000000 -744.294822741 -5880.404942865 -3225.233462262 -0.56165346851 3.74060698304 -6.68805173825
2024-01-09T14:49:00.000000 -776.231032325 -5642.422100979 -3618.655960730 -0.50247643155 4.18903873022 -6.42093226271
2024-01-09T14:50:00.000000 -804.545577309 -5378.114776992 -3995.146651077 -0.44097885487 4.61774975479 -6.12388319898
2024-01-09T14:51:00.000000 -829.107872332 -5088.726360767 -4352.951599730 -0.37745044292 5.02475267244 -5.79832135712
2024-01-09T14:52:00.000000 -849.804968294 -4775.616298851 -4690.405811211 -0.31218916206 5.40816721525 -5.44579348413
2024-01-09T14:53:00.000000 -866.542007532 -4440.253455187 -5005.940788326 -0.24549983051 5.76622795761 -5.06796776666
2024-01-09T14:54:00.000000 -879.242593825 -4084.208975901 -5298.091542901 -0.17769293064 6.09729148450 -4.66662544864
2024-01-09T14:55:00.000000 -887.849104717 -3709.148797034 -5565.503151959 -0.10908343922 6.39984338231 -4.24365191057
2024-01-09T14:56:00.000000 -892.322916663 -3316.825681192 -5806.936687870 -0.03998952399 6.67250434780 -3.80102704895
2024-01-09T14:57:00.000000 -892.644558474 -2909.070975628 -6021.274618327 0.02926885578 6.91403519205 -3.34081558483
2024-01-09T14:58:00.000000 -888.813771893 -2487.786055258 -6207.525584439 0.09837138912 7.12334117239 -2.86515756492
2024-01-09T14:59:00.000000 -880.849492209 -2054.933561897 -6364.828669924 0.16699898120 7.29947577706 -2.37625874391
2024-01-09T15:00:00.000000 -868.789718554 -1612.528396513 -6492.457021577 0.23483551285 7.44164377286 -1.87638094548
2024-01-09T15:01:00.000000 -852.691283537 -1162.628572750 -6589.820949231 0.30156961062 7.54920381366 -1.36783251132
2024-01-09T15:02:00.000000 -832.629524109 -707.325905218 -6656.470393578 0.36689599483 7.62167081954 -0.85295840443
2024-01-09T15:03:00.000000 -808.697893148 -248.736584407 -6692.096853714 0.43051616267 7.65871759876 -0.33412977997
2024-01-09T15:04:00.000000 -781.007541290 211.008320817 -6696.534614251 0.49213875443 7.66017538361 0.18626617326
2024-01-09T15:05:00.000000 -749.686868457 669.772374037 -6669.761448457 0.55148037428 7.62603405799 0.70583561087
2024-01-09T15:06:00.000000 -714.880999471 1125.423298909 -6611.898702748 0.60826722831 7.55644258057 1.22218748614
2024-01-09T15:07:00.000000 -676.751150697 1575.842530830 -6523.210874828 0.66223702497 7.45170874236 1.73294371928
2024-01-09T15:08:00.000000 -635.473895783 2018.934697832 -6404.104491921 0.71314028314 7.31229760962 2.23574911600
2024-01-09T15:09:00.000000 -591.240377351 2452.637009205 -6255.126497791 0.76074101396 7.13882981665 2.72828021067
2024-01-09T15:10:00.000000 -544.255470014 2874.928547653 -6076.962043364 0.80481748752 6.93208070408 3.20825429712
2024-01-09T15:11:00.000000 -494.736899287 3283.839539804 -5870.431786911 0.84516346859 6.69297897480 3.67344003763
2024-01-09T15:12:00.000000 -442.914264499 3677.460445955 -5636.488430125 0.88158948053 6.42260317839 4.12166847743
2024-01-09T15:13:00.000000 -389.028012068 4053.950822437 -5376.212715502 0.91392359857 6.12217708764 4.55084249287
2024-01-09T15:14:00.000000 -333.328360190 4411.547908065 -5090.808814949 0.94201198780 5.79306616676 4.95894546997
2024-01-09T15:15:00.000000 -276.074200123 4748.575053109 -4781.599257487 0.96571968290 5.43677428344 5.34405175453
2024-01-09T15:16:00.000000 -217.531927759 5063.449846317 -4450.019066423 0.98493158372 5.05493774523 5.70433863073
2024-01-09T15:17:00.000000 -157.974228670 5354.691805516 -4097.609280472 0.99955325635 4.64931614843 6.03809653621
2024-01-09T15:18:00.000000 -97.678821548 5620.929489122 -3726.009943032 1.00951145099 4.22178327189 6.34373589461
2024-01-09T15:19:00.000000 -36.927169292 5860.907130584 -3336.952707269 1.01475466290 3.77432040745 6.61979306764
2024-01-09T15:20:00.000000 23.996842360 6073.490929741 -2932.253100644 1.01525383754 3.30901033717 6.86493852406
2024-01-09T15:21:00.000000 84.808272854 6257.674886761 -2513.802129481 1.01100285485 2.82802874669 7.07798684202
2024-01-09T15:22:00.000000 145.222501786 6412.586034916 -2083.557377705 1.00201847719 2.33363211855 7.25790555861
2024-01-09T15:23:00.000000 204.956591740 6537.488881773 -1643.533644654 0.98833992318 1.82814439984 7.40382052452
2024-01-09T15:24:00.000000 263.730621446 6631.789104691 -1195.793366857 0.97002854986 1.31394543975 7.51501832605
2024-01-09T15:25:00.000000 321.269018605 6695.036619671 -742.436903515 0.94716798708 0.79346209527 7.59094886057
2024-01-09T15:26:00.000000 377.301907724 6726.928157863 -285.592593341 0.91986453381 0.26915939294 7.63123064709
2024-01-09T15:27:00.000000 431.566469483 6727.309162567 172.593561383 0.88824713534 -0.25647231959 7.63565777450
2024-01-09T15:28:00.000000 483.808282472 6696.174867655 629.968596834 0.85246635983 -0.78093462426 7.60420377484
2024-01-09T15:29:00.000000 533.782562091 6633.670197954 1084.383297424 0.81269266858 -1.30173808360 7.53701964521
2024-01-09T15:30:00.000000 581.255312317 6540.088859784 1533.702713326 0.76911504585 -1.81641481228 7.43442922526
2024-01-09T15:31:00.000000 626.004417817 6415.871713017 1975.816444590 0.72194052449 -2.32252840555 7.29692647503
2024-01-09T15:32:00.000000 667.820720323 6261.604606262 2408.648787175 0.67139380563 -2.81768577631 7.12517395844
2024-01-09T15:33:00.000000 706.509041611 6078.015318275 2830.168761156 0.61771589681 -3.29955037793 6.91999872101
2024-01-09T15:34:00.000000 741.889097809 5865.969862085 3238.399777733 0.56116193716 -3.76585292564 6.68238597008
2024-01-09T15:35:00.000000 773.796294693 5626.468137571 3631.429006620 0.50199940684 -4.21439997280 6.41347477739
2024-01-09T15:36:00.000000 802.082427296 5360.639153124 4007.416489830 0.44050723609 -4.64308561461 6.11455516397
2024-01-09T15:37:00.000000 826.616359029 5069.735234950 4364.604046689 0.37697519365 -5.04990642616 5.78706075222
2024-01-09T15:38:00.000000 847.284637408 4755.125559677 4701.323475925 0.31170276095 -5.43297258814 5.43255538800
2024-01-09T15:39:00.000000 863.992030386 4418.289154424 5016.004041258 0.24499753575 -5.79051131260 5.05272133962
2024-01-09T15:40:00.000000 876.661959807 4060.807895758 5307.179304109 0.17717336104 -6.12086934169 4.64935402723
2024-01-09T15:41:00.000000 885.236813937 3684.359042181 5573.493892335 0.10854826068 -6.42252167865 4.22435831577
2024-01-09T15:42:00.000000 889.678134946 3290.707210461 5813.709751506 0.03944237496 -6.69408303180 3.77973809578
2024-01-09T15:43:00.000000 889.966700835 2881.695789456 6026.711685487 -0.02982340544 -6.93431362239 3.31758148754
2024-01-09T15:44:00.000000 886.102549742 2459.238168287 6211.511988060 -0.09892803507 -7.14211959248 2.84004982406
2024-01-09T15:45:00.000000 878.104969175 2025.308941647 6367.254690162 -0.16755112837 -7.31655566283 2.34937140835
2024-01-09T15:46:00.000000 866.012406774 1581.934792426 6493.219324907 -0.23537472720 -7.45683170318 1.84783290552
2024-01-09T15:47:00.000000 849.882264294 1131.185056109 6588.824046243 -0.30208539132 -7.56231700245 1.33776586034
2024-01-09T15:48:00.000000 829.790575682 675.162123229 6653.627924315 -0.36737550002 -7.63253916711 0.82153447477
2024-01-09T15:49:00.000000 805.831643078 215.992030426 6687.332674649 -0.43094392078 -7.66718298122 0.30152833077
2024-01-09T15:50:00.000000 778.117616118 -244.185062901 6689.783987009 -0.49249710704 -7.66609347481 -0.21984455246
2024-01-09T15:51:00.000000 746.777985670 -703.224593381 6660.972297812 -0.55175087655 -7.62927953868 -0.74016928128
2024-01-09T15:52:00.000000 711.958972383 -1158.987454575 6601.032813668 -0.60843192534 -7.55691321657 -1.25703733132
2024-01-09T15:53:00.000000 673.822851489 -1609.349663298 6510.244821847 -0.66227861449 -7.44932642546 -1.76805642275
2024-01-09T15:54:00.000000 632.547219934 -2052.211926622 6389.030417983 -0.71304174082 -7.30701007586 -2.27085810326
2024-01-09T15:55:00.000000 588.324228509 -2485.509190166 6237.952911893 -0.76048602786 -7.13061485479 -2.76310780262
2024-01-09T15:56:00.000000 541.359676455 -2907.220204438 6057.714317041 -0.80439185404 -6.92094945285 -3.24251755531
2024-01-09T15:57:00.000000 491.872046546 -3315.376852208 5849.152246723 -0.84455625698 -6.67897535616 -3.70685769088
2024-01-09T15:58:00.000000 440.091488602 -3708.073153328 5613.236090592 -0.88079310114 -6.40580137369 -4.15396564291
2024-01-09T15:59:00.000000 386.258819919 -4083.473967738 5351.062815079 -0.91293322344 -6.10267958411 -4.58175390301
2024-01-09T16:00:00.000000 330.624477239 -4439.823491490 5063.852152214 -0.94082521155 -5.77100178144 -4.98821867909
2024-01-09T16:01:00.000000 273.447418993 -4775.453522698 4752.941329402 -0.96433664374 -5.41229529579 -5.37144919063
2024-01-09T16:02:00.000000 214.993951079 -5088.791430754 4419.779168517 -0.98335520902 -5.02821806862 -5.72963762572
2024-01-09T16:03:00.000000 155.536496422 -5378.367838208 4065.919618990 -0.99778935668 -4.62055215212 -6.06108986469
2024-01-09T16:04:00.000000 95.352340639 -5642.823789426 3693.014600601 -1.00756860580 -4.19119483678 -6.36423560488
2024-01-09T16:05:00.000000 34.722356810 -5880.917379043 3302.806342805 -1.01264392898 -3.74214864725 -6.63763621715
2024-01-09T16:06:00.000000 -26.070298549 -6091.529763890 2897.119268976 -1.01298838803 -3.27551213161 -6.87999102622
2024-01-09T16:07:00.000000 -86.741530928 -6273.670690639 2477.851558690 -1.00859766828 -2.79347108988 -7.09014383620
2024-01-09T16:08:00.000000 -147.007666503 -6426.483422509 2046.966250535 -0.99949007434 -2.29828876430 -7.26708970464
2024-01-09T16:09:00.000000 -206.586799491 -6549.249079612 1606.482001133 -0.98570620439 -1.79229506059 -7.40998067833
2024-01-09T16:10:00.000000 -265.200128712 -6641.390293745 1158.463499542 -0.96730898557 -1.27787592480 -7.51813080173
2024-01-09T16:11:00.000000 -322.573310417 -6702.474273435 705.011607332 -0.94438416834 -0.75746208922 -7.59102150005
2024-01-09T16:12:00.000000 -378.437837431 -6732.215077763 248.253148855 -0.91704050472 -0.23351556651 -7.62830647200
2024-01-09T16:13:00.000000 -432.532398875 -6730.475052585 -209.669499231 -0.88540893348 0.29148540148 -7.62981376514
2024-01-09T16:14:00.000000 -484.604171033 -6697.265361000 -666.608864654 -0.84964110939 0.81506025909 -7.59554497599
2024-01-09T16:15:00.000000 -534.410015035 -6632.745772969 -1120.422732153 -0.80990804373 1.33473817569 -7.52567363729
2024-01-09T16:16:00.000000 -581.717607630 -6537.223728507 -1568.984421229 -0.76639911741 1.84806962947 -7.42054386943
2024-01-09T16:17:00.000000 -626.306517335 -6411.152704789 -2010.192970743 -0.71932114708 2.35263825850 -7.28066833093
2024-01-09T16:18:00.000000 -667.969219184 -6255.129870427 -2441.983161668 -0.66889738554 2.84607226702 -7.10672526147
2024-01-09T16:19:00.000000 -706.512053142 -6069.893088482 -2862.335359391 -0.61536658936 3.32605570507 -6.89955535306
2024-01-09T16:20:00.000000 -741.756126481 -5856.317202613 -3269.285151902 -0.55898206602 3.79034085877 -6.66015789369
2024-01-09T16:21:00.000000 -773.538149887 -5615.409547888 -3660.932689923 -0.50001036975 4.23676098475 -6.38968438522
2024-01-09T16:22:00.000000 -801.711184061 -5348.304759973 -4035.451570053 -0.43872966955 4.66324080659 -6.08943003613
2024-01-09T16:23:00.000000 -826.145288623 -5056.259047424 -4391.097207379 -0.37542818201 5.06780433809 -5.76082564811
2024-01-09T16:24:00.000000 -846.728084200 -4740.644022291 -4726.214759430 -0.31040285990 5.44858244840 -5.40543087579
2024-01-09T16:25:00.000000 -863.365238421 -4402.940017959 -5039.246653564 -0.24395806036 5.80382148464 -5.02492689598
2024-01-09T16:26:00.000000 -875.980862524 -4044.728916075 -5328.739606073 -0.17640393938 6.13189133283 -4.62110727814
2024-01-09T16:27:00.000000 -884.517807200 -3667.686537812 -5593.351079398 -0.10805470396 6.43129168601 -4.19586842551
2024-01-09T16:28:00.000000 -888.937856443 -3273.574694087 -5831.855180944 -0.03922698861 6.70065766063 -3.75120059713
2024-01-09T16:29:00.000000 -889.221830086 -2864.232877722 -6043.148012888 0.02976151962 6.93876554964 -3.28917829805
2024-01-09T16:30:00.000000 -885.369611959 -2441.569651840 -6226.252405929 0.09859318906 7.14453724710 -2.81194954789
2024-01-09T16:31:00.000000 -877.400118173 -2007.553833018 -6380.322023199 0.16695138727 7.31704270084 -2.32172587908
2024-01-09T16:32:00.000000 -865.351207444 -1564.205545734 -6504.644916878 0.23452159842 7.45550237841 -1.82077406440
2024-01-09T16:33:00.000000 -849.279506038 -1113.587071715 -6598.646589976 0.30099301313 7.55929111759 -1.31140737694
2024-01-09T16:34:00.000000 -829.260132023 -657.793487039 -6661.892464549 0.36606034806 7.62794132222 -0.79597458597
2024-01-09T16:35:00.000000 -805.386317051 -198.943178036 -6694.089665072 0.42942530521 7.66114352075 -0.27684853388
2024-01-09T16:36:00.000000 -777.768956755 260.831629789 -6695.088168904 0.49079748789 7.65874576510 0.24358325623
2024-01-09T16:37:00.000000 -746.536113982 719.394333360 -6664.881437024 0.54989522322 7.62075429269 0.76292703847
2024-01-09T16:38:00.000000 -711.832463908 1174.613475499 -6603.606498413 0.60644662770 7.54733454615 1.27879264376
2024-01-09T16:39:00.000000 -673.818672191 1624.372288232 -6511.543421129 0.66019075476 7.43881050426 1.78880394197
2024-01-09T16:40:00.000000 -632.670706837 2066.578161050 -6389.114192197 0.71087864914 7.29566304829 2.29060788797
2024-01-09T16:41:00.000000 -588.579083756 2499.172028517 -6236.881077740 0.75827455945 7.11852950126 2.78188308840
2024-01-09T16:42:00.000000 -541.748030884 2920.137749229 -6055.544416873 0.80215743702 6.90820331609 3.26035039179
2024-01-09T16:43:00.000000 -492.394563483 3327.511408659 -5845.939731133 0.84232226564 6.66563120833 3.72378481121
2024-01-09T16:44:00.000000 -440.747497260 3719.390374262 -5609.034157983 0.87858075438 6.39190807394 4.17002563253
2024-01-09T16:45:00.000000 -387.046435371 4093.942043703 -5345.922349759 0.91076171456 6.08827291607 4.59698445134
2024-01-09T16:46:00.000000 -331.540721537 4449.412406864 -5057.821868957 0.93871181193 5.75610632013 5.00265419778
2024-01-09T16:47:00.000000 -274.488334409 4784.134450317 -4746.067987371 0.96229675642 5.39692655154 5.38512030773
2024-01-09T16:48:00.000000 -216.154712094 5096.536225982 -4412.107801190 0.98140231494 5.01238268751 5.74257160345
2024-01-09T16:49:00.000000 -156.811531317 5385.148454806 -4057.493750811 0.99593483400 4.60424675894 6.07330911477
2024-01-09T16:50:00.000000 -96.735462025 5648.611684179 -3683.876644448 1.00582158264 4.17440657925 6.37575421065
2024-01-09T16:51:00.000000 -36.206897303 5885.683013605 -3292.998177423 1.01101127446 3.72485819717 6.64845730272
2024-01-09T16:52:00.000000 24.491350629 6095.242345024 -2886.682946961 1.01147469431 3.25769688550 6.89010617037
2024-01-09T16:53:00.000000 85.075391814 6276.298026647 -2466.829975950 1.00720516245 2.77510756666 7.09953313235
2024-01-09T16:54:00.000000 145.261617499 6427.991947992 -2035.403838781 0.99821876046 2.27935505468 7.27572204250
2024-01-09T16:55:00.000000 204.768068221 6549.604003720 -1594.425354768 0.98455437717 1.77277295839 7.41781523698
2024-01-09T16:56:00.000000 263.315800708 6640.555873857 -1145.961913078 0.96627365467 1.25775112857 7.52511883832
2024-01-09T16:57:00.000000 320.630251628 6700.414001578 -692.117534104 0.94346092797 0.73672351207 7.59710610966
2024-01-09T16:58:00.000000 376.442596111 6728.891903854 -235.022747551 0.91622312007 0.21215667464 7.63342080032
2024-01-09T16:59:00.000000 430.491091823 6725.851739527 223.175749768 0.88468930855 -0.31346314854 7.63388075694
2024-01-09T17:00:00.000000 482.522384116 6691.305088463 680.325596741 0.84900972913 -0.83764480591 7.59847917462
2024-01-09T17:01:00.000000 532.292732840 6625.412793396 1134.279237843 0.80935444400 -1.35790553507 7.52738263486
2024-01-09T17:02:00.000000 579.569165040 6528.484148551 1582.904261082 0.76591210402 -1.87178147142 7.42092922332
2024-01-09T17:03:00.000000 624.130556835 6400.975419839 2024.093685674 0.71888889342 -2.37683876162 7.27962857273
2024-01-09T17:04:00.000000 665.768657869 6243.487690626 2455.776231591 0.66850751999 -2.87068790434 7.10416048031
2024-01-09T17:05:00.000000 704.289054276 6056.763700353 2875.926373200 0.61500642034 -3.35099779866 6.89536907298
2024-01-09T17:06:00.000000 739.512099890 5841.684056883 3282.573979890 0.55863930936 -3.81550567413 6.65425585530
2024-01-09T17:07:00.000000 771.273807677 5599.262840590 3673.813644532 0.49967441832 -4.26202555325 6.38197616374
2024-01-09T17:08:00.000000 799.426680945 5330.642744972 4047.813826023 0.43839245486 -4.68846070164 6.07983648005
2024-01-09T17:09:00.000000 823.840361045 5037.089181408 4402.825729377 0.37508367605 -5.09281834550 5.74928637663
2024-01-09T17:10:00.000000 844.402135937 4719.983751254 4737.191485245 0.31004577744 -5.47321993953 5.39190516063
2024-01-09T17:11:00.000000 861.017361944 4380.817198298 5049.351600415 0.24358348649 -5.82790521231 5.00939035448
2024-01-09T17:12:00.000000 873.609894541 4021.182293876 5337.851772543 0.17600841689 -6.15523606634 4.60355110538
2024-01-09T17:13:00.000000 882.122451551 3642.766214318 5601.349480327 0.10763737317 -6.45370433735 4.17630239400
2024-01-09T17:14:00.000000 886.516841601 3247.342518644 5838.620037095 0.03878950018 -6.72194023513 3.72965544223
2024-01-09T17:15:00.000000 886.774044502 2836.762654138 6048.562041765 -0.03021570217 -6.95871764787 3.26570645161
2024-01-09T17:16:00.000000 882.894200105 2412.947244784 6230.202153716 -0.09905882652 -7.16295785048 2.78662670694
2024-01-09T17:17:00.000000 874.896607172 1977.877092581 6382.699329256 -0.16742094376 -7.33373423161 2.29465285854
2024-01-09T17:18:00.000000 862.819645140 1533.583933319 6505.348393403 -0.23498525314 -7.47027607644 1.79207528432
2024-01-09T17:19:00.000000 846.720584380 1082.141043881 6597.582923519 -0.30143936857 -7.57196910366 1.28122688457
2024-01-09T17:20:00.000000 826.675257853 625.653883264 6658.977532433 -0.36647689759 -7.63835527336 0.76447500810
2024-01-09T17:21:00.000000 802.777686265 166.250637319 6689.249734206 -0.42979819668 -7.66913564136 0.24421414287
2024-01-09T17:22:00.000000 775.139644412 -293.927452952 6688.261263474 -0.49111129038 -7.66417440485 -0.27714489501
2024-01-09T17:23:00.000000 743.890159765 -752.735913092 6656.018666197 -0.55013331988 -7.62349956021 -0.79718811767
2024-01-09T17:24:00.000000 709.174919783 -1208.036805893 6592.673143084 -0.60659204522 -7.54730034714 -1.31350903775
2024-01-09T17:25:00.000000 671.155598221 -1657.708347963 6498.519874722 -0.66022704234 -7.43592601442 -1.82371651926
2024-01-09T17:26:00.000000 630.009108744 -2099.654526584 6373.996780166 -0.71079081776 -7.28988696763 -2.32544443170
2024-01-09T17:27:00.000000 585.926802565 -2531.814799729 6219.682719648 -0.75804993251 -7.10985401556 -2.81636482987
2024-01-09T17:28:00.000000 539.113590915 -2952.173551113 6036.294733375 -0.80178584419 -6.89665312594 -3.29420045282
2024-01-09T17:29:00.000000 489.787039480 -3358.769215499 5824.684777655 -0.84179541271 -6.65125910269 -3.75673296676
2024-01-09T17:30:00.000000 438.176422706 -3749.703089133 5585.835958782 -0.87789149476 -6.37479219393 -4.20180895222
2024-01-09T17:31:00.000000 384.521744306 -4123.148013654 5320.858492633 -0.90990393902 -6.06851678055 -4.62734793857
2024-01-09T17:32:00.000000 329.072675475 -4477.356961430 5030.984946028 -0.93768074228 -5.73383887807 -5.03135304439
2024-01-09T17:33:00.000000 272.087438468 -4810.671398588 4717.564919079 -0.96108907482 -5.37230120247 -5.41192224736
2024-01-09T17:34:00.000000 213.831624592 -5121.529288445 4382.059002350 -0.98001621224 -4.98557673635 -5.76725906448
2024-01-09T17:35:00.000000 154.576965012 -5408.472704053 4026.032174651 -0.99437045302 -4.57546100928 -6.09568271792
2024-01-09T17:36:00.000000 94.600042699 -5670.154893159 3651.146547198 -1.00408178929 -4.14386296257 -6.39563714373
2024-01-09T17:37:00.000000 34.180985696 -5905.346809936 3259.153683151 -1.00910211184 -3.69279548938 -6.66569804449
2024-01-09T17:38:00.000000 -26.397852214 -6112.943075071 2851.886478175 -1.00940526497 -3.22436705296 -6.90457903401
2024-01-09T17:39:00.000000 -86.853211935 -6291.967500291 2431.250724744 -1.00498745888 -2.74077353585 -7.11113868201
2024-01-09T17:40:00.000000 -146.902298533 -6441.578021990 1999.216141257 -0.99586800439 -2.24428836182 -7.28438838846
2024-01-09T17:41:00.000000 -206.264179481 -6561.071013672 1557.807006435 -0.98208966332 -1.73725033385 -7.42349922686
2024-01-09T17:42:00.000000 -264.661179114 -6649.884805833 1109.092415009 -0.96371809244 -1.22205080434 -7.52780662955
2024-01-09T17:43:00.000000 -321.820220184 -6707.602491989 655.176333469 -0.94084070206 -0.70112141828 -7.59681351886
2024-01-09T17:44:00.000000 -377.474098241 -6733.953967952 198.187459034 -0.91356575901 -0.17692223435 -7.63019282508
2024-01-09T17:45:00.000000 -431.362723861 -6728.817289207 -259.731034611 -0.88202209345 0.34807051883 -7.62778934111
2024-01-09T17:46:00.000000 -483.234347849 -6692.219236511 -716.431841250 -0.84635899580 0.87137710426 -7.58962057967
2024-01-09T17:47:00.000000 -532.846785908 -6624.335182668 -1169.773884093 -0.80674568998 1.39052697081 -7.51587653887
2024-01-09T17:48:00.000000 -579.968576784 -6525.488133471 -1617.632633671 -0.76337029244 1.90307120903 -7.40691855666
2024-01-09T17:49:00.000000 -624.380086324 -6396.147083787 -2057.910336960 -0.71643870172 2.40659483785 -7.26327738804
2024-01-09T17:50:00.000000 -665.874541850 -6236.924578482 -2488.546097349 -0.66617367483 2.89872924570 -7.08565048446
2024-01-09T17:51:00.000000 -704.259020899 -6048.573594016 -2907.525777462 -0.61281383129 3.37716489457 -6.87489798446
2024-01-09T17:52:00.000000 -739.355358450 -5831.983583482 -3312.891584277 -0.55661226182 3.83966356894 -6.63203692812
2024-01-09T17:53:00.000000 -771.000968942 -5588.175893329 -3702.751279227 -0.49783488813 4.28406905418 -6.35823410086
2024-01-09T17:54:00.000000 -799.049567083 -5318.298533382 -4075.286937234 -0.43675894409 4.70831613419 -6.05479882718
2024-01-09T17:55:00.000000 -823.371808549 -5023.620507973 -4428.763303867 -0.37367161290 5.11043913765 -5.72317615110
2024-01-09T17:56:00.000000 -843.855842372 -4705.525541720 -4761.535717179 -0.30886861155 5.48858072049 -5.36493959191
2024-01-09T17:57:00.000000 -860.407780677 -4365.505349440 -5072.057574983 -0.24265272441 5.84100013176 -4.98178268957
2024-01-09T17:58:00.000000 -872.952080004 -4005.152401655 -5358.887259068 -0.17533251678 6.16608015776 -4.57551013686
2024-01-09T17:59:00.000000 -881.431856404 -3626.152354067 -5620.694560365 -0.10722110819 6.46233345548 -4.14802921092
2024-01-09T18:00:00.000000 -885.809109987 -3230.276033895 -5856.266559910 -0.03863457507 6.72840912121 -3.70134086534
2024-01-09T18:01:00.000000 -886.064844502 -2819.371080859 -6064.512954194 0.03011002564 6.96309866479 -3.23752938368
2024-01-09T18:02:00.000000 -882.199074576 -2395.353258047 -6244.470714731 0.09869628713 7.16534001721 -2.75875138497
2024-01-09T18:03:00.000000 -874.230757224 -1960.197606435 -6395.308130900 0.16680925737 7.33421998009 -2.26722573378
2024-01-09T18:04:00.000000 -862.197691403 -1515.929427232 -6516.328261440 0.23413595424 7.46897673758 -1.76522452876
2024-01-09T18:05:00.000000 -846.156367411 -1064.615118316 -6606.971862974 0.30036657775 7.56900270091 -1.25506382393
2024-01-09T18:06:00.000000 -826.181720411 -608.352849316 -6666.819717157 0.36519651431 7.63384660808 -0.73909371980
2024-01-09T18:07:00.000000 -802.366755465 -149.263149230 -6695.594397456 0.42832824533 7.66321458594 -0.21968857883
2024-01-09T18:08:00.000000 -774.822087409 310.520563215 -6693.161424101 0.48947243130 7.65697097181 0.30076248315
2024-01-09T18:09:00.000000 -743.675433268 768.861492785 -6659.529865551 0.54834846870 7.61513891259 0.81986546489
2024-01-09T18:10:00.000000 -709.071063920 1223.628991497 -6594.852321647 0.60468524086 7.53790004755 1.33523128469
2024-01-09T18:11:00.000000 -671.169205601 1672.708045593 -6499.424374852 0.65822234257 7.42559381090 1.84448462506
2024-01-09T18:12:00.000000 -630.145349768 2114.008744449 -6373.683494700 0.70871154424 7.27871770192 2.34527266951
2024-01-09T18:13:00.000000 -586.189481041 2545.475788829 -6218.207380968 0.75591820885 7.09792770655 2.83527592454
2024-01-09T18:14:00.000000 -539.505222790 2965.097937104 -6033.711590349 0.79962249870 6.88403608278 3.31222074274
2024-01-09T18:15:00.000000 -490.308922212 3370.917254985 -5821.046442921 0.83962027825 6.63800620569 3.77389014994
2024-01-09T18:16:00.000000 -438.828686182 3761.038012744 -5581.193381173 0.87572378302 6.36094780107 4.21813146300
2024-01-09T18:17:00.000000 -385.303379750 4133.635409512 -5315.260903604 0.90776231513 6.05411493014 4.64286373480
2024-01-09T18:18:00.000000 -329.981574243 4486.964157181 -5024.479949523 0.93558319342 5.71890419081 5.04608837739
2024-01-09T18:19:00.000000 -273.120434359 4819.366945362 -4710.198597606 0.95905284558 5.35684956241 5.42590152811
2024-01-09T18:20:00.000000 -214.984542120 5129.282407803 -4373.876044927 0.97805771157 4.96961423352 5.78050444164
2024-01-09T18:21:00.000000 -155.844678242 5415.252655847 -4017.076066623 0.99250481438 4.55898279097 6.10821129489
2024-01-09T18:22:00.000000 -95.976574965 5675.930343081 -3641.460001121 1.00232211199 4.12685475942 6.40745699821
2024-01-09T18:23:00.000000 -35.659649338 5910.085374007 -3248.779250503 1.00745891564 3.67523744146 6.67680611069
2024-01-09T18:24:00.000000 24.824296526 6116.611108118 -2840.867240905 1.00788656401 3.20623689081 6.91496134188
2024-01-09T18:25:00.000000 85.192422890 6294.529985683 -2419.630905872 1.00359921251 2.72204815591 7.12077084238
2024-01-09T18:26:00.000000 145.162234434 6442.998561304 -1987.041747551 0.99461422650 2.22494520527 7.29323533154
2024-01-09T18:27:00.000000 204.452966157 6561.311917121 -1545.126470052 0.98097178034 1.71726947497 7.43151512553
2024-01-09T18:28:00.000000 262.786926060 6648.907331445 -1095.957233358 0.96273397088 1.20141701362 7.53493543569
2024-01-09T18:29:00.000000 319.890791884 6705.367168880 -641.641656918 0.93998433621 0.67982602387 7.60298946696
2024-01-09T18:30:00.000000 375.496901486 6730.421051644 -184.312663862 0.91282815289 0.15496526804 7.63534098609
2024-01-09T18:31:00.000000 429.344571885 6723.947340433 273.881834704 0.88139277747 -0.37067831277 7.63182700095
2024-01-09T18:32:00.000000 481.181413201 6685.973825859 730.789379726 0.84582700459 -0.89461333677 7.59245894503
2024-01-09T18:33:00.000000 530.764565070 6616.677581015 1184.263409139 0.80629946743 -1.41435700995 7.51742166189
2024-01-09T18:34:00.000000 577.861841172 6516.384096238 1632.173620893 0.76299711926 -1.92744650145 7.40707221352
2024-01-09T18:35:00.000000 622.252802576 6385.565732732 2072.416296864 0.71612451658 -2.43145090397 7.26193956347
2024-01-09T18:36:00.000000 663.729805633 6224.839417261 2502.924575683 0.66590360503 -2.92398552954 7.08272271976
2024-01-09T18:37:00.000000 702.099035618 6034.963400514 2921.678501872 0.61257324441 -3.40272594801 6.87028500976
2024-01-09T18:38:00.000000 737.181489572 5816.833321080 3326.714662631 0.55638805747 -3.86541849066 6.62564675715
2024-01-09T18:39:00.000000 768.813868341 5571.477692126 3716.135446553 0.49761654091 -4.30988850611 6.34998017427
2024-01-09T18:40:00.000000 796.849339224 5300.052917770 4088.118036875 0.43653857457 -4.73405078285 6.04460590820
2024-01-09T18:41:00.000000 821.158138540 5003.837481565 4440.923170077 0.37344290471 -5.13592272583 5.71098670544
2024-01-09T18:42:00.000000 841.628048252 4684.225446454 4772.903334570 0.30862545110 -5.51363602402 5.35071622863
2024-01-09T18:43:00.000000 858.164804740 4342.719361349 5082.510262890 0.24238882423 -5.86544333559 4.96550670161
2024-01-09T18:44:00.000000 870.692504615 3980.922905841 5368.301722029 0.17504228952 -6.18972189391 4.55717971111
2024-01-09T18:45:00.000000 879.153981177 3600.533266735 5628.947911017 0.10690096756 -6.48497839840 4.12766010912
2024-01-09T18:46:00.000000 883.511104842 3203.333160108 5863.237453088 0.03828391797 -6.74985660891 3.67896913168
2024-01-09T18:47:00.000000 883.744949323 2791.182361816 6070.082877505 -0.03048824428 -6.98314542258 3.21321411468
2024-01-09T18:48:00.000000 879.855816746 2366.008808995 6248.525435671 -0.09909542595 -7.18378434462 2.73257573185
2024-01-09T18:49:00.000000 871.863159398 1929.799497351 6397.739099071 -0.16721966240 -7.35086550172 2.23929575817
2024-01-09T18:50:00.000000 859.805410068 1484.591306297 6517.033938439 -0.23454642426 -7.48363406623 1.73566768064
2024-01-09T18:51:00.000000 843.739741816 1032.461768234 6605.858992686 -0.30076570080 -7.58148999667 1.22402939529
2024-01-09T18:52:00.000000 823.741771636 575.519692654 6663.804720851 -0.36557288487 -7.64399193034 0.70675482881
2024-01-09T18:53:00.000000 799.905208663 115.895506387 6690.604811516 -0.42866966232 -7.67086082022 0.18624261587
2024-01-09T18:54:00.000000 772.341443111 -344.268516668 6686.137299216 -0.48976521096 -7.66198074017 -0.33509636472
2024-01-09T18:55:00.000000 741.179050533 -802.828011680 6650.424969090 -0.54857777500 -7.61739759802 -0.85484950358
2024-01-09T18:56:00.000000 706.563197605 -1257.646202522 6583.635198228 -0.60483637236 -7.53731857769 -1.37061122125
2024-01-09T18:57:00.000000 668.654951153 -1706.603599165 6486.079242088 -0.65828213754 -7.42211265831 -1.87999304451
2024-01-09T18:58:00.000000 627.630528591 -2147.607668911 6358.210841321 -0.70866895496 -7.27230930007 -2.38063580767
2024-01-09T18:59:00.000000 583.680529540 -2578.602374538 6200.624131167 -0.75576355649 -7.08859413638 -2.87022074005
2024-01-09T19:00:00.000000 537.009156954 -2997.577378183 6014.050957303 -0.79934588107 -6.87180462187 -3.34647723513
2024-01-09T19:01:00.000000 487.833390910 -3402.577099395 5799.357790108 -0.83921039735 -6.62292842454 -3.80718975116
2024-01-09T19:02:00.000000 436.382055421 -3791.709703795 5557.542134832 -0.87516822929 -6.34310284964 -4.25020746793
2024-01-09T19:03:00.000000 382.894755299 -4163.156032316 5289.728326602 -0.90704912515 -6.03361168634 -4.67345624868
2024-01-09T19:04:00.000000 327.620723073 -4515.178190930 4997.162557627 -0.93470255760 -5.69587922763 -5.07494961309
2024-01-09T19:05:00.000000 270.817618913 -4846.127803390 4681.207349396 -0.95799817630 -5.33146411748 -5.45279792951
2024-01-09T19:06:00.000000 212.750308769 -5154.453897479 4343.335452790 -0.97682615161 -4.94205369838 -5.80521781435
2024-01-09T19:07:00.000000 153.689626536 -5438.710440701 3985.123196291 -0.99109750689 -4.52945682803 -6.13054243822
2024-01-09T19:08:00.000000 93.911114959 -5697.563339664 3608.243176938 -1.00074420284 -4.09559451282 -6.42723062249
2024-01-09T19:09:00.000000 33.693772796 -5929.796887991 3214.456521730 -1.00571910262 -3.64249050163 -6.69387366043
2024-01-09T19:10:00.000000 -26.681208275 -6134.319677179 2805.604737211 -1.00599628665 -3.17226324306 -6.92920162789
2024-01-09T19:11:00.000000 -86.931734088 -6310.170053637 2383.601198309 -1.00157183122 -2.68711746418 -7.13209093352
2024-01-09T19:12:00.000000 -146.776155685 -6456.520965593 1950.422097878 -0.99246451997 -2.18933342555 -7.30157191227
2024-01-09T19:13:00.000000 -205.934636179 -6572.684136631 1508.097049174 -0.97871595149 -1.68125457887 -7.43683444880
2024-01-09T19:14:00.000000 -264.130509478 -6658.113488120 1058.699380564 -0.96039009364 -1.16527573014 -7.53723174079
2024-01-09T19:15:00.000000 -321.091603256 -6712.407903228 604.336257272 -0.93757273708 -0.64383190454 -7.60228375809
2024-01-09T19:16:00.000000 -376.551538813 -6735.313276624 147.138545465 -0.91037113487 -0.11938662255 -7.63168073965
2024-01-09T19:17:00.000000 -430.251009580 -6726.723854120 -310.749473786 -0.87891371194 0.40558092485 -7.62528564772
2024-01-09T19:18:00.000000 -481.939037731 -6686.682761457 -767.180508075 -0.84334962734 0.92858905915 -7.58313514165
2024-01-09T19:19:00.000000 -531.374202107 -6615.381787811 -1220.014672076 -0.80384805796 1.44716680419 -7.50543943556
2024-01-09T19:20:00.000000 -578.325807079 -6513.160314358 -1667.129873099 -0.76059720501 1.95886729639 -7.39258101084
2024-01-09T19:21:00.000000 -622.574991200 -6380.503484093 -2106.432063948 -0.71380311918 2.46128099946 -7.24511160706
2024-01-09T19:22:00.000000 -663.915760102 -6218.039574531 -2535.865271086 -0.66368848151 2.95204773669 -7.06374780113
2024-01-09T19:23:00.000000 -702.155950050 -6026.536740049 -2953.421340622 -0.61049138006 3.42886746104 -6.84936621963
2024-01-09T19:24:00.000000 -737.118111915 -5806.899062525 -3357.149400987 -0.55446401460 3.88951069977 -6.60299884144
2024-01-09T19:25:00.000000 -768.640317140 -5560.162012902 -3745.165030772 -0.49587127755 4.33182927961 -6.32582761484
2024-01-09T19:26:00.000000 -796.576873967 -5287.487237604 -4115.659052918 -0.43498930424 4.75376684397 -6.01917779534
2024-01-09T19:27:00.000000 -820.798963091 -4990.156780892 -4466.905924480 -0.37210410224 5.15336850100 -5.68451022224
2024-01-09T19:28:00.000000 -841.195188133 -4669.566709037 -4797.271607345 -0.30751024089 5.52878947493 -5.32341301234
2024-01-09T19:29:00.000000 -857.672051047 -4327.220283026 -5105.220955517 -0.24150950850 5.87830275794 -4.93759284434
2024-01-09T19:30:00.000000 -870.154341248 -3964.720672143 -5389.324551309 -0.17440952286 6.20030572258 -4.52886615910
2024-01-09T19:31:00.000000 -878.585447060 -3583.763336565 -5648.265053632 -0.10652231580 6.49332612079 -4.09915061495
2024-01-09T19:32:00.000000 -882.927572972 -3186.127999417 -5880.842997802 -0.03816284615 6.75602818536 -3.65045650948
2024-01-09T19:33:00.000000 -883.161869018 -2773.670283142 -6085.982083144 0.03035262622 6.98721875491 -3.18487709587
2024-01-09T19:34:00.000000 -879.288457476 -2348.312991852 -6262.733805349 0.09870817664 7.18585219202 -2.70457746755
2024-01-09T19:35:00.000000 -871.326372034 -1912.037170346 -6410.281451014 0.16658959450 7.35103314913 -2.21178324348
2024-01-09T19:36:00.000000 -859.313420353 -1466.873039981 -6527.943397452 0.23368541412 7.48201789176 -1.70877062918
2024-01-09T19:37:00.000000 -843.305993956 -1014.890864230 -6615.175906993 0.29968783848 7.57821579221 -1.19785796030
2024-01-09T19:38:00.000000 -823.378811708 -558.191690435 -6671.575377587 0.36429387983 7.63919169173 -0.68139728126
2024-01-09T19:39:00.000000 -799.624596210 -98.897955183 -6696.880130175 0.42720675749 7.66466815952 -0.16176473506
2024-01-09T19:40:00.000000 -772.153653123 360.856018822 -6690.971502579 0.48813730692 7.65452638376 0.35864979222
2024-01-09T19:41:00.000000 -741.093379230 818.933529734 -6653.874399815 0.54680522426 7.60880587806 0.87745243253
2024-01-09T19:42:00.000000 -706.587692420 1273.204998188 -6585.757240590 0.60294021295 7.52770440174 1.39225409153
2024-01-09T19:43:00.000000 -668.796401905 1721.557469308 -6486.931444962 0.65628317665 7.41157877297 1.90067958813
2024-01-09T19:44:00.000000 -627.894494813 2161.904190316 -6357.850247324 0.70658739887 7.26094538104 2.40037842052
2024-01-09T19:45:00.000000 -584.071365183 2592.194143969 -6199.106881915 0.75361956918 7.07647858535 2.88903655249
2024-01-09T19:46:00.000000 -537.529977419 3010.421425240 -6011.432049483 0.79716071628 6.85900703890 3.36438715779
2024-01-09T19:47:00.000000 -488.485981754 3414.634375413 -5795.690826899 0.83700726270 6.60950975092 3.82421964301
2024-01-09T19:48:00.000000 -437.166750417 3802.944510961 -5552.879017246 0.87297215620 6.32911309154 4.26638835222
2024-01-09T19:49:00.000000 -383.810362684 4173.535281099 -5284.118978853 0.90488567663 6.01908774952 4.68882222565
2024-01-09T19:50:00.000000 -328.664549267 4524.670593501 -4990.654839127 0.93259580795 5.68084450845 5.08953479834
2024-01-09T19:51:00.000000 -271.985621737 4854.703093590 -4673.847147485 0.95596877432 5.31592926641 5.46663354558
2024-01-09T19:52:00.000000 -214.037338321 5162.082100914 -4335.166950029 0.97489036698 4.92601797060 5.81832927823
2024-01-09T19:53:00.000000 -155.089678695 5445.361247780 -3976.189284927 0.98926764393 4.51291035035 6.14294661536
2024-01-09T19:54:00.000000 -95.417538513 5703.205641680 -3598.586034522 0.99902975944 4.07852111097 6.43893445150
2024-01-09T19:55:00.000000 -35.299408628 5934.398473020 -3204.118205672 1.00412753305 3.62486970950 6.70487416779
2024-01-09T19:56:00.000000 24.983902129 6137.847005442 -2794.627794871 1.00453289088 3.15407128642 6.93948570338
2024-01-09T19:57:00.000000 85.150547315 6312.588098503 -2372.029285815 1.00023942843 2.66832890904 7.14163409393
2024-01-09T19:58:00.000000 144.918973287 6457.793185043 -1938.300708160 0.99126371203 2.16992415480 7.31033761241
2024-01-09T19:59:00.000000 204.009332868 6572.772661586 -1495.474201307 0.97764579099 1.66120450442 7.44477521157
2024-01-09T20:00:00.000000 262.144861613 6656.979392461 -1045.626232987 0.95944824277 1.14456967302 7.54429083373
2024-01-09T20:01:00.000000 319.053191395 6710.011506898 -590.867633264 0.93675484762 0.62245989482 7.60839553622
2024-01-09T20:02:00.000000 374.467603775 6731.614481618 -133.333487997 0.90967018408 0.09734571539 7.63677008175
2024-01-09T20:03:00.000000 428.128289610 6721.682683188 324.827135853 0.87832004708 -0.42828359723 7.62926842025
2024-01-09T20:04:00.000000 479.783629765 6680.260030948 781.461670752 0.84285161555 -0.95193411965 7.58591998401
2024-01-09T20:05:00.000000 529.191463020 6607.539859969 1234.424573337 0.80343281804 -1.47112199208 7.50692931247
2024-01-09T20:06:00.000000 576.120299378 6503.863883870 1681.587778269 0.76025121049 -1.98338652145 7.39267386189
2024-01-09T20:07:00.000000 620.350459040 6369.720491430 2120.850989253 0.71351270413 -2.48630177352 7.24370163330
2024-01-09T20:08:00.000000 661.675132160 6205.742284810 2550.151856616 0.66344011952 -2.97748828217 7.06072907264
2024-01-09T20:09:00.000000 699.901345459 6012.702921125 2967.475999100 0.61027160172 -3.45462609385 6.84463783980
2024-01-09T20:10:00.000000 734.850840822 5791.513124785 3370.866743116 0.55425935128 -3.91546820440 6.59646888299
2024-01-09T20:11:00.000000 766.360894931 5543.215963616 3758.434453484 0.49566888992 -4.35785201717 6.31741416148
2024-01-09T20:12:00.000000 794.285097885 5268.981510263 4128.365330697 0.43477830206 -4.77970770604 6.00880852465
2024-01-09T20:13:00.000000 818.494063498 4970.101071827 4478.929809423 0.37187662324 -5.17906544814 5.67212380446
2024-01-09T20:14:00.000000 838.876016885 4647.980909587 4808.490598448 0.30726136506 -5.55406461797 5.30896368370
2024-01-09T20:15:00.000000 855.337225635 4304.135381485 5115.510419838 0.24123617642 -5.90296486271 4.92105586312
2024-01-09T20:16:00.000000 867.802326623 3940.179403674 5398.559081725 0.17410959170 -6.22415564122 4.51024042053
2024-01-09T20:17:00.000000 876.214606778 3557.820490017 5656.319862222 0.10619461054 -6.51616190811 4.07845746797
2024-01-09T20:18:00.000000 880.536245505 3158.850483911 5887.595177463 0.03780795136 -6.77764757944 3.62773715943
2024-01-09T20:19:00.000000 880.748500210 2745.137152117 6091.311759963 -0.03073172325 -7.00741945088 3.16019131792
2024-01-09T20:20:00.000000 876.851746308 2318.615443091 6266.525274527 -0.09910606806 -7.20443162232 2.67800461265
2024-01-09T20:21:00.000000 868.865406423 1881.278553796 6412.424423074 -0.16699883200 -7.36778920205 2.18342506333
2024-01-09T20:22:00.000000 856.827783699 1435.168748039 6528.334439942 -0.23409689067 -7.49675167185 1.67875479938
2024-01-09T20:23:00.000000 840.795859132 982.368006951 6613.720087490 -0.30009110944 -7.59073675636 1.16634017821
2024-01-09T20:24:00.000000 820.845011060 524.988409308 6668.187937708 -0.36467750460 -7.64932355298 0.64856014137
2024-01-09T20:25:00.000000 797.068671186 65.162434264 6691.487982117 -0.42755854825 -7.67225310746 0.12781422816
2024-01-09T20:26:00.000000 769.577895548 -394.966750514 6683.514537039 -0.48844441764 -7.65942759543 -0.39348726998
2024-01-09T20:27:00.000000 738.500868611 -853.254940431 6644.306650318 -0.54705426486 -7.61091073293 -0.91293209203
2024-01-09T20:28:00.000000 703.982321358 -1307.566629607 6574.047907170 -0.60311762303 -7.52692881259 -1.42811656365
2024-01-09T20:29:00.000000 666.182869573 -1755.784739305 6473.065548533 -0.65637561517 -7.40786919000 -1.93665776027
2024-01-09T20:30:00.000000 625.278293142 -2195.820158832 6341.828908267 -0.70658176276 -7.25427600240 -2.43620357851
2024-01-09T20:31:00.000000 581.458770678 -2625.621039557 6180.947347916 -0.75350275679 -7.06684700392 -2.92443943281
2024-01-09T20:32:00.000000 534.928054693 -3043.182012949 5991.167811959 -0.79691965958 -6.84643379506 -3.39909535778
2024-01-09T20:33:00.000000 485.902566440 -3446.553432779 5773.371836896 -0.83662937834 -6.59404241747 -3.85795700295
2024-01-09T20:34:00.000000 434.610405922 -3833.850594258 5528.571818915 -0.87244586064 -6.31083049931 -4.29887897302
2024-01-09T20:35:00.000000 381.290305575 -4203.262647306 5257.906503878 -0.90420083853 -5.99810104301 -4.71979670706
2024-01-09T20:36:00.000000 326.190545312 -4553.061114936 4962.635851808 -0.93174445333 -5.65729571414 -5.11873590254
2024-01-09T20:37:00.000000 269.567826006 -4881.608017687 4644.135347548 -0.95494599093 -5.28998875395 -5.49382116337
2024-01-09T20:38:00.000000 211.686097836 -5187.363660166 4303.889820942 -0.97369464476 -4.89788056628 -5.84328480779
2024-01-09T20:39:00.000000 152.815344440 -5468.893971463 3943.486715453 -0.98790022414 -4.48279046977 -6.16547528310
2024-01-09T20:40:00.000000 93.230324603 -5724.877424227 3564.608890061 -0.99749384359 -4.04664912548 -6.45886504172
2024-01-09T20:41:00.000000 33.209278205 -5954.111464501 3169.026932564 -1.00242844000 -3.59149075971 -6.72205841780
2024-01-09T20:42:00.000000 -26.967390994 -6155.518502770 2758.591020050 -1.00267891202 -3.11944470365 -6.95379967920
2024-01-09T20:43:00.000000 -87.018429568 -6328.151321761 2335.222274530 -0.99824204895 -2.63272585974 -7.15298093369
2024-01-09T20:44:00.000000 -146.663052335 -6471.197900124 1900.903669726 -0.98913669364 -2.13362373117 -7.31864947630
2024-01-09T20:45:00.000000 -205.622274003 -6583.985504049 1457.670534754 -0.97540413469 -1.62448988976 -7.45001363952
2024-01-09T20:46:00.000000 -263.620266442 -6665.984042227 1007.600774815 -0.95710822699 -1.10772514625 -7.54644627214
2024-01-09T20:47:00.000000 -320.385699927 -6716.808657806 552.804938944 -0.93433499088 -0.58576827870 -7.60748676398
2024-01-09T20:48:00.000000 -375.653058294 -6736.221716710 95.416142685 -0.90719209854 -0.06108589217 -7.63284400376
2024-01-09T20:49:00.000000 -429.163924739 -6724.134103323 -362.420210761 -0.87580853454 0.46383970621 -7.62240050106
2024-01-09T20:50:00.000000 -480.668251048 -6680.605750929 -818.556952389 -0.84033407075 0.98652575413 -7.57621461113
2024-01-09T20:51:00.000000 -529.925571417 -6605.845175094 -1270.855645746 -0.80093813363 1.50450440497 -7.49451849431
2024-01-09T20:52:00.000000 -576.706140070 -6500.208215014 -1717.196893415 -0.75780841043 2.01533479342 -7.37771398527
2024-01-09T20:53:00.000000 -620.791992737 -6364.196079544 -2155.490421546 -0.71114983702 2.51661299590 -7.22636984727
2024-01-09T20:54:00.000000 -661.977963061 -6198.452849097 -2583.685053264 -0.66118392065 3.00598342333 -7.04122004127
2024-01-09T20:55:00.000000 -700.072649067 -6003.762152139 -2999.778516485 -0.60814776697 3.48115194856 -6.82315990374
2024-01-09T20:56:00.000000 -734.899305865 -5781.043126332 -3401.826939659 -0.55229256527 3.93989779838 -6.57323956938
2024-01-09T20:57:00.000000 -766.296642323 -5531.345695972 -3787.953929465 -0.49388201083 4.38008296541 -6.29265720020
2024-01-09T20:58:00.000000 -794.119532162 -5255.845374530 -4156.359279806 -0.43319104657 4.79966121477 -5.98275319841
2024-01-09T20:59:00.000000 -818.239655038 -4955.837447311 -4505.327319301 -0.37050472990 5.19668815194 -5.64500377316
2024-01-09T21:00:00.000000 -838.546063284 -4632.730559624 -4833.234815649 -0.30611682408 5.56933095578 -5.28101239604
2024-01-09T21:01:00.000000 -854.945655647 -4288.039770817 -5138.558320263 -0.24032819051 5.91587622129 -4.89250025501
2024-01-09T21:02:00.000000 -867.363559094 -3923.379201771 -5419.880958214 -0.17344535793 6.23473641022 -4.48129706265
2024-01-09T21:03:00.000000 -875.743433324 -3540.454303158 -5675.898669057 -0.10577937942 6.52445596288 -4.04933200947
2024-01-09T21:04:00.000000 -880.047707482 -3141.053755255 -5905.425892281 -0.03764459532 6.78371681862 -3.59862425267
2024-01-09T21:05:00.000000 -880.257727099 -2727.041079222 -6107.400671641 0.03064310338 7.01134294594 -3.13127336412
2024-01-09T21:06:00.000000 -876.373784915 -2300.345995110 -6280.889205207 0.09876838774 7.20630439048 -2.64945001296
2024-01-09T21:07:00.000000 -868.415029504 -1862.955545749 -6425.089827216 0.16641831016 7.36772116330 -2.15538616530
2024-01-09T21:08:00.000000 -856.419290112 -1416.904993961 -6539.336362350 0.23328323681 7.49486617090 -1.65136450273
2024-01-09T21:09:00.000000 -840.442865911 -964.268599694 -6623.100855131 0.29905711517 7.58716672454 -1.13970814838
2024-01-09T21:10:00.000000 -820.560299785 -507.150327211 -6675.995720040 0.36343799983 7.64420548768 -0.62277157615
2024-01-09T21:11:00.000000 -796.864097030 -47.674494278 -6697.775374109 0.42612954973 7.66572180535 -0.10293208011
2024-01-09T21:12:00.000000 -769.464319113 412.023683965 -6688.337330846 0.48684315910 7.65161315160 0.41741923225
2024-01-09T21:13:00.000000 -738.488065730 869.807609476 -6647.722742835 0.54529973492 7.60193611354 0.93588705052
2024-01-09T21:14:00.000000 -704.078872048 1323.548868641 -6576.116356399 0.60123061515 7.51690696687 1.45008180922
2024-01-09T21:15:00.000000 -666.396068046 1771.136820510 -6473.845869361 0.65437807680 7.39690187759 1.95763015467
2024-01-09T21:16:00.000000 -625.614098645 2210.488175639 -6341.380614510 0.70449618607 7.24245609693 2.45618594556
2024-01-09T21:17:00.000000 -581.921778240 2639.556477591 -6179.329603653 0.75135214540 7.05426168191 2.94344109197
2024-01-09T21:18:00.000000 -535.521459713 3056.341415206 -5988.438935466 0.79472769696 6.83316416278 3.41713553318
2024-01-09T21:19:00.000000 -486.628127638 3458.897924421 -5769.588654073 0.83442014205 6.58015894835 3.87506629003
2024-01-09T21:20:00.000000 -435.468444957 3845.345080507 -5523.789051006 0.87024303748 6.29638810546 4.31509600492
2024-01-09T21:21:00.000000 -382.279754732 4213.874814793 -5252.176469818 0.90202696548 5.98313772388 4.73516191709
2024-01-09T21:22:00.000000 -327.309028757 4562.760469068 -4956.008513434 0.92962054228 5.64183497808 5.13328644743
2024-01-09T21:23:00.000000 -270.811757054 4890.365136328 -4636.658602696 0.95289139052 5.27404282708 5.50758908254
2024-01-09T21:24:00.000000 -213.050784698 5195.149549694 -4295.609793504 0.97172676519 4.88145177857 5.85629687606
2024-01-09T21:25:00.000000 -154.295120372 5475.679487490 -3934.448122721 0.98603408093 4.46587124713 6.17775161667
2024-01-09T21:26:00.000000 -94.818703107 5730.632684514 -3554.855496059 0.99574172734 4.02922345908 6.47041605493
2024-01-09T21:27:00.000000 -34.899115248 5958.805480446 -3158.602237868 1.00080000827 3.57353797533 6.73288292971
2024-01-09T21:28:00.000000 25.183747593 6159.118987494 -2747.538916550 1.00118148155 3.10094268078 6.96388601048
2024-01-09T21:29:00.000000 85.149000482 6330.624629141 -2323.587636803 0.99688058772 2.61365115360 7.16230833972
2024-01-09T21:30:00.000000 144.716079212 6472.508916082 -1888.732910081 0.98791352796 2.11395128372 7.32718643439
2024-01-09T21:31:00.000000 203.606059465 6584.097647848 -1445.012366532 0.97431901214 1.60419654632 7.45771481927
2024-01-09T21:32:00.000000 261.543036769 6664.859551665 -994.507035820 0.95615901289 1.08679561301 7.55325358121
2024-01-09T21:33:00.000000 318.255509514 6714.409153737 -539.331208668 0.93351816054 0.56419708845 7.61333458211
2024-01-09T21:34:00.000000 373.477697533 6732.508698921 -81.622073903 0.90650212623 0.03887391578 7.63766205048
2024-01-09T21:35:00.000000 426.950763160 6719.069255334 376.470546564 0.87523668245 -0.48668748722 7.62611064082
2024-01-09T21:36:00.000000 478.424024131 6674.151270361 832.794441457 0.83986812347 -1.00999572233 7.57872694265
2024-01-09T21:37:00.000000 527.656204692 6597.964522186 1285.205464530 0.80056357074 -1.52856707498 7.49573336538
2024-01-09T21:38:00.000000 574.416656975 6490.867171208 1731.578098962 0.75750984569 -2.03994216626 7.37752813435
2024-01-09T21:39:00.000000 618.486485886 6353.363832835 2169.815876351 0.71091165872 -2.54170037674 7.22468021796
2024-01-09T21:40:00.000000 659.659587351 6186.102939654 2597.861456270 0.66099059234 -3.03146991488 7.03792439943
2024-01-09T21:41:00.000000 697.743648767 5989.873513343 3013.706506732 0.60798460708 -3.50693835628 6.81815894117
2024-01-09T21:42:00.000000 732.561091346 5765.601201831 3415.401392972 0.55214657977 -3.96586642125 6.56644164050
2024-01-09T21:43:00.000000 763.949896044 5514.343479593 3801.064549733 0.49374179823 -4.40610080795 6.28398147794
2024-01-09T21:44:00.000000 791.764280434 5237.284227130 4168.891239345 0.43304605490 -4.82558237298 5.97212941837
2024-01-09T21:45:00.000000 815.875315740 4935.727893338 4517.161899596 0.37034523682 -5.22235276273 5.63237249852
2024-01-09T21:46:00.000000 836.171517773 4611.093156308 4844.250123415 0.30593511041 -5.59456425230 5.26632876609
2024-01-09T21:47:00.000000 852.559418877 4264.905958089 5148.630342191 0.24011972469 -5.94049126474 4.87573845269
2024-01-09T21:48:00.000000 864.963969111 3898.791886300 5428.884742753 0.17320867208 -6.25853858046 4.46245174043
2024-01-09T21:49:00.000000 873.328802003 3514.468232386 5683.709547339 0.10551477457 -6.54724548361 4.02841767417
2024-01-09T21:50:00.000000 877.616381557 3113.735785002 5911.920652713 0.03735288398 -6.80528942075 3.57567574157
2024-01-09T21:51:00.000000 877.808109802 2698.470442231 6112.458860597 -0.03096087842 -7.03149111403 3.10634763808
2024-01-09T21:52:00.000000 873.904366224 2270.614414861 6284.394490498 -0.09911016651 -7.22481967246 2.62262775934
2024-01-09T21:53:00.000000 865.924486366 1832.167216311 6426.931467401 -0.16677973300 -7.38439680092 2.12677319928
2024-01-09T21:54:00.000000 853.906650646 1385.176371021 6539.410746173 -0.23365681914 -7.50950069366 1.62109352645
2024-01-09T21:55:00.000000 837.907696807 931.727946055 6621.313178610 -0.29943262675 -7.59956921277 1.10793945529
2024-01-09T21:56:00.000000 818.002832303 473.936907203 6672.261581923 -0.36380380275 -7.65420092975 0.58969119223
2024-01-09T21:57:00.000000 794.285272564 13.937502574 6692.022230031 -0.42647366221 -7.67315466663 0.06874845664
2024-01-09T21:58:00.000000 766.865807266 -446.126372793 6680.505726762 -0.48715313083 -7.65634993065 -0.45247808842
2024-01-09T21:59:00.000000 735.872320083 -904.110846227 6637.767423994 -0.54556177545 -7.60386842136 -0.97157674543
2024-01-09T22:00:00.000000 701.449225709 -1357.881815625 6564.007110411 -0.60142923485 -7.51595385454 -1.48614650456
2024-01-09T22:01:00.000000 663.756819064 -1805.324600659 6459.568034362 -0.65449676861 -7.39300918650 -1.99380778251
2024-01-09T22:02:00.000000 622.970537647 -2244.353400548 6324.935370922 -0.70451855671 -7.23559382864 -2.49221054853
2024-01-09T22:03:00.000000 579.280154757 -2672.920649757 6160.734222572 -0.75126271185 -7.04442311599 -2.97904215118
2024-01-09T22:04:00.000000 532.888916178 -3089.026389112 5967.727074928 -0.79451219565 -6.82036824844 -3.45203765369
2024-01-09T22:05:00.000000 484.012622411 -3490.727548391 5746.810579556 -0.83406567778 -6.56445374926 -3.90899174015
2024-01-09T22:06:00.000000 432.878663834 -3876.147010919 5499.011646827 -0.86973828171 -6.27785264947 -4.34776942286
2024-01-09T22:07:00.000000 379.725011649 -4243.482376419 5225.482945738 -0.90136233736 -5.96188177377 -4.76631521999
2024-01-09T22:08:00.000000 324.799157383 -4591.014468457 4927.497849390 -0.92878833043 -5.61799756935 -5.16266292203
2024-01-09T22:09:00.000000 268.356992860 -4917.115544343 4606.444749709 -0.95188594312 -5.24779045191 -5.53494659881
2024-01-09T22:10:00.000000 210.661631836 -5220.257111026 4263.820723324 -0.97054485835 -4.85297668479 -5.88141092920
2024-01-09T22:11:00.000000 151.982194954 -5499.017200762 3901.224643591 -0.98467521732 -4.43538938140 -6.20041909347
2024-01-09T22:12:00.000000 92.592570860 -5752.087142922 3520.349885047 -0.99420803607 -3.99697072822 -6.49045902448
2024-01-09T22:13:00.000000 32.770145008 -5978.277893701 3122.976630033 -0.99909587844 -3.53976541116 -6.75015022582
2024-01-09T22:14:00.000000 -27.205517488 -6176.525998092 2710.963740178 -0.99931362819 -3.06591330841 -6.97825225655
2024-01-09T22:15:00.000000 -87.054025610 -6345.899009278 2286.240071668 -0.99485888456 -2.57763965031 -7.17367383882
2024-01-09T22:16:00.000000 -146.495521366 -6485.600250654 1850.795287576 -0.98575176693 -2.07724267256 -7.33548044551
2024-01-09T22:17:00.000000 -205.252018883 -6594.972798445 1406.670288070 -0.97203444930 -1.56708066432 -7.46289910696
2024-01-09T22:18:00.000000 -263.048716025 -6673.502735437 955.947434087 -0.95377089248 -1.04956020585 -7.55532136471
2024-01-09T22:19:00.000000 -319.615302273 -6720.821717706 500.740582072 -0.93104687625 -0.52712539245 -7.61230647167
2024-01-09T22:20:00.000000 -374.687268918 -6736.708881463 43.184899255 -0.90396995514 -0.00224587121 -7.63358527711
2024-01-09T22:21:00.000000 -428.007201771 -6721.091951801 -414.573508341 -0.87266894992 0.52259734127 -7.61906265355
2024-01-09T22:22:00.000000 -479.326030792 -6674.047496501 -870.388037802 -0.83729298166 1.04492621545 -7.56881667087
2024-01-09T22:23:00.000000 -528.404214257 -6595.800370157 -1322.121897317 -0.79801036188 1.56227758491 -7.48309582419
2024-01-09T22:24:00.000000 -575.012859886 -6486.722530349 -1767.658273232 -0.75500759764 2.07221299717 -7.36231737092
2024-01-09T22:25:00.000000 -618.934789390 -6347.331219474 -2204.910438431 -0.70848854569 2.57232975420 -7.20706722390
2024-01-09T22:26:00.000000 -659.965557358 -6178.286437935 -2631.831861023 -0.65867362136 3.06027467967 -7.01809859277
2024-01-09T22:27:00.000000 -697.914418221 -5980.387527446 -3046.426104420 -0.60579890184 3.53375850950 -6.79632692734
2024-01-09T22:28:00.000000 -732.605231917 -5754.568963300 -3446.756334917 -0.55011492792 3.99056794064 -6.54282225927
2024-01-09T22:29:00.000000 -763.877286138 -5501.895487334 -3830.954363854 -0.49188515225 4.42857503794 -6.25880165188
2024-01-09T22:30:00.000000 -791.586021900 -5223.556752360 -4197.229274595 -0.43138429592 4.84574580955 -5.94562261346
2024-01-09T22:31:00.000000 -815.603666649 -4920.861412361 -4543.875649120 -0.36889700157 5.24014906989 -5.60477642963
2024-01-09T22:32:00.000000 -835.819797522 -4595.230685451 -4869.281373119 -0.30471671802 5.60996529539 -5.23788046413
2024-01-09T22:33:00.000000 -852.141826467 -4248.191395393 -5171.934932889 -0.23914426601 5.95349495632 -4.84666939086
2024-01-09T22:34:00.000000 -864.495387424 -3881.368553270 -5450.432177890 -0.17248583263 6.26916589728 -4.43298550539
2024-01-09T22:35:00.000000 -872.824595292 -3496.477531060 -5703.482470556 -0.10505095120 6.55553913517 -3.99876852026
2024-01-09T22:36:00.000000 -877.092204428 -3095.315939315 -5929.914237619 -0.03715124832 6.81131299005 -3.54604599892
2024-01-09T22:37:00.000000 -877.279711409 -2679.755269186 -6128.679978203 0.03090016688 7.03532698814 -3.07692509407
2024-01-09T22:38:00.000000 -873.387424549 -2251.732283079 -6298.860807368 0.09878959692 7.22656689128 -2.59358419324
2024-01-09T22:39:00.000000 -865.434452658 -1813.240082051 -6439.670429942 0.16620444258 7.38416981650 -2.09826246053
2024-01-09T22:40:00.000000 -853.458579477 -1366.318925462 -6550.458420075 0.23283503566 7.50742689428 -1.59324782921
2024-01-09T22:41:00.000000 -837.516048758 -913.046975049 -6630.712816893 0.29837580108 7.59578324255 -1.08086649627
2024-01-09T22:42:00.000000 -817.681298940 -455.531070930 -6680.062184182 0.36252597606 7.64883804435 -0.56347520954
2024-01-09T22:43:00.000000 -794.046643659 4.102567049 -6698.277234455 0.42499079759 7.66634692139 -0.04345407604
2024-01-09T22:44:00.000000 -766.721855114 463.717838254 -6685.271954136 0.48548334719 7.64822510406 0.47680295910
2024-01-09T22:45:00.000000 -735.833642997 921.178379867 -6641.104094538 0.54372618185 7.59454865160 0.99489956138
2024-01-09T22:46:00.000000 -701.525058914 1374.357197094 -6565.974982860 0.59945208294 7.50555352220 1.50844794027
2024-01-09T22:47:00.000000 -663.954872782 1821.146217914 -6460.228715957 0.65240438487 7.38163444833 2.01507848861
2024-01-09T22:48:00.000000 -623.296918253 2259.465805202 -6324.350779128 0.70233784100 7.22334430432 2.51244960007
2024-01-09T22:49:00.000000 -579.739363650 2687.274201005 -6158.966044708 0.74902017691 7.03139254106 2.99825837599
2024-01-09T22:50:00.000000 -533.483884510 3102.576832426 -5964.836134531 0.79223365882 6.80664188568 3.47025104638
2024-01-09T22:51:00.000000 -484.744755973 3503.435392650 -5742.856196141 0.83177611967 6.55010446036 3.92623200268
2024-01-09T22:52:00.000000 -433.747900610 3887.976706502 -5494.051159870 0.86746162323 6.26293874255 4.36407222368
2024-01-09T22:53:00.000000 -380.729891538 4254.401430672 -5219.571465501 0.89912121326 5.94644703538 4.78171861885
2024-01-09T22:54:00.000000 -325.936906560 4600.992592250 -4920.688196236 0.92660384959 5.60207193928 5.17720471853
2024-01-09T22:55:00.000000 -269.623625856 4926.123854184 -4598.787551205 0.94977731535 5.23139072150 5.54866174829
2024-01-09T22:56:00.000000 -212.052078759 5228.267365603 -4255.364663450 0.96852895051 4.83610785358 5.89432872246
2024-01-09T22:57:00.000000 -153.490450651 5506.001161981 -3892.016887527 0.98276634608 4.41804687718 6.21256079083
2024-01-09T22:58:00.000000 -94.211844559 5758.016064532 -3510.436584504 0.99241810544 3.97914303546 6.50183651200
2024-01-09T22:59:00.000000 -34.492997723 5983.122204134 -3112.403527823 0.99743461949 3.52143641651 6.76076570221
2024-01-09T23:00:00.000000 25.387043947 6180.255058549 -2699.776726036 0.99778857969 3.04706388719 6.98809857486
2024-01-09T23:01:00.000000 85.148266708 6348.480961535 -2274.485740180 0.99347503119 2.55824831367 7.18273461421
2024-01-09T23:02:00.000000 144.511025814 6487.001885466 -1838.521512286 0.98451112830 2.05728625317 7.34372900021
2024-01-09T23:03:00.000000 203.197363008 6595.159521055 -1393.926900995 0.97093599837 1.54653642466 7.47029678509
2024-01-09T23:04:00.000000 260.932331182 6672.438682426 -942.786961718 0.95281089232 1.02840929083 7.56181706019
2024-01-09T23:05:00.000000 317.445325371 6718.470088940 -487.218958168 0.93021927691 0.50535563336 7.61783783357
2024-01-09T23:06:00.000000 372.471406747 6733.032373238 -29.362113220 0.90326648108 -0.02014689289 7.63807979848
2024-01-09T23:07:00.000000 425.752596121 6716.053299428 428.632817550 0.87207902924 -0.54560743753 7.62243760968
2024-01-09T23:08:00.000000 477.039126665 6667.610160870 884.613971852 0.83680408611 -1.06853426711 7.57097988889
2024-01-09T23:09:00.000000 526.090670703 6587.929492274 1336.438838009 0.79760898032 -1.58644677175 7.48394958206
2024-01-09T23:10:00.000000 572.677520660 6477.385981054 1781.984698752 0.75468026785 -2.09688901285 7.36176379854
2024-01-09T23:11:00.000000 616.581704256 6336.500588347 2219.159045056 0.70822218384 -2.59744399977 7.20501122394
2024-01-09T23:12:00.000000 657.597992708 6165.937791541 2645.909708194 0.65845513996 -3.08574644703 7.01444721355
2024-01-09T23:13:00.000000 695.534849067 5966.502171775 3060.234715671 0.60561495949 -3.55949361369 6.79098858304
2024-01-09T23:14:00.000000 730.215333818 5739.134311416 3460.191814738 0.54995252290 -4.01645602950 6.53570876218
2024-01-09T23:15:00.000000 761.477996911 5484.906100364 3843.907731355 0.49173277901 -4.45448888882 6.24983202934
2024-01-09T23:16:00.000000 789.177652805 5205.015292124 4209.586982687 0.43123262030 -4.87154275977 5.93472609151
2024-01-09T23:17:00.000000 813.186024263 4900.779528293 4555.520258430 0.36873835049 -5.26567255009 5.59189412508
2024-01-09T23:18:00.000000 833.392245602 4573.629803808 4880.092300304 0.30454383878 -5.63504558689 5.22296722981
2024-01-09T23:19:00.000000 849.703286427 4225.103513898 5181.789372465 0.23894960824 -5.97794999906 4.82969643686
2024-01-09T23:20:00.000000 862.044331376 3856.836923495 5459.206155491 0.17226218140 -6.29280287919 4.41394314603
2024-01-09T23:21:00.000000 870.359109950 3470.557242035 5711.052063348 0.10479294968 -6.57815684610 3.97766843361
2024-01-09T23:22:00.000000 874.610140523 3068.074321055 5936.156898280 0.03685652643 -6.83270474768 3.52292289355
2024-01-09T23:23:00.000000 874.778871779 2651.272147739 6133.475966319 -0.03123095948 -7.05528375824 3.05183760387
2024-01-09T23:24:00.000000 870.865729076 2222.100027880 6302.094628788 -0.09915329262 -7.24488000066 2.56661532781
2024-01-09T23:25:00.000000 862.890081134 1782.563509411 6441.232322156 -0.16659550434 -7.40063341852 2.06952048229
2024-01-09T23:26:00.000000 850.890118505 1334.715030779 6550.245902439 -0.23324537398 -7.52184149409 1.56286765157
2024-01-09T23:27:00.000000 834.922644733 880.644410667 6628.632323199 -0.29879499546 -7.60796085450 1.04900997698
2024-01-09T23:28:00.000000 815.062774198 422.469290308 6676.030617882 -0.36294205718 -7.65860745495 0.53032896674
2024-01-09T23:29:00.000000 791.403570024 -37.674436822 6692.223348810 -0.42539077860 -7.67355704355 0.00922566683
2024-01-09T23:30:00.000000 764.055619703 -497.642247013 6677.137482870 -0.48585288714 -7.65274658692 -0.51188860352
2024-01-09T23:31:00.000000 733.146550601 -955.290702314 6630.844720877 -0.54404899369 -7.59627522054 -1.03060298032
2024-01-09T23:32:00.000000 698.820446654 -1408.487156031 6553.561124919 -0.59971019253 -7.50440329971 -1.54451815413
2024-01-09T23:33:00.000000 661.237175582 -1855.119371543 6445.646111378 -0.65257942520 -7.37755035399 -2.05125601382
2024-01-09T23:34:00.000000 620.571648548 -2293.105019723 6307.600940432 -0.70241246094 -7.21629370091 -2.54846825372
2024-01-09T23:35:00.000000 577.013025485 -2720.401128112 6140.066644159 -0.74897870868 -7.02136783697 -3.03384590620
2024-01-09T23:36:00.000000 530.763871814 -3135.013474444 5943.821336288 -0.79206205518 -6.79366274534 -3.50513041717
2024-01-09T23:37:00.000000 482.039263816 -3535.005811548 5719.776848709 -0.83146170288 -6.53422026743 -3.96012466436
2024-01-09T23:38:00.000000 431.065845868 -3918.508848943 5468.974752455 -0.86699299690 -6.24422970193 -4.39670276901
2024-01-09T23:39:00.000000 378.080834517 -4283.728973935 5192.581802317 -0.89848837698 -5.92502369954 -4.81281952997
2024-01-09T23:40:00.000000 323.330958403 -4628.956723350 4891.884791858 -0.92579851468 -5.57807361894 -5.20652052955
2024-01-09T23:41:00.000000 267.071330507 -4952.574920462 4568.284798347 -0.94879343791 -5.20498326293 -5.57595227693
2024-01-09T23:42:00.000000 209.564259090 -5253.066407539 4223.290851111 -0.96736339140 -4.80748148246 -5.91937132462
2024-01-09T23:43:00.000000 151.078016988 -5529.021323769 3858.513078976 -0.98141937447 -4.38741471351 -6.23515256478
2024-01-09T23:44:00.000000 91.885586144 -5779.143933541 3475.655359187 -0.99089346919 -3.94673931306 -6.52179751921
2024-01-09T23:45:00.000000 32.263384891 -6002.258963354 3076.507473226 -0.99573907642 -3.48751299168 -6.77794242114
2024-01-09T23:46:00.000000 -27.510018009 -6197.317413648 2662.936804145 -0.99593116351 -3.01188551131 -7.00236549525
2024-01-09T23:47:00.000000 -87.155207097 -6363.401796901 2236.879614506 -0.99146661728 -2.52208915341 -7.19399369961
2024-01-09T23:48:00.000000 -146.393249012 -6499.730785871 1800.331916514 -0.98236466957 -2.02042847143 -7.35190948186
2024-01-09T23:49:00.000000 -204.947041476 -6605.663199150 1355.339954017 -0.96866716295 -1.50926855907 -7.47535693767
2024-01-09T23:50:00.000000 -262.542668948 -6680.701262160 903.990358318 -0.95043840823 -0.99102231793 -7.56374631651
2024-01-09T23:51:00.000000 -318.910735200 -6724.493095690 448.400085864 -0.92776459820 -0.46813787760 -7.61665692561
2024-01-09T23:52:00.000000 -373.787651383 -6736.834458863 -9.293792570 -0.90075299606 0.05691368067 -7.63383927427
2024-01-09T23:53:00.000000 -426.916877895 -6717.669745850 -466.944408996 -0.86953121529 0.58165085246 -7.61521645891
2024-01-09T23:54:00.000000 -478.050131414 -6667.092239597 -922.405466434 -0.83424680469 1.10359431840 -7.56088433467
2024-01-09T23:55:00.000000 -526.948574574 -6585.343616492 -1373.541587105 -0.79506704935 1.62027911443 -7.47111088370
2024-01-09T23:56:00.000000 -573.383990023 -6472.812710974 -1818.238620596 -0.75217853574 2.12926701871 -7.34633547952
2024-01-09T23:57:00.000000 -617.139908242 -6330.033508830 -2254.413877152 -0.70578603541 2.62816009999 -7.18716710032
2024-01-09T23:58:00.000000 -658.012649982 -6157.682318845 -2680.026191084 -0.65611081546 3.11461435818 -6.99437995013
2024-01-09T23:59:00.000000 -695.812265254 -5956.574182298 -3093.085652829 -0.60338901315 3.58635122465 -6.76890704472
2024-01-10T00:00:00.000000 -730.363388617 -5727.658650237 -3491.662940060 -0.54787048999 4.04116699119 -6.51183425555